league_id,season,week,roster_id,capacity,reserve_capacity,active_min,active_max,nonactive_min,nonactive_max,QB_min,QB_max,RB_min,RB_max,WR_min,WR_max,TE_min,TE_max,status,reason
920523240571850752,2023,3,1,24,8,21.0,24.0,5.0,8.0,1.0,5.0,2.0,4.0,5.0,13.0,1.0,7.0,conditional_bounds,
920523240571850752,2023,3,2,24,8,18.0,24.0,2.0,8.0,1.0,2.0,2.0,7.0,5.0,13.0,3.0,4.0,conditional_bounds,
920523240571850752,2023,3,3,24,8,20.0,24.0,4.0,8.0,1.0,3.0,5.0,13.0,4.0,7.0,2.0,5.0,conditional_bounds,
920523240571850752,2023,3,4,24,8,20.0,24.0,4.0,8.0,1.0,8.0,4.0,6.0,2.0,9.0,2.0,5.0,conditional_bounds,
920523240571850752,2023,3,5,24,8,17.0,24.0,1.0,8.0,1.0,3.0,2.0,8.0,4.0,10.0,2.0,4.0,conditional_bounds,
920523240571850752,2023,3,6,24,8,23.0,24.0,7.0,8.0,1.0,2.0,11.0,17.0,4.0,7.0,2.0,3.0,conditional_bounds,
920523240571850752,2023,3,7,24,8,21.0,24.0,5.0,8.0,1.0,4.0,3.0,9.0,4.0,12.0,1.0,4.0,conditional_bounds,
920523240571850752,2023,3,8,24,8,22.0,24.0,6.0,8.0,1.0,3.0,2.0,7.0,8.0,16.0,1.0,4.0,conditional_bounds,
920523240571850752,2023,3,9,24,8,18.0,24.0,2.0,8.0,1.0,3.0,3.0,8.0,4.0,11.0,1.0,4.0,conditional_bounds,
920523240571850752,2023,3,10,24,8,19.0,24.0,3.0,8.0,1.0,3.0,3.0,8.0,5.0,13.0,1.0,3.0,conditional_bounds,
920523240571850752,2023,3,11,24,8,20.0,24.0,4.0,8.0,1.0,3.0,4.0,12.0,3.0,8.0,2.0,5.0,conditional_bounds,
920523240571850752,2023,3,12,24,8,23.0,24.0,7.0,8.0,1.0,4.0,2.0,9.0,5.0,13.0,1.0,5.0,conditional_bounds,
920523240571850752,2023,4,1,24,8,21.0,24.0,5.0,8.0,1.0,5.0,2.0,4.0,5.0,13.0,2.0,7.0,conditional_bounds,
920523240571850752,2023,4,2,24,8,18.0,24.0,2.0,8.0,1.0,2.0,2.0,7.0,5.0,13.0,3.0,4.0,conditional_bounds,
920523240571850752,2023,4,3,24,8,20.0,24.0,4.0,8.0,1.0,3.0,5.0,13.0,4.0,7.0,2.0,5.0,conditional_bounds,
920523240571850752,2023,4,4,24,8,20.0,24.0,4.0,8.0,1.0,8.0,4.0,6.0,2.0,9.0,2.0,5.0,conditional_bounds,
920523240571850752,2023,4,5,24,8,17.0,24.0,1.0,8.0,1.0,3.0,2.0,8.0,5.0,10.0,1.0,4.0,conditional_bounds,
920523240571850752,2023,4,6,24,8,21.0,24.0,5.0,8.0,1.0,2.0,9.0,17.0,4.0,7.0,2.0,3.0,conditional_bounds,
920523240571850752,2023,4,7,24,8,21.0,24.0,5.0,8.0,1.0,4.0,3.0,9.0,4.0,12.0,1.0,4.0,conditional_bounds,
920523240571850752,2023,4,8,24,8,22.0,24.0,6.0,8.0,1.0,3.0,3.0,7.0,8.0,16.0,1.0,4.0,conditional_bounds,
920523240571850752,2023,4,9,24,8,18.0,24.0,2.0,8.0,1.0,3.0,3.0,8.0,3.0,11.0,2.0,4.0,conditional_bounds,
920523240571850752,2023,4,10,24,8,18.0,24.0,2.0,8.0,1.0,3.0,3.0,8.0,4.0,12.0,1.0,3.0,conditional_bounds,
920523240571850752,2023,4,11,24,8,20.0,24.0,4.0,8.0,1.0,3.0,4.0,12.0,3.0,8.0,2.0,5.0,conditional_bounds,
920523240571850752,2023,4,12,24,8,23.0,24.0,7.0,8.0,1.0,4.0,2.0,9.0,5.0,13.0,1.0,5.0,conditional_bounds,
920523240571850752,2023,5,1,24,8,21.0,24.0,5.0,8.0,1.0,5.0,2.0,4.0,5.0,13.0,2.0,7.0,conditional_bounds,
920523240571850752,2023,5,2,24,8,18.0,24.0,2.0,8.0,1.0,2.0,2.0,7.0,5.0,13.0,2.0,4.0,conditional_bounds,
920523240571850752,2023,5,3,24,8,20.0,24.0,4.0,8.0,1.0,3.0,5.0,13.0,4.0,7.0,2.0,5.0,conditional_bounds,
920523240571850752,2023,5,4,24,8,20.0,24.0,4.0,8.0,1.0,8.0,3.0,6.0,3.0,9.0,2.0,5.0,conditional_bounds,
920523240571850752,2023,5,5,24,8,17.0,24.0,1.0,8.0,1.0,3.0,2.0,8.0,4.0,10.0,2.0,4.0,conditional_bounds,
920523240571850752,2023,5,6,24,8,20.0,24.0,4.0,8.0,1.0,4.0,5.0,13.0,3.0,7.0,2.0,4.0,conditional_bounds,
920523240571850752,2023,5,7,24,8,21.0,24.0,5.0,8.0,1.0,4.0,3.0,9.0,4.0,12.0,1.0,4.0,conditional_bounds,
920523240571850752,2023,5,8,24,8,22.0,24.0,6.0,8.0,1.0,3.0,3.0,7.0,8.0,16.0,1.0,4.0,conditional_bounds,
920523240571850752,2023,5,9,24,8,18.0,24.0,2.0,8.0,1.0,3.0,3.0,8.0,4.0,11.0,1.0,4.0,conditional_bounds,
920523240571850752,2023,5,10,24,8,18.0,24.0,2.0,8.0,1.0,3.0,2.0,8.0,5.0,12.0,1.0,3.0,conditional_bounds,
920523240571850752,2023,5,11,24,8,20.0,24.0,4.0,8.0,1.0,3.0,4.0,12.0,3.0,8.0,2.0,5.0,conditional_bounds,
920523240571850752,2023,5,12,24,8,23.0,24.0,7.0,8.0,1.0,4.0,2.0,9.0,5.0,13.0,1.0,5.0,conditional_bounds,
920523240571850752,2023,6,1,24,8,13.0,21.0,0.0,8.0,1.0,5.0,2.0,3.0,4.0,7.0,2.0,6.0,conditional_bounds,
920523240571850752,2023,6,2,24,8,17.0,24.0,1.0,8.0,1.0,2.0,3.0,6.0,5.0,13.0,2.0,4.0,conditional_bounds,
920523240571850752,2023,6,3,24,8,20.0,24.0,4.0,8.0,1.0,3.0,4.0,12.0,4.0,8.0,2.0,5.0,conditional_bounds,
920523240571850752,2023,6,4,24,8,20.0,24.0,4.0,8.0,1.0,8.0,3.0,6.0,4.0,9.0,1.0,5.0,conditional_bounds,
920523240571850752,2023,6,5,24,8,15.0,23.0,0.0,8.0,1.0,3.0,2.0,7.0,5.0,10.0,1.0,3.0,conditional_bounds,
920523240571850752,2023,6,6,24,8,21.0,24.0,5.0,8.0,1.0,4.0,7.0,15.0,4.0,7.0,1.0,3.0,conditional_bounds,
920523240571850752,2023,6,7,24,8,21.0,24.0,5.0,8.0,1.0,4.0,2.0,9.0,5.0,12.0,1.0,4.0,conditional_bounds,
920523240571850752,2023,6,8,24,8,23.0,24.0,7.0,8.0,1.0,3.0,2.0,7.0,9.0,17.0,1.0,4.0,conditional_bounds,
920523240571850752,2023,6,9,24,8,18.0,24.0,2.0,8.0,1.0,3.0,3.0,8.0,4.0,11.0,1.0,4.0,conditional_bounds,
920523240571850752,2023,6,10,24,8,18.0,24.0,2.0,8.0,1.0,3.0,3.0,9.0,4.0,12.0,1.0,2.0,conditional_bounds,
920523240571850752,2023,6,11,24,8,20.0,24.0,4.0,8.0,1.0,3.0,4.0,12.0,4.0,8.0,2.0,5.0,conditional_bounds,
920523240571850752,2023,6,12,24,8,22.0,24.0,6.0,8.0,1.0,4.0,2.0,9.0,5.0,13.0,1.0,4.0,conditional_bounds,
920523240571850752,2023,7,1,24,8,13.0,21.0,0.0,8.0,1.0,5.0,2.0,3.0,4.0,8.0,2.0,5.0,conditional_bounds,
920523240571850752,2023,7,2,24,8,17.0,24.0,1.0,8.0,1.0,2.0,2.0,6.0,5.0,13.0,2.0,4.0,conditional_bounds,
920523240571850752,2023,7,3,24,8,20.0,24.0,4.0,8.0,1.0,3.0,4.0,12.0,4.0,8.0,1.0,5.0,conditional_bounds,
920523240571850752,2023,7,4,24,8,20.0,24.0,4.0,8.0,1.0,8.0,5.0,6.0,2.0,9.0,1.0,5.0,conditional_bounds,
920523240571850752,2023,7,5,24,8,15.0,23.0,0.0,8.0,1.0,3.0,2.0,7.0,4.0,10.0,2.0,3.0,conditional_bounds,
920523240571850752,2023,7,6,24,8,22.0,24.0,6.0,8.0,1.0,4.0,7.0,15.0,4.0,8.0,2.0,3.0,conditional_bounds,
920523240571850752,2023,7,7,24,8,21.0,24.0,5.0,8.0,1.0,4.0,3.0,9.0,4.0,12.0,1.0,4.0,conditional_bounds,
920523240571850752,2023,7,8,24,8,24.0,24.0,8.0,8.0,1.0,5.0,3.0,8.0,7.0,15.0,1.0,4.0,conditional_bounds,
920523240571850752,2023,7,9,24,8,18.0,24.0,2.0,8.0,1.0,3.0,3.0,8.0,4.0,11.0,1.0,4.0,conditional_bounds,
920523240571850752,2023,7,10,24,8,17.0,24.0,1.0,8.0,1.0,3.0,3.0,9.0,4.0,11.0,1.0,2.0,conditional_bounds,
920523240571850752,2023,7,11,24,8,21.0,24.0,5.0,8.0,1.0,3.0,5.0,13.0,3.0,8.0,1.0,5.0,conditional_bounds,
920523240571850752,2023,7,12,24,8,22.0,24.0,6.0,8.0,1.0,4.0,2.0,9.0,5.0,13.0,1.0,4.0,conditional_bounds,
920523240571850752,2023,8,1,24,8,11.0,19.0,0.0,8.0,1.0,3.0,2.0,3.0,4.0,8.0,2.0,5.0,conditional_bounds,
920523240571850752,2023,8,2,24,8,17.0,24.0,1.0,8.0,1.0,2.0,3.0,6.0,5.0,13.0,2.0,4.0,conditional_bounds,
920523240571850752,2023,8,3,24,8,20.0,24.0,4.0,8.0,1.0,3.0,4.0,12.0,4.0,8.0,1.0,5.0,conditional_bounds,
920523240571850752,2023,8,4,24,8,20.0,24.0,4.0,8.0,1.0,8.0,4.0,6.0,2.0,9.0,2.0,5.0,conditional_bounds,
920523240571850752,2023,8,5,24,8,15.0,23.0,0.0,8.0,1.0,3.0,2.0,7.0,5.0,10.0,1.0,3.0,conditional_bounds,
920523240571850752,2023,8,6,24,8,22.0,24.0,6.0,8.0,1.0,4.0,7.0,15.0,5.0,8.0,1.0,3.0,conditional_bounds,
920523240571850752,2023,8,7,24,8,22.0,24.0,6.0,8.0,1.0,4.0,2.0,9.0,5.0,13.0,1.0,4.0,conditional_bounds,
920523240571850752,2023,8,8,24,8,24.0,24.0,8.0,8.0,1.0,5.0,3.0,8.0,7.0,15.0,1.0,4.0,conditional_bounds,
920523240571850752,2023,8,9,24,8,18.0,24.0,2.0,8.0,1.0,3.0,3.0,8.0,4.0,11.0,1.0,4.0,conditional_bounds,
920523240571850752,2023,8,10,24,8,17.0,24.0,1.0,8.0,1.0,3.0,2.0,9.0,5.0,11.0,1.0,2.0,conditional_bounds,
920523240571850752,2023,8,11,24,8,21.0,24.0,5.0,8.0,1.0,3.0,5.0,13.0,3.0,8.0,1.0,5.0,conditional_bounds,
920523240571850752,2023,8,12,24,8,22.0,24.0,6.0,8.0,1.0,4.0,2.0,9.0,5.0,13.0,1.0,4.0,conditional_bounds,
920523240571850752,2023,9,1,24,8,10.0,18.0,0.0,8.0,1.0,3.0,2.0,3.0,5.0,8.0,1.0,4.0,conditional_bounds,
920523240571850752,2023,9,2,24,8,17.0,24.0,1.0,8.0,1.0,3.0,2.0,6.0,4.0,12.0,3.0,4.0,conditional_bounds,
920523240571850752,2023,9,3,24,8,23.0,24.0,7.0,8.0,1.0,3.0,4.0,12.0,4.0,10.0,2.0,6.0,conditional_bounds,
920523240571850752,2023,9,4,24,8,20.0,24.0,4.0,8.0,1.0,8.0,2.0,7.0,4.0,9.0,2.0,4.0,conditional_bounds,
920523240571850752,2023,9,5,24,8,15.0,23.0,0.0,8.0,1.0,3.0,3.0,7.0,4.0,10.0,1.0,3.0,conditional_bounds,
920523240571850752,2023,9,6,24,8,21.0,24.0,5.0,8.0,1.0,4.0,7.0,15.0,4.0,7.0,2.0,3.0,conditional_bounds,
920523240571850752,2023,9,7,24,8,22.0,24.0,6.0,8.0,1.0,4.0,2.0,9.0,5.0,13.0,1.0,4.0,conditional_bounds,
920523240571850752,2023,9,8,24,8,23.0,24.0,7.0,8.0,1.0,5.0,4.0,7.0,7.0,15.0,1.0,4.0,conditional_bounds,
920523240571850752,2023,9,9,24,8,18.0,24.0,2.0,8.0,1.0,3.0,3.0,8.0,4.0,11.0,1.0,4.0,conditional_bounds,
920523240571850752,2023,9,10,24,8,17.0,24.0,1.0,8.0,1.0,3.0,3.0,9.0,4.0,11.0,1.0,2.0,conditional_bounds,
920523240571850752,2023,9,11,24,8,21.0,24.0,5.0,8.0,1.0,3.0,5.0,13.0,3.0,8.0,1.0,5.0,conditional_bounds,
920523240571850752,2023,9,12,24,8,22.0,24.0,6.0,8.0,1.0,4.0,3.0,9.0,5.0,13.0,1.0,4.0,conditional_bounds,
920523240571850752,2023,10,1,24,8,9.0,17.0,0.0,8.0,1.0,2.0,2.0,3.0,5.0,8.0,1.0,4.0,conditional_bounds,
920523240571850752,2023,10,2,24,8,17.0,24.0,1.0,8.0,1.0,3.0,2.0,6.0,4.0,12.0,3.0,4.0,conditional_bounds,
920523240571850752,2023,10,3,24,8,24.0,24.0,8.0,8.0,1.0,3.0,4.0,12.0,4.0,11.0,2.0,6.0,conditional_bounds,
920523240571850752,2023,10,4,24,8,19.0,24.0,3.0,8.0,1.0,8.0,4.0,7.0,2.0,8.0,2.0,4.0,conditional_bounds,
920523240571850752,2023,10,5,24,8,15.0,23.0,0.0,8.0,1.0,3.0,3.0,7.0,4.0,10.0,1.0,3.0,conditional_bounds,
920523240571850752,2023,10,6,24,8,21.0,24.0,5.0,8.0,1.0,4.0,7.0,15.0,5.0,7.0,1.0,3.0,conditional_bounds,
920523240571850752,2023,10,7,24,8,22.0,24.0,6.0,8.0,1.0,4.0,3.0,9.0,5.0,13.0,1.0,4.0,conditional_bounds,
920523240571850752,2023,10,8,24,8,23.0,24.0,7.0,8.0,1.0,5.0,3.0,7.0,7.0,15.0,1.0,4.0,conditional_bounds,
920523240571850752,2023,10,9,24,8,18.0,24.0,2.0,8.0,1.0,3.0,3.0,8.0,4.0,11.0,1.0,4.0,conditional_bounds,
920523240571850752,2023,10,10,24,8,17.0,24.0,1.0,8.0,1.0,3.0,3.0,9.0,4.0,11.0,1.0,2.0,conditional_bounds,
920523240571850752,2023,10,11,24,8,21.0,24.0,5.0,8.0,1.0,3.0,5.0,13.0,4.0,8.0,1.0,5.0,conditional_bounds,
920523240571850752,2023,10,12,24,8,22.0,24.0,6.0,8.0,1.0,4.0,3.0,9.0,5.0,13.0,1.0,4.0,conditional_bounds,
920523240571850752,2023,11,1,24,8,15.0,23.0,0.0,8.0,1.0,3.0,1.0,4.0,5.0,11.0,1.0,5.0,conditional_bounds,
920523240571850752,2023,11,2,24,8,17.0,24.0,1.0,8.0,1.0,3.0,3.0,6.0,4.0,12.0,3.0,4.0,conditional_bounds,
920523240571850752,2023,11,3,24,8,24.0,24.0,8.0,8.0,1.0,3.0,4.0,12.0,3.0,11.0,1.0,6.0,conditional_bounds,
920523240571850752,2023,11,4,24,8,19.0,24.0,3.0,8.0,1.0,8.0,4.0,7.0,3.0,8.0,1.0,4.0,conditional_bounds,
920523240571850752,2023,11,5,24,8,15.0,23.0,0.0,8.0,1.0,3.0,2.0,7.0,5.0,10.0,1.0,3.0,conditional_bounds,
920523240571850752,2023,11,6,24,8,21.0,24.0,5.0,8.0,1.0,4.0,6.0,14.0,4.0,8.0,1.0,3.0,conditional_bounds,
920523240571850752,2023,11,7,24,8,22.0,24.0,6.0,8.0,1.0,4.0,2.0,9.0,5.0,13.0,1.0,4.0,conditional_bounds,
920523240571850752,2023,11,8,24,8,23.0,24.0,7.0,8.0,1.0,5.0,3.0,7.0,7.0,15.0,1.0,4.0,conditional_bounds,
920523240571850752,2023,11,9,24,8,18.0,24.0,2.0,8.0,1.0,3.0,3.0,8.0,3.0,11.0,2.0,4.0,conditional_bounds,
920523240571850752,2023,11,10,24,8,17.0,24.0,1.0,8.0,1.0,3.0,2.0,9.0,5.0,11.0,1.0,2.0,conditional_bounds,
920523240571850752,2023,11,11,24,8,21.0,24.0,5.0,8.0,1.0,3.0,5.0,13.0,4.0,8.0,1.0,5.0,conditional_bounds,
920523240571850752,2023,11,12,24,8,22.0,24.0,6.0,8.0,1.0,4.0,3.0,9.0,5.0,13.0,1.0,4.0,conditional_bounds,
920523240571850752,2023,12,1,24,8,18.0,24.0,2.0,8.0,1.0,3.0,2.0,4.0,5.0,13.0,1.0,6.0,conditional_bounds,
920523240571850752,2023,12,2,24,8,18.0,24.0,2.0,8.0,1.0,4.0,3.0,6.0,4.0,12.0,3.0,4.0,conditional_bounds,
920523240571850752,2023,12,3,24,8,24.0,24.0,8.0,8.0,1.0,3.0,4.0,12.0,4.0,11.0,1.0,6.0,conditional_bounds,
920523240571850752,2023,12,4,24,8,19.0,24.0,3.0,8.0,1.0,8.0,4.0,7.0,3.0,8.0,1.0,4.0,conditional_bounds,
920523240571850752,2023,12,5,24,8,15.0,23.0,0.0,8.0,1.0,3.0,2.0,7.0,5.0,10.0,1.0,3.0,conditional_bounds,
920523240571850752,2023,12,6,24,8,21.0,24.0,5.0,8.0,1.0,4.0,6.0,14.0,4.0,8.0,1.0,3.0,conditional_bounds,
920523240571850752,2023,12,7,24,8,22.0,24.0,6.0,8.0,1.0,4.0,3.0,9.0,5.0,13.0,1.0,4.0,conditional_bounds,
920523240571850752,2023,12,8,24,8,23.0,24.0,7.0,8.0,1.0,5.0,4.0,7.0,7.0,15.0,1.0,4.0,conditional_bounds,
920523240571850752,2023,12,9,24,8,18.0,24.0,2.0,8.0,1.0,3.0,2.0,8.0,4.0,11.0,2.0,4.0,conditional_bounds,
920523240571850752,2023,12,10,24,8,17.0,24.0,1.0,8.0,1.0,3.0,2.0,9.0,5.0,11.0,1.0,2.0,conditional_bounds,
920523240571850752,2023,12,11,24,8,21.0,24.0,5.0,8.0,1.0,3.0,5.0,13.0,4.0,8.0,1.0,5.0,conditional_bounds,
920523240571850752,2023,12,12,24,8,22.0,24.0,6.0,8.0,1.0,4.0,3.0,9.0,5.0,13.0,1.0,4.0,conditional_bounds,
920523240571850752,2023,13,1,24,8,20.0,24.0,4.0,8.0,1.0,4.0,2.0,4.0,6.0,14.0,1.0,6.0,conditional_bounds,
920523240571850752,2023,13,2,24,8,18.0,24.0,2.0,8.0,1.0,4.0,2.0,6.0,4.0,12.0,2.0,4.0,conditional_bounds,
920523240571850752,2023,13,3,24,8,24.0,24.0,8.0,8.0,1.0,3.0,3.0,11.0,4.0,12.0,3.0,6.0,conditional_bounds,
920523240571850752,2023,13,4,24,8,19.0,24.0,3.0,8.0,1.0,8.0,3.0,7.0,4.0,8.0,1.0,4.0,conditional_bounds,
920523240571850752,2023,13,5,24,8,16.0,24.0,0.0,8.0,1.0,3.0,2.0,7.0,5.0,10.0,1.0,4.0,conditional_bounds,
920523240571850752,2023,13,6,24,8,19.0,24.0,3.0,8.0,1.0,4.0,6.0,14.0,3.0,6.0,1.0,3.0,conditional_bounds,
920523240571850752,2023,13,7,24,8,22.0,24.0,6.0,8.0,1.0,4.0,4.0,9.0,5.0,13.0,1.0,4.0,conditional_bounds,
920523240571850752,2023,13,8,24,8,22.0,24.0,6.0,8.0,1.0,4.0,3.0,7.0,8.0,16.0,1.0,3.0,conditional_bounds,
920523240571850752,2023,13,9,24,8,18.0,24.0,2.0,8.0,1.0,3.0,2.0,8.0,4.0,11.0,2.0,4.0,conditional_bounds,
920523240571850752,2023,13,10,24,8,17.0,24.0,1.0,8.0,1.0,3.0,2.0,9.0,5.0,11.0,1.0,2.0,conditional_bounds,
920523240571850752,2023,13,11,24,8,21.0,24.0,5.0,8.0,1.0,3.0,5.0,13.0,4.0,8.0,1.0,5.0,conditional_bounds,
920523240571850752,2023,13,12,24,8,22.0,24.0,6.0,8.0,1.0,4.0,3.0,9.0,5.0,13.0,1.0,4.0,conditional_bounds,
920523240571850752,2023,14,1,24,8,22.0,24.0,6.0,8.0,1.0,4.0,2.0,4.0,7.0,15.0,1.0,7.0,conditional_bounds,
920523240571850752,2023,14,2,24,8,19.0,24.0,3.0,8.0,1.0,5.0,2.0,6.0,4.0,12.0,3.0,4.0,conditional_bounds,
920523240571850752,2023,14,3,24,8,22.0,24.0,6.0,8.0,1.0,3.0,3.0,11.0,4.0,10.0,1.0,6.0,conditional_bounds,
920523240571850752,2023,14,4,24,8,19.0,24.0,3.0,8.0,1.0,8.0,4.0,7.0,3.0,8.0,1.0,4.0,conditional_bounds,
920523240571850752,2023,14,5,24,8,16.0,24.0,0.0,8.0,1.0,3.0,3.0,7.0,4.0,10.0,1.0,4.0,conditional_bounds,
920523240571850752,2023,14,6,24,8,19.0,24.0,3.0,8.0,1.0,4.0,6.0,14.0,3.0,6.0,1.0,3.0,conditional_bounds,
920523240571850752,2023,14,7,24,8,22.0,24.0,6.0,8.0,1.0,4.0,2.0,9.0,5.0,13.0,1.0,4.0,conditional_bounds,
920523240571850752,2023,14,8,24,8,22.0,24.0,6.0,8.0,1.0,4.0,4.0,7.0,8.0,16.0,1.0,3.0,conditional_bounds,
920523240571850752,2023,14,9,24,8,18.0,24.0,2.0,8.0,1.0,3.0,2.0,8.0,3.0,11.0,3.0,4.0,conditional_bounds,
920523240571850752,2023,14,10,24,8,17.0,24.0,1.0,8.0,1.0,3.0,2.0,9.0,5.0,11.0,1.0,2.0,conditional_bounds,
920523240571850752,2023,14,11,24,8,21.0,24.0,5.0,8.0,1.0,3.0,5.0,13.0,4.0,8.0,1.0,5.0,conditional_bounds,
920523240571850752,2023,14,12,24,8,22.0,24.0,6.0,8.0,1.0,4.0,3.0,9.0,5.0,13.0,1.0,4.0,conditional_bounds,
969999751733186560,2023,3,1,24,9,20.0,24.0,5.0,9.0,1.0,2.0,2.0,10.0,5.0,12.0,2.0,5.0,conditional_bounds,
969999751733186560,2023,3,2,24,9,18.0,24.0,3.0,9.0,1.0,3.0,3.0,7.0,5.0,14.0,1.0,3.0,conditional_bounds,
969999751733186560,2023,3,3,24,9,19.0,24.0,4.0,9.0,1.0,3.0,5.0,11.0,3.0,10.0,1.0,4.0,conditional_bounds,
969999751733186560,2023,3,4,24,9,19.0,24.0,4.0,9.0,1.0,2.0,4.0,13.0,6.0,10.0,1.0,3.0,conditional_bounds,
969999751733186560,2023,3,5,24,9,21.0,24.0,6.0,9.0,1.0,3.0,3.0,8.0,5.0,13.0,1.0,6.0,conditional_bounds,
969999751733186560,2023,3,6,24,9,22.0,24.0,7.0,9.0,1.0,3.0,2.0,10.0,6.0,13.0,1.0,5.0,conditional_bounds,
969999751733186560,2023,3,7,24,9,22.0,24.0,7.0,9.0,1.0,6.0,3.0,7.0,5.0,14.0,1.0,4.0,conditional_bounds,
969999751733186560,2023,3,8,24,9,19.0,24.0,4.0,9.0,1.0,4.0,3.0,8.0,5.0,11.0,1.0,5.0,conditional_bounds,
969999751733186560,2023,3,9,24,9,21.0,24.0,6.0,9.0,1.0,5.0,3.0,9.0,5.0,12.0,1.0,4.0,conditional_bounds,
969999751733186560,2023,3,10,24,9,23.0,24.0,8.0,9.0,1.0,9.0,2.0,11.0,4.0,8.0,3.0,4.0,conditional_bounds,
969999751733186560,2023,3,11,24,9,22.0,24.0,7.0,9.0,1.0,3.0,5.0,12.0,3.0,10.0,1.0,6.0,conditional_bounds,
969999751733186560,2023,3,12,24,9,20.0,24.0,5.0,9.0,1.0,4.0,2.0,9.0,4.0,9.0,3.0,7.0,conditional_bounds,
969999751733186560,2023,4,1,24,9,20.0,24.0,5.0,9.0,1.0,3.0,2.0,9.0,6.0,12.0,1.0,5.0,conditional_bounds,
969999751733186560,2023,4,2,24,9,18.0,24.0,3.0,9.0,1.0,3.0,3.0,7.0,5.0,14.0,1.0,3.0,conditional_bounds,
969999751733186560,2023,4,3,24,9,20.0,24.0,5.0,9.0,1.0,3.0,4.0,12.0,4.0,10.0,1.0,4.0,conditional_bounds,
969999751733186560,2023,4,4,24,9,18.0,24.0,3.0,9.0,1.0,2.0,3.0,12.0,6.0,10.0,1.0,3.0,conditional_bounds,
969999751733186560,2023,4,5,24,9,21.0,24.0,6.0,9.0,1.0,3.0,3.0,7.0,5.0,14.0,1.0,6.0,conditional_bounds,
969999751733186560,2023,4,6,24,9,20.0,24.0,5.0,9.0,1.0,2.0,3.0,9.0,4.0,13.0,2.0,5.0,conditional_bounds,
969999751733186560,2023,4,7,24,9,23.0,24.0,8.0,9.0,1.0,7.0,2.0,7.0,5.0,14.0,2.0,4.0,conditional_bounds,
969999751733186560,2023,4,8,24,9,19.0,24.0,4.0,9.0,1.0,4.0,4.0,8.0,4.0,11.0,1.0,5.0,conditional_bounds,
969999751733186560,2023,4,9,24,9,22.0,24.0,7.0,9.0,1.0,5.0,3.0,10.0,5.0,12.0,1.0,4.0,conditional_bounds,
969999751733186560,2023,4,10,24,9,23.0,24.0,8.0,9.0,1.0,9.0,2.0,11.0,5.0,8.0,2.0,4.0,conditional_bounds,
969999751733186560,2023,4,11,24,9,21.0,24.0,6.0,9.0,1.0,3.0,5.0,11.0,3.0,10.0,1.0,6.0,conditional_bounds,
969999751733186560,2023,4,12,24,9,20.0,24.0,5.0,9.0,1.0,4.0,2.0,9.0,4.0,9.0,3.0,7.0,conditional_bounds,
969999751733186560,2023,5,1,24,9,20.0,24.0,5.0,9.0,1.0,3.0,3.0,10.0,5.0,11.0,1.0,5.0,conditional_bounds,
969999751733186560,2023,5,2,24,9,19.0,24.0,4.0,9.0,1.0,3.0,2.0,7.0,6.0,15.0,1.0,3.0,conditional_bounds,
969999751733186560,2023,5,3,24,9,19.0,24.0,4.0,9.0,1.0,3.0,3.0,11.0,4.0,10.0,2.0,4.0,conditional_bounds,
969999751733186560,2023,5,4,24,9,17.0,24.0,2.0,9.0,1.0,2.0,3.0,12.0,6.0,10.0,1.0,2.0,conditional_bounds,
969999751733186560,2023,5,5,24,9,21.0,24.0,6.0,9.0,1.0,3.0,3.0,8.0,5.0,13.0,1.0,6.0,conditional_bounds,
969999751733186560,2023,5,6,24,9,20.0,24.0,5.0,9.0,1.0,2.0,3.0,9.0,4.0,13.0,2.0,5.0,conditional_bounds,
969999751733186560,2023,5,7,24,9,23.0,24.0,8.0,9.0,1.0,6.0,3.0,8.0,5.0,14.0,1.0,4.0,conditional_bounds,
969999751733186560,2023,5,8,24,9,19.0,24.0,4.0,9.0,1.0,4.0,4.0,8.0,4.0,11.0,1.0,5.0,conditional_bounds,
969999751733186560,2023,5,9,24,9,20.0,24.0,5.0,9.0,1.0,5.0,3.0,8.0,4.0,11.0,2.0,5.0,conditional_bounds,
969999751733186560,2023,5,10,24,9,22.0,24.0,7.0,9.0,1.0,9.0,4.0,11.0,3.0,7.0,2.0,4.0,conditional_bounds,
969999751733186560,2023,5,11,24,9,22.0,24.0,7.0,9.0,1.0,3.0,4.0,12.0,3.0,10.0,2.0,6.0,conditional_bounds,
969999751733186560,2023,5,12,24,9,20.0,24.0,5.0,9.0,1.0,4.0,2.0,9.0,4.0,9.0,3.0,7.0,conditional_bounds,
969999751733186560,2023,6,1,24,9,20.0,24.0,5.0,9.0,1.0,2.0,3.0,10.0,5.0,11.0,1.0,6.0,conditional_bounds,
969999751733186560,2023,6,2,24,9,19.0,24.0,4.0,9.0,1.0,3.0,3.0,7.0,6.0,15.0,1.0,3.0,conditional_bounds,
969999751733186560,2023,6,3,24,9,20.0,24.0,5.0,9.0,1.0,3.0,4.0,11.0,3.0,11.0,2.0,4.0,conditional_bounds,
969999751733186560,2023,6,4,24,9,17.0,24.0,2.0,9.0,1.0,2.0,3.0,12.0,6.0,10.0,1.0,2.0,conditional_bounds,
969999751733186560,2023,6,5,24,9,22.0,24.0,7.0,9.0,1.0,3.0,3.0,9.0,5.0,13.0,1.0,6.0,conditional_bounds,
969999751733186560,2023,6,6,24,9,20.0,24.0,5.0,9.0,1.0,2.0,2.0,9.0,5.0,13.0,2.0,5.0,conditional_bounds,
969999751733186560,2023,6,7,24,9,24.0,24.0,9.0,9.0,1.0,6.0,3.0,9.0,5.0,14.0,2.0,4.0,conditional_bounds,
969999751733186560,2023,6,8,24,9,19.0,24.0,4.0,9.0,1.0,4.0,4.0,8.0,4.0,11.0,1.0,5.0,conditional_bounds,
969999751733186560,2023,6,9,24,9,19.0,24.0,4.0,9.0,1.0,5.0,3.0,8.0,5.0,11.0,1.0,4.0,conditional_bounds,
969999751733186560,2023,6,10,24,9,23.0,24.0,8.0,9.0,1.0,10.0,5.0,10.0,3.0,9.0,1.0,3.0,conditional_bounds,
969999751733186560,2023,6,11,24,9,22.0,24.0,7.0,9.0,1.0,3.0,3.0,12.0,4.0,10.0,2.0,6.0,conditional_bounds,
969999751733186560,2023,6,12,24,9,20.0,24.0,5.0,9.0,1.0,4.0,2.0,9.0,4.0,9.0,3.0,7.0,conditional_bounds,
969999751733186560,2023,7,1,24,9,20.0,24.0,5.0,9.0,1.0,2.0,3.0,10.0,5.0,11.0,1.0,6.0,conditional_bounds,
969999751733186560,2023,7,2,24,9,19.0,24.0,4.0,9.0,1.0,3.0,3.0,7.0,6.0,15.0,1.0,3.0,conditional_bounds,
969999751733186560,2023,7,3,24,9,20.0,24.0,5.0,9.0,1.0,3.0,5.0,11.0,3.0,11.0,1.0,4.0,conditional_bounds,
969999751733186560,2023,7,4,24,9,17.0,24.0,2.0,9.0,1.0,2.0,3.0,12.0,5.0,10.0,1.0,2.0,conditional_bounds,
969999751733186560,2023,7,5,24,9,20.0,24.0,5.0,9.0,1.0,3.0,4.0,10.0,4.0,12.0,1.0,4.0,conditional_bounds,
969999751733186560,2023,7,6,24,9,21.0,24.0,6.0,9.0,1.0,3.0,2.0,9.0,5.0,13.0,2.0,5.0,conditional_bounds,
969999751733186560,2023,7,7,24,9,24.0,24.0,9.0,9.0,1.0,6.0,2.0,10.0,5.0,13.0,2.0,4.0,conditional_bounds,
969999751733186560,2023,7,8,24,9,19.0,24.0,4.0,9.0,1.0,4.0,2.0,8.0,6.0,11.0,1.0,5.0,conditional_bounds,
969999751733186560,2023,7,9,24,9,21.0,24.0,6.0,9.0,1.0,6.0,3.0,8.0,5.0,12.0,1.0,4.0,conditional_bounds,
969999751733186560,2023,7,10,24,9,23.0,24.0,8.0,9.0,1.0,10.0,4.0,10.0,3.0,7.0,2.0,5.0,conditional_bounds,
969999751733186560,2023,7,11,24,9,22.0,24.0,7.0,9.0,1.0,3.0,4.0,12.0,3.0,10.0,2.0,6.0,conditional_bounds,
969999751733186560,2023,7,12,24,9,19.0,24.0,4.0,9.0,1.0,4.0,2.0,9.0,4.0,9.0,3.0,6.0,conditional_bounds,
969999751733186560,2023,8,1,24,9,20.0,24.0,5.0,9.0,1.0,2.0,2.0,10.0,6.0,11.0,1.0,6.0,conditional_bounds,
969999751733186560,2023,8,2,24,9,19.0,24.0,4.0,9.0,1.0,3.0,2.0,7.0,6.0,15.0,2.0,3.0,conditional_bounds,
969999751733186560,2023,8,3,24,9,20.0,24.0,5.0,9.0,1.0,3.0,5.0,11.0,3.0,11.0,1.0,4.0,conditional_bounds,
969999751733186560,2023,8,4,24,9,16.0,24.0,1.0,9.0,1.0,2.0,3.0,12.0,6.0,9.0,1.0,2.0,conditional_bounds,
969999751733186560,2023,8,5,24,9,20.0,24.0,5.0,9.0,1.0,3.0,3.0,10.0,5.0,12.0,1.0,4.0,conditional_bounds,
969999751733186560,2023,8,6,24,9,21.0,24.0,6.0,9.0,1.0,3.0,2.0,9.0,5.0,13.0,2.0,5.0,conditional_bounds,
969999751733186560,2023,8,7,24,9,24.0,24.0,9.0,9.0,1.0,6.0,3.0,10.0,5.0,13.0,1.0,4.0,conditional_bounds,
969999751733186560,2023,8,8,24,9,19.0,24.0,4.0,9.0,1.0,4.0,3.0,8.0,5.0,11.0,1.0,5.0,conditional_bounds,
969999751733186560,2023,8,9,24,9,19.0,24.0,4.0,9.0,1.0,6.0,3.0,7.0,5.0,11.0,1.0,4.0,conditional_bounds,
969999751733186560,2023,8,10,24,9,23.0,24.0,8.0,9.0,1.0,10.0,5.0,10.0,3.0,7.0,1.0,5.0,conditional_bounds,
969999751733186560,2023,8,11,24,9,21.0,24.0,6.0,9.0,1.0,3.0,3.0,12.0,5.0,9.0,1.0,6.0,conditional_bounds,
969999751733186560,2023,8,12,24,9,20.0,24.0,5.0,9.0,1.0,4.0,2.0,9.0,4.0,10.0,3.0,6.0,conditional_bounds,
969999751733186560,2023,9,1,24,9,20.0,24.0,5.0,9.0,1.0,2.0,2.0,10.0,6.0,11.0,1.0,6.0,conditional_bounds,
969999751733186560,2023,9,2,24,9,19.0,24.0,4.0,9.0,1.0,3.0,3.0,7.0,6.0,15.0,2.0,3.0,conditional_bounds,
969999751733186560,2023,9,3,24,9,22.0,24.0,7.0,9.0,1.0,3.0,5.0,11.0,4.0,13.0,1.0,4.0,conditional_bounds,
969999751733186560,2023,9,4,24,9,16.0,24.0,1.0,9.0,1.0,2.0,3.0,12.0,6.0,9.0,1.0,2.0,conditional_bounds,
969999751733186560,2023,9,5,24,9,20.0,24.0,5.0,9.0,1.0,3.0,4.0,10.0,4.0,12.0,1.0,4.0,conditional_bounds,
969999751733186560,2023,9,6,24,9,21.0,24.0,6.0,9.0,1.0,3.0,2.0,9.0,6.0,13.0,1.0,5.0,conditional_bounds,
969999751733186560,2023,9,7,24,9,24.0,24.0,9.0,9.0,1.0,6.0,2.0,10.0,5.0,12.0,2.0,5.0,conditional_bounds,
969999751733186560,2023,9,8,24,9,19.0,24.0,4.0,9.0,1.0,4.0,2.0,8.0,6.0,11.0,1.0,5.0,conditional_bounds,
969999751733186560,2023,9,9,24,9,19.0,24.0,4.0,9.0,1.0,6.0,3.0,7.0,5.0,11.0,1.0,4.0,conditional_bounds,
969999751733186560,2023,9,10,24,9,23.0,24.0,8.0,9.0,1.0,9.0,4.0,11.0,3.0,7.0,2.0,5.0,conditional_bounds,
969999751733186560,2023,9,11,24,9,22.0,24.0,7.0,9.0,1.0,3.0,5.0,12.0,3.0,10.0,1.0,6.0,conditional_bounds,
969999751733186560,2023,9,12,24,9,20.0,24.0,5.0,9.0,1.0,4.0,2.0,8.0,4.0,10.0,3.0,7.0,conditional_bounds,
969999751733186560,2023,10,1,24,9,23.0,24.0,8.0,9.0,1.0,2.0,2.0,10.0,6.0,13.0,1.0,7.0,conditional_bounds,
969999751733186560,2023,10,2,24,9,18.0,24.0,3.0,9.0,1.0,2.0,2.0,7.0,6.0,15.0,2.0,3.0,conditional_bounds,
969999751733186560,2023,10,3,24,9,24.0,24.0,9.0,9.0,1.0,3.0,4.0,12.0,5.0,14.0,1.0,4.0,conditional_bounds,
969999751733186560,2023,10,4,24,9,16.0,24.0,1.0,9.0,1.0,3.0,2.0,11.0,5.0,9.0,2.0,2.0,conditional_bounds,
969999751733186560,2023,10,5,24,9,20.0,24.0,5.0,9.0,1.0,3.0,2.0,10.0,6.0,12.0,1.0,4.0,conditional_bounds,
969999751733186560,2023,10,6,24,9,18.0,24.0,3.0,9.0,1.0,3.0,3.0,8.0,4.0,11.0,2.0,5.0,conditional_bounds,
969999751733186560,2023,10,7,24,9,24.0,24.0,9.0,9.0,1.0,6.0,3.0,8.0,5.0,14.0,2.0,5.0,conditional_bounds,
969999751733186560,2023,10,8,24,9,19.0,24.0,4.0,9.0,1.0,4.0,2.0,8.0,5.0,11.0,2.0,5.0,conditional_bounds,
969999751733186560,2023,10,9,24,9,23.0,24.0,8.0,9.0,1.0,7.0,4.0,7.0,5.0,14.0,2.0,4.0,conditional_bounds,
969999751733186560,2023,10,10,24,9,23.0,24.0,8.0,9.0,1.0,9.0,3.0,10.0,3.0,8.0,3.0,5.0,conditional_bounds,
969999751733186560,2023,10,11,24,9,21.0,24.0,6.0,9.0,1.0,3.0,4.0,12.0,4.0,9.0,1.0,6.0,conditional_bounds,
969999751733186560,2023,10,12,24,9,20.0,24.0,5.0,9.0,1.0,4.0,2.0,8.0,4.0,10.0,3.0,7.0,conditional_bounds,
969999751733186560,2023,11,1,24,9,22.0,24.0,7.0,9.0,1.0,1.0,3.0,10.0,4.0,13.0,2.0,7.0,conditional_bounds,
969999751733186560,2023,11,2,24,9,18.0,24.0,3.0,9.0,1.0,2.0,2.0,7.0,6.0,15.0,2.0,3.0,conditional_bounds,
969999751733186560,2023,11,3,24,9,23.0,24.0,8.0,9.0,1.0,3.0,3.0,12.0,5.0,13.0,1.0,4.0,conditional_bounds,
969999751733186560,2023,11,4,24,9,16.0,24.0,1.0,9.0,1.0,3.0,2.0,11.0,5.0,9.0,2.0,2.0,conditional_bounds,
969999751733186560,2023,11,5,24,9,20.0,24.0,5.0,9.0,1.0,3.0,3.0,10.0,5.0,12.0,1.0,4.0,conditional_bounds,
969999751733186560,2023,11,6,24,9,19.0,24.0,4.0,9.0,1.0,4.0,3.0,8.0,4.0,11.0,2.0,5.0,conditional_bounds,
969999751733186560,2023,11,7,24,9,24.0,24.0,9.0,9.0,1.0,7.0,2.0,7.0,6.0,14.0,1.0,5.0,conditional_bounds,
969999751733186560,2023,11,8,24,9,19.0,24.0,4.0,9.0,1.0,4.0,3.0,8.0,5.0,11.0,1.0,5.0,conditional_bounds,
969999751733186560,2023,11,9,24,9,23.0,24.0,8.0,9.0,1.0,7.0,2.0,7.0,6.0,14.0,1.0,4.0,conditional_bounds,
969999751733186560,2023,11,10,24,9,24.0,24.0,9.0,9.0,1.0,9.0,4.0,11.0,3.0,7.0,2.0,6.0,conditional_bounds,
969999751733186560,2023,11,11,24,9,22.0,24.0,7.0,9.0,1.0,3.0,5.0,13.0,3.0,9.0,1.0,6.0,conditional_bounds,
969999751733186560,2023,11,12,24,9,19.0,24.0,4.0,9.0,1.0,4.0,2.0,7.0,4.0,10.0,3.0,7.0,conditional_bounds,
969999751733186560,2023,12,1,24,9,22.0,24.0,7.0,9.0,1.0,1.0,3.0,10.0,4.0,13.0,2.0,7.0,conditional_bounds,
969999751733186560,2023,12,2,24,9,18.0,24.0,3.0,9.0,1.0,2.0,3.0,7.0,6.0,15.0,2.0,3.0,conditional_bounds,
969999751733186560,2023,12,3,24,9,24.0,24.0,9.0,9.0,1.0,3.0,4.0,12.0,4.0,13.0,1.0,5.0,conditional_bounds,
969999751733186560,2023,12,4,24,9,16.0,24.0,1.0,9.0,1.0,3.0,2.0,11.0,6.0,9.0,1.0,2.0,conditional_bounds,
969999751733186560,2023,12,5,24,9,20.0,24.0,5.0,9.0,1.0,3.0,2.0,10.0,6.0,12.0,1.0,4.0,conditional_bounds,
969999751733186560,2023,12,6,24,9,19.0,24.0,4.0,9.0,1.0,4.0,3.0,8.0,5.0,11.0,1.0,5.0,conditional_bounds,
969999751733186560,2023,12,7,24,9,23.0,24.0,8.0,9.0,1.0,7.0,3.0,7.0,5.0,14.0,1.0,4.0,conditional_bounds,
969999751733186560,2023,12,8,24,9,19.0,24.0,4.0,9.0,1.0,4.0,2.0,8.0,6.0,11.0,1.0,5.0,conditional_bounds,
969999751733186560,2023,12,9,24,9,23.0,24.0,8.0,9.0,1.0,7.0,3.0,7.0,5.0,14.0,1.0,4.0,conditional_bounds,
969999751733186560,2023,12,10,24,9,24.0,24.0,9.0,9.0,1.0,9.0,2.0,10.0,4.0,8.0,3.0,6.0,conditional_bounds,
969999751733186560,2023,12,11,24,9,23.0,24.0,8.0,9.0,1.0,3.0,5.0,13.0,3.0,10.0,1.0,6.0,conditional_bounds,
969999751733186560,2023,12,12,24,9,19.0,24.0,4.0,9.0,1.0,4.0,2.0,7.0,4.0,10.0,3.0,7.0,conditional_bounds,
969999751733186560,2023,13,1,24,9,22.0,24.0,7.0,9.0,1.0,1.0,2.0,10.0,4.0,12.0,3.0,8.0,conditional_bounds,
969999751733186560,2023,13,2,24,9,18.0,24.0,3.0,9.0,1.0,2.0,3.0,7.0,6.0,15.0,1.0,3.0,conditional_bounds,
969999751733186560,2023,13,3,24,9,23.0,24.0,8.0,9.0,1.0,3.0,2.0,11.0,6.0,13.0,0.0,5.0,conditional_bounds,
969999751733186560,2023,13,4,24,9,16.0,24.0,1.0,9.0,1.0,3.0,2.0,11.0,6.0,9.0,1.0,2.0,conditional_bounds,
969999751733186560,2023,13,5,24,9,20.0,24.0,5.0,9.0,1.0,3.0,3.0,10.0,5.0,12.0,1.0,4.0,conditional_bounds,
969999751733186560,2023,13,6,24,9,19.0,24.0,4.0,9.0,1.0,4.0,4.0,8.0,3.0,11.0,2.0,5.0,conditional_bounds,
969999751733186560,2023,13,7,24,9,23.0,24.0,8.0,9.0,1.0,7.0,4.0,8.0,4.0,13.0,1.0,4.0,conditional_bounds,
969999751733186560,2023,13,8,24,9,19.0,24.0,4.0,9.0,1.0,4.0,3.0,8.0,5.0,11.0,1.0,5.0,conditional_bounds,
969999751733186560,2023,13,9,24,9,23.0,24.0,8.0,9.0,1.0,7.0,2.0,7.0,5.0,13.0,2.0,5.0,conditional_bounds,
969999751733186560,2023,13,10,24,9,24.0,24.0,9.0,9.0,1.0,9.0,2.0,10.0,4.0,8.0,3.0,6.0,conditional_bounds,
969999751733186560,2023,13,11,24,9,23.0,24.0,8.0,9.0,1.0,3.0,5.0,13.0,3.0,10.0,1.0,6.0,conditional_bounds,
969999751733186560,2023,13,12,24,9,19.0,24.0,4.0,9.0,1.0,4.0,2.0,7.0,4.0,10.0,3.0,7.0,conditional_bounds,
969999751733186560,2023,14,1,24,9,23.0,24.0,8.0,9.0,1.0,2.0,2.0,10.0,4.0,12.0,3.0,8.0,conditional_bounds,
969999751733186560,2023,14,2,24,9,18.0,24.0,3.0,9.0,1.0,2.0,2.0,7.0,6.0,15.0,1.0,3.0,conditional_bounds,
969999751733186560,2023,14,3,24,9,21.0,24.0,6.0,9.0,1.0,3.0,3.0,11.0,5.0,11.0,1.0,5.0,conditional_bounds,
969999751733186560,2023,14,4,24,9,16.0,24.0,1.0,9.0,1.0,3.0,2.0,11.0,6.0,9.0,1.0,2.0,conditional_bounds,
969999751733186560,2023,14,5,24,9,20.0,24.0,5.0,9.0,1.0,3.0,4.0,10.0,4.0,12.0,1.0,4.0,conditional_bounds,
969999751733186560,2023,14,6,24,9,19.0,24.0,4.0,9.0,1.0,4.0,4.0,8.0,4.0,11.0,1.0,5.0,conditional_bounds,
969999751733186560,2023,14,7,24,9,22.0,24.0,7.0,9.0,1.0,6.0,4.0,8.0,4.0,13.0,1.0,4.0,conditional_bounds,
969999751733186560,2023,14,8,24,9,19.0,24.0,4.0,9.0,1.0,4.0,3.0,8.0,5.0,11.0,1.0,5.0,conditional_bounds,
969999751733186560,2023,14,9,24,9,23.0,24.0,8.0,9.0,1.0,7.0,2.0,7.0,5.0,13.0,2.0,5.0,conditional_bounds,
969999751733186560,2023,14,10,24,9,22.0,24.0,7.0,9.0,1.0,7.0,3.0,10.0,4.0,8.0,2.0,6.0,conditional_bounds,
969999751733186560,2023,14,11,24,9,23.0,24.0,8.0,9.0,1.0,3.0,5.0,13.0,3.0,10.0,1.0,6.0,conditional_bounds,
969999751733186560,2023,14,12,24,9,19.0,24.0,4.0,9.0,1.0,4.0,2.0,7.0,4.0,10.0,3.0,7.0,conditional_bounds,
1048204852251164672,2024,3,1,24,9,20.0,24.0,5.0,9.0,1.0,3.0,4.0,9.0,4.0,13.0,1.0,4.0,conditional_bounds,
1048204852251164672,2024,3,2,24,9,19.0,24.0,4.0,9.0,1.0,3.0,3.0,6.0,8.0,17.0,2.0,2.0,conditional_bounds,
1048204852251164672,2024,3,3,24,9,23.0,24.0,8.0,9.0,1.0,5.0,3.0,8.0,5.0,14.0,1.0,5.0,conditional_bounds,
1048204852251164672,2024,3,4,24,9,23.0,24.0,8.0,9.0,1.0,3.0,6.0,15.0,6.0,11.0,1.0,3.0,conditional_bounds,
1048204852251164672,2024,3,5,24,9,17.0,24.0,2.0,9.0,1.0,3.0,3.0,7.0,5.0,12.0,1.0,4.0,conditional_bounds,
1048204852251164672,2024,3,6,24,9,21.0,24.0,6.0,9.0,1.0,4.0,4.0,10.0,3.0,12.0,2.0,4.0,conditional_bounds,
1048204852251164672,2024,3,7,24,9,21.0,24.0,6.0,9.0,1.0,4.0,4.0,8.0,3.0,12.0,2.0,6.0,conditional_bounds,
1048204852251164672,2024,3,8,24,9,19.0,24.0,4.0,9.0,1.0,3.0,2.0,8.0,6.0,11.0,1.0,6.0,conditional_bounds,
1048204852251164672,2024,3,9,24,9,23.0,24.0,8.0,9.0,1.0,6.0,2.0,6.0,5.0,14.0,2.0,6.0,conditional_bounds,
1048204852251164672,2024,3,10,24,9,24.0,24.0,9.0,9.0,1.0,6.0,2.0,10.0,5.0,12.0,2.0,5.0,conditional_bounds,
1048204852251164672,2024,3,11,24,9,21.0,24.0,6.0,9.0,1.0,4.0,3.0,8.0,5.0,13.0,1.0,5.0,conditional_bounds,
1048204852251164672,2024,3,12,24,9,19.0,24.0,4.0,9.0,1.0,3.0,2.0,6.0,5.0,11.0,2.0,8.0,conditional_bounds,
1048204852251164672,2024,4,1,24,9,20.0,24.0,5.0,9.0,1.0,3.0,4.0,9.0,4.0,13.0,1.0,4.0,conditional_bounds,
1048204852251164672,2024,4,2,24,9,17.0,24.0,2.0,9.0,1.0,3.0,3.0,6.0,6.0,15.0,1.0,2.0,conditional_bounds,
1048204852251164672,2024,4,3,24,9,22.0,24.0,7.0,9.0,1.0,5.0,3.0,9.0,5.0,11.0,1.0,6.0,conditional_bounds,
1048204852251164672,2024,4,4,24,9,23.0,24.0,8.0,9.0,1.0,3.0,6.0,15.0,5.0,11.0,2.0,3.0,conditional_bounds,
1048204852251164672,2024,4,5,24,9,17.0,24.0,2.0,9.0,1.0,3.0,4.0,7.0,4.0,12.0,1.0,4.0,conditional_bounds,
1048204852251164672,2024,4,6,24,9,22.0,24.0,7.0,9.0,1.0,4.0,4.0,10.0,4.0,13.0,2.0,4.0,conditional_bounds,
1048204852251164672,2024,4,7,24,9,22.0,24.0,7.0,9.0,1.0,4.0,3.0,8.0,4.0,13.0,2.0,6.0,conditional_bounds,
1048204852251164672,2024,4,8,24,9,19.0,24.0,4.0,9.0,1.0,3.0,2.0,8.0,6.0,11.0,1.0,6.0,conditional_bounds,
1048204852251164672,2024,4,9,24,9,23.0,24.0,8.0,9.0,1.0,6.0,2.0,6.0,5.0,14.0,2.0,6.0,conditional_bounds,
1048204852251164672,2024,4,10,24,9,24.0,24.0,9.0,9.0,1.0,5.0,3.0,10.0,5.0,13.0,1.0,5.0,conditional_bounds,
1048204852251164672,2024,4,11,24,9,21.0,24.0,6.0,9.0,1.0,4.0,3.0,8.0,5.0,13.0,1.0,5.0,conditional_bounds,
1048204852251164672,2024,4,12,24,9,19.0,24.0,4.0,9.0,1.0,3.0,2.0,6.0,5.0,11.0,2.0,8.0,conditional_bounds,
1048204852251164672,2024,5,1,24,9,20.0,24.0,5.0,9.0,1.0,3.0,4.0,9.0,4.0,13.0,1.0,4.0,conditional_bounds,
1048204852251164672,2024,5,2,24,9,17.0,24.0,2.0,9.0,1.0,3.0,4.0,6.0,6.0,15.0,1.0,2.0,conditional_bounds,
1048204852251164672,2024,5,3,24,9,23.0,24.0,8.0,9.0,1.0,5.0,2.0,10.0,4.0,11.0,3.0,6.0,conditional_bounds,
1048204852251164672,2024,5,4,24,9,23.0,24.0,8.0,9.0,1.0,3.0,6.0,15.0,6.0,11.0,1.0,3.0,conditional_bounds,
1048204852251164672,2024,5,5,24,9,17.0,24.0,2.0,9.0,1.0,3.0,5.0,7.0,3.0,12.0,1.0,4.0,conditional_bounds,
1048204852251164672,2024,5,6,24,9,23.0,24.0,8.0,9.0,1.0,4.0,4.0,10.0,4.0,13.0,1.0,5.0,conditional_bounds,
1048204852251164672,2024,5,7,24,9,22.0,24.0,7.0,9.0,1.0,4.0,3.0,8.0,4.0,13.0,2.0,6.0,conditional_bounds,
1048204852251164672,2024,5,8,24,9,20.0,24.0,5.0,9.0,1.0,3.0,2.0,9.0,6.0,11.0,1.0,6.0,conditional_bounds,
1048204852251164672,2024,5,9,24,9,23.0,24.0,8.0,9.0,1.0,6.0,2.0,6.0,5.0,14.0,2.0,6.0,conditional_bounds,
1048204852251164672,2024,5,10,24,9,24.0,24.0,9.0,9.0,1.0,5.0,2.0,11.0,6.0,11.0,1.0,5.0,conditional_bounds,
1048204852251164672,2024,5,11,24,9,22.0,24.0,7.0,9.0,1.0,4.0,3.0,8.0,5.0,14.0,1.0,5.0,conditional_bounds,
1048204852251164672,2024,5,12,24,9,19.0,24.0,4.0,9.0,1.0,3.0,2.0,6.0,5.0,11.0,2.0,8.0,conditional_bounds,
1048204852251164672,2024,6,1,24,9,21.0,24.0,6.0,9.0,1.0,3.0,4.0,9.0,5.0,14.0,1.0,4.0,conditional_bounds,
1048204852251164672,2024,6,2,24,9,17.0,24.0,2.0,9.0,1.0,3.0,3.0,6.0,6.0,15.0,2.0,2.0,conditional_bounds,
1048204852251164672,2024,6,3,24,9,24.0,24.0,9.0,9.0,1.0,4.0,3.0,10.0,5.0,12.0,1.0,6.0,conditional_bounds,
1048204852251164672,2024,6,4,24,9,22.0,24.0,7.0,9.0,1.0,2.0,5.0,14.0,5.0,12.0,2.0,3.0,conditional_bounds,
1048204852251164672,2024,6,5,24,9,17.0,24.0,2.0,9.0,1.0,3.0,4.0,7.0,4.0,12.0,1.0,4.0,conditional_bounds,
1048204852251164672,2024,6,6,24,9,23.0,24.0,8.0,9.0,1.0,4.0,4.0,10.0,4.0,13.0,1.0,5.0,conditional_bounds,
1048204852251164672,2024,6,7,24,9,22.0,24.0,7.0,9.0,1.0,4.0,2.0,8.0,5.0,13.0,2.0,6.0,conditional_bounds,
1048204852251164672,2024,6,8,24,9,20.0,24.0,5.0,9.0,1.0,3.0,2.0,9.0,6.0,11.0,1.0,6.0,conditional_bounds,
1048204852251164672,2024,6,9,24,9,23.0,24.0,8.0,9.0,1.0,6.0,2.0,6.0,5.0,14.0,2.0,6.0,conditional_bounds,
1048204852251164672,2024,6,10,24,9,23.0,24.0,8.0,9.0,1.0,5.0,2.0,10.0,5.0,10.0,2.0,6.0,conditional_bounds,
1048204852251164672,2024,6,11,24,9,23.0,24.0,8.0,9.0,1.0,4.0,2.0,8.0,6.0,15.0,1.0,5.0,conditional_bounds,
1048204852251164672,2024,6,12,24,9,19.0,24.0,4.0,9.0,1.0,3.0,2.0,6.0,4.0,11.0,3.0,8.0,conditional_bounds,
1048204852251164672,2024,7,1,24,9,20.0,24.0,5.0,9.0,1.0,3.0,4.0,8.0,5.0,14.0,1.0,4.0,conditional_bounds,
1048204852251164672,2024,7,2,24,9,17.0,24.0,2.0,9.0,1.0,3.0,3.0,6.0,6.0,15.0,2.0,2.0,conditional_bounds,
1048204852251164672,2024,7,3,24,9,24.0,24.0,9.0,9.0,1.0,4.0,4.0,11.0,4.0,12.0,1.0,6.0,conditional_bounds,
1048204852251164672,2024,7,4,24,9,22.0,24.0,7.0,9.0,1.0,2.0,5.0,14.0,6.0,12.0,1.0,3.0,conditional_bounds,
1048204852251164672,2024,7,5,24,9,17.0,24.0,2.0,9.0,1.0,3.0,3.0,7.0,5.0,12.0,1.0,4.0,conditional_bounds,
1048204852251164672,2024,7,6,24,9,21.0,24.0,6.0,9.0,1.0,4.0,4.0,10.0,4.0,11.0,1.0,5.0,conditional_bounds,
1048204852251164672,2024,7,7,24,9,22.0,24.0,7.0,9.0,1.0,4.0,2.0,8.0,5.0,13.0,2.0,6.0,conditional_bounds,
1048204852251164672,2024,7,8,24,9,22.0,24.0,7.0,9.0,1.0,3.0,2.0,10.0,6.0,12.0,1.0,6.0,conditional_bounds,
1048204852251164672,2024,7,9,24,9,22.0,24.0,7.0,9.0,1.0,6.0,2.0,6.0,5.0,14.0,2.0,5.0,conditional_bounds,
1048204852251164672,2024,7,10,24,9,22.0,24.0,7.0,9.0,1.0,6.0,2.0,8.0,4.0,10.0,3.0,7.0,conditional_bounds,
1048204852251164672,2024,7,11,24,9,23.0,24.0,8.0,9.0,1.0,4.0,3.0,8.0,6.0,15.0,1.0,5.0,conditional_bounds,
1048204852251164672,2024,7,12,24,9,19.0,24.0,4.0,9.0,1.0,3.0,2.0,6.0,4.0,11.0,3.0,8.0,conditional_bounds,
1048204852251164672,2024,8,1,24,9,20.0,24.0,5.0,9.0,1.0,3.0,5.0,8.0,5.0,14.0,1.0,4.0,conditional_bounds,
1048204852251164672,2024,8,2,24,9,18.0,24.0,3.0,9.0,1.0,3.0,5.0,8.0,5.0,14.0,1.0,2.0,conditional_bounds,
1048204852251164672,2024,8,3,24,9,24.0,24.0,9.0,9.0,1.0,4.0,4.0,11.0,4.0,12.0,1.0,6.0,conditional_bounds,
1048204852251164672,2024,8,4,24,9,22.0,24.0,7.0,9.0,1.0,2.0,5.0,14.0,6.0,12.0,1.0,3.0,conditional_bounds,
1048204852251164672,2024,8,5,24,9,17.0,24.0,2.0,9.0,1.0,3.0,4.0,7.0,4.0,12.0,1.0,4.0,conditional_bounds,
1048204852251164672,2024,8,6,24,9,21.0,24.0,6.0,9.0,1.0,4.0,3.0,10.0,5.0,11.0,1.0,5.0,conditional_bounds,
1048204852251164672,2024,8,7,24,9,22.0,24.0,7.0,9.0,1.0,4.0,3.0,8.0,4.0,13.0,2.0,6.0,conditional_bounds,
1048204852251164672,2024,8,8,24,9,21.0,24.0,6.0,9.0,1.0,3.0,2.0,10.0,6.0,12.0,1.0,5.0,conditional_bounds,
1048204852251164672,2024,8,9,24,9,20.0,24.0,5.0,9.0,1.0,6.0,2.0,4.0,5.0,14.0,2.0,5.0,conditional_bounds,
1048204852251164672,2024,8,10,24,9,21.0,24.0,6.0,9.0,1.0,6.0,2.0,8.0,4.0,10.0,3.0,6.0,conditional_bounds,
1048204852251164672,2024,8,11,24,9,22.0,24.0,7.0,9.0,1.0,3.0,4.0,8.0,6.0,15.0,1.0,5.0,conditional_bounds,
1048204852251164672,2024,8,12,24,9,19.0,24.0,4.0,9.0,1.0,3.0,2.0,6.0,4.0,11.0,3.0,8.0,conditional_bounds,
1048204852251164672,2024,9,1,24,9,20.0,24.0,5.0,9.0,1.0,3.0,4.0,8.0,5.0,14.0,1.0,4.0,conditional_bounds,
1048204852251164672,2024,9,2,24,9,18.0,24.0,3.0,9.0,1.0,3.0,3.0,8.0,5.0,14.0,2.0,2.0,conditional_bounds,
1048204852251164672,2024,9,3,24,9,22.0,24.0,7.0,9.0,1.0,4.0,4.0,10.0,4.0,11.0,1.0,6.0,conditional_bounds,
1048204852251164672,2024,9,4,24,9,22.0,24.0,7.0,9.0,1.0,2.0,5.0,14.0,4.0,12.0,1.0,3.0,conditional_bounds,
1048204852251164672,2024,9,5,24,9,17.0,24.0,2.0,9.0,1.0,3.0,4.0,7.0,4.0,11.0,1.0,5.0,conditional_bounds,
1048204852251164672,2024,9,6,24,9,21.0,24.0,6.0,9.0,1.0,4.0,3.0,10.0,5.0,11.0,1.0,5.0,conditional_bounds,
1048204852251164672,2024,9,7,24,9,22.0,24.0,7.0,9.0,1.0,4.0,3.0,8.0,4.0,13.0,3.0,6.0,conditional_bounds,
1048204852251164672,2024,9,8,24,9,21.0,24.0,6.0,9.0,1.0,3.0,2.0,10.0,6.0,12.0,1.0,5.0,conditional_bounds,
1048204852251164672,2024,9,9,24,9,21.0,24.0,6.0,9.0,1.0,6.0,2.0,4.0,6.0,15.0,2.0,5.0,conditional_bounds,
1048204852251164672,2024,9,10,24,9,22.0,24.0,7.0,9.0,1.0,6.0,2.0,8.0,4.0,11.0,3.0,6.0,conditional_bounds,
1048204852251164672,2024,9,11,24,9,22.0,24.0,7.0,9.0,1.0,3.0,4.0,8.0,6.0,15.0,1.0,5.0,conditional_bounds,
1048204852251164672,2024,9,12,24,9,19.0,24.0,4.0,9.0,1.0,3.0,2.0,6.0,4.0,11.0,3.0,8.0,conditional_bounds,
1048204852251164672,2024,10,1,24,9,20.0,24.0,5.0,9.0,1.0,3.0,4.0,8.0,5.0,14.0,1.0,4.0,conditional_bounds,
1048204852251164672,2024,10,2,24,9,18.0,24.0,3.0,9.0,1.0,3.0,4.0,8.0,5.0,14.0,2.0,2.0,conditional_bounds,
1048204852251164672,2024,10,3,24,9,22.0,24.0,7.0,9.0,1.0,4.0,4.0,10.0,4.0,11.0,1.0,6.0,conditional_bounds,
1048204852251164672,2024,10,4,24,9,20.0,24.0,5.0,9.0,1.0,2.0,4.0,13.0,3.0,11.0,2.0,3.0,conditional_bounds,
1048204852251164672,2024,10,5,24,9,17.0,24.0,2.0,9.0,1.0,4.0,3.0,7.0,4.0,10.0,2.0,5.0,conditional_bounds,
1048204852251164672,2024,10,6,24,9,21.0,24.0,6.0,9.0,1.0,4.0,3.0,10.0,4.0,11.0,2.0,5.0,conditional_bounds,
1048204852251164672,2024,10,7,24,9,22.0,24.0,7.0,9.0,1.0,4.0,3.0,8.0,4.0,13.0,3.0,6.0,conditional_bounds,
1048204852251164672,2024,10,8,24,9,21.0,24.0,6.0,9.0,1.0,3.0,2.0,10.0,6.0,12.0,1.0,5.0,conditional_bounds,
1048204852251164672,2024,10,9,24,9,21.0,24.0,6.0,9.0,1.0,6.0,2.0,4.0,6.0,15.0,2.0,5.0,conditional_bounds,
1048204852251164672,2024,10,10,24,9,24.0,24.0,9.0,9.0,1.0,7.0,2.0,9.0,5.0,11.0,2.0,6.0,conditional_bounds,
1048204852251164672,2024,10,11,24,9,24.0,24.0,9.0,9.0,1.0,3.0,3.0,8.0,7.0,16.0,1.0,6.0,conditional_bounds,
1048204852251164672,2024,10,12,24,9,19.0,24.0,4.0,9.0,1.0,3.0,2.0,6.0,4.0,11.0,3.0,8.0,conditional_bounds,
1048204852251164672,2024,11,1,24,9,20.0,24.0,5.0,9.0,1.0,3.0,3.0,8.0,5.0,14.0,1.0,4.0,conditional_bounds,
1048204852251164672,2024,11,2,24,9,18.0,24.0,3.0,9.0,1.0,3.0,5.0,8.0,4.0,13.0,0.0,3.0,conditional_bounds,
1048204852251164672,2024,11,3,24,9,22.0,24.0,7.0,9.0,1.0,4.0,4.0,10.0,4.0,10.0,1.0,7.0,conditional_bounds,
1048204852251164672,2024,11,4,24,9,20.0,24.0,5.0,9.0,1.0,2.0,4.0,13.0,5.0,11.0,1.0,3.0,conditional_bounds,
1048204852251164672,2024,11,5,24,9,17.0,24.0,2.0,9.0,1.0,4.0,3.0,7.0,4.0,10.0,2.0,5.0,conditional_bounds,
1048204852251164672,2024,11,6,24,9,21.0,24.0,6.0,9.0,1.0,4.0,4.0,10.0,4.0,11.0,1.0,5.0,conditional_bounds,
1048204852251164672,2024,11,7,24,9,22.0,24.0,7.0,9.0,1.0,4.0,4.0,8.0,4.0,13.0,2.0,6.0,conditional_bounds,
1048204852251164672,2024,11,8,24,9,21.0,24.0,6.0,9.0,1.0,3.0,2.0,10.0,6.0,12.0,1.0,5.0,conditional_bounds,
1048204852251164672,2024,11,9,24,9,21.0,24.0,6.0,9.0,1.0,6.0,2.0,4.0,6.0,15.0,2.0,5.0,conditional_bounds,
1048204852251164672,2024,11,10,24,9,24.0,24.0,9.0,9.0,1.0,7.0,2.0,8.0,5.0,12.0,2.0,6.0,conditional_bounds,
1048204852251164672,2024,11,11,24,9,24.0,24.0,9.0,9.0,1.0,3.0,3.0,8.0,7.0,16.0,2.0,6.0,conditional_bounds,
1048204852251164672,2024,11,12,24,9,19.0,24.0,4.0,9.0,1.0,3.0,2.0,6.0,3.0,11.0,3.0,8.0,conditional_bounds,
1048204852251164672,2024,12,1,24,9,20.0,24.0,5.0,9.0,1.0,3.0,4.0,8.0,5.0,14.0,1.0,4.0,conditional_bounds,
1048204852251164672,2024,12,2,24,9,18.0,24.0,3.0,9.0,1.0,3.0,4.0,8.0,4.0,13.0,1.0,3.0,conditional_bounds,
1048204852251164672,2024,12,3,24,9,22.0,24.0,7.0,9.0,1.0,4.0,4.0,10.0,3.0,10.0,2.0,7.0,conditional_bounds,
1048204852251164672,2024,12,4,24,9,19.0,24.0,4.0,9.0,1.0,2.0,3.0,12.0,5.0,11.0,1.0,3.0,conditional_bounds,
1048204852251164672,2024,12,5,24,9,17.0,24.0,2.0,9.0,1.0,4.0,4.0,7.0,3.0,10.0,2.0,5.0,conditional_bounds,
1048204852251164672,2024,12,6,24,9,21.0,24.0,6.0,9.0,1.0,4.0,3.0,10.0,4.0,11.0,2.0,5.0,conditional_bounds,
1048204852251164672,2024,12,7,24,9,22.0,24.0,7.0,9.0,1.0,4.0,4.0,8.0,4.0,13.0,2.0,6.0,conditional_bounds,
1048204852251164672,2024,12,8,24,9,21.0,24.0,6.0,9.0,1.0,3.0,2.0,10.0,5.0,12.0,2.0,5.0,conditional_bounds,
1048204852251164672,2024,12,9,24,9,21.0,24.0,6.0,9.0,1.0,6.0,3.0,4.0,6.0,15.0,1.0,5.0,conditional_bounds,
1048204852251164672,2024,12,10,24,9,24.0,24.0,9.0,9.0,1.0,7.0,3.0,8.0,4.0,13.0,2.0,5.0,conditional_bounds,
1048204852251164672,2024,12,11,24,9,24.0,24.0,9.0,9.0,1.0,3.0,4.0,9.0,7.0,16.0,2.0,5.0,conditional_bounds,
1048204852251164672,2024,12,12,24,9,19.0,24.0,4.0,9.0,1.0,3.0,2.0,6.0,4.0,11.0,3.0,8.0,conditional_bounds,
1048204852251164672,2024,13,1,24,9,20.0,24.0,5.0,9.0,1.0,3.0,4.0,8.0,5.0,14.0,1.0,4.0,conditional_bounds,
1048204852251164672,2024,13,2,24,9,18.0,24.0,3.0,9.0,1.0,3.0,4.0,8.0,4.0,13.0,1.0,3.0,conditional_bounds,
1048204852251164672,2024,13,3,24,9,22.0,24.0,7.0,9.0,1.0,4.0,4.0,10.0,4.0,10.0,1.0,7.0,conditional_bounds,
1048204852251164672,2024,13,4,24,9,18.0,24.0,3.0,9.0,1.0,2.0,4.0,11.0,4.0,11.0,1.0,3.0,conditional_bounds,
1048204852251164672,2024,13,5,24,9,17.0,24.0,2.0,9.0,1.0,4.0,4.0,7.0,3.0,10.0,2.0,5.0,conditional_bounds,
1048204852251164672,2024,13,6,24,9,22.0,24.0,7.0,9.0,1.0,4.0,3.0,10.0,4.0,12.0,2.0,5.0,conditional_bounds,
1048204852251164672,2024,13,7,24,9,22.0,24.0,7.0,9.0,1.0,4.0,4.0,8.0,4.0,13.0,1.0,6.0,conditional_bounds,
1048204852251164672,2024,13,8,24,9,21.0,24.0,6.0,9.0,1.0,3.0,2.0,10.0,6.0,12.0,1.0,5.0,conditional_bounds,
1048204852251164672,2024,13,9,24,9,21.0,24.0,6.0,9.0,1.0,6.0,2.0,4.0,6.0,15.0,2.0,5.0,conditional_bounds,
1048204852251164672,2024,13,10,24,9,24.0,24.0,9.0,9.0,1.0,7.0,2.0,8.0,6.0,13.0,1.0,5.0,conditional_bounds,
1048204852251164672,2024,13,11,24,9,24.0,24.0,9.0,9.0,1.0,3.0,4.0,10.0,6.0,15.0,1.0,5.0,conditional_bounds,
1048204852251164672,2024,13,12,24,9,19.0,24.0,4.0,9.0,1.0,3.0,2.0,6.0,4.0,11.0,3.0,8.0,conditional_bounds,
1048204852251164672,2024,14,1,24,9,20.0,24.0,5.0,9.0,1.0,3.0,4.0,8.0,5.0,14.0,1.0,4.0,conditional_bounds,
1048204852251164672,2024,14,2,24,9,18.0,24.0,3.0,9.0,1.0,3.0,2.0,8.0,6.0,13.0,1.0,3.0,conditional_bounds,
1048204852251164672,2024,14,3,24,9,22.0,24.0,7.0,9.0,1.0,4.0,4.0,10.0,3.0,10.0,2.0,7.0,conditional_bounds,
1048204852251164672,2024,14,4,24,9,18.0,24.0,3.0,9.0,1.0,2.0,4.0,11.0,4.0,11.0,1.0,3.0,conditional_bounds,
1048204852251164672,2024,14,5,24,9,17.0,24.0,2.0,9.0,1.0,4.0,3.0,7.0,4.0,10.0,2.0,5.0,conditional_bounds,
1048204852251164672,2024,14,6,24,9,22.0,24.0,7.0,9.0,1.0,4.0,4.0,10.0,4.0,12.0,1.0,5.0,conditional_bounds,
1048204852251164672,2024,14,7,24,9,22.0,24.0,7.0,9.0,1.0,4.0,2.0,8.0,5.0,13.0,2.0,6.0,conditional_bounds,
1048204852251164672,2024,14,8,24,9,21.0,24.0,6.0,9.0,1.0,3.0,2.0,10.0,6.0,12.0,1.0,5.0,conditional_bounds,
1048204852251164672,2024,14,9,24,9,21.0,24.0,6.0,9.0,1.0,6.0,2.0,4.0,6.0,15.0,3.0,5.0,conditional_bounds,
1048204852251164672,2024,14,10,24,9,24.0,24.0,9.0,9.0,1.0,7.0,2.0,8.0,6.0,13.0,1.0,5.0,conditional_bounds,
1048204852251164672,2024,14,11,24,9,24.0,24.0,9.0,9.0,1.0,3.0,3.0,10.0,6.0,15.0,1.0,5.0,conditional_bounds,
1048204852251164672,2024,14,12,24,9,19.0,24.0,4.0,9.0,1.0,3.0,2.0,6.0,4.0,11.0,3.0,8.0,conditional_bounds,
1048901308398288896,2024,3,1,25,8,23.0,25.0,6.0,8.0,1.0,3.0,2.0,7.0,6.0,13.0,1.0,8.0,conditional_bounds,
1048901308398288896,2024,3,2,25,8,22.0,25.0,5.0,8.0,1.0,3.0,1.0,4.0,4.0,11.0,3.0,11.0,conditional_bounds,
1048901308398288896,2024,3,3,25,8,20.0,25.0,3.0,8.0,1.0,4.0,4.0,12.0,4.0,9.0,1.0,3.0,conditional_bounds,
1048901308398288896,2024,3,4,25,8,23.0,25.0,6.0,8.0,1.0,3.0,5.0,8.0,9.0,17.0,1.0,3.0,conditional_bounds,
1048901308398288896,2024,3,5,25,8,20.0,25.0,3.0,8.0,1.0,4.0,3.0,8.0,4.0,10.0,2.0,6.0,conditional_bounds,
1048901308398288896,2024,3,6,25,8,20.0,25.0,3.0,8.0,1.0,4.0,4.0,12.0,4.0,9.0,1.0,3.0,conditional_bounds,
1048901308398288896,2024,3,7,25,8,21.0,25.0,4.0,8.0,1.0,5.0,4.0,7.0,5.0,13.0,1.0,4.0,conditional_bounds,
1048901308398288896,2024,3,8,25,8,22.0,25.0,5.0,8.0,1.0,2.0,4.0,7.0,9.0,17.0,1.0,4.0,conditional_bounds,
1048901308398288896,2024,3,9,25,8,25.0,25.0,8.0,8.0,1.0,9.0,3.0,8.0,4.0,11.0,2.0,5.0,conditional_bounds,
1048901308398288896,2024,3,10,25,8,23.0,25.0,6.0,8.0,1.0,3.0,3.0,10.0,6.0,14.0,1.0,4.0,conditional_bounds,
1048901308398288896,2024,3,11,25,8,22.0,25.0,5.0,8.0,1.0,3.0,4.0,12.0,5.0,11.0,1.0,4.0,conditional_bounds,
1048901308398288896,2024,3,12,25,8,24.0,25.0,7.0,8.0,1.0,3.0,5.0,13.0,6.0,12.0,1.0,4.0,conditional_bounds,
1048901308398288896,2024,4,1,25,8,23.0,25.0,6.0,8.0,1.0,3.0,2.0,7.0,5.0,13.0,2.0,8.0,conditional_bounds,
1048901308398288896,2024,4,2,25,8,22.0,25.0,5.0,8.0,1.0,3.0,2.0,5.0,3.0,10.0,4.0,11.0,conditional_bounds,
1048901308398288896,2024,4,3,25,8,21.0,25.0,4.0,8.0,1.0,4.0,4.0,12.0,4.0,9.0,2.0,4.0,conditional_bounds,
1048901308398288896,2024,4,4,25,8,23.0,25.0,6.0,8.0,1.0,3.0,3.0,8.0,9.0,17.0,1.0,3.0,conditional_bounds,
1048901308398288896,2024,4,5,25,8,20.0,25.0,3.0,8.0,1.0,4.0,3.0,8.0,4.0,10.0,2.0,6.0,conditional_bounds,
1048901308398288896,2024,4,6,25,8,20.0,25.0,3.0,8.0,1.0,4.0,4.0,12.0,4.0,9.0,1.0,3.0,conditional_bounds,
1048901308398288896,2024,4,7,25,8,21.0,25.0,4.0,8.0,1.0,5.0,4.0,7.0,5.0,13.0,1.0,4.0,conditional_bounds,
1048901308398288896,2024,4,8,25,8,22.0,25.0,5.0,8.0,1.0,2.0,3.0,7.0,9.0,17.0,1.0,4.0,conditional_bounds,
1048901308398288896,2024,4,9,25,8,25.0,25.0,8.0,8.0,1.0,9.0,3.0,8.0,4.0,11.0,2.0,5.0,conditional_bounds,
1048901308398288896,2024,4,10,25,8,24.0,25.0,7.0,8.0,1.0,3.0,4.0,10.0,7.0,15.0,1.0,4.0,conditional_bounds,
1048901308398288896,2024,4,11,25,8,22.0,25.0,5.0,8.0,1.0,3.0,4.0,12.0,5.0,11.0,1.0,4.0,conditional_bounds,
1048901308398288896,2024,4,12,25,8,24.0,25.0,7.0,8.0,1.0,3.0,5.0,13.0,6.0,12.0,1.0,4.0,conditional_bounds,
1048901308398288896,2024,5,1,25,8,23.0,25.0,6.0,8.0,1.0,3.0,2.0,7.0,5.0,13.0,2.0,8.0,conditional_bounds,
1048901308398288896,2024,5,2,25,8,22.0,25.0,5.0,8.0,1.0,3.0,1.0,5.0,4.0,10.0,3.0,11.0,conditional_bounds,
1048901308398288896,2024,5,3,25,8,23.0,25.0,6.0,8.0,1.0,5.0,4.0,12.0,4.0,10.0,1.0,4.0,conditional_bounds,
1048901308398288896,2024,5,4,25,8,25.0,25.0,8.0,8.0,1.0,3.0,3.0,9.0,10.0,18.0,1.0,3.0,conditional_bounds,
1048901308398288896,2024,5,5,25,8,20.0,25.0,3.0,8.0,1.0,4.0,2.0,8.0,5.0,10.0,2.0,6.0,conditional_bounds,
1048901308398288896,2024,5,6,25,8,20.0,25.0,3.0,8.0,1.0,4.0,4.0,12.0,5.0,9.0,2.0,3.0,conditional_bounds,
1048901308398288896,2024,5,7,25,8,21.0,25.0,4.0,8.0,1.0,5.0,4.0,7.0,5.0,13.0,1.0,4.0,conditional_bounds,
1048901308398288896,2024,5,8,25,8,22.0,25.0,5.0,8.0,1.0,2.0,2.0,8.0,9.0,17.0,1.0,3.0,conditional_bounds,
1048901308398288896,2024,5,9,25,8,25.0,25.0,8.0,8.0,1.0,9.0,4.0,8.0,4.0,11.0,1.0,5.0,conditional_bounds,
1048901308398288896,2024,5,10,25,8,24.0,25.0,7.0,8.0,1.0,3.0,4.0,10.0,7.0,15.0,1.0,4.0,conditional_bounds,
1048901308398288896,2024,5,11,25,8,22.0,25.0,5.0,8.0,1.0,3.0,4.0,12.0,5.0,11.0,1.0,4.0,conditional_bounds,
1048901308398288896,2024,5,12,25,8,24.0,25.0,7.0,8.0,1.0,3.0,5.0,13.0,6.0,12.0,1.0,4.0,conditional_bounds,
1048901308398288896,2024,6,1,25,8,22.0,25.0,5.0,8.0,1.0,3.0,2.0,6.0,5.0,13.0,2.0,8.0,conditional_bounds,
1048901308398288896,2024,6,2,25,8,22.0,25.0,5.0,8.0,1.0,3.0,2.0,5.0,3.0,10.0,4.0,11.0,conditional_bounds,
1048901308398288896,2024,6,3,25,8,23.0,25.0,6.0,8.0,1.0,5.0,4.0,12.0,5.0,10.0,2.0,4.0,conditional_bounds,
1048901308398288896,2024,6,4,25,8,25.0,25.0,8.0,8.0,1.0,3.0,4.0,9.0,10.0,18.0,1.0,3.0,conditional_bounds,
1048901308398288896,2024,6,5,25,8,20.0,25.0,3.0,8.0,1.0,4.0,3.0,8.0,4.0,10.0,2.0,6.0,conditional_bounds,
1048901308398288896,2024,6,6,25,8,20.0,25.0,3.0,8.0,1.0,4.0,4.0,12.0,4.0,9.0,1.0,3.0,conditional_bounds,
1048901308398288896,2024,6,7,25,8,21.0,25.0,4.0,8.0,1.0,5.0,3.0,7.0,5.0,13.0,1.0,4.0,conditional_bounds,
1048901308398288896,2024,6,8,25,8,22.0,25.0,5.0,8.0,1.0,2.0,3.0,8.0,9.0,17.0,1.0,3.0,conditional_bounds,
1048901308398288896,2024,6,9,25,8,25.0,25.0,8.0,8.0,1.0,9.0,4.0,8.0,3.0,11.0,2.0,5.0,conditional_bounds,
1048901308398288896,2024,6,10,25,8,24.0,25.0,7.0,8.0,1.0,3.0,3.0,10.0,7.0,15.0,1.0,4.0,conditional_bounds,
1048901308398288896,2024,6,11,25,8,23.0,25.0,6.0,8.0,1.0,3.0,4.0,12.0,5.0,12.0,1.0,4.0,conditional_bounds,
1048901308398288896,2024,6,12,25,8,23.0,25.0,6.0,8.0,1.0,3.0,5.0,13.0,6.0,11.0,1.0,4.0,conditional_bounds,
1048901308398288896,2024,7,1,25,8,22.0,25.0,5.0,8.0,1.0,3.0,2.0,6.0,5.0,13.0,2.0,8.0,conditional_bounds,
1048901308398288896,2024,7,2,25,8,22.0,25.0,5.0,8.0,1.0,3.0,3.0,5.0,3.0,10.0,3.0,11.0,conditional_bounds,
1048901308398288896,2024,7,3,25,8,21.0,25.0,4.0,8.0,1.0,4.0,6.0,12.0,2.0,10.0,1.0,3.0,conditional_bounds,
1048901308398288896,2024,7,4,25,8,25.0,25.0,8.0,8.0,1.0,3.0,3.0,9.0,10.0,18.0,1.0,3.0,conditional_bounds,
1048901308398288896,2024,7,5,25,8,20.0,25.0,3.0,8.0,1.0,4.0,2.0,8.0,4.0,10.0,3.0,6.0,conditional_bounds,
1048901308398288896,2024,7,6,25,8,20.0,25.0,3.0,8.0,1.0,4.0,4.0,12.0,4.0,9.0,1.0,3.0,conditional_bounds,
1048901308398288896,2024,7,7,25,8,21.0,25.0,4.0,8.0,1.0,5.0,5.0,7.0,5.0,13.0,1.0,4.0,conditional_bounds,
1048901308398288896,2024,7,8,25,8,22.0,25.0,5.0,8.0,1.0,2.0,2.0,8.0,9.0,17.0,2.0,3.0,conditional_bounds,
1048901308398288896,2024,7,9,25,8,25.0,25.0,8.0,8.0,1.0,9.0,4.0,8.0,4.0,11.0,1.0,5.0,conditional_bounds,
1048901308398288896,2024,7,10,25,8,24.0,25.0,7.0,8.0,1.0,3.0,3.0,10.0,7.0,15.0,1.0,4.0,conditional_bounds,
1048901308398288896,2024,7,11,25,8,23.0,25.0,6.0,8.0,1.0,3.0,4.0,12.0,4.0,12.0,1.0,4.0,conditional_bounds,
1048901308398288896,2024,7,12,25,8,23.0,25.0,6.0,8.0,1.0,3.0,5.0,13.0,6.0,11.0,1.0,4.0,conditional_bounds,
1048901308398288896,2024,8,1,25,8,22.0,25.0,5.0,8.0,1.0,3.0,2.0,6.0,5.0,13.0,2.0,8.0,conditional_bounds,
1048901308398288896,2024,8,2,25,8,22.0,25.0,5.0,8.0,1.0,3.0,2.0,5.0,3.0,10.0,4.0,11.0,conditional_bounds,
1048901308398288896,2024,8,3,25,8,22.0,25.0,5.0,8.0,1.0,5.0,5.0,12.0,3.0,10.0,1.0,3.0,conditional_bounds,
1048901308398288896,2024,8,4,25,8,25.0,25.0,8.0,8.0,1.0,3.0,3.0,9.0,10.0,18.0,1.0,3.0,conditional_bounds,
1048901308398288896,2024,8,5,25,8,20.0,25.0,3.0,8.0,1.0,4.0,2.0,8.0,4.0,10.0,3.0,6.0,conditional_bounds,
1048901308398288896,2024,8,6,25,8,20.0,25.0,3.0,8.0,1.0,4.0,4.0,12.0,3.0,9.0,2.0,3.0,conditional_bounds,
1048901308398288896,2024,8,7,25,8,21.0,25.0,4.0,8.0,1.0,5.0,5.0,7.0,5.0,13.0,1.0,4.0,conditional_bounds,
1048901308398288896,2024,8,8,25,8,22.0,25.0,5.0,8.0,1.0,2.0,2.0,8.0,9.0,17.0,1.0,3.0,conditional_bounds,
1048901308398288896,2024,8,9,25,8,25.0,25.0,8.0,8.0,1.0,9.0,4.0,8.0,4.0,11.0,1.0,5.0,conditional_bounds,
1048901308398288896,2024,8,10,25,8,22.0,25.0,5.0,8.0,1.0,3.0,4.0,10.0,6.0,14.0,1.0,3.0,conditional_bounds,
1048901308398288896,2024,8,11,25,8,22.0,25.0,5.0,8.0,1.0,3.0,4.0,11.0,4.0,12.0,1.0,4.0,conditional_bounds,
1048901308398288896,2024,8,12,25,8,23.0,25.0,6.0,8.0,1.0,3.0,5.0,13.0,6.0,11.0,1.0,4.0,conditional_bounds,
1048901308398288896,2024,9,1,25,8,22.0,25.0,5.0,8.0,1.0,3.0,2.0,6.0,5.0,13.0,2.0,8.0,conditional_bounds,
1048901308398288896,2024,9,2,25,8,22.0,25.0,5.0,8.0,1.0,3.0,2.0,5.0,4.0,10.0,3.0,11.0,conditional_bounds,
1048901308398288896,2024,9,3,25,8,22.0,25.0,5.0,8.0,1.0,5.0,6.0,11.0,3.0,11.0,1.0,3.0,conditional_bounds,
1048901308398288896,2024,9,4,25,8,25.0,25.0,8.0,8.0,1.0,3.0,4.0,9.0,10.0,18.0,1.0,3.0,conditional_bounds,
1048901308398288896,2024,9,5,25,8,20.0,25.0,3.0,8.0,1.0,4.0,3.0,8.0,4.0,10.0,2.0,6.0,conditional_bounds,
1048901308398288896,2024,9,6,25,8,20.0,25.0,3.0,8.0,1.0,4.0,4.0,12.0,4.0,9.0,2.0,3.0,conditional_bounds,
1048901308398288896,2024,9,7,25,8,21.0,25.0,4.0,8.0,1.0,5.0,4.0,7.0,5.0,13.0,1.0,4.0,conditional_bounds,
1048901308398288896,2024,9,8,25,8,21.0,25.0,4.0,8.0,1.0,2.0,3.0,7.0,9.0,17.0,1.0,3.0,conditional_bounds,
1048901308398288896,2024,9,9,25,8,25.0,25.0,8.0,8.0,1.0,9.0,4.0,8.0,4.0,11.0,1.0,5.0,conditional_bounds,
1048901308398288896,2024,9,10,25,8,22.0,25.0,5.0,8.0,1.0,3.0,3.0,10.0,6.0,14.0,1.0,3.0,conditional_bounds,
1048901308398288896,2024,9,11,25,8,22.0,25.0,5.0,8.0,1.0,3.0,4.0,11.0,4.0,12.0,1.0,4.0,conditional_bounds,
1048901308398288896,2024,9,12,25,8,23.0,25.0,6.0,8.0,1.0,3.0,5.0,13.0,5.0,11.0,2.0,4.0,conditional_bounds,
1048901308398288896,2024,10,1,25,8,22.0,25.0,5.0,8.0,1.0,3.0,2.0,6.0,6.0,13.0,1.0,8.0,conditional_bounds,
1048901308398288896,2024,10,2,25,8,22.0,25.0,5.0,8.0,1.0,3.0,2.0,5.0,3.0,10.0,4.0,11.0,conditional_bounds,
1048901308398288896,2024,10,3,25,8,23.0,25.0,6.0,8.0,1.0,5.0,5.0,10.0,5.0,13.0,1.0,3.0,conditional_bounds,
1048901308398288896,2024,10,4,25,8,25.0,25.0,8.0,8.0,1.0,3.0,4.0,9.0,10.0,18.0,1.0,3.0,conditional_bounds,
1048901308398288896,2024,10,5,25,8,20.0,25.0,3.0,8.0,1.0,4.0,2.0,8.0,5.0,10.0,2.0,6.0,conditional_bounds,
1048901308398288896,2024,10,6,25,8,21.0,25.0,4.0,8.0,1.0,4.0,4.0,12.0,4.0,10.0,2.0,3.0,conditional_bounds,
1048901308398288896,2024,10,7,25,8,21.0,25.0,4.0,8.0,1.0,5.0,4.0,7.0,5.0,13.0,1.0,4.0,conditional_bounds,
1048901308398288896,2024,10,8,25,8,18.0,25.0,1.0,8.0,1.0,4.0,3.0,6.0,5.0,13.0,2.0,3.0,conditional_bounds,
1048901308398288896,2024,10,9,25,8,25.0,25.0,8.0,8.0,1.0,9.0,4.0,8.0,3.0,11.0,2.0,5.0,conditional_bounds,
1048901308398288896,2024,10,10,25,8,22.0,25.0,5.0,8.0,1.0,3.0,4.0,10.0,6.0,14.0,1.0,3.0,conditional_bounds,
1048901308398288896,2024,10,11,25,8,23.0,25.0,6.0,8.0,1.0,3.0,3.0,11.0,5.0,13.0,2.0,4.0,conditional_bounds,
1048901308398288896,2024,10,12,25,8,21.0,25.0,4.0,8.0,1.0,3.0,3.0,11.0,6.0,11.0,1.0,4.0,conditional_bounds,
1048901308398288896,2024,11,1,25,8,23.0,25.0,6.0,8.0,1.0,3.0,2.0,7.0,6.0,14.0,2.0,7.0,conditional_bounds,
1048901308398288896,2024,11,2,25,8,22.0,25.0,5.0,8.0,1.0,3.0,2.0,5.0,5.0,10.0,3.0,11.0,conditional_bounds,
1048901308398288896,2024,11,3,25,8,22.0,25.0,5.0,8.0,1.0,5.0,4.0,10.0,4.0,12.0,1.0,3.0,conditional_bounds,
1048901308398288896,2024,11,4,25,8,25.0,25.0,8.0,8.0,1.0,3.0,4.0,9.0,10.0,18.0,1.0,3.0,conditional_bounds,
1048901308398288896,2024,11,5,25,8,20.0,25.0,3.0,8.0,1.0,4.0,2.0,8.0,3.0,10.0,4.0,6.0,conditional_bounds,
1048901308398288896,2024,11,6,25,8,20.0,25.0,3.0,8.0,1.0,5.0,4.0,11.0,4.0,9.0,1.0,3.0,conditional_bounds,
1048901308398288896,2024,11,7,25,8,21.0,25.0,4.0,8.0,1.0,5.0,3.0,7.0,5.0,13.0,1.0,4.0,conditional_bounds,
1048901308398288896,2024,11,8,25,8,20.0,25.0,3.0,8.0,1.0,4.0,4.0,6.0,7.0,15.0,1.0,3.0,conditional_bounds,
1048901308398288896,2024,11,9,25,8,25.0,25.0,8.0,8.0,1.0,8.0,3.0,8.0,4.0,12.0,2.0,5.0,conditional_bounds,
1048901308398288896,2024,11,10,25,8,22.0,25.0,5.0,8.0,1.0,3.0,3.0,10.0,6.0,14.0,1.0,3.0,conditional_bounds,
1048901308398288896,2024,11,11,25,8,23.0,25.0,6.0,8.0,1.0,3.0,3.0,11.0,5.0,13.0,1.0,4.0,conditional_bounds,
1048901308398288896,2024,11,12,25,8,21.0,25.0,4.0,8.0,1.0,3.0,3.0,11.0,6.0,11.0,1.0,4.0,conditional_bounds,
1048901308398288896,2024,12,1,25,8,,,,,,,,,,,,,incompatible,Snapshot incompatible with supplied capacity
1048901308398288896,2024,12,2,25,8,21.0,25.0,4.0,8.0,1.0,3.0,1.0,5.0,4.0,9.0,3.0,11.0,conditional_bounds,
1048901308398288896,2024,12,3,25,8,22.0,25.0,5.0,8.0,1.0,5.0,4.0,10.0,4.0,12.0,1.0,3.0,conditional_bounds,
1048901308398288896,2024,12,4,25,8,25.0,25.0,8.0,8.0,1.0,3.0,3.0,9.0,10.0,18.0,0.0,3.0,conditional_bounds,
1048901308398288896,2024,12,5,25,8,20.0,25.0,3.0,8.0,1.0,4.0,2.0,8.0,3.0,10.0,4.0,6.0,conditional_bounds,
1048901308398288896,2024,12,6,25,8,20.0,25.0,3.0,8.0,1.0,5.0,4.0,11.0,2.0,9.0,3.0,3.0,conditional_bounds,
1048901308398288896,2024,12,7,25,8,20.0,25.0,3.0,8.0,1.0,4.0,4.0,7.0,5.0,13.0,1.0,4.0,conditional_bounds,
1048901308398288896,2024,12,8,25,8,20.0,25.0,3.0,8.0,1.0,4.0,4.0,5.0,8.0,16.0,1.0,3.0,conditional_bounds,
1048901308398288896,2024,12,9,25,8,25.0,25.0,8.0,8.0,1.0,8.0,2.0,8.0,4.0,12.0,3.0,5.0,conditional_bounds,
1048901308398288896,2024,12,10,25,8,22.0,25.0,5.0,8.0,1.0,3.0,4.0,11.0,5.0,13.0,1.0,3.0,conditional_bounds,
1048901308398288896,2024,12,11,25,8,23.0,25.0,6.0,8.0,1.0,3.0,3.0,11.0,6.0,13.0,1.0,4.0,conditional_bounds,
1048901308398288896,2024,12,12,25,8,21.0,25.0,4.0,8.0,1.0,3.0,3.0,11.0,6.0,11.0,1.0,4.0,conditional_bounds,
1048901308398288896,2024,13,1,25,8,25.0,25.0,8.0,8.0,1.0,6.0,2.0,5.0,7.0,15.0,2.0,7.0,conditional_bounds,
1048901308398288896,2024,13,2,25,8,21.0,25.0,4.0,8.0,1.0,3.0,2.0,5.0,4.0,9.0,3.0,11.0,conditional_bounds,
1048901308398288896,2024,13,3,25,8,23.0,25.0,6.0,8.0,1.0,5.0,4.0,11.0,4.0,12.0,1.0,3.0,conditional_bounds,
1048901308398288896,2024,13,4,25,8,25.0,25.0,8.0,8.0,1.0,3.0,3.0,9.0,10.0,18.0,1.0,3.0,conditional_bounds,
1048901308398288896,2024,13,5,25,8,20.0,25.0,3.0,8.0,1.0,4.0,2.0,8.0,3.0,10.0,4.0,6.0,conditional_bounds,
1048901308398288896,2024,13,6,25,8,21.0,25.0,4.0,8.0,1.0,6.0,4.0,11.0,4.0,9.0,1.0,3.0,conditional_bounds,
1048901308398288896,2024,13,7,25,8,20.0,25.0,3.0,8.0,1.0,4.0,4.0,7.0,5.0,13.0,1.0,4.0,conditional_bounds,
1048901308398288896,2024,13,8,25,8,20.0,25.0,3.0,8.0,1.0,4.0,3.0,5.0,8.0,16.0,1.0,3.0,conditional_bounds,
1048901308398288896,2024,13,9,25,8,25.0,25.0,8.0,8.0,1.0,8.0,3.0,8.0,4.0,12.0,2.0,5.0,conditional_bounds,
1048901308398288896,2024,13,10,25,8,22.0,25.0,5.0,8.0,1.0,3.0,4.0,11.0,5.0,13.0,1.0,3.0,conditional_bounds,
1048901308398288896,2024,13,11,25,8,25.0,25.0,8.0,8.0,1.0,3.0,3.0,11.0,7.0,15.0,1.0,4.0,conditional_bounds,
1048901308398288896,2024,13,12,25,8,21.0,25.0,4.0,8.0,1.0,3.0,3.0,11.0,5.0,11.0,1.0,4.0,conditional_bounds,
1048901308398288896,2024,14,1,25,8,,,,,,,,,,,,,incompatible,Snapshot incompatible with supplied capacity
1048901308398288896,2024,14,2,25,8,21.0,25.0,4.0,8.0,1.0,3.0,2.0,5.0,3.0,9.0,4.0,11.0,conditional_bounds,
1048901308398288896,2024,14,3,25,8,23.0,25.0,6.0,8.0,1.0,5.0,4.0,11.0,3.0,11.0,2.0,4.0,conditional_bounds,
1048901308398288896,2024,14,4,25,8,24.0,25.0,7.0,8.0,1.0,3.0,4.0,9.0,9.0,17.0,1.0,3.0,conditional_bounds,
1048901308398288896,2024,14,5,25,8,20.0,25.0,3.0,8.0,1.0,4.0,2.0,8.0,3.0,10.0,4.0,6.0,conditional_bounds,
1048901308398288896,2024,14,6,25,8,22.0,25.0,5.0,8.0,1.0,6.0,4.0,12.0,3.0,9.0,2.0,3.0,conditional_bounds,
1048901308398288896,2024,14,7,25,8,20.0,25.0,3.0,8.0,1.0,4.0,2.0,7.0,5.0,13.0,2.0,4.0,conditional_bounds,
1048901308398288896,2024,14,8,25,8,20.0,25.0,3.0,8.0,1.0,4.0,3.0,5.0,8.0,16.0,1.0,3.0,conditional_bounds,
1048901308398288896,2024,14,9,25,8,24.0,25.0,7.0,8.0,1.0,6.0,3.0,9.0,5.0,11.0,1.0,6.0,conditional_bounds,
1048901308398288896,2024,14,10,25,8,22.0,25.0,5.0,8.0,1.0,3.0,4.0,12.0,5.0,13.0,1.0,2.0,conditional_bounds,
1048901308398288896,2024,14,11,25,8,25.0,25.0,8.0,8.0,1.0,3.0,3.0,11.0,7.0,15.0,1.0,4.0,conditional_bounds,
1048901308398288896,2024,14,12,25,8,21.0,25.0,4.0,8.0,1.0,3.0,3.0,11.0,5.0,11.0,1.0,4.0,conditional_bounds,
1180667636675596288,2025,3,1,25,8,25.0,25.0,8.0,8.0,1.0,5.0,2.0,6.0,6.0,12.0,2.0,10.0,conditional_bounds,
1180667636675596288,2025,3,2,25,8,20.0,25.0,3.0,8.0,1.0,3.0,4.0,7.0,4.0,12.0,2.0,6.0,conditional_bounds,
1180667636675596288,2025,3,3,25,8,21.0,25.0,4.0,8.0,1.0,8.0,2.0,9.0,5.0,9.0,2.0,3.0,conditional_bounds,
1180667636675596288,2025,3,4,25,8,22.0,25.0,5.0,8.0,1.0,3.0,4.0,9.0,4.0,12.0,1.0,5.0,conditional_bounds,
1180667636675596288,2025,3,5,25,8,25.0,25.0,8.0,8.0,1.0,4.0,4.0,12.0,6.0,12.0,1.0,5.0,conditional_bounds,
1180667636675596288,2025,3,6,25,8,21.0,25.0,4.0,8.0,1.0,5.0,5.0,13.0,4.0,8.0,1.0,3.0,conditional_bounds,
1180667636675596288,2025,3,7,25,8,20.0,25.0,3.0,8.0,1.0,4.0,2.0,7.0,4.0,12.0,3.0,5.0,conditional_bounds,
1180667636675596288,2025,3,8,25,8,23.0,25.0,6.0,8.0,1.0,6.0,4.0,5.0,8.0,16.0,1.0,4.0,conditional_bounds,
1180667636675596288,2025,3,9,25,8,22.0,25.0,5.0,8.0,1.0,4.0,4.0,8.0,6.0,14.0,1.0,4.0,conditional_bounds,
1180667636675596288,2025,3,10,25,8,22.0,25.0,5.0,8.0,1.0,3.0,3.0,11.0,6.0,13.0,1.0,3.0,conditional_bounds,
1180667636675596288,2025,3,11,25,8,23.0,25.0,6.0,8.0,1.0,3.0,4.0,10.0,6.0,14.0,1.0,4.0,conditional_bounds,
1180667636675596288,2025,3,12,25,8,23.0,25.0,6.0,8.0,1.0,3.0,6.0,14.0,5.0,10.0,1.0,4.0,conditional_bounds,
1180667636675596288,2025,4,1,25,8,24.0,25.0,7.0,8.0,1.0,5.0,2.0,8.0,6.0,10.0,1.0,9.0,conditional_bounds,
1180667636675596288,2025,4,2,25,8,20.0,25.0,3.0,8.0,1.0,3.0,4.0,8.0,3.0,11.0,2.0,6.0,conditional_bounds,
1180667636675596288,2025,4,3,25,8,20.0,25.0,3.0,8.0,1.0,8.0,2.0,7.0,4.0,9.0,3.0,4.0,conditional_bounds,
1180667636675596288,2025,4,4,25,8,22.0,25.0,5.0,8.0,1.0,3.0,4.0,9.0,4.0,12.0,1.0,5.0,conditional_bounds,
1180667636675596288,2025,4,5,25,8,25.0,25.0,8.0,8.0,1.0,4.0,4.0,12.0,5.0,12.0,1.0,5.0,conditional_bounds,
1180667636675596288,2025,4,6,25,8,19.0,25.0,2.0,8.0,1.0,5.0,4.0,12.0,4.0,7.0,1.0,3.0,conditional_bounds,
1180667636675596288,2025,4,7,25,8,20.0,25.0,3.0,8.0,1.0,4.0,2.0,7.0,4.0,12.0,3.0,5.0,conditional_bounds,
1180667636675596288,2025,4,8,25,8,24.0,25.0,7.0,8.0,1.0,6.0,3.0,5.0,9.0,17.0,1.0,4.0,conditional_bounds,
1180667636675596288,2025,4,9,25,8,23.0,25.0,6.0,8.0,1.0,5.0,4.0,8.0,6.0,14.0,1.0,4.0,conditional_bounds,
1180667636675596288,2025,4,10,25,8,22.0,25.0,5.0,8.0,1.0,3.0,3.0,11.0,6.0,13.0,1.0,3.0,conditional_bounds,
1180667636675596288,2025,4,11,25,8,23.0,25.0,6.0,8.0,1.0,3.0,4.0,10.0,6.0,14.0,1.0,4.0,conditional_bounds,
1180667636675596288,2025,4,12,25,8,23.0,25.0,6.0,8.0,1.0,3.0,6.0,14.0,5.0,10.0,1.0,4.0,conditional_bounds,
1180667636675596288,2025,5,1,25,8,24.0,25.0,7.0,8.0,1.0,5.0,2.0,9.0,6.0,10.0,1.0,8.0,conditional_bounds,
1180667636675596288,2025,5,2,25,8,20.0,25.0,3.0,8.0,1.0,3.0,4.0,8.0,3.0,11.0,2.0,6.0,conditional_bounds,
1180667636675596288,2025,5,3,25,8,18.0,25.0,1.0,8.0,1.0,6.0,2.0,7.0,5.0,9.0,2.0,4.0,conditional_bounds,
1180667636675596288,2025,5,4,25,8,21.0,25.0,4.0,8.0,1.0,3.0,4.0,8.0,4.0,11.0,1.0,6.0,conditional_bounds,
1180667636675596288,2025,5,5,25,8,25.0,25.0,8.0,8.0,1.0,4.0,4.0,12.0,6.0,12.0,1.0,5.0,conditional_bounds,
1180667636675596288,2025,5,6,25,8,19.0,25.0,2.0,8.0,1.0,5.0,5.0,12.0,3.0,7.0,1.0,3.0,conditional_bounds,
1180667636675596288,2025,5,7,25,8,20.0,25.0,3.0,8.0,1.0,4.0,3.0,7.0,4.0,12.0,3.0,5.0,conditional_bounds,
1180667636675596288,2025,5,8,25,8,23.0,25.0,6.0,8.0,1.0,6.0,2.0,5.0,8.0,16.0,1.0,4.0,conditional_bounds,
1180667636675596288,2025,5,9,25,8,24.0,25.0,7.0,8.0,1.0,6.0,3.0,8.0,6.0,14.0,3.0,4.0,conditional_bounds,
1180667636675596288,2025,5,10,25,8,22.0,25.0,5.0,8.0,1.0,3.0,3.0,11.0,5.0,13.0,2.0,3.0,conditional_bounds,
1180667636675596288,2025,5,11,25,8,23.0,25.0,6.0,8.0,1.0,3.0,4.0,10.0,6.0,14.0,1.0,4.0,conditional_bounds,
1180667636675596288,2025,5,12,25,8,23.0,25.0,6.0,8.0,1.0,3.0,6.0,14.0,4.0,10.0,2.0,4.0,conditional_bounds,
1180667636675596288,2025,6,1,25,8,24.0,25.0,7.0,8.0,1.0,5.0,2.0,9.0,6.0,10.0,1.0,8.0,conditional_bounds,
1180667636675596288,2025,6,2,25,8,20.0,25.0,3.0,8.0,1.0,3.0,4.0,8.0,3.0,11.0,3.0,6.0,conditional_bounds,
1180667636675596288,2025,6,3,25,8,18.0,25.0,1.0,8.0,1.0,6.0,2.0,7.0,5.0,9.0,2.0,4.0,conditional_bounds,
1180667636675596288,2025,6,4,25,8,21.0,25.0,4.0,8.0,1.0,3.0,4.0,8.0,3.0,11.0,1.0,6.0,conditional_bounds,
1180667636675596288,2025,6,5,25,8,25.0,25.0,8.0,8.0,1.0,4.0,3.0,11.0,4.0,12.0,2.0,6.0,conditional_bounds,
1180667636675596288,2025,6,6,25,8,19.0,25.0,2.0,8.0,1.0,5.0,4.0,12.0,3.0,7.0,2.0,3.0,conditional_bounds,
1180667636675596288,2025,6,7,25,8,20.0,25.0,3.0,8.0,1.0,4.0,3.0,7.0,4.0,12.0,3.0,5.0,conditional_bounds,
1180667636675596288,2025,6,8,25,8,23.0,25.0,6.0,8.0,1.0,6.0,5.0,6.0,7.0,15.0,1.0,4.0,conditional_bounds,
1180667636675596288,2025,6,9,25,8,23.0,25.0,6.0,8.0,1.0,6.0,4.0,7.0,6.0,14.0,2.0,4.0,conditional_bounds,
1180667636675596288,2025,6,10,25,8,21.0,25.0,4.0,8.0,1.0,3.0,3.0,11.0,6.0,13.0,1.0,2.0,conditional_bounds,
1180667636675596288,2025,6,11,25,8,23.0,25.0,6.0,8.0,1.0,3.0,4.0,10.0,6.0,14.0,1.0,4.0,conditional_bounds,
1180667636675596288,2025,6,12,25,8,24.0,25.0,7.0,8.0,1.0,3.0,6.0,14.0,6.0,11.0,1.0,4.0,conditional_bounds,
1180667636675596288,2025,7,1,25,8,24.0,25.0,7.0,8.0,1.0,5.0,3.0,9.0,5.0,10.0,1.0,8.0,conditional_bounds,
1180667636675596288,2025,7,2,25,8,20.0,25.0,3.0,8.0,1.0,3.0,3.0,8.0,4.0,11.0,2.0,6.0,conditional_bounds,
1180667636675596288,2025,7,3,25,8,18.0,25.0,1.0,8.0,1.0,6.0,2.0,7.0,4.0,9.0,3.0,4.0,conditional_bounds,
1180667636675596288,2025,7,4,25,8,21.0,25.0,4.0,8.0,1.0,3.0,4.0,8.0,3.0,11.0,1.0,6.0,conditional_bounds,
1180667636675596288,2025,7,5,25,8,25.0,25.0,8.0,8.0,1.0,4.0,3.0,11.0,5.0,12.0,2.0,6.0,conditional_bounds,
1180667636675596288,2025,7,6,25,8,19.0,25.0,2.0,8.0,1.0,5.0,4.0,12.0,3.0,7.0,2.0,3.0,conditional_bounds,
1180667636675596288,2025,7,7,25,8,20.0,25.0,3.0,8.0,1.0,4.0,2.0,7.0,4.0,12.0,4.0,5.0,conditional_bounds,
1180667636675596288,2025,7,8,25,8,24.0,25.0,7.0,8.0,1.0,6.0,5.0,6.0,7.0,15.0,1.0,5.0,conditional_bounds,
1180667636675596288,2025,7,9,25,8,23.0,25.0,6.0,8.0,1.0,6.0,4.0,7.0,6.0,14.0,2.0,4.0,conditional_bounds,
1180667636675596288,2025,7,10,25,8,21.0,25.0,4.0,8.0,1.0,3.0,3.0,11.0,6.0,13.0,1.0,2.0,conditional_bounds,
1180667636675596288,2025,7,11,25,8,23.0,25.0,6.0,8.0,1.0,3.0,3.0,10.0,6.0,14.0,2.0,4.0,conditional_bounds,
1180667636675596288,2025,7,12,25,8,24.0,25.0,7.0,8.0,1.0,3.0,6.0,14.0,6.0,11.0,1.0,4.0,conditional_bounds,
1180667636675596288,2025,8,1,25,8,24.0,25.0,7.0,8.0,1.0,5.0,3.0,9.0,5.0,10.0,1.0,8.0,conditional_bounds,
1180667636675596288,2025,8,2,25,8,20.0,25.0,3.0,8.0,1.0,3.0,4.0,8.0,3.0,11.0,2.0,6.0,conditional_bounds,
1180667636675596288,2025,8,3,25,8,19.0,25.0,2.0,8.0,1.0,6.0,2.0,7.0,4.0,10.0,3.0,4.0,conditional_bounds,
1180667636675596288,2025,8,4,25,8,21.0,25.0,4.0,8.0,1.0,3.0,2.0,8.0,6.0,11.0,1.0,6.0,conditional_bounds,
1180667636675596288,2025,8,5,25,8,25.0,25.0,8.0,8.0,1.0,4.0,3.0,11.0,5.0,12.0,2.0,6.0,conditional_bounds,
1180667636675596288,2025,8,6,25,8,20.0,25.0,3.0,8.0,1.0,6.0,5.0,12.0,3.0,7.0,1.0,3.0,conditional_bounds,
1180667636675596288,2025,8,7,25,8,20.0,25.0,3.0,8.0,1.0,4.0,2.0,7.0,4.0,12.0,3.0,5.0,conditional_bounds,
1180667636675596288,2025,8,8,25,8,23.0,25.0,6.0,8.0,1.0,6.0,3.0,6.0,7.0,15.0,2.0,4.0,conditional_bounds,
1180667636675596288,2025,8,9,25,8,24.0,25.0,7.0,8.0,1.0,7.0,4.0,7.0,6.0,14.0,3.0,4.0,conditional_bounds,
1180667636675596288,2025,8,10,25,8,21.0,25.0,4.0,8.0,1.0,3.0,3.0,11.0,5.0,13.0,2.0,2.0,conditional_bounds,
1180667636675596288,2025,8,11,25,8,23.0,25.0,6.0,8.0,1.0,3.0,2.0,10.0,6.0,14.0,1.0,4.0,conditional_bounds,
1180667636675596288,2025,8,12,25,8,24.0,25.0,7.0,8.0,1.0,3.0,5.0,13.0,5.0,12.0,1.0,4.0,conditional_bounds,
1180667636675596288,2025,9,1,25,8,24.0,25.0,7.0,8.0,1.0,5.0,2.0,9.0,6.0,10.0,1.0,8.0,conditional_bounds,
1180667636675596288,2025,9,2,25,8,20.0,25.0,3.0,8.0,1.0,3.0,2.0,8.0,3.0,11.0,4.0,6.0,conditional_bounds,
1180667636675596288,2025,9,3,25,8,19.0,25.0,2.0,8.0,1.0,6.0,3.0,7.0,5.0,10.0,1.0,4.0,conditional_bounds,
1180667636675596288,2025,9,4,25,8,21.0,25.0,4.0,8.0,1.0,3.0,4.0,8.0,4.0,11.0,1.0,6.0,conditional_bounds,
1180667636675596288,2025,9,5,25,8,25.0,25.0,8.0,8.0,1.0,4.0,4.0,12.0,5.0,13.0,2.0,4.0,conditional_bounds,
1180667636675596288,2025,9,6,25,8,19.0,25.0,2.0,8.0,1.0,6.0,3.0,10.0,4.0,8.0,2.0,3.0,conditional_bounds,
1180667636675596288,2025,9,7,25,8,20.0,25.0,3.0,8.0,1.0,4.0,2.0,7.0,4.0,12.0,3.0,5.0,conditional_bounds,
1180667636675596288,2025,9,8,25,8,23.0,25.0,6.0,8.0,1.0,6.0,3.0,6.0,7.0,15.0,1.0,4.0,conditional_bounds,
1180667636675596288,2025,9,9,25,8,23.0,25.0,6.0,8.0,1.0,7.0,3.0,7.0,4.0,12.0,2.0,5.0,conditional_bounds,
1180667636675596288,2025,9,10,25,8,21.0,25.0,4.0,8.0,1.0,3.0,3.0,11.0,5.0,13.0,1.0,2.0,conditional_bounds,
1180667636675596288,2025,9,11,25,8,23.0,25.0,6.0,8.0,1.0,3.0,2.0,10.0,6.0,14.0,1.0,4.0,conditional_bounds,
1180667636675596288,2025,9,12,25,8,24.0,25.0,7.0,8.0,1.0,3.0,5.0,13.0,5.0,12.0,2.0,4.0,conditional_bounds,
1180667636675596288,2025,10,1,25,8,24.0,25.0,7.0,8.0,1.0,5.0,4.0,9.0,4.0,10.0,1.0,8.0,conditional_bounds,
1180667636675596288,2025,10,2,25,8,21.0,25.0,4.0,8.0,1.0,3.0,2.0,8.0,4.0,12.0,4.0,6.0,conditional_bounds,
1180667636675596288,2025,10,3,25,8,18.0,25.0,1.0,8.0,1.0,5.0,3.0,7.0,5.0,10.0,1.0,4.0,conditional_bounds,
1180667636675596288,2025,10,4,25,8,22.0,25.0,5.0,8.0,1.0,4.0,3.0,8.0,5.0,11.0,1.0,6.0,conditional_bounds,
1180667636675596288,2025,10,5,25,8,25.0,25.0,8.0,8.0,1.0,3.0,6.0,14.0,4.0,12.0,2.0,4.0,conditional_bounds,
1180667636675596288,2025,10,6,25,8,19.0,25.0,2.0,8.0,1.0,6.0,5.0,10.0,3.0,8.0,1.0,3.0,conditional_bounds,
1180667636675596288,2025,10,7,25,8,20.0,25.0,3.0,8.0,1.0,4.0,2.0,7.0,4.0,12.0,3.0,5.0,conditional_bounds,
1180667636675596288,2025,10,8,25,8,23.0,25.0,6.0,8.0,1.0,6.0,4.0,6.0,7.0,15.0,1.0,4.0,conditional_bounds,
1180667636675596288,2025,10,9,25,8,23.0,25.0,6.0,8.0,1.0,7.0,3.0,7.0,4.0,12.0,2.0,5.0,conditional_bounds,
1180667636675596288,2025,10,10,25,8,21.0,25.0,4.0,8.0,1.0,3.0,4.0,12.0,5.0,12.0,2.0,2.0,conditional_bounds,
1180667636675596288,2025,10,11,25,8,23.0,25.0,6.0,8.0,1.0,3.0,2.0,10.0,6.0,14.0,2.0,4.0,conditional_bounds,
1180667636675596288,2025,10,12,25,8,25.0,25.0,8.0,8.0,1.0,3.0,5.0,13.0,5.0,13.0,1.0,4.0,conditional_bounds,
1180667636675596288,2025,11,1,25,8,24.0,25.0,7.0,8.0,1.0,5.0,4.0,9.0,4.0,10.0,1.0,8.0,conditional_bounds,
1180667636675596288,2025,11,2,25,8,22.0,25.0,5.0,8.0,1.0,3.0,4.0,9.0,4.0,12.0,1.0,6.0,conditional_bounds,
1180667636675596288,2025,11,3,25,8,15.0,23.0,0.0,8.0,1.0,5.0,2.0,6.0,5.0,9.0,2.0,3.0,conditional_bounds,
1180667636675596288,2025,11,4,25,8,22.0,25.0,5.0,8.0,1.0,4.0,3.0,8.0,5.0,11.0,1.0,6.0,conditional_bounds,
1180667636675596288,2025,11,5,25,8,25.0,25.0,8.0,8.0,1.0,3.0,6.0,14.0,4.0,12.0,2.0,4.0,conditional_bounds,
1180667636675596288,2025,11,6,25,8,19.0,25.0,2.0,8.0,1.0,6.0,5.0,10.0,2.0,8.0,2.0,3.0,conditional_bounds,
1180667636675596288,2025,11,7,25,8,20.0,25.0,3.0,8.0,1.0,4.0,3.0,7.0,4.0,12.0,2.0,5.0,conditional_bounds,
1180667636675596288,2025,11,8,25,8,23.0,25.0,6.0,8.0,1.0,6.0,4.0,6.0,7.0,15.0,1.0,4.0,conditional_bounds,
1180667636675596288,2025,11,9,25,8,23.0,25.0,6.0,8.0,1.0,7.0,3.0,7.0,4.0,12.0,4.0,5.0,conditional_bounds,
1180667636675596288,2025,11,10,25,8,21.0,25.0,4.0,8.0,1.0,3.0,4.0,12.0,5.0,12.0,2.0,2.0,conditional_bounds,
1180667636675596288,2025,11,11,25,8,23.0,25.0,6.0,8.0,1.0,3.0,2.0,10.0,6.0,14.0,2.0,4.0,conditional_bounds,
1180667636675596288,2025,11,12,25,8,25.0,25.0,8.0,8.0,1.0,3.0,5.0,13.0,5.0,12.0,1.0,5.0,conditional_bounds,
1180667636675596288,2025,12,1,25,8,24.0,25.0,7.0,8.0,1.0,5.0,5.0,9.0,2.0,10.0,2.0,8.0,conditional_bounds,
1180667636675596288,2025,12,2,25,8,23.0,25.0,6.0,8.0,1.0,3.0,5.0,9.0,5.0,13.0,1.0,6.0,conditional_bounds,
1180667636675596288,2025,12,3,25,8,15.0,23.0,0.0,8.0,1.0,5.0,2.0,6.0,5.0,9.0,2.0,3.0,conditional_bounds,
1180667636675596288,2025,12,4,25,8,22.0,25.0,5.0,8.0,1.0,4.0,3.0,8.0,5.0,11.0,1.0,6.0,conditional_bounds,
1180667636675596288,2025,12,5,25,8,25.0,25.0,8.0,8.0,1.0,3.0,5.0,13.0,5.0,13.0,3.0,4.0,conditional_bounds,
1180667636675596288,2025,12,6,25,8,19.0,25.0,2.0,8.0,1.0,6.0,4.0,10.0,3.0,8.0,2.0,3.0,conditional_bounds,
1180667636675596288,2025,12,7,25,8,20.0,25.0,3.0,8.0,1.0,4.0,3.0,7.0,4.0,12.0,3.0,5.0,conditional_bounds,
1180667636675596288,2025,12,8,25,8,23.0,25.0,6.0,8.0,1.0,6.0,3.0,6.0,7.0,15.0,3.0,4.0,conditional_bounds,
1180667636675596288,2025,12,9,25,8,23.0,25.0,6.0,8.0,1.0,7.0,3.0,7.0,4.0,12.0,4.0,5.0,conditional_bounds,
1180667636675596288,2025,12,10,25,8,22.0,25.0,5.0,8.0,1.0,3.0,3.0,11.0,5.0,13.0,1.0,3.0,conditional_bounds,
1180667636675596288,2025,12,11,25,8,23.0,25.0,6.0,8.0,1.0,3.0,2.0,10.0,6.0,14.0,3.0,4.0,conditional_bounds,
1180667636675596288,2025,12,12,25,8,25.0,25.0,8.0,8.0,1.0,3.0,5.0,13.0,5.0,12.0,1.0,5.0,conditional_bounds,
1180667636675596288,2025,13,1,25,8,24.0,25.0,7.0,8.0,1.0,5.0,2.0,9.0,5.0,10.0,2.0,8.0,conditional_bounds,
1180667636675596288,2025,13,2,25,8,22.0,25.0,5.0,8.0,1.0,3.0,4.0,9.0,4.0,12.0,1.0,6.0,conditional_bounds,
1180667636675596288,2025,13,3,25,8,15.0,23.0,0.0,8.0,1.0,5.0,2.0,6.0,5.0,9.0,2.0,3.0,conditional_bounds,
1180667636675596288,2025,13,4,25,8,23.0,25.0,6.0,8.0,1.0,5.0,3.0,9.0,5.0,10.0,1.0,6.0,conditional_bounds,
1180667636675596288,2025,13,5,25,8,25.0,25.0,8.0,8.0,1.0,3.0,5.0,13.0,5.0,13.0,1.0,4.0,conditional_bounds,
1180667636675596288,2025,13,6,25,8,18.0,25.0,1.0,8.0,1.0,6.0,4.0,10.0,4.0,7.0,1.0,3.0,conditional_bounds,
1180667636675596288,2025,13,7,25,8,20.0,25.0,3.0,8.0,1.0,4.0,2.0,7.0,4.0,12.0,3.0,5.0,conditional_bounds,
1180667636675596288,2025,13,8,25,8,23.0,25.0,6.0,8.0,1.0,6.0,3.0,6.0,7.0,15.0,2.0,4.0,conditional_bounds,
1180667636675596288,2025,13,9,25,8,24.0,25.0,7.0,8.0,1.0,8.0,3.0,7.0,4.0,12.0,4.0,5.0,conditional_bounds,
1180667636675596288,2025,13,10,25,8,23.0,25.0,6.0,8.0,1.0,3.0,3.0,11.0,6.0,14.0,2.0,3.0,conditional_bounds,
1180667636675596288,2025,13,11,25,8,23.0,25.0,6.0,8.0,1.0,3.0,2.0,10.0,6.0,14.0,3.0,4.0,conditional_bounds,
1180667636675596288,2025,13,12,25,8,25.0,25.0,8.0,8.0,1.0,3.0,5.0,13.0,4.0,12.0,1.0,5.0,conditional_bounds,
1180667636675596288,2025,14,1,25,8,23.0,25.0,6.0,8.0,1.0,5.0,2.0,9.0,5.0,9.0,2.0,8.0,conditional_bounds,
1180667636675596288,2025,14,2,25,8,21.0,25.0,4.0,8.0,1.0,3.0,4.0,9.0,4.0,11.0,1.0,6.0,conditional_bounds,
1180667636675596288,2025,14,3,25,8,15.0,23.0,0.0,8.0,1.0,5.0,2.0,6.0,4.0,9.0,3.0,3.0,conditional_bounds,
1180667636675596288,2025,14,4,25,8,23.0,25.0,6.0,8.0,1.0,5.0,4.0,9.0,4.0,10.0,1.0,6.0,conditional_bounds,
1180667636675596288,2025,14,5,25,8,25.0,25.0,8.0,8.0,1.0,3.0,5.0,13.0,5.0,13.0,1.0,4.0,conditional_bounds,
1180667636675596288,2025,14,6,25,8,18.0,25.0,1.0,8.0,1.0,6.0,3.0,10.0,4.0,7.0,2.0,3.0,conditional_bounds,
1180667636675596288,2025,14,7,25,8,20.0,25.0,3.0,8.0,1.0,4.0,2.0,7.0,5.0,12.0,2.0,5.0,conditional_bounds,
1180667636675596288,2025,14,8,25,8,23.0,25.0,6.0,8.0,1.0,6.0,3.0,6.0,7.0,15.0,2.0,4.0,conditional_bounds,
1180667636675596288,2025,14,9,25,8,24.0,25.0,7.0,8.0,1.0,8.0,2.0,7.0,4.0,12.0,4.0,5.0,conditional_bounds,
1180667636675596288,2025,14,10,25,8,23.0,25.0,6.0,8.0,1.0,3.0,3.0,11.0,6.0,14.0,2.0,3.0,conditional_bounds,
1180667636675596288,2025,14,11,25,8,23.0,25.0,6.0,8.0,1.0,3.0,2.0,10.0,6.0,14.0,3.0,4.0,conditional_bounds,
1180667636675596288,2025,14,12,25,8,24.0,25.0,7.0,8.0,1.0,3.0,5.0,13.0,5.0,11.0,1.0,5.0,conditional_bounds,
1180224010881282048,2025,3,1,19,2,19.0,19.0,2.0,2.0,1.0,3.0,4.0,6.0,7.0,9.0,1.0,3.0,conditional_bounds,
1180224010881282048,2025,3,2,19,2,19.0,19.0,2.0,2.0,1.0,3.0,5.0,7.0,5.0,7.0,2.0,4.0,conditional_bounds,
1180224010881282048,2025,3,3,19,2,18.0,19.0,1.0,2.0,1.0,2.0,5.0,7.0,6.0,8.0,1.0,3.0,conditional_bounds,
1180224010881282048,2025,3,4,19,2,17.0,19.0,0.0,2.0,1.0,2.0,4.0,6.0,5.0,7.0,2.0,4.0,conditional_bounds,
1180224010881282048,2025,3,5,19,2,17.0,19.0,0.0,2.0,1.0,2.0,4.0,6.0,7.0,9.0,1.0,2.0,conditional_bounds,
1180224010881282048,2025,3,6,19,2,17.0,19.0,0.0,2.0,1.0,3.0,5.0,7.0,3.0,5.0,2.0,4.0,conditional_bounds,
1180224010881282048,2025,3,7,19,2,18.0,19.0,1.0,2.0,1.0,2.0,6.0,8.0,6.0,8.0,2.0,2.0,conditional_bounds,
1180224010881282048,2025,3,8,19,2,16.0,18.0,0.0,2.0,1.0,2.0,5.0,7.0,3.0,5.0,2.0,4.0,conditional_bounds,
1180224010881282048,2025,3,9,19,2,19.0,19.0,2.0,2.0,1.0,2.0,5.0,7.0,7.0,9.0,1.0,3.0,conditional_bounds,
1180224010881282048,2025,3,10,19,2,18.0,19.0,1.0,2.0,1.0,3.0,3.0,5.0,6.0,8.0,2.0,4.0,conditional_bounds,
1180224010881282048,2025,3,11,19,2,17.0,19.0,0.0,2.0,1.0,3.0,5.0,7.0,4.0,6.0,1.0,2.0,conditional_bounds,
1180224010881282048,2025,3,12,19,2,17.0,19.0,0.0,2.0,1.0,2.0,4.0,6.0,7.0,9.0,1.0,2.0,conditional_bounds,
1180224010881282048,2025,3,13,19,2,18.0,19.0,1.0,2.0,1.0,2.0,3.0,5.0,8.0,10.0,1.0,3.0,conditional_bounds,
1180224010881282048,2025,3,14,19,2,17.0,19.0,0.0,2.0,2.0,4.0,3.0,4.0,4.0,6.0,3.0,5.0,conditional_bounds,
1180224010881282048,2025,4,1,19,2,19.0,19.0,2.0,2.0,1.0,3.0,4.0,6.0,7.0,9.0,1.0,3.0,conditional_bounds,
1180224010881282048,2025,4,2,19,2,19.0,19.0,2.0,2.0,1.0,3.0,5.0,7.0,5.0,7.0,2.0,4.0,conditional_bounds,
1180224010881282048,2025,4,3,19,2,18.0,19.0,1.0,2.0,1.0,2.0,5.0,7.0,6.0,8.0,1.0,3.0,conditional_bounds,
1180224010881282048,2025,4,4,19,2,17.0,19.0,0.0,2.0,1.0,2.0,4.0,6.0,5.0,7.0,2.0,4.0,conditional_bounds,
1180224010881282048,2025,4,5,19,2,17.0,19.0,0.0,2.0,1.0,2.0,4.0,6.0,7.0,9.0,1.0,2.0,conditional_bounds,
1180224010881282048,2025,4,6,19,2,17.0,19.0,0.0,2.0,1.0,3.0,5.0,7.0,3.0,5.0,2.0,4.0,conditional_bounds,
1180224010881282048,2025,4,7,19,2,18.0,19.0,1.0,2.0,1.0,2.0,6.0,8.0,6.0,8.0,1.0,2.0,conditional_bounds,
1180224010881282048,2025,4,8,19,2,16.0,18.0,0.0,2.0,1.0,2.0,5.0,7.0,3.0,5.0,3.0,4.0,conditional_bounds,
1180224010881282048,2025,4,9,19,2,19.0,19.0,2.0,2.0,1.0,2.0,5.0,7.0,7.0,9.0,1.0,3.0,conditional_bounds,
1180224010881282048,2025,4,10,19,2,18.0,19.0,1.0,2.0,1.0,3.0,3.0,5.0,7.0,9.0,1.0,3.0,conditional_bounds,
1180224010881282048,2025,4,11,19,2,17.0,19.0,0.0,2.0,1.0,3.0,5.0,7.0,4.0,6.0,1.0,2.0,conditional_bounds,
1180224010881282048,2025,4,12,19,2,17.0,19.0,0.0,2.0,1.0,2.0,5.0,7.0,6.0,8.0,1.0,2.0,conditional_bounds,
1180224010881282048,2025,4,13,19,2,18.0,19.0,1.0,2.0,1.0,2.0,3.0,5.0,8.0,10.0,1.0,3.0,conditional_bounds,
1180224010881282048,2025,4,14,19,2,17.0,19.0,0.0,2.0,1.0,3.0,3.0,5.0,5.0,7.0,2.0,4.0,conditional_bounds,
1180224010881282048,2025,5,1,19,2,19.0,19.0,2.0,2.0,1.0,2.0,4.0,6.0,7.0,9.0,2.0,4.0,conditional_bounds,
1180224010881282048,2025,5,2,19,2,19.0,19.0,2.0,2.0,1.0,3.0,5.0,7.0,5.0,7.0,2.0,4.0,conditional_bounds,
1180224010881282048,2025,5,3,19,2,18.0,19.0,1.0,2.0,1.0,2.0,5.0,7.0,6.0,8.0,1.0,3.0,conditional_bounds,
1180224010881282048,2025,5,4,19,2,17.0,19.0,0.0,2.0,1.0,2.0,4.0,6.0,5.0,7.0,2.0,4.0,conditional_bounds,
1180224010881282048,2025,5,5,19,2,18.0,19.0,1.0,2.0,1.0,3.0,5.0,7.0,6.0,8.0,1.0,2.0,conditional_bounds,
1180224010881282048,2025,5,6,19,2,17.0,19.0,0.0,2.0,1.0,2.0,5.0,7.0,3.0,5.0,3.0,5.0,conditional_bounds,
1180224010881282048,2025,5,7,19,2,18.0,19.0,1.0,2.0,1.0,2.0,6.0,8.0,6.0,8.0,1.0,2.0,conditional_bounds,
1180224010881282048,2025,5,8,19,2,17.0,19.0,0.0,2.0,1.0,3.0,5.0,7.0,3.0,5.0,3.0,4.0,conditional_bounds,
1180224010881282048,2025,5,9,19,2,19.0,19.0,2.0,2.0,1.0,2.0,4.0,6.0,8.0,10.0,1.0,3.0,conditional_bounds,
1180224010881282048,2025,5,10,19,2,18.0,19.0,1.0,2.0,1.0,3.0,3.0,5.0,7.0,9.0,1.0,3.0,conditional_bounds,
1180224010881282048,2025,5,11,19,2,18.0,19.0,1.0,2.0,1.0,3.0,6.0,8.0,4.0,6.0,1.0,2.0,conditional_bounds,
1180224010881282048,2025,5,12,19,2,16.0,18.0,0.0,2.0,1.0,3.0,4.0,6.0,6.0,8.0,1.0,1.0,conditional_bounds,
1180224010881282048,2025,5,13,19,2,19.0,19.0,2.0,2.0,1.0,2.0,2.0,4.0,9.0,11.0,3.0,4.0,conditional_bounds,
1180224010881282048,2025,5,14,19,2,17.0,19.0,0.0,2.0,1.0,3.0,4.0,5.0,5.0,7.0,2.0,4.0,conditional_bounds,
1180224010881282048,2025,6,1,19,2,19.0,19.0,2.0,2.0,1.0,2.0,4.0,6.0,7.0,9.0,2.0,4.0,conditional_bounds,
1180224010881282048,2025,6,2,19,2,19.0,19.0,2.0,2.0,1.0,3.0,5.0,7.0,5.0,7.0,2.0,4.0,conditional_bounds,
1180224010881282048,2025,6,3,19,2,19.0,19.0,2.0,2.0,1.0,2.0,5.0,7.0,7.0,9.0,1.0,3.0,conditional_bounds,
1180224010881282048,2025,6,4,19,2,17.0,19.0,0.0,2.0,1.0,2.0,4.0,6.0,5.0,7.0,2.0,4.0,conditional_bounds,
1180224010881282048,2025,6,5,19,2,18.0,19.0,1.0,2.0,1.0,3.0,5.0,7.0,6.0,8.0,1.0,2.0,conditional_bounds,
1180224010881282048,2025,6,6,19,2,17.0,19.0,0.0,2.0,1.0,2.0,5.0,7.0,3.0,5.0,3.0,5.0,conditional_bounds,
1180224010881282048,2025,6,7,19,2,19.0,19.0,2.0,2.0,1.0,3.0,6.0,8.0,6.0,8.0,2.0,2.0,conditional_bounds,
1180224010881282048,2025,6,8,19,2,18.0,19.0,1.0,2.0,1.0,3.0,5.0,7.0,4.0,6.0,3.0,4.0,conditional_bounds,
1180224010881282048,2025,6,9,19,2,19.0,19.0,2.0,2.0,1.0,2.0,5.0,7.0,7.0,9.0,1.0,3.0,conditional_bounds,
1180224010881282048,2025,6,10,19,2,18.0,19.0,1.0,2.0,1.0,3.0,3.0,5.0,7.0,9.0,1.0,3.0,conditional_bounds,
1180224010881282048,2025,6,11,19,2,18.0,19.0,1.0,2.0,1.0,3.0,6.0,8.0,3.0,5.0,1.0,3.0,conditional_bounds,
1180224010881282048,2025,6,12,19,2,17.0,19.0,0.0,2.0,1.0,2.0,5.0,7.0,6.0,8.0,1.0,2.0,conditional_bounds,
1180224010881282048,2025,6,13,19,2,19.0,19.0,2.0,2.0,1.0,2.0,3.0,5.0,8.0,10.0,3.0,4.0,conditional_bounds,
1180224010881282048,2025,6,14,19,2,17.0,19.0,0.0,2.0,1.0,3.0,3.0,5.0,5.0,7.0,2.0,4.0,conditional_bounds,
1180224010881282048,2025,7,1,19,2,19.0,19.0,2.0,2.0,1.0,2.0,4.0,6.0,7.0,9.0,2.0,4.0,conditional_bounds,
1180224010881282048,2025,7,2,19,2,19.0,19.0,2.0,2.0,1.0,3.0,4.0,6.0,6.0,8.0,2.0,4.0,conditional_bounds,
1180224010881282048,2025,7,3,19,2,19.0,19.0,2.0,2.0,1.0,2.0,5.0,7.0,7.0,9.0,1.0,3.0,conditional_bounds,
1180224010881282048,2025,7,4,19,2,17.0,19.0,0.0,2.0,1.0,2.0,4.0,6.0,5.0,7.0,2.0,4.0,conditional_bounds,
1180224010881282048,2025,7,5,19,2,18.0,19.0,1.0,2.0,1.0,3.0,5.0,7.0,6.0,8.0,1.0,2.0,conditional_bounds,
1180224010881282048,2025,7,6,19,2,17.0,19.0,0.0,2.0,1.0,2.0,5.0,7.0,3.0,5.0,3.0,5.0,conditional_bounds,
1180224010881282048,2025,7,7,19,2,18.0,19.0,1.0,2.0,1.0,3.0,6.0,8.0,6.0,8.0,1.0,1.0,conditional_bounds,
1180224010881282048,2025,7,8,19,2,18.0,19.0,1.0,2.0,1.0,3.0,5.0,7.0,4.0,6.0,3.0,4.0,conditional_bounds,
1180224010881282048,2025,7,9,19,2,19.0,19.0,2.0,2.0,1.0,2.0,5.0,7.0,7.0,9.0,1.0,3.0,conditional_bounds,
1180224010881282048,2025,7,10,19,2,17.0,19.0,0.0,2.0,1.0,3.0,2.0,4.0,7.0,9.0,1.0,3.0,conditional_bounds,
1180224010881282048,2025,7,11,19,2,18.0,19.0,1.0,2.0,1.0,3.0,6.0,8.0,3.0,5.0,1.0,3.0,conditional_bounds,
1180224010881282048,2025,7,12,19,2,18.0,19.0,1.0,2.0,1.0,2.0,4.0,6.0,8.0,10.0,1.0,2.0,conditional_bounds,
1180224010881282048,2025,7,13,19,2,19.0,19.0,2.0,2.0,1.0,2.0,2.0,4.0,10.0,12.0,1.0,3.0,conditional_bounds,
1180224010881282048,2025,7,14,19,2,17.0,19.0,0.0,2.0,1.0,3.0,4.0,6.0,4.0,6.0,3.0,4.0,conditional_bounds,
1180224010881282048,2025,8,1,19,2,19.0,19.0,2.0,2.0,1.0,2.0,3.0,5.0,7.0,9.0,3.0,5.0,conditional_bounds,
1180224010881282048,2025,8,2,19,2,19.0,19.0,2.0,2.0,1.0,3.0,4.0,6.0,6.0,8.0,2.0,4.0,conditional_bounds,
1180224010881282048,2025,8,3,19,2,19.0,19.0,2.0,2.0,1.0,2.0,5.0,7.0,7.0,9.0,1.0,3.0,conditional_bounds,
1180224010881282048,2025,8,4,19,2,17.0,19.0,0.0,2.0,1.0,2.0,4.0,6.0,5.0,7.0,2.0,4.0,conditional_bounds,
1180224010881282048,2025,8,5,19,2,18.0,19.0,1.0,2.0,1.0,3.0,5.0,7.0,6.0,8.0,1.0,2.0,conditional_bounds,
1180224010881282048,2025,8,6,19,2,17.0,19.0,0.0,2.0,1.0,2.0,3.0,5.0,5.0,7.0,3.0,5.0,conditional_bounds,
1180224010881282048,2025,8,7,19,2,19.0,19.0,2.0,2.0,1.0,3.0,6.0,8.0,6.0,8.0,1.0,2.0,conditional_bounds,
1180224010881282048,2025,8,8,19,2,18.0,19.0,1.0,2.0,1.0,3.0,5.0,7.0,4.0,6.0,2.0,4.0,conditional_bounds,
1180224010881282048,2025,8,9,19,2,19.0,19.0,2.0,2.0,1.0,2.0,5.0,7.0,7.0,9.0,1.0,3.0,conditional_bounds,
1180224010881282048,2025,8,10,19,2,19.0,19.0,2.0,2.0,1.0,3.0,5.0,7.0,6.0,8.0,1.0,3.0,conditional_bounds,
1180224010881282048,2025,8,11,19,2,18.0,19.0,1.0,2.0,1.0,3.0,6.0,8.0,3.0,5.0,1.0,3.0,conditional_bounds,
1180224010881282048,2025,8,12,19,2,18.0,19.0,1.0,2.0,1.0,2.0,4.0,6.0,7.0,9.0,1.0,3.0,conditional_bounds,
1180224010881282048,2025,8,13,19,2,19.0,19.0,2.0,2.0,1.0,2.0,2.0,4.0,10.0,12.0,2.0,3.0,conditional_bounds,
1180224010881282048,2025,8,14,19,2,18.0,19.0,1.0,2.0,2.0,4.0,3.0,5.0,5.0,7.0,2.0,4.0,conditional_bounds,
1180224010881282048,2025,9,1,19,2,19.0,19.0,2.0,2.0,1.0,2.0,3.0,5.0,7.0,9.0,3.0,5.0,conditional_bounds,
1180224010881282048,2025,9,2,19,2,19.0,19.0,2.0,2.0,1.0,3.0,4.0,6.0,6.0,8.0,2.0,4.0,conditional_bounds,
1180224010881282048,2025,9,3,19,2,19.0,19.0,2.0,2.0,1.0,2.0,5.0,7.0,7.0,9.0,1.0,3.0,conditional_bounds,
1180224010881282048,2025,9,4,19,2,17.0,19.0,0.0,2.0,1.0,2.0,4.0,6.0,5.0,7.0,2.0,4.0,conditional_bounds,
1180224010881282048,2025,9,5,19,2,18.0,19.0,1.0,2.0,1.0,3.0,5.0,7.0,6.0,8.0,1.0,2.0,conditional_bounds,
1180224010881282048,2025,9,6,19,2,17.0,19.0,0.0,2.0,1.0,2.0,3.0,5.0,5.0,7.0,3.0,5.0,conditional_bounds,
1180224010881282048,2025,9,7,19,2,19.0,19.0,2.0,2.0,1.0,3.0,7.0,9.0,6.0,8.0,1.0,1.0,conditional_bounds,
1180224010881282048,2025,9,8,19,2,18.0,19.0,1.0,2.0,1.0,3.0,5.0,7.0,4.0,6.0,2.0,4.0,conditional_bounds,
1180224010881282048,2025,9,9,19,2,19.0,19.0,2.0,2.0,1.0,2.0,5.0,7.0,7.0,9.0,1.0,3.0,conditional_bounds,
1180224010881282048,2025,9,10,19,2,18.0,19.0,1.0,2.0,1.0,3.0,4.0,6.0,6.0,8.0,1.0,3.0,conditional_bounds,
1180224010881282048,2025,9,11,19,2,18.0,19.0,1.0,2.0,1.0,3.0,7.0,9.0,3.0,5.0,1.0,2.0,conditional_bounds,
1180224010881282048,2025,9,12,19,2,18.0,19.0,1.0,2.0,1.0,2.0,4.0,6.0,8.0,10.0,1.0,2.0,conditional_bounds,
1180224010881282048,2025,9,13,19,2,19.0,19.0,2.0,2.0,1.0,2.0,3.0,4.0,10.0,12.0,3.0,3.0,conditional_bounds,
1180224010881282048,2025,9,14,19,2,19.0,19.0,2.0,2.0,3.0,5.0,4.0,6.0,4.0,6.0,2.0,4.0,conditional_bounds,
1180224010881282048,2025,10,1,19,2,19.0,19.0,2.0,2.0,1.0,2.0,3.0,5.0,7.0,9.0,3.0,5.0,conditional_bounds,
1180224010881282048,2025,10,2,19,2,19.0,19.0,2.0,2.0,1.0,3.0,4.0,6.0,6.0,8.0,2.0,4.0,conditional_bounds,
1180224010881282048,2025,10,3,19,2,19.0,19.0,2.0,2.0,1.0,2.0,5.0,7.0,7.0,9.0,1.0,3.0,conditional_bounds,
1180224010881282048,2025,10,4,19,2,17.0,19.0,0.0,2.0,1.0,2.0,4.0,6.0,5.0,7.0,2.0,4.0,conditional_bounds,
1180224010881282048,2025,10,5,19,2,18.0,19.0,1.0,2.0,1.0,3.0,5.0,7.0,6.0,8.0,1.0,2.0,conditional_bounds,
1180224010881282048,2025,10,6,19,2,17.0,19.0,0.0,2.0,1.0,2.0,3.0,5.0,6.0,8.0,3.0,4.0,conditional_bounds,
1180224010881282048,2025,10,7,19,2,19.0,19.0,2.0,2.0,1.0,3.0,7.0,9.0,6.0,8.0,1.0,1.0,conditional_bounds,
1180224010881282048,2025,10,8,19,2,18.0,19.0,1.0,2.0,1.0,3.0,5.0,7.0,5.0,6.0,2.0,4.0,conditional_bounds,
1180224010881282048,2025,10,9,19,2,19.0,19.0,2.0,2.0,1.0,2.0,4.0,6.0,7.0,9.0,2.0,4.0,conditional_bounds,
1180224010881282048,2025,10,10,19,2,18.0,19.0,1.0,2.0,1.0,3.0,4.0,6.0,6.0,8.0,1.0,3.0,conditional_bounds,
1180224010881282048,2025,10,11,19,2,18.0,19.0,1.0,2.0,1.0,3.0,7.0,9.0,3.0,5.0,1.0,2.0,conditional_bounds,
1180224010881282048,2025,10,12,19,2,18.0,19.0,1.0,2.0,1.0,2.0,4.0,6.0,8.0,10.0,1.0,2.0,conditional_bounds,
1180224010881282048,2025,10,13,19,2,19.0,19.0,2.0,2.0,1.0,2.0,2.0,4.0,10.0,12.0,2.0,3.0,conditional_bounds,
1180224010881282048,2025,10,14,19,2,18.0,19.0,1.0,2.0,3.0,5.0,4.0,6.0,3.0,5.0,2.0,4.0,conditional_bounds,
1180224010881282048,2025,11,1,19,2,19.0,19.0,2.0,2.0,1.0,2.0,3.0,5.0,6.0,8.0,4.0,6.0,conditional_bounds,
1180224010881282048,2025,11,2,19,2,19.0,19.0,2.0,2.0,1.0,3.0,4.0,6.0,5.0,7.0,3.0,5.0,conditional_bounds,
1180224010881282048,2025,11,3,19,2,19.0,19.0,2.0,2.0,1.0,2.0,5.0,7.0,7.0,9.0,1.0,3.0,conditional_bounds,
1180224010881282048,2025,11,4,19,2,17.0,19.0,0.0,2.0,1.0,2.0,4.0,6.0,5.0,7.0,2.0,4.0,conditional_bounds,
1180224010881282048,2025,11,5,19,2,18.0,19.0,1.0,2.0,1.0,3.0,5.0,7.0,6.0,8.0,1.0,2.0,conditional_bounds,
1180224010881282048,2025,11,6,19,2,17.0,19.0,0.0,2.0,1.0,2.0,3.0,5.0,6.0,8.0,3.0,4.0,conditional_bounds,
1180224010881282048,2025,11,7,19,2,19.0,19.0,2.0,2.0,1.0,3.0,7.0,9.0,6.0,8.0,1.0,1.0,conditional_bounds,
1180224010881282048,2025,11,8,19,2,18.0,19.0,1.0,2.0,1.0,3.0,5.0,7.0,5.0,6.0,2.0,4.0,conditional_bounds,
1180224010881282048,2025,11,9,19,2,19.0,19.0,2.0,2.0,1.0,2.0,4.0,6.0,7.0,9.0,2.0,4.0,conditional_bounds,
1180224010881282048,2025,11,10,19,2,18.0,19.0,1.0,2.0,1.0,3.0,4.0,6.0,6.0,8.0,1.0,3.0,conditional_bounds,
1180224010881282048,2025,11,11,19,2,18.0,19.0,1.0,2.0,1.0,3.0,7.0,9.0,3.0,5.0,2.0,2.0,conditional_bounds,
1180224010881282048,2025,11,12,19,2,18.0,19.0,1.0,2.0,1.0,2.0,4.0,6.0,8.0,10.0,1.0,2.0,conditional_bounds,
1180224010881282048,2025,11,13,19,2,19.0,19.0,2.0,2.0,1.0,2.0,2.0,4.0,10.0,12.0,2.0,3.0,conditional_bounds,
1180224010881282048,2025,11,14,19,2,18.0,19.0,1.0,2.0,3.0,5.0,4.0,6.0,3.0,5.0,2.0,4.0,conditional_bounds,
1180224010881282048,2025,12,1,19,2,19.0,19.0,2.0,2.0,1.0,2.0,3.0,5.0,6.0,8.0,4.0,6.0,conditional_bounds,
1180224010881282048,2025,12,2,19,2,19.0,19.0,2.0,2.0,1.0,3.0,4.0,6.0,5.0,7.0,3.0,5.0,conditional_bounds,
1180224010881282048,2025,12,3,19,2,19.0,19.0,2.0,2.0,1.0,2.0,5.0,7.0,7.0,9.0,1.0,3.0,conditional_bounds,
1180224010881282048,2025,12,4,19,2,18.0,19.0,1.0,2.0,1.0,3.0,4.0,6.0,5.0,7.0,2.0,4.0,conditional_bounds,
1180224010881282048,2025,12,5,19,2,18.0,19.0,1.0,2.0,1.0,3.0,5.0,7.0,6.0,8.0,1.0,2.0,conditional_bounds,
1180224010881282048,2025,12,6,19,2,19.0,19.0,2.0,2.0,1.0,2.0,5.0,7.0,6.0,8.0,3.0,4.0,conditional_bounds,
1180224010881282048,2025,12,7,19,2,19.0,19.0,2.0,2.0,1.0,3.0,7.0,9.0,6.0,8.0,1.0,1.0,conditional_bounds,
1180224010881282048,2025,12,8,19,2,18.0,19.0,1.0,2.0,1.0,3.0,5.0,7.0,5.0,6.0,2.0,4.0,conditional_bounds,
1180224010881282048,2025,12,9,19,2,19.0,19.0,2.0,2.0,1.0,2.0,4.0,6.0,7.0,9.0,2.0,4.0,conditional_bounds,
1180224010881282048,2025,12,10,19,2,18.0,19.0,1.0,2.0,1.0,3.0,2.0,4.0,8.0,10.0,1.0,3.0,conditional_bounds,
1180224010881282048,2025,12,11,19,2,18.0,19.0,1.0,2.0,1.0,3.0,6.0,8.0,4.0,6.0,2.0,2.0,conditional_bounds,
1180224010881282048,2025,12,12,19,2,18.0,19.0,1.0,2.0,1.0,2.0,5.0,7.0,7.0,9.0,1.0,2.0,conditional_bounds,
1180224010881282048,2025,12,13,19,2,19.0,19.0,2.0,2.0,1.0,2.0,2.0,4.0,10.0,12.0,1.0,3.0,conditional_bounds,
1180224010881282048,2025,12,14,19,2,18.0,19.0,1.0,2.0,3.0,5.0,5.0,5.0,4.0,6.0,2.0,4.0,conditional_bounds,
1180224010881282048,2025,13,1,19,2,19.0,19.0,2.0,2.0,1.0,2.0,4.0,6.0,6.0,8.0,3.0,5.0,conditional_bounds,
1180224010881282048,2025,13,2,19,2,19.0,19.0,2.0,2.0,1.0,3.0,4.0,6.0,5.0,7.0,3.0,5.0,conditional_bounds,
1180224010881282048,2025,13,3,19,2,19.0,19.0,2.0,2.0,1.0,2.0,5.0,7.0,7.0,9.0,1.0,3.0,conditional_bounds,
1180224010881282048,2025,13,4,19,2,18.0,19.0,1.0,2.0,1.0,3.0,4.0,6.0,5.0,7.0,2.0,4.0,conditional_bounds,
1180224010881282048,2025,13,5,19,2,18.0,19.0,1.0,2.0,1.0,3.0,5.0,7.0,6.0,8.0,1.0,2.0,conditional_bounds,
1180224010881282048,2025,13,6,19,2,19.0,19.0,2.0,2.0,1.0,2.0,5.0,7.0,6.0,8.0,3.0,4.0,conditional_bounds,
1180224010881282048,2025,13,7,19,2,18.0,19.0,1.0,2.0,1.0,2.0,7.0,9.0,6.0,8.0,1.0,1.0,conditional_bounds,
1180224010881282048,2025,13,8,19,2,18.0,19.0,1.0,2.0,1.0,3.0,5.0,7.0,4.0,6.0,2.0,4.0,conditional_bounds,
1180224010881282048,2025,13,9,19,2,19.0,19.0,2.0,2.0,1.0,2.0,4.0,6.0,7.0,9.0,2.0,4.0,conditional_bounds,
1180224010881282048,2025,13,10,19,2,19.0,19.0,2.0,2.0,1.0,3.0,3.0,5.0,8.0,10.0,1.0,3.0,conditional_bounds,
1180224010881282048,2025,13,11,19,2,18.0,19.0,1.0,2.0,1.0,3.0,6.0,8.0,4.0,6.0,1.0,2.0,conditional_bounds,
1180224010881282048,2025,13,12,19,2,18.0,19.0,1.0,2.0,1.0,2.0,5.0,7.0,7.0,9.0,1.0,2.0,conditional_bounds,
1180224010881282048,2025,13,13,19,2,19.0,19.0,2.0,2.0,1.0,2.0,2.0,4.0,10.0,12.0,2.0,3.0,conditional_bounds,
1180224010881282048,2025,13,14,19,2,17.0,19.0,0.0,2.0,3.0,5.0,3.0,5.0,3.0,5.0,2.0,4.0,conditional_bounds,
1180224010881282048,2025,14,1,19,2,19.0,19.0,2.0,2.0,1.0,2.0,5.0,7.0,6.0,8.0,2.0,4.0,conditional_bounds,
1180224010881282048,2025,14,2,19,2,19.0,19.0,2.0,2.0,1.0,3.0,4.0,6.0,5.0,7.0,3.0,5.0,conditional_bounds,
1180224010881282048,2025,14,3,19,2,19.0,19.0,2.0,2.0,1.0,2.0,5.0,7.0,7.0,9.0,1.0,3.0,conditional_bounds,
1180224010881282048,2025,14,4,19,2,18.0,19.0,1.0,2.0,1.0,3.0,4.0,6.0,5.0,7.0,2.0,4.0,conditional_bounds,
1180224010881282048,2025,14,5,19,2,18.0,19.0,1.0,2.0,1.0,3.0,5.0,7.0,6.0,8.0,1.0,2.0,conditional_bounds,
1180224010881282048,2025,14,6,19,2,19.0,19.0,2.0,2.0,1.0,2.0,5.0,7.0,6.0,8.0,3.0,4.0,conditional_bounds,
1180224010881282048,2025,14,7,19,2,18.0,19.0,1.0,2.0,1.0,2.0,7.0,9.0,6.0,8.0,1.0,1.0,conditional_bounds,
1180224010881282048,2025,14,8,19,2,18.0,19.0,1.0,2.0,1.0,3.0,5.0,7.0,4.0,6.0,2.0,4.0,conditional_bounds,
1180224010881282048,2025,14,9,19,2,19.0,19.0,2.0,2.0,1.0,2.0,4.0,6.0,7.0,9.0,2.0,4.0,conditional_bounds,
1180224010881282048,2025,14,10,19,2,19.0,19.0,2.0,2.0,1.0,3.0,3.0,5.0,8.0,10.0,1.0,3.0,conditional_bounds,
1180224010881282048,2025,14,11,19,2,18.0,19.0,1.0,2.0,1.0,3.0,6.0,8.0,4.0,6.0,2.0,2.0,conditional_bounds,
1180224010881282048,2025,14,12,19,2,18.0,19.0,1.0,2.0,1.0,2.0,5.0,7.0,7.0,9.0,1.0,2.0,conditional_bounds,
1180224010881282048,2025,14,13,19,2,19.0,19.0,2.0,2.0,1.0,2.0,2.0,3.0,11.0,13.0,1.0,3.0,conditional_bounds,
1180224010881282048,2025,14,14,19,2,17.0,19.0,0.0,2.0,3.0,5.0,3.0,5.0,3.0,5.0,2.0,4.0,conditional_bounds,
918960870980501504,2023,3,1,22,10,21.0,22.0,9.0,10.0,2.0,4.0,4.0,14.0,3.0,9.0,2.0,4.0,conditional_bounds,
918960870980501504,2023,3,2,22,10,16.0,22.0,4.0,10.0,2.0,4.0,3.0,10.0,3.0,8.0,2.0,4.0,conditional_bounds,
918960870980501504,2023,3,3,22,10,16.0,22.0,4.0,10.0,2.0,6.0,3.0,6.0,4.0,10.0,1.0,4.0,conditional_bounds,
918960870980501504,2023,3,4,22,10,20.0,22.0,8.0,10.0,2.0,5.0,2.0,6.0,5.0,13.0,1.0,6.0,conditional_bounds,
918960870980501504,2023,3,5,22,10,18.0,22.0,6.0,10.0,1.0,3.0,3.0,10.0,5.0,14.0,1.0,1.0,conditional_bounds,
918960870980501504,2023,3,6,22,10,18.0,22.0,6.0,10.0,2.0,4.0,2.0,9.0,4.0,10.0,2.0,5.0,conditional_bounds,
918960870980501504,2023,3,7,22,10,19.0,22.0,7.0,10.0,2.0,7.0,3.0,6.0,4.0,12.0,1.0,4.0,conditional_bounds,
918960870980501504,2023,3,8,22,10,20.0,22.0,8.0,10.0,2.0,7.0,3.0,7.0,4.0,12.0,1.0,4.0,conditional_bounds,
918960870980501504,2023,3,9,22,10,20.0,22.0,8.0,10.0,2.0,4.0,2.0,11.0,5.0,10.0,1.0,5.0,conditional_bounds,
918960870980501504,2023,3,10,22,10,19.0,22.0,7.0,10.0,2.0,4.0,4.0,10.0,3.0,11.0,1.0,4.0,conditional_bounds,
918960870980501504,2023,4,1,22,10,21.0,22.0,9.0,10.0,2.0,4.0,3.0,13.0,3.0,9.0,2.0,5.0,conditional_bounds,
918960870980501504,2023,4,2,22,10,16.0,22.0,4.0,10.0,2.0,4.0,3.0,10.0,3.0,8.0,2.0,4.0,conditional_bounds,
918960870980501504,2023,4,3,22,10,16.0,22.0,4.0,10.0,2.0,6.0,3.0,6.0,4.0,10.0,1.0,4.0,conditional_bounds,
918960870980501504,2023,4,4,22,10,20.0,22.0,8.0,10.0,2.0,5.0,2.0,6.0,5.0,13.0,1.0,6.0,conditional_bounds,
918960870980501504,2023,4,5,22,10,17.0,22.0,5.0,10.0,2.0,3.0,2.0,10.0,5.0,13.0,1.0,1.0,conditional_bounds,
918960870980501504,2023,4,6,22,10,17.0,22.0,5.0,10.0,2.0,4.0,3.0,8.0,3.0,10.0,2.0,5.0,conditional_bounds,
918960870980501504,2023,4,7,22,10,19.0,22.0,7.0,10.0,2.0,7.0,3.0,6.0,4.0,12.0,1.0,4.0,conditional_bounds,
918960870980501504,2023,4,8,22,10,18.0,22.0,6.0,10.0,2.0,7.0,2.0,5.0,5.0,12.0,1.0,4.0,conditional_bounds,
918960870980501504,2023,4,9,22,10,20.0,22.0,8.0,10.0,2.0,5.0,3.0,10.0,4.0,10.0,1.0,5.0,conditional_bounds,
918960870980501504,2023,4,10,22,10,20.0,22.0,8.0,10.0,1.0,4.0,5.0,10.0,3.0,11.0,1.0,5.0,conditional_bounds,
918960870980501504,2023,5,1,22,10,21.0,22.0,9.0,10.0,2.0,4.0,3.0,13.0,3.0,9.0,2.0,5.0,conditional_bounds,
918960870980501504,2023,5,2,22,10,17.0,22.0,5.0,10.0,2.0,4.0,3.0,10.0,3.0,9.0,2.0,4.0,conditional_bounds,
918960870980501504,2023,5,3,22,10,16.0,22.0,4.0,10.0,1.0,7.0,4.0,5.0,4.0,10.0,1.0,4.0,conditional_bounds,
918960870980501504,2023,5,4,22,10,19.0,22.0,7.0,10.0,2.0,5.0,2.0,6.0,5.0,13.0,1.0,5.0,conditional_bounds,
918960870980501504,2023,5,5,22,10,17.0,22.0,5.0,10.0,2.0,3.0,2.0,10.0,5.0,13.0,1.0,1.0,conditional_bounds,
918960870980501504,2023,5,6,22,10,18.0,22.0,6.0,10.0,2.0,4.0,3.0,9.0,3.0,10.0,2.0,5.0,conditional_bounds,
918960870980501504,2023,5,7,22,10,17.0,22.0,5.0,10.0,2.0,7.0,2.0,6.0,5.0,11.0,1.0,3.0,conditional_bounds,
918960870980501504,2023,5,8,22,10,18.0,22.0,6.0,10.0,2.0,7.0,2.0,5.0,5.0,13.0,1.0,3.0,conditional_bounds,
918960870980501504,2023,5,9,22,10,17.0,22.0,5.0,10.0,2.0,4.0,3.0,10.0,4.0,8.0,1.0,5.0,conditional_bounds,
918960870980501504,2023,5,10,22,10,21.0,22.0,9.0,10.0,2.0,4.0,3.0,10.0,4.0,11.0,1.0,6.0,conditional_bounds,
918960870980501504,2023,6,1,22,10,19.0,22.0,7.0,10.0,2.0,4.0,2.0,12.0,4.0,9.0,2.0,4.0,conditional_bounds,
918960870980501504,2023,6,2,22,10,18.0,22.0,6.0,10.0,2.0,5.0,2.0,10.0,3.0,9.0,3.0,4.0,conditional_bounds,
918960870980501504,2023,6,3,22,10,16.0,22.0,4.0,10.0,2.0,7.0,3.0,5.0,4.0,10.0,1.0,4.0,conditional_bounds,
918960870980501504,2023,6,4,22,10,19.0,22.0,7.0,10.0,2.0,5.0,2.0,6.0,5.0,13.0,1.0,5.0,conditional_bounds,
918960870980501504,2023,6,5,22,10,18.0,22.0,6.0,10.0,1.0,4.0,2.0,10.0,6.0,13.0,1.0,1.0,conditional_bounds,
918960870980501504,2023,6,6,22,10,19.0,22.0,7.0,10.0,2.0,4.0,3.0,10.0,4.0,10.0,1.0,5.0,conditional_bounds,
918960870980501504,2023,6,7,22,10,17.0,22.0,5.0,10.0,2.0,6.0,2.0,7.0,5.0,11.0,1.0,3.0,conditional_bounds,
918960870980501504,2023,6,8,22,10,18.0,22.0,6.0,10.0,2.0,7.0,2.0,5.0,5.0,13.0,1.0,3.0,conditional_bounds,
918960870980501504,2023,6,9,22,10,17.0,22.0,5.0,10.0,2.0,3.0,3.0,12.0,4.0,7.0,1.0,5.0,conditional_bounds,
918960870980501504,2023,6,10,22,10,21.0,22.0,9.0,10.0,2.0,4.0,3.0,10.0,4.0,11.0,1.0,6.0,conditional_bounds,
918960870980501504,2023,7,1,22,10,19.0,22.0,7.0,10.0,2.0,4.0,2.0,12.0,4.0,9.0,2.0,4.0,conditional_bounds,
918960870980501504,2023,7,2,22,10,18.0,22.0,6.0,10.0,2.0,5.0,3.0,10.0,3.0,9.0,2.0,4.0,conditional_bounds,
918960870980501504,2023,7,3,22,10,16.0,22.0,4.0,10.0,2.0,7.0,2.0,5.0,4.0,10.0,2.0,4.0,conditional_bounds,
918960870980501504,2023,7,4,22,10,19.0,22.0,7.0,10.0,2.0,5.0,2.0,6.0,5.0,13.0,1.0,5.0,conditional_bounds,
918960870980501504,2023,7,5,22,10,21.0,22.0,9.0,10.0,1.0,3.0,4.0,14.0,6.0,13.0,1.0,1.0,conditional_bounds,
918960870980501504,2023,7,6,22,10,19.0,22.0,7.0,10.0,2.0,5.0,2.0,9.0,5.0,10.0,1.0,5.0,conditional_bounds,
918960870980501504,2023,7,7,22,10,17.0,22.0,5.0,10.0,2.0,5.0,2.0,8.0,5.0,11.0,1.0,3.0,conditional_bounds,
918960870980501504,2023,7,8,22,10,18.0,22.0,6.0,10.0,2.0,7.0,3.0,5.0,4.0,13.0,1.0,3.0,conditional_bounds,
918960870980501504,2023,7,9,22,10,19.0,22.0,7.0,10.0,1.0,3.0,5.0,13.0,3.0,8.0,1.0,5.0,conditional_bounds,
918960870980501504,2023,7,10,22,10,21.0,22.0,9.0,10.0,2.0,5.0,3.0,10.0,4.0,11.0,1.0,5.0,conditional_bounds,
918960870980501504,2023,8,1,22,10,19.0,22.0,7.0,10.0,2.0,4.0,2.0,12.0,4.0,9.0,2.0,4.0,conditional_bounds,
918960870980501504,2023,8,2,22,10,18.0,22.0,6.0,10.0,2.0,5.0,3.0,10.0,3.0,9.0,2.0,4.0,conditional_bounds,
918960870980501504,2023,8,3,22,10,16.0,22.0,4.0,10.0,2.0,7.0,2.0,5.0,4.0,10.0,2.0,4.0,conditional_bounds,
918960870980501504,2023,8,4,22,10,19.0,22.0,7.0,10.0,2.0,5.0,2.0,6.0,5.0,13.0,1.0,5.0,conditional_bounds,
918960870980501504,2023,8,5,22,10,20.0,22.0,8.0,10.0,1.0,3.0,3.0,13.0,6.0,13.0,1.0,1.0,conditional_bounds,
918960870980501504,2023,8,6,22,10,20.0,22.0,8.0,10.0,2.0,5.0,3.0,9.0,4.0,11.0,1.0,5.0,conditional_bounds,
918960870980501504,2023,8,7,22,10,18.0,22.0,6.0,10.0,2.0,5.0,2.0,8.0,5.0,11.0,1.0,4.0,conditional_bounds,
918960870980501504,2023,8,8,22,10,19.0,22.0,7.0,10.0,2.0,7.0,3.0,5.0,4.0,13.0,1.0,4.0,conditional_bounds,
918960870980501504,2023,8,9,22,10,20.0,22.0,8.0,10.0,2.0,3.0,3.0,13.0,4.0,9.0,1.0,5.0,conditional_bounds,
918960870980501504,2023,8,10,22,10,20.0,22.0,8.0,10.0,2.0,5.0,3.0,10.0,4.0,11.0,1.0,4.0,conditional_bounds,
918960870980501504,2023,9,1,22,10,20.0,22.0,8.0,10.0,1.0,4.0,3.0,12.0,5.0,9.0,1.0,5.0,conditional_bounds,
918960870980501504,2023,9,2,22,10,18.0,22.0,6.0,10.0,2.0,5.0,3.0,10.0,3.0,9.0,2.0,4.0,conditional_bounds,
918960870980501504,2023,9,3,22,10,16.0,22.0,4.0,10.0,2.0,7.0,2.0,5.0,3.0,10.0,3.0,4.0,conditional_bounds,
918960870980501504,2023,9,4,22,10,19.0,22.0,7.0,10.0,1.0,5.0,3.0,6.0,5.0,13.0,1.0,5.0,conditional_bounds,
918960870980501504,2023,9,5,22,10,19.0,22.0,7.0,10.0,1.0,3.0,2.0,12.0,6.0,13.0,1.0,1.0,conditional_bounds,
918960870980501504,2023,9,6,22,10,18.0,22.0,6.0,10.0,2.0,5.0,3.0,9.0,4.0,9.0,1.0,5.0,conditional_bounds,
918960870980501504,2023,9,7,22,10,17.0,22.0,5.0,10.0,2.0,5.0,3.0,8.0,4.0,10.0,1.0,4.0,conditional_bounds,
918960870980501504,2023,9,8,22,10,22.0,22.0,10.0,10.0,2.0,8.0,1.0,6.0,4.0,13.0,2.0,5.0,conditional_bounds,
918960870980501504,2023,9,9,22,10,20.0,22.0,8.0,10.0,2.0,4.0,3.0,13.0,4.0,9.0,1.0,4.0,conditional_bounds,
918960870980501504,2023,9,10,22,10,19.0,22.0,7.0,10.0,2.0,5.0,2.0,10.0,5.0,10.0,1.0,4.0,conditional_bounds,
918960870980501504,2023,10,1,22,10,21.0,22.0,9.0,10.0,2.0,4.0,2.0,12.0,4.0,10.0,2.0,5.0,conditional_bounds,
918960870980501504,2023,10,2,22,10,18.0,22.0,6.0,10.0,2.0,5.0,3.0,10.0,3.0,9.0,2.0,4.0,conditional_bounds,
918960870980501504,2023,10,3,22,10,16.0,22.0,4.0,10.0,2.0,7.0,3.0,5.0,3.0,10.0,2.0,4.0,conditional_bounds,
918960870980501504,2023,10,4,22,10,19.0,22.0,7.0,10.0,2.0,5.0,2.0,6.0,5.0,13.0,1.0,5.0,conditional_bounds,
918960870980501504,2023,10,5,22,10,19.0,22.0,7.0,10.0,1.0,3.0,2.0,12.0,6.0,13.0,1.0,1.0,conditional_bounds,
918960870980501504,2023,10,6,22,10,18.0,22.0,6.0,10.0,2.0,5.0,3.0,9.0,3.0,9.0,2.0,5.0,conditional_bounds,
918960870980501504,2023,10,7,22,10,16.0,22.0,4.0,10.0,2.0,4.0,3.0,8.0,3.0,10.0,2.0,4.0,conditional_bounds,
918960870980501504,2023,10,8,22,10,22.0,22.0,10.0,10.0,2.0,8.0,2.0,6.0,5.0,13.0,1.0,5.0,conditional_bounds,
918960870980501504,2023,10,9,22,10,20.0,22.0,8.0,10.0,1.0,3.0,3.0,13.0,6.0,10.0,1.0,4.0,conditional_bounds,
918960870980501504,2023,10,10,22,10,18.0,22.0,6.0,10.0,2.0,5.0,2.0,9.0,5.0,10.0,1.0,4.0,conditional_bounds,
918960870980501504,2023,11,1,22,10,21.0,22.0,9.0,10.0,2.0,4.0,2.0,12.0,5.0,10.0,1.0,5.0,conditional_bounds,
918960870980501504,2023,11,2,22,10,18.0,22.0,6.0,10.0,1.0,5.0,5.0,10.0,3.0,9.0,1.0,4.0,conditional_bounds,
918960870980501504,2023,11,3,22,10,16.0,22.0,4.0,10.0,2.0,7.0,2.0,5.0,4.0,10.0,2.0,4.0,conditional_bounds,
918960870980501504,2023,11,4,22,10,19.0,22.0,7.0,10.0,2.0,5.0,2.0,6.0,5.0,13.0,1.0,5.0,conditional_bounds,
918960870980501504,2023,11,5,22,10,19.0,22.0,7.0,10.0,1.0,3.0,2.0,12.0,6.0,13.0,1.0,1.0,conditional_bounds,
918960870980501504,2023,11,6,22,10,18.0,22.0,6.0,10.0,2.0,7.0,3.0,8.0,3.0,8.0,2.0,5.0,conditional_bounds,
918960870980501504,2023,11,7,22,10,16.0,22.0,4.0,10.0,2.0,5.0,2.0,7.0,5.0,10.0,1.0,4.0,conditional_bounds,
918960870980501504,2023,11,8,22,10,18.0,22.0,6.0,10.0,2.0,7.0,3.0,5.0,4.0,11.0,1.0,5.0,conditional_bounds,
918960870980501504,2023,11,9,22,10,19.0,22.0,7.0,10.0,2.0,3.0,3.0,12.0,4.0,10.0,1.0,4.0,conditional_bounds,
918960870980501504,2023,11,10,22,10,19.0,22.0,7.0,10.0,1.0,6.0,2.0,9.0,6.0,10.0,1.0,4.0,conditional_bounds,
918960870980501504,2023,12,1,22,10,21.0,22.0,9.0,10.0,2.0,4.0,3.0,11.0,4.0,11.0,1.0,5.0,conditional_bounds,
918960870980501504,2023,12,2,22,10,18.0,22.0,6.0,10.0,2.0,5.0,3.0,10.0,3.0,9.0,2.0,4.0,conditional_bounds,
918960870980501504,2023,12,3,22,10,15.0,22.0,3.0,10.0,2.0,7.0,4.0,5.0,3.0,9.0,1.0,4.0,conditional_bounds,
918960870980501504,2023,12,4,22,10,19.0,22.0,7.0,10.0,2.0,5.0,2.0,6.0,5.0,13.0,1.0,5.0,conditional_bounds,
918960870980501504,2023,12,5,22,10,19.0,22.0,7.0,10.0,1.0,3.0,2.0,12.0,6.0,13.0,1.0,1.0,conditional_bounds,
918960870980501504,2023,12,6,22,10,19.0,22.0,7.0,10.0,2.0,7.0,3.0,9.0,4.0,8.0,1.0,5.0,conditional_bounds,
918960870980501504,2023,12,7,22,10,16.0,22.0,4.0,10.0,2.0,5.0,2.0,8.0,5.0,9.0,1.0,4.0,conditional_bounds,
918960870980501504,2023,12,8,22,10,18.0,22.0,6.0,10.0,2.0,6.0,3.0,5.0,4.0,12.0,1.0,5.0,conditional_bounds,
918960870980501504,2023,12,9,22,10,21.0,22.0,9.0,10.0,2.0,4.0,2.0,12.0,5.0,10.0,1.0,5.0,conditional_bounds,
918960870980501504,2023,12,10,22,10,19.0,22.0,7.0,10.0,2.0,7.0,2.0,10.0,5.0,10.0,1.0,2.0,conditional_bounds,
918960870980501504,2023,13,1,22,10,21.0,22.0,9.0,10.0,2.0,4.0,3.0,11.0,4.0,11.0,1.0,5.0,conditional_bounds,
918960870980501504,2023,13,2,22,10,19.0,22.0,7.0,10.0,2.0,5.0,3.0,11.0,3.0,9.0,2.0,4.0,conditional_bounds,
918960870980501504,2023,13,3,22,10,14.0,22.0,2.0,10.0,2.0,7.0,4.0,5.0,3.0,8.0,1.0,4.0,conditional_bounds,
918960870980501504,2023,13,4,22,10,20.0,22.0,8.0,10.0,2.0,5.0,2.0,6.0,5.0,13.0,1.0,6.0,conditional_bounds,
918960870980501504,2023,13,5,22,10,19.0,22.0,7.0,10.0,1.0,3.0,2.0,12.0,6.0,13.0,1.0,1.0,conditional_bounds,
918960870980501504,2023,13,6,22,10,18.0,22.0,6.0,10.0,2.0,7.0,3.0,8.0,4.0,8.0,1.0,5.0,conditional_bounds,
918960870980501504,2023,13,7,22,10,16.0,22.0,4.0,10.0,2.0,5.0,2.0,7.0,5.0,10.0,1.0,4.0,conditional_bounds,
918960870980501504,2023,13,8,22,10,18.0,22.0,6.0,10.0,2.0,6.0,3.0,5.0,4.0,12.0,1.0,5.0,conditional_bounds,
918960870980501504,2023,13,9,22,10,20.0,22.0,8.0,10.0,2.0,3.0,3.0,13.0,4.0,9.0,1.0,5.0,conditional_bounds,
918960870980501504,2023,13,10,22,10,19.0,22.0,7.0,10.0,1.0,7.0,5.0,10.0,3.0,10.0,1.0,2.0,conditional_bounds,
918960870980501504,2023,14,1,22,10,21.0,22.0,9.0,10.0,2.0,4.0,3.0,11.0,4.0,11.0,1.0,5.0,conditional_bounds,
918960870980501504,2023,14,2,22,10,19.0,22.0,7.0,10.0,2.0,5.0,3.0,11.0,3.0,9.0,2.0,4.0,conditional_bounds,
918960870980501504,2023,14,3,22,10,16.0,22.0,4.0,10.0,2.0,6.0,3.0,5.0,3.0,9.0,2.0,6.0,conditional_bounds,
918960870980501504,2023,14,4,22,10,20.0,22.0,8.0,10.0,2.0,5.0,2.0,6.0,5.0,13.0,1.0,6.0,conditional_bounds,
918960870980501504,2023,14,5,22,10,19.0,22.0,7.0,10.0,1.0,3.0,2.0,12.0,6.0,13.0,1.0,1.0,conditional_bounds,
918960870980501504,2023,14,6,22,10,18.0,22.0,6.0,10.0,2.0,7.0,3.0,8.0,4.0,8.0,1.0,5.0,conditional_bounds,
918960870980501504,2023,14,7,22,10,17.0,22.0,5.0,10.0,2.0,6.0,2.0,7.0,5.0,10.0,1.0,4.0,conditional_bounds,
918960870980501504,2023,14,8,22,10,18.0,22.0,6.0,10.0,2.0,6.0,3.0,5.0,4.0,12.0,1.0,5.0,conditional_bounds,
918960870980501504,2023,14,9,22,10,20.0,22.0,8.0,10.0,2.0,3.0,4.0,13.0,3.0,9.0,1.0,5.0,conditional_bounds,
918960870980501504,2023,14,10,22,10,19.0,22.0,7.0,10.0,2.0,7.0,2.0,10.0,5.0,10.0,1.0,2.0,conditional_bounds,
914741498980225024,2023,3,1,26,8,23.0,26.0,5.0,8.0,2.0,5.0,4.0,12.0,5.0,12.0,2.0,2.0,conditional_bounds,
914741498980225024,2023,3,2,26,8,22.0,26.0,4.0,8.0,2.0,4.0,5.0,13.0,3.0,10.0,1.0,3.0,conditional_bounds,
914741498980225024,2023,3,3,26,8,22.0,26.0,4.0,8.0,2.0,4.0,7.0,15.0,4.0,6.0,1.0,5.0,conditional_bounds,
914741498980225024,2023,3,4,26,8,22.0,26.0,4.0,8.0,2.0,4.0,4.0,8.0,4.0,11.0,1.0,7.0,conditional_bounds,
914741498980225024,2023,3,5,26,8,22.0,26.0,4.0,8.0,2.0,4.0,2.0,8.0,5.0,13.0,3.0,5.0,conditional_bounds,
914741498980225024,2023,3,6,26,8,22.0,26.0,4.0,8.0,2.0,6.0,2.0,8.0,5.0,11.0,2.0,5.0,conditional_bounds,
914741498980225024,2023,3,7,26,8,23.0,26.0,5.0,8.0,2.0,5.0,3.0,10.0,5.0,11.0,1.0,5.0,conditional_bounds,
914741498980225024,2023,3,8,26,8,22.0,26.0,4.0,8.0,2.0,5.0,7.0,15.0,6.0,7.0,1.0,3.0,conditional_bounds,
914741498980225024,2023,3,9,26,8,22.0,26.0,4.0,8.0,2.0,6.0,2.0,8.0,5.0,11.0,2.0,5.0,conditional_bounds,
914741498980225024,2023,3,10,26,8,21.0,26.0,3.0,8.0,1.0,4.0,2.0,9.0,7.0,13.0,1.0,3.0,conditional_bounds,
914741498980225024,2023,3,11,26,8,21.0,26.0,3.0,8.0,2.0,5.0,2.0,7.0,5.0,11.0,2.0,6.0,conditional_bounds,
914741498980225024,2023,3,12,26,8,24.0,26.0,6.0,8.0,2.0,3.0,4.0,10.0,6.0,14.0,2.0,5.0,conditional_bounds,
914741498980225024,2023,4,1,26,8,23.0,26.0,5.0,8.0,2.0,5.0,4.0,12.0,5.0,12.0,2.0,2.0,conditional_bounds,
914741498980225024,2023,4,2,26,8,22.0,26.0,4.0,8.0,2.0,4.0,5.0,13.0,3.0,10.0,1.0,3.0,conditional_bounds,
914741498980225024,2023,4,3,26,8,22.0,26.0,4.0,8.0,2.0,4.0,7.0,15.0,4.0,6.0,1.0,5.0,conditional_bounds,
914741498980225024,2023,4,4,26,8,22.0,26.0,4.0,8.0,2.0,4.0,3.0,8.0,5.0,11.0,1.0,7.0,conditional_bounds,
914741498980225024,2023,4,5,26,8,22.0,26.0,4.0,8.0,2.0,4.0,2.0,8.0,5.0,13.0,3.0,5.0,conditional_bounds,
914741498980225024,2023,4,6,26,8,18.0,26.0,0.0,8.0,2.0,6.0,2.0,8.0,5.0,10.0,2.0,2.0,conditional_bounds,
914741498980225024,2023,4,7,26,8,23.0,26.0,5.0,8.0,2.0,5.0,3.0,9.0,5.0,11.0,1.0,6.0,conditional_bounds,
914741498980225024,2023,4,8,26,8,23.0,26.0,5.0,8.0,2.0,5.0,6.0,14.0,6.0,8.0,1.0,4.0,conditional_bounds,
914741498980225024,2023,4,9,26,8,22.0,26.0,4.0,8.0,2.0,6.0,2.0,8.0,5.0,11.0,2.0,5.0,conditional_bounds,
914741498980225024,2023,4,10,26,8,21.0,26.0,3.0,8.0,1.0,4.0,2.0,9.0,7.0,13.0,1.0,3.0,conditional_bounds,
914741498980225024,2023,4,11,26,8,21.0,26.0,3.0,8.0,2.0,5.0,2.0,7.0,5.0,11.0,2.0,6.0,conditional_bounds,
914741498980225024,2023,4,12,26,8,24.0,26.0,6.0,8.0,1.0,4.0,6.0,10.0,6.0,14.0,1.0,4.0,conditional_bounds,
914741498980225024,2023,5,1,26,8,23.0,26.0,5.0,8.0,2.0,5.0,4.0,12.0,5.0,12.0,2.0,2.0,conditional_bounds,
914741498980225024,2023,5,2,26,8,22.0,26.0,4.0,8.0,2.0,4.0,6.0,14.0,3.0,9.0,1.0,3.0,conditional_bounds,
914741498980225024,2023,5,3,26,8,22.0,26.0,4.0,8.0,2.0,4.0,7.0,15.0,4.0,6.0,1.0,5.0,conditional_bounds,
914741498980225024,2023,5,4,26,8,22.0,26.0,4.0,8.0,2.0,4.0,3.0,8.0,4.0,11.0,2.0,7.0,conditional_bounds,
914741498980225024,2023,5,5,26,8,22.0,26.0,4.0,8.0,2.0,4.0,2.0,8.0,5.0,13.0,3.0,5.0,conditional_bounds,
914741498980225024,2023,5,6,26,8,15.0,23.0,0.0,8.0,2.0,5.0,2.0,7.0,6.0,9.0,1.0,2.0,conditional_bounds,
914741498980225024,2023,5,7,26,8,23.0,26.0,5.0,8.0,2.0,5.0,2.0,9.0,6.0,11.0,1.0,6.0,conditional_bounds,
914741498980225024,2023,5,8,26,8,21.0,26.0,3.0,8.0,1.0,5.0,4.0,12.0,7.0,8.0,1.0,4.0,conditional_bounds,
914741498980225024,2023,5,9,26,8,22.0,26.0,4.0,8.0,2.0,6.0,3.0,8.0,4.0,11.0,2.0,5.0,conditional_bounds,
914741498980225024,2023,5,10,26,8,21.0,26.0,3.0,8.0,2.0,4.0,2.0,9.0,6.0,13.0,1.0,3.0,conditional_bounds,
914741498980225024,2023,5,11,26,8,21.0,26.0,3.0,8.0,2.0,5.0,2.0,7.0,4.0,10.0,3.0,7.0,conditional_bounds,
914741498980225024,2023,5,12,26,8,24.0,26.0,6.0,8.0,2.0,4.0,5.0,10.0,6.0,14.0,1.0,4.0,conditional_bounds,
914741498980225024,2023,6,1,26,8,23.0,26.0,5.0,8.0,2.0,5.0,4.0,12.0,5.0,12.0,2.0,2.0,conditional_bounds,
914741498980225024,2023,6,2,26,8,23.0,26.0,5.0,8.0,2.0,5.0,6.0,14.0,3.0,8.0,1.0,4.0,conditional_bounds,
914741498980225024,2023,6,3,26,8,24.0,26.0,6.0,8.0,2.0,4.0,7.0,15.0,4.0,6.0,1.0,7.0,conditional_bounds,
914741498980225024,2023,6,4,26,8,22.0,26.0,4.0,8.0,2.0,4.0,2.0,8.0,6.0,11.0,1.0,7.0,conditional_bounds,
914741498980225024,2023,6,5,26,8,20.0,26.0,2.0,8.0,1.0,3.0,3.0,7.0,5.0,13.0,3.0,5.0,conditional_bounds,
914741498980225024,2023,6,6,26,8,14.0,22.0,0.0,8.0,2.0,5.0,3.0,7.0,5.0,8.0,1.0,2.0,conditional_bounds,
914741498980225024,2023,6,7,26,8,21.0,26.0,3.0,8.0,2.0,5.0,2.0,7.0,5.0,11.0,2.0,6.0,conditional_bounds,
914741498980225024,2023,6,8,26,8,22.0,26.0,4.0,8.0,2.0,5.0,5.0,13.0,5.0,8.0,2.0,4.0,conditional_bounds,
914741498980225024,2023,6,9,26,8,22.0,26.0,4.0,8.0,1.0,6.0,3.0,10.0,5.0,10.0,2.0,4.0,conditional_bounds,
914741498980225024,2023,6,10,26,8,21.0,26.0,3.0,8.0,2.0,4.0,2.0,9.0,6.0,13.0,1.0,3.0,conditional_bounds,
914741498980225024,2023,6,11,26,8,22.0,26.0,4.0,8.0,2.0,4.0,3.0,7.0,4.0,12.0,3.0,7.0,conditional_bounds,
914741498980225024,2023,6,12,26,8,24.0,26.0,6.0,8.0,2.0,4.0,5.0,10.0,6.0,14.0,1.0,4.0,conditional_bounds,
914741498980225024,2023,7,1,26,8,22.0,26.0,4.0,8.0,1.0,5.0,3.0,11.0,6.0,12.0,2.0,2.0,conditional_bounds,
914741498980225024,2023,7,2,26,8,23.0,26.0,5.0,8.0,2.0,4.0,6.0,14.0,4.0,9.0,2.0,4.0,conditional_bounds,
914741498980225024,2023,7,3,26,8,24.0,26.0,6.0,8.0,2.0,4.0,7.0,15.0,4.0,6.0,1.0,7.0,conditional_bounds,
914741498980225024,2023,7,4,26,8,22.0,26.0,4.0,8.0,2.0,4.0,2.0,8.0,6.0,11.0,1.0,7.0,conditional_bounds,
914741498980225024,2023,7,5,26,8,20.0,26.0,2.0,8.0,2.0,3.0,2.0,7.0,5.0,13.0,2.0,5.0,conditional_bounds,
914741498980225024,2023,7,6,26,8,18.0,26.0,0.0,8.0,2.0,5.0,3.0,9.0,5.0,10.0,1.0,2.0,conditional_bounds,
914741498980225024,2023,7,7,26,8,21.0,26.0,3.0,8.0,2.0,5.0,2.0,6.0,5.0,10.0,2.0,8.0,conditional_bounds,
914741498980225024,2023,7,8,26,8,24.0,26.0,6.0,8.0,2.0,5.0,5.0,13.0,3.0,10.0,2.0,4.0,conditional_bounds,
914741498980225024,2023,7,9,26,8,22.0,26.0,4.0,8.0,1.0,6.0,3.0,10.0,5.0,10.0,2.0,4.0,conditional_bounds,
914741498980225024,2023,7,10,26,8,21.0,26.0,3.0,8.0,2.0,4.0,3.0,9.0,5.0,13.0,1.0,3.0,conditional_bounds,
914741498980225024,2023,7,11,26,8,22.0,26.0,4.0,8.0,2.0,4.0,2.0,8.0,5.0,12.0,2.0,6.0,conditional_bounds,
914741498980225024,2023,7,12,26,8,23.0,26.0,5.0,8.0,1.0,4.0,4.0,10.0,5.0,13.0,1.0,4.0,conditional_bounds,
914741498980225024,2023,8,1,26,8,25.0,26.0,7.0,8.0,2.0,5.0,3.0,11.0,6.0,14.0,2.0,2.0,conditional_bounds,
914741498980225024,2023,8,2,26,8,23.0,26.0,5.0,8.0,2.0,4.0,5.0,13.0,3.0,9.0,1.0,5.0,conditional_bounds,
914741498980225024,2023,8,3,26,8,23.0,26.0,5.0,8.0,2.0,4.0,7.0,15.0,4.0,6.0,2.0,6.0,conditional_bounds,
914741498980225024,2023,8,4,26,8,22.0,26.0,4.0,8.0,2.0,4.0,3.0,8.0,5.0,11.0,1.0,7.0,conditional_bounds,
914741498980225024,2023,8,5,26,8,20.0,26.0,2.0,8.0,1.0,3.0,2.0,7.0,6.0,13.0,2.0,5.0,conditional_bounds,
914741498980225024,2023,8,6,26,8,18.0,26.0,0.0,8.0,2.0,5.0,4.0,9.0,4.0,10.0,1.0,2.0,conditional_bounds,
914741498980225024,2023,8,7,26,8,21.0,26.0,3.0,8.0,2.0,5.0,2.0,6.0,5.0,10.0,2.0,8.0,conditional_bounds,
914741498980225024,2023,8,8,26,8,24.0,26.0,6.0,8.0,2.0,5.0,5.0,13.0,6.0,10.0,1.0,4.0,conditional_bounds,
914741498980225024,2023,8,9,26,8,22.0,26.0,4.0,8.0,2.0,6.0,3.0,10.0,4.0,10.0,2.0,4.0,conditional_bounds,
914741498980225024,2023,8,10,26,8,21.0,26.0,3.0,8.0,2.0,4.0,3.0,9.0,5.0,13.0,1.0,3.0,conditional_bounds,
914741498980225024,2023,8,11,26,8,23.0,26.0,5.0,8.0,2.0,4.0,2.0,8.0,5.0,13.0,3.0,6.0,conditional_bounds,
914741498980225024,2023,8,12,26,8,23.0,26.0,5.0,8.0,2.0,4.0,5.0,10.0,5.0,13.0,1.0,4.0,conditional_bounds,
914741498980225024,2023,9,1,26,8,25.0,26.0,7.0,8.0,2.0,5.0,3.0,11.0,6.0,14.0,2.0,2.0,conditional_bounds,
914741498980225024,2023,9,2,26,8,24.0,26.0,6.0,8.0,2.0,4.0,5.0,13.0,3.0,10.0,1.0,5.0,conditional_bounds,
914741498980225024,2023,9,3,26,8,23.0,26.0,5.0,8.0,1.0,4.0,7.0,15.0,4.0,6.0,2.0,6.0,conditional_bounds,
914741498980225024,2023,9,4,26,8,22.0,26.0,4.0,8.0,2.0,4.0,3.0,8.0,5.0,11.0,1.0,7.0,conditional_bounds,
914741498980225024,2023,9,5,26,8,19.0,26.0,1.0,8.0,1.0,3.0,2.0,6.0,5.0,13.0,3.0,5.0,conditional_bounds,
914741498980225024,2023,9,6,26,8,18.0,26.0,0.0,8.0,2.0,5.0,4.0,8.0,4.0,11.0,1.0,2.0,conditional_bounds,
914741498980225024,2023,9,7,26,8,21.0,26.0,3.0,8.0,2.0,5.0,2.0,6.0,5.0,10.0,2.0,8.0,conditional_bounds,
914741498980225024,2023,9,8,26,8,24.0,26.0,6.0,8.0,2.0,5.0,5.0,13.0,5.0,10.0,1.0,4.0,conditional_bounds,
914741498980225024,2023,9,9,26,8,21.0,26.0,3.0,8.0,2.0,5.0,4.0,10.0,3.0,10.0,2.0,4.0,conditional_bounds,
914741498980225024,2023,9,10,26,8,21.0,26.0,3.0,8.0,2.0,4.0,2.0,9.0,6.0,13.0,1.0,3.0,conditional_bounds,
914741498980225024,2023,9,11,26,8,23.0,26.0,5.0,8.0,2.0,4.0,3.0,8.0,5.0,12.0,1.0,7.0,conditional_bounds,
914741498980225024,2023,9,12,26,8,23.0,26.0,5.0,8.0,2.0,4.0,5.0,10.0,5.0,13.0,1.0,4.0,conditional_bounds,
914741498980225024,2023,10,1,26,8,25.0,26.0,7.0,8.0,2.0,5.0,3.0,11.0,6.0,14.0,2.0,2.0,conditional_bounds,
914741498980225024,2023,10,2,26,8,24.0,26.0,6.0,8.0,2.0,4.0,5.0,13.0,3.0,10.0,1.0,5.0,conditional_bounds,
914741498980225024,2023,10,3,26,8,23.0,26.0,5.0,8.0,2.0,4.0,7.0,15.0,4.0,6.0,2.0,6.0,conditional_bounds,
914741498980225024,2023,10,4,26,8,21.0,26.0,3.0,8.0,2.0,4.0,4.0,7.0,4.0,11.0,1.0,7.0,conditional_bounds,
914741498980225024,2023,10,5,26,8,19.0,26.0,1.0,8.0,1.0,3.0,2.0,6.0,5.0,13.0,3.0,5.0,conditional_bounds,
914741498980225024,2023,10,6,26,8,17.0,25.0,0.0,8.0,2.0,5.0,3.0,8.0,5.0,10.0,1.0,2.0,conditional_bounds,
914741498980225024,2023,10,7,26,8,20.0,26.0,2.0,8.0,2.0,5.0,2.0,6.0,4.0,9.0,3.0,8.0,conditional_bounds,
914741498980225024,2023,10,8,26,8,24.0,26.0,6.0,8.0,2.0,5.0,5.0,13.0,5.0,10.0,1.0,4.0,conditional_bounds,
914741498980225024,2023,10,9,26,8,21.0,26.0,3.0,8.0,2.0,5.0,5.0,10.0,3.0,10.0,1.0,4.0,conditional_bounds,
914741498980225024,2023,10,10,26,8,21.0,26.0,3.0,8.0,1.0,4.0,2.0,9.0,6.0,13.0,2.0,3.0,conditional_bounds,
914741498980225024,2023,10,11,26,8,25.0,26.0,7.0,8.0,1.0,5.0,2.0,8.0,5.0,13.0,3.0,7.0,conditional_bounds,
914741498980225024,2023,10,12,26,8,24.0,26.0,6.0,8.0,2.0,4.0,5.0,11.0,5.0,13.0,1.0,4.0,conditional_bounds,
914741498980225024,2023,11,1,26,8,24.0,26.0,6.0,8.0,2.0,5.0,3.0,11.0,6.0,14.0,2.0,2.0,conditional_bounds,
914741498980225024,2023,11,2,26,8,24.0,26.0,6.0,8.0,2.0,4.0,5.0,13.0,4.0,10.0,1.0,5.0,conditional_bounds,
914741498980225024,2023,11,3,26,8,23.0,26.0,5.0,8.0,2.0,4.0,7.0,15.0,4.0,6.0,2.0,6.0,conditional_bounds,
914741498980225024,2023,11,4,26,8,22.0,26.0,4.0,8.0,2.0,4.0,4.0,7.0,4.0,12.0,1.0,7.0,conditional_bounds,
914741498980225024,2023,11,5,26,8,19.0,26.0,1.0,8.0,1.0,3.0,2.0,6.0,6.0,13.0,2.0,5.0,conditional_bounds,
914741498980225024,2023,11,6,26,8,17.0,25.0,0.0,8.0,1.0,5.0,3.0,8.0,5.0,10.0,2.0,2.0,conditional_bounds,
914741498980225024,2023,11,7,26,8,20.0,26.0,2.0,8.0,2.0,5.0,2.0,6.0,3.0,9.0,4.0,8.0,conditional_bounds,
914741498980225024,2023,11,8,26,8,23.0,26.0,5.0,8.0,2.0,5.0,4.0,12.0,5.0,10.0,1.0,4.0,conditional_bounds,
914741498980225024,2023,11,9,26,8,22.0,26.0,4.0,8.0,2.0,5.0,5.0,10.0,3.0,11.0,1.0,4.0,conditional_bounds,
914741498980225024,2023,11,10,26,8,21.0,26.0,3.0,8.0,2.0,4.0,3.0,9.0,5.0,13.0,1.0,3.0,conditional_bounds,
914741498980225024,2023,11,11,26,8,23.0,26.0,5.0,8.0,2.0,4.0,3.0,8.0,4.0,12.0,3.0,7.0,conditional_bounds,
914741498980225024,2023,11,12,26,8,23.0,26.0,5.0,8.0,1.0,4.0,4.0,10.0,5.0,13.0,1.0,4.0,conditional_bounds,
914741498980225024,2023,12,1,26,8,24.0,26.0,6.0,8.0,2.0,5.0,3.0,11.0,6.0,14.0,1.0,2.0,conditional_bounds,
914741498980225024,2023,12,2,26,8,24.0,26.0,6.0,8.0,2.0,4.0,5.0,13.0,4.0,11.0,1.0,4.0,conditional_bounds,
914741498980225024,2023,12,3,26,8,23.0,26.0,5.0,8.0,2.0,4.0,7.0,15.0,3.0,6.0,1.0,6.0,conditional_bounds,
914741498980225024,2023,12,4,26,8,22.0,26.0,4.0,8.0,2.0,4.0,3.0,7.0,5.0,12.0,1.0,7.0,conditional_bounds,
914741498980225024,2023,12,5,26,8,19.0,26.0,1.0,8.0,1.0,3.0,2.0,6.0,6.0,13.0,2.0,5.0,conditional_bounds,
914741498980225024,2023,12,6,26,8,17.0,25.0,0.0,8.0,1.0,5.0,3.0,8.0,5.0,10.0,2.0,2.0,conditional_bounds,
914741498980225024,2023,12,7,26,8,20.0,26.0,2.0,8.0,2.0,5.0,2.0,6.0,4.0,9.0,3.0,8.0,conditional_bounds,
914741498980225024,2023,12,8,26,8,23.0,26.0,5.0,8.0,2.0,5.0,4.0,12.0,6.0,10.0,1.0,4.0,conditional_bounds,
914741498980225024,2023,12,9,26,8,22.0,26.0,4.0,8.0,2.0,5.0,5.0,10.0,3.0,11.0,1.0,4.0,conditional_bounds,
914741498980225024,2023,12,10,26,8,21.0,26.0,3.0,8.0,2.0,4.0,2.0,9.0,5.0,13.0,2.0,3.0,conditional_bounds,
914741498980225024,2023,12,11,26,8,23.0,26.0,5.0,8.0,2.0,4.0,4.0,8.0,4.0,12.0,2.0,7.0,conditional_bounds,
914741498980225024,2023,12,12,26,8,24.0,26.0,6.0,8.0,2.0,4.0,5.0,10.0,6.0,14.0,1.0,4.0,conditional_bounds,
914741498980225024,2023,13,1,26,8,23.0,26.0,5.0,8.0,2.0,5.0,2.0,10.0,6.0,14.0,1.0,2.0,conditional_bounds,
914741498980225024,2023,13,2,26,8,22.0,26.0,4.0,8.0,2.0,4.0,4.0,12.0,5.0,10.0,1.0,4.0,conditional_bounds,
914741498980225024,2023,13,3,26,8,23.0,26.0,5.0,8.0,2.0,4.0,7.0,15.0,3.0,6.0,2.0,6.0,conditional_bounds,
914741498980225024,2023,13,4,26,8,22.0,26.0,4.0,8.0,2.0,4.0,4.0,7.0,4.0,12.0,1.0,7.0,conditional_bounds,
914741498980225024,2023,13,5,26,8,19.0,26.0,1.0,8.0,1.0,3.0,2.0,6.0,5.0,13.0,3.0,5.0,conditional_bounds,
914741498980225024,2023,13,6,26,8,17.0,25.0,0.0,8.0,1.0,5.0,3.0,8.0,5.0,10.0,2.0,2.0,conditional_bounds,
914741498980225024,2023,13,7,26,8,19.0,26.0,1.0,8.0,2.0,5.0,2.0,6.0,4.0,9.0,3.0,7.0,conditional_bounds,
914741498980225024,2023,13,8,26,8,23.0,26.0,5.0,8.0,2.0,5.0,4.0,12.0,6.0,10.0,1.0,4.0,conditional_bounds,
914741498980225024,2023,13,9,26,8,22.0,26.0,4.0,8.0,2.0,5.0,5.0,10.0,3.0,11.0,1.0,4.0,conditional_bounds,
914741498980225024,2023,13,10,26,8,21.0,26.0,3.0,8.0,1.0,4.0,4.0,9.0,5.0,13.0,2.0,3.0,conditional_bounds,
914741498980225024,2023,13,11,26,8,23.0,26.0,5.0,8.0,2.0,5.0,4.0,8.0,3.0,11.0,2.0,7.0,conditional_bounds,
914741498980225024,2023,13,12,26,8,24.0,26.0,6.0,8.0,2.0,4.0,4.0,10.0,5.0,13.0,1.0,5.0,conditional_bounds,
914741498980225024,2023,14,1,26,8,23.0,26.0,5.0,8.0,2.0,4.0,2.0,10.0,6.0,14.0,3.0,3.0,conditional_bounds,
914741498980225024,2023,14,2,26,8,23.0,26.0,5.0,8.0,2.0,5.0,5.0,12.0,3.0,10.0,1.0,4.0,conditional_bounds,
914741498980225024,2023,14,3,26,8,23.0,26.0,5.0,8.0,2.0,4.0,7.0,15.0,4.0,6.0,2.0,6.0,conditional_bounds,
914741498980225024,2023,14,4,26,8,22.0,26.0,4.0,8.0,2.0,4.0,4.0,7.0,4.0,12.0,1.0,7.0,conditional_bounds,
914741498980225024,2023,14,5,26,8,19.0,26.0,1.0,8.0,1.0,3.0,2.0,6.0,5.0,13.0,3.0,5.0,conditional_bounds,
914741498980225024,2023,14,6,26,8,16.0,24.0,0.0,8.0,2.0,5.0,2.0,7.0,6.0,10.0,1.0,2.0,conditional_bounds,
914741498980225024,2023,14,7,26,8,19.0,26.0,1.0,8.0,1.0,5.0,3.0,6.0,4.0,9.0,3.0,7.0,conditional_bounds,
914741498980225024,2023,14,8,26,8,23.0,26.0,5.0,8.0,2.0,5.0,4.0,12.0,6.0,10.0,1.0,4.0,conditional_bounds,
914741498980225024,2023,14,9,26,8,22.0,26.0,4.0,8.0,2.0,5.0,5.0,10.0,3.0,11.0,1.0,4.0,conditional_bounds,
914741498980225024,2023,14,10,26,8,21.0,26.0,3.0,8.0,2.0,4.0,3.0,9.0,5.0,13.0,1.0,3.0,conditional_bounds,
914741498980225024,2023,14,11,26,8,26.0,26.0,8.0,8.0,2.0,5.0,3.0,9.0,3.0,11.0,3.0,9.0,conditional_bounds,
914741498980225024,2023,14,12,26,8,23.0,26.0,5.0,8.0,2.0,4.0,5.0,10.0,5.0,13.0,1.0,4.0,conditional_bounds,
1055621034914820096,2024,3,1,24,12,19.0,24.0,7.0,12.0,2.0,4.0,4.0,10.0,3.0,12.0,1.0,5.0,conditional_bounds,
1055621034914820096,2024,3,2,24,12,18.0,24.0,6.0,12.0,2.0,6.0,3.0,7.0,4.0,12.0,1.0,5.0,conditional_bounds,
1055621034914820096,2024,3,3,24,12,18.0,24.0,6.0,12.0,2.0,3.0,3.0,6.0,4.0,15.0,1.0,6.0,conditional_bounds,
1055621034914820096,2024,3,4,24,12,19.0,24.0,7.0,12.0,2.0,3.0,4.0,9.0,3.0,15.0,1.0,4.0,conditional_bounds,
1055621034914820096,2024,3,5,24,12,21.0,24.0,9.0,12.0,2.0,9.0,2.0,11.0,5.0,10.0,1.0,3.0,conditional_bounds,
1055621034914820096,2024,3,6,24,12,20.0,24.0,8.0,12.0,2.0,6.0,3.0,10.0,4.0,10.0,1.0,6.0,conditional_bounds,
1055621034914820096,2024,3,7,24,12,23.0,24.0,11.0,12.0,2.0,10.0,2.0,11.0,4.0,10.0,2.0,4.0,conditional_bounds,
1055621034914820096,2024,3,8,24,12,23.0,24.0,11.0,12.0,2.0,8.0,2.0,7.0,5.0,14.0,1.0,6.0,conditional_bounds,
1055621034914820096,2024,3,9,24,12,23.0,24.0,11.0,12.0,2.0,4.0,4.0,11.0,3.0,12.0,1.0,8.0,conditional_bounds,
1055621034914820096,2024,3,10,24,12,20.0,24.0,8.0,12.0,2.0,5.0,2.0,10.0,5.0,14.0,1.0,3.0,conditional_bounds,
1055621034914820096,2024,4,1,24,12,21.0,24.0,9.0,12.0,2.0,4.0,3.0,10.0,4.0,13.0,1.0,6.0,conditional_bounds,
1055621034914820096,2024,4,2,24,12,18.0,24.0,6.0,12.0,2.0,6.0,3.0,7.0,4.0,12.0,1.0,5.0,conditional_bounds,
1055621034914820096,2024,4,3,24,12,18.0,24.0,6.0,12.0,2.0,3.0,2.0,7.0,5.0,14.0,1.0,6.0,conditional_bounds,
1055621034914820096,2024,4,4,24,12,19.0,24.0,7.0,12.0,2.0,3.0,3.0,9.0,4.0,15.0,1.0,4.0,conditional_bounds,
1055621034914820096,2024,4,5,24,12,22.0,24.0,10.0,12.0,2.0,10.0,2.0,11.0,5.0,10.0,1.0,3.0,conditional_bounds,
1055621034914820096,2024,4,6,24,12,20.0,24.0,8.0,12.0,2.0,6.0,2.0,10.0,5.0,10.0,1.0,6.0,conditional_bounds,
1055621034914820096,2024,4,7,24,12,23.0,24.0,11.0,12.0,2.0,10.0,2.0,11.0,4.0,10.0,2.0,4.0,conditional_bounds,
1055621034914820096,2024,4,8,24,12,23.0,24.0,11.0,12.0,2.0,8.0,2.0,7.0,5.0,14.0,1.0,6.0,conditional_bounds,
1055621034914820096,2024,4,9,24,12,23.0,24.0,11.0,12.0,2.0,4.0,4.0,11.0,3.0,12.0,1.0,8.0,conditional_bounds,
1055621034914820096,2024,4,10,24,12,20.0,24.0,8.0,12.0,2.0,5.0,2.0,10.0,5.0,14.0,1.0,3.0,conditional_bounds,
1055621034914820096,2024,5,1,24,12,20.0,24.0,8.0,12.0,2.0,4.0,3.0,10.0,4.0,12.0,1.0,6.0,conditional_bounds,
1055621034914820096,2024,5,2,24,12,18.0,24.0,6.0,12.0,2.0,6.0,3.0,7.0,4.0,12.0,1.0,5.0,conditional_bounds,
1055621034914820096,2024,5,3,24,12,18.0,24.0,6.0,12.0,2.0,3.0,2.0,7.0,5.0,14.0,1.0,6.0,conditional_bounds,
1055621034914820096,2024,5,4,24,12,19.0,24.0,7.0,12.0,2.0,3.0,2.0,9.0,5.0,15.0,1.0,4.0,conditional_bounds,
1055621034914820096,2024,5,5,24,12,21.0,24.0,9.0,12.0,1.0,10.0,2.0,10.0,5.0,10.0,2.0,3.0,conditional_bounds,
1055621034914820096,2024,5,6,24,12,21.0,24.0,9.0,12.0,2.0,6.0,2.0,10.0,5.0,10.0,1.0,7.0,conditional_bounds,
1055621034914820096,2024,5,7,24,12,24.0,24.0,12.0,12.0,2.0,9.0,3.0,12.0,4.0,11.0,1.0,4.0,conditional_bounds,
1055621034914820096,2024,5,8,24,12,23.0,24.0,11.0,12.0,2.0,8.0,2.0,7.0,4.0,14.0,2.0,6.0,conditional_bounds,
1055621034914820096,2024,5,9,24,12,20.0,24.0,8.0,12.0,2.0,4.0,3.0,10.0,4.0,10.0,1.0,8.0,conditional_bounds,
1055621034914820096,2024,5,10,24,12,20.0,24.0,8.0,12.0,2.0,5.0,2.0,10.0,5.0,14.0,1.0,3.0,conditional_bounds,
1055621034914820096,2024,6,1,24,12,20.0,24.0,8.0,12.0,2.0,4.0,3.0,10.0,4.0,12.0,1.0,6.0,conditional_bounds,
1055621034914820096,2024,6,2,24,12,18.0,24.0,6.0,12.0,2.0,6.0,3.0,7.0,4.0,12.0,1.0,5.0,conditional_bounds,
1055621034914820096,2024,6,3,24,12,19.0,24.0,7.0,12.0,2.0,3.0,2.0,7.0,4.0,15.0,2.0,6.0,conditional_bounds,
1055621034914820096,2024,6,4,24,12,19.0,24.0,7.0,12.0,2.0,3.0,3.0,9.0,4.0,15.0,1.0,4.0,conditional_bounds,
1055621034914820096,2024,6,5,24,12,22.0,24.0,10.0,12.0,2.0,11.0,2.0,10.0,4.0,10.0,2.0,3.0,conditional_bounds,
1055621034914820096,2024,6,6,24,12,22.0,24.0,10.0,12.0,2.0,6.0,4.0,10.0,3.0,11.0,1.0,7.0,conditional_bounds,
1055621034914820096,2024,6,7,24,12,23.0,24.0,11.0,12.0,2.0,8.0,3.0,12.0,3.0,11.0,2.0,4.0,conditional_bounds,
1055621034914820096,2024,6,8,24,12,23.0,24.0,11.0,12.0,2.0,8.0,2.0,7.0,5.0,14.0,1.0,6.0,conditional_bounds,
1055621034914820096,2024,6,9,24,12,20.0,24.0,8.0,12.0,2.0,4.0,3.0,10.0,4.0,10.0,1.0,8.0,conditional_bounds,
1055621034914820096,2024,6,10,24,12,20.0,24.0,8.0,12.0,2.0,5.0,2.0,10.0,5.0,14.0,1.0,3.0,conditional_bounds,
1055621034914820096,2024,7,1,24,12,20.0,24.0,8.0,12.0,2.0,4.0,2.0,10.0,5.0,12.0,1.0,6.0,conditional_bounds,
1055621034914820096,2024,7,2,24,12,18.0,24.0,6.0,12.0,2.0,6.0,3.0,7.0,4.0,12.0,1.0,5.0,conditional_bounds,
1055621034914820096,2024,7,3,24,12,17.0,24.0,5.0,12.0,2.0,3.0,2.0,5.0,5.0,15.0,1.0,6.0,conditional_bounds,
1055621034914820096,2024,7,4,24,12,19.0,24.0,7.0,12.0,2.0,3.0,3.0,9.0,4.0,15.0,1.0,4.0,conditional_bounds,
1055621034914820096,2024,7,5,24,12,20.0,24.0,8.0,12.0,2.0,10.0,2.0,9.0,4.0,10.0,2.0,3.0,conditional_bounds,
1055621034914820096,2024,7,6,24,12,22.0,24.0,10.0,12.0,2.0,6.0,3.0,10.0,4.0,11.0,1.0,7.0,conditional_bounds,
1055621034914820096,2024,7,7,24,12,24.0,24.0,12.0,12.0,2.0,7.0,3.0,14.0,3.0,10.0,2.0,5.0,conditional_bounds,
1055621034914820096,2024,7,8,24,12,23.0,24.0,11.0,12.0,2.0,8.0,2.0,8.0,5.0,14.0,1.0,5.0,conditional_bounds,
1055621034914820096,2024,7,9,24,12,19.0,24.0,7.0,12.0,2.0,4.0,3.0,10.0,4.0,9.0,1.0,8.0,conditional_bounds,
1055621034914820096,2024,7,10,24,12,20.0,24.0,8.0,12.0,2.0,5.0,4.0,10.0,3.0,14.0,1.0,3.0,conditional_bounds,
1055621034914820096,2024,8,1,24,12,20.0,24.0,8.0,12.0,2.0,4.0,2.0,10.0,5.0,12.0,1.0,6.0,conditional_bounds,
1055621034914820096,2024,8,2,24,12,18.0,24.0,6.0,12.0,2.0,6.0,3.0,7.0,4.0,12.0,1.0,5.0,conditional_bounds,
1055621034914820096,2024,8,3,24,12,17.0,24.0,5.0,12.0,2.0,3.0,2.0,4.0,5.0,17.0,1.0,5.0,conditional_bounds,
1055621034914820096,2024,8,4,24,12,19.0,24.0,7.0,12.0,2.0,3.0,3.0,9.0,4.0,15.0,1.0,4.0,conditional_bounds,
1055621034914820096,2024,8,5,24,12,22.0,24.0,10.0,12.0,2.0,10.0,2.0,11.0,4.0,10.0,2.0,3.0,conditional_bounds,
1055621034914820096,2024,8,6,24,12,21.0,24.0,9.0,12.0,2.0,5.0,3.0,10.0,3.0,12.0,2.0,6.0,conditional_bounds,
1055621034914820096,2024,8,7,24,12,22.0,24.0,10.0,12.0,2.0,6.0,4.0,14.0,3.0,9.0,1.0,5.0,conditional_bounds,
1055621034914820096,2024,8,8,24,12,23.0,24.0,11.0,12.0,2.0,8.0,3.0,8.0,4.0,14.0,1.0,5.0,conditional_bounds,
1055621034914820096,2024,8,9,24,12,19.0,24.0,7.0,12.0,2.0,3.0,4.0,10.0,3.0,10.0,1.0,8.0,conditional_bounds,
1055621034914820096,2024,8,10,24,12,21.0,24.0,9.0,12.0,1.0,5.0,3.0,10.0,5.0,15.0,1.0,3.0,conditional_bounds,
1055621034914820096,2024,9,1,24,12,20.0,24.0,8.0,12.0,2.0,4.0,2.0,10.0,5.0,12.0,1.0,6.0,conditional_bounds,
1055621034914820096,2024,9,2,24,12,18.0,24.0,6.0,12.0,2.0,6.0,3.0,7.0,4.0,12.0,1.0,5.0,conditional_bounds,
1055621034914820096,2024,9,3,24,12,18.0,24.0,6.0,12.0,2.0,3.0,2.0,5.0,5.0,17.0,1.0,5.0,conditional_bounds,
1055621034914820096,2024,9,4,24,12,19.0,24.0,7.0,12.0,2.0,3.0,4.0,9.0,3.0,15.0,1.0,4.0,conditional_bounds,
1055621034914820096,2024,9,5,24,12,22.0,24.0,10.0,12.0,2.0,10.0,2.0,11.0,4.0,10.0,2.0,3.0,conditional_bounds,
1055621034914820096,2024,9,6,24,12,21.0,24.0,9.0,12.0,2.0,5.0,3.0,9.0,4.0,12.0,1.0,7.0,conditional_bounds,
1055621034914820096,2024,9,7,24,12,20.0,24.0,8.0,12.0,2.0,6.0,2.0,12.0,4.0,9.0,2.0,5.0,conditional_bounds,
1055621034914820096,2024,9,8,24,12,23.0,24.0,11.0,12.0,2.0,7.0,3.0,8.0,4.0,14.0,1.0,6.0,conditional_bounds,
1055621034914820096,2024,9,9,24,12,20.0,24.0,8.0,12.0,2.0,3.0,4.0,9.0,3.0,12.0,1.0,8.0,conditional_bounds,
1055621034914820096,2024,9,10,24,12,21.0,24.0,9.0,12.0,1.0,5.0,3.0,10.0,5.0,15.0,1.0,3.0,conditional_bounds,
1055621034914820096,2024,10,1,24,12,20.0,24.0,8.0,12.0,2.0,4.0,3.0,10.0,4.0,12.0,1.0,6.0,conditional_bounds,
1055621034914820096,2024,10,2,24,12,18.0,24.0,6.0,12.0,2.0,6.0,3.0,7.0,4.0,12.0,1.0,5.0,conditional_bounds,
1055621034914820096,2024,10,3,24,12,17.0,24.0,5.0,12.0,2.0,3.0,2.0,5.0,4.0,16.0,2.0,5.0,conditional_bounds,
1055621034914820096,2024,10,4,24,12,19.0,24.0,7.0,12.0,2.0,3.0,3.0,9.0,4.0,15.0,1.0,4.0,conditional_bounds,
1055621034914820096,2024,10,5,24,12,19.0,24.0,7.0,12.0,2.0,10.0,3.0,8.0,4.0,10.0,1.0,3.0,conditional_bounds,
1055621034914820096,2024,10,6,24,12,21.0,24.0,9.0,12.0,2.0,6.0,3.0,10.0,3.0,11.0,2.0,6.0,conditional_bounds,
1055621034914820096,2024,10,7,24,12,19.0,24.0,7.0,12.0,2.0,6.0,2.0,10.0,4.0,10.0,2.0,5.0,conditional_bounds,
1055621034914820096,2024,10,8,24,12,23.0,24.0,11.0,12.0,2.0,7.0,2.0,8.0,4.0,14.0,2.0,6.0,conditional_bounds,
1055621034914820096,2024,10,9,24,12,20.0,24.0,8.0,12.0,2.0,3.0,4.0,10.0,3.0,11.0,1.0,8.0,conditional_bounds,
1055621034914820096,2024,10,10,24,12,22.0,24.0,10.0,12.0,1.0,5.0,2.0,10.0,6.0,16.0,1.0,3.0,conditional_bounds,
1055621034914820096,2024,11,1,24,12,19.0,24.0,7.0,12.0,2.0,3.0,2.0,9.0,5.0,13.0,1.0,6.0,conditional_bounds,
1055621034914820096,2024,11,2,24,12,18.0,24.0,6.0,12.0,2.0,6.0,3.0,7.0,4.0,12.0,1.0,5.0,conditional_bounds,
1055621034914820096,2024,11,3,24,12,17.0,24.0,5.0,12.0,2.0,3.0,2.0,5.0,4.0,16.0,2.0,5.0,conditional_bounds,
1055621034914820096,2024,11,4,24,12,19.0,24.0,7.0,12.0,2.0,3.0,4.0,9.0,3.0,15.0,1.0,4.0,conditional_bounds,
1055621034914820096,2024,11,5,24,12,19.0,24.0,7.0,12.0,2.0,10.0,2.0,8.0,5.0,10.0,1.0,3.0,conditional_bounds,
1055621034914820096,2024,11,6,24,12,21.0,24.0,9.0,12.0,2.0,6.0,3.0,10.0,4.0,11.0,1.0,6.0,conditional_bounds,
1055621034914820096,2024,11,7,24,12,20.0,24.0,8.0,12.0,2.0,7.0,3.0,10.0,4.0,9.0,1.0,6.0,conditional_bounds,
1055621034914820096,2024,11,8,24,12,23.0,24.0,11.0,12.0,2.0,7.0,2.0,8.0,5.0,14.0,1.0,6.0,conditional_bounds,
1055621034914820096,2024,11,9,24,12,19.0,24.0,7.0,12.0,2.0,4.0,3.0,9.0,3.0,11.0,2.0,7.0,conditional_bounds,
1055621034914820096,2024,11,10,24,12,21.0,24.0,9.0,12.0,1.0,5.0,3.0,10.0,5.0,15.0,1.0,3.0,conditional_bounds,
1055621034914820096,2024,12,1,24,12,19.0,24.0,7.0,12.0,2.0,3.0,2.0,9.0,5.0,13.0,1.0,6.0,conditional_bounds,
1055621034914820096,2024,12,2,24,12,18.0,24.0,6.0,12.0,2.0,6.0,3.0,7.0,4.0,12.0,1.0,5.0,conditional_bounds,
1055621034914820096,2024,12,3,24,12,16.0,24.0,4.0,12.0,2.0,3.0,2.0,4.0,4.0,16.0,2.0,5.0,conditional_bounds,
1055621034914820096,2024,12,4,24,12,19.0,24.0,7.0,12.0,2.0,3.0,4.0,9.0,3.0,15.0,1.0,4.0,conditional_bounds,
1055621034914820096,2024,12,5,24,12,19.0,24.0,7.0,12.0,2.0,10.0,2.0,8.0,4.0,10.0,2.0,3.0,conditional_bounds,
1055621034914820096,2024,12,6,24,12,21.0,24.0,9.0,12.0,2.0,6.0,3.0,10.0,4.0,11.0,1.0,6.0,conditional_bounds,
1055621034914820096,2024,12,7,24,12,20.0,24.0,8.0,12.0,2.0,7.0,3.0,10.0,3.0,9.0,2.0,6.0,conditional_bounds,
1055621034914820096,2024,12,8,24,12,23.0,24.0,11.0,12.0,2.0,7.0,2.0,8.0,4.0,14.0,2.0,6.0,conditional_bounds,
1055621034914820096,2024,12,9,24,12,21.0,24.0,9.0,12.0,2.0,5.0,4.0,10.0,3.0,11.0,1.0,7.0,conditional_bounds,
1055621034914820096,2024,12,10,24,12,21.0,24.0,9.0,12.0,2.0,6.0,2.0,10.0,5.0,14.0,1.0,3.0,conditional_bounds,
1055621034914820096,2024,13,1,24,12,19.0,24.0,7.0,12.0,2.0,3.0,3.0,9.0,4.0,13.0,1.0,6.0,conditional_bounds,
1055621034914820096,2024,13,2,24,12,18.0,24.0,6.0,12.0,2.0,6.0,3.0,7.0,4.0,12.0,1.0,5.0,conditional_bounds,
1055621034914820096,2024,13,3,24,12,16.0,24.0,4.0,12.0,2.0,3.0,2.0,4.0,5.0,16.0,1.0,5.0,conditional_bounds,
1055621034914820096,2024,13,4,24,12,19.0,24.0,7.0,12.0,2.0,3.0,4.0,9.0,3.0,15.0,1.0,4.0,conditional_bounds,
1055621034914820096,2024,13,5,24,12,19.0,24.0,7.0,12.0,2.0,10.0,2.0,8.0,4.0,10.0,2.0,3.0,conditional_bounds,
1055621034914820096,2024,13,6,24,12,21.0,24.0,9.0,12.0,2.0,7.0,3.0,10.0,4.0,11.0,1.0,5.0,conditional_bounds,
1055621034914820096,2024,13,7,24,12,20.0,24.0,8.0,12.0,2.0,7.0,3.0,10.0,4.0,9.0,1.0,6.0,conditional_bounds,
1055621034914820096,2024,13,8,24,12,22.0,24.0,10.0,12.0,2.0,7.0,2.0,8.0,5.0,13.0,1.0,6.0,conditional_bounds,
1055621034914820096,2024,13,9,24,12,20.0,24.0,8.0,12.0,2.0,4.0,4.0,11.0,3.0,10.0,1.0,7.0,conditional_bounds,
1055621034914820096,2024,13,10,24,12,21.0,24.0,9.0,12.0,1.0,6.0,3.0,10.0,5.0,14.0,1.0,3.0,conditional_bounds,
1055621034914820096,2024,14,1,24,12,21.0,24.0,9.0,12.0,2.0,3.0,3.0,10.0,4.0,14.0,1.0,6.0,conditional_bounds,
1055621034914820096,2024,14,2,24,12,18.0,24.0,6.0,12.0,2.0,6.0,3.0,7.0,4.0,12.0,1.0,5.0,conditional_bounds,
1055621034914820096,2024,14,3,24,12,16.0,24.0,4.0,12.0,2.0,3.0,2.0,4.0,5.0,16.0,1.0,5.0,conditional_bounds,
1055621034914820096,2024,14,4,24,12,19.0,24.0,7.0,12.0,1.0,3.0,3.0,9.0,4.0,15.0,2.0,4.0,conditional_bounds,
1055621034914820096,2024,14,5,24,12,19.0,24.0,7.0,12.0,2.0,10.0,3.0,8.0,3.0,10.0,2.0,3.0,conditional_bounds,
1055621034914820096,2024,14,6,24,12,21.0,24.0,9.0,12.0,2.0,7.0,3.0,10.0,4.0,11.0,1.0,5.0,conditional_bounds,
1055621034914820096,2024,14,7,24,12,21.0,24.0,9.0,12.0,2.0,7.0,2.0,11.0,5.0,9.0,1.0,6.0,conditional_bounds,
1055621034914820096,2024,14,8,24,12,21.0,24.0,9.0,12.0,2.0,6.0,2.0,8.0,5.0,13.0,1.0,6.0,conditional_bounds,
1055621034914820096,2024,14,9,24,12,21.0,24.0,9.0,12.0,2.0,4.0,3.0,10.0,4.0,11.0,1.0,8.0,conditional_bounds,
1055621034914820096,2024,14,10,24,12,21.0,24.0,9.0,12.0,1.0,6.0,2.0,10.0,5.0,14.0,2.0,3.0,conditional_bounds,
1045730844721270784,2024,3,1,27,10,23.0,27.0,6.0,10.0,2.0,5.0,2.0,8.0,5.0,14.0,2.0,6.0,conditional_bounds,
1045730844721270784,2024,3,2,27,10,23.0,27.0,6.0,10.0,1.0,5.0,2.0,7.0,6.0,13.0,2.0,8.0,conditional_bounds,
1045730844721270784,2024,3,3,27,10,21.0,27.0,4.0,10.0,1.0,5.0,4.0,10.0,5.0,11.0,1.0,5.0,conditional_bounds,
1045730844721270784,2024,3,4,27,10,24.0,27.0,7.0,10.0,2.0,11.0,2.0,10.0,5.0,10.0,2.0,3.0,conditional_bounds,
1045730844721270784,2024,3,5,27,10,22.0,27.0,5.0,10.0,2.0,5.0,4.0,13.0,4.0,9.0,1.0,5.0,conditional_bounds,
1045730844721270784,2024,3,6,27,10,19.0,27.0,2.0,10.0,2.0,7.0,3.0,8.0,5.0,12.0,1.0,2.0,conditional_bounds,
1045730844721270784,2024,3,7,27,10,22.0,27.0,5.0,10.0,2.0,5.0,2.0,7.0,5.0,15.0,3.0,5.0,conditional_bounds,
1045730844721270784,2024,3,8,27,10,24.0,27.0,7.0,10.0,2.0,2.0,4.0,8.0,7.0,17.0,1.0,7.0,conditional_bounds,
1045730844721270784,2024,3,9,27,10,23.0,27.0,6.0,10.0,2.0,5.0,2.0,7.0,4.0,14.0,3.0,7.0,conditional_bounds,
1045730844721270784,2024,3,10,27,10,27.0,27.0,10.0,10.0,2.0,9.0,4.0,14.0,5.0,11.0,1.0,3.0,conditional_bounds,
1045730844721270784,2024,3,11,27,10,22.0,27.0,5.0,10.0,2.0,6.0,4.0,9.0,3.0,11.0,2.0,6.0,conditional_bounds,
1045730844721270784,2024,3,12,27,10,25.0,27.0,8.0,10.0,2.0,7.0,4.0,9.0,4.0,12.0,1.0,7.0,conditional_bounds,
1045730844721270784,2024,4,1,27,10,23.0,27.0,6.0,10.0,2.0,5.0,3.0,8.0,5.0,14.0,1.0,6.0,conditional_bounds,
1045730844721270784,2024,4,2,27,10,23.0,27.0,6.0,10.0,1.0,5.0,2.0,7.0,6.0,13.0,2.0,8.0,conditional_bounds,
1045730844721270784,2024,4,3,27,10,21.0,27.0,4.0,10.0,1.0,5.0,4.0,10.0,5.0,11.0,1.0,5.0,conditional_bounds,
1045730844721270784,2024,4,4,27,10,24.0,27.0,7.0,10.0,2.0,11.0,2.0,10.0,5.0,10.0,2.0,3.0,conditional_bounds,
1045730844721270784,2024,4,5,27,10,22.0,27.0,5.0,10.0,2.0,5.0,4.0,13.0,3.0,9.0,2.0,5.0,conditional_bounds,
1045730844721270784,2024,4,6,27,10,19.0,27.0,2.0,10.0,2.0,7.0,2.0,8.0,6.0,12.0,1.0,2.0,conditional_bounds,
1045730844721270784,2024,4,7,27,10,22.0,27.0,5.0,10.0,2.0,5.0,2.0,7.0,5.0,15.0,3.0,5.0,conditional_bounds,
1045730844721270784,2024,4,8,27,10,24.0,27.0,7.0,10.0,2.0,2.0,4.0,8.0,8.0,18.0,1.0,6.0,conditional_bounds,
1045730844721270784,2024,4,9,27,10,23.0,27.0,6.0,10.0,2.0,5.0,2.0,7.0,5.0,14.0,2.0,7.0,conditional_bounds,
1045730844721270784,2024,4,10,27,10,27.0,27.0,10.0,10.0,2.0,9.0,4.0,14.0,5.0,11.0,1.0,3.0,conditional_bounds,
1045730844721270784,2024,4,11,27,10,22.0,27.0,5.0,10.0,2.0,6.0,4.0,9.0,3.0,11.0,2.0,6.0,conditional_bounds,
1045730844721270784,2024,4,12,27,10,26.0,27.0,9.0,10.0,2.0,7.0,3.0,10.0,5.0,11.0,1.0,8.0,conditional_bounds,
1045730844721270784,2024,5,1,27,10,25.0,27.0,8.0,10.0,1.0,5.0,3.0,8.0,6.0,16.0,1.0,6.0,conditional_bounds,
1045730844721270784,2024,5,2,27,10,23.0,27.0,6.0,10.0,1.0,5.0,2.0,7.0,6.0,13.0,2.0,8.0,conditional_bounds,
1045730844721270784,2024,5,3,27,10,21.0,27.0,4.0,10.0,1.0,5.0,4.0,10.0,5.0,11.0,1.0,5.0,conditional_bounds,
1045730844721270784,2024,5,4,27,10,24.0,27.0,7.0,10.0,2.0,11.0,3.0,10.0,4.0,10.0,2.0,3.0,conditional_bounds,
1045730844721270784,2024,5,5,27,10,23.0,27.0,6.0,10.0,2.0,5.0,5.0,13.0,3.0,10.0,1.0,5.0,conditional_bounds,
1045730844721270784,2024,5,6,27,10,19.0,27.0,2.0,10.0,2.0,7.0,2.0,8.0,5.0,12.0,2.0,2.0,conditional_bounds,
1045730844721270784,2024,5,7,27,10,22.0,27.0,5.0,10.0,2.0,5.0,2.0,7.0,5.0,15.0,2.0,5.0,conditional_bounds,
1045730844721270784,2024,5,8,27,10,24.0,27.0,7.0,10.0,2.0,2.0,2.0,8.0,7.0,17.0,1.0,7.0,conditional_bounds,
1045730844721270784,2024,5,9,27,10,23.0,27.0,6.0,10.0,2.0,5.0,3.0,7.0,4.0,14.0,2.0,7.0,conditional_bounds,
1045730844721270784,2024,5,10,27,10,27.0,27.0,10.0,10.0,2.0,9.0,4.0,14.0,5.0,11.0,1.0,3.0,conditional_bounds,
1045730844721270784,2024,5,11,27,10,22.0,27.0,5.0,10.0,2.0,6.0,2.0,9.0,4.0,11.0,3.0,6.0,conditional_bounds,
1045730844721270784,2024,5,12,27,10,26.0,27.0,9.0,10.0,2.0,7.0,4.0,11.0,4.0,10.0,1.0,8.0,conditional_bounds,
1045730844721270784,2024,6,1,27,10,27.0,27.0,10.0,10.0,2.0,6.0,2.0,8.0,7.0,17.0,3.0,6.0,conditional_bounds,
1045730844721270784,2024,6,2,27,10,25.0,27.0,8.0,10.0,1.0,5.0,2.0,7.0,6.0,14.0,2.0,9.0,conditional_bounds,
1045730844721270784,2024,6,3,27,10,21.0,27.0,4.0,10.0,2.0,5.0,4.0,10.0,4.0,11.0,1.0,5.0,conditional_bounds,
1045730844721270784,2024,6,4,27,10,23.0,27.0,6.0,10.0,2.0,11.0,2.0,10.0,4.0,9.0,3.0,3.0,conditional_bounds,
1045730844721270784,2024,6,5,27,10,24.0,27.0,7.0,10.0,2.0,5.0,5.0,13.0,3.0,11.0,1.0,5.0,conditional_bounds,
1045730844721270784,2024,6,6,27,10,19.0,27.0,2.0,10.0,2.0,7.0,3.0,8.0,5.0,12.0,1.0,2.0,conditional_bounds,
1045730844721270784,2024,6,7,27,10,21.0,27.0,4.0,10.0,2.0,5.0,2.0,7.0,5.0,14.0,2.0,5.0,conditional_bounds,
1045730844721270784,2024,6,8,27,10,25.0,27.0,8.0,10.0,2.0,2.0,2.0,9.0,7.0,17.0,1.0,7.0,conditional_bounds,
1045730844721270784,2024,6,9,27,10,23.0,27.0,6.0,10.0,2.0,5.0,3.0,7.0,4.0,14.0,3.0,7.0,conditional_bounds,
1045730844721270784,2024,6,10,27,10,27.0,27.0,10.0,10.0,2.0,9.0,4.0,14.0,4.0,11.0,2.0,3.0,conditional_bounds,
1045730844721270784,2024,6,11,27,10,23.0,27.0,6.0,10.0,2.0,6.0,2.0,10.0,3.0,11.0,4.0,6.0,conditional_bounds,
1045730844721270784,2024,6,12,27,10,27.0,27.0,10.0,10.0,2.0,7.0,4.0,11.0,4.0,11.0,1.0,8.0,conditional_bounds,
1045730844721270784,2024,7,1,27,10,27.0,27.0,10.0,10.0,1.0,6.0,2.0,8.0,7.0,17.0,2.0,6.0,conditional_bounds,
1045730844721270784,2024,7,2,27,10,25.0,27.0,8.0,10.0,1.0,5.0,2.0,7.0,6.0,14.0,2.0,9.0,conditional_bounds,
1045730844721270784,2024,7,3,27,10,21.0,27.0,4.0,10.0,2.0,5.0,4.0,10.0,4.0,11.0,1.0,5.0,conditional_bounds,
1045730844721270784,2024,7,4,27,10,22.0,27.0,5.0,10.0,2.0,11.0,2.0,10.0,5.0,8.0,2.0,3.0,conditional_bounds,
1045730844721270784,2024,7,5,27,10,23.0,27.0,6.0,10.0,2.0,5.0,3.0,12.0,4.0,11.0,2.0,5.0,conditional_bounds,
1045730844721270784,2024,7,6,27,10,19.0,27.0,2.0,10.0,2.0,7.0,3.0,8.0,5.0,12.0,1.0,2.0,conditional_bounds,
1045730844721270784,2024,7,7,27,10,21.0,27.0,4.0,10.0,2.0,5.0,2.0,7.0,5.0,14.0,2.0,5.0,conditional_bounds,
1045730844721270784,2024,7,8,27,10,26.0,27.0,9.0,10.0,1.0,2.0,3.0,9.0,9.0,19.0,1.0,6.0,conditional_bounds,
1045730844721270784,2024,7,9,27,10,24.0,27.0,7.0,10.0,2.0,5.0,3.0,8.0,4.0,14.0,2.0,7.0,conditional_bounds,
1045730844721270784,2024,7,10,27,10,25.0,27.0,8.0,10.0,2.0,9.0,2.0,12.0,5.0,11.0,2.0,3.0,conditional_bounds,
1045730844721270784,2024,7,11,27,10,23.0,27.0,6.0,10.0,2.0,6.0,3.0,10.0,3.0,11.0,3.0,6.0,conditional_bounds,
1045730844721270784,2024,7,12,27,10,26.0,27.0,9.0,10.0,2.0,7.0,4.0,11.0,3.0,12.0,2.0,6.0,conditional_bounds,
1045730844721270784,2024,8,1,27,10,27.0,27.0,10.0,10.0,2.0,6.0,2.0,8.0,7.0,17.0,2.0,6.0,conditional_bounds,
1045730844721270784,2024,8,2,27,10,25.0,27.0,8.0,10.0,2.0,5.0,2.0,7.0,5.0,14.0,2.0,9.0,conditional_bounds,
1045730844721270784,2024,8,3,27,10,21.0,27.0,4.0,10.0,2.0,5.0,4.0,10.0,4.0,11.0,1.0,5.0,conditional_bounds,
1045730844721270784,2024,8,4,27,10,22.0,27.0,5.0,10.0,2.0,11.0,3.0,10.0,5.0,8.0,1.0,3.0,conditional_bounds,
1045730844721270784,2024,8,5,27,10,23.0,27.0,6.0,10.0,2.0,5.0,4.0,12.0,4.0,11.0,1.0,5.0,conditional_bounds,
1045730844721270784,2024,8,6,27,10,19.0,27.0,2.0,10.0,2.0,7.0,3.0,8.0,4.0,12.0,2.0,2.0,conditional_bounds,
1045730844721270784,2024,8,7,27,10,22.0,27.0,5.0,10.0,2.0,6.0,2.0,7.0,4.0,14.0,3.0,5.0,conditional_bounds,
1045730844721270784,2024,8,8,27,10,23.0,27.0,6.0,10.0,2.0,3.0,4.0,9.0,7.0,17.0,1.0,4.0,conditional_bounds,
1045730844721270784,2024,8,9,27,10,22.0,27.0,5.0,10.0,2.0,5.0,2.0,7.0,4.0,14.0,3.0,6.0,conditional_bounds,
1045730844721270784,2024,8,10,27,10,25.0,27.0,8.0,10.0,2.0,9.0,2.0,12.0,5.0,11.0,2.0,3.0,conditional_bounds,
1045730844721270784,2024,8,11,27,10,23.0,27.0,6.0,10.0,2.0,6.0,3.0,10.0,3.0,11.0,3.0,6.0,conditional_bounds,
1045730844721270784,2024,8,12,27,10,24.0,27.0,7.0,10.0,2.0,7.0,4.0,10.0,3.0,11.0,2.0,6.0,conditional_bounds,
1045730844721270784,2024,9,1,27,10,26.0,27.0,9.0,10.0,2.0,6.0,2.0,8.0,7.0,17.0,2.0,5.0,conditional_bounds,
1045730844721270784,2024,9,2,27,10,25.0,27.0,8.0,10.0,2.0,5.0,2.0,7.0,5.0,14.0,2.0,9.0,conditional_bounds,
1045730844721270784,2024,9,3,27,10,21.0,27.0,4.0,10.0,2.0,5.0,4.0,10.0,4.0,11.0,1.0,5.0,conditional_bounds,
1045730844721270784,2024,9,4,27,10,22.0,27.0,5.0,10.0,2.0,11.0,3.0,10.0,5.0,8.0,1.0,3.0,conditional_bounds,
1045730844721270784,2024,9,5,27,10,23.0,27.0,6.0,10.0,2.0,5.0,5.0,12.0,3.0,11.0,1.0,5.0,conditional_bounds,
1045730844721270784,2024,9,6,27,10,19.0,27.0,2.0,10.0,2.0,7.0,2.0,8.0,5.0,12.0,2.0,2.0,conditional_bounds,
1045730844721270784,2024,9,7,27,10,22.0,27.0,5.0,10.0,2.0,6.0,2.0,7.0,4.0,14.0,3.0,5.0,conditional_bounds,
1045730844721270784,2024,9,8,27,10,23.0,27.0,6.0,10.0,2.0,3.0,3.0,9.0,7.0,17.0,1.0,4.0,conditional_bounds,
1045730844721270784,2024,9,9,27,10,22.0,27.0,5.0,10.0,2.0,5.0,2.0,7.0,4.0,14.0,3.0,6.0,conditional_bounds,
1045730844721270784,2024,9,10,27,10,26.0,27.0,9.0,10.0,2.0,9.0,3.0,12.0,3.0,12.0,3.0,3.0,conditional_bounds,
1045730844721270784,2024,9,11,27,10,24.0,27.0,7.0,10.0,2.0,6.0,3.0,11.0,3.0,11.0,3.0,6.0,conditional_bounds,
1045730844721270784,2024,9,12,27,10,26.0,27.0,9.0,10.0,2.0,7.0,4.0,10.0,3.0,13.0,2.0,6.0,conditional_bounds,
1045730844721270784,2024,10,1,27,10,27.0,27.0,10.0,10.0,2.0,7.0,2.0,10.0,5.0,15.0,2.0,5.0,conditional_bounds,
1045730844721270784,2024,10,2,27,10,24.0,27.0,7.0,10.0,1.0,5.0,2.0,6.0,5.0,14.0,3.0,9.0,conditional_bounds,
1045730844721270784,2024,10,3,27,10,21.0,27.0,4.0,10.0,2.0,5.0,4.0,10.0,4.0,11.0,1.0,5.0,conditional_bounds,
1045730844721270784,2024,10,4,27,10,22.0,27.0,5.0,10.0,1.0,11.0,3.0,10.0,6.0,8.0,1.0,3.0,conditional_bounds,
1045730844721270784,2024,10,5,27,10,23.0,27.0,6.0,10.0,2.0,5.0,5.0,12.0,3.0,11.0,1.0,5.0,conditional_bounds,
1045730844721270784,2024,10,6,27,10,18.0,27.0,1.0,10.0,2.0,7.0,2.0,6.0,5.0,13.0,2.0,2.0,conditional_bounds,
1045730844721270784,2024,10,7,27,10,22.0,27.0,5.0,10.0,2.0,6.0,2.0,7.0,4.0,14.0,3.0,5.0,conditional_bounds,
1045730844721270784,2024,10,8,27,10,23.0,27.0,6.0,10.0,2.0,3.0,3.0,8.0,8.0,18.0,1.0,4.0,conditional_bounds,
1045730844721270784,2024,10,9,27,10,21.0,27.0,4.0,10.0,2.0,5.0,2.0,7.0,4.0,14.0,4.0,5.0,conditional_bounds,
1045730844721270784,2024,10,10,27,10,24.0,27.0,7.0,10.0,2.0,7.0,3.0,13.0,3.0,11.0,3.0,3.0,conditional_bounds,
1045730844721270784,2024,10,11,27,10,24.0,27.0,7.0,10.0,2.0,6.0,3.0,11.0,3.0,11.0,3.0,6.0,conditional_bounds,
1045730844721270784,2024,10,12,27,10,26.0,27.0,9.0,10.0,2.0,7.0,4.0,10.0,4.0,13.0,1.0,6.0,conditional_bounds,
1045730844721270784,2024,11,1,27,10,26.0,27.0,9.0,10.0,2.0,7.0,2.0,10.0,5.0,15.0,2.0,4.0,conditional_bounds,
1045730844721270784,2024,11,2,27,10,24.0,27.0,7.0,10.0,2.0,5.0,2.0,6.0,4.0,14.0,3.0,9.0,conditional_bounds,
1045730844721270784,2024,11,3,27,10,21.0,27.0,4.0,10.0,2.0,5.0,4.0,10.0,4.0,11.0,1.0,5.0,conditional_bounds,
1045730844721270784,2024,11,4,27,10,23.0,27.0,6.0,10.0,2.0,12.0,2.0,10.0,5.0,8.0,2.0,3.0,conditional_bounds,
1045730844721270784,2024,11,5,27,10,24.0,27.0,7.0,10.0,1.0,5.0,6.0,12.0,3.0,12.0,1.0,5.0,conditional_bounds,
1045730844721270784,2024,11,6,27,10,18.0,27.0,1.0,10.0,2.0,7.0,2.0,6.0,5.0,13.0,2.0,2.0,conditional_bounds,
1045730844721270784,2024,11,7,27,10,22.0,27.0,5.0,10.0,2.0,6.0,2.0,7.0,4.0,14.0,3.0,5.0,conditional_bounds,
1045730844721270784,2024,11,8,27,10,25.0,27.0,8.0,10.0,2.0,3.0,3.0,8.0,8.0,18.0,1.0,6.0,conditional_bounds,
1045730844721270784,2024,11,9,27,10,21.0,27.0,4.0,10.0,2.0,5.0,3.0,7.0,4.0,14.0,2.0,5.0,conditional_bounds,
1045730844721270784,2024,11,10,27,10,24.0,27.0,7.0,10.0,2.0,7.0,3.0,13.0,4.0,11.0,2.0,3.0,conditional_bounds,
1045730844721270784,2024,11,11,27,10,24.0,27.0,7.0,10.0,2.0,6.0,3.0,11.0,3.0,11.0,3.0,6.0,conditional_bounds,
1045730844721270784,2024,11,12,27,10,27.0,27.0,10.0,10.0,2.0,7.0,4.0,10.0,4.0,13.0,1.0,7.0,conditional_bounds,
1045730844721270784,2024,12,1,27,10,26.0,27.0,9.0,10.0,2.0,7.0,4.0,10.0,5.0,15.0,2.0,4.0,conditional_bounds,
1045730844721270784,2024,12,2,27,10,24.0,27.0,7.0,10.0,2.0,5.0,2.0,6.0,5.0,14.0,2.0,9.0,conditional_bounds,
1045730844721270784,2024,12,3,27,10,21.0,27.0,4.0,10.0,2.0,5.0,4.0,10.0,4.0,11.0,1.0,5.0,conditional_bounds,
1045730844721270784,2024,12,4,27,10,23.0,27.0,6.0,10.0,3.0,13.0,3.0,9.0,5.0,8.0,1.0,3.0,conditional_bounds,
1045730844721270784,2024,12,5,27,10,24.0,27.0,7.0,10.0,1.0,5.0,5.0,12.0,3.0,12.0,2.0,5.0,conditional_bounds,
1045730844721270784,2024,12,6,27,10,18.0,27.0,1.0,10.0,2.0,7.0,2.0,6.0,5.0,13.0,2.0,2.0,conditional_bounds,
1045730844721270784,2024,12,7,27,10,22.0,27.0,5.0,10.0,2.0,6.0,2.0,7.0,5.0,14.0,2.0,5.0,conditional_bounds,
1045730844721270784,2024,12,8,27,10,25.0,27.0,8.0,10.0,1.0,5.0,3.0,8.0,7.0,17.0,1.0,5.0,conditional_bounds,
1045730844721270784,2024,12,9,27,10,21.0,27.0,4.0,10.0,2.0,5.0,3.0,8.0,4.0,14.0,2.0,4.0,conditional_bounds,
1045730844721270784,2024,12,10,27,10,23.0,27.0,6.0,10.0,2.0,6.0,4.0,13.0,3.0,11.0,2.0,3.0,conditional_bounds,
1045730844721270784,2024,12,11,27,10,24.0,27.0,7.0,10.0,2.0,6.0,3.0,11.0,3.0,11.0,3.0,6.0,conditional_bounds,
1045730844721270784,2024,12,12,27,10,26.0,27.0,9.0,10.0,2.0,6.0,3.0,9.0,4.0,14.0,2.0,7.0,conditional_bounds,
1045730844721270784,2024,13,1,27,10,24.0,27.0,7.0,10.0,2.0,7.0,4.0,10.0,3.0,13.0,2.0,4.0,conditional_bounds,
1045730844721270784,2024,13,2,27,10,24.0,27.0,7.0,10.0,2.0,5.0,2.0,6.0,5.0,14.0,2.0,9.0,conditional_bounds,
1045730844721270784,2024,13,3,27,10,21.0,27.0,4.0,10.0,2.0,5.0,4.0,10.0,4.0,11.0,1.0,5.0,conditional_bounds,
1045730844721270784,2024,13,4,27,10,22.0,27.0,5.0,10.0,3.0,13.0,3.0,9.0,5.0,7.0,1.0,3.0,conditional_bounds,
1045730844721270784,2024,13,5,27,10,24.0,27.0,7.0,10.0,2.0,5.0,5.0,12.0,3.0,12.0,1.0,5.0,conditional_bounds,
1045730844721270784,2024,13,6,27,10,18.0,27.0,1.0,10.0,2.0,7.0,2.0,6.0,5.0,13.0,2.0,2.0,conditional_bounds,
1045730844721270784,2024,13,7,27,10,21.0,27.0,4.0,10.0,2.0,6.0,2.0,7.0,4.0,13.0,3.0,5.0,conditional_bounds,
1045730844721270784,2024,13,8,27,10,25.0,27.0,8.0,10.0,2.0,5.0,4.0,8.0,7.0,17.0,1.0,5.0,conditional_bounds,
1045730844721270784,2024,13,9,27,10,21.0,27.0,4.0,10.0,2.0,5.0,3.0,8.0,4.0,14.0,3.0,4.0,conditional_bounds,
1045730844721270784,2024,13,10,27,10,22.0,27.0,5.0,10.0,2.0,5.0,3.0,13.0,3.0,11.0,3.0,3.0,conditional_bounds,
1045730844721270784,2024,13,11,27,10,24.0,27.0,7.0,10.0,2.0,6.0,3.0,11.0,4.0,11.0,2.0,6.0,conditional_bounds,
1045730844721270784,2024,13,12,27,10,26.0,27.0,9.0,10.0,2.0,5.0,2.0,9.0,6.0,15.0,1.0,7.0,conditional_bounds,
1045730844721270784,2024,14,1,27,10,24.0,27.0,7.0,10.0,2.0,7.0,3.0,10.0,4.0,13.0,2.0,4.0,conditional_bounds,
1045730844721270784,2024,14,2,27,10,24.0,27.0,7.0,10.0,2.0,5.0,2.0,6.0,5.0,14.0,2.0,9.0,conditional_bounds,
1045730844721270784,2024,14,3,27,10,21.0,27.0,4.0,10.0,2.0,5.0,3.0,10.0,4.0,11.0,2.0,5.0,conditional_bounds,
1045730844721270784,2024,14,4,27,10,22.0,27.0,5.0,10.0,3.0,13.0,3.0,9.0,3.0,7.0,3.0,3.0,conditional_bounds,
1045730844721270784,2024,14,5,27,10,24.0,27.0,7.0,10.0,2.0,5.0,5.0,12.0,3.0,12.0,1.0,5.0,conditional_bounds,
1045730844721270784,2024,14,6,27,10,18.0,27.0,1.0,10.0,2.0,7.0,2.0,6.0,5.0,13.0,2.0,2.0,conditional_bounds,
1045730844721270784,2024,14,7,27,10,22.0,27.0,5.0,10.0,2.0,5.0,2.0,8.0,5.0,14.0,2.0,5.0,conditional_bounds,
1045730844721270784,2024,14,8,27,10,25.0,27.0,8.0,10.0,2.0,5.0,3.0,8.0,7.0,17.0,1.0,5.0,conditional_bounds,
1045730844721270784,2024,14,9,27,10,21.0,27.0,4.0,10.0,1.0,5.0,2.0,8.0,5.0,14.0,3.0,4.0,conditional_bounds,
1045730844721270784,2024,14,10,27,10,22.0,27.0,5.0,10.0,2.0,5.0,4.0,13.0,3.0,11.0,2.0,3.0,conditional_bounds,
1045730844721270784,2024,14,11,27,10,25.0,27.0,8.0,10.0,2.0,6.0,3.0,12.0,4.0,11.0,2.0,6.0,conditional_bounds,
1045730844721270784,2024,14,12,27,10,26.0,27.0,9.0,10.0,2.0,5.0,2.0,10.0,6.0,14.0,1.0,7.0,conditional_bounds,
1201959553390891008,2025,3,1,24,12,19.0,24.0,7.0,12.0,2.0,5.0,2.0,9.0,5.0,13.0,1.0,3.0,conditional_bounds,
1201959553390891008,2025,3,2,24,12,20.0,24.0,8.0,12.0,2.0,5.0,2.0,5.0,5.0,14.0,1.0,8.0,conditional_bounds,
1201959553390891008,2025,3,3,24,12,22.0,24.0,10.0,12.0,2.0,3.0,3.0,8.0,8.0,18.0,1.0,3.0,conditional_bounds,
1201959553390891008,2025,3,4,24,12,19.0,24.0,7.0,12.0,2.0,3.0,4.0,10.0,3.0,13.0,1.0,5.0,conditional_bounds,
1201959553390891008,2025,3,5,24,12,23.0,24.0,11.0,12.0,2.0,12.0,2.0,11.0,5.0,10.0,1.0,2.0,conditional_bounds,
1201959553390891008,2025,3,6,24,12,23.0,24.0,11.0,12.0,2.0,5.0,3.0,11.0,4.0,11.0,1.0,8.0,conditional_bounds,
1201959553390891008,2025,3,7,24,12,23.0,24.0,11.0,12.0,2.0,6.0,4.0,11.0,3.0,12.0,1.0,6.0,conditional_bounds,
1201959553390891008,2025,3,8,24,12,20.0,24.0,8.0,12.0,2.0,5.0,3.0,7.0,4.0,12.0,1.0,8.0,conditional_bounds,
1201959553390891008,2025,3,9,24,12,24.0,24.0,12.0,12.0,2.0,7.0,3.0,15.0,3.0,8.0,2.0,6.0,conditional_bounds,
1201959553390891008,2025,3,10,24,12,22.0,24.0,10.0,12.0,2.0,6.0,2.0,9.0,5.0,16.0,1.0,3.0,conditional_bounds,
1201959553390891008,2025,4,1,24,12,19.0,24.0,7.0,12.0,2.0,5.0,2.0,9.0,5.0,13.0,1.0,3.0,conditional_bounds,
1201959553390891008,2025,4,2,24,12,20.0,24.0,8.0,12.0,2.0,5.0,2.0,5.0,5.0,14.0,1.0,8.0,conditional_bounds,
1201959553390891008,2025,4,3,24,12,22.0,24.0,10.0,12.0,2.0,3.0,3.0,8.0,8.0,18.0,1.0,3.0,conditional_bounds,
1201959553390891008,2025,4,4,24,12,19.0,24.0,7.0,12.0,2.0,3.0,4.0,10.0,3.0,13.0,1.0,5.0,conditional_bounds,
1201959553390891008,2025,4,5,24,12,23.0,24.0,11.0,12.0,2.0,12.0,2.0,11.0,5.0,10.0,1.0,2.0,conditional_bounds,
1201959553390891008,2025,4,6,24,12,23.0,24.0,11.0,12.0,2.0,5.0,3.0,12.0,4.0,11.0,1.0,7.0,conditional_bounds,
1201959553390891008,2025,4,7,24,12,22.0,24.0,10.0,12.0,2.0,6.0,4.0,11.0,3.0,12.0,1.0,5.0,conditional_bounds,
1201959553390891008,2025,4,8,24,12,20.0,24.0,8.0,12.0,2.0,5.0,3.0,7.0,4.0,12.0,1.0,8.0,conditional_bounds,
1201959553390891008,2025,4,9,24,12,23.0,24.0,11.0,12.0,2.0,7.0,4.0,15.0,3.0,7.0,1.0,6.0,conditional_bounds,
1201959553390891008,2025,4,10,24,12,22.0,24.0,10.0,12.0,2.0,6.0,2.0,9.0,4.0,16.0,2.0,3.0,conditional_bounds,
1201959553390891008,2025,5,1,24,12,19.0,24.0,7.0,12.0,2.0,5.0,2.0,9.0,3.0,13.0,2.0,3.0,conditional_bounds,
1201959553390891008,2025,5,2,24,12,20.0,24.0,8.0,12.0,2.0,5.0,2.0,6.0,4.0,13.0,2.0,8.0,conditional_bounds,
1201959553390891008,2025,5,3,24,12,21.0,24.0,9.0,12.0,2.0,3.0,2.0,8.0,7.0,19.0,1.0,3.0,conditional_bounds,
1201959553390891008,2025,5,4,24,12,19.0,24.0,7.0,12.0,2.0,3.0,4.0,10.0,3.0,13.0,1.0,5.0,conditional_bounds,
1201959553390891008,2025,5,5,24,12,24.0,24.0,12.0,12.0,2.0,12.0,3.0,12.0,4.0,10.0,1.0,2.0,conditional_bounds,
1201959553390891008,2025,5,6,24,12,23.0,24.0,11.0,12.0,2.0,5.0,3.0,12.0,4.0,11.0,1.0,7.0,conditional_bounds,
1201959553390891008,2025,5,7,24,12,20.0,24.0,8.0,12.0,2.0,5.0,4.0,9.0,3.0,13.0,1.0,5.0,conditional_bounds,
1201959553390891008,2025,5,8,24,12,20.0,24.0,8.0,12.0,2.0,5.0,3.0,7.0,3.0,12.0,2.0,8.0,conditional_bounds,
1201959553390891008,2025,5,9,24,12,22.0,24.0,10.0,12.0,2.0,7.0,3.0,15.0,3.0,6.0,2.0,6.0,conditional_bounds,
1201959553390891008,2025,5,10,24,12,22.0,24.0,10.0,12.0,2.0,6.0,2.0,9.0,4.0,16.0,2.0,3.0,conditional_bounds,
1201959553390891008,2025,6,1,24,12,19.0,24.0,7.0,12.0,2.0,5.0,2.0,10.0,4.0,12.0,1.0,3.0,conditional_bounds,
1201959553390891008,2025,6,2,24,12,20.0,24.0,8.0,12.0,2.0,5.0,2.0,6.0,4.0,13.0,2.0,8.0,conditional_bounds,
1201959553390891008,2025,6,3,24,12,21.0,24.0,9.0,12.0,2.0,3.0,2.0,7.0,8.0,19.0,1.0,3.0,conditional_bounds,
1201959553390891008,2025,6,4,24,12,18.0,24.0,6.0,12.0,1.0,3.0,5.0,10.0,3.0,12.0,1.0,5.0,conditional_bounds,
1201959553390891008,2025,6,5,24,12,24.0,24.0,12.0,12.0,2.0,12.0,4.0,13.0,3.0,9.0,1.0,2.0,conditional_bounds,
1201959553390891008,2025,6,6,24,12,23.0,24.0,11.0,12.0,2.0,5.0,4.0,11.0,3.0,11.0,1.0,8.0,conditional_bounds,
1201959553390891008,2025,6,7,24,12,20.0,24.0,8.0,12.0,2.0,5.0,3.0,9.0,4.0,13.0,1.0,5.0,conditional_bounds,
1201959553390891008,2025,6,8,24,12,20.0,24.0,8.0,12.0,2.0,5.0,4.0,7.0,3.0,12.0,1.0,8.0,conditional_bounds,
1201959553390891008,2025,6,9,24,12,22.0,24.0,10.0,12.0,2.0,6.0,4.0,14.0,3.0,8.0,1.0,6.0,conditional_bounds,
1201959553390891008,2025,6,10,24,12,22.0,24.0,10.0,12.0,2.0,6.0,2.0,9.0,4.0,16.0,2.0,3.0,conditional_bounds,
1201959553390891008,2025,7,1,24,12,19.0,24.0,7.0,12.0,2.0,7.0,2.0,10.0,4.0,11.0,1.0,2.0,conditional_bounds,
1201959553390891008,2025,7,2,24,12,20.0,24.0,8.0,12.0,2.0,5.0,2.0,6.0,3.0,13.0,3.0,8.0,conditional_bounds,
1201959553390891008,2025,7,3,24,12,22.0,24.0,10.0,12.0,2.0,3.0,2.0,7.0,8.0,18.0,2.0,4.0,conditional_bounds,
1201959553390891008,2025,7,4,24,12,18.0,24.0,6.0,12.0,2.0,3.0,4.0,10.0,3.0,12.0,1.0,5.0,conditional_bounds,
1201959553390891008,2025,7,5,24,12,24.0,24.0,12.0,12.0,2.0,12.0,3.0,13.0,4.0,9.0,1.0,2.0,conditional_bounds,
1201959553390891008,2025,7,6,24,12,23.0,24.0,11.0,12.0,2.0,5.0,3.0,11.0,4.0,11.0,1.0,8.0,conditional_bounds,
1201959553390891008,2025,7,7,24,12,22.0,24.0,10.0,12.0,2.0,6.0,3.0,9.0,4.0,14.0,1.0,5.0,conditional_bounds,
1201959553390891008,2025,7,8,24,12,20.0,24.0,8.0,12.0,2.0,5.0,3.0,7.0,3.0,12.0,2.0,8.0,conditional_bounds,
1201959553390891008,2025,7,9,24,12,22.0,24.0,10.0,12.0,2.0,6.0,4.0,14.0,3.0,8.0,1.0,6.0,conditional_bounds,
1201959553390891008,2025,7,10,24,12,22.0,24.0,10.0,12.0,2.0,6.0,2.0,9.0,5.0,16.0,1.0,3.0,conditional_bounds,
1201959553390891008,2025,8,1,24,12,19.0,24.0,7.0,12.0,2.0,7.0,2.0,10.0,4.0,11.0,1.0,2.0,conditional_bounds,
1201959553390891008,2025,8,2,24,12,18.0,24.0,6.0,12.0,2.0,4.0,2.0,6.0,4.0,12.0,2.0,8.0,conditional_bounds,
1201959553390891008,2025,8,3,24,12,23.0,24.0,11.0,12.0,2.0,3.0,2.0,7.0,9.0,18.0,2.0,4.0,conditional_bounds,
1201959553390891008,2025,8,4,24,12,18.0,24.0,6.0,12.0,1.0,3.0,3.0,10.0,4.0,12.0,2.0,5.0,conditional_bounds,
1201959553390891008,2025,8,5,24,12,23.0,24.0,11.0,12.0,2.0,11.0,4.0,12.0,3.0,9.0,1.0,3.0,conditional_bounds,
1201959553390891008,2025,8,6,24,12,22.0,24.0,10.0,12.0,2.0,6.0,3.0,10.0,3.0,11.0,2.0,7.0,conditional_bounds,
1201959553390891008,2025,8,7,24,12,22.0,24.0,10.0,12.0,1.0,6.0,3.0,9.0,5.0,14.0,1.0,5.0,conditional_bounds,
1201959553390891008,2025,8,8,24,12,19.0,24.0,7.0,12.0,2.0,6.0,2.0,7.0,3.0,10.0,3.0,8.0,conditional_bounds,
1201959553390891008,2025,8,9,24,12,23.0,24.0,11.0,12.0,2.0,6.0,4.0,14.0,3.0,8.0,1.0,7.0,conditional_bounds,
1201959553390891008,2025,8,10,24,12,22.0,24.0,10.0,12.0,2.0,6.0,2.0,9.0,4.0,16.0,2.0,3.0,conditional_bounds,
1201959553390891008,2025,9,1,24,12,19.0,24.0,7.0,12.0,2.0,7.0,2.0,10.0,4.0,11.0,1.0,2.0,conditional_bounds,
1201959553390891008,2025,9,2,24,12,18.0,24.0,6.0,12.0,2.0,4.0,2.0,6.0,4.0,12.0,2.0,8.0,conditional_bounds,
1201959553390891008,2025,9,3,24,12,23.0,24.0,11.0,12.0,2.0,3.0,3.0,7.0,9.0,18.0,1.0,4.0,conditional_bounds,
1201959553390891008,2025,9,4,24,12,18.0,24.0,6.0,12.0,1.0,3.0,3.0,10.0,4.0,12.0,2.0,5.0,conditional_bounds,
1201959553390891008,2025,9,5,24,12,23.0,24.0,11.0,12.0,2.0,11.0,3.0,12.0,4.0,9.0,1.0,3.0,conditional_bounds,
1201959553390891008,2025,9,6,24,12,22.0,24.0,10.0,12.0,2.0,6.0,2.0,10.0,4.0,11.0,2.0,7.0,conditional_bounds,
1201959553390891008,2025,9,7,24,12,19.0,24.0,7.0,12.0,2.0,5.0,3.0,8.0,4.0,13.0,1.0,5.0,conditional_bounds,
1201959553390891008,2025,9,8,24,12,19.0,24.0,7.0,12.0,2.0,6.0,3.0,7.0,3.0,10.0,2.0,8.0,conditional_bounds,
1201959553390891008,2025,9,9,24,12,24.0,24.0,12.0,12.0,2.0,7.0,3.0,15.0,4.0,7.0,1.0,7.0,conditional_bounds,
1201959553390891008,2025,9,10,24,12,22.0,24.0,10.0,12.0,1.0,6.0,2.0,9.0,4.0,16.0,3.0,3.0,conditional_bounds,
1201959553390891008,2025,10,1,24,12,19.0,24.0,7.0,12.0,2.0,7.0,2.0,10.0,4.0,11.0,1.0,2.0,conditional_bounds,
1201959553390891008,2025,10,2,24,12,18.0,24.0,6.0,12.0,1.0,4.0,2.0,6.0,4.0,12.0,3.0,8.0,conditional_bounds,
1201959553390891008,2025,10,3,24,12,23.0,24.0,11.0,12.0,1.0,3.0,3.0,7.0,9.0,18.0,2.0,4.0,conditional_bounds,
1201959553390891008,2025,10,4,24,12,18.0,24.0,6.0,12.0,1.0,3.0,5.0,10.0,3.0,12.0,1.0,5.0,conditional_bounds,
1201959553390891008,2025,10,5,24,12,22.0,24.0,10.0,12.0,2.0,11.0,3.0,11.0,4.0,9.0,1.0,3.0,conditional_bounds,
1201959553390891008,2025,10,6,24,12,22.0,24.0,10.0,12.0,2.0,6.0,3.0,10.0,3.0,11.0,2.0,7.0,conditional_bounds,
1201959553390891008,2025,10,7,24,12,19.0,24.0,7.0,12.0,2.0,5.0,2.0,8.0,5.0,13.0,1.0,5.0,conditional_bounds,
1201959553390891008,2025,10,8,24,12,19.0,24.0,7.0,12.0,2.0,6.0,3.0,7.0,3.0,10.0,2.0,8.0,conditional_bounds,
1201959553390891008,2025,10,9,24,12,23.0,24.0,11.0,12.0,2.0,7.0,4.0,14.0,3.0,8.0,1.0,6.0,conditional_bounds,
1201959553390891008,2025,10,10,24,12,21.0,24.0,9.0,12.0,2.0,6.0,2.0,9.0,4.0,15.0,2.0,3.0,conditional_bounds,
1201959553390891008,2025,11,1,24,12,23.0,24.0,11.0,12.0,2.0,7.0,2.0,13.0,5.0,11.0,1.0,3.0,conditional_bounds,
1201959553390891008,2025,11,2,24,12,18.0,24.0,6.0,12.0,1.0,4.0,2.0,6.0,5.0,12.0,2.0,8.0,conditional_bounds,
1201959553390891008,2025,11,3,24,12,22.0,24.0,10.0,12.0,2.0,3.0,2.0,7.0,8.0,18.0,2.0,4.0,conditional_bounds,
1201959553390891008,2025,11,4,24,12,18.0,24.0,6.0,12.0,1.0,3.0,3.0,10.0,4.0,12.0,2.0,5.0,conditional_bounds,
1201959553390891008,2025,11,5,24,12,23.0,24.0,11.0,12.0,2.0,11.0,4.0,11.0,3.0,9.0,1.0,4.0,conditional_bounds,
1201959553390891008,2025,11,6,24,12,22.0,24.0,10.0,12.0,2.0,6.0,3.0,10.0,4.0,11.0,1.0,7.0,conditional_bounds,
1201959553390891008,2025,11,7,24,12,19.0,24.0,7.0,12.0,2.0,6.0,3.0,8.0,4.0,12.0,1.0,5.0,conditional_bounds,
1201959553390891008,2025,11,8,24,12,19.0,24.0,7.0,12.0,2.0,6.0,4.0,7.0,3.0,10.0,1.0,8.0,conditional_bounds,
1201959553390891008,2025,11,9,24,12,23.0,24.0,11.0,12.0,2.0,7.0,4.0,14.0,3.0,8.0,1.0,6.0,conditional_bounds,
1201959553390891008,2025,11,10,24,12,22.0,24.0,10.0,12.0,2.0,6.0,2.0,9.0,4.0,16.0,2.0,3.0,conditional_bounds,
1201959553390891008,2025,12,1,24,12,23.0,24.0,11.0,12.0,2.0,7.0,2.0,13.0,5.0,11.0,1.0,3.0,conditional_bounds,
1201959553390891008,2025,12,2,24,12,18.0,24.0,6.0,12.0,1.0,4.0,2.0,6.0,4.0,12.0,3.0,8.0,conditional_bounds,
1201959553390891008,2025,12,3,24,12,22.0,24.0,10.0,12.0,2.0,3.0,2.0,6.0,9.0,18.0,2.0,4.0,conditional_bounds,
1201959553390891008,2025,12,4,24,12,18.0,24.0,6.0,12.0,1.0,3.0,5.0,10.0,3.0,12.0,1.0,5.0,conditional_bounds,
1201959553390891008,2025,12,5,24,12,23.0,24.0,11.0,12.0,2.0,11.0,2.0,11.0,4.0,9.0,2.0,4.0,conditional_bounds,
1201959553390891008,2025,12,6,24,12,22.0,24.0,10.0,12.0,2.0,6.0,2.0,10.0,4.0,12.0,2.0,6.0,conditional_bounds,
1201959553390891008,2025,12,7,24,12,19.0,24.0,7.0,12.0,2.0,6.0,3.0,8.0,4.0,12.0,1.0,5.0,conditional_bounds,
1201959553390891008,2025,12,8,24,12,19.0,24.0,7.0,12.0,2.0,6.0,4.0,7.0,3.0,10.0,1.0,8.0,conditional_bounds,
1201959553390891008,2025,12,9,24,12,22.0,24.0,10.0,12.0,2.0,7.0,4.0,14.0,3.0,8.0,1.0,5.0,conditional_bounds,
1201959553390891008,2025,12,10,24,12,22.0,24.0,10.0,12.0,2.0,6.0,3.0,9.0,4.0,16.0,1.0,3.0,conditional_bounds,
1201959553390891008,2025,13,1,24,12,21.0,24.0,9.0,12.0,2.0,5.0,2.0,12.0,5.0,12.0,1.0,3.0,conditional_bounds,
1201959553390891008,2025,13,2,24,12,18.0,24.0,6.0,12.0,1.0,4.0,2.0,6.0,4.0,12.0,3.0,8.0,conditional_bounds,
1201959553390891008,2025,13,3,24,12,22.0,24.0,10.0,12.0,2.0,3.0,2.0,6.0,9.0,18.0,2.0,4.0,conditional_bounds,
1201959553390891008,2025,13,4,24,12,18.0,24.0,6.0,12.0,1.0,3.0,5.0,10.0,3.0,12.0,1.0,5.0,conditional_bounds,
1201959553390891008,2025,13,5,24,12,23.0,24.0,11.0,12.0,2.0,11.0,3.0,11.0,4.0,9.0,1.0,4.0,conditional_bounds,
1201959553390891008,2025,13,6,24,12,22.0,24.0,10.0,12.0,2.0,6.0,2.0,10.0,5.0,12.0,1.0,6.0,conditional_bounds,
1201959553390891008,2025,13,7,24,12,21.0,24.0,9.0,12.0,2.0,7.0,3.0,9.0,4.0,11.0,1.0,6.0,conditional_bounds,
1201959553390891008,2025,13,8,24,12,22.0,24.0,10.0,12.0,2.0,6.0,4.0,7.0,3.0,12.0,1.0,9.0,conditional_bounds,
1201959553390891008,2025,13,9,24,12,22.0,24.0,10.0,12.0,2.0,7.0,4.0,15.0,3.0,7.0,1.0,5.0,conditional_bounds,
1201959553390891008,2025,13,10,24,12,22.0,24.0,10.0,12.0,2.0,6.0,3.0,9.0,4.0,16.0,1.0,3.0,conditional_bounds,
1201959553390891008,2025,14,1,24,12,21.0,24.0,9.0,12.0,2.0,5.0,2.0,12.0,4.0,12.0,2.0,3.0,conditional_bounds,
1201959553390891008,2025,14,2,24,12,18.0,24.0,6.0,12.0,2.0,4.0,2.0,6.0,4.0,12.0,2.0,8.0,conditional_bounds,
1201959553390891008,2025,14,3,24,12,22.0,24.0,10.0,12.0,2.0,3.0,2.0,6.0,9.0,18.0,2.0,4.0,conditional_bounds,
1201959553390891008,2025,14,4,24,12,18.0,24.0,6.0,12.0,1.0,3.0,5.0,10.0,3.0,12.0,1.0,5.0,conditional_bounds,
1201959553390891008,2025,14,5,24,12,22.0,24.0,10.0,12.0,2.0,11.0,3.0,11.0,4.0,9.0,1.0,3.0,conditional_bounds,
1201959553390891008,2025,14,6,24,12,22.0,24.0,10.0,12.0,2.0,6.0,2.0,10.0,4.0,12.0,2.0,6.0,conditional_bounds,
1201959553390891008,2025,14,7,24,12,19.0,24.0,7.0,12.0,2.0,6.0,2.0,9.0,5.0,10.0,1.0,6.0,conditional_bounds,
1201959553390891008,2025,14,8,24,12,22.0,24.0,10.0,12.0,2.0,6.0,3.0,7.0,3.0,12.0,2.0,9.0,conditional_bounds,
1201959553390891008,2025,14,9,24,12,22.0,24.0,10.0,12.0,2.0,6.0,4.0,16.0,4.0,6.0,1.0,6.0,conditional_bounds,
1201959553390891008,2025,14,10,24,12,22.0,24.0,10.0,12.0,2.0,6.0,2.0,9.0,4.0,16.0,2.0,3.0,conditional_bounds,
1180084795436826624,2025,3,1,27,8,24.0,27.0,5.0,8.0,2.0,3.0,3.0,11.0,8.0,16.0,1.0,2.0,conditional_bounds,
1180084795436826624,2025,3,2,27,8,20.0,27.0,1.0,8.0,2.0,6.0,4.0,12.0,4.0,8.0,1.0,2.0,conditional_bounds,
1180084795436826624,2025,3,3,27,8,24.0,27.0,5.0,8.0,2.0,2.0,2.0,8.0,9.0,17.0,2.0,4.0,conditional_bounds,
1180084795436826624,2025,3,4,27,8,24.0,27.0,5.0,8.0,1.0,7.0,4.0,9.0,3.0,11.0,2.0,5.0,conditional_bounds,
1180084795436826624,2025,3,5,27,8,23.0,27.0,4.0,8.0,2.0,6.0,4.0,8.0,4.0,12.0,1.0,5.0,conditional_bounds,
1180084795436826624,2025,3,6,27,8,25.0,27.0,6.0,8.0,2.0,9.0,2.0,9.0,4.0,9.0,2.0,6.0,conditional_bounds,
1180084795436826624,2025,3,7,27,8,21.0,27.0,2.0,8.0,1.0,4.0,3.0,8.0,4.0,12.0,3.0,5.0,conditional_bounds,
1180084795436826624,2025,3,8,27,8,24.0,27.0,5.0,8.0,2.0,5.0,3.0,7.0,7.0,15.0,1.0,5.0,conditional_bounds,
1180084795436826624,2025,3,9,27,8,24.0,27.0,5.0,8.0,3.0,11.0,5.0,13.0,3.0,6.0,1.0,2.0,conditional_bounds,
1180084795436826624,2025,3,10,27,8,27.0,27.0,8.0,8.0,2.0,5.0,6.0,14.0,5.0,13.0,1.0,3.0,conditional_bounds,
1180084795436826624,2025,3,11,27,8,26.0,27.0,7.0,8.0,2.0,6.0,2.0,7.0,5.0,13.0,1.0,8.0,conditional_bounds,
1180084795436826624,2025,3,12,27,8,23.0,27.0,4.0,8.0,2.0,5.0,3.0,8.0,5.0,13.0,1.0,5.0,conditional_bounds,
1180084795436826624,2025,4,1,27,8,24.0,27.0,5.0,8.0,2.0,3.0,3.0,11.0,8.0,16.0,1.0,2.0,conditional_bounds,
1180084795436826624,2025,4,2,27,8,20.0,27.0,1.0,8.0,2.0,6.0,4.0,12.0,4.0,8.0,1.0,2.0,conditional_bounds,
1180084795436826624,2025,4,3,27,8,24.0,27.0,5.0,8.0,2.0,2.0,2.0,8.0,9.0,17.0,2.0,4.0,conditional_bounds,
1180084795436826624,2025,4,4,27,8,24.0,27.0,5.0,8.0,1.0,7.0,4.0,9.0,3.0,11.0,2.0,5.0,conditional_bounds,
1180084795436826624,2025,4,5,27,8,24.0,27.0,5.0,8.0,2.0,6.0,4.0,8.0,5.0,13.0,1.0,5.0,conditional_bounds,
1180084795436826624,2025,4,6,27,8,25.0,27.0,6.0,8.0,2.0,9.0,2.0,9.0,4.0,9.0,2.0,6.0,conditional_bounds,
1180084795436826624,2025,4,7,27,8,21.0,27.0,2.0,8.0,1.0,4.0,3.0,8.0,4.0,12.0,3.0,5.0,conditional_bounds,
1180084795436826624,2025,4,8,27,8,24.0,27.0,5.0,8.0,2.0,5.0,3.0,7.0,7.0,15.0,1.0,5.0,conditional_bounds,
1180084795436826624,2025,4,9,27,8,24.0,27.0,5.0,8.0,3.0,11.0,5.0,13.0,4.0,6.0,1.0,2.0,conditional_bounds,
1180084795436826624,2025,4,10,27,8,27.0,27.0,8.0,8.0,2.0,5.0,6.0,14.0,5.0,13.0,2.0,3.0,conditional_bounds,
1180084795436826624,2025,4,11,27,8,27.0,27.0,8.0,8.0,2.0,6.0,2.0,8.0,5.0,13.0,2.0,8.0,conditional_bounds,
1180084795436826624,2025,4,12,27,8,23.0,27.0,4.0,8.0,2.0,5.0,3.0,8.0,5.0,13.0,1.0,5.0,conditional_bounds,
1180084795436826624,2025,5,1,27,8,24.0,27.0,5.0,8.0,2.0,3.0,3.0,11.0,8.0,16.0,1.0,2.0,conditional_bounds,
1180084795436826624,2025,5,2,27,8,20.0,27.0,1.0,8.0,2.0,6.0,4.0,12.0,3.0,8.0,2.0,2.0,conditional_bounds,
1180084795436826624,2025,5,3,27,8,24.0,27.0,5.0,8.0,1.0,2.0,2.0,9.0,8.0,16.0,1.0,4.0,conditional_bounds,
1180084795436826624,2025,5,4,27,8,24.0,27.0,5.0,8.0,1.0,7.0,4.0,9.0,3.0,11.0,2.0,5.0,conditional_bounds,
1180084795436826624,2025,5,5,27,8,25.0,27.0,6.0,8.0,2.0,6.0,3.0,8.0,6.0,14.0,1.0,5.0,conditional_bounds,
1180084795436826624,2025,5,6,27,8,25.0,27.0,6.0,8.0,2.0,9.0,2.0,9.0,3.0,9.0,3.0,6.0,conditional_bounds,
1180084795436826624,2025,5,7,27,8,20.0,27.0,1.0,8.0,2.0,4.0,3.0,7.0,4.0,12.0,1.0,5.0,conditional_bounds,
1180084795436826624,2025,5,8,27,8,24.0,27.0,5.0,8.0,2.0,5.0,3.0,7.0,7.0,15.0,1.0,5.0,conditional_bounds,
1180084795436826624,2025,5,9,27,8,24.0,27.0,5.0,8.0,3.0,11.0,5.0,13.0,4.0,5.0,1.0,3.0,conditional_bounds,
1180084795436826624,2025,5,10,27,8,27.0,27.0,8.0,8.0,2.0,5.0,6.0,14.0,5.0,13.0,2.0,3.0,conditional_bounds,
1180084795436826624,2025,5,11,27,8,26.0,27.0,7.0,8.0,2.0,6.0,2.0,8.0,4.0,12.0,2.0,8.0,conditional_bounds,
1180084795436826624,2025,5,12,27,8,23.0,27.0,4.0,8.0,2.0,5.0,3.0,8.0,5.0,13.0,1.0,5.0,conditional_bounds,
1180084795436826624,2025,6,1,27,8,24.0,27.0,5.0,8.0,1.0,3.0,3.0,11.0,8.0,16.0,2.0,2.0,conditional_bounds,
1180084795436826624,2025,6,2,27,8,20.0,27.0,1.0,8.0,2.0,6.0,4.0,12.0,4.0,8.0,1.0,2.0,conditional_bounds,
1180084795436826624,2025,6,3,27,8,24.0,27.0,5.0,8.0,2.0,2.0,2.0,9.0,8.0,16.0,1.0,4.0,conditional_bounds,
1180084795436826624,2025,6,4,27,8,24.0,27.0,5.0,8.0,1.0,7.0,4.0,9.0,3.0,11.0,2.0,5.0,conditional_bounds,
1180084795436826624,2025,6,5,27,8,26.0,27.0,7.0,8.0,2.0,6.0,3.0,8.0,7.0,15.0,2.0,5.0,conditional_bounds,
1180084795436826624,2025,6,6,27,8,26.0,27.0,7.0,8.0,2.0,9.0,4.0,9.0,3.0,10.0,1.0,6.0,conditional_bounds,
1180084795436826624,2025,6,7,27,8,20.0,27.0,1.0,8.0,2.0,4.0,3.0,7.0,4.0,12.0,2.0,5.0,conditional_bounds,
1180084795436826624,2025,6,8,27,8,24.0,27.0,5.0,8.0,2.0,5.0,3.0,7.0,7.0,15.0,1.0,5.0,conditional_bounds,
1180084795436826624,2025,6,9,27,8,24.0,27.0,5.0,8.0,3.0,11.0,5.0,13.0,4.0,5.0,1.0,3.0,conditional_bounds,
1180084795436826624,2025,6,10,27,8,26.0,27.0,7.0,8.0,2.0,5.0,6.0,14.0,4.0,12.0,2.0,3.0,conditional_bounds,
1180084795436826624,2025,6,11,27,8,26.0,27.0,7.0,8.0,2.0,6.0,2.0,8.0,4.0,12.0,2.0,8.0,conditional_bounds,
1180084795436826624,2025,6,12,27,8,23.0,27.0,4.0,8.0,2.0,5.0,4.0,8.0,5.0,13.0,1.0,5.0,conditional_bounds,
1180084795436826624,2025,7,1,27,8,24.0,27.0,5.0,8.0,2.0,3.0,3.0,11.0,8.0,16.0,2.0,2.0,conditional_bounds,
1180084795436826624,2025,7,2,27,8,20.0,27.0,1.0,8.0,2.0,6.0,4.0,12.0,4.0,8.0,1.0,2.0,conditional_bounds,
1180084795436826624,2025,7,3,27,8,24.0,27.0,5.0,8.0,2.0,2.0,2.0,9.0,8.0,16.0,2.0,4.0,conditional_bounds,
1180084795436826624,2025,7,4,27,8,25.0,27.0,6.0,8.0,1.0,7.0,4.0,9.0,4.0,12.0,2.0,5.0,conditional_bounds,
1180084795436826624,2025,7,5,27,8,25.0,27.0,6.0,8.0,2.0,6.0,4.0,8.0,6.0,14.0,1.0,5.0,conditional_bounds,
1180084795436826624,2025,7,6,27,8,27.0,27.0,8.0,8.0,2.0,9.0,3.0,9.0,4.0,11.0,1.0,6.0,conditional_bounds,
1180084795436826624,2025,7,7,27,8,20.0,27.0,1.0,8.0,1.0,5.0,3.0,7.0,4.0,11.0,2.0,5.0,conditional_bounds,
1180084795436826624,2025,7,8,27,8,24.0,27.0,5.0,8.0,2.0,5.0,3.0,7.0,7.0,15.0,2.0,5.0,conditional_bounds,
1180084795436826624,2025,7,9,27,8,25.0,27.0,6.0,8.0,4.0,12.0,5.0,13.0,3.0,5.0,1.0,3.0,conditional_bounds,
1180084795436826624,2025,7,10,27,8,26.0,27.0,7.0,8.0,2.0,5.0,6.0,14.0,5.0,12.0,1.0,3.0,conditional_bounds,
1180084795436826624,2025,7,11,27,8,26.0,27.0,7.0,8.0,2.0,6.0,2.0,8.0,4.0,12.0,2.0,8.0,conditional_bounds,
1180084795436826624,2025,7,12,27,8,23.0,27.0,4.0,8.0,2.0,5.0,4.0,8.0,5.0,13.0,1.0,5.0,conditional_bounds,
1180084795436826624,2025,8,1,27,8,26.0,27.0,7.0,8.0,1.0,3.0,5.0,11.0,8.0,16.0,1.0,4.0,conditional_bounds,
1180084795436826624,2025,8,2,27,8,20.0,27.0,1.0,8.0,2.0,6.0,4.0,12.0,4.0,8.0,1.0,2.0,conditional_bounds,
1180084795436826624,2025,8,3,27,8,23.0,27.0,4.0,8.0,2.0,3.0,2.0,8.0,7.0,15.0,2.0,4.0,conditional_bounds,
1180084795436826624,2025,8,4,27,8,23.0,27.0,4.0,8.0,1.0,7.0,2.0,9.0,3.0,11.0,3.0,4.0,conditional_bounds,
1180084795436826624,2025,8,5,27,8,25.0,27.0,6.0,8.0,2.0,6.0,4.0,8.0,6.0,14.0,1.0,5.0,conditional_bounds,
1180084795436826624,2025,8,6,27,8,27.0,27.0,8.0,8.0,1.0,9.0,2.0,9.0,5.0,11.0,2.0,6.0,conditional_bounds,
1180084795436826624,2025,8,7,27,8,20.0,27.0,1.0,8.0,1.0,5.0,2.0,7.0,3.0,11.0,4.0,5.0,conditional_bounds,
1180084795436826624,2025,8,8,27,8,25.0,27.0,6.0,8.0,1.0,5.0,3.0,7.0,7.0,15.0,2.0,6.0,conditional_bounds,
1180084795436826624,2025,8,9,27,8,27.0,27.0,8.0,8.0,4.0,12.0,6.0,14.0,3.0,6.0,1.0,3.0,conditional_bounds,
1180084795436826624,2025,8,10,27,8,27.0,27.0,8.0,8.0,2.0,5.0,6.0,14.0,4.0,12.0,2.0,4.0,conditional_bounds,
1180084795436826624,2025,8,11,27,8,26.0,27.0,7.0,8.0,2.0,6.0,2.0,8.0,4.0,12.0,2.0,8.0,conditional_bounds,
1180084795436826624,2025,8,12,27,8,23.0,27.0,4.0,8.0,2.0,5.0,4.0,8.0,5.0,13.0,1.0,5.0,conditional_bounds,
1180084795436826624,2025,9,1,27,8,25.0,27.0,6.0,8.0,2.0,3.0,2.0,10.0,8.0,16.0,2.0,4.0,conditional_bounds,
1180084795436826624,2025,9,2,27,8,20.0,27.0,1.0,8.0,2.0,6.0,4.0,12.0,4.0,8.0,1.0,2.0,conditional_bounds,
1180084795436826624,2025,9,3,27,8,23.0,27.0,4.0,8.0,2.0,3.0,2.0,8.0,7.0,15.0,3.0,4.0,conditional_bounds,
1180084795436826624,2025,9,4,27,8,24.0,27.0,5.0,8.0,2.0,8.0,4.0,9.0,3.0,11.0,1.0,4.0,conditional_bounds,
1180084795436826624,2025,9,5,27,8,24.0,27.0,5.0,8.0,2.0,6.0,4.0,8.0,5.0,13.0,1.0,5.0,conditional_bounds,
1180084795436826624,2025,9,6,27,8,27.0,27.0,8.0,8.0,1.0,9.0,3.0,9.0,4.0,11.0,2.0,6.0,conditional_bounds,
1180084795436826624,2025,9,7,27,8,20.0,27.0,1.0,8.0,2.0,5.0,2.0,7.0,3.0,11.0,3.0,5.0,conditional_bounds,
1180084795436826624,2025,9,8,27,8,24.0,27.0,5.0,8.0,1.0,5.0,3.0,7.0,6.0,14.0,3.0,6.0,conditional_bounds,
1180084795436826624,2025,9,9,27,8,27.0,27.0,8.0,8.0,4.0,12.0,6.0,14.0,3.0,6.0,1.0,3.0,conditional_bounds,
1180084795436826624,2025,9,10,27,8,27.0,27.0,8.0,8.0,2.0,5.0,6.0,14.0,4.0,12.0,2.0,4.0,conditional_bounds,
1180084795436826624,2025,9,11,27,8,26.0,27.0,7.0,8.0,2.0,6.0,2.0,8.0,5.0,12.0,1.0,8.0,conditional_bounds,
1180084795436826624,2025,9,12,27,8,23.0,27.0,4.0,8.0,2.0,5.0,3.0,8.0,5.0,13.0,1.0,5.0,conditional_bounds,
1180084795436826624,2025,10,1,27,8,25.0,27.0,6.0,8.0,1.0,3.0,4.0,10.0,8.0,16.0,2.0,4.0,conditional_bounds,
1180084795436826624,2025,10,2,27,8,21.0,27.0,2.0,8.0,1.0,6.0,4.0,12.0,4.0,9.0,2.0,2.0,conditional_bounds,
1180084795436826624,2025,10,3,27,8,23.0,27.0,4.0,8.0,2.0,3.0,2.0,8.0,7.0,15.0,2.0,4.0,conditional_bounds,
1180084795436826624,2025,10,4,27,8,26.0,27.0,7.0,8.0,3.0,11.0,3.0,8.0,3.0,11.0,2.0,4.0,conditional_bounds,
1180084795436826624,2025,10,5,27,8,26.0,27.0,7.0,8.0,2.0,7.0,3.0,8.0,6.0,14.0,2.0,5.0,conditional_bounds,
1180084795436826624,2025,10,6,27,8,27.0,27.0,8.0,8.0,2.0,9.0,2.0,10.0,3.0,10.0,3.0,6.0,conditional_bounds,
1180084795436826624,2025,10,7,27,8,19.0,27.0,0.0,8.0,2.0,6.0,2.0,6.0,3.0,11.0,3.0,4.0,conditional_bounds,
1180084795436826624,2025,10,8,27,8,25.0,27.0,6.0,8.0,1.0,5.0,2.0,7.0,7.0,15.0,3.0,6.0,conditional_bounds,
1180084795436826624,2025,10,9,27,8,27.0,27.0,8.0,8.0,3.0,11.0,6.0,14.0,4.0,7.0,1.0,3.0,conditional_bounds,
1180084795436826624,2025,10,10,27,8,27.0,27.0,8.0,8.0,2.0,5.0,6.0,14.0,4.0,12.0,2.0,4.0,conditional_bounds,
1180084795436826624,2025,10,11,27,8,26.0,27.0,7.0,8.0,2.0,6.0,2.0,8.0,5.0,12.0,1.0,8.0,conditional_bounds,
1180084795436826624,2025,10,12,27,8,23.0,27.0,4.0,8.0,2.0,5.0,3.0,8.0,5.0,13.0,1.0,5.0,conditional_bounds,
1180084795436826624,2025,11,1,27,8,25.0,27.0,6.0,8.0,1.0,3.0,3.0,10.0,8.0,16.0,1.0,4.0,conditional_bounds,
1180084795436826624,2025,11,2,27,8,21.0,27.0,2.0,8.0,2.0,6.0,4.0,12.0,5.0,9.0,1.0,2.0,conditional_bounds,
1180084795436826624,2025,11,3,27,8,24.0,27.0,5.0,8.0,2.0,3.0,2.0,9.0,7.0,15.0,3.0,4.0,conditional_bounds,
1180084795436826624,2025,11,4,27,8,26.0,27.0,7.0,8.0,3.0,11.0,3.0,8.0,3.0,11.0,2.0,4.0,conditional_bounds,
1180084795436826624,2025,11,5,27,8,26.0,27.0,7.0,8.0,2.0,7.0,4.0,8.0,6.0,14.0,1.0,5.0,conditional_bounds,
1180084795436826624,2025,11,6,27,8,27.0,27.0,8.0,8.0,2.0,9.0,2.0,10.0,4.0,10.0,2.0,6.0,conditional_bounds,
1180084795436826624,2025,11,7,27,8,19.0,27.0,0.0,8.0,2.0,6.0,3.0,6.0,4.0,11.0,1.0,4.0,conditional_bounds,
1180084795436826624,2025,11,8,27,8,26.0,27.0,7.0,8.0,1.0,5.0,2.0,7.0,7.0,15.0,3.0,7.0,conditional_bounds,
1180084795436826624,2025,11,9,27,8,27.0,27.0,8.0,8.0,3.0,11.0,6.0,14.0,4.0,7.0,1.0,3.0,conditional_bounds,
1180084795436826624,2025,11,10,27,8,27.0,27.0,8.0,8.0,1.0,5.0,6.0,14.0,4.0,12.0,2.0,4.0,conditional_bounds,
1180084795436826624,2025,11,11,27,8,26.0,27.0,7.0,8.0,2.0,6.0,2.0,8.0,5.0,12.0,1.0,8.0,conditional_bounds,
1180084795436826624,2025,11,12,27,8,23.0,27.0,4.0,8.0,2.0,5.0,3.0,8.0,5.0,13.0,1.0,5.0,conditional_bounds,
1180084795436826624,2025,12,1,27,8,25.0,27.0,6.0,8.0,1.0,3.0,4.0,10.0,8.0,16.0,1.0,4.0,conditional_bounds,
1180084795436826624,2025,12,2,27,8,24.0,27.0,5.0,8.0,2.0,6.0,4.0,12.0,4.0,12.0,1.0,2.0,conditional_bounds,
1180084795436826624,2025,12,3,27,8,24.0,27.0,5.0,8.0,2.0,3.0,3.0,9.0,7.0,15.0,1.0,4.0,conditional_bounds,
1180084795436826624,2025,12,4,27,8,25.0,27.0,6.0,8.0,3.0,11.0,2.0,8.0,3.0,10.0,4.0,4.0,conditional_bounds,
1180084795436826624,2025,12,5,27,8,25.0,27.0,6.0,8.0,2.0,7.0,3.0,8.0,6.0,14.0,2.0,4.0,conditional_bounds,
1180084795436826624,2025,12,6,27,8,25.0,27.0,6.0,8.0,2.0,9.0,2.0,9.0,5.0,10.0,1.0,5.0,conditional_bounds,
1180084795436826624,2025,12,7,27,8,19.0,27.0,0.0,8.0,2.0,6.0,3.0,6.0,4.0,11.0,1.0,4.0,conditional_bounds,
1180084795436826624,2025,12,8,27,8,26.0,27.0,7.0,8.0,1.0,5.0,2.0,7.0,7.0,15.0,4.0,7.0,conditional_bounds,
1180084795436826624,2025,12,9,27,8,26.0,27.0,7.0,8.0,3.0,11.0,6.0,14.0,4.0,6.0,1.0,3.0,conditional_bounds,
1180084795436826624,2025,12,10,27,8,27.0,27.0,8.0,8.0,2.0,6.0,5.0,13.0,4.0,12.0,1.0,4.0,conditional_bounds,
1180084795436826624,2025,12,11,27,8,26.0,27.0,7.0,8.0,2.0,6.0,2.0,8.0,5.0,12.0,1.0,8.0,conditional_bounds,
1180084795436826624,2025,12,12,27,8,23.0,27.0,4.0,8.0,2.0,5.0,3.0,8.0,5.0,13.0,1.0,5.0,conditional_bounds,
1180084795436826624,2025,13,1,27,8,25.0,27.0,6.0,8.0,2.0,3.0,3.0,10.0,8.0,16.0,1.0,4.0,conditional_bounds,
1180084795436826624,2025,13,2,27,8,24.0,27.0,5.0,8.0,2.0,6.0,4.0,12.0,4.0,12.0,1.0,2.0,conditional_bounds,
1180084795436826624,2025,13,3,27,8,24.0,27.0,5.0,8.0,2.0,3.0,3.0,9.0,7.0,15.0,2.0,4.0,conditional_bounds,
1180084795436826624,2025,13,4,27,8,25.0,27.0,6.0,8.0,3.0,11.0,3.0,8.0,3.0,10.0,2.0,4.0,conditional_bounds,
1180084795436826624,2025,13,5,27,8,26.0,27.0,7.0,8.0,2.0,7.0,4.0,8.0,7.0,15.0,1.0,4.0,conditional_bounds,
1180084795436826624,2025,13,6,27,8,25.0,27.0,6.0,8.0,2.0,8.0,2.0,9.0,4.0,10.0,2.0,6.0,conditional_bounds,
1180084795436826624,2025,13,7,27,8,19.0,27.0,0.0,8.0,2.0,6.0,3.0,6.0,3.0,11.0,2.0,4.0,conditional_bounds,
1180084795436826624,2025,13,8,27,8,25.0,27.0,6.0,8.0,1.0,5.0,2.0,7.0,6.0,14.0,4.0,7.0,conditional_bounds,
1180084795436826624,2025,13,9,27,8,27.0,27.0,8.0,8.0,3.0,11.0,7.0,15.0,4.0,6.0,1.0,3.0,conditional_bounds,
1180084795436826624,2025,13,10,27,8,27.0,27.0,8.0,8.0,2.0,6.0,5.0,13.0,5.0,12.0,1.0,4.0,conditional_bounds,
1180084795436826624,2025,13,11,27,8,26.0,27.0,7.0,8.0,2.0,6.0,2.0,8.0,5.0,12.0,1.0,8.0,conditional_bounds,
1180084795436826624,2025,13,12,27,8,23.0,27.0,4.0,8.0,2.0,5.0,3.0,8.0,5.0,13.0,1.0,5.0,conditional_bounds,
1180084795436826624,2025,14,1,27,8,25.0,27.0,6.0,8.0,2.0,3.0,3.0,10.0,8.0,16.0,1.0,4.0,conditional_bounds,
1180084795436826624,2025,14,2,27,8,24.0,27.0,5.0,8.0,2.0,6.0,4.0,12.0,4.0,12.0,1.0,2.0,conditional_bounds,
1180084795436826624,2025,14,3,27,8,24.0,27.0,5.0,8.0,2.0,3.0,2.0,10.0,6.0,14.0,1.0,4.0,conditional_bounds,
1180084795436826624,2025,14,4,27,8,24.0,27.0,5.0,8.0,2.0,10.0,3.0,8.0,3.0,10.0,2.0,4.0,conditional_bounds,
1180084795436826624,2025,14,5,27,8,26.0,27.0,7.0,8.0,2.0,7.0,4.0,8.0,7.0,15.0,1.0,4.0,conditional_bounds,
1180084795436826624,2025,14,6,27,8,25.0,27.0,6.0,8.0,1.0,8.0,2.0,8.0,3.0,11.0,4.0,6.0,conditional_bounds,
1180084795436826624,2025,14,7,27,8,19.0,27.0,0.0,8.0,2.0,6.0,3.0,6.0,3.0,11.0,2.0,4.0,conditional_bounds,
1180084795436826624,2025,14,8,27,8,24.0,27.0,5.0,8.0,1.0,5.0,2.0,7.0,5.0,13.0,4.0,7.0,conditional_bounds,
1180084795436826624,2025,14,9,27,8,26.0,27.0,7.0,8.0,3.0,11.0,6.0,14.0,2.0,5.0,1.0,4.0,conditional_bounds,
1180084795436826624,2025,14,10,27,8,27.0,27.0,8.0,8.0,1.0,6.0,5.0,13.0,4.0,12.0,1.0,4.0,conditional_bounds,
1180084795436826624,2025,14,11,27,8,26.0,27.0,7.0,8.0,2.0,6.0,2.0,8.0,6.0,14.0,2.0,6.0,conditional_bounds,
1180084795436826624,2025,14,12,27,8,23.0,27.0,4.0,8.0,2.0,5.0,2.0,8.0,5.0,13.0,1.0,5.0,conditional_bounds,
918260594971672576,2023,3,1,27,7,22.0,27.0,2.0,7.0,2.0,5.0,2.0,9.0,5.0,12.0,2.0,3.0,conditional_bounds,
918260594971672576,2023,3,2,27,7,26.0,27.0,6.0,7.0,2.0,5.0,4.0,9.0,8.0,15.0,2.0,4.0,conditional_bounds,
918260594971672576,2023,3,3,27,7,23.0,27.0,3.0,7.0,2.0,4.0,4.0,10.0,4.0,11.0,2.0,5.0,conditional_bounds,
918260594971672576,2023,3,4,27,7,27.0,27.0,7.0,7.0,2.0,5.0,2.0,8.0,7.0,14.0,2.0,7.0,conditional_bounds,
918260594971672576,2023,3,5,27,7,17.0,24.0,0.0,7.0,1.0,5.0,3.0,3.0,6.0,13.0,2.0,3.0,conditional_bounds,
918260594971672576,2023,3,6,27,7,23.0,27.0,3.0,7.0,2.0,4.0,2.0,8.0,5.0,12.0,2.0,6.0,conditional_bounds,
918260594971672576,2023,3,7,27,7,23.0,27.0,3.0,7.0,2.0,4.0,2.0,7.0,4.0,11.0,4.0,8.0,conditional_bounds,
918260594971672576,2023,3,8,27,7,22.0,27.0,2.0,7.0,2.0,7.0,3.0,9.0,4.0,7.0,2.0,6.0,conditional_bounds,
918260594971672576,2023,3,9,27,7,27.0,27.0,7.0,7.0,2.0,5.0,8.0,15.0,3.0,10.0,2.0,4.0,conditional_bounds,
918260594971672576,2023,3,10,27,7,27.0,27.0,7.0,7.0,2.0,8.0,3.0,10.0,5.0,10.0,2.0,6.0,conditional_bounds,
918260594971672576,2023,3,11,27,7,27.0,27.0,7.0,7.0,2.0,5.0,2.0,9.0,6.0,13.0,2.0,7.0,conditional_bounds,
918260594971672576,2023,3,12,27,7,20.0,27.0,0.0,7.0,2.0,6.0,3.0,9.0,4.0,7.0,2.0,5.0,conditional_bounds,
918260594971672576,2023,4,1,27,7,22.0,27.0,2.0,7.0,2.0,5.0,2.0,9.0,5.0,12.0,2.0,3.0,conditional_bounds,
918260594971672576,2023,4,2,27,7,25.0,27.0,5.0,7.0,2.0,5.0,4.0,8.0,8.0,15.0,2.0,4.0,conditional_bounds,
918260594971672576,2023,4,3,27,7,23.0,27.0,3.0,7.0,2.0,4.0,4.0,10.0,4.0,11.0,2.0,5.0,conditional_bounds,
918260594971672576,2023,4,4,27,7,26.0,27.0,6.0,7.0,2.0,5.0,2.0,8.0,6.0,13.0,2.0,7.0,conditional_bounds,
918260594971672576,2023,4,5,27,7,17.0,24.0,0.0,7.0,1.0,5.0,3.0,3.0,6.0,13.0,2.0,3.0,conditional_bounds,
918260594971672576,2023,4,6,27,7,23.0,27.0,3.0,7.0,2.0,4.0,2.0,8.0,6.0,13.0,2.0,5.0,conditional_bounds,
918260594971672576,2023,4,7,27,7,23.0,27.0,3.0,7.0,2.0,4.0,2.0,7.0,4.0,11.0,3.0,8.0,conditional_bounds,
918260594971672576,2023,4,8,27,7,22.0,27.0,2.0,7.0,2.0,7.0,3.0,9.0,4.0,7.0,2.0,6.0,conditional_bounds,
918260594971672576,2023,4,9,27,7,26.0,27.0,6.0,7.0,2.0,5.0,7.0,14.0,4.0,10.0,2.0,4.0,conditional_bounds,
918260594971672576,2023,4,10,27,7,26.0,27.0,6.0,7.0,2.0,6.0,3.0,10.0,5.0,11.0,2.0,6.0,conditional_bounds,
918260594971672576,2023,4,11,27,7,26.0,27.0,6.0,7.0,2.0,6.0,3.0,9.0,4.0,11.0,2.0,7.0,conditional_bounds,
918260594971672576,2023,4,12,27,7,22.0,27.0,2.0,7.0,2.0,7.0,3.0,9.0,4.0,8.0,2.0,5.0,conditional_bounds,
918260594971672576,2023,5,1,27,7,22.0,27.0,2.0,7.0,2.0,5.0,3.0,9.0,5.0,12.0,2.0,3.0,conditional_bounds,
918260594971672576,2023,5,2,27,7,24.0,27.0,4.0,7.0,2.0,4.0,4.0,8.0,8.0,15.0,2.0,4.0,conditional_bounds,
918260594971672576,2023,5,3,27,7,24.0,27.0,4.0,7.0,2.0,4.0,4.0,11.0,5.0,11.0,2.0,5.0,conditional_bounds,
918260594971672576,2023,5,4,27,7,25.0,27.0,5.0,7.0,2.0,6.0,3.0,7.0,5.0,12.0,2.0,7.0,conditional_bounds,
918260594971672576,2023,5,5,27,7,15.0,22.0,0.0,7.0,1.0,5.0,2.0,2.0,6.0,12.0,2.0,3.0,conditional_bounds,
918260594971672576,2023,5,6,27,7,23.0,27.0,3.0,7.0,2.0,4.0,2.0,8.0,6.0,13.0,2.0,5.0,conditional_bounds,
918260594971672576,2023,5,7,27,7,23.0,27.0,3.0,7.0,2.0,4.0,4.0,7.0,4.0,11.0,2.0,8.0,conditional_bounds,
918260594971672576,2023,5,8,27,7,22.0,27.0,2.0,7.0,2.0,7.0,4.0,9.0,3.0,7.0,2.0,6.0,conditional_bounds,
918260594971672576,2023,5,9,27,7,26.0,27.0,6.0,7.0,2.0,6.0,6.0,13.0,4.0,10.0,2.0,4.0,conditional_bounds,
918260594971672576,2023,5,10,27,7,26.0,27.0,6.0,7.0,2.0,6.0,3.0,10.0,5.0,11.0,2.0,6.0,conditional_bounds,
918260594971672576,2023,5,11,27,7,26.0,27.0,6.0,7.0,2.0,5.0,4.0,9.0,6.0,13.0,2.0,6.0,conditional_bounds,
918260594971672576,2023,5,12,27,7,23.0,27.0,3.0,7.0,2.0,7.0,3.0,10.0,4.0,8.0,2.0,5.0,conditional_bounds,
918260594971672576,2023,6,1,27,7,24.0,27.0,4.0,7.0,2.0,6.0,3.0,10.0,5.0,12.0,2.0,3.0,conditional_bounds,
918260594971672576,2023,6,2,27,7,24.0,27.0,4.0,7.0,2.0,4.0,4.0,7.0,9.0,16.0,2.0,4.0,conditional_bounds,
918260594971672576,2023,6,3,27,7,24.0,27.0,4.0,7.0,2.0,4.0,4.0,11.0,5.0,11.0,2.0,5.0,conditional_bounds,
918260594971672576,2023,6,4,27,7,25.0,27.0,5.0,7.0,2.0,6.0,3.0,7.0,5.0,12.0,3.0,7.0,conditional_bounds,
918260594971672576,2023,6,5,27,7,14.0,21.0,0.0,7.0,1.0,5.0,2.0,2.0,6.0,11.0,2.0,3.0,conditional_bounds,
918260594971672576,2023,6,6,27,7,23.0,27.0,3.0,7.0,2.0,4.0,2.0,8.0,6.0,13.0,2.0,5.0,conditional_bounds,
918260594971672576,2023,6,7,27,7,22.0,27.0,2.0,7.0,2.0,4.0,3.0,7.0,4.0,11.0,3.0,7.0,conditional_bounds,
918260594971672576,2023,6,8,27,7,24.0,27.0,4.0,7.0,2.0,7.0,3.0,9.0,4.0,7.0,2.0,8.0,conditional_bounds,
918260594971672576,2023,6,9,27,7,26.0,27.0,6.0,7.0,2.0,6.0,6.0,13.0,3.0,10.0,2.0,4.0,conditional_bounds,
918260594971672576,2023,6,10,27,7,25.0,27.0,5.0,7.0,2.0,6.0,3.0,10.0,5.0,11.0,2.0,5.0,conditional_bounds,
918260594971672576,2023,6,11,27,7,25.0,27.0,5.0,7.0,2.0,5.0,4.0,8.0,6.0,13.0,2.0,6.0,conditional_bounds,
918260594971672576,2023,6,12,27,7,23.0,27.0,3.0,7.0,2.0,7.0,3.0,10.0,4.0,8.0,3.0,5.0,conditional_bounds,
918260594971672576,2023,7,1,27,7,24.0,27.0,4.0,7.0,2.0,6.0,3.0,10.0,5.0,12.0,3.0,3.0,conditional_bounds,
918260594971672576,2023,7,2,27,7,24.0,27.0,4.0,7.0,1.0,4.0,4.0,7.0,9.0,16.0,2.0,4.0,conditional_bounds,
918260594971672576,2023,7,3,27,7,25.0,27.0,5.0,7.0,2.0,4.0,5.0,12.0,4.0,11.0,1.0,5.0,conditional_bounds,
918260594971672576,2023,7,4,27,7,27.0,27.0,7.0,7.0,2.0,6.0,2.0,8.0,6.0,13.0,4.0,7.0,conditional_bounds,
918260594971672576,2023,7,5,27,7,18.0,25.0,0.0,7.0,1.0,5.0,2.0,3.0,6.0,11.0,2.0,6.0,conditional_bounds,
918260594971672576,2023,7,6,27,7,22.0,27.0,2.0,7.0,1.0,4.0,2.0,8.0,6.0,12.0,2.0,5.0,conditional_bounds,
918260594971672576,2023,7,7,27,7,23.0,27.0,3.0,7.0,2.0,4.0,2.0,8.0,4.0,11.0,3.0,7.0,conditional_bounds,
918260594971672576,2023,7,8,27,7,23.0,27.0,3.0,7.0,1.0,7.0,2.0,8.0,6.0,7.0,2.0,8.0,conditional_bounds,
918260594971672576,2023,7,9,27,7,26.0,27.0,6.0,7.0,2.0,6.0,6.0,13.0,3.0,10.0,2.0,4.0,conditional_bounds,
918260594971672576,2023,7,10,27,7,26.0,27.0,6.0,7.0,2.0,6.0,4.0,11.0,4.0,11.0,2.0,5.0,conditional_bounds,
918260594971672576,2023,7,11,27,7,25.0,27.0,5.0,7.0,2.0,5.0,4.0,8.0,6.0,13.0,2.0,6.0,conditional_bounds,
918260594971672576,2023,7,12,27,7,22.0,27.0,2.0,7.0,2.0,7.0,3.0,10.0,5.0,8.0,2.0,4.0,conditional_bounds,
918260594971672576,2023,8,1,27,7,24.0,27.0,4.0,7.0,2.0,6.0,3.0,10.0,5.0,12.0,2.0,3.0,conditional_bounds,
918260594971672576,2023,8,2,27,7,24.0,27.0,4.0,7.0,2.0,4.0,4.0,7.0,9.0,16.0,2.0,4.0,conditional_bounds,
918260594971672576,2023,8,3,27,7,25.0,27.0,5.0,7.0,2.0,4.0,5.0,12.0,4.0,11.0,1.0,5.0,conditional_bounds,
918260594971672576,2023,8,4,27,7,27.0,27.0,7.0,7.0,2.0,6.0,2.0,8.0,6.0,13.0,2.0,7.0,conditional_bounds,
918260594971672576,2023,8,5,27,7,18.0,25.0,0.0,7.0,1.0,5.0,2.0,3.0,6.0,11.0,2.0,6.0,conditional_bounds,
918260594971672576,2023,8,6,27,7,22.0,27.0,2.0,7.0,2.0,4.0,2.0,8.0,5.0,12.0,2.0,5.0,conditional_bounds,
918260594971672576,2023,8,7,27,7,23.0,27.0,3.0,7.0,2.0,4.0,3.0,8.0,4.0,11.0,3.0,7.0,conditional_bounds,
918260594971672576,2023,8,8,27,7,23.0,27.0,3.0,7.0,2.0,7.0,3.0,8.0,4.0,7.0,2.0,8.0,conditional_bounds,
918260594971672576,2023,8,9,27,7,25.0,27.0,5.0,7.0,2.0,6.0,5.0,12.0,4.0,10.0,3.0,4.0,conditional_bounds,
918260594971672576,2023,8,10,27,7,26.0,27.0,6.0,7.0,2.0,6.0,4.0,11.0,5.0,11.0,2.0,5.0,conditional_bounds,
918260594971672576,2023,8,11,27,7,25.0,27.0,5.0,7.0,2.0,5.0,3.0,8.0,6.0,13.0,2.0,6.0,conditional_bounds,
918260594971672576,2023,8,12,27,7,22.0,27.0,2.0,7.0,2.0,7.0,4.0,10.0,3.0,8.0,2.0,4.0,conditional_bounds,
918260594971672576,2023,9,1,27,7,24.0,27.0,4.0,7.0,1.0,6.0,3.0,10.0,5.0,12.0,2.0,3.0,conditional_bounds,
918260594971672576,2023,9,2,27,7,24.0,27.0,4.0,7.0,2.0,4.0,3.0,7.0,9.0,16.0,2.0,4.0,conditional_bounds,
918260594971672576,2023,9,3,27,7,26.0,27.0,6.0,7.0,2.0,4.0,5.0,12.0,5.0,12.0,1.0,5.0,conditional_bounds,
918260594971672576,2023,9,4,27,7,26.0,27.0,6.0,7.0,2.0,5.0,2.0,8.0,6.0,13.0,2.0,7.0,conditional_bounds,
918260594971672576,2023,9,5,27,7,17.0,24.0,0.0,7.0,1.0,5.0,2.0,3.0,6.0,10.0,2.0,6.0,conditional_bounds,
918260594971672576,2023,9,6,27,7,22.0,27.0,2.0,7.0,2.0,4.0,2.0,8.0,5.0,12.0,2.0,5.0,conditional_bounds,
918260594971672576,2023,9,7,27,7,23.0,27.0,3.0,7.0,1.0,4.0,3.0,8.0,5.0,11.0,2.0,7.0,conditional_bounds,
918260594971672576,2023,9,8,27,7,23.0,27.0,3.0,7.0,2.0,7.0,2.0,8.0,5.0,7.0,2.0,8.0,conditional_bounds,
918260594971672576,2023,9,9,27,7,25.0,27.0,5.0,7.0,2.0,6.0,5.0,12.0,4.0,10.0,2.0,4.0,conditional_bounds,
918260594971672576,2023,9,10,27,7,26.0,27.0,6.0,7.0,2.0,6.0,4.0,11.0,5.0,11.0,2.0,5.0,conditional_bounds,
918260594971672576,2023,9,11,27,7,25.0,27.0,5.0,7.0,2.0,5.0,2.0,8.0,7.0,14.0,2.0,5.0,conditional_bounds,
918260594971672576,2023,9,12,27,7,22.0,27.0,2.0,7.0,2.0,7.0,4.0,10.0,3.0,8.0,2.0,4.0,conditional_bounds,
918260594971672576,2023,10,1,27,7,24.0,27.0,4.0,7.0,2.0,6.0,3.0,10.0,5.0,12.0,2.0,3.0,conditional_bounds,
918260594971672576,2023,10,2,27,7,24.0,27.0,4.0,7.0,1.0,4.0,5.0,7.0,9.0,16.0,2.0,4.0,conditional_bounds,
918260594971672576,2023,10,3,27,7,26.0,27.0,6.0,7.0,2.0,4.0,5.0,12.0,5.0,12.0,1.0,5.0,conditional_bounds,
918260594971672576,2023,10,4,27,7,25.0,27.0,5.0,7.0,2.0,5.0,2.0,8.0,6.0,13.0,3.0,6.0,conditional_bounds,
918260594971672576,2023,10,5,27,7,17.0,24.0,0.0,7.0,1.0,5.0,2.0,3.0,5.0,10.0,3.0,6.0,conditional_bounds,
918260594971672576,2023,10,6,27,7,21.0,27.0,1.0,7.0,1.0,4.0,2.0,8.0,6.0,11.0,2.0,5.0,conditional_bounds,
918260594971672576,2023,10,7,27,7,23.0,27.0,3.0,7.0,1.0,4.0,3.0,8.0,5.0,11.0,2.0,7.0,conditional_bounds,
918260594971672576,2023,10,8,27,7,23.0,27.0,3.0,7.0,2.0,7.0,3.0,8.0,4.0,7.0,2.0,8.0,conditional_bounds,
918260594971672576,2023,10,9,27,7,25.0,27.0,5.0,7.0,2.0,6.0,5.0,12.0,4.0,10.0,2.0,4.0,conditional_bounds,
918260594971672576,2023,10,10,27,7,27.0,27.0,7.0,7.0,2.0,6.0,4.0,11.0,5.0,11.0,2.0,6.0,conditional_bounds,
918260594971672576,2023,10,11,27,7,26.0,27.0,6.0,7.0,2.0,6.0,4.0,7.0,6.0,13.0,2.0,7.0,conditional_bounds,
918260594971672576,2023,10,12,27,7,22.0,27.0,2.0,7.0,1.0,7.0,4.0,10.0,4.0,8.0,2.0,4.0,conditional_bounds,
918260594971672576,2023,11,1,27,7,24.0,27.0,4.0,7.0,2.0,6.0,3.0,9.0,6.0,13.0,2.0,3.0,conditional_bounds,
918260594971672576,2023,11,2,27,7,24.0,27.0,4.0,7.0,1.0,4.0,4.0,7.0,9.0,16.0,2.0,4.0,conditional_bounds,
918260594971672576,2023,11,3,27,7,25.0,27.0,5.0,7.0,2.0,4.0,5.0,12.0,4.0,11.0,2.0,5.0,conditional_bounds,
918260594971672576,2023,11,4,27,7,25.0,27.0,5.0,7.0,2.0,5.0,2.0,8.0,6.0,13.0,3.0,6.0,conditional_bounds,
918260594971672576,2023,11,5,27,7,19.0,26.0,0.0,7.0,2.0,5.0,2.0,4.0,4.0,10.0,3.0,6.0,conditional_bounds,
918260594971672576,2023,11,6,27,7,21.0,27.0,1.0,7.0,2.0,4.0,2.0,7.0,5.0,12.0,2.0,5.0,conditional_bounds,
918260594971672576,2023,11,7,27,7,22.0,27.0,2.0,7.0,2.0,4.0,3.0,8.0,3.0,10.0,3.0,7.0,conditional_bounds,
918260594971672576,2023,11,8,27,7,23.0,27.0,3.0,7.0,2.0,7.0,3.0,8.0,4.0,7.0,2.0,8.0,conditional_bounds,
918260594971672576,2023,11,9,27,7,24.0,27.0,4.0,7.0,2.0,5.0,4.0,11.0,3.0,10.0,2.0,5.0,conditional_bounds,
918260594971672576,2023,11,10,27,7,27.0,27.0,7.0,7.0,2.0,6.0,4.0,11.0,4.0,11.0,2.0,6.0,conditional_bounds,
918260594971672576,2023,11,11,27,7,26.0,27.0,6.0,7.0,2.0,6.0,2.0,7.0,6.0,13.0,2.0,7.0,conditional_bounds,
918260594971672576,2023,11,12,27,7,22.0,27.0,2.0,7.0,2.0,7.0,4.0,10.0,3.0,8.0,2.0,4.0,conditional_bounds,
918260594971672576,2023,12,1,27,7,24.0,27.0,4.0,7.0,2.0,6.0,2.0,9.0,6.0,13.0,2.0,3.0,conditional_bounds,
918260594971672576,2023,12,2,27,7,25.0,27.0,5.0,7.0,2.0,5.0,4.0,7.0,9.0,16.0,2.0,4.0,conditional_bounds,
918260594971672576,2023,12,3,27,7,25.0,27.0,5.0,7.0,2.0,4.0,5.0,12.0,4.0,11.0,2.0,5.0,conditional_bounds,
918260594971672576,2023,12,4,27,7,24.0,27.0,4.0,7.0,2.0,5.0,3.0,7.0,6.0,13.0,3.0,6.0,conditional_bounds,
918260594971672576,2023,12,5,27,7,19.0,26.0,0.0,7.0,2.0,5.0,2.0,4.0,5.0,10.0,2.0,6.0,conditional_bounds,
918260594971672576,2023,12,6,27,7,21.0,27.0,1.0,7.0,2.0,4.0,2.0,7.0,5.0,12.0,2.0,5.0,conditional_bounds,
918260594971672576,2023,12,7,27,7,22.0,27.0,2.0,7.0,2.0,4.0,3.0,8.0,3.0,10.0,3.0,7.0,conditional_bounds,
918260594971672576,2023,12,8,27,7,23.0,27.0,3.0,7.0,2.0,7.0,3.0,8.0,4.0,7.0,2.0,8.0,conditional_bounds,
918260594971672576,2023,12,9,27,7,24.0,27.0,4.0,7.0,2.0,5.0,4.0,11.0,4.0,10.0,2.0,5.0,conditional_bounds,
918260594971672576,2023,12,10,27,7,27.0,27.0,7.0,7.0,2.0,6.0,3.0,10.0,5.0,11.0,2.0,7.0,conditional_bounds,
918260594971672576,2023,12,11,27,7,26.0,27.0,6.0,7.0,2.0,6.0,2.0,7.0,6.0,13.0,2.0,7.0,conditional_bounds,
918260594971672576,2023,12,12,27,7,22.0,27.0,2.0,7.0,2.0,8.0,4.0,10.0,3.0,8.0,2.0,3.0,conditional_bounds,
918260594971672576,2023,13,1,27,7,24.0,27.0,4.0,7.0,2.0,6.0,3.0,9.0,6.0,13.0,2.0,3.0,conditional_bounds,
918260594971672576,2023,13,2,27,7,25.0,27.0,5.0,7.0,2.0,5.0,4.0,8.0,8.0,15.0,2.0,4.0,conditional_bounds,
918260594971672576,2023,13,3,27,7,25.0,27.0,5.0,7.0,1.0,5.0,5.0,12.0,4.0,10.0,2.0,5.0,conditional_bounds,
918260594971672576,2023,13,4,27,7,24.0,27.0,4.0,7.0,2.0,5.0,2.0,7.0,6.0,13.0,3.0,6.0,conditional_bounds,
918260594971672576,2023,13,5,27,7,19.0,26.0,0.0,7.0,2.0,5.0,2.0,4.0,4.0,10.0,2.0,6.0,conditional_bounds,
918260594971672576,2023,13,6,27,7,21.0,27.0,1.0,7.0,2.0,4.0,2.0,7.0,5.0,12.0,2.0,5.0,conditional_bounds,
918260594971672576,2023,13,7,27,7,22.0,27.0,2.0,7.0,2.0,4.0,4.0,8.0,3.0,10.0,2.0,7.0,conditional_bounds,
918260594971672576,2023,13,8,27,7,23.0,27.0,3.0,7.0,1.0,6.0,2.0,7.0,5.0,8.0,3.0,9.0,conditional_bounds,
918260594971672576,2023,13,9,27,7,26.0,27.0,6.0,7.0,1.0,6.0,4.0,11.0,5.0,11.0,2.0,5.0,conditional_bounds,
918260594971672576,2023,13,10,27,7,26.0,27.0,6.0,7.0,2.0,6.0,3.0,10.0,5.0,10.0,2.0,7.0,conditional_bounds,
918260594971672576,2023,13,11,27,7,27.0,27.0,7.0,7.0,2.0,7.0,2.0,7.0,6.0,13.0,2.0,7.0,conditional_bounds,
918260594971672576,2023,13,12,27,7,23.0,27.0,3.0,7.0,2.0,8.0,4.0,11.0,4.0,8.0,2.0,3.0,conditional_bounds,
918260594971672576,2023,14,1,27,7,24.0,27.0,4.0,7.0,2.0,6.0,3.0,9.0,6.0,13.0,2.0,3.0,conditional_bounds,
918260594971672576,2023,14,2,27,7,25.0,27.0,5.0,7.0,2.0,6.0,3.0,8.0,7.0,14.0,2.0,4.0,conditional_bounds,
918260594971672576,2023,14,3,27,7,25.0,27.0,5.0,7.0,2.0,5.0,5.0,12.0,5.0,10.0,2.0,5.0,conditional_bounds,
918260594971672576,2023,14,4,27,7,25.0,27.0,5.0,7.0,2.0,6.0,2.0,7.0,6.0,13.0,2.0,6.0,conditional_bounds,
918260594971672576,2023,14,5,27,7,19.0,26.0,0.0,7.0,1.0,5.0,1.0,4.0,6.0,10.0,2.0,6.0,conditional_bounds,
918260594971672576,2023,14,6,27,7,21.0,27.0,1.0,7.0,2.0,4.0,2.0,7.0,5.0,12.0,2.0,5.0,conditional_bounds,
918260594971672576,2023,14,7,27,7,22.0,27.0,2.0,7.0,2.0,4.0,3.0,8.0,4.0,10.0,2.0,7.0,conditional_bounds,
918260594971672576,2023,14,8,27,7,23.0,27.0,3.0,7.0,2.0,6.0,3.0,7.0,4.0,8.0,2.0,9.0,conditional_bounds,
918260594971672576,2023,14,9,27,7,26.0,27.0,6.0,7.0,2.0,6.0,4.0,11.0,4.0,11.0,2.0,5.0,conditional_bounds,
918260594971672576,2023,14,10,27,7,27.0,27.0,7.0,7.0,2.0,6.0,2.0,9.0,5.0,12.0,2.0,7.0,conditional_bounds,
918260594971672576,2023,14,11,27,7,27.0,27.0,7.0,7.0,2.0,7.0,2.0,7.0,6.0,13.0,2.0,7.0,conditional_bounds,
918260594971672576,2023,14,12,27,7,23.0,27.0,3.0,7.0,2.0,8.0,4.0,11.0,3.0,8.0,2.0,3.0,conditional_bounds,
920016644603248640,2023,3,1,30,6,30.0,30.0,6.0,6.0,2.0,8.0,2.0,8.0,5.0,7.0,7.0,13.0,conditional_bounds,
920016644603248640,2023,3,2,30,6,30.0,30.0,6.0,6.0,3.0,8.0,7.0,13.0,6.0,12.0,2.0,3.0,conditional_bounds,
920016644603248640,2023,3,3,30,6,30.0,30.0,6.0,6.0,3.0,5.0,6.0,12.0,8.0,14.0,2.0,5.0,conditional_bounds,
920016644603248640,2023,3,4,30,6,24.0,30.0,0.0,6.0,3.0,6.0,5.0,11.0,5.0,7.0,2.0,6.0,conditional_bounds,
920016644603248640,2023,3,5,30,6,28.0,30.0,4.0,6.0,3.0,7.0,3.0,9.0,5.0,11.0,2.0,7.0,conditional_bounds,
920016644603248640,2023,3,6,30,6,26.0,30.0,2.0,6.0,2.0,4.0,5.0,11.0,6.0,12.0,2.0,5.0,conditional_bounds,
920016644603248640,2023,3,7,30,6,28.0,30.0,4.0,6.0,1.0,6.0,2.0,7.0,13.0,19.0,2.0,2.0,conditional_bounds,
920016644603248640,2023,3,8,30,6,29.0,30.0,5.0,6.0,3.0,6.0,10.0,16.0,5.0,10.0,2.0,3.0,conditional_bounds,
920016644603248640,2023,3,9,30,6,25.0,30.0,1.0,6.0,1.0,2.0,2.0,8.0,12.0,18.0,3.0,3.0,conditional_bounds,
920016644603248640,2023,3,10,30,6,28.0,30.0,4.0,6.0,3.0,8.0,5.0,10.0,5.0,11.0,2.0,5.0,conditional_bounds,
920016644603248640,2023,3,11,30,6,28.0,30.0,4.0,6.0,3.0,7.0,2.0,6.0,9.0,15.0,3.0,6.0,conditional_bounds,
920016644603248640,2023,3,12,30,6,30.0,30.0,6.0,6.0,2.0,4.0,5.0,10.0,7.0,13.0,3.0,9.0,conditional_bounds,
920016644603248640,2023,4,1,30,6,30.0,30.0,6.0,6.0,2.0,8.0,2.0,8.0,5.0,8.0,6.0,12.0,conditional_bounds,
920016644603248640,2023,4,2,30,6,30.0,30.0,6.0,6.0,3.0,8.0,7.0,13.0,6.0,12.0,2.0,3.0,conditional_bounds,
920016644603248640,2023,4,3,30,6,30.0,30.0,6.0,6.0,3.0,7.0,5.0,11.0,8.0,14.0,2.0,4.0,conditional_bounds,
920016644603248640,2023,4,4,30,6,24.0,30.0,0.0,6.0,3.0,6.0,5.0,11.0,5.0,7.0,2.0,6.0,conditional_bounds,
920016644603248640,2023,4,5,30,6,28.0,30.0,4.0,6.0,3.0,7.0,3.0,9.0,5.0,11.0,2.0,7.0,conditional_bounds,
920016644603248640,2023,4,6,30,6,26.0,30.0,2.0,6.0,2.0,4.0,5.0,11.0,6.0,12.0,2.0,5.0,conditional_bounds,
920016644603248640,2023,4,7,30,6,28.0,30.0,4.0,6.0,1.0,6.0,2.0,7.0,13.0,19.0,2.0,2.0,conditional_bounds,
920016644603248640,2023,4,8,30,6,29.0,30.0,5.0,6.0,3.0,7.0,9.0,15.0,4.0,10.0,2.0,3.0,conditional_bounds,
920016644603248640,2023,4,9,30,6,25.0,30.0,1.0,6.0,1.0,2.0,3.0,8.0,12.0,18.0,3.0,3.0,conditional_bounds,
920016644603248640,2023,4,10,30,6,28.0,30.0,4.0,6.0,2.0,8.0,5.0,10.0,5.0,11.0,2.0,5.0,conditional_bounds,
920016644603248640,2023,4,11,30,6,28.0,30.0,4.0,6.0,3.0,5.0,3.0,6.0,9.0,15.0,3.0,8.0,conditional_bounds,
920016644603248640,2023,4,12,30,6,30.0,30.0,6.0,6.0,3.0,4.0,4.0,10.0,7.0,13.0,3.0,9.0,conditional_bounds,
920016644603248640,2023,5,1,30,6,30.0,30.0,6.0,6.0,2.0,8.0,3.0,8.0,3.0,8.0,6.0,12.0,conditional_bounds,
920016644603248640,2023,5,2,30,6,30.0,30.0,6.0,6.0,3.0,7.0,8.0,14.0,6.0,12.0,1.0,3.0,conditional_bounds,
920016644603248640,2023,5,3,30,6,30.0,30.0,6.0,6.0,2.0,6.0,5.0,11.0,8.0,14.0,2.0,5.0,conditional_bounds,
920016644603248640,2023,5,4,30,6,24.0,30.0,0.0,6.0,2.0,6.0,5.0,11.0,5.0,7.0,2.0,6.0,conditional_bounds,
920016644603248640,2023,5,5,30,6,28.0,30.0,4.0,6.0,3.0,7.0,3.0,9.0,5.0,11.0,3.0,7.0,conditional_bounds,
920016644603248640,2023,5,6,30,6,26.0,30.0,2.0,6.0,2.0,4.0,5.0,11.0,6.0,12.0,2.0,5.0,conditional_bounds,
920016644603248640,2023,5,7,30,6,28.0,30.0,4.0,6.0,1.0,6.0,2.0,7.0,13.0,19.0,2.0,2.0,conditional_bounds,
920016644603248640,2023,5,8,30,6,29.0,30.0,5.0,6.0,3.0,7.0,9.0,15.0,4.0,10.0,2.0,3.0,conditional_bounds,
920016644603248640,2023,5,9,30,6,25.0,30.0,1.0,6.0,1.0,2.0,3.0,8.0,12.0,18.0,3.0,3.0,conditional_bounds,
920016644603248640,2023,5,10,30,6,28.0,30.0,4.0,6.0,2.0,8.0,5.0,10.0,5.0,11.0,2.0,5.0,conditional_bounds,
920016644603248640,2023,5,11,30,6,28.0,30.0,4.0,6.0,3.0,5.0,2.0,6.0,9.0,15.0,3.0,8.0,conditional_bounds,
920016644603248640,2023,5,12,30,6,30.0,30.0,6.0,6.0,2.0,4.0,4.0,10.0,7.0,13.0,3.0,9.0,conditional_bounds,
920016644603248640,2023,6,1,30,6,30.0,30.0,6.0,6.0,2.0,8.0,3.0,8.0,4.0,8.0,6.0,12.0,conditional_bounds,
920016644603248640,2023,6,2,30,6,30.0,30.0,6.0,6.0,3.0,7.0,8.0,14.0,6.0,12.0,2.0,3.0,conditional_bounds,
920016644603248640,2023,6,3,30,6,30.0,30.0,6.0,6.0,3.0,6.0,5.0,11.0,8.0,14.0,2.0,5.0,conditional_bounds,
920016644603248640,2023,6,4,30,6,24.0,30.0,0.0,6.0,2.0,6.0,5.0,11.0,6.0,7.0,2.0,6.0,conditional_bounds,
920016644603248640,2023,6,5,30,6,27.0,30.0,3.0,6.0,3.0,7.0,3.0,9.0,5.0,10.0,2.0,7.0,conditional_bounds,
920016644603248640,2023,6,6,30,6,26.0,30.0,2.0,6.0,2.0,4.0,5.0,11.0,6.0,12.0,2.0,5.0,conditional_bounds,
920016644603248640,2023,6,7,30,6,28.0,30.0,4.0,6.0,1.0,6.0,2.0,7.0,13.0,19.0,2.0,2.0,conditional_bounds,
920016644603248640,2023,6,8,30,6,27.0,30.0,3.0,6.0,3.0,6.0,8.0,14.0,4.0,10.0,2.0,3.0,conditional_bounds,
920016644603248640,2023,6,9,30,6,25.0,30.0,1.0,6.0,1.0,2.0,2.0,8.0,12.0,18.0,3.0,3.0,conditional_bounds,
920016644603248640,2023,6,10,30,6,29.0,30.0,5.0,6.0,3.0,8.0,4.0,9.0,5.0,11.0,2.0,7.0,conditional_bounds,
920016644603248640,2023,6,11,30,6,28.0,30.0,4.0,6.0,2.0,5.0,2.0,6.0,9.0,15.0,4.0,8.0,conditional_bounds,
920016644603248640,2023,6,12,30,6,30.0,30.0,6.0,6.0,2.0,5.0,5.0,10.0,7.0,13.0,2.0,8.0,conditional_bounds,
920016644603248640,2023,7,1,30,6,30.0,30.0,6.0,6.0,3.0,9.0,4.0,7.0,4.0,8.0,6.0,12.0,conditional_bounds,
920016644603248640,2023,7,2,30,6,30.0,30.0,6.0,6.0,3.0,7.0,8.0,14.0,6.0,12.0,1.0,3.0,conditional_bounds,
920016644603248640,2023,7,3,30,6,30.0,30.0,6.0,6.0,3.0,6.0,5.0,11.0,8.0,14.0,2.0,5.0,conditional_bounds,
920016644603248640,2023,7,4,30,6,24.0,30.0,0.0,6.0,1.0,6.0,5.0,11.0,6.0,7.0,3.0,6.0,conditional_bounds,
920016644603248640,2023,7,5,30,6,27.0,30.0,3.0,6.0,3.0,7.0,3.0,9.0,4.0,10.0,2.0,7.0,conditional_bounds,
920016644603248640,2023,7,6,30,6,26.0,30.0,2.0,6.0,2.0,4.0,5.0,11.0,6.0,12.0,2.0,5.0,conditional_bounds,
920016644603248640,2023,7,7,30,6,29.0,30.0,5.0,6.0,1.0,5.0,3.0,8.0,13.0,19.0,2.0,3.0,conditional_bounds,
920016644603248640,2023,7,8,30,6,29.0,30.0,5.0,6.0,2.0,8.0,8.0,14.0,4.0,10.0,2.0,3.0,conditional_bounds,
920016644603248640,2023,7,9,30,6,25.0,30.0,1.0,6.0,1.0,2.0,2.0,8.0,12.0,18.0,3.0,3.0,conditional_bounds,
920016644603248640,2023,7,10,30,6,29.0,30.0,5.0,6.0,3.0,8.0,4.0,9.0,5.0,11.0,2.0,7.0,conditional_bounds,
920016644603248640,2023,7,11,30,6,28.0,30.0,4.0,6.0,3.0,5.0,2.0,6.0,9.0,15.0,4.0,8.0,conditional_bounds,
920016644603248640,2023,7,12,30,6,30.0,30.0,6.0,6.0,2.0,5.0,5.0,10.0,7.0,13.0,2.0,8.0,conditional_bounds,
920016644603248640,2023,8,1,30,6,30.0,30.0,6.0,6.0,3.0,9.0,3.0,7.0,4.0,8.0,6.0,12.0,conditional_bounds,
920016644603248640,2023,8,2,30,6,30.0,30.0,6.0,6.0,3.0,7.0,8.0,14.0,6.0,12.0,1.0,3.0,conditional_bounds,
920016644603248640,2023,8,3,30,6,30.0,30.0,6.0,6.0,3.0,6.0,4.0,10.0,9.0,15.0,2.0,5.0,conditional_bounds,
920016644603248640,2023,8,4,30,6,24.0,30.0,0.0,6.0,2.0,6.0,5.0,11.0,5.0,7.0,3.0,6.0,conditional_bounds,
920016644603248640,2023,8,5,30,6,27.0,30.0,3.0,6.0,3.0,7.0,3.0,9.0,4.0,10.0,2.0,7.0,conditional_bounds,
920016644603248640,2023,8,6,30,6,26.0,30.0,2.0,6.0,2.0,4.0,5.0,11.0,6.0,12.0,2.0,5.0,conditional_bounds,
920016644603248640,2023,8,7,30,6,29.0,30.0,5.0,6.0,1.0,5.0,3.0,8.0,13.0,19.0,2.0,3.0,conditional_bounds,
920016644603248640,2023,8,8,30,6,29.0,30.0,5.0,6.0,2.0,7.0,9.0,15.0,4.0,10.0,3.0,3.0,conditional_bounds,
920016644603248640,2023,8,9,30,6,25.0,30.0,1.0,6.0,1.0,2.0,3.0,8.0,12.0,18.0,2.0,3.0,conditional_bounds,
920016644603248640,2023,8,10,30,6,29.0,30.0,5.0,6.0,3.0,8.0,4.0,9.0,6.0,12.0,2.0,6.0,conditional_bounds,
920016644603248640,2023,8,11,30,6,28.0,30.0,4.0,6.0,2.0,5.0,2.0,6.0,10.0,16.0,4.0,7.0,conditional_bounds,
920016644603248640,2023,8,12,30,6,30.0,30.0,6.0,6.0,3.0,5.0,4.0,10.0,7.0,13.0,2.0,8.0,conditional_bounds,
920016644603248640,2023,9,1,30,6,30.0,30.0,6.0,6.0,3.0,9.0,2.0,7.0,5.0,8.0,6.0,12.0,conditional_bounds,
920016644603248640,2023,9,2,30,6,30.0,30.0,6.0,6.0,3.0,7.0,8.0,14.0,6.0,12.0,1.0,3.0,conditional_bounds,
920016644603248640,2023,9,3,30,6,30.0,30.0,6.0,6.0,2.0,6.0,4.0,10.0,9.0,15.0,2.0,5.0,conditional_bounds,
920016644603248640,2023,9,4,30,6,24.0,30.0,0.0,6.0,1.0,6.0,5.0,11.0,5.0,7.0,4.0,6.0,conditional_bounds,
920016644603248640,2023,9,5,30,6,27.0,30.0,3.0,6.0,3.0,7.0,3.0,9.0,4.0,10.0,3.0,7.0,conditional_bounds,
920016644603248640,2023,9,6,30,6,26.0,30.0,2.0,6.0,3.0,3.0,5.0,11.0,6.0,12.0,2.0,6.0,conditional_bounds,
920016644603248640,2023,9,7,30,6,29.0,30.0,5.0,6.0,1.0,6.0,3.0,9.0,12.0,18.0,2.0,2.0,conditional_bounds,
920016644603248640,2023,9,8,30,6,29.0,30.0,5.0,6.0,2.0,8.0,9.0,15.0,4.0,9.0,3.0,3.0,conditional_bounds,
920016644603248640,2023,9,9,30,6,25.0,30.0,1.0,6.0,1.0,2.0,3.0,8.0,12.0,18.0,2.0,3.0,conditional_bounds,
920016644603248640,2023,9,10,30,6,30.0,30.0,6.0,6.0,2.0,7.0,4.0,10.0,7.0,13.0,2.0,6.0,conditional_bounds,
920016644603248640,2023,9,11,30,6,28.0,30.0,4.0,6.0,3.0,5.0,2.0,6.0,10.0,16.0,3.0,7.0,conditional_bounds,
920016644603248640,2023,9,12,30,6,30.0,30.0,6.0,6.0,3.0,5.0,4.0,10.0,7.0,13.0,2.0,8.0,conditional_bounds,
920016644603248640,2023,10,1,30,6,30.0,30.0,6.0,6.0,3.0,9.0,2.0,7.0,5.0,8.0,6.0,12.0,conditional_bounds,
920016644603248640,2023,10,2,30,6,30.0,30.0,6.0,6.0,3.0,7.0,8.0,14.0,6.0,12.0,1.0,3.0,conditional_bounds,
920016644603248640,2023,10,3,30,6,,,,,,,,,,,,,incompatible,Snapshot incompatible with supplied capacity
920016644603248640,2023,10,4,30,6,24.0,30.0,0.0,6.0,2.0,6.0,5.0,11.0,5.0,7.0,3.0,6.0,conditional_bounds,
920016644603248640,2023,10,5,30,6,27.0,30.0,3.0,6.0,3.0,7.0,3.0,9.0,4.0,10.0,3.0,7.0,conditional_bounds,
920016644603248640,2023,10,6,30,6,26.0,30.0,2.0,6.0,1.0,3.0,4.0,10.0,8.0,14.0,3.0,5.0,conditional_bounds,
920016644603248640,2023,10,7,30,6,30.0,30.0,6.0,6.0,1.0,6.0,3.0,9.0,13.0,19.0,2.0,2.0,conditional_bounds,
920016644603248640,2023,10,8,30,6,28.0,30.0,4.0,6.0,3.0,8.0,8.0,14.0,3.0,9.0,3.0,3.0,conditional_bounds,
920016644603248640,2023,10,9,30,6,25.0,30.0,1.0,6.0,1.0,2.0,3.0,8.0,12.0,18.0,2.0,3.0,conditional_bounds,
920016644603248640,2023,10,10,30,6,,,,,,,,,,,,,incompatible,Snapshot incompatible with supplied capacity
920016644603248640,2023,10,11,30,6,29.0,30.0,5.0,6.0,3.0,5.0,2.0,6.0,11.0,17.0,2.0,7.0,conditional_bounds,
920016644603248640,2023,10,12,30,6,30.0,30.0,6.0,6.0,2.0,5.0,5.0,10.0,7.0,13.0,2.0,8.0,conditional_bounds,
920016644603248640,2023,11,1,30,6,30.0,30.0,6.0,6.0,3.0,9.0,2.0,7.0,4.0,8.0,6.0,12.0,conditional_bounds,
920016644603248640,2023,11,2,30,6,29.0,30.0,5.0,6.0,3.0,7.0,8.0,14.0,5.0,11.0,1.0,3.0,conditional_bounds,
920016644603248640,2023,11,3,30,6,30.0,30.0,6.0,6.0,3.0,6.0,5.0,11.0,8.0,14.0,2.0,5.0,conditional_bounds,
920016644603248640,2023,11,4,30,6,24.0,30.0,0.0,6.0,2.0,6.0,5.0,11.0,5.0,7.0,2.0,6.0,conditional_bounds,
920016644603248640,2023,11,5,30,6,27.0,30.0,3.0,6.0,3.0,7.0,3.0,9.0,4.0,10.0,2.0,7.0,conditional_bounds,
920016644603248640,2023,11,6,30,6,26.0,30.0,2.0,6.0,2.0,3.0,4.0,10.0,8.0,14.0,2.0,5.0,conditional_bounds,
920016644603248640,2023,11,7,30,6,27.0,30.0,3.0,6.0,1.0,6.0,2.0,7.0,12.0,18.0,2.0,2.0,conditional_bounds,
920016644603248640,2023,11,8,30,6,26.0,30.0,2.0,6.0,3.0,6.0,9.0,15.0,3.0,8.0,3.0,3.0,conditional_bounds,
920016644603248640,2023,11,9,30,6,25.0,30.0,1.0,6.0,1.0,2.0,3.0,8.0,12.0,18.0,2.0,3.0,conditional_bounds,
920016644603248640,2023,11,10,30,6,29.0,30.0,5.0,6.0,2.0,7.0,5.0,9.0,7.0,13.0,2.0,6.0,conditional_bounds,
920016644603248640,2023,11,11,30,6,29.0,30.0,5.0,6.0,2.0,5.0,2.0,6.0,11.0,17.0,2.0,7.0,conditional_bounds,
920016644603248640,2023,11,12,30,6,29.0,30.0,5.0,6.0,3.0,5.0,4.0,9.0,7.0,13.0,2.0,8.0,conditional_bounds,
920016644603248640,2023,12,1,30,6,28.0,30.0,4.0,6.0,3.0,8.0,2.0,7.0,5.0,9.0,4.0,10.0,conditional_bounds,
920016644603248640,2023,12,2,30,6,29.0,30.0,5.0,6.0,3.0,7.0,8.0,14.0,5.0,11.0,1.0,3.0,conditional_bounds,
920016644603248640,2023,12,3,30,6,30.0,30.0,6.0,6.0,3.0,6.0,6.0,12.0,8.0,14.0,2.0,4.0,conditional_bounds,
920016644603248640,2023,12,4,30,6,24.0,30.0,0.0,6.0,2.0,6.0,5.0,11.0,5.0,7.0,2.0,6.0,conditional_bounds,
920016644603248640,2023,12,5,30,6,27.0,30.0,3.0,6.0,3.0,7.0,3.0,9.0,4.0,10.0,2.0,7.0,conditional_bounds,
920016644603248640,2023,12,6,30,6,26.0,30.0,2.0,6.0,2.0,3.0,4.0,10.0,8.0,14.0,2.0,5.0,conditional_bounds,
920016644603248640,2023,12,7,30,6,29.0,30.0,5.0,6.0,1.0,7.0,2.0,7.0,12.0,18.0,2.0,3.0,conditional_bounds,
920016644603248640,2023,12,8,30,6,26.0,30.0,2.0,6.0,3.0,6.0,9.0,15.0,4.0,8.0,2.0,3.0,conditional_bounds,
920016644603248640,2023,12,9,30,6,25.0,30.0,1.0,6.0,1.0,3.0,3.0,8.0,11.0,17.0,2.0,3.0,conditional_bounds,
920016644603248640,2023,12,10,30,6,29.0,30.0,5.0,6.0,1.0,7.0,6.0,9.0,7.0,13.0,2.0,6.0,conditional_bounds,
920016644603248640,2023,12,11,30,6,29.0,30.0,5.0,6.0,2.0,5.0,2.0,6.0,11.0,17.0,2.0,7.0,conditional_bounds,
920016644603248640,2023,12,12,30,6,29.0,30.0,5.0,6.0,2.0,5.0,4.0,9.0,7.0,13.0,2.0,8.0,conditional_bounds,
920016644603248640,2023,13,1,30,6,28.0,30.0,4.0,6.0,3.0,8.0,2.0,7.0,5.0,9.0,4.0,10.0,conditional_bounds,
920016644603248640,2023,13,2,30,6,29.0,30.0,5.0,6.0,3.0,7.0,8.0,14.0,5.0,11.0,1.0,3.0,conditional_bounds,
920016644603248640,2023,13,3,30,6,30.0,30.0,6.0,6.0,3.0,6.0,6.0,12.0,8.0,14.0,2.0,4.0,conditional_bounds,
920016644603248640,2023,13,4,30,6,24.0,30.0,0.0,6.0,2.0,6.0,5.0,11.0,4.0,7.0,3.0,6.0,conditional_bounds,
920016644603248640,2023,13,5,30,6,27.0,30.0,3.0,6.0,3.0,7.0,3.0,9.0,4.0,10.0,2.0,7.0,conditional_bounds,
920016644603248640,2023,13,6,30,6,26.0,30.0,2.0,6.0,2.0,3.0,4.0,10.0,8.0,14.0,2.0,5.0,conditional_bounds,
920016644603248640,2023,13,7,30,6,30.0,30.0,6.0,6.0,2.0,7.0,2.0,8.0,12.0,18.0,2.0,3.0,conditional_bounds,
920016644603248640,2023,13,8,30,6,28.0,30.0,4.0,6.0,1.0,6.0,9.0,15.0,5.0,9.0,2.0,4.0,conditional_bounds,
920016644603248640,2023,13,9,30,6,25.0,30.0,1.0,6.0,1.0,3.0,3.0,8.0,11.0,17.0,2.0,3.0,conditional_bounds,
920016644603248640,2023,13,10,30,6,29.0,30.0,5.0,6.0,1.0,7.0,5.0,9.0,7.0,13.0,3.0,6.0,conditional_bounds,
920016644603248640,2023,13,11,30,6,29.0,30.0,5.0,6.0,1.0,5.0,3.0,6.0,11.0,17.0,3.0,7.0,conditional_bounds,
920016644603248640,2023,13,12,30,6,29.0,30.0,5.0,6.0,2.0,5.0,4.0,9.0,6.0,12.0,3.0,9.0,conditional_bounds,
920016644603248640,2023,14,1,30,6,29.0,30.0,5.0,6.0,2.0,8.0,3.0,7.0,5.0,10.0,4.0,10.0,conditional_bounds,
920016644603248640,2023,14,2,30,6,29.0,30.0,5.0,6.0,3.0,7.0,8.0,14.0,5.0,11.0,1.0,3.0,conditional_bounds,
920016644603248640,2023,14,3,30,6,29.0,30.0,5.0,6.0,2.0,7.0,4.0,10.0,8.0,14.0,2.0,4.0,conditional_bounds,
920016644603248640,2023,14,4,30,6,23.0,29.0,0.0,6.0,2.0,5.0,5.0,11.0,5.0,7.0,2.0,6.0,conditional_bounds,
920016644603248640,2023,14,5,30,6,27.0,30.0,3.0,6.0,3.0,7.0,3.0,9.0,5.0,10.0,2.0,7.0,conditional_bounds,
920016644603248640,2023,14,6,30,6,26.0,30.0,2.0,6.0,2.0,3.0,4.0,10.0,8.0,14.0,2.0,5.0,conditional_bounds,
920016644603248640,2023,14,7,30,6,30.0,30.0,6.0,6.0,2.0,8.0,2.0,7.0,12.0,18.0,2.0,3.0,conditional_bounds,
920016644603248640,2023,14,8,30,6,28.0,30.0,4.0,6.0,3.0,6.0,8.0,14.0,4.0,9.0,2.0,5.0,conditional_bounds,
920016644603248640,2023,14,9,30,6,25.0,30.0,1.0,6.0,1.0,3.0,3.0,8.0,11.0,17.0,2.0,3.0,conditional_bounds,
920016644603248640,2023,14,10,30,6,29.0,30.0,5.0,6.0,1.0,7.0,4.0,9.0,7.0,13.0,2.0,6.0,conditional_bounds,
920016644603248640,2023,14,11,30,6,29.0,30.0,5.0,6.0,2.0,6.0,2.0,6.0,10.0,16.0,4.0,7.0,conditional_bounds,
920016644603248640,2023,14,12,30,6,29.0,30.0,5.0,6.0,1.0,5.0,4.0,9.0,6.0,12.0,3.0,9.0,conditional_bounds,
1048274355802820608,2024,3,1,30,6,30.0,30.0,6.0,6.0,3.0,6.0,5.0,11.0,8.0,14.0,2.0,5.0,conditional_bounds,
1048274355802820608,2024,3,2,30,6,29.0,30.0,5.0,6.0,3.0,7.0,7.0,13.0,4.0,10.0,2.0,5.0,conditional_bounds,
1048274355802820608,2024,3,3,30,6,27.0,30.0,3.0,6.0,3.0,8.0,2.0,7.0,8.0,14.0,2.0,4.0,conditional_bounds,
1048274355802820608,2024,3,4,30,6,25.0,30.0,1.0,6.0,3.0,7.0,4.0,10.0,5.0,9.0,2.0,5.0,conditional_bounds,
1048274355802820608,2024,3,5,30,6,29.0,30.0,5.0,6.0,2.0,6.0,5.0,9.0,8.0,14.0,2.0,6.0,conditional_bounds,
1048274355802820608,2024,3,6,30,6,29.0,30.0,5.0,6.0,2.0,6.0,3.0,9.0,8.0,14.0,2.0,6.0,conditional_bounds,
1048274355802820608,2024,3,7,30,6,27.0,30.0,3.0,6.0,2.0,6.0,2.0,8.0,11.0,17.0,2.0,2.0,conditional_bounds,
1048274355802820608,2024,3,8,30,6,30.0,30.0,6.0,6.0,7.0,13.0,6.0,12.0,4.0,7.0,2.0,4.0,conditional_bounds,
1048274355802820608,2024,3,9,30,6,26.0,30.0,2.0,6.0,1.0,3.0,4.0,10.0,10.0,16.0,2.0,3.0,conditional_bounds,
1048274355802820608,2024,3,10,30,6,29.0,30.0,5.0,6.0,3.0,6.0,4.0,8.0,6.0,12.0,3.0,9.0,conditional_bounds,
1048274355802820608,2024,3,11,30,6,27.0,30.0,3.0,6.0,2.0,4.0,3.0,9.0,4.0,10.0,5.0,9.0,conditional_bounds,
1048274355802820608,2024,3,12,30,6,29.0,30.0,5.0,6.0,2.0,4.0,4.0,8.0,6.0,12.0,5.0,11.0,conditional_bounds,
1048274355802820608,2024,4,1,30,6,30.0,30.0,6.0,6.0,3.0,6.0,5.0,11.0,8.0,14.0,2.0,5.0,conditional_bounds,
1048274355802820608,2024,4,2,30,6,29.0,30.0,5.0,6.0,3.0,7.0,7.0,13.0,4.0,10.0,2.0,5.0,conditional_bounds,
1048274355802820608,2024,4,3,30,6,27.0,30.0,3.0,6.0,3.0,8.0,2.0,7.0,8.0,14.0,2.0,4.0,conditional_bounds,
1048274355802820608,2024,4,4,30,6,25.0,30.0,1.0,6.0,3.0,7.0,4.0,10.0,5.0,9.0,2.0,5.0,conditional_bounds,
1048274355802820608,2024,4,5,30,6,30.0,30.0,6.0,6.0,3.0,6.0,4.0,9.0,9.0,15.0,2.0,6.0,conditional_bounds,
1048274355802820608,2024,4,6,30,6,28.0,30.0,4.0,6.0,2.0,6.0,3.0,8.0,8.0,14.0,2.0,6.0,conditional_bounds,
1048274355802820608,2024,4,7,30,6,27.0,30.0,3.0,6.0,2.0,6.0,2.0,8.0,11.0,17.0,2.0,2.0,conditional_bounds,
1048274355802820608,2024,4,8,30,6,30.0,30.0,6.0,6.0,7.0,13.0,6.0,12.0,5.0,6.0,2.0,5.0,conditional_bounds,
1048274355802820608,2024,4,9,30,6,26.0,30.0,2.0,6.0,1.0,3.0,4.0,10.0,10.0,16.0,3.0,3.0,conditional_bounds,
1048274355802820608,2024,4,10,30,6,29.0,30.0,5.0,6.0,3.0,6.0,4.0,8.0,6.0,12.0,3.0,9.0,conditional_bounds,
1048274355802820608,2024,4,11,30,6,27.0,30.0,3.0,6.0,2.0,4.0,3.0,9.0,4.0,10.0,4.0,9.0,conditional_bounds,
1048274355802820608,2024,4,12,30,6,29.0,30.0,5.0,6.0,2.0,4.0,4.0,8.0,6.0,12.0,5.0,11.0,conditional_bounds,
1048274355802820608,2024,5,1,30,6,30.0,30.0,6.0,6.0,3.0,6.0,5.0,11.0,8.0,14.0,2.0,5.0,conditional_bounds,
1048274355802820608,2024,5,2,30,6,29.0,30.0,5.0,6.0,2.0,7.0,7.0,13.0,4.0,10.0,2.0,5.0,conditional_bounds,
1048274355802820608,2024,5,3,30,6,28.0,30.0,4.0,6.0,3.0,8.0,2.0,7.0,9.0,15.0,2.0,4.0,conditional_bounds,
1048274355802820608,2024,5,4,30,6,26.0,30.0,2.0,6.0,3.0,7.0,5.0,11.0,5.0,9.0,2.0,5.0,conditional_bounds,
1048274355802820608,2024,5,5,30,6,30.0,30.0,6.0,6.0,3.0,6.0,3.0,9.0,9.0,15.0,2.0,6.0,conditional_bounds,
1048274355802820608,2024,5,6,30,6,28.0,30.0,4.0,6.0,1.0,6.0,4.0,8.0,8.0,14.0,2.0,6.0,conditional_bounds,
1048274355802820608,2024,5,7,30,6,27.0,30.0,3.0,6.0,2.0,6.0,2.0,8.0,11.0,17.0,2.0,2.0,conditional_bounds,
1048274355802820608,2024,5,8,30,6,29.0,30.0,5.0,6.0,6.0,12.0,7.0,13.0,5.0,6.0,2.0,4.0,conditional_bounds,
1048274355802820608,2024,5,9,30,6,26.0,30.0,2.0,6.0,1.0,3.0,4.0,10.0,10.0,16.0,3.0,3.0,conditional_bounds,
1048274355802820608,2024,5,10,30,6,29.0,30.0,5.0,6.0,3.0,6.0,3.0,7.0,7.0,13.0,3.0,9.0,conditional_bounds,
1048274355802820608,2024,5,11,30,6,27.0,30.0,3.0,6.0,2.0,4.0,3.0,9.0,4.0,10.0,3.0,9.0,conditional_bounds,
1048274355802820608,2024,5,12,30,6,29.0,30.0,5.0,6.0,2.0,4.0,4.0,8.0,6.0,12.0,5.0,11.0,conditional_bounds,
1048274355802820608,2024,6,1,30,6,30.0,30.0,6.0,6.0,3.0,6.0,5.0,11.0,8.0,14.0,2.0,5.0,conditional_bounds,
1048274355802820608,2024,6,2,30,6,29.0,30.0,5.0,6.0,3.0,7.0,7.0,13.0,4.0,10.0,1.0,5.0,conditional_bounds,
1048274355802820608,2024,6,3,30,6,28.0,30.0,4.0,6.0,3.0,8.0,2.0,7.0,9.0,15.0,2.0,4.0,conditional_bounds,
1048274355802820608,2024,6,4,30,6,26.0,30.0,2.0,6.0,2.0,7.0,5.0,11.0,6.0,9.0,2.0,5.0,conditional_bounds,
1048274355802820608,2024,6,5,30,6,30.0,30.0,6.0,6.0,3.0,6.0,3.0,9.0,10.0,16.0,2.0,5.0,conditional_bounds,
1048274355802820608,2024,6,6,30,6,28.0,30.0,4.0,6.0,1.0,6.0,4.0,8.0,8.0,14.0,2.0,6.0,conditional_bounds,
1048274355802820608,2024,6,7,30,6,28.0,30.0,4.0,6.0,1.0,6.0,2.0,8.0,12.0,18.0,2.0,2.0,conditional_bounds,
1048274355802820608,2024,6,8,30,6,30.0,30.0,6.0,6.0,7.0,13.0,7.0,13.0,3.0,6.0,2.0,4.0,conditional_bounds,
1048274355802820608,2024,6,9,30,6,26.0,30.0,2.0,6.0,1.0,3.0,4.0,10.0,10.0,16.0,2.0,3.0,conditional_bounds,
1048274355802820608,2024,6,10,30,6,30.0,30.0,6.0,6.0,2.0,6.0,4.0,7.0,8.0,14.0,3.0,9.0,conditional_bounds,
1048274355802820608,2024,6,11,30,6,27.0,30.0,3.0,6.0,2.0,4.0,3.0,9.0,5.0,10.0,3.0,9.0,conditional_bounds,
1048274355802820608,2024,6,12,30,6,29.0,30.0,5.0,6.0,1.0,4.0,3.0,8.0,6.0,12.0,5.0,11.0,conditional_bounds,
1048274355802820608,2024,7,1,30,6,30.0,30.0,6.0,6.0,2.0,6.0,5.0,11.0,8.0,14.0,2.0,5.0,conditional_bounds,
1048274355802820608,2024,7,2,30,6,29.0,30.0,5.0,6.0,3.0,7.0,7.0,13.0,4.0,10.0,1.0,5.0,conditional_bounds,
1048274355802820608,2024,7,3,30,6,28.0,30.0,4.0,6.0,3.0,8.0,2.0,7.0,9.0,15.0,2.0,4.0,conditional_bounds,
1048274355802820608,2024,7,4,30,6,26.0,30.0,2.0,6.0,2.0,7.0,5.0,11.0,4.0,9.0,3.0,5.0,conditional_bounds,
1048274355802820608,2024,7,5,30,6,30.0,30.0,6.0,6.0,3.0,5.0,3.0,9.0,11.0,17.0,2.0,5.0,conditional_bounds,
1048274355802820608,2024,7,6,30,6,28.0,30.0,4.0,6.0,2.0,6.0,3.0,8.0,8.0,14.0,2.0,6.0,conditional_bounds,
1048274355802820608,2024,7,7,30,6,28.0,30.0,4.0,6.0,2.0,6.0,2.0,8.0,12.0,18.0,2.0,2.0,conditional_bounds,
1048274355802820608,2024,7,8,30,6,30.0,30.0,6.0,6.0,7.0,13.0,7.0,13.0,4.0,6.0,3.0,4.0,conditional_bounds,
1048274355802820608,2024,7,9,30,6,26.0,30.0,2.0,6.0,1.0,3.0,4.0,10.0,10.0,16.0,3.0,3.0,conditional_bounds,
1048274355802820608,2024,7,10,30,6,30.0,30.0,6.0,6.0,2.0,6.0,5.0,7.0,8.0,14.0,3.0,9.0,conditional_bounds,
1048274355802820608,2024,7,11,30,6,27.0,30.0,3.0,6.0,2.0,4.0,3.0,9.0,6.0,10.0,3.0,9.0,conditional_bounds,
1048274355802820608,2024,7,12,30,6,29.0,30.0,5.0,6.0,2.0,4.0,4.0,8.0,6.0,12.0,5.0,11.0,conditional_bounds,
1048274355802820608,2024,8,1,30,6,30.0,30.0,6.0,6.0,3.0,6.0,6.0,12.0,7.0,13.0,2.0,5.0,conditional_bounds,
1048274355802820608,2024,8,2,30,6,28.0,30.0,4.0,6.0,3.0,7.0,6.0,12.0,5.0,10.0,2.0,5.0,conditional_bounds,
1048274355802820608,2024,8,3,30,6,28.0,30.0,4.0,6.0,3.0,8.0,3.0,7.0,9.0,15.0,2.0,4.0,conditional_bounds,
1048274355802820608,2024,8,4,30,6,26.0,30.0,2.0,6.0,2.0,7.0,5.0,11.0,4.0,9.0,3.0,5.0,conditional_bounds,
1048274355802820608,2024,8,5,30,6,30.0,30.0,6.0,6.0,3.0,5.0,3.0,9.0,11.0,17.0,2.0,5.0,conditional_bounds,
1048274355802820608,2024,8,6,30,6,28.0,30.0,4.0,6.0,1.0,6.0,4.0,8.0,8.0,14.0,2.0,6.0,conditional_bounds,
1048274355802820608,2024,8,7,30,6,29.0,30.0,5.0,6.0,2.0,5.0,2.0,8.0,14.0,20.0,2.0,2.0,conditional_bounds,
1048274355802820608,2024,8,8,30,6,30.0,30.0,6.0,6.0,7.0,13.0,7.0,13.0,4.0,6.0,2.0,4.0,conditional_bounds,
1048274355802820608,2024,8,9,30,6,26.0,30.0,2.0,6.0,1.0,3.0,4.0,10.0,10.0,16.0,3.0,3.0,conditional_bounds,
1048274355802820608,2024,8,10,30,6,30.0,30.0,6.0,6.0,1.0,6.0,5.0,7.0,8.0,14.0,3.0,9.0,conditional_bounds,
1048274355802820608,2024,8,11,30,6,27.0,30.0,3.0,6.0,2.0,4.0,3.0,9.0,4.0,10.0,4.0,9.0,conditional_bounds,
1048274355802820608,2024,8,12,30,6,29.0,30.0,5.0,6.0,2.0,4.0,4.0,8.0,6.0,12.0,5.0,11.0,conditional_bounds,
1048274355802820608,2024,9,1,30,6,30.0,30.0,6.0,6.0,3.0,6.0,6.0,12.0,7.0,13.0,2.0,5.0,conditional_bounds,
1048274355802820608,2024,9,2,30,6,28.0,30.0,4.0,6.0,2.0,7.0,6.0,12.0,6.0,10.0,2.0,5.0,conditional_bounds,
1048274355802820608,2024,9,3,30,6,28.0,30.0,4.0,6.0,3.0,8.0,3.0,7.0,9.0,15.0,2.0,4.0,conditional_bounds,
1048274355802820608,2024,9,4,30,6,26.0,30.0,2.0,6.0,2.0,7.0,5.0,11.0,4.0,9.0,3.0,5.0,conditional_bounds,
1048274355802820608,2024,9,5,30,6,30.0,30.0,6.0,6.0,3.0,5.0,3.0,9.0,11.0,17.0,2.0,5.0,conditional_bounds,
1048274355802820608,2024,9,6,30,6,28.0,30.0,4.0,6.0,1.0,6.0,4.0,8.0,8.0,14.0,2.0,6.0,conditional_bounds,
1048274355802820608,2024,9,7,30,6,30.0,30.0,6.0,6.0,1.0,4.0,2.0,8.0,16.0,22.0,2.0,2.0,conditional_bounds,
1048274355802820608,2024,9,8,30,6,30.0,30.0,6.0,6.0,6.0,12.0,8.0,14.0,3.0,6.0,3.0,4.0,conditional_bounds,
1048274355802820608,2024,9,9,30,6,26.0,30.0,2.0,6.0,1.0,3.0,4.0,10.0,10.0,16.0,3.0,3.0,conditional_bounds,
1048274355802820608,2024,9,10,30,6,30.0,30.0,6.0,6.0,1.0,6.0,5.0,7.0,8.0,14.0,3.0,9.0,conditional_bounds,
1048274355802820608,2024,9,11,30,6,30.0,30.0,6.0,6.0,2.0,4.0,3.0,9.0,6.0,12.0,4.0,10.0,conditional_bounds,
1048274355802820608,2024,9,12,30,6,29.0,30.0,5.0,6.0,1.0,4.0,5.0,8.0,6.0,12.0,5.0,11.0,conditional_bounds,
1048274355802820608,2024,10,1,30,6,30.0,30.0,6.0,6.0,3.0,6.0,6.0,12.0,7.0,13.0,2.0,5.0,conditional_bounds,
1048274355802820608,2024,10,2,30,6,28.0,30.0,4.0,6.0,2.0,7.0,6.0,12.0,6.0,10.0,2.0,5.0,conditional_bounds,
1048274355802820608,2024,10,3,30,6,29.0,30.0,5.0,6.0,3.0,8.0,3.0,8.0,9.0,15.0,2.0,4.0,conditional_bounds,
1048274355802820608,2024,10,4,30,6,26.0,30.0,2.0,6.0,1.0,7.0,5.0,11.0,5.0,9.0,3.0,5.0,conditional_bounds,
1048274355802820608,2024,10,5,30,6,30.0,30.0,6.0,6.0,2.0,5.0,3.0,9.0,11.0,17.0,3.0,5.0,conditional_bounds,
1048274355802820608,2024,10,6,30,6,28.0,30.0,4.0,6.0,1.0,6.0,4.0,8.0,8.0,14.0,2.0,6.0,conditional_bounds,
1048274355802820608,2024,10,7,30,6,29.0,30.0,5.0,6.0,2.0,4.0,2.0,7.0,16.0,22.0,2.0,2.0,conditional_bounds,
1048274355802820608,2024,10,8,30,6,30.0,30.0,6.0,6.0,6.0,12.0,8.0,14.0,5.0,6.0,2.0,4.0,conditional_bounds,
1048274355802820608,2024,10,9,30,6,26.0,30.0,2.0,6.0,1.0,3.0,4.0,10.0,10.0,16.0,3.0,3.0,conditional_bounds,
1048274355802820608,2024,10,10,30,6,30.0,30.0,6.0,6.0,2.0,6.0,5.0,7.0,8.0,14.0,3.0,9.0,conditional_bounds,
1048274355802820608,2024,10,11,30,6,30.0,30.0,6.0,6.0,2.0,4.0,3.0,9.0,6.0,12.0,4.0,10.0,conditional_bounds,
1048274355802820608,2024,10,12,30,6,29.0,30.0,5.0,6.0,1.0,4.0,3.0,8.0,6.0,12.0,5.0,11.0,conditional_bounds,
1048274355802820608,2024,11,1,30,6,30.0,30.0,6.0,6.0,3.0,6.0,6.0,12.0,7.0,13.0,2.0,5.0,conditional_bounds,
1048274355802820608,2024,11,2,30,6,28.0,30.0,4.0,6.0,3.0,7.0,6.0,12.0,5.0,10.0,2.0,5.0,conditional_bounds,
1048274355802820608,2024,11,3,30,6,29.0,30.0,5.0,6.0,3.0,8.0,3.0,8.0,9.0,15.0,2.0,4.0,conditional_bounds,
1048274355802820608,2024,11,4,30,6,26.0,30.0,2.0,6.0,2.0,7.0,5.0,11.0,6.0,9.0,2.0,5.0,conditional_bounds,
1048274355802820608,2024,11,5,30,6,,,,,,,,,,,,,incompatible,Snapshot incompatible with supplied capacity
1048274355802820608,2024,11,6,30,6,28.0,30.0,4.0,6.0,2.0,6.0,4.0,8.0,8.0,14.0,2.0,6.0,conditional_bounds,
1048274355802820608,2024,11,7,30,6,29.0,30.0,5.0,6.0,1.0,4.0,2.0,7.0,16.0,22.0,2.0,2.0,conditional_bounds,
1048274355802820608,2024,11,8,30,6,30.0,30.0,6.0,6.0,6.0,12.0,6.0,12.0,4.0,7.0,2.0,5.0,conditional_bounds,
1048274355802820608,2024,11,9,30,6,26.0,30.0,2.0,6.0,1.0,3.0,4.0,10.0,10.0,16.0,2.0,3.0,conditional_bounds,
1048274355802820608,2024,11,10,30,6,30.0,30.0,6.0,6.0,2.0,6.0,6.0,7.0,8.0,14.0,3.0,9.0,conditional_bounds,
1048274355802820608,2024,11,11,30,6,30.0,30.0,6.0,6.0,1.0,4.0,3.0,9.0,6.0,12.0,5.0,10.0,conditional_bounds,
1048274355802820608,2024,11,12,30,6,30.0,30.0,6.0,6.0,1.0,4.0,4.0,8.0,7.0,13.0,5.0,11.0,conditional_bounds,
1048274355802820608,2024,12,1,30,6,30.0,30.0,6.0,6.0,3.0,7.0,5.0,11.0,7.0,13.0,3.0,5.0,conditional_bounds,
1048274355802820608,2024,12,2,30,6,28.0,30.0,4.0,6.0,2.0,7.0,6.0,12.0,5.0,10.0,2.0,5.0,conditional_bounds,
1048274355802820608,2024,12,3,30,6,29.0,30.0,5.0,6.0,3.0,8.0,3.0,8.0,9.0,15.0,2.0,4.0,conditional_bounds,
1048274355802820608,2024,12,4,30,6,26.0,30.0,2.0,6.0,2.0,7.0,5.0,11.0,5.0,9.0,3.0,5.0,conditional_bounds,
1048274355802820608,2024,12,5,30,6,30.0,30.0,6.0,6.0,3.0,6.0,3.0,9.0,10.0,16.0,2.0,5.0,conditional_bounds,
1048274355802820608,2024,12,6,30,6,28.0,30.0,4.0,6.0,2.0,6.0,4.0,8.0,8.0,14.0,2.0,6.0,conditional_bounds,
1048274355802820608,2024,12,7,30,6,29.0,30.0,5.0,6.0,2.0,4.0,2.0,7.0,16.0,22.0,2.0,2.0,conditional_bounds,
1048274355802820608,2024,12,8,30,6,30.0,30.0,6.0,6.0,6.0,12.0,6.0,12.0,4.0,7.0,3.0,5.0,conditional_bounds,
1048274355802820608,2024,12,9,30,6,26.0,30.0,2.0,6.0,1.0,3.0,4.0,10.0,10.0,16.0,3.0,3.0,conditional_bounds,
1048274355802820608,2024,12,10,30,6,30.0,30.0,6.0,6.0,1.0,6.0,4.0,7.0,8.0,14.0,3.0,9.0,conditional_bounds,
1048274355802820608,2024,12,11,30,6,30.0,30.0,6.0,6.0,1.0,4.0,3.0,9.0,6.0,12.0,4.0,10.0,conditional_bounds,
1048274355802820608,2024,12,12,30,6,30.0,30.0,6.0,6.0,2.0,4.0,2.0,8.0,7.0,13.0,5.0,11.0,conditional_bounds,
1048274355802820608,2024,13,1,30,6,30.0,30.0,6.0,6.0,3.0,7.0,5.0,11.0,7.0,13.0,2.0,5.0,conditional_bounds,
1048274355802820608,2024,13,2,30,6,28.0,30.0,4.0,6.0,3.0,7.0,6.0,12.0,5.0,10.0,2.0,5.0,conditional_bounds,
1048274355802820608,2024,13,3,30,6,29.0,30.0,5.0,6.0,3.0,8.0,3.0,8.0,9.0,15.0,2.0,4.0,conditional_bounds,
1048274355802820608,2024,13,4,30,6,26.0,30.0,2.0,6.0,1.0,7.0,5.0,11.0,5.0,9.0,4.0,5.0,conditional_bounds,
1048274355802820608,2024,13,5,30,6,30.0,30.0,6.0,6.0,3.0,6.0,3.0,9.0,10.0,16.0,2.0,5.0,conditional_bounds,
1048274355802820608,2024,13,6,30,6,28.0,30.0,4.0,6.0,2.0,6.0,4.0,8.0,8.0,14.0,2.0,6.0,conditional_bounds,
1048274355802820608,2024,13,7,30,6,29.0,30.0,5.0,6.0,2.0,4.0,2.0,7.0,16.0,22.0,2.0,2.0,conditional_bounds,
1048274355802820608,2024,13,8,30,6,30.0,30.0,6.0,6.0,6.0,12.0,6.0,12.0,4.0,7.0,2.0,5.0,conditional_bounds,
1048274355802820608,2024,13,9,30,6,26.0,30.0,2.0,6.0,1.0,3.0,4.0,10.0,10.0,16.0,3.0,3.0,conditional_bounds,
1048274355802820608,2024,13,10,30,6,30.0,30.0,6.0,6.0,2.0,6.0,5.0,7.0,8.0,14.0,3.0,9.0,conditional_bounds,
1048274355802820608,2024,13,11,30,6,30.0,30.0,6.0,6.0,1.0,4.0,3.0,9.0,6.0,12.0,4.0,10.0,conditional_bounds,
1048274355802820608,2024,13,12,30,6,30.0,30.0,6.0,6.0,2.0,4.0,4.0,8.0,7.0,13.0,5.0,11.0,conditional_bounds,
1048274355802820608,2024,14,1,30,6,30.0,30.0,6.0,6.0,3.0,7.0,5.0,11.0,7.0,13.0,2.0,5.0,conditional_bounds,
1048274355802820608,2024,14,2,30,6,28.0,30.0,4.0,6.0,2.0,7.0,6.0,12.0,4.0,10.0,2.0,5.0,conditional_bounds,
1048274355802820608,2024,14,3,30,6,29.0,30.0,5.0,6.0,3.0,8.0,2.0,8.0,9.0,15.0,2.0,4.0,conditional_bounds,
1048274355802820608,2024,14,4,30,6,28.0,30.0,4.0,6.0,1.0,7.0,6.0,12.0,5.0,9.0,4.0,6.0,conditional_bounds,
1048274355802820608,2024,14,5,30,6,29.0,30.0,5.0,6.0,2.0,6.0,4.0,9.0,9.0,15.0,2.0,5.0,conditional_bounds,
1048274355802820608,2024,14,6,30,6,28.0,30.0,4.0,6.0,2.0,6.0,4.0,8.0,8.0,14.0,2.0,6.0,conditional_bounds,
1048274355802820608,2024,14,7,30,6,29.0,30.0,5.0,6.0,2.0,4.0,2.0,7.0,16.0,22.0,2.0,2.0,conditional_bounds,
1048274355802820608,2024,14,8,30,6,28.0,30.0,4.0,6.0,4.0,10.0,6.0,12.0,2.0,7.0,2.0,5.0,conditional_bounds,
1048274355802820608,2024,14,9,30,6,26.0,30.0,2.0,6.0,1.0,3.0,4.0,10.0,10.0,16.0,2.0,3.0,conditional_bounds,
1048274355802820608,2024,14,10,30,6,29.0,30.0,5.0,6.0,2.0,6.0,5.0,7.0,8.0,14.0,3.0,8.0,conditional_bounds,
1048274355802820608,2024,14,11,30,6,30.0,30.0,6.0,6.0,1.0,4.0,3.0,9.0,6.0,12.0,4.0,10.0,conditional_bounds,
1048274355802820608,2024,14,12,30,6,30.0,30.0,6.0,6.0,1.0,4.0,3.0,8.0,8.0,14.0,4.0,10.0,conditional_bounds,
1048278093472837632,2024,3,1,25,8,25.0,25.0,8.0,8.0,2.0,4.0,2.0,10.0,5.0,11.0,2.0,8.0,conditional_bounds,
1048278093472837632,2024,3,2,25,8,23.0,25.0,6.0,8.0,2.0,4.0,4.0,10.0,4.0,12.0,2.0,5.0,conditional_bounds,
1048278093472837632,2024,3,3,25,8,20.0,25.0,3.0,8.0,2.0,4.0,3.0,5.0,5.0,13.0,2.0,6.0,conditional_bounds,
1048278093472837632,2024,3,4,25,8,24.0,25.0,7.0,8.0,2.0,7.0,2.0,8.0,4.0,12.0,3.0,5.0,conditional_bounds,
1048278093472837632,2024,3,5,25,8,24.0,25.0,7.0,8.0,1.0,8.0,3.0,7.0,4.0,7.0,3.0,10.0,conditional_bounds,
1048278093472837632,2024,3,6,25,8,19.0,25.0,2.0,8.0,2.0,5.0,2.0,8.0,5.0,9.0,2.0,5.0,conditional_bounds,
1048278093472837632,2024,3,7,25,8,22.0,25.0,5.0,8.0,2.0,10.0,2.0,6.0,5.0,10.0,2.0,4.0,conditional_bounds,
1048278093472837632,2024,3,8,25,8,25.0,25.0,8.0,8.0,2.0,3.0,6.0,14.0,2.0,10.0,2.0,6.0,conditional_bounds,
1048278093472837632,2024,3,9,25,8,21.0,25.0,4.0,8.0,2.0,5.0,4.0,8.0,4.0,12.0,2.0,4.0,conditional_bounds,
1048278093472837632,2024,3,10,25,8,22.0,25.0,5.0,8.0,4.0,12.0,2.0,7.0,5.0,8.0,2.0,3.0,conditional_bounds,
1048278093472837632,2024,3,11,25,8,21.0,25.0,4.0,8.0,2.0,3.0,2.0,10.0,5.0,13.0,2.0,3.0,conditional_bounds,
1048278093472837632,2024,3,12,25,8,24.0,25.0,7.0,8.0,1.0,3.0,4.0,12.0,6.0,11.0,2.0,5.0,conditional_bounds,
1048278093472837632,2024,4,1,25,8,25.0,25.0,8.0,8.0,2.0,4.0,2.0,10.0,5.0,11.0,2.0,8.0,conditional_bounds,
1048278093472837632,2024,4,2,25,8,24.0,25.0,7.0,8.0,2.0,4.0,3.0,10.0,4.0,12.0,2.0,6.0,conditional_bounds,
1048278093472837632,2024,4,3,25,8,20.0,25.0,3.0,8.0,2.0,4.0,2.0,5.0,5.0,13.0,2.0,6.0,conditional_bounds,
1048278093472837632,2024,4,4,25,8,24.0,25.0,7.0,8.0,2.0,7.0,2.0,8.0,4.0,12.0,3.0,5.0,conditional_bounds,
1048278093472837632,2024,4,5,25,8,25.0,25.0,8.0,8.0,1.0,8.0,2.0,8.0,4.0,7.0,4.0,10.0,conditional_bounds,
1048278093472837632,2024,4,6,25,8,19.0,25.0,2.0,8.0,2.0,5.0,2.0,8.0,5.0,9.0,2.0,5.0,conditional_bounds,
1048278093472837632,2024,4,7,25,8,20.0,25.0,3.0,8.0,2.0,9.0,2.0,6.0,5.0,9.0,2.0,4.0,conditional_bounds,
1048278093472837632,2024,4,8,25,8,24.0,25.0,7.0,8.0,2.0,3.0,6.0,14.0,2.0,10.0,2.0,5.0,conditional_bounds,
1048278093472837632,2024,4,9,25,8,21.0,25.0,4.0,8.0,2.0,5.0,4.0,8.0,4.0,12.0,2.0,4.0,conditional_bounds,
1048278093472837632,2024,4,10,25,8,23.0,25.0,6.0,8.0,5.0,13.0,2.0,7.0,5.0,8.0,2.0,3.0,conditional_bounds,
1048278093472837632,2024,4,11,25,8,22.0,25.0,5.0,8.0,2.0,4.0,2.0,10.0,5.0,13.0,2.0,3.0,conditional_bounds,
1048278093472837632,2024,4,12,25,8,24.0,25.0,7.0,8.0,1.0,3.0,4.0,12.0,6.0,11.0,2.0,5.0,conditional_bounds,
1048278093472837632,2024,5,1,25,8,25.0,25.0,8.0,8.0,2.0,5.0,2.0,9.0,5.0,12.0,2.0,7.0,conditional_bounds,
1048278093472837632,2024,5,2,25,8,24.0,25.0,7.0,8.0,2.0,4.0,3.0,10.0,4.0,12.0,3.0,6.0,conditional_bounds,
1048278093472837632,2024,5,3,25,8,20.0,25.0,3.0,8.0,2.0,4.0,2.0,5.0,5.0,13.0,2.0,6.0,conditional_bounds,
1048278093472837632,2024,5,4,25,8,24.0,25.0,7.0,8.0,2.0,7.0,2.0,8.0,4.0,12.0,3.0,5.0,conditional_bounds,
1048278093472837632,2024,5,5,25,8,24.0,25.0,7.0,8.0,0.0,7.0,3.0,8.0,3.0,7.0,4.0,10.0,conditional_bounds,
1048278093472837632,2024,5,6,25,8,19.0,25.0,2.0,8.0,2.0,5.0,3.0,8.0,4.0,9.0,2.0,5.0,conditional_bounds,
1048278093472837632,2024,5,7,25,8,23.0,25.0,6.0,8.0,2.0,8.0,2.0,9.0,4.0,10.0,3.0,4.0,conditional_bounds,
1048278093472837632,2024,5,8,25,8,24.0,25.0,7.0,8.0,1.0,3.0,5.0,13.0,3.0,10.0,2.0,6.0,conditional_bounds,
1048278093472837632,2024,5,9,25,8,20.0,25.0,3.0,8.0,2.0,5.0,4.0,7.0,4.0,12.0,2.0,4.0,conditional_bounds,
1048278093472837632,2024,5,10,25,8,23.0,25.0,6.0,8.0,5.0,13.0,3.0,7.0,4.0,8.0,2.0,3.0,conditional_bounds,
1048278093472837632,2024,5,11,25,8,22.0,25.0,5.0,8.0,2.0,4.0,3.0,10.0,5.0,13.0,2.0,3.0,conditional_bounds,
1048278093472837632,2024,5,12,25,8,24.0,25.0,7.0,8.0,1.0,3.0,4.0,12.0,6.0,11.0,2.0,5.0,conditional_bounds,
1048278093472837632,2024,6,1,25,8,24.0,25.0,7.0,8.0,2.0,5.0,2.0,8.0,5.0,12.0,2.0,7.0,conditional_bounds,
1048278093472837632,2024,6,2,25,8,23.0,25.0,6.0,8.0,2.0,4.0,3.0,10.0,3.0,11.0,3.0,6.0,conditional_bounds,
1048278093472837632,2024,6,3,25,8,20.0,25.0,3.0,8.0,2.0,4.0,3.0,5.0,5.0,13.0,2.0,6.0,conditional_bounds,
1048278093472837632,2024,6,4,25,8,24.0,25.0,7.0,8.0,2.0,7.0,2.0,8.0,5.0,12.0,2.0,5.0,conditional_bounds,
1048278093472837632,2024,6,5,25,8,25.0,25.0,8.0,8.0,1.0,6.0,4.0,9.0,4.0,8.0,2.0,10.0,conditional_bounds,
1048278093472837632,2024,6,6,25,8,19.0,25.0,2.0,8.0,2.0,5.0,2.0,8.0,5.0,9.0,2.0,5.0,conditional_bounds,
1048278093472837632,2024,6,7,25,8,22.0,25.0,5.0,8.0,2.0,7.0,3.0,10.0,4.0,9.0,2.0,4.0,conditional_bounds,
1048278093472837632,2024,6,8,25,8,25.0,25.0,8.0,8.0,2.0,3.0,5.0,13.0,2.0,10.0,2.0,7.0,conditional_bounds,
1048278093472837632,2024,6,9,25,8,20.0,25.0,3.0,8.0,2.0,5.0,3.0,7.0,4.0,12.0,2.0,4.0,conditional_bounds,
1048278093472837632,2024,6,10,25,8,22.0,25.0,5.0,8.0,3.0,11.0,2.0,8.0,5.0,8.0,2.0,3.0,conditional_bounds,
1048278093472837632,2024,6,11,25,8,22.0,25.0,5.0,8.0,2.0,4.0,3.0,10.0,5.0,13.0,2.0,3.0,conditional_bounds,
1048278093472837632,2024,6,12,25,8,22.0,25.0,5.0,8.0,1.0,3.0,3.0,11.0,6.0,11.0,2.0,5.0,conditional_bounds,
1048278093472837632,2024,7,1,25,8,24.0,25.0,7.0,8.0,2.0,5.0,2.0,7.0,5.0,12.0,2.0,8.0,conditional_bounds,
1048278093472837632,2024,7,2,25,8,22.0,25.0,5.0,8.0,2.0,4.0,2.0,10.0,3.0,11.0,4.0,5.0,conditional_bounds,
1048278093472837632,2024,7,3,25,8,20.0,25.0,3.0,8.0,2.0,4.0,2.0,5.0,5.0,13.0,2.0,6.0,conditional_bounds,
1048278093472837632,2024,7,4,25,8,24.0,25.0,7.0,8.0,2.0,7.0,2.0,8.0,4.0,12.0,3.0,5.0,conditional_bounds,
1048278093472837632,2024,7,5,25,8,24.0,25.0,7.0,8.0,2.0,6.0,5.0,10.0,2.0,7.0,2.0,9.0,conditional_bounds,
1048278093472837632,2024,7,6,25,8,19.0,25.0,2.0,8.0,1.0,5.0,2.0,8.0,6.0,9.0,2.0,5.0,conditional_bounds,
1048278093472837632,2024,7,7,25,8,21.0,25.0,4.0,8.0,2.0,7.0,3.0,8.0,4.0,11.0,2.0,3.0,conditional_bounds,
1048278093472837632,2024,7,8,25,8,24.0,25.0,7.0,8.0,2.0,3.0,5.0,12.0,2.0,10.0,2.0,7.0,conditional_bounds,
1048278093472837632,2024,7,9,25,8,24.0,25.0,7.0,8.0,2.0,5.0,3.0,9.0,6.0,14.0,2.0,4.0,conditional_bounds,
1048278093472837632,2024,7,10,25,8,20.0,25.0,3.0,8.0,3.0,11.0,3.0,7.0,4.0,7.0,2.0,3.0,conditional_bounds,
1048278093472837632,2024,7,11,25,8,22.0,25.0,5.0,8.0,2.0,4.0,3.0,10.0,5.0,13.0,2.0,3.0,conditional_bounds,
1048278093472837632,2024,7,12,25,8,21.0,25.0,4.0,8.0,1.0,3.0,3.0,10.0,5.0,11.0,2.0,5.0,conditional_bounds,
1048278093472837632,2024,8,1,25,8,24.0,25.0,7.0,8.0,2.0,5.0,2.0,7.0,5.0,12.0,2.0,8.0,conditional_bounds,
1048278093472837632,2024,8,2,25,8,22.0,25.0,5.0,8.0,2.0,4.0,2.0,9.0,4.0,12.0,3.0,5.0,conditional_bounds,
1048278093472837632,2024,8,3,25,8,20.0,25.0,3.0,8.0,2.0,4.0,3.0,5.0,5.0,13.0,2.0,6.0,conditional_bounds,
1048278093472837632,2024,8,4,25,8,24.0,25.0,7.0,8.0,2.0,7.0,2.0,8.0,4.0,12.0,3.0,5.0,conditional_bounds,
1048278093472837632,2024,8,5,25,8,25.0,25.0,8.0,8.0,2.0,6.0,4.0,10.0,3.0,7.0,2.0,10.0,conditional_bounds,
1048278093472837632,2024,8,6,25,8,20.0,25.0,3.0,8.0,2.0,5.0,2.0,8.0,5.0,10.0,2.0,5.0,conditional_bounds,
1048278093472837632,2024,8,7,25,8,22.0,25.0,5.0,8.0,2.0,8.0,4.0,8.0,3.0,11.0,2.0,3.0,conditional_bounds,
1048278093472837632,2024,8,8,25,8,24.0,25.0,7.0,8.0,2.0,3.0,5.0,12.0,2.0,10.0,2.0,7.0,conditional_bounds,
1048278093472837632,2024,8,9,25,8,22.0,25.0,5.0,8.0,2.0,5.0,3.0,9.0,4.0,12.0,2.0,4.0,conditional_bounds,
1048278093472837632,2024,8,10,25,8,21.0,25.0,4.0,8.0,3.0,11.0,3.0,8.0,4.0,7.0,2.0,3.0,conditional_bounds,
1048278093472837632,2024,8,11,25,8,22.0,25.0,5.0,8.0,2.0,4.0,3.0,10.0,5.0,13.0,2.0,3.0,conditional_bounds,
1048278093472837632,2024,8,12,25,8,20.0,25.0,3.0,8.0,1.0,3.0,2.0,10.0,6.0,10.0,2.0,5.0,conditional_bounds,
1048278093472837632,2024,9,1,25,8,24.0,25.0,7.0,8.0,2.0,5.0,2.0,7.0,5.0,12.0,2.0,8.0,conditional_bounds,
1048278093472837632,2024,9,2,25,8,23.0,25.0,6.0,8.0,2.0,4.0,2.0,10.0,3.0,11.0,4.0,6.0,conditional_bounds,
1048278093472837632,2024,9,3,25,8,20.0,25.0,3.0,8.0,2.0,4.0,2.0,5.0,5.0,13.0,2.0,6.0,conditional_bounds,
1048278093472837632,2024,9,4,25,8,24.0,25.0,7.0,8.0,2.0,7.0,2.0,8.0,5.0,12.0,2.0,5.0,conditional_bounds,
1048278093472837632,2024,9,5,25,8,25.0,25.0,8.0,8.0,2.0,6.0,4.0,10.0,3.0,7.0,2.0,10.0,conditional_bounds,
1048278093472837632,2024,9,6,25,8,20.0,25.0,3.0,8.0,2.0,5.0,2.0,8.0,5.0,10.0,2.0,5.0,conditional_bounds,
1048278093472837632,2024,9,7,25,8,23.0,25.0,6.0,8.0,2.0,8.0,4.0,8.0,4.0,12.0,3.0,3.0,conditional_bounds,
1048278093472837632,2024,9,8,25,8,24.0,25.0,7.0,8.0,2.0,3.0,5.0,12.0,2.0,10.0,2.0,7.0,conditional_bounds,
1048278093472837632,2024,9,9,25,8,22.0,25.0,5.0,8.0,2.0,5.0,2.0,9.0,5.0,12.0,2.0,4.0,conditional_bounds,
1048278093472837632,2024,9,10,25,8,24.0,25.0,7.0,8.0,4.0,12.0,3.0,9.0,4.0,8.0,2.0,3.0,conditional_bounds,
1048278093472837632,2024,9,11,25,8,22.0,25.0,5.0,8.0,2.0,4.0,3.0,10.0,5.0,13.0,2.0,3.0,conditional_bounds,
1048278093472837632,2024,9,12,25,8,20.0,25.0,3.0,8.0,1.0,3.0,2.0,10.0,6.0,10.0,2.0,5.0,conditional_bounds,
1048278093472837632,2024,10,1,25,8,24.0,25.0,7.0,8.0,2.0,5.0,2.0,7.0,5.0,12.0,2.0,8.0,conditional_bounds,
1048278093472837632,2024,10,2,25,8,23.0,25.0,6.0,8.0,2.0,4.0,2.0,10.0,5.0,11.0,2.0,6.0,conditional_bounds,
1048278093472837632,2024,10,3,25,8,20.0,25.0,3.0,8.0,2.0,4.0,3.0,5.0,5.0,13.0,2.0,6.0,conditional_bounds,
1048278093472837632,2024,10,4,25,8,24.0,25.0,7.0,8.0,2.0,7.0,3.0,8.0,4.0,12.0,2.0,5.0,conditional_bounds,
1048278093472837632,2024,10,5,25,8,25.0,25.0,8.0,8.0,2.0,6.0,4.0,10.0,3.0,7.0,2.0,10.0,conditional_bounds,
1048278093472837632,2024,10,6,25,8,20.0,25.0,3.0,8.0,2.0,5.0,2.0,8.0,4.0,10.0,3.0,5.0,conditional_bounds,
1048278093472837632,2024,10,7,25,8,24.0,25.0,7.0,8.0,2.0,9.0,3.0,8.0,4.0,12.0,2.0,3.0,conditional_bounds,
1048278093472837632,2024,10,8,25,8,25.0,25.0,8.0,8.0,2.0,3.0,5.0,12.0,3.0,11.0,2.0,7.0,conditional_bounds,
1048278093472837632,2024,10,9,25,8,22.0,25.0,5.0,8.0,2.0,5.0,3.0,9.0,4.0,12.0,2.0,4.0,conditional_bounds,
1048278093472837632,2024,10,10,25,8,24.0,25.0,7.0,8.0,4.0,12.0,2.0,9.0,5.0,9.0,2.0,2.0,conditional_bounds,
1048278093472837632,2024,10,11,25,8,22.0,25.0,5.0,8.0,2.0,4.0,3.0,10.0,5.0,13.0,2.0,3.0,conditional_bounds,
1048278093472837632,2024,10,12,25,8,23.0,25.0,6.0,8.0,1.0,3.0,2.0,10.0,6.0,13.0,2.0,5.0,conditional_bounds,
1048278093472837632,2024,11,1,25,8,24.0,25.0,7.0,8.0,2.0,5.0,2.0,7.0,5.0,12.0,2.0,8.0,conditional_bounds,
1048278093472837632,2024,11,2,25,8,21.0,25.0,4.0,8.0,2.0,4.0,2.0,9.0,5.0,10.0,2.0,6.0,conditional_bounds,
1048278093472837632,2024,11,3,25,8,20.0,25.0,3.0,8.0,2.0,4.0,3.0,5.0,5.0,13.0,2.0,6.0,conditional_bounds,
1048278093472837632,2024,11,4,25,8,24.0,25.0,7.0,8.0,2.0,7.0,3.0,8.0,4.0,12.0,2.0,5.0,conditional_bounds,
1048278093472837632,2024,11,5,25,8,25.0,25.0,8.0,8.0,1.0,5.0,4.0,12.0,4.0,7.0,3.0,9.0,conditional_bounds,
1048278093472837632,2024,11,6,25,8,20.0,25.0,3.0,8.0,2.0,5.0,2.0,8.0,4.0,10.0,3.0,5.0,conditional_bounds,
1048278093472837632,2024,11,7,25,8,24.0,25.0,7.0,8.0,2.0,9.0,3.0,7.0,4.0,12.0,2.0,4.0,conditional_bounds,
1048278093472837632,2024,11,8,25,8,25.0,25.0,8.0,8.0,2.0,3.0,5.0,12.0,4.0,12.0,2.0,6.0,conditional_bounds,
1048278093472837632,2024,11,9,25,8,22.0,25.0,5.0,8.0,2.0,5.0,3.0,9.0,4.0,12.0,2.0,4.0,conditional_bounds,
1048278093472837632,2024,11,10,25,8,25.0,25.0,8.0,8.0,5.0,13.0,2.0,9.0,6.0,9.0,1.0,2.0,conditional_bounds,
1048278093472837632,2024,11,11,25,8,22.0,25.0,5.0,8.0,2.0,4.0,3.0,10.0,5.0,13.0,2.0,3.0,conditional_bounds,
1048278093472837632,2024,11,12,25,8,21.0,25.0,4.0,8.0,1.0,3.0,2.0,10.0,5.0,12.0,3.0,4.0,conditional_bounds,
1048278093472837632,2024,12,1,25,8,22.0,25.0,5.0,8.0,2.0,5.0,3.0,7.0,3.0,11.0,3.0,7.0,conditional_bounds,
1048278093472837632,2024,12,2,25,8,21.0,25.0,4.0,8.0,2.0,4.0,2.0,9.0,5.0,10.0,2.0,6.0,conditional_bounds,
1048278093472837632,2024,12,3,25,8,20.0,25.0,3.0,8.0,1.0,4.0,4.0,5.0,5.0,13.0,2.0,6.0,conditional_bounds,
1048278093472837632,2024,12,4,25,8,24.0,25.0,7.0,8.0,2.0,7.0,2.0,8.0,4.0,12.0,3.0,5.0,conditional_bounds,
1048278093472837632,2024,12,5,25,8,,,,,,,,,,,,,incompatible,Snapshot incompatible with supplied capacity
1048278093472837632,2024,12,6,25,8,19.0,25.0,2.0,8.0,2.0,5.0,2.0,8.0,5.0,9.0,2.0,5.0,conditional_bounds,
1048278093472837632,2024,12,7,25,8,23.0,25.0,6.0,8.0,2.0,10.0,3.0,6.0,3.0,11.0,3.0,4.0,conditional_bounds,
1048278093472837632,2024,12,8,25,8,25.0,25.0,8.0,8.0,2.0,3.0,5.0,12.0,4.0,12.0,2.0,6.0,conditional_bounds,
1048278093472837632,2024,12,9,25,8,22.0,25.0,5.0,8.0,2.0,5.0,3.0,7.0,5.0,13.0,2.0,5.0,conditional_bounds,
1048278093472837632,2024,12,10,25,8,25.0,25.0,8.0,8.0,3.0,11.0,3.0,10.0,4.0,9.0,1.0,3.0,conditional_bounds,
1048278093472837632,2024,12,11,25,8,22.0,25.0,5.0,8.0,1.0,4.0,2.0,10.0,6.0,13.0,2.0,3.0,conditional_bounds,
1048278093472837632,2024,12,12,25,8,21.0,25.0,4.0,8.0,2.0,4.0,2.0,10.0,5.0,11.0,2.0,4.0,conditional_bounds,
1048278093472837632,2024,13,1,25,8,23.0,25.0,6.0,8.0,2.0,5.0,2.0,8.0,5.0,11.0,2.0,7.0,conditional_bounds,
1048278093472837632,2024,13,2,25,8,20.0,25.0,3.0,8.0,2.0,4.0,2.0,9.0,4.0,10.0,3.0,5.0,conditional_bounds,
1048278093472837632,2024,13,3,25,8,21.0,25.0,4.0,8.0,2.0,4.0,4.0,6.0,5.0,13.0,2.0,6.0,conditional_bounds,
1048278093472837632,2024,13,4,25,8,24.0,25.0,7.0,8.0,2.0,7.0,2.0,8.0,4.0,12.0,3.0,5.0,conditional_bounds,
1048278093472837632,2024,13,5,25,8,24.0,25.0,7.0,8.0,1.0,6.0,3.0,9.0,4.0,8.0,1.0,9.0,conditional_bounds,
1048278093472837632,2024,13,6,25,8,19.0,25.0,2.0,8.0,2.0,5.0,2.0,8.0,5.0,9.0,2.0,5.0,conditional_bounds,
1048278093472837632,2024,13,7,25,8,22.0,25.0,5.0,8.0,2.0,10.0,3.0,6.0,4.0,11.0,2.0,3.0,conditional_bounds,
1048278093472837632,2024,13,8,25,8,25.0,25.0,8.0,8.0,2.0,3.0,4.0,12.0,4.0,12.0,3.0,6.0,conditional_bounds,
1048278093472837632,2024,13,9,25,8,22.0,25.0,5.0,8.0,2.0,5.0,3.0,7.0,5.0,13.0,2.0,5.0,conditional_bounds,
1048278093472837632,2024,13,10,25,8,23.0,25.0,6.0,8.0,2.0,10.0,3.0,10.0,4.0,7.0,2.0,4.0,conditional_bounds,
1048278093472837632,2024,13,11,25,8,22.0,25.0,5.0,8.0,2.0,4.0,2.0,10.0,5.0,13.0,2.0,3.0,conditional_bounds,
1048278093472837632,2024,13,12,25,8,20.0,25.0,3.0,8.0,1.0,4.0,2.0,10.0,6.0,10.0,2.0,4.0,conditional_bounds,
1048278093472837632,2024,14,1,25,8,22.0,25.0,5.0,8.0,1.0,6.0,2.0,7.0,6.0,11.0,2.0,6.0,conditional_bounds,
1048278093472837632,2024,14,2,25,8,21.0,25.0,4.0,8.0,2.0,4.0,3.0,10.0,3.0,10.0,3.0,5.0,conditional_bounds,
1048278093472837632,2024,14,3,25,8,21.0,25.0,4.0,8.0,1.0,4.0,4.0,6.0,5.0,13.0,2.0,6.0,conditional_bounds,
1048278093472837632,2024,14,4,25,8,24.0,25.0,7.0,8.0,1.0,7.0,3.0,8.0,4.0,12.0,3.0,5.0,conditional_bounds,
1048278093472837632,2024,14,5,25,8,25.0,25.0,8.0,8.0,1.0,5.0,4.0,10.0,4.0,9.0,2.0,9.0,conditional_bounds,
1048278093472837632,2024,14,6,25,8,18.0,25.0,1.0,8.0,2.0,5.0,3.0,7.0,4.0,9.0,2.0,5.0,conditional_bounds,
1048278093472837632,2024,14,7,25,8,20.0,25.0,3.0,8.0,2.0,9.0,3.0,6.0,4.0,10.0,2.0,3.0,conditional_bounds,
1048278093472837632,2024,14,8,25,8,25.0,25.0,8.0,8.0,2.0,3.0,4.0,12.0,4.0,12.0,2.0,6.0,conditional_bounds,
1048278093472837632,2024,14,9,25,8,22.0,25.0,5.0,8.0,2.0,5.0,2.0,7.0,5.0,13.0,2.0,5.0,conditional_bounds,
1048278093472837632,2024,14,10,25,8,23.0,25.0,6.0,8.0,2.0,10.0,3.0,10.0,4.0,7.0,2.0,4.0,conditional_bounds,
1048278093472837632,2024,14,11,25,8,22.0,25.0,5.0,8.0,2.0,4.0,2.0,10.0,5.0,13.0,2.0,3.0,conditional_bounds,
1048278093472837632,2024,14,12,25,8,20.0,25.0,3.0,8.0,1.0,4.0,3.0,10.0,4.0,10.0,3.0,4.0,conditional_bounds,
1180354306008649728,2025,3,1,25,8,23.0,25.0,6.0,8.0,2.0,7.0,4.0,10.0,3.0,8.0,2.0,6.0,conditional_bounds,
1180354306008649728,2025,3,2,25,8,23.0,25.0,6.0,8.0,2.0,4.0,3.0,10.0,5.0,13.0,2.0,4.0,conditional_bounds,
1180354306008649728,2025,3,3,25,8,21.0,25.0,4.0,8.0,2.0,5.0,2.0,7.0,5.0,13.0,2.0,4.0,conditional_bounds,
1180354306008649728,2025,3,4,25,8,23.0,25.0,6.0,8.0,2.0,3.0,2.0,9.0,6.0,14.0,3.0,5.0,conditional_bounds,
1180354306008649728,2025,3,5,25,8,25.0,25.0,8.0,8.0,2.0,5.0,2.0,8.0,4.0,8.0,3.0,11.0,conditional_bounds,
1180354306008649728,2025,3,6,25,8,20.0,25.0,3.0,8.0,2.0,5.0,4.0,8.0,3.0,10.0,2.0,5.0,conditional_bounds,
1180354306008649728,2025,3,7,25,8,24.0,25.0,7.0,8.0,2.0,9.0,3.0,6.0,6.0,14.0,2.0,3.0,conditional_bounds,
1180354306008649728,2025,3,8,25,8,24.0,25.0,7.0,8.0,2.0,4.0,5.0,10.0,5.0,13.0,2.0,5.0,conditional_bounds,
1180354306008649728,2025,3,9,25,8,19.0,25.0,2.0,8.0,2.0,4.0,2.0,4.0,7.0,15.0,2.0,4.0,conditional_bounds,
1180354306008649728,2025,3,10,25,8,21.0,25.0,4.0,8.0,2.0,9.0,3.0,9.0,4.0,7.0,2.0,4.0,conditional_bounds,
1180354306008649728,2025,3,11,25,8,22.0,25.0,5.0,8.0,2.0,4.0,2.0,9.0,6.0,14.0,2.0,3.0,conditional_bounds,
1180354306008649728,2025,3,12,25,8,22.0,25.0,5.0,8.0,2.0,5.0,2.0,10.0,5.0,11.0,2.0,4.0,conditional_bounds,
1180354306008649728,2025,4,1,25,8,22.0,25.0,5.0,8.0,2.0,7.0,4.0,11.0,3.0,7.0,2.0,5.0,conditional_bounds,
1180354306008649728,2025,4,2,25,8,24.0,25.0,7.0,8.0,2.0,4.0,3.0,11.0,5.0,13.0,2.0,4.0,conditional_bounds,
1180354306008649728,2025,4,3,25,8,21.0,25.0,4.0,8.0,2.0,5.0,2.0,7.0,5.0,13.0,2.0,4.0,conditional_bounds,
1180354306008649728,2025,4,4,25,8,23.0,25.0,6.0,8.0,2.0,3.0,2.0,9.0,6.0,14.0,3.0,5.0,conditional_bounds,
1180354306008649728,2025,4,5,25,8,25.0,25.0,8.0,8.0,2.0,5.0,2.0,9.0,4.0,8.0,2.0,10.0,conditional_bounds,
1180354306008649728,2025,4,6,25,8,20.0,25.0,3.0,8.0,2.0,5.0,4.0,8.0,3.0,10.0,2.0,5.0,conditional_bounds,
1180354306008649728,2025,4,7,25,8,24.0,25.0,7.0,8.0,2.0,9.0,2.0,7.0,5.0,13.0,2.0,3.0,conditional_bounds,
1180354306008649728,2025,4,8,25,8,24.0,25.0,7.0,8.0,2.0,4.0,4.0,10.0,5.0,13.0,3.0,5.0,conditional_bounds,
1180354306008649728,2025,4,9,25,8,19.0,25.0,2.0,8.0,2.0,4.0,2.0,4.0,7.0,15.0,2.0,4.0,conditional_bounds,
1180354306008649728,2025,4,10,25,8,23.0,25.0,6.0,8.0,2.0,10.0,3.0,10.0,4.0,7.0,2.0,4.0,conditional_bounds,
1180354306008649728,2025,4,11,25,8,22.0,25.0,5.0,8.0,2.0,4.0,2.0,9.0,6.0,14.0,2.0,3.0,conditional_bounds,
1180354306008649728,2025,4,12,25,8,22.0,25.0,5.0,8.0,2.0,5.0,3.0,10.0,4.0,11.0,2.0,4.0,conditional_bounds,
1180354306008649728,2025,5,1,25,8,22.0,25.0,5.0,8.0,2.0,7.0,4.0,11.0,3.0,7.0,2.0,5.0,conditional_bounds,
1180354306008649728,2025,5,2,25,8,25.0,25.0,8.0,8.0,2.0,4.0,3.0,11.0,5.0,13.0,2.0,5.0,conditional_bounds,
1180354306008649728,2025,5,3,25,8,22.0,25.0,5.0,8.0,2.0,5.0,3.0,7.0,5.0,13.0,2.0,5.0,conditional_bounds,
1180354306008649728,2025,5,4,25,8,22.0,25.0,5.0,8.0,1.0,3.0,4.0,10.0,4.0,12.0,3.0,5.0,conditional_bounds,
1180354306008649728,2025,5,5,25,8,24.0,25.0,7.0,8.0,1.0,5.0,3.0,8.0,4.0,9.0,2.0,9.0,conditional_bounds,
1180354306008649728,2025,5,6,25,8,20.0,25.0,3.0,8.0,2.0,5.0,3.0,8.0,3.0,10.0,3.0,5.0,conditional_bounds,
1180354306008649728,2025,5,7,25,8,24.0,25.0,7.0,8.0,2.0,9.0,3.0,7.0,5.0,13.0,2.0,3.0,conditional_bounds,
1180354306008649728,2025,5,8,25,8,23.0,25.0,6.0,8.0,2.0,4.0,3.0,9.0,5.0,13.0,4.0,5.0,conditional_bounds,
1180354306008649728,2025,5,9,25,8,19.0,25.0,2.0,8.0,2.0,4.0,2.0,4.0,7.0,15.0,2.0,4.0,conditional_bounds,
1180354306008649728,2025,5,10,25,8,23.0,25.0,6.0,8.0,2.0,10.0,4.0,10.0,3.0,7.0,2.0,4.0,conditional_bounds,
1180354306008649728,2025,5,11,25,8,22.0,25.0,5.0,8.0,2.0,4.0,2.0,9.0,6.0,14.0,2.0,3.0,conditional_bounds,
1180354306008649728,2025,5,12,25,8,21.0,25.0,4.0,8.0,1.0,5.0,3.0,9.0,5.0,11.0,2.0,4.0,conditional_bounds,
1180354306008649728,2025,6,1,25,8,22.0,25.0,5.0,8.0,2.0,7.0,4.0,11.0,3.0,7.0,2.0,5.0,conditional_bounds,
1180354306008649728,2025,6,2,25,8,22.0,25.0,5.0,8.0,2.0,5.0,2.0,10.0,5.0,10.0,2.0,5.0,conditional_bounds,
1180354306008649728,2025,6,3,25,8,21.0,25.0,4.0,8.0,2.0,5.0,2.0,6.0,5.0,13.0,2.0,5.0,conditional_bounds,
1180354306008649728,2025,6,4,25,8,22.0,25.0,5.0,8.0,1.0,3.0,3.0,10.0,4.0,12.0,3.0,5.0,conditional_bounds,
1180354306008649728,2025,6,5,25,8,25.0,25.0,8.0,8.0,2.0,6.0,2.0,7.0,4.0,9.0,2.0,10.0,conditional_bounds,
1180354306008649728,2025,6,6,25,8,20.0,25.0,3.0,8.0,2.0,5.0,3.0,9.0,3.0,9.0,3.0,5.0,conditional_bounds,
1180354306008649728,2025,6,7,25,8,23.0,25.0,6.0,8.0,2.0,8.0,2.0,7.0,5.0,13.0,2.0,3.0,conditional_bounds,
1180354306008649728,2025,6,8,25,8,25.0,25.0,8.0,8.0,2.0,3.0,4.0,9.0,8.0,16.0,3.0,5.0,conditional_bounds,
1180354306008649728,2025,6,9,25,8,22.0,25.0,5.0,8.0,2.0,4.0,2.0,5.0,7.0,15.0,2.0,6.0,conditional_bounds,
1180354306008649728,2025,6,10,25,8,23.0,25.0,6.0,8.0,2.0,10.0,3.0,10.0,4.0,7.0,2.0,4.0,conditional_bounds,
1180354306008649728,2025,6,11,25,8,22.0,25.0,5.0,8.0,2.0,4.0,3.0,9.0,6.0,14.0,2.0,3.0,conditional_bounds,
1180354306008649728,2025,6,12,25,8,21.0,25.0,4.0,8.0,1.0,5.0,5.0,9.0,3.0,11.0,2.0,4.0,conditional_bounds,
1180354306008649728,2025,7,1,25,8,24.0,25.0,7.0,8.0,2.0,8.0,5.0,12.0,2.0,7.0,2.0,5.0,conditional_bounds,
1180354306008649728,2025,7,2,25,8,24.0,25.0,7.0,8.0,2.0,5.0,3.0,10.0,4.0,12.0,2.0,5.0,conditional_bounds,
1180354306008649728,2025,7,3,25,8,21.0,25.0,4.0,8.0,2.0,5.0,2.0,6.0,5.0,13.0,2.0,5.0,conditional_bounds,
1180354306008649728,2025,7,4,25,8,22.0,25.0,5.0,8.0,1.0,3.0,2.0,10.0,5.0,12.0,3.0,5.0,conditional_bounds,
1180354306008649728,2025,7,5,25,8,24.0,25.0,7.0,8.0,2.0,6.0,2.0,7.0,4.0,9.0,2.0,9.0,conditional_bounds,
1180354306008649728,2025,7,6,25,8,20.0,25.0,3.0,8.0,2.0,5.0,3.0,9.0,3.0,9.0,3.0,5.0,conditional_bounds,
1180354306008649728,2025,7,7,25,8,25.0,25.0,8.0,8.0,2.0,8.0,3.0,8.0,5.0,13.0,2.0,4.0,conditional_bounds,
1180354306008649728,2025,7,8,25,8,23.0,25.0,6.0,8.0,2.0,3.0,3.0,8.0,8.0,16.0,2.0,4.0,conditional_bounds,
1180354306008649728,2025,7,9,25,8,21.0,25.0,4.0,8.0,2.0,4.0,3.0,5.0,7.0,15.0,2.0,5.0,conditional_bounds,
1180354306008649728,2025,7,10,25,8,23.0,25.0,6.0,8.0,2.0,10.0,3.0,10.0,4.0,7.0,2.0,4.0,conditional_bounds,
1180354306008649728,2025,7,11,25,8,22.0,25.0,5.0,8.0,1.0,4.0,3.0,9.0,6.0,14.0,2.0,3.0,conditional_bounds,
1180354306008649728,2025,7,12,25,8,21.0,25.0,4.0,8.0,2.0,5.0,4.0,9.0,3.0,11.0,2.0,4.0,conditional_bounds,
1180354306008649728,2025,8,1,25,8,25.0,25.0,8.0,8.0,2.0,8.0,5.0,13.0,2.0,7.0,2.0,5.0,conditional_bounds,
1180354306008649728,2025,8,2,25,8,25.0,25.0,8.0,8.0,2.0,5.0,4.0,10.0,4.0,12.0,2.0,6.0,conditional_bounds,
1180354306008649728,2025,8,3,25,8,21.0,25.0,4.0,8.0,2.0,5.0,2.0,6.0,5.0,13.0,2.0,5.0,conditional_bounds,
1180354306008649728,2025,8,4,25,8,22.0,25.0,5.0,8.0,1.0,3.0,2.0,10.0,5.0,12.0,3.0,5.0,conditional_bounds,
1180354306008649728,2025,8,5,25,8,25.0,25.0,8.0,8.0,2.0,6.0,2.0,6.0,5.0,9.0,3.0,11.0,conditional_bounds,
1180354306008649728,2025,8,6,25,8,20.0,25.0,3.0,8.0,2.0,5.0,2.0,9.0,3.0,9.0,4.0,5.0,conditional_bounds,
1180354306008649728,2025,8,7,25,8,25.0,25.0,8.0,8.0,2.0,7.0,3.0,7.0,6.0,14.0,2.0,5.0,conditional_bounds,
1180354306008649728,2025,8,8,25,8,24.0,25.0,7.0,8.0,2.0,3.0,4.0,8.0,9.0,17.0,2.0,4.0,conditional_bounds,
1180354306008649728,2025,8,9,25,8,21.0,25.0,4.0,8.0,1.0,6.0,3.0,5.0,6.0,14.0,2.0,4.0,conditional_bounds,
1180354306008649728,2025,8,10,25,8,23.0,25.0,6.0,8.0,2.0,10.0,4.0,10.0,3.0,7.0,2.0,4.0,conditional_bounds,
1180354306008649728,2025,8,11,25,8,21.0,25.0,4.0,8.0,2.0,4.0,3.0,9.0,5.0,13.0,2.0,3.0,conditional_bounds,
1180354306008649728,2025,8,12,25,8,21.0,25.0,4.0,8.0,1.0,5.0,2.0,9.0,5.0,11.0,3.0,4.0,conditional_bounds,
1180354306008649728,2025,9,1,25,8,25.0,25.0,8.0,8.0,2.0,8.0,5.0,12.0,2.0,8.0,2.0,5.0,conditional_bounds,
1180354306008649728,2025,9,2,25,8,24.0,25.0,7.0,8.0,2.0,4.0,3.0,10.0,4.0,12.0,2.0,6.0,conditional_bounds,
1180354306008649728,2025,9,3,25,8,21.0,25.0,4.0,8.0,2.0,5.0,2.0,6.0,5.0,13.0,2.0,5.0,conditional_bounds,
1180354306008649728,2025,9,4,25,8,22.0,25.0,5.0,8.0,2.0,3.0,2.0,10.0,4.0,12.0,4.0,5.0,conditional_bounds,
1180354306008649728,2025,9,5,25,8,25.0,25.0,8.0,8.0,2.0,6.0,2.0,7.0,5.0,8.0,3.0,11.0,conditional_bounds,
1180354306008649728,2025,9,6,25,8,20.0,25.0,3.0,8.0,2.0,5.0,2.0,9.0,4.0,9.0,3.0,5.0,conditional_bounds,
1180354306008649728,2025,9,7,25,8,24.0,25.0,7.0,8.0,1.0,7.0,2.0,8.0,5.0,13.0,3.0,4.0,conditional_bounds,
1180354306008649728,2025,9,8,25,8,24.0,25.0,7.0,8.0,2.0,3.0,4.0,8.0,9.0,17.0,2.0,4.0,conditional_bounds,
1180354306008649728,2025,9,9,25,8,21.0,25.0,4.0,8.0,2.0,6.0,3.0,5.0,6.0,14.0,2.0,4.0,conditional_bounds,
1180354306008649728,2025,9,10,25,8,23.0,25.0,6.0,8.0,2.0,10.0,4.0,10.0,3.0,7.0,2.0,4.0,conditional_bounds,
1180354306008649728,2025,9,11,25,8,21.0,25.0,4.0,8.0,2.0,4.0,3.0,9.0,4.0,12.0,2.0,4.0,conditional_bounds,
1180354306008649728,2025,9,12,25,8,21.0,25.0,4.0,8.0,2.0,5.0,3.0,9.0,4.0,11.0,2.0,4.0,conditional_bounds,
1180354306008649728,2025,10,1,25,8,24.0,25.0,7.0,8.0,2.0,8.0,4.0,12.0,2.0,7.0,3.0,5.0,conditional_bounds,
1180354306008649728,2025,10,2,25,8,24.0,25.0,7.0,8.0,2.0,5.0,3.0,11.0,5.0,11.0,2.0,5.0,conditional_bounds,
1180354306008649728,2025,10,3,25,8,21.0,25.0,4.0,8.0,1.0,5.0,5.0,6.0,5.0,13.0,2.0,5.0,conditional_bounds,
1180354306008649728,2025,10,4,25,8,23.0,25.0,6.0,8.0,1.0,3.0,3.0,11.0,4.0,12.0,4.0,5.0,conditional_bounds,
1180354306008649728,2025,10,5,25,8,25.0,25.0,8.0,8.0,2.0,6.0,3.0,7.0,4.0,8.0,3.0,11.0,conditional_bounds,
1180354306008649728,2025,10,6,25,8,19.0,25.0,2.0,8.0,2.0,5.0,4.0,8.0,2.0,9.0,3.0,5.0,conditional_bounds,
1180354306008649728,2025,10,7,25,8,24.0,25.0,7.0,8.0,2.0,7.0,2.0,9.0,4.0,12.0,3.0,4.0,conditional_bounds,
1180354306008649728,2025,10,8,25,8,24.0,25.0,7.0,8.0,2.0,3.0,4.0,8.0,9.0,17.0,2.0,4.0,conditional_bounds,
1180354306008649728,2025,10,9,25,8,21.0,25.0,4.0,8.0,2.0,6.0,3.0,5.0,6.0,14.0,2.0,4.0,conditional_bounds,
1180354306008649728,2025,10,10,25,8,23.0,25.0,6.0,8.0,2.0,9.0,4.0,9.0,3.0,7.0,2.0,6.0,conditional_bounds,
1180354306008649728,2025,10,11,25,8,21.0,25.0,4.0,8.0,2.0,4.0,2.0,9.0,5.0,12.0,2.0,4.0,conditional_bounds,
1180354306008649728,2025,10,12,25,8,21.0,25.0,4.0,8.0,1.0,5.0,3.0,9.0,4.0,11.0,3.0,4.0,conditional_bounds,
1180354306008649728,2025,11,1,25,8,25.0,25.0,8.0,8.0,2.0,7.0,5.0,12.0,2.0,9.0,2.0,5.0,conditional_bounds,
1180354306008649728,2025,11,2,25,8,25.0,25.0,8.0,8.0,2.0,5.0,3.0,11.0,5.0,11.0,2.0,6.0,conditional_bounds,
1180354306008649728,2025,11,3,25,8,21.0,25.0,4.0,8.0,2.0,5.0,3.0,6.0,5.0,13.0,2.0,5.0,conditional_bounds,
1180354306008649728,2025,11,4,25,8,22.0,25.0,5.0,8.0,2.0,3.0,3.0,11.0,4.0,12.0,3.0,4.0,conditional_bounds,
1180354306008649728,2025,11,5,25,8,25.0,25.0,8.0,8.0,2.0,5.0,2.0,8.0,5.0,8.0,3.0,11.0,conditional_bounds,
1180354306008649728,2025,11,6,25,8,19.0,25.0,2.0,8.0,2.0,5.0,4.0,8.0,2.0,9.0,3.0,5.0,conditional_bounds,
1180354306008649728,2025,11,7,25,8,25.0,25.0,8.0,8.0,1.0,7.0,3.0,10.0,4.0,12.0,3.0,4.0,conditional_bounds,
1180354306008649728,2025,11,8,25,8,25.0,25.0,8.0,8.0,2.0,3.0,3.0,8.0,9.0,17.0,2.0,5.0,conditional_bounds,
1180354306008649728,2025,11,9,25,8,20.0,25.0,3.0,8.0,2.0,5.0,3.0,5.0,6.0,14.0,2.0,4.0,conditional_bounds,
1180354306008649728,2025,11,10,25,8,23.0,25.0,6.0,8.0,2.0,7.0,2.0,8.0,5.0,8.0,2.0,8.0,conditional_bounds,
1180354306008649728,2025,11,11,25,8,21.0,25.0,4.0,8.0,2.0,4.0,2.0,9.0,5.0,12.0,2.0,4.0,conditional_bounds,
1180354306008649728,2025,11,12,25,8,21.0,25.0,4.0,8.0,1.0,5.0,4.0,9.0,4.0,11.0,2.0,4.0,conditional_bounds,
1180354306008649728,2025,12,1,25,8,25.0,25.0,8.0,8.0,2.0,7.0,4.0,12.0,3.0,9.0,2.0,5.0,conditional_bounds,
1180354306008649728,2025,12,2,25,8,25.0,25.0,8.0,8.0,2.0,5.0,3.0,9.0,4.0,12.0,2.0,7.0,conditional_bounds,
1180354306008649728,2025,12,3,25,8,21.0,25.0,4.0,8.0,2.0,5.0,2.0,6.0,5.0,13.0,2.0,5.0,conditional_bounds,
1180354306008649728,2025,12,4,25,8,22.0,25.0,5.0,8.0,1.0,3.0,3.0,11.0,4.0,12.0,3.0,4.0,conditional_bounds,
1180354306008649728,2025,12,5,25,8,25.0,25.0,8.0,8.0,1.0,6.0,2.0,7.0,5.0,8.0,3.0,11.0,conditional_bounds,
1180354306008649728,2025,12,6,25,8,18.0,25.0,1.0,8.0,2.0,5.0,3.0,8.0,3.0,9.0,3.0,4.0,conditional_bounds,
1180354306008649728,2025,12,7,25,8,24.0,25.0,7.0,8.0,2.0,7.0,3.0,9.0,4.0,12.0,2.0,4.0,conditional_bounds,
1180354306008649728,2025,12,8,25,8,24.0,25.0,7.0,8.0,2.0,3.0,3.0,8.0,9.0,17.0,2.0,4.0,conditional_bounds,
1180354306008649728,2025,12,9,25,8,21.0,25.0,4.0,8.0,2.0,5.0,3.0,5.0,5.0,13.0,2.0,6.0,conditional_bounds,
1180354306008649728,2025,12,10,25,8,23.0,25.0,6.0,8.0,2.0,8.0,2.0,7.0,4.0,8.0,3.0,8.0,conditional_bounds,
1180354306008649728,2025,12,11,25,8,22.0,25.0,5.0,8.0,1.0,4.0,3.0,9.0,5.0,13.0,3.0,4.0,conditional_bounds,
1180354306008649728,2025,12,12,25,8,21.0,25.0,4.0,8.0,1.0,5.0,3.0,9.0,5.0,11.0,2.0,4.0,conditional_bounds,
1180354306008649728,2025,13,1,25,8,25.0,25.0,8.0,8.0,2.0,7.0,4.0,12.0,3.0,9.0,2.0,5.0,conditional_bounds,
1180354306008649728,2025,13,2,25,8,25.0,25.0,8.0,8.0,2.0,5.0,3.0,10.0,4.0,11.0,2.0,7.0,conditional_bounds,
1180354306008649728,2025,13,3,25,8,21.0,25.0,4.0,8.0,2.0,5.0,3.0,6.0,5.0,13.0,2.0,5.0,conditional_bounds,
1180354306008649728,2025,13,4,25,8,21.0,25.0,4.0,8.0,2.0,3.0,2.0,10.0,4.0,12.0,3.0,4.0,conditional_bounds,
1180354306008649728,2025,13,5,25,8,25.0,25.0,8.0,8.0,2.0,6.0,2.0,7.0,4.0,8.0,3.0,11.0,conditional_bounds,
1180354306008649728,2025,13,6,25,8,18.0,25.0,1.0,8.0,2.0,5.0,3.0,8.0,3.0,9.0,3.0,4.0,conditional_bounds,
1180354306008649728,2025,13,7,25,8,25.0,25.0,8.0,8.0,2.0,7.0,2.0,10.0,5.0,12.0,2.0,4.0,conditional_bounds,
1180354306008649728,2025,13,8,25,8,24.0,25.0,7.0,8.0,2.0,3.0,3.0,8.0,9.0,17.0,2.0,4.0,conditional_bounds,
1180354306008649728,2025,13,9,25,8,21.0,25.0,4.0,8.0,2.0,5.0,3.0,5.0,5.0,13.0,2.0,6.0,conditional_bounds,
1180354306008649728,2025,13,10,25,8,21.0,25.0,4.0,8.0,2.0,7.0,3.0,8.0,3.0,8.0,3.0,6.0,conditional_bounds,
1180354306008649728,2025,13,11,25,8,22.0,25.0,5.0,8.0,1.0,5.0,4.0,8.0,5.0,13.0,2.0,4.0,conditional_bounds,
1180354306008649728,2025,13,12,25,8,21.0,25.0,4.0,8.0,1.0,5.0,4.0,9.0,4.0,11.0,2.0,4.0,conditional_bounds,
1180354306008649728,2025,14,1,25,8,24.0,25.0,7.0,8.0,2.0,7.0,4.0,12.0,3.0,8.0,2.0,5.0,conditional_bounds,
1180354306008649728,2025,14,2,25,8,25.0,25.0,8.0,8.0,2.0,5.0,2.0,10.0,5.0,11.0,2.0,7.0,conditional_bounds,
1180354306008649728,2025,14,3,25,8,21.0,25.0,4.0,8.0,2.0,5.0,2.0,6.0,5.0,13.0,2.0,5.0,conditional_bounds,
1180354306008649728,2025,14,4,25,8,21.0,25.0,4.0,8.0,2.0,3.0,4.0,10.0,4.0,12.0,3.0,4.0,conditional_bounds,
1180354306008649728,2025,14,5,25,8,25.0,25.0,8.0,8.0,2.0,6.0,2.0,7.0,2.0,7.0,5.0,12.0,conditional_bounds,
1180354306008649728,2025,14,6,25,8,18.0,25.0,1.0,8.0,2.0,5.0,4.0,8.0,2.0,9.0,3.0,4.0,conditional_bounds,
1180354306008649728,2025,14,7,25,8,25.0,25.0,8.0,8.0,1.0,7.0,2.0,10.0,6.0,12.0,2.0,4.0,conditional_bounds,
1180354306008649728,2025,14,8,25,8,25.0,25.0,8.0,8.0,2.0,3.0,4.0,9.0,9.0,17.0,2.0,4.0,conditional_bounds,
1180354306008649728,2025,14,9,25,8,20.0,25.0,3.0,8.0,2.0,5.0,2.0,5.0,4.0,12.0,4.0,6.0,conditional_bounds,
1180354306008649728,2025,14,10,25,8,21.0,25.0,4.0,8.0,1.0,7.0,2.0,8.0,5.0,8.0,3.0,6.0,conditional_bounds,
1180354306008649728,2025,14,11,25,8,22.0,25.0,5.0,8.0,2.0,5.0,4.0,8.0,5.0,13.0,2.0,4.0,conditional_bounds,
1180354306008649728,2025,14,12,25,8,22.0,25.0,5.0,8.0,1.0,5.0,3.0,9.0,5.0,12.0,2.0,4.0,conditional_bounds,
1180578870847586304,2025,3,1,27,8,27.0,27.0,8.0,8.0,2.0,3.0,3.0,10.0,9.0,17.0,2.0,5.0,conditional_bounds,
1180578870847586304,2025,3,2,27,8,25.0,27.0,6.0,8.0,2.0,5.0,3.0,11.0,4.0,9.0,2.0,8.0,conditional_bounds,
1180578870847586304,2025,3,3,27,8,26.0,27.0,7.0,8.0,2.0,4.0,4.0,12.0,7.0,15.0,3.0,3.0,conditional_bounds,
1180578870847586304,2025,3,4,27,8,25.0,27.0,6.0,8.0,1.0,5.0,4.0,9.0,7.0,15.0,2.0,4.0,conditional_bounds,
1180578870847586304,2025,3,5,27,8,24.0,27.0,5.0,8.0,2.0,5.0,2.0,6.0,9.0,17.0,2.0,4.0,conditional_bounds,
1180578870847586304,2025,3,6,27,8,27.0,27.0,8.0,8.0,2.0,6.0,3.0,11.0,6.0,14.0,2.0,3.0,conditional_bounds,
1180578870847586304,2025,3,7,27,8,22.0,27.0,3.0,8.0,2.0,3.0,3.0,7.0,6.0,14.0,3.0,6.0,conditional_bounds,
1180578870847586304,2025,3,8,27,8,20.0,27.0,1.0,8.0,2.0,6.0,3.0,6.0,4.0,8.0,2.0,8.0,conditional_bounds,
1180578870847586304,2025,3,9,27,8,25.0,27.0,6.0,8.0,2.0,10.0,2.0,9.0,5.0,9.0,2.0,5.0,conditional_bounds,
1180578870847586304,2025,3,10,27,8,25.0,27.0,6.0,8.0,2.0,6.0,3.0,9.0,4.0,12.0,2.0,6.0,conditional_bounds,
1180578870847586304,2025,3,11,27,8,26.0,27.0,7.0,8.0,2.0,4.0,4.0,11.0,3.0,11.0,2.0,8.0,conditional_bounds,
1180578870847586304,2025,3,12,27,8,23.0,27.0,4.0,8.0,2.0,5.0,3.0,9.0,4.0,11.0,2.0,5.0,conditional_bounds,
1180578870847586304,2025,4,1,27,8,26.0,27.0,7.0,8.0,1.0,3.0,3.0,11.0,7.0,15.0,2.0,5.0,conditional_bounds,
1180578870847586304,2025,4,2,27,8,25.0,27.0,6.0,8.0,2.0,5.0,3.0,11.0,4.0,9.0,2.0,8.0,conditional_bounds,
1180578870847586304,2025,4,3,27,8,26.0,27.0,7.0,8.0,2.0,4.0,4.0,12.0,7.0,15.0,3.0,3.0,conditional_bounds,
1180578870847586304,2025,4,4,27,8,25.0,27.0,6.0,8.0,2.0,5.0,4.0,9.0,7.0,15.0,2.0,4.0,conditional_bounds,
1180578870847586304,2025,4,5,27,8,26.0,27.0,7.0,8.0,2.0,5.0,2.0,6.0,10.0,18.0,2.0,5.0,conditional_bounds,
1180578870847586304,2025,4,6,27,8,27.0,27.0,8.0,8.0,2.0,6.0,3.0,10.0,7.0,15.0,2.0,3.0,conditional_bounds,
1180578870847586304,2025,4,7,27,8,22.0,27.0,3.0,8.0,2.0,3.0,4.0,7.0,6.0,14.0,2.0,6.0,conditional_bounds,
1180578870847586304,2025,4,8,27,8,20.0,27.0,1.0,8.0,2.0,6.0,4.0,6.0,3.0,8.0,2.0,8.0,conditional_bounds,
1180578870847586304,2025,4,9,27,8,26.0,27.0,7.0,8.0,2.0,10.0,2.0,10.0,4.0,9.0,3.0,5.0,conditional_bounds,
1180578870847586304,2025,4,10,27,8,26.0,27.0,7.0,8.0,2.0,6.0,2.0,8.0,6.0,14.0,2.0,6.0,conditional_bounds,
1180578870847586304,2025,4,11,27,8,26.0,27.0,7.0,8.0,2.0,4.0,4.0,11.0,3.0,11.0,2.0,8.0,conditional_bounds,
1180578870847586304,2025,4,12,27,8,23.0,27.0,4.0,8.0,2.0,5.0,3.0,9.0,4.0,11.0,2.0,5.0,conditional_bounds,
1180578870847586304,2025,5,1,27,8,27.0,27.0,8.0,8.0,1.0,4.0,3.0,11.0,7.0,15.0,2.0,5.0,conditional_bounds,
1180578870847586304,2025,5,2,27,8,27.0,27.0,8.0,8.0,2.0,5.0,4.0,12.0,4.0,10.0,2.0,8.0,conditional_bounds,
1180578870847586304,2025,5,3,27,8,25.0,27.0,6.0,8.0,2.0,4.0,4.0,12.0,6.0,14.0,2.0,3.0,conditional_bounds,
1180578870847586304,2025,5,4,27,8,25.0,27.0,6.0,8.0,2.0,5.0,3.0,9.0,7.0,15.0,2.0,4.0,conditional_bounds,
1180578870847586304,2025,5,5,27,8,26.0,27.0,7.0,8.0,2.0,5.0,2.0,6.0,10.0,18.0,2.0,5.0,conditional_bounds,
1180578870847586304,2025,5,6,27,8,27.0,27.0,8.0,8.0,2.0,6.0,3.0,9.0,7.0,15.0,2.0,4.0,conditional_bounds,
1180578870847586304,2025,5,7,27,8,22.0,27.0,3.0,8.0,2.0,3.0,4.0,7.0,6.0,14.0,2.0,6.0,conditional_bounds,
1180578870847586304,2025,5,8,27,8,20.0,27.0,1.0,8.0,2.0,6.0,3.0,6.0,3.0,8.0,3.0,8.0,conditional_bounds,
1180578870847586304,2025,5,9,27,8,25.0,27.0,6.0,8.0,2.0,10.0,2.0,10.0,4.0,9.0,3.0,4.0,conditional_bounds,
1180578870847586304,2025,5,10,27,8,26.0,27.0,7.0,8.0,1.0,6.0,3.0,8.0,6.0,14.0,2.0,6.0,conditional_bounds,
1180578870847586304,2025,5,11,27,8,26.0,27.0,7.0,8.0,2.0,4.0,4.0,11.0,3.0,11.0,2.0,8.0,conditional_bounds,
1180578870847586304,2025,5,12,27,8,23.0,27.0,4.0,8.0,2.0,5.0,3.0,9.0,4.0,11.0,2.0,5.0,conditional_bounds,
1180578870847586304,2025,6,1,27,8,27.0,27.0,8.0,8.0,1.0,4.0,4.0,12.0,5.0,13.0,3.0,6.0,conditional_bounds,
1180578870847586304,2025,6,2,27,8,26.0,27.0,7.0,8.0,2.0,5.0,3.0,11.0,3.0,10.0,3.0,8.0,conditional_bounds,
1180578870847586304,2025,6,3,27,8,25.0,27.0,6.0,8.0,2.0,4.0,4.0,12.0,6.0,14.0,2.0,3.0,conditional_bounds,
1180578870847586304,2025,6,4,27,8,25.0,27.0,6.0,8.0,2.0,5.0,2.0,9.0,7.0,15.0,2.0,4.0,conditional_bounds,
1180578870847586304,2025,6,5,27,8,25.0,27.0,6.0,8.0,2.0,5.0,2.0,5.0,10.0,18.0,2.0,5.0,conditional_bounds,
1180578870847586304,2025,6,6,27,8,27.0,27.0,8.0,8.0,2.0,5.0,4.0,9.0,8.0,16.0,2.0,4.0,conditional_bounds,
1180578870847586304,2025,6,7,27,8,23.0,27.0,4.0,8.0,2.0,3.0,4.0,7.0,6.0,14.0,2.0,7.0,conditional_bounds,
1180578870847586304,2025,6,8,27,8,20.0,27.0,1.0,8.0,1.0,6.0,3.0,6.0,4.0,8.0,3.0,8.0,conditional_bounds,
1180578870847586304,2025,6,9,27,8,24.0,27.0,5.0,8.0,2.0,10.0,2.0,9.0,5.0,9.0,2.0,4.0,conditional_bounds,
1180578870847586304,2025,6,10,27,8,27.0,27.0,8.0,8.0,2.0,6.0,2.0,8.0,7.0,15.0,2.0,6.0,conditional_bounds,
1180578870847586304,2025,6,11,27,8,23.0,27.0,4.0,8.0,2.0,5.0,4.0,12.0,3.0,8.0,2.0,6.0,conditional_bounds,
1180578870847586304,2025,6,12,27,8,23.0,27.0,4.0,8.0,2.0,5.0,2.0,9.0,5.0,11.0,2.0,5.0,conditional_bounds,
1180578870847586304,2025,7,1,27,8,27.0,27.0,8.0,8.0,1.0,2.0,4.0,12.0,6.0,14.0,2.0,7.0,conditional_bounds,
1180578870847586304,2025,7,2,27,8,26.0,27.0,7.0,8.0,2.0,5.0,3.0,11.0,3.0,10.0,3.0,8.0,conditional_bounds,
1180578870847586304,2025,7,3,27,8,26.0,27.0,7.0,8.0,1.0,4.0,4.0,12.0,7.0,15.0,2.0,3.0,conditional_bounds,
1180578870847586304,2025,7,4,27,8,24.0,27.0,5.0,8.0,2.0,5.0,3.0,9.0,7.0,15.0,2.0,3.0,conditional_bounds,
1180578870847586304,2025,7,5,27,8,25.0,27.0,6.0,8.0,2.0,5.0,2.0,5.0,10.0,18.0,2.0,5.0,conditional_bounds,
1180578870847586304,2025,7,6,27,8,27.0,27.0,8.0,8.0,2.0,5.0,4.0,9.0,7.0,15.0,2.0,5.0,conditional_bounds,
1180578870847586304,2025,7,7,27,8,23.0,27.0,4.0,8.0,2.0,3.0,2.0,7.0,6.0,14.0,4.0,7.0,conditional_bounds,
1180578870847586304,2025,7,8,27,8,20.0,27.0,1.0,8.0,2.0,6.0,3.0,6.0,3.0,8.0,3.0,8.0,conditional_bounds,
1180578870847586304,2025,7,9,27,8,24.0,27.0,5.0,8.0,2.0,10.0,2.0,9.0,5.0,9.0,2.0,4.0,conditional_bounds,
1180578870847586304,2025,7,10,27,8,27.0,27.0,8.0,8.0,2.0,6.0,2.0,8.0,7.0,15.0,2.0,6.0,conditional_bounds,
1180578870847586304,2025,7,11,27,8,25.0,27.0,6.0,8.0,2.0,5.0,5.0,13.0,3.0,9.0,2.0,6.0,conditional_bounds,
1180578870847586304,2025,7,12,27,8,23.0,27.0,4.0,8.0,2.0,5.0,2.0,9.0,5.0,11.0,2.0,5.0,conditional_bounds,
1180578870847586304,2025,8,1,27,8,27.0,27.0,8.0,8.0,1.0,2.0,4.0,12.0,6.0,14.0,2.0,7.0,conditional_bounds,
1180578870847586304,2025,8,2,27,8,26.0,27.0,7.0,8.0,2.0,5.0,3.0,11.0,3.0,10.0,3.0,8.0,conditional_bounds,
1180578870847586304,2025,8,3,27,8,27.0,27.0,8.0,8.0,2.0,5.0,4.0,12.0,7.0,15.0,2.0,3.0,conditional_bounds,
1180578870847586304,2025,8,4,27,8,24.0,27.0,5.0,8.0,2.0,5.0,2.0,9.0,7.0,15.0,3.0,3.0,conditional_bounds,
1180578870847586304,2025,8,5,27,8,25.0,27.0,6.0,8.0,2.0,5.0,2.0,5.0,10.0,18.0,2.0,5.0,conditional_bounds,
1180578870847586304,2025,8,6,27,8,27.0,27.0,8.0,8.0,2.0,5.0,4.0,9.0,6.0,14.0,2.0,6.0,conditional_bounds,
1180578870847586304,2025,8,7,27,8,23.0,27.0,4.0,8.0,1.0,3.0,4.0,7.0,6.0,14.0,2.0,7.0,conditional_bounds,
1180578870847586304,2025,8,8,27,8,21.0,27.0,2.0,8.0,2.0,7.0,3.0,6.0,3.0,8.0,3.0,8.0,conditional_bounds,
1180578870847586304,2025,8,9,27,8,24.0,27.0,5.0,8.0,2.0,10.0,2.0,9.0,4.0,9.0,3.0,4.0,conditional_bounds,
1180578870847586304,2025,8,10,27,8,27.0,27.0,8.0,8.0,1.0,6.0,2.0,8.0,7.0,15.0,4.0,6.0,conditional_bounds,
1180578870847586304,2025,8,11,27,8,24.0,27.0,5.0,8.0,1.0,6.0,5.0,13.0,3.0,7.0,2.0,6.0,conditional_bounds,
1180578870847586304,2025,8,12,27,8,23.0,27.0,4.0,8.0,1.0,5.0,4.0,8.0,4.0,11.0,2.0,6.0,conditional_bounds,
1180578870847586304,2025,9,1,27,8,27.0,27.0,8.0,8.0,2.0,3.0,3.0,11.0,6.0,14.0,2.0,7.0,conditional_bounds,
1180578870847586304,2025,9,2,27,8,26.0,27.0,7.0,8.0,2.0,5.0,3.0,11.0,3.0,10.0,3.0,8.0,conditional_bounds,
1180578870847586304,2025,9,3,27,8,27.0,27.0,8.0,8.0,1.0,3.0,5.0,13.0,8.0,16.0,2.0,3.0,conditional_bounds,
1180578870847586304,2025,9,4,27,8,24.0,27.0,5.0,8.0,1.0,5.0,3.0,9.0,7.0,15.0,2.0,3.0,conditional_bounds,
1180578870847586304,2025,9,5,27,8,24.0,27.0,5.0,8.0,2.0,5.0,2.0,5.0,10.0,18.0,2.0,4.0,conditional_bounds,
1180578870847586304,2025,9,6,27,8,27.0,27.0,8.0,8.0,2.0,5.0,4.0,9.0,6.0,14.0,2.0,6.0,conditional_bounds,
1180578870847586304,2025,9,7,27,8,24.0,27.0,5.0,8.0,1.0,3.0,3.0,7.0,6.0,14.0,3.0,8.0,conditional_bounds,
1180578870847586304,2025,9,8,27,8,21.0,27.0,2.0,8.0,2.0,7.0,3.0,6.0,3.0,8.0,3.0,8.0,conditional_bounds,
1180578870847586304,2025,9,9,27,8,24.0,27.0,5.0,8.0,2.0,10.0,2.0,9.0,5.0,9.0,2.0,4.0,conditional_bounds,
1180578870847586304,2025,9,10,27,8,26.0,27.0,7.0,8.0,2.0,6.0,2.0,8.0,6.0,14.0,2.0,6.0,conditional_bounds,
1180578870847586304,2025,9,11,27,8,24.0,27.0,5.0,8.0,1.0,7.0,5.0,12.0,3.0,7.0,2.0,6.0,conditional_bounds,
1180578870847586304,2025,9,12,27,8,23.0,27.0,4.0,8.0,2.0,5.0,2.0,8.0,5.0,11.0,2.0,6.0,conditional_bounds,
1180578870847586304,2025,10,1,27,8,27.0,27.0,8.0,8.0,2.0,3.0,3.0,11.0,6.0,14.0,2.0,7.0,conditional_bounds,
1180578870847586304,2025,10,2,27,8,26.0,27.0,7.0,8.0,2.0,5.0,3.0,11.0,3.0,10.0,4.0,8.0,conditional_bounds,
1180578870847586304,2025,10,3,27,8,27.0,27.0,8.0,8.0,1.0,3.0,5.0,13.0,8.0,16.0,2.0,3.0,conditional_bounds,
1180578870847586304,2025,10,4,27,8,23.0,27.0,4.0,8.0,2.0,5.0,4.0,9.0,6.0,14.0,2.0,3.0,conditional_bounds,
1180578870847586304,2025,10,5,27,8,24.0,27.0,5.0,8.0,2.0,5.0,2.0,4.0,10.0,18.0,2.0,5.0,conditional_bounds,
1180578870847586304,2025,10,6,27,8,26.0,27.0,7.0,8.0,2.0,4.0,4.0,9.0,6.0,14.0,2.0,6.0,conditional_bounds,
1180578870847586304,2025,10,7,27,8,24.0,27.0,5.0,8.0,2.0,4.0,3.0,8.0,6.0,14.0,3.0,6.0,conditional_bounds,
1180578870847586304,2025,10,8,27,8,21.0,27.0,2.0,8.0,2.0,7.0,2.0,6.0,3.0,8.0,4.0,8.0,conditional_bounds,
1180578870847586304,2025,10,9,27,8,24.0,27.0,5.0,8.0,2.0,10.0,2.0,9.0,4.0,9.0,3.0,4.0,conditional_bounds,
1180578870847586304,2025,10,10,27,8,25.0,27.0,6.0,8.0,2.0,6.0,2.0,8.0,5.0,12.0,2.0,7.0,conditional_bounds,
1180578870847586304,2025,10,11,27,8,24.0,27.0,5.0,8.0,2.0,7.0,4.0,12.0,3.0,7.0,3.0,6.0,conditional_bounds,
1180578870847586304,2025,10,12,27,8,22.0,27.0,3.0,8.0,1.0,5.0,3.0,7.0,5.0,11.0,2.0,6.0,conditional_bounds,
1180578870847586304,2025,11,1,27,8,27.0,27.0,8.0,8.0,2.0,3.0,3.0,11.0,6.0,14.0,2.0,7.0,conditional_bounds,
1180578870847586304,2025,11,2,27,8,26.0,27.0,7.0,8.0,2.0,5.0,3.0,11.0,4.0,10.0,3.0,8.0,conditional_bounds,
1180578870847586304,2025,11,3,27,8,27.0,27.0,8.0,8.0,1.0,3.0,5.0,13.0,8.0,16.0,2.0,3.0,conditional_bounds,
1180578870847586304,2025,11,4,27,8,24.0,27.0,5.0,8.0,1.0,5.0,2.0,9.0,7.0,15.0,3.0,3.0,conditional_bounds,
1180578870847586304,2025,11,5,27,8,24.0,27.0,5.0,8.0,2.0,5.0,2.0,4.0,10.0,18.0,2.0,5.0,conditional_bounds,
1180578870847586304,2025,11,6,27,8,26.0,27.0,7.0,8.0,2.0,6.0,4.0,8.0,5.0,13.0,2.0,6.0,conditional_bounds,
1180578870847586304,2025,11,7,27,8,24.0,27.0,5.0,8.0,2.0,4.0,4.0,8.0,6.0,14.0,2.0,6.0,conditional_bounds,
1180578870847586304,2025,11,8,27,8,21.0,27.0,2.0,8.0,2.0,7.0,2.0,6.0,5.0,8.0,2.0,8.0,conditional_bounds,
1180578870847586304,2025,11,9,27,8,24.0,27.0,5.0,8.0,2.0,10.0,3.0,8.0,3.0,9.0,3.0,5.0,conditional_bounds,
1180578870847586304,2025,11,10,27,8,25.0,27.0,6.0,8.0,2.0,6.0,2.0,8.0,5.0,12.0,2.0,7.0,conditional_bounds,
1180578870847586304,2025,11,11,27,8,24.0,27.0,5.0,8.0,2.0,7.0,4.0,12.0,3.0,7.0,2.0,6.0,conditional_bounds,
1180578870847586304,2025,11,12,27,8,22.0,27.0,3.0,8.0,2.0,5.0,2.0,7.0,5.0,11.0,2.0,6.0,conditional_bounds,
1180578870847586304,2025,12,1,27,8,27.0,27.0,8.0,8.0,2.0,3.0,3.0,11.0,6.0,14.0,2.0,7.0,conditional_bounds,
1180578870847586304,2025,12,2,27,8,25.0,27.0,6.0,8.0,2.0,5.0,2.0,10.0,3.0,10.0,4.0,8.0,conditional_bounds,
1180578870847586304,2025,12,3,27,8,27.0,27.0,8.0,8.0,1.0,3.0,5.0,13.0,8.0,16.0,2.0,3.0,conditional_bounds,
1180578870847586304,2025,12,4,27,8,24.0,27.0,5.0,8.0,2.0,5.0,3.0,9.0,7.0,15.0,2.0,3.0,conditional_bounds,
1180578870847586304,2025,12,5,27,8,26.0,27.0,7.0,8.0,1.0,5.0,2.0,6.0,10.0,18.0,3.0,5.0,conditional_bounds,
1180578870847586304,2025,12,6,27,8,26.0,27.0,7.0,8.0,2.0,6.0,4.0,8.0,5.0,13.0,2.0,6.0,conditional_bounds,
1180578870847586304,2025,12,7,27,8,24.0,27.0,5.0,8.0,2.0,4.0,4.0,8.0,6.0,14.0,2.0,6.0,conditional_bounds,
1180578870847586304,2025,12,8,27,8,21.0,27.0,2.0,8.0,1.0,7.0,3.0,6.0,4.0,8.0,3.0,8.0,conditional_bounds,
1180578870847586304,2025,12,9,27,8,24.0,27.0,5.0,8.0,2.0,10.0,3.0,8.0,3.0,9.0,4.0,5.0,conditional_bounds,
1180578870847586304,2025,12,10,27,8,25.0,27.0,6.0,8.0,2.0,6.0,2.0,8.0,5.0,12.0,2.0,7.0,conditional_bounds,
1180578870847586304,2025,12,11,27,8,24.0,27.0,5.0,8.0,2.0,8.0,4.0,12.0,3.0,6.0,2.0,6.0,conditional_bounds,
1180578870847586304,2025,12,12,27,8,22.0,27.0,3.0,8.0,2.0,5.0,3.0,7.0,4.0,11.0,2.0,6.0,conditional_bounds,
1180578870847586304,2025,13,1,27,8,27.0,27.0,8.0,8.0,1.0,3.0,3.0,11.0,6.0,14.0,2.0,7.0,conditional_bounds,
1180578870847586304,2025,13,2,27,8,25.0,27.0,6.0,8.0,2.0,5.0,2.0,10.0,3.0,10.0,4.0,8.0,conditional_bounds,
1180578870847586304,2025,13,3,27,8,27.0,27.0,8.0,8.0,1.0,3.0,5.0,13.0,8.0,16.0,3.0,3.0,conditional_bounds,
1180578870847586304,2025,13,4,27,8,23.0,27.0,4.0,8.0,2.0,5.0,3.0,9.0,6.0,14.0,2.0,3.0,conditional_bounds,
1180578870847586304,2025,13,5,27,8,26.0,27.0,7.0,8.0,2.0,5.0,2.0,6.0,10.0,18.0,3.0,5.0,conditional_bounds,
1180578870847586304,2025,13,6,27,8,26.0,27.0,7.0,8.0,2.0,6.0,4.0,8.0,6.0,14.0,2.0,5.0,conditional_bounds,
1180578870847586304,2025,13,7,27,8,24.0,27.0,5.0,8.0,2.0,4.0,4.0,8.0,6.0,14.0,2.0,6.0,conditional_bounds,
1180578870847586304,2025,13,8,27,8,21.0,27.0,2.0,8.0,2.0,7.0,3.0,6.0,4.0,8.0,2.0,8.0,conditional_bounds,
1180578870847586304,2025,13,9,27,8,24.0,27.0,5.0,8.0,2.0,10.0,3.0,8.0,3.0,9.0,3.0,5.0,conditional_bounds,
1180578870847586304,2025,13,10,27,8,25.0,27.0,6.0,8.0,2.0,6.0,2.0,8.0,5.0,12.0,2.0,7.0,conditional_bounds,
1180578870847586304,2025,13,11,27,8,23.0,27.0,4.0,8.0,2.0,8.0,4.0,12.0,3.0,5.0,2.0,6.0,conditional_bounds,
1180578870847586304,2025,13,12,27,8,22.0,27.0,3.0,8.0,2.0,5.0,2.0,7.0,5.0,11.0,2.0,6.0,conditional_bounds,
1180578870847586304,2025,14,1,27,8,26.0,27.0,7.0,8.0,2.0,3.0,3.0,11.0,5.0,13.0,2.0,7.0,conditional_bounds,
1180578870847586304,2025,14,2,27,8,25.0,27.0,6.0,8.0,2.0,5.0,2.0,10.0,4.0,10.0,3.0,8.0,conditional_bounds,
1180578870847586304,2025,14,3,27,8,27.0,27.0,8.0,8.0,1.0,3.0,5.0,13.0,8.0,16.0,3.0,3.0,conditional_bounds,
1180578870847586304,2025,14,4,27,8,22.0,27.0,3.0,8.0,2.0,4.0,4.0,9.0,6.0,14.0,2.0,3.0,conditional_bounds,
1180578870847586304,2025,14,5,27,8,26.0,27.0,7.0,8.0,1.0,5.0,2.0,6.0,11.0,19.0,2.0,4.0,conditional_bounds,
1180578870847586304,2025,14,6,27,8,26.0,27.0,7.0,8.0,2.0,6.0,3.0,8.0,6.0,14.0,2.0,5.0,conditional_bounds,
1180578870847586304,2025,14,7,27,8,24.0,27.0,5.0,8.0,2.0,4.0,4.0,8.0,6.0,14.0,2.0,6.0,conditional_bounds,
1180578870847586304,2025,14,8,27,8,21.0,27.0,2.0,8.0,2.0,7.0,2.0,6.0,4.0,8.0,3.0,8.0,conditional_bounds,
1180578870847586304,2025,14,9,27,8,24.0,27.0,5.0,8.0,2.0,10.0,2.0,8.0,4.0,9.0,3.0,5.0,conditional_bounds,
1180578870847586304,2025,14,10,27,8,27.0,27.0,8.0,8.0,1.0,6.0,2.0,9.0,5.0,13.0,3.0,7.0,conditional_bounds,
1180578870847586304,2025,14,11,27,8,24.0,27.0,5.0,8.0,2.0,8.0,4.0,12.0,3.0,6.0,2.0,6.0,conditional_bounds,
1180578870847586304,2025,14,12,27,8,22.0,27.0,3.0,8.0,2.0,5.0,2.0,7.0,5.0,11.0,2.0,6.0,conditional_bounds,
