season,player_id,player_name,position,games,fantasy_points,porp,worp,avg_replacement_points,avg_starter_cutoff_rank,avg_replacement_pool_start,avg_replacement_pool_end,avg_replacement_effective_rank,avg_replacement_rank,avg_replacement_win_prob,overall_rank,pos_rank
2018,1426,DeAndre Hopkins,WR,16,386.70000000000005,237.49,2.2514259062499997,9.325625,48.4375,49.4375,54.4375,51.9375,49.4375,0.40659842529296875,26,1
2018,947,Julio Jones,WR,16,379.8,231.54000000000002,2.1347504375,9.26625,48.375,49.375,54.375,51.875,49.375,0.408774296875,28,2
2018,3321,Tyreek Hill,WR,16,387.4,239.14999999999998,2.1285312578125,9.265625,48.5,49.5,54.5,52.0,49.5,0.4086431118164062,29,3
2018,2133,Davante Adams,WR,16,371.6,222.59,2.0924420624999995,9.313125,48.375,49.375,54.375,51.875,49.375,0.4082058271484375,32,4
2018,536,Antonio Brown,WR,16,369.7,220.69,2.042805296875,9.313125,48.375,49.375,54.375,51.875,49.375,0.4082058271484375,34,5
2018,1689,Adam Thielen,WR,16,358.8,209.59,1.997143046875,9.325625,48.4375,49.4375,54.4375,51.9375,49.4375,0.40659842529296875,35,6
2018,3199,Michael Thomas,WR,16,358.0,209.69,1.9183903593749998,9.269375,48.25,49.25,54.25,51.75,49.25,0.40847690673828124,39,7
2018,4040,JuJu Smith-Schuster,WR,16,345.1,196.09,1.840539390625,9.313125,48.375,49.375,54.375,51.875,49.375,0.4082058271484375,43,8
2018,2216,Mike Evans,WR,16,335.40000000000003,187.84000000000003,1.8290867187499997,9.2225,48.1875,49.1875,54.1875,51.6875,49.1875,0.4076661923828125,44,9
2018,1352,Robert Woods,WR,16,310.90000000000003,162.65,1.5429633749999998,9.265625,48.5,49.5,54.5,52.0,49.5,0.4086431118164062,50,10
2018,2449,Stefon Diggs,WR,16,301.3,152.09,1.459379421875,9.325625,48.4375,49.4375,54.4375,51.9375,49.4375,0.40659842529296875,51,11
2018,1479,Keenan Allen,WR,16,297.4,149.14000000000001,1.3713387421874998,9.26625,48.375,49.375,54.375,51.875,49.375,0.408774296875,53,12
2018,2197,Brandin Cooks,WR,16,285.7,137.45,1.2575291796875,9.265625,48.5,49.5,54.5,52.0,49.5,0.4086431118164062,58,13
2018,344,Julian Edelman,WR,12,236.72,127.61,1.2168673515625004,9.0925,47.916666666666664,48.916666666666664,53.916666666666664,51.416666666666664,48.916666666666664,0.4108285084635417,61,14
2018,1110,T.Y. Hilton,WR,16,278.5,129.39000000000001,1.2109113515625,9.319375,48.625,49.625,54.625,52.125,49.625,0.40689815625,62,15
2018,2078,Odell Beckham,WR,16,275.34000000000003,126.23000000000002,1.2036531875,9.319375,48.625,49.625,54.625,52.125,49.625,0.40689815625,64,16
2018,538,Emmanuel Sanders,WR,12,229.02,117.51,1.1162177421874997,9.2925,48.333333333333336,49.333333333333336,54.333333333333336,51.833333333333336,49.333333333333336,0.40452658138020836,71,17
2018,3225,Tyler Boyd,WR,15,253.0,112.44,1.1014797656250002,9.370666666666667,48.333333333333336,49.333333333333336,54.333333333333336,51.833333333333336,49.333333333333336,0.407488534375,72,18
2018,2374,Tyler Lockett,WR,16,254.5,105.49000000000001,1.0156118593749999,9.313125,48.375,49.375,54.375,51.875,49.375,0.4082058271484375,75,19
2018,2309,Amari Cooper,WR,15,253.9,113.94,1.0135508437500003,9.330666666666668,48.4,49.4,54.4,51.9,49.4,0.4091051770833333,76,20
2018,1825,Jarvis Landry,WR,16,251.22,101.41000000000001,1.0006311953125002,9.363125,48.0625,49.0625,54.0625,51.5625,49.0625,0.4079684282226562,78,21
2018,4131,Kenny Golladay,WR,16,242.3,93.99000000000001,0.8849372656249999,9.269375,48.25,49.25,54.25,51.75,49.25,0.40847690673828124,82,22
2018,4981,Calvin Ridley,WR,16,235.5,87.24000000000001,0.8500601796874998,9.26625,48.375,49.375,54.375,51.875,49.375,0.408774296875,84,23
2018,2822,Adam Humphries,WR,16,215.1,67.54,0.6327210468749997,9.2225,48.1875,49.1875,54.1875,51.6875,49.1875,0.4076661923828125,99,24
2018,4037,Chris Godwin,WR,16,211.7,64.14,0.6295627109374997,9.2225,48.1875,49.1875,54.1875,51.6875,49.1875,0.4076661923828125,100,25
2018,1071,Mohamed Sanu,WR,16,213.8,65.54,0.62087371875,9.26625,48.375,49.375,54.375,51.875,49.375,0.408774296875,101,26
2018,4068,Mike Williams,WR,16,204.6,56.34000000000001,0.6149548203125,9.26625,48.375,49.375,54.375,51.875,49.375,0.408774296875,102,27
2018,1149,Alshon Jeffery,WR,16,213.3,64.19,0.6107690234374998,9.319375,48.625,49.625,54.625,52.125,49.625,0.40689815625,104,28
2018,642,Golden Tate,WR,15,204.7,64.59,0.5994061796875001,9.340666666666667,48.53333333333333,49.53333333333333,54.53333333333333,52.03333333333333,49.53333333333333,0.4073931119791666,106,29
2018,3200,Sterling Shepard,WR,16,212.1,62.989999999999995,0.5912330468749998,9.319375,48.625,49.625,54.625,52.125,49.625,0.40689815625,107,30
2018,223,Larry Fitzgerald,WR,16,209.18,60.07000000000001,0.5813492421875002,9.319375,48.625,49.625,54.625,52.125,49.625,0.40689815625,110,31
2018,830,A.J. Green,WR,12,169.4,57.99000000000001,0.5769772968749999,9.284166666666666,48.583333333333336,49.583333333333336,54.583333333333336,52.083333333333336,49.583333333333336,0.40492622265625,111,32
2018,4036,Corey Davis,WR,16,213.8,65.54,0.5700983828125001,9.26625,48.375,49.375,54.375,51.875,49.375,0.408774296875,112,33
2018,4039,Cooper Kupp,WR,10,156.9,63.800000000000004,0.5561660703125002,9.309999999999999,48.2,49.2,54.2,51.7,49.2,0.406226184375,113,34
2018,4146,Dede Westbrook,WR,16,206.3,57.19,0.5291712265624999,9.319375,48.625,49.625,54.625,52.125,49.625,0.40689815625,116,35
2018,3157,William Fuller,WR,8,122.3,45.5,0.47740617187499995,9.6,48.875,49.875,54.875,52.375,49.875,0.4009998115234375,121,36
2018,2025,Albert Wilson,WR,7,116.88,49.13000000000001,0.47382801562500004,9.678571428571429,49.0,50.0,55.0,52.5,50.0,0.4018975591517857,122,37
2018,2325,Nelson Agholor,WR,16,189.0,39.89,0.3839261093750002,9.319375,48.625,49.625,54.625,52.125,49.625,0.40689815625,127,38
2018,560,Demaryius Thomas,WR,15,178.70000000000002,38.040000000000006,0.37894090625000004,9.377333333333333,48.13333333333333,49.13333333333333,54.13333333333333,51.63333333333333,49.13333333333333,0.40716882135416665,128,39
2018,4983,DJ Moore,WR,16,183.60000000000002,36.940000000000005,0.3603099374999998,9.16625,48.25,49.25,54.25,51.75,49.25,0.407950650390625,129,40
2018,175,Jordy Nelson,WR,16,178.9,29.890000000000008,0.3522183671875001,9.313125,48.375,49.375,54.375,51.875,49.375,0.4082058271484375,130,41
2018,1067,Marvin Jones,WR,11,130.3,29.640000000000004,0.3070527265625,9.15090909090909,48.27272727272727,49.27272727272727,54.27272727272727,51.77272727272727,49.27272727272727,0.40611018536931814,133,42
2018,4080,Zay Jones,WR,16,181.9,32.09,0.3038820859375004,9.363125,48.0625,49.0625,54.0625,51.5625,49.0625,0.4079684282226562,134,43
2018,3423,Robbie Chosen,WR,16,177.3,27.490000000000002,0.2944773984375,9.363125,48.0625,49.0625,54.0625,51.5625,49.0625,0.4079684282226562,137,44
2018,4950,Christian Kirk,WR,12,139.6,28.189999999999998,0.28916822656249996,9.284166666666666,48.583333333333336,49.583333333333336,54.583333333333336,52.083333333333336,49.583333333333336,0.40492622265625,138,45
2018,147,DeSean Jackson,WR,16,180.0,32.440000000000005,0.2804178359375001,9.2225,48.1875,49.1875,54.1875,51.6875,49.1875,0.4076661923828125,139,46
2018,1244,Josh Gordon,WR,14,159.7,28.69,0.26146362500000014,9.357857142857142,47.42857142857143,48.42857142857143,53.42857142857143,50.92857142857143,48.42857142857143,0.40769104296875003,141,47
2018,1903,Taylor Gabriel,WR,16,175.70000000000002,28.140000000000008,0.2374644218749999,9.2225,48.1875,49.1875,54.1875,51.6875,49.1875,0.4076661923828125,143,48
2018,1992,Allen Robinson,WR,16,173.5,25.939999999999998,0.21178501562500002,9.2225,48.1875,49.1875,54.1875,51.6875,49.1875,0.4076661923828125,149,49
2018,1144,Cole Beasley,WR,16,170.2,21.940000000000005,0.19852181249999973,9.26625,48.375,49.375,54.375,51.875,49.375,0.408774296875,150,50
2018,2238,John Brown,WR,16,165.5,16.290000000000006,0.15701861718749982,9.325625,48.4375,49.4375,54.4375,51.9375,49.4375,0.40659842529296875,155,51
2018,2583,Tyrell Williams,WR,16,160.70000000000002,12.440000000000012,0.11972557812500001,9.26625,48.375,49.375,54.375,51.875,49.375,0.408774296875,159,52
2018,988,Doug Baldwin,WR,16,160.8,11.790000000000003,0.1194612968749999,9.313125,48.375,49.375,54.375,51.875,49.375,0.4082058271484375,160,53
2018,4082,Curtis Samuel,WR,16,153.9,7.240000000000002,0.08750490625000018,9.16625,48.25,49.25,54.25,51.75,49.25,0.407950650390625,164,54
2018,5310,Antonio Callaway,WR,16,151.2,1.3900000000000041,0.0656621796875001,9.363125,48.0625,49.0625,54.0625,51.5625,49.0625,0.4079684282226562,169,55
2018,1555,Kenny Stills,WR,16,155.92000000000002,6.110000000000003,0.06355800000000006,9.363125,48.0625,49.0625,54.0625,51.5625,49.0625,0.4079684282226562,170,56
2018,5045,Courtland Sutton,WR,16,154.5,5.290000000000006,0.056862453125000045,9.325625,48.4375,49.4375,54.4375,51.9375,49.4375,0.40659842529296875,172,57
2018,1911,Willie Snead,WR,16,153.6,4.390000000000008,0.02619308593749997,9.325625,48.4375,49.4375,54.4375,51.9375,49.4375,0.40659842529296875,177,58
2018,455,Michael Crabtree,WR,16,150.20000000000002,0.9900000000000073,0.01761553125000004,9.325625,48.4375,49.4375,54.4375,51.9375,49.4375,0.40659842529296875,179,59
2018,5250,Robert Foster,WR,13,118.1,-6.160000000000002,-0.012863265624999565,9.558461538461538,48.38461538461539,49.38461538461539,54.38461538461539,51.88461538461539,49.38461538461539,0.4080180270432692,183,60
2018,1971,Donte Moncrief,WR,16,149.8,0.690000000000003,-0.017470187500000067,9.319375,48.625,49.625,54.625,52.125,49.625,0.40689815625,184,61
2018,2980,Eli Rogers,WR,3,23.7,-4.3,-0.037345359375,9.333333333333334,49.666666666666664,50.666666666666664,55.666666666666664,53.166666666666664,50.666666666666664,0.41144785937499995,190,62
2018,491,Danny Amendola,WR,16,144.12,-5.6899999999999995,-0.047575453124999945,9.363125,48.0625,49.0625,54.0625,51.5625,49.0625,0.4079684282226562,193,63
2018,2291,Dontrelle Inman,WR,10,84.4,-5.259999999999998,-0.04992214843749998,8.966,48.3,49.3,54.3,51.8,49.3,0.41008986796875,194,64
2018,3503,Geronimo Allison,WR,8,69.8,-6.899999999999999,-0.05260609375000008,9.5875,48.375,49.375,54.375,51.875,49.375,0.4036151533203125,197,65
2018,817,Jeremy Kerley,WR,1,2.7,-6.249999999999999,-0.052882843750000075,8.95,49.0,50.0,55.0,52.5,50.0,0.39759192187500003,198,66
2018,2279,Paul Richardson,WR,8,67.5,-6.8500000000000005,-0.05984722656250013,9.29375,48.125,49.125,54.125,51.625,49.125,0.4031047998046875,200,67
2018,1817,Sammy Watkins,WR,16,133.1,-15.149999999999999,-0.05985762499999997,9.265625,48.5,49.5,54.5,52.0,49.5,0.4086431118164062,201,68
2018,5135,Saeed Blacknall,WR,1,0.0,-7.5,-0.06266007812500007,7.5,53.0,54.0,59.0,56.5,54.0,0.4076094765625001,203,69
2018,1413,Markus Wheaton,WR,1,0.0,-8.95,-0.0748330859375001,8.95,49.0,50.0,55.0,52.5,50.0,0.39759192187500003,208,70
2018,2803,Bradley Marquez,WR,1,0.0,-8.95,-0.0748330859375001,8.95,49.0,50.0,55.0,52.5,50.0,0.39759192187500003,209,71
2018,4175,Chad Hansen,WR,1,0.0,-8.95,-0.0748330859375001,8.95,49.0,50.0,55.0,52.5,50.0,0.39759192187500003,210,72
2018,5432,Cam Sims,WR,1,0.0,-8.95,-0.0748330859375001,8.95,49.0,50.0,55.0,52.5,50.0,0.39759192187500003,211,73
2018,695,Ted Ginn,WR,7,59.6,-9.65,-0.07908661718749993,9.892857142857142,50.0,51.0,56.0,53.5,51.0,0.40425975,213,74
2018,3420,Alonzo Russell,WR,1,0.0,-8.55,-0.08168378906250001,8.55,53.0,54.0,59.0,56.5,54.0,0.398042484375,214,75
2018,3517,Hunter Sharp,WR,1,0.0,-8.55,-0.08168378906250001,8.55,53.0,54.0,59.0,56.5,54.0,0.398042484375,215,76
2018,3840,Max McCaffrey,WR,1,0.0,-8.55,-0.08168378906250001,8.55,53.0,54.0,59.0,56.5,54.0,0.398042484375,216,77
2018,4243,Malachi Dupre,WR,1,0.0,-8.55,-0.08168378906250001,8.55,53.0,54.0,59.0,56.5,54.0,0.398042484375,217,78
2018,5132,Steven Mitchell,WR,1,0.0,-8.55,-0.08168378906250001,8.55,53.0,54.0,59.0,56.5,54.0,0.398042484375,218,79
2018,5391,Steven Dunbar,WR,1,0.0,-8.55,-0.08168378906250001,8.55,53.0,54.0,59.0,56.5,54.0,0.398042484375,219,80
2018,5779,Blake Jackson,WR,1,0.0,-8.55,-0.08168378906250001,8.55,53.0,54.0,59.0,56.5,54.0,0.398042484375,220,81
2018,346,Brandon Tate,WR,1,0.0,-10.649999999999999,-0.08250366406249993,10.649999999999999,50.0,51.0,56.0,53.5,51.0,0.407893921875,221,82
2018,5262,Steve Ishmael,WR,1,0.0,-9.05,-0.08662128906249994,9.05,48.0,49.0,54.0,51.5,49.0,0.39471557812499997,222,83
2018,3476,Johnny Holton,WR,1,0.0,-9.06,-0.08670578124999995,9.06,46.0,47.0,52.0,49.5,47.0,0.39681453906249997,223,84
2018,5139,Trey Quinn,WR,4,25.200000000000003,-10.259999999999998,-0.08941619531250011,8.865,48.5,49.5,54.5,52.0,49.5,0.40479464453125,225,85
2018,4614,Riley McCarron,WR,1,-2.0,-10.95,-0.09071567187500001,8.95,49.0,50.0,55.0,52.5,50.0,0.39759192187500003,227,86
2018,1020,Terrelle Pryor,WR,8,59.8,-15.949999999999998,-0.12152721874999983,9.46875,48.25,49.25,54.25,51.75,49.25,0.407966896484375,234,87
2018,5013,Anthony Miller,WR,16,135.42000000000002,-12.139999999999999,-0.12642482031250007,9.2225,48.1875,49.1875,54.1875,51.6875,49.1875,0.4076661923828125,235,88
2018,1097,Kendall Wright,WR,2,0.0,-17.1,-0.1398875703125,8.55,48.5,49.5,54.5,52.0,49.5,0.414501671875,238,89
2018,3328,Rashard Higgins,WR,16,132.2,-17.609999999999996,-0.14824688281249998,9.363125,48.0625,49.0625,54.0625,51.5625,49.0625,0.4079684282226562,239,90
2018,5722,Darvin Kidsy,WR,2,2.3,-16.5,-0.1523696328125,9.4,52.5,53.5,58.5,56.0,53.5,0.409910125,240,91
2018,5185,Allen Lazard,WR,2,1.7000000000000002,-17.1,-0.1580448671875,9.4,52.5,53.5,58.5,56.0,53.5,0.409910125,242,92
2018,5086,Marquez Valdes-Scantling,WR,16,130.9,-18.109999999999992,-0.1598513437499997,9.313125,48.375,49.375,54.375,51.875,49.375,0.4082058271484375,243,93
2018,3342,Jakeem Grant,WR,11,81.0,-21.16,-0.16367567968750008,9.287272727272727,48.0,49.0,54.0,51.5,49.0,0.40537058025568184,246,94
2018,2255,Bruce Ellington,WR,9,66.3,-17.259999999999998,-0.16382047656249993,9.284444444444444,47.333333333333336,48.333333333333336,53.333333333333336,50.833333333333336,48.333333333333336,0.4080233984375,247,95
2018,5197,Rico Gafford,WR,2,0.0,-18.8,-0.1736883125,9.4,52.5,53.5,58.5,56.0,53.5,0.409910125,253,96
2018,5661,Chris Lacy,WR,2,0.0,-18.8,-0.1736883125,9.4,52.5,53.5,58.5,56.0,53.5,0.409910125,254,97
2018,4992,Dante Pettis,WR,15,116.2,-25.06,-0.17577696874999976,9.417333333333334,47.733333333333334,48.733333333333334,53.733333333333334,51.233333333333334,48.733333333333334,0.40863015781249995,255,98
2018,3652,Mike Thomas,WR,2,0.0,-19.95,-0.17753357031250006,9.975,50.0,51.0,56.0,53.5,51.0,0.39965675,257,99
2018,5567,Janarion Grant,WR,2,0.0,-19.95,-0.17753357031250006,9.975,50.0,51.0,56.0,53.5,51.0,0.39965675,258,100
2018,3582,Chester Rogers,WR,16,130.8,-18.31,-0.18056464062500027,9.319375,48.625,49.625,54.625,52.125,49.625,0.40689815625,260,101
2018,4454,Kendrick Bourne,WR,16,129.2,-20.609999999999996,-0.18134477343749994,9.363125,48.0625,49.0625,54.0625,51.5625,49.0625,0.4079684282226562,261,102
2018,4197,Isaiah McKenzie,WR,9,61.5,-21.309999999999995,-0.1854411406249999,9.20111111111111,47.888888888888886,48.888888888888886,53.888888888888886,51.388888888888886,48.888888888888886,0.40967444791666663,263,103
2018,2821,Jake Kumerow,WR,5,28.300000000000004,-19.349999999999998,-0.18637421874999993,9.53,48.2,49.2,54.2,51.7,49.2,0.41368369375,265,104
2018,5134,Keith Kirkwood,WR,8,51.9,-20.409999999999997,-0.1926983359374998,9.03875,48.375,49.375,54.375,51.875,49.375,0.4127965009765625,267,105
2018,5625,Cam Phillips,WR,3,1.9,-23.65,-0.2176483984375001,8.516666666666667,46.666666666666664,47.666666666666664,52.666666666666664,50.166666666666664,47.666666666666664,0.40775350000000005,278,106
2018,1329,Chris Hogan,WR,16,120.2,-29.61,-0.2210901171875,9.363125,48.0625,49.0625,54.0625,51.5625,49.0625,0.4079684282226562,280,107
2018,3178,Josh Doctson,WR,16,123.7,-22.959999999999997,-0.22398733593749998,9.16625,48.25,49.25,54.25,51.75,49.25,0.407950650390625,281,108
2018,3319,Trevor Davis,WR,3,0.0,-25.509999999999998,-0.22419894531250012,8.503333333333332,49.333333333333336,50.333333333333336,55.333333333333336,52.833333333333336,50.333333333333336,0.4006719791666667,282,109
2018,2039,Seth Roberts,WR,16,121.0,-28.00999999999999,-0.2398734999999998,9.313125,48.375,49.375,54.375,51.875,49.375,0.4082058271484375,284,110
2018,4355,Tim White,WR,3,2.9000000000000004,-27.6,-0.2495126328124999,10.166666666666666,48.333333333333336,49.333333333333336,54.333333333333336,51.833333333333336,49.333333333333336,0.40356149999999996,292,111
2018,2331,Breshad Perriman,WR,11,71.5,-27.86,-0.25229238281249994,9.032727272727273,47.63636363636363,48.63636363636363,53.63636363636363,51.13636363636363,48.63636363636363,0.4106815319602273,293,112
2018,365,Mike Wallace,WR,3,0.0,-28.5,-0.25921735937500007,9.5,51.0,52.0,57.0,54.5,52.0,0.39911866145833336,298,113
2018,5164,Simmie Cobbs,WR,3,0.0,-28.0,-0.26503092968749997,9.333333333333334,49.666666666666664,50.666666666666664,55.666666666666664,53.166666666666664,50.666666666666664,0.41144785937499995,302,114
2018,4171,Josh Reynolds,WR,16,112.4,-35.849999999999994,-0.27220419531249984,9.265625,48.5,49.5,54.5,52.0,49.5,0.4086431118164062,303,115
2018,3788,Tanner McEvoy,WR,3,0.0,-30.05,-0.275271109375,10.016666666666667,48.0,49.0,54.0,51.5,49.0,0.39655294270833336,305,116
2018,5383,Jalen Tolliver,WR,4,8.2,-29.5,-0.2798865,9.425,48.75,49.75,54.75,52.25,49.75,0.41281395703125,306,117
2018,5026,Tre'Quan Smith,WR,16,116.2,-32.10999999999999,-0.2821056249999997,9.269375,48.25,49.25,54.25,51.75,49.25,0.40847690673828124,307,118
2018,2485,Kaelin Clay,WR,3,-2.0,-32.05,-0.2911536953124999,10.016666666666667,48.0,49.0,54.0,51.5,49.0,0.39655294270833336,308,119
2018,4274,David Moore,WR,16,112.7,-36.309999999999995,-0.29629896874999984,9.313125,48.375,49.375,54.375,51.875,49.375,0.4082058271484375,310,120
2018,3445,Marcus Johnson,WR,6,24.7,-34.75,-0.3140827421875,9.908333333333333,49.166666666666664,50.166666666666664,55.166666666666664,52.666666666666664,50.166666666666664,0.40157863671875,314,121
2018,5038,Michael Gallup,WR,16,111.2,-37.059999999999995,-0.3205680156250001,9.26625,48.375,49.375,54.375,51.875,49.375,0.408774296875,319,122
2018,1490,Terrance Williams,WR,4,4.300000000000001,-36.4,-0.3207546640624998,10.175,48.5,49.5,54.5,52.0,49.5,0.3993881875,320,123
2018,2023,De'Anthony Thomas,WR,5,14.2,-36.25,-0.33152836718749995,10.09,49.0,50.0,55.0,52.5,50.0,0.4019996,324,124
2018,1215,Jarius Wright,WR,16,110.0,-36.66,-0.33311049999999975,9.16625,48.25,49.25,54.25,51.75,49.25,0.407950650390625,325,125
2018,2004,Cody Latimer,WR,8,39.0,-39.25,-0.33568665625,9.78125,50.0,51.0,56.0,53.5,51.0,0.4036615087890625,326,126
2018,794,Kamar Aiken,WR,5,12.3,-38.2,-0.34148024218749995,10.1,49.2,50.2,55.2,52.7,50.2,0.4023759796875,333,127
2018,2171,Freddie Martino,WR,4,0.0,-39.05,-0.35163495312500004,9.7625,48.5,49.5,54.5,52.0,49.5,0.39728316210937503,335,128
2018,3622,Mose Frazier,WR,4,0.0,-37.7,-0.35168272656249994,9.425,48.75,49.75,54.75,52.25,49.75,0.41281395703125,336,129
2018,5102,Daurice Fountain,WR,4,0.0,-37.7,-0.35168272656249994,9.425,48.75,49.75,54.75,52.25,49.75,0.41281395703125,337,130
2018,1138,Rod Streater,WR,4,-0.9000000000000001,-40.4,-0.35569208593749996,9.875,48.75,49.75,54.75,52.25,49.75,0.402539580078125,339,131
2018,4480,Bobo Wilson,WR,5,10.200000000000001,-37.449999999999996,-0.3571191093749998,9.53,48.2,49.2,54.2,51.7,49.2,0.41368369375,340,132
2018,4254,Stacy Coley,WR,4,0.0,-40.7,-0.3577747734374999,10.175,48.5,49.5,54.5,52.0,49.5,0.3993881875,341,133
2018,5539,Derrick Willies,WR,5,9.600000000000001,-40.849999999999994,-0.3592480468749999,10.09,49.0,50.0,55.0,52.5,50.0,0.4019996,342,134
2018,5279,Quadree Henderson,WR,5,0.0,-42.010000000000005,-0.37882903125,8.402000000000001,48.4,49.4,54.4,51.9,49.4,0.4064960421875,345,135
2018,2003,Bennie Fowler,WR,10,46.9,-42.76,-0.39151056249999994,8.966,48.3,49.3,54.3,51.8,49.3,0.41008986796875,349,136
2018,1854,Quincy Enunwa,WR,15,98.10000000000001,-43.16,-0.3980740937499999,9.417333333333334,47.733333333333334,48.733333333333334,53.733333333333334,51.233333333333334,48.733333333333334,0.40863015781249995,351,137
2018,3702,Andy Jones,WR,8,28.0,-44.41,-0.3980865390624999,9.05125,48.0,49.0,54.0,51.5,49.0,0.4121970390625,352,138
2018,4622,Keelan Cole,WR,16,102.6,-46.51,-0.40114028906250015,9.319375,48.625,49.625,54.625,52.125,49.625,0.40689815625,353,139
2018,4125,Taywan Taylor,WR,16,100.1,-48.16,-0.4266913281250001,9.26625,48.375,49.375,54.375,51.875,49.375,0.408774296875,359,140
2018,2699,Cameron Meredith,WR,8,27.400000000000002,-48.599999999999994,-0.43633991406250006,9.5,48.125,49.125,54.125,51.625,49.125,0.4041573125,361,141
2018,613,Brandon LaFell,WR,10,42.0,-50.3,-0.43940814843749976,9.23,48.7,49.7,54.7,52.2,49.7,0.40660602265624995,363,142
2018,1346,Marquise Goodwin,WR,16,102.7,-47.11,-0.44056741406249983,9.363125,48.0625,49.0625,54.0625,51.5625,49.0625,0.4079684282226562,364,143
2018,2381,Chris Conley,WR,16,100.39999999999999,-47.849999999999994,-0.4414378828125001,9.265625,48.5,49.5,54.5,52.0,49.5,0.4086431118164062,365,144
2018,4252,Isaiah Ford,WR,5,0.0,-47.65,-0.4482528359374999,9.53,48.2,49.2,54.2,51.7,49.2,0.41368369375,366,145
2018,4942,Marcell Ateman,WR,10,39.9,-49.66,-0.45162813281249986,8.956,47.9,48.9,53.9,51.4,48.9,0.41218214140625,368,146
2018,928,Randall Cobb,WR,16,98.3,-50.709999999999994,-0.45231790624999985,9.313125,48.375,49.375,54.375,51.875,49.375,0.4082058271484375,369,147
2018,1916,Martavis Bryant,WR,11,53.0,-49.36,-0.45484948437499995,9.305454545454545,48.18181818181818,49.18181818181818,54.18181818181818,51.68181818181818,49.18181818181818,0.4074950440340909,371,148
2018,3338,Keenan Reynolds,WR,5,0.0,-50.56,-0.4607344999999997,10.112,48.4,49.4,54.4,51.9,49.4,0.4018441234375,372,149
2018,2410,Jamison Crowder,WR,16,93.60000000000001,-53.059999999999995,-0.4626025937499999,9.16625,48.25,49.25,54.25,51.75,49.25,0.407950650390625,373,150
2018,919,Aldrick Robinson,WR,14,78.1,-51.16,-0.47402603124999987,9.232857142857142,48.214285714285715,49.214285714285715,54.214285714285715,51.714285714285715,49.214285714285715,0.40759009319196426,377,151
2018,4489,Gehrig Dieter,WR,6,3.7,-51.449999999999996,-0.4764379765625,9.191666666666666,49.0,50.0,55.0,52.5,50.0,0.41267132421875,378,152
2018,4453,Victor Bolden,WR,6,2.5,-52.400000000000006,-0.4844523046875001,9.15,50.333333333333336,51.333333333333336,56.333333333333336,53.833333333333336,51.333333333333336,0.40504433203125,381,153
2018,5781,Malik Turner,WR,7,4.5,-57.209999999999994,-0.5148881328124999,8.815714285714284,46.57142857142857,47.57142857142857,52.57142857142857,50.07142857142857,47.57142857142857,0.4153265122767857,388,154
2018,269,Pierre Garcon,WR,13,65.6,-56.21,-0.5226216874999998,9.370000000000001,47.69230769230769,48.69230769230769,53.69230769230769,51.19230769230769,48.69230769230769,0.4071654825721154,391,155
2018,3852,Jaydon Mickens,WR,6,0.0,-59.45,-0.5252256484375,9.908333333333333,49.166666666666664,50.166666666666664,55.166666666666664,52.666666666666664,50.166666666666664,0.40157863671875,392,156
2018,4130,Brendan Langley,WR,6,0.0,-56.71,-0.5349586171874998,9.451666666666666,47.833333333333336,48.833333333333336,53.833333333333336,51.333333333333336,48.833333333333336,0.41087216796875,394,157
2018,1290,Jermaine Kearse,WR,16,90.10000000000001,-59.709999999999994,-0.5412038906249997,9.363125,48.0625,49.0625,54.0625,51.5625,49.0625,0.4079684282226562,396,158
2018,3253,Leonte Carroo,WR,9,22.5,-59.56,-0.5444361484374998,9.117777777777778,47.333333333333336,48.333333333333336,53.333333333333336,50.833333333333336,48.333333333333336,0.41269021527777777,399,159
2018,4038,John Ross,WR,16,92.2,-56.910000000000004,-0.5506444921875,9.319375,48.625,49.625,54.625,52.125,49.625,0.40689815625,401,160
2018,4234,Noah Brown,WR,8,11.4,-60.91,-0.5551709531249998,9.03875,48.375,49.375,54.375,51.875,49.375,0.4127965009765625,402,161
2018,2334,Phillip Dorsett,WR,16,90.7,-59.11,-0.5583169453124999,9.363125,48.0625,49.0625,54.0625,51.5625,49.0625,0.4079684282226562,405,162
2018,3614,Tommylee Lewis,WR,8,15.9,-60.76,-0.563446046875,9.5825,48.375,49.375,54.375,51.875,49.375,0.40806831347656247,407,163
2018,5290,Deontay Burnett,WR,10,27.800000000000004,-62.559999999999995,-0.5641462343749999,9.036,47.4,48.4,53.4,50.9,48.4,0.411802303125,408,164
2018,4750,Lance Lenoir,WR,7,0.0,-63.76,-0.5794586328124999,9.108571428571429,47.714285714285715,48.714285714285715,53.714285714285715,51.214285714285715,48.714285714285715,0.41490421763392854,414,165
2018,3297,Tajae Sharpe,WR,16,83.9,-64.36,-0.5798736484375001,9.26625,48.375,49.375,54.375,51.875,49.375,0.408774296875,415,166
2018,3278,Pharoh Cooper,WR,7,0.0,-64.1,-0.5857460000000001,9.157142857142857,49.0,50.0,55.0,52.5,50.0,0.4105171238839286,418,167
2018,5570,Chad Beebe,WR,8,9.399999999999999,-63.01,-0.5884762421874999,9.05125,48.0,49.0,54.0,51.5,49.0,0.4121970390625,419,168
2018,4445,Keon Hatcher,WR,7,1.8,-63.86,-0.5931706953125,9.379999999999999,48.0,49.0,54.0,51.5,49.0,0.40897498995535714,421,169
2018,1604,Nick Williams,WR,8,3.7,-67.95,-0.5981398281249999,8.95625,48.125,49.125,54.125,51.625,49.125,0.4088855,422,170
2018,4198,Jamal Agnew,WR,7,2.4000000000000004,-66.85,-0.6045312109375,9.892857142857142,50.0,51.0,56.0,53.5,51.0,0.40425975,425,171
2018,3286,Demarcus Robinson,WR,16,80.3,-67.95,-0.604845046875,9.265625,48.5,49.5,54.5,52.0,49.5,0.4086431118164062,426,172
2018,2093,Ryan Grant,WR,16,83.4,-65.71,-0.6116170390625002,9.319375,48.625,49.625,54.625,52.125,49.625,0.40689815625,429,173
2018,1208,Brian Quick,WR,8,5.8,-67.7,-0.617269515625,9.1875,47.875,48.875,53.875,51.375,48.875,0.407097,430,174
2018,4854,River Cracraft,WR,8,4.9,-67.50999999999999,-0.6208754999999999,9.05125,48.0,49.0,54.0,51.5,49.0,0.4121970390625,431,175
2018,2182,Kelvin Benjamin,WR,16,79.0,-70.81,-0.6394753828124999,9.363125,48.0625,49.0625,54.0625,51.5625,49.0625,0.4079684282226562,436,176
2018,648,Brandon Marshall,WR,11,34.1,-70.61,-0.6441453671874999,9.519090909090908,48.54545454545455,49.54545454545455,54.54545454545455,52.04545454545455,49.54545454545455,0.40388057315340914,439,177
2018,4162,Ryan Switzer,WR,16,78.10000000000001,-70.91,-0.6500387656250001,9.313125,48.375,49.375,54.375,51.875,49.375,0.4082058271484375,444,178
2018,3155,Laquon Treadwell,WR,16,79.2,-70.01,-0.6551170312500001,9.325625,48.4375,49.4375,54.4375,51.9375,49.4375,0.40659842529296875,446,179
2018,4998,DaeSean Hamilton,WR,16,74.3,-74.91,-0.6596532109375001,9.325625,48.4375,49.4375,54.4375,51.9375,49.4375,0.40659842529296875,448,180
2018,3650,Maurice Harris,WR,15,68.3,-69.81,-0.661866640625,9.207333333333334,47.93333333333333,48.93333333333333,53.93333333333333,51.43333333333333,48.93333333333333,0.4086111947916667,449,181
2018,2319,DeVante Parker,WR,16,69.9,-79.91,-0.7017619375,9.363125,48.0625,49.0625,54.0625,51.5625,49.0625,0.4079684282226562,459,182
2018,4319,Zach Pascal,WR,16,74.7,-74.41,-0.7051353046875,9.319375,48.625,49.625,54.625,52.125,49.625,0.40689815625,460,183
2018,4351,Tim Patrick,WR,16,68.8,-80.41,-0.7116299296875002,9.325625,48.4375,49.4375,54.4375,51.9375,49.4375,0.40659842529296875,462,184
2018,3177,Corey Coleman,WR,10,15.299999999999999,-77.06,-0.7179630937499998,9.236,48.6,49.6,54.6,52.1,49.6,0.40988091640624996,464,185
2018,1684,Jaron Brown,WR,16,66.1,-82.91,-0.7245694765624998,9.313125,48.375,49.375,54.375,51.875,49.375,0.4082058271484375,467,186
2018,1984,Allen Hurns,WR,16,68.0,-80.25999999999999,-0.7306151953125,9.26625,48.375,49.375,54.375,51.875,49.375,0.408774296875,470,187
2018,5007,Keke Coutee,WR,16,71.8,-77.41,-0.7360406640625001,9.325625,48.4375,49.4375,54.4375,51.9375,49.4375,0.40659842529296875,472,188
2018,5166,Da'Mari Scott,WR,9,0.0,-80.41,-0.7370968749999999,8.934444444444445,47.55555555555556,48.55555555555556,53.55555555555556,51.05555555555556,48.55555555555556,0.4112067100694444,473,189
2018,2750,DeAndre Carter,WR,14,48.5,-82.41,-0.737509953125,9.350714285714286,49.07142857142857,50.07142857142857,55.07142857142857,52.57142857142857,50.07142857142857,0.40646397488839286,474,190
2018,5323,Equanimeous St. Brown,WR,16,62.0,-87.00999999999999,-0.77535634375,9.313125,48.375,49.375,54.375,51.875,49.375,0.4082058271484375,480,191
2018,1471,Brice Butler,WR,11,20.0,-84.50999999999999,-0.7763277656249998,9.500909090909092,48.18181818181818,49.18181818181818,54.18181818181818,51.68181818181818,49.18181818181818,0.40720022017045454,481,192
2018,1046,Rishard Matthews,WR,10,7.9,-85.41,-0.7840925703124999,9.331,46.5,47.5,52.5,50.0,47.5,0.4084050515625,484,193
2018,4218,Trent Taylor,WR,16,61.00000000000001,-88.81,-0.8028342343750001,9.363125,48.0625,49.0625,54.0625,51.5625,49.0625,0.4079684282226562,488,194
2018,826,Torrey Smith,WR,16,56.0,-90.66,-0.8272938515624999,9.16625,48.25,49.25,54.25,51.75,49.25,0.407950650390625,492,195
2018,2121,T.J. Jones,WR,16,55.0,-93.31,-0.8350811874999997,9.269375,48.25,49.25,54.25,51.75,49.25,0.40847690673828124,493,196
2018,1077,Travis Benjamin,WR,16,49.599999999999994,-98.66,-0.8661512265625,9.26625,48.375,49.375,54.375,51.875,49.375,0.408774296875,501,197
2018,2673,Damiere Byrd,WR,11,2.3,-96.71000000000001,-0.8694381953124999,9.000909090909092,48.27272727272727,49.27272727272727,54.27272727272727,51.77272727272727,49.27272727272727,0.4053447215909091,502,198
2018,1061,Deonte Thompson,WR,14,38.1,-94.56,-0.8709672421875001,9.475714285714286,48.142857142857146,49.142857142857146,54.142857142857146,51.642857142857146,49.142857142857146,0.40737498214285717,503,199
2018,5154,Trent Sherfield,WR,16,51.5,-97.61,-0.8738465156249998,9.319375,48.625,49.625,54.625,52.125,49.625,0.40689815625,504,200
2018,5024,James Washington,WR,16,50.2,-98.81,-0.8774822265625,9.313125,48.375,49.375,54.375,51.875,49.375,0.4082058271484375,505,201
2018,1567,Tavon Austin,WR,16,47.2,-101.06,-0.8884939140625,9.26625,48.375,49.375,54.375,51.875,49.375,0.408774296875,506,202
2018,1219,Michael Floyd,WR,14,30.5,-96.21000000000001,-0.8901991953124998,9.050714285714287,48.0,49.0,54.0,51.5,49.0,0.4091354933035714,508,203
2018,3269,Chris Moore,WR,16,51.800000000000004,-97.41,-0.8958590546875,9.325625,48.4375,49.4375,54.4375,51.9375,49.4375,0.40659842529296875,509,204
2018,5289,Cameron Batson,WR,13,19.5,-98.25999999999999,-0.8987655937500001,9.058461538461538,48.38461538461539,49.38461538461539,54.38461538461539,51.88461538461539,49.38461538461539,0.40997724999999996,510,205
2018,5175,Jawill Davis,WR,12,9.5,-101.00999999999999,-0.9059136093749999,9.209166666666667,48.416666666666664,49.416666666666664,54.416666666666664,51.916666666666664,49.416666666666664,0.4102224322916667,512,206
2018,1333,Russell Shepard,WR,16,47.3,-101.81,-0.9066522109375,9.319375,48.625,49.625,54.625,52.125,49.625,0.40689815625,513,207
2018,1418,Justin Hunter,WR,12,6.1,-105.21,-0.9361796249999998,9.275833333333333,48.25,49.25,54.25,51.75,49.25,0.40666978385416663,520,208
2018,2412,Justin Hardy,WR,16,43.300000000000004,-104.96,-0.9370437500000002,9.26625,48.375,49.375,54.375,51.875,49.375,0.408774296875,521,209
2018,4128,Chad Williams,WR,16,45.7,-103.41,-0.9386105468749999,9.319375,48.625,49.625,54.625,52.125,49.625,0.40689815625,522,210
2018,3433,Alex Erickson,WR,16,41.5,-107.61,-0.9699529921875001,9.319375,48.625,49.625,54.625,52.125,49.625,0.40689815625,528,211
2018,4169,Jehu Chesson,WR,12,2.0,-106.86,-0.9803940703124999,9.071666666666667,48.166666666666664,49.166666666666664,54.166666666666664,51.666666666666664,49.166666666666664,0.4106128404947917,530,212
2018,3355,Cody Core,WR,16,40.5,-108.61,-0.9819357890624998,9.319375,48.625,49.625,54.625,52.125,49.625,0.40689815625,531,213
2018,2442,Rashad Greene,WR,13,11.0,-108.36,-0.9842054531249999,9.181538461538462,48.15384615384615,49.15384615384615,54.15384615384615,51.65384615384615,49.15384615384615,0.4074407578125,533,214
2018,940,Andre Holmes,WR,15,33.2,-108.06,-0.9844143593749999,9.417333333333334,47.733333333333334,48.733333333333334,53.733333333333334,51.233333333333334,48.733333333333334,0.40863015781249995,534,215
2018,627,Andre Roberts,WR,16,38.8,-111.00999999999999,-0.9959049374999995,9.363125,48.0625,49.0625,54.0625,51.5625,49.0625,0.4079684282226562,537,216
2018,1312,Josh Bellamy,WR,16,37.7,-109.86,-0.999681890625,9.2225,48.1875,49.1875,54.1875,51.6875,49.1875,0.4076661923828125,538,217
2018,3895,Marvin Hall,WR,16,35.8,-112.46,-1.000831375,9.26625,48.375,49.375,54.375,51.875,49.375,0.408774296875,539,218
2018,5137,Richie James,WR,16,35.0,-114.81,-1.0331340703124998,9.363125,48.0625,49.0625,54.0625,51.5625,49.0625,0.4079684282226562,544,219
2018,4416,Austin Carr,WR,16,33.2,-115.11,-1.0535595234375,9.269375,48.25,49.25,54.25,51.75,49.25,0.40847690673828124,550,220
2018,4951,DJ Chark,WR,16,32.400000000000006,-116.71,-1.0536062890625,9.319375,48.625,49.625,54.625,52.125,49.625,0.40689815625,551,221
2018,5695,Brandon Powell,WR,16,29.5,-118.81,-1.060313671875,9.269375,48.25,49.25,54.25,51.75,49.25,0.40847690673828124,554,222
2018,2602,Darius Jennings,WR,16,30.34,-117.92,-1.0743675078125,9.26625,48.375,49.375,54.375,51.875,49.375,0.408774296875,556,223
2018,5080,Damion Ratley,WR,16,29.900000000000002,-119.91,-1.0940050546874998,9.363125,48.0625,49.0625,54.0625,51.5625,49.0625,0.4079684282226562,559,224
2018,5130,Auden Tate,WR,14,8.5,-123.25999999999999,-1.1089410624999998,9.411428571428571,48.714285714285715,49.714285714285715,54.714285714285715,52.214285714285715,49.714285714285715,0.4079888448660714,564,225
2018,5773,KhaDarel Hodge,WR,14,4.2,-124.1,-1.1203859765625,9.164285714285715,48.285714285714285,49.285714285714285,54.285714285714285,51.785714285714285,49.285714285714285,0.4099268777901786,567,226
2018,5260,Vyncint Smith,WR,16,21.6,-127.61,-1.1592715859374998,9.325625,48.4375,49.4375,54.4375,51.9375,49.4375,0.40659842529296875,574,227
2018,2392,Sammie Coates,WR,14,2.7,-127.71,-1.1640591328125,9.315,47.857142857142854,48.857142857142854,53.857142857142854,51.357142857142854,48.857142857142854,0.40612532533482143,579,228
2018,902,Dwayne Harris,WR,16,18.6,-130.41,-1.178596984375,9.313125,48.375,49.375,54.375,51.875,49.375,0.4082058271484375,581,229
2018,2312,Kevin White,WR,16,15.700000000000001,-131.85999999999999,-1.1810618515624998,9.2225,48.1875,49.1875,54.1875,51.6875,49.1875,0.4076661923828125,582,230
2018,2462,J.J. Nelson,WR,16,16.2,-132.91,-1.2082458046875,9.319375,48.625,49.625,54.625,52.125,49.625,0.40689815625,587,231
2018,5110,Russell Gage,WR,16,13.3,-134.96,-1.2099906249999999,9.26625,48.375,49.375,54.375,51.875,49.375,0.408774296875,589,232
2018,5111,Javon Wims,WR,16,8.2,-139.36,-1.2522825,9.2225,48.1875,49.1875,54.1875,51.6875,49.1875,0.4076661923828125,594,233
2018,4330,JoJo Natson,WR,15,-2.0,-141.3,-1.2787328203125,9.286666666666667,48.46666666666667,49.46666666666667,54.46666666666667,51.96666666666667,49.46666666666667,0.40937985781249997,597,234
2018,5096,Ray-Ray McCloud,WR,16,8.4,-141.41,-1.2805734140625,9.363125,48.0625,49.0625,54.0625,51.5625,49.0625,0.4079684282226562,598,235
2018,4214,Shelton Gibson,WR,16,7.300000000000001,-141.81,-1.28473009375,9.319375,48.625,49.625,54.625,52.125,49.625,0.40689815625,599,236
2018,3396,Charone Peake,WR,16,5.5,-144.31,-1.311918359375,9.363125,48.0625,49.0625,54.0625,51.5625,49.0625,0.4079684282226562,601,237
2018,5374,Justin Watson,WR,16,1.5,-146.06,-1.3166492343749998,9.2225,48.1875,49.1875,54.1875,51.6875,49.1875,0.4076661923828125,602,238
2018,4491,Marcus Kemp,WR,16,1.7000000000000002,-146.55,-1.3192638359375,9.265625,48.5,49.5,54.5,52.0,49.5,0.4086431118164062,603,239
2018,4878,Brandon Zylstra,WR,16,3.8000000000000003,-145.41,-1.3224626718749999,9.325625,48.4375,49.4375,54.4375,51.9375,49.4375,0.40659842529296875,604,240
2018,5006,J'Mon Moore,WR,16,2.0,-147.01,-1.3247695703124998,9.313125,48.375,49.375,54.375,51.875,49.375,0.4082058271484375,605,241
2018,4160,Josh Malone,WR,16,2.7,-146.41,-1.32738675,9.319375,48.625,49.625,54.625,52.125,49.625,0.40689815625,607,242
2018,394,Darrius Heyward-Bey,WR,16,1.4,-147.60999999999999,-1.3318470859374998,9.313125,48.375,49.375,54.375,51.875,49.375,0.4082058271484375,610,243
2018,2487,Geremy Davis,WR,16,0.0,-148.26,-1.334931421875,9.26625,48.375,49.375,54.375,51.875,49.375,0.408774296875,611,244
2018,5070,Jordan Lasley,WR,16,0.0,-149.21,-1.358028984375,9.325625,48.4375,49.4375,54.4375,51.9375,49.4375,0.40659842529296875,614,245
2018,312,Matthew Slater,WR,16,0.0,-149.81,-1.3588926328124997,9.363125,48.0625,49.0625,54.0625,51.5625,49.0625,0.4079684282226562,615,246
2019,3199,Michael Thomas,WR,16,430.3,288.15000000000003,2.6552973046875,8.884375,48.4375,49.4375,54.4375,51.9375,49.4375,0.4075948896484375,15,1
2019,947,Julio Jones,WR,16,320.5,178.35000000000002,1.6784753281250002,8.884375,48.4375,49.4375,54.4375,51.9375,49.4375,0.4075948896484375,43,2
2019,1426,DeAndre Hopkins,WR,16,310.44,166.14000000000001,1.5662510625000001,9.01875,48.3125,49.3125,54.3125,51.8125,49.3125,0.4079706787109375,46,3
2019,4037,Chris Godwin,WR,16,313.3,170.3,1.560323125,8.9375,48.0625,49.0625,54.0625,51.5625,49.0625,0.4068424169921875,47,4
2019,4039,Cooper Kupp,WR,16,302.4,160.25,1.5237723125,8.884375,48.4375,49.4375,54.4375,51.9375,49.4375,0.4075948896484375,48,5
2019,1479,Keenan Allen,WR,16,294.6,150.2,1.4738496171875002,9.025,48.125,49.125,54.125,51.625,49.125,0.407247384765625,54,6
2019,4131,Kenny Golladay,WR,16,284.5,141.75,1.4284367812499998,8.921875,48.4375,49.4375,54.4375,51.9375,49.4375,0.407613369140625,57,7
2019,2319,DeVante Parker,WR,16,285.2,142.45,1.4160954375000003,8.921875,48.4375,49.4375,54.4375,51.9375,49.4375,0.407613369140625,58,8
2019,344,Julian Edelman,WR,16,291.38,147.07999999999998,1.4159180312499995,9.01875,48.3125,49.3125,54.3125,51.8125,49.3125,0.4079706787109375,59,9
2019,2216,Mike Evans,WR,14,268.2,142.4,1.3576800546875,8.985714285714286,48.0,49.0,54.0,51.5,49.0,0.4069353521205357,62,10
2019,1992,Allen Robinson,WR,16,288.6,144.8,1.3512212968749995,8.9875,48.3125,49.3125,54.3125,51.8125,49.3125,0.407222427734375,63,11
2019,2309,Amari Cooper,WR,16,283.2,140.85000000000002,1.3237843203125,8.896875,48.0625,49.0625,54.0625,51.5625,49.0625,0.40721344921875,64,12
2019,1352,Robert Woods,WR,16,269.3,127.15,1.2621639765625001,8.884375,48.4375,49.4375,54.4375,51.9375,49.4375,0.4075948896484375,68,13
2019,4983,DJ Moore,WR,16,272.2,129.20000000000002,1.2456138203125,8.9375,48.0625,49.0625,54.0625,51.5625,49.0625,0.4068424169921875,69,14
2019,1825,Jarvis Landry,WR,16,268.1,125.10000000000001,1.1838289921874998,8.9375,48.0625,49.0625,54.0625,51.5625,49.0625,0.4068424169921875,71,15
2019,2374,Tyler Lockett,WR,16,267.0,124.0,1.1677717578125,8.9375,48.375,49.375,54.375,51.875,49.375,0.4079123383789062,72,16
2019,5045,Courtland Sutton,WR,16,255.02,110.72000000000001,1.081718796875,9.01875,48.3125,49.3125,54.3125,51.8125,49.3125,0.4079706787109375,76,17
2019,5859,A.J. Brown,WR,16,254.7,111.69999999999999,1.0636922968749998,8.9375,48.375,49.375,54.375,51.875,49.375,0.4079123383789062,77,18
2019,3225,Tyler Boyd,WR,16,256.2,114.05,1.061732078125,8.884375,48.4375,49.4375,54.4375,51.9375,49.4375,0.4075948896484375,78,19
2019,2133,Davante Adams,WR,16,245.20000000000002,102.20000000000002,1.0559701328125,8.9375,48.375,49.375,54.375,51.875,49.375,0.4079123383789062,79,20
2019,2238,John Brown,WR,16,253.72,109.92,1.0481317031250001,8.9875,48.3125,49.3125,54.3125,51.8125,49.3125,0.407222427734375,80,21
2019,4981,Calvin Ridley,WR,13,220.9,105.10000000000001,1.0478365546875001,8.907692307692308,48.46153846153846,49.46153846153846,54.46153846153846,51.96153846153846,49.46153846153846,0.40855544531250004,81,22
2019,5038,Michael Gallup,WR,16,247.2,104.85,1.0262856015625004,8.896875,48.0625,49.0625,54.0625,51.5625,49.0625,0.40721344921875,82,23
2019,4951,DJ Chark,WR,16,247.70000000000002,103.4,0.9639230234374998,9.01875,48.3125,49.3125,54.3125,51.8125,49.3125,0.4079706787109375,84,24
2019,2449,Stefon Diggs,WR,16,246.6,102.2,0.9534701484374999,9.025,48.125,49.125,54.125,51.625,49.125,0.407247384765625,85,25
2019,1067,Marvin Jones,WR,13,213.3,96.9,0.9381943906249999,8.953846153846154,48.46153846153846,49.46153846153846,54.46153846153846,51.96153846153846,49.46153846153846,0.4085781893028846,86,26
2019,2078,Odell Beckham,WR,16,229.4,86.4,0.8467501171874997,8.9375,48.0625,49.0625,54.0625,51.5625,49.0625,0.4068424169921875,92,27
2019,5872,Deebo Samuel,WR,16,213.4,71.05000000000001,0.7711013515625,8.896875,48.625,49.625,54.625,52.125,49.625,0.4076134072265625,97,28
2019,2410,Jamison Crowder,WR,16,217.9,75.55000000000001,0.73314975,8.896875,48.625,49.625,54.625,52.125,49.625,0.4076134072265625,98,29
2019,3321,Tyreek Hill,WR,16,219.4,75.00000000000001,0.7248675312500001,9.025,48.125,49.125,54.125,51.625,49.125,0.407247384765625,99,30
2019,538,Emmanuel Sanders,WR,17,218.8,67.5,0.7100906328125001,8.9,48.23529411764706,49.23529411764706,54.23529411764706,51.73529411764706,49.23529411764706,0.4077251939338235,100,31
2019,5927,Terry McLaurin,WR,16,219.9,75.6,0.6963478984375002,9.01875,48.3125,49.3125,54.3125,51.8125,49.3125,0.4079706787109375,101,32
2019,5846,DK Metcalf,WR,16,211.5,68.5,0.6879551796875001,8.9375,48.375,49.375,54.375,51.875,49.375,0.4079123383789062,102,33
2019,642,Golden Tate,WR,12,172.9,69.65,0.6529440234375,8.604166666666666,47.75,48.75,53.75,51.25,48.75,0.4080791608072916,104,34
2019,1144,Cole Beasley,WR,16,203.8,60.00000000000001,0.61240284375,8.9875,48.3125,49.3125,54.3125,51.8125,49.3125,0.407222427734375,109,35
2019,223,Larry Fitzgerald,WR,16,201.9,57.5,0.5576451640625001,9.025,48.125,49.125,54.125,51.625,49.125,0.407247384765625,111,36
2019,4082,Curtis Samuel,WR,16,195.0,52.00000000000001,0.5210154296875,8.9375,48.0625,49.0625,54.0625,51.5625,49.0625,0.4068424169921875,118,37
2019,4950,Christian Kirk,WR,16,190.2,45.8,0.47729024999999997,9.025,48.125,49.125,54.125,51.625,49.125,0.407247384765625,121,38
2019,4068,Mike Williams,WR,16,190.5,46.10000000000001,0.46427916406249997,9.025,48.125,49.125,54.125,51.625,49.125,0.407247384765625,124,39
2019,6149,Darius Slayton,WR,16,189.5,46.5,0.44301170312499993,8.9375,48.375,49.375,54.375,51.875,49.375,0.4079123383789062,126,40
2019,3423,Robbie Chosen,WR,16,184.0,41.65,0.4370992734374999,8.896875,48.625,49.625,54.625,52.125,49.625,0.4076134072265625,127,41
2019,928,Randall Cobb,WR,16,178.5,36.15,0.37117500781249974,8.896875,48.0625,49.0625,54.0625,51.5625,49.0625,0.40721344921875,132,42
2019,5937,Diontae Johnson,WR,16,181.9,38.900000000000006,0.3586563828124998,8.9375,48.0625,49.0625,54.0625,51.5625,49.0625,0.4068424169921875,133,43
2019,4038,John Ross,WR,8,111.1,34.5,0.3275483046875001,9.575,48.875,49.875,54.875,52.375,49.875,0.4054893720703125,138,44
2019,2381,Chris Conley,WR,16,179.5,35.2,0.3267778124999999,9.01875,48.3125,49.3125,54.3125,51.8125,49.3125,0.4079706787109375,139,45
2019,4146,Dede Westbrook,WR,16,173.70000000000002,29.400000000000006,0.29860955468750017,9.01875,48.3125,49.3125,54.3125,51.8125,49.3125,0.4079706787109375,142,46
2019,6148,Preston Williams,WR,8,100.30000000000001,26.650000000000006,0.2661890703125,9.206249999999999,49.375,50.375,55.375,52.875,50.375,0.411623716796875,145,47
2019,1149,Alshon Jeffery,WR,13,139.9,21.950000000000006,0.23870382812500002,9.073076923076924,48.30769230769231,49.30769230769231,54.30769230769231,51.80769230769231,49.30769230769231,0.4090179549278846,146,48
2019,491,Danny Amendola,WR,16,167.06,24.310000000000002,0.20064088281250003,8.921875,48.4375,49.4375,54.4375,51.9375,49.4375,0.407613369140625,149,49
2019,2583,Tyrell Williams,WR,16,164.1,20.300000000000008,0.19544011718750004,8.9875,48.3125,49.3125,54.3125,51.8125,49.3125,0.407222427734375,151,50
2019,2331,Breshad Perriman,WR,16,158.0,15.000000000000004,0.17957825,8.9375,48.0625,49.0625,54.0625,51.5625,49.0625,0.4068424169921875,152,51
2019,5848,Marquise Brown,WR,16,162.4,20.050000000000004,0.165125203125,8.896875,48.0625,49.0625,54.0625,51.5625,49.0625,0.40721344921875,153,52
2019,3200,Sterling Shepard,WR,16,160.5,17.500000000000007,0.16182837499999986,8.9375,48.375,49.375,54.375,51.875,49.375,0.4079123383789062,154,53
2019,5024,James Washington,WR,16,154.0,11.000000000000009,0.13025743750000007,8.9375,48.0625,49.0625,54.0625,51.5625,49.0625,0.4068424169921875,161,54
2019,5955,Hunter Renfrow,WR,16,153.5,9.700000000000006,0.12241595312500003,8.9875,48.3125,49.3125,54.3125,51.8125,49.3125,0.407222427734375,163,55
2019,4319,Zach Pascal,WR,16,150.2,6.400000000000002,0.11938603125000002,8.9875,48.3125,49.3125,54.3125,51.8125,49.3125,0.407222427734375,164,56
2019,536,Antonio Brown,WR,1,17.8,8.15,0.09066131250000004,9.65,52.0,53.0,58.0,55.5,53.0,0.3953166875,168,57
2019,1817,Sammy Watkins,WR,16,157.4,13.0,0.08729678906249999,9.025,48.125,49.125,54.125,51.625,49.125,0.407247384765625,169,58
2019,5013,Anthony Miller,WR,16,146.7,2.899999999999995,0.052730874999999844,8.9875,48.3125,49.3125,54.3125,51.8125,49.3125,0.407222427734375,172,59
2019,6744,Greg Ward,WR,7,69.1,4.600000000000003,0.022081648437500156,9.214285714285714,48.42857142857143,49.42857142857143,54.42857142857143,51.92857142857143,49.42857142857143,0.4050600859375,177,60
2019,3445,Marcus Johnson,WR,8,66.2,-2.9000000000000004,0.0033231796874999553,8.6375,47.5,48.5,53.5,51.0,48.5,0.403603021484375,179,61
2019,5130,Auden Tate,WR,13,115.5,-0.29999999999999716,0.0022406718749998222,8.907692307692308,48.46153846153846,49.46153846153846,54.46153846153846,51.96153846153846,49.46153846153846,0.40855544531250004,180,62
2019,5290,Deontay Burnett,WR,1,8.3,-1.3999999999999986,-0.014428835937499995,9.7,46.0,47.0,52.0,49.5,47.0,0.4042338828125,182,63
2019,2197,Brandin Cooks,WR,16,137.7,-4.449999999999996,-0.03128101562500002,8.884375,48.4375,49.4375,54.4375,51.9375,49.4375,0.4075948896484375,186,64
2019,5917,Mecole Hardman,WR,16,137.3,-7.0999999999999925,-0.044810210937500095,9.025,48.125,49.125,54.125,51.625,49.125,0.407247384765625,188,65
2019,1071,Mohamed Sanu,WR,16,139.2,-5.099999999999998,-0.047424835937499965,9.01875,48.3125,49.3125,54.3125,51.8125,49.3125,0.4079706787109375,190,66
2019,6557,Jeff Smith,WR,1,2.7,-6.45,-0.054210273437499956,9.15,48.0,49.0,54.0,51.5,49.0,0.39791370312499996,193,67
2019,3157,William Fuller,WR,16,153.0,8.700000000000014,-0.05784931250000025,9.01875,48.3125,49.3125,54.3125,51.8125,49.3125,0.4079706787109375,196,68
2019,1555,Kenny Stills,WR,16,136.1,-8.2,-0.058450249999999815,9.01875,48.3125,49.3125,54.3125,51.8125,49.3125,0.4079706787109375,197,69
2019,4828,Rashard Davis,WR,1,3.1,-6.6,-0.06672885156250002,9.7,46.0,47.0,52.0,49.5,47.0,0.4042338828125,200,70
2019,5705,John Franklin,WR,1,1.8,-7.8999999999999995,-0.07931120312499995,9.7,46.0,47.0,52.0,49.5,47.0,0.4042338828125,207,71
2019,6588,Tom Kennedy,WR,1,0.0,-8.95,-0.0824294296875,8.95,42.0,43.0,48.0,45.5,43.0,0.40951378125,209,72
2019,6209,Ishmael Hyman,WR,2,6.3999999999999995,-10.25,-0.08703635937499987,8.325,49.5,50.5,55.5,53.0,50.5,0.40303178124999994,214,73
2019,3852,Jaydon Mickens,WR,1,0.0,-9.7,-0.09646422656249998,9.7,46.0,47.0,52.0,49.5,47.0,0.4042338828125,220,74
2019,5261,Jester Weah,WR,1,0.0,-9.7,-0.09646422656249998,9.7,46.0,47.0,52.0,49.5,47.0,0.4042338828125,221,75
2019,6598,Trenton Irwin,WR,1,0.0,-9.7,-0.09646422656249998,9.7,46.0,47.0,52.0,49.5,47.0,0.4042338828125,222,76
2019,1854,Quincy Enunwa,WR,1,-1.4,-11.85,-0.09924871874999996,10.45,55.0,56.0,61.0,58.5,56.0,0.409692265625,223,77
2019,1110,T.Y. Hilton,WR,16,134.6,-9.2,-0.10188665625000021,8.9875,48.3125,49.3125,54.3125,51.8125,49.3125,0.407222427734375,226,78
2019,4036,Corey Davis,WR,16,130.1,-12.899999999999993,-0.11282728906249995,8.9375,48.375,49.375,54.375,51.875,49.375,0.4079123383789062,232,79
2019,2121,T.J. Jones,WR,3,13.3,-15.999999999999998,-0.14044574999999987,9.766666666666666,48.666666666666664,49.666666666666664,54.666666666666664,52.166666666666664,49.666666666666664,0.40665173958333334,236,80
2019,4050,Cyril Grayson,WR,2,1.3,-15.899999999999999,-0.14900851562499995,8.6,48.5,49.5,54.5,52.0,49.5,0.40619187109375,241,81
2019,4160,Josh Malone,WR,2,0.0,-17.2,-0.16134916406249994,8.6,48.5,49.5,54.5,52.0,49.5,0.40619187109375,245,82
2019,6154,David Sills,WR,2,0.0,-17.2,-0.16134916406249994,8.6,48.5,49.5,54.5,52.0,49.5,0.40619187109375,246,83
2019,6593,Spencer Schnell,WR,2,0.0,-17.2,-0.16134916406249994,8.6,48.5,49.5,54.5,52.0,49.5,0.40619187109375,247,84
2019,4040,JuJu Smith-Schuster,WR,16,127.2,-15.799999999999997,-0.16450094531249987,8.9375,48.0625,49.0625,54.0625,51.5625,49.0625,0.4068424169921875,248,85
2019,3178,Josh Doctson,WR,2,0.0,-18.75,-0.17225717187500006,9.375,50.5,51.5,56.5,54.0,51.5,0.40721157421875,250,86
2019,5570,Chad Beebe,WR,3,11.000000000000002,-19.799999999999997,-0.17814093749999993,10.266666666666666,53.0,54.0,59.0,56.5,54.0,0.40671123437499995,252,87
2019,5185,Allen Lazard,WR,16,117.0,-26.0,-0.17910883593749988,8.9375,48.375,49.375,54.375,51.875,49.375,0.4079123383789062,253,88
2019,5310,Antonio Callaway,WR,5,19.400000000000002,-21.749999999999996,-0.18304361718750006,8.23,47.0,48.0,53.0,50.5,48.0,0.410960890625,254,89
2019,4218,Trent Taylor,WR,2,0.0,-20.1,-0.18810931250000001,10.05,53.5,54.5,59.5,57.0,54.5,0.4025044765625,255,90
2019,5134,Keith Kirkwood,WR,2,0.0,-20.1,-0.18810931250000001,10.05,53.5,54.5,59.5,57.0,54.5,0.4025044765625,256,91
2019,4489,Gehrig Dieter,WR,2,0.0,-18.35,-0.19332161718750002,9.175,46.5,47.5,52.5,50.0,47.5,0.39769455078125004,258,92
2019,4854,River Cracraft,WR,2,0.0,-20.35,-0.19829592968749993,10.175,52.0,53.0,58.0,55.5,53.0,0.40522071875,261,93
2019,6402,Steven Sims,WR,16,123.3,-21.000000000000007,-0.2086189687500003,9.01875,48.3125,49.3125,54.3125,51.8125,49.3125,0.4079706787109375,263,94
2019,4252,Isaiah Ford,WR,9,57.2,-23.4,-0.209386203125,8.955555555555556,47.55555555555556,48.55555555555556,53.55555555555556,51.05555555555556,48.55555555555556,0.40755240885416666,264,95
2019,455,Michael Crabtree,WR,3,6.199999999999999,-24.599999999999998,-0.22767865625,10.266666666666666,53.0,54.0,59.0,56.5,54.0,0.40671123437499995,269,96
2019,1333,Russell Shepard,WR,3,6.0,-24.799999999999997,-0.2280220703125,10.266666666666666,53.0,54.0,59.0,56.5,54.0,0.40671123437499995,271,97
2019,2003,Bennie Fowler,WR,9,53.0,-27.049999999999997,-0.23839543749999992,8.894444444444444,49.44444444444444,50.44444444444444,55.44444444444444,52.94444444444444,50.44444444444444,0.41070976215277777,276,98
2019,3286,Demarcus Robinson,WR,16,112.9,-31.499999999999993,-0.2521311015625,9.025,48.125,49.125,54.125,51.625,49.125,0.407247384765625,280,99
2019,1689,Adam Thielen,WR,16,123.19999999999999,-21.200000000000003,-0.2526901875,9.025,48.125,49.125,54.125,51.625,49.125,0.407247384765625,281,100
2019,3433,Alex Erickson,WR,16,115.24000000000001,-26.909999999999993,-0.25683585937500014,8.884375,48.4375,49.4375,54.4375,51.9375,49.4375,0.4075948896484375,283,101
2019,5110,Russell Gage,WR,16,111.6,-30.549999999999997,-0.25961245312500014,8.884375,48.4375,49.4375,54.4375,51.9375,49.4375,0.4075948896484375,284,102
2019,4351,Tim Patrick,WR,8,44.8,-27.75,-0.26137874218749996,9.06875,48.5,49.5,54.5,52.0,49.5,0.404339875,286,103
2019,3895,Marvin Hall,WR,9,47.0,-28.749999999999996,-0.2714948515624999,8.416666666666666,47.888888888888886,48.888888888888886,53.888888888888886,51.388888888888886,48.888888888888886,0.4124310269097222,289,104
2019,5197,Rico Gafford,WR,5,17.6,-29.3,-0.2765784765624998,9.379999999999999,47.4,48.4,53.4,50.9,48.4,0.40098514218750003,291,105
2019,5911,Jalen Hurd,WR,3,0.0,-30.799999999999997,-0.28634452343749994,10.266666666666666,53.0,54.0,59.0,56.5,54.0,0.40671123437499995,292,106
2019,2291,Dontrelle Inman,WR,7,34.6,-31.499999999999996,-0.29093755468749977,9.442857142857141,49.42857142857143,50.42857142857143,55.42857142857143,52.92857142857143,50.42857142857143,0.4057064185267857,293,107
2019,2334,Phillip Dorsett,WR,16,110.9,-33.39999999999999,-0.2932211640625001,9.01875,48.3125,49.3125,54.3125,51.8125,49.3125,0.4079706787109375,295,108
2019,4454,Kendrick Bourne,WR,16,107.8,-34.55,-0.30335047656249997,8.896875,48.625,49.625,54.625,52.125,49.625,0.4076134072265625,298,109
2019,2462,J.J. Nelson,WR,5,13.6,-34.7,-0.30701356250000006,9.66,49.2,50.2,55.2,52.7,50.2,0.407832375,300,110
2019,2325,Nelson Agholor,WR,16,103.4,-40.89999999999999,-0.3140353828125,9.01875,48.3125,49.3125,54.3125,51.8125,49.3125,0.4079706787109375,301,111
2019,3730,Tevin Jones,WR,5,10.600000000000001,-34.3,-0.32367996093749996,8.98,47.2,48.2,53.2,50.7,48.2,0.40252859843749994,304,112
2019,4139,Amara Darboh,WR,4,0.0,-35.3,-0.3289832265624999,8.825,48.25,49.25,54.25,51.75,49.25,0.409526728515625,309,113
2019,4128,Chad Williams,WR,4,0.0,-36.85,-0.3371512109374999,9.2125,47.5,48.5,53.5,51.0,48.5,0.403566873046875,313,114
2019,5722,Darvin Kidsy,WR,4,0.0,-36.85,-0.3371512109374999,9.2125,47.5,48.5,53.5,51.0,48.5,0.403566873046875,314,115
2019,1244,Josh Gordon,WR,13,82.9,-33.949999999999996,-0.3389777499999999,8.988461538461538,48.15384615384615,49.15384615384615,54.15384615384615,51.65384615384615,49.15384615384615,0.40756158173076923,316,116
2019,5970,Greg Dortch,WR,4,-2.0,-37.599999999999994,-0.34994073437499995,8.899999999999999,47.0,48.0,53.0,50.5,48.0,0.4083726640625,318,117
2019,147,DeSean Jackson,WR,9,43.9,-38.3,-0.36374555468750003,9.133333333333333,48.888888888888886,49.888888888888886,54.888888888888886,52.388888888888886,49.888888888888886,0.4113893472222222,322,118
2019,1911,Willie Snead,WR,16,105.5,-36.849999999999994,-0.36874711718750003,8.896875,48.0625,49.0625,54.0625,51.5625,49.0625,0.40721344921875,327,119
2019,6381,Alexander Hollins,WR,5,7.6000000000000005,-39.3,-0.3714489218749999,9.379999999999999,47.4,48.4,53.4,50.9,48.4,0.40098514218750003,328,120
2019,6380,Davion Davis,WR,5,0.0,-42.599999999999994,-0.379269203125,8.52,46.0,47.0,52.0,49.5,47.0,0.40970975625,329,121
2019,3342,Jakeem Grant,WR,11,51.2,-44.65,-0.38550618750000004,8.713636363636363,48.90909090909091,49.90909090909091,54.90909090909091,52.40909090909091,49.90909090909091,0.41062619957386365,332,122
2019,3634,Kalif Raymond,WR,9,35.7,-43.2,-0.38827347656249994,8.766666666666667,47.77777777777778,48.77777777777778,53.77777777777778,51.27777777777778,48.77777777777778,0.4055351623263889,334,123
2019,1903,Taylor Gabriel,WR,16,98.9,-44.9,-0.3906232578125,8.9875,48.3125,49.3125,54.3125,51.8125,49.3125,0.407222427734375,335,124
2019,5166,Da'Mari Scott,WR,5,5.9,-41.0,-0.3913726484374999,9.379999999999999,47.4,48.4,53.4,50.9,48.4,0.40098514218750003,336,125
2019,2025,Albert Wilson,WR,16,100.9,-41.849999999999994,-0.3916093515624998,8.921875,48.4375,49.4375,54.4375,51.9375,49.4375,0.407613369140625,337,126
2019,5086,Marquez Valdes-Scantling,WR,16,98.5,-44.5,-0.412191203125,8.9375,48.375,49.375,54.375,51.875,49.375,0.4079123383789062,339,127
2019,1077,Travis Benjamin,WR,6,10.5,-45.3,-0.4143988828125,9.299999999999999,48.833333333333336,49.833333333333336,54.833333333333336,52.333333333333336,49.833333333333336,0.40915522135416665,340,128
2019,560,Demaryius Thomas,WR,16,97.3,-45.05,-0.41727847656249994,8.896875,48.625,49.625,54.625,52.125,49.625,0.4076134072265625,341,129
2019,695,Ted Ginn,WR,16,99.5,-42.65,-0.42514456250000005,8.884375,48.4375,49.4375,54.4375,51.9375,49.4375,0.4075948896484375,344,130
2019,2822,Adam Humphries,WR,16,96.2,-46.8,-0.4267306171875,8.9375,48.375,49.375,54.375,51.875,49.375,0.4079123383789062,345,131
2019,2279,Paul Richardson,WR,13,70.2,-47.75,-0.443238015625,9.073076923076924,48.30769230769231,49.30769230769231,54.30769230769231,51.80769230769231,49.30769230769231,0.4090179549278846,350,132
2019,6421,Jalen Guyton,WR,5,0.0,-46.9,-0.44626424999999986,9.379999999999999,47.4,48.4,53.4,50.9,48.4,0.40098514218750003,351,133
2019,4480,Bobo Wilson,WR,6,5.5,-50.3,-0.4549087578124999,9.299999999999999,48.833333333333336,49.833333333333336,54.833333333333336,52.333333333333336,49.833333333333336,0.40915522135416665,353,134
2019,1329,Chris Hogan,WR,7,16.2,-49.9,-0.4600075546875,9.442857142857141,49.42857142857143,50.42857142857143,55.42857142857143,52.92857142857143,50.42857142857143,0.4057064185267857,358,135
2019,4285,Robert Davis,WR,6,4.7,-50.95,-0.4770085234374998,9.275,48.5,49.5,54.5,52.0,49.5,0.40504211067708334,365,136
2019,3297,Tajae Sharpe,WR,16,91.9,-51.099999999999994,-0.4827263750000001,8.9375,48.375,49.375,54.375,51.875,49.375,0.4079123383789062,366,137
2019,5938,Lil'Jordan Humphrey,WR,6,0.0,-53.7,-0.4837386328125,8.950000000000001,47.166666666666664,48.166666666666664,53.166666666666664,50.666666666666664,48.166666666666664,0.4126676471354167,367,138
2019,1984,Allen Hurns,WR,16,91.6,-51.15,-0.4875657578125,8.921875,48.4375,49.4375,54.4375,51.9375,49.4375,0.407613369140625,369,139
2019,4622,Keelan Cole,WR,16,89.4,-54.9,-0.4906393203125,9.01875,48.3125,49.3125,54.3125,51.8125,49.3125,0.4079706787109375,370,140
2019,5241,Christian Blake,WR,9,22.6,-55.45,-0.5022061718749998,8.672222222222222,47.888888888888886,48.888888888888886,53.888888888888886,51.388888888888886,48.888888888888886,0.40497080902777777,373,141
2019,3582,Chester Rogers,WR,12,50.9,-56.05,-0.510920125,8.9125,48.583333333333336,49.583333333333336,54.583333333333336,52.083333333333336,49.583333333333336,0.4084409459635417,377,142
2019,5096,Ray-Ray McCloud,WR,6,-2.0,-57.8,-0.51807371875,9.299999999999999,48.833333333333336,49.833333333333336,54.833333333333336,52.333333333333336,49.833333333333336,0.40915522135416665,379,143
2019,6059,Travis Fulgham,WR,6,0.0,-57.15,-0.5236926171874998,9.525,50.666666666666664,51.666666666666664,56.666666666666664,54.166666666666664,51.666666666666664,0.4050718580729167,380,144
2019,6088,Bisi Johnson,WR,16,88.7,-55.699999999999996,-0.5269726875,9.025,48.125,49.125,54.125,51.625,49.125,0.407247384765625,382,145
2019,5260,Vyncint Smith,WR,13,55.8,-55.75,-0.5305900625000002,8.580769230769231,47.61538461538461,48.61538461538461,53.61538461538461,51.11538461538461,48.61538461538461,0.40782160096153847,384,146
2019,4420,Cody Hollister,WR,7,3.3,-57.5,-0.5362378515624999,8.685714285714285,47.714285714285715,48.714285714285715,53.714285714285715,51.214285714285715,48.714285714285715,0.4034418984375,386,147
2019,5661,Chris Lacy,WR,7,11.0,-56.0,-0.53854,9.571428571428571,49.142857142857146,50.142857142857146,55.142857142857146,52.642857142857146,50.142857142857146,0.40141923772321425,387,148
2019,3503,Geronimo Allison,WR,16,82.6,-60.4,-0.55074896875,8.9375,48.375,49.375,54.375,51.875,49.375,0.4079123383789062,388,149
2019,5026,Tre'Quan Smith,WR,16,78.9,-63.25,-0.5663152578125001,8.884375,48.4375,49.4375,54.4375,51.9375,49.4375,0.4075948896484375,392,150
2019,2673,Damiere Byrd,WR,16,81.9,-62.5,-0.5741235312499999,9.025,48.125,49.125,54.125,51.625,49.125,0.407247384765625,396,151
2019,6363,Michael Walker,WR,7,0.0,-61.55,-0.5770103984374999,8.792857142857143,47.42857142857143,48.42857142857143,53.42857142857143,50.92857142857143,48.42857142857143,0.4043718448660715,397,152
2019,3846,Duke Williams,WR,12,40.1,-63.95,-0.5931730078125,8.670833333333333,47.666666666666664,48.666666666666664,53.666666666666664,51.166666666666664,48.666666666666664,0.4071592799479167,402,153
2019,3278,Pharoh Cooper,WR,14,60.2,-64.55,-0.5966803593750001,8.910714285714286,48.285714285714285,49.285714285714285,54.285714285714285,51.785714285714285,49.285714285714285,0.4065228303571429,403,154
2019,2004,Cody Latimer,WR,16,78.0,-65.0,-0.5971857968749998,8.9375,48.375,49.375,54.375,51.875,49.375,0.4079123383789062,404,155
2019,1987,Marqise Lee,WR,8,6.1,-66.95,-0.6036806171875,9.13125,49.375,50.375,55.375,52.875,50.375,0.4115867578125,407,156
2019,1312,Josh Bellamy,WR,8,4.5,-68.75,-0.6212581328125,9.15625,49.75,50.75,55.75,53.25,50.75,0.41162379296875,417,157
2019,4526,Krishawn Hogan,WR,8,1.4,-66.95,-0.625454171875,8.54375,48.125,49.125,54.125,51.625,49.125,0.4050629248046875,421,158
2019,5884,Kelvin Harmon,WR,16,75.94,-68.35999999999999,-0.6292766562499998,9.01875,48.3125,49.3125,54.3125,51.8125,49.3125,0.4079706787109375,422,159
2019,4171,Josh Reynolds,WR,16,72.89999999999999,-69.25,-0.6322707109374999,8.884375,48.4375,49.4375,54.4375,51.9375,49.4375,0.4075948896484375,423,160
2019,5132,Steven Mitchell,WR,8,6.7,-66.6,-0.6324961796874999,9.1625,47.375,48.375,53.375,50.875,48.375,0.404422470703125,424,161
2019,4162,Ryan Switzer,WR,9,11.700000000000001,-69.19999999999999,-0.6330974609374997,8.988888888888887,48.44444444444444,49.44444444444444,54.44444444444444,51.94444444444444,49.44444444444444,0.4093835486111111,425,162
2019,4197,Isaiah McKenzie,WR,16,73.4,-70.39999999999999,-0.634654703125,8.9875,48.3125,49.3125,54.3125,51.8125,49.3125,0.407222427734375,426,163
2019,4998,DaeSean Hamilton,WR,16,73.2,-71.1,-0.6529791015624997,9.01875,48.3125,49.3125,54.3125,51.8125,49.3125,0.4079706787109375,428,164
2019,5695,Brandon Powell,WR,8,0.0,-69.1,-0.6546796640624999,8.6375,47.5,48.5,53.5,51.0,48.5,0.403603021484375,429,165
2019,3155,Laquon Treadwell,WR,13,39.4,-74.2,-0.655215421875,8.738461538461538,47.0,48.0,53.0,50.5,48.0,0.40737111177884616,430,166
2019,5139,Trey Quinn,WR,14,56.3,-70.8,-0.6608893046875,9.078571428571427,48.285714285714285,49.285714285714285,54.285714285714285,51.785714285714285,49.285714285714285,0.40822479408482143,432,167
2019,6519,Darrius Shepherd,WR,8,-0.9,-73.95,-0.6622911171874999,9.13125,49.375,50.375,55.375,52.875,50.375,0.4115867578125,433,168
2019,4274,David Moore,WR,16,69.2,-73.8,-0.6634961796874999,8.9375,48.375,49.375,54.375,51.875,49.375,0.4079123383789062,434,169
2019,1346,Marquise Goodwin,WR,13,43.3,-72.7,-0.6726823046874999,8.923076923076923,48.69230769230769,49.69230769230769,54.69230769230769,52.19230769230769,49.69230769230769,0.40857823617788463,435,170
2019,5432,Cam Sims,WR,9,5.2,-72.95,-0.6753993984375,8.683333333333334,47.22222222222222,48.22222222222222,53.22222222222222,50.72222222222222,48.22222222222222,0.4055900642361111,437,171
2019,5947,Jakobi Meyers,WR,16,70.4,-73.9,-0.691748953125,9.01875,48.3125,49.3125,54.3125,51.8125,49.3125,0.4079706787109375,440,172
2019,5880,Parris Campbell,WR,13,41.4,-76.05,-0.6968195312500001,9.034615384615385,48.30769230769231,49.30769230769231,54.30769230769231,51.80769230769231,49.30769230769231,0.40809703064903846,443,173
2019,2039,Seth Roberts,WR,16,68.60000000000001,-73.75,-0.703279953125,8.896875,48.0625,49.0625,54.0625,51.5625,49.0625,0.40721344921875,444,174
2019,2602,Darius Jennings,WR,9,4.7,-78.05,-0.706326453125,9.194444444444445,49.0,50.0,55.0,52.5,50.0,0.4107697717013889,447,175
2019,1215,Jarius Wright,WR,16,65.10000000000001,-77.89999999999999,-0.7187213671875001,8.9375,48.0625,49.0625,54.0625,51.5625,49.0625,0.4068424169921875,450,176
2019,2801,DeAndrew White,WR,10,10.6,-76.6,-0.724330421875,8.72,47.6,48.6,53.6,51.1,48.6,0.405454734375,453,177
2019,6290,Scotty Miller,WR,14,45.0,-80.8,-0.7517515078124999,8.985714285714286,48.0,49.0,54.0,51.5,49.0,0.4069353521205357,458,178
2019,4416,Austin Carr,WR,10,2.4,-85.95,-0.7828009062500001,8.834999999999999,48.8,49.8,54.8,52.3,49.8,0.41012223828125,465,179
2019,6699,Gunner Olszewski,WR,10,3.9000000000000004,-86.6,-0.7915133750000001,9.05,48.6,49.6,54.6,52.1,49.6,0.41072350078125003,468,180
2019,5007,Keke Coutee,WR,16,59.7,-84.6,-0.7958888124999999,9.01875,48.3125,49.3125,54.3125,51.8125,49.3125,0.4079706787109375,470,181
2019,4942,Marcell Ateman,WR,12,16.6,-87.45,-0.8047864375,8.670833333333333,47.666666666666664,48.666666666666664,53.666666666666664,51.166666666666664,48.666666666666664,0.4071592799479167,475,182
2019,902,Dwayne Harris,WR,10,1.7000000000000002,-88.3,-0.8106337968749999,9.0,48.6,49.6,54.6,52.1,49.6,0.40952629921875,477,183
2019,5965,Miles Boykin,WR,16,55.8,-86.55,-0.8248081328125,8.896875,48.0625,49.0625,54.0625,51.5625,49.0625,0.40721344921875,480,184
2019,2487,Geremy Davis,WR,11,7.3,-90.2,-0.8265490390625,8.863636363636363,48.45454545454545,49.45454545454545,54.45454545454545,51.95454545454545,49.45454545454545,0.4100938586647727,481,185
2019,4080,Zay Jones,WR,16,54.1,-89.7,-0.8328105234375002,8.9875,48.3125,49.3125,54.3125,51.8125,49.3125,0.407222427734375,484,186
2019,1567,Tavon Austin,WR,16,54.6,-87.75,-0.8350339062499998,8.896875,48.0625,49.0625,54.0625,51.5625,49.0625,0.40721344921875,485,187
2019,1684,Jaron Brown,WR,16,53.0,-90.0,-0.8355325937499999,8.9375,48.375,49.375,54.375,51.875,49.375,0.4079123383789062,486,188
2019,6247,Jason Moore,WR,11,7.3,-88.8,-0.8393495390624999,8.736363636363636,47.63636363636363,48.63636363636363,53.63636363636363,51.13636363636363,48.63636363636363,0.4069814801136364,487,189
2019,1971,Donte Moncrief,WR,11,6.300000000000001,-90.7,-0.8440789609374999,8.818181818181818,48.54545454545455,49.54545454545455,54.54545454545455,52.04545454545455,49.54545454545455,0.40776373792613635,489,190
2019,6628,Ventell Bryant,WR,12,8.5,-94.1,-0.8584306484375,8.549999999999999,47.333333333333336,48.333333333333336,53.333333333333336,50.833333333333336,48.333333333333336,0.40714730859375003,493,191
2019,5781,Malik Turner,WR,16,50.0,-93.0,-0.8610747109375,8.9375,48.375,49.375,54.375,51.875,49.375,0.4079123383789062,495,192
2019,5374,Justin Watson,WR,16,47.9,-95.1,-0.8787131015624998,8.9375,48.0625,49.0625,54.0625,51.5625,49.0625,0.4068424169921875,498,193
2019,5111,Javon Wims,WR,16,46.6,-97.19999999999999,-0.8828723359374998,8.9875,48.3125,49.3125,54.3125,51.8125,49.3125,0.407222427734375,499,194
2019,5962,KeeSean Johnson,WR,16,50.7,-93.7,-0.8831663984375,9.025,48.125,49.125,54.125,51.625,49.125,0.407247384765625,500,195
2019,5080,Damion Ratley,WR,16,45.5,-97.5,-0.889838421875,8.9375,48.0625,49.0625,54.0625,51.5625,49.0625,0.4068424169921875,503,196
2019,6045,Gary Jennings,WR,11,0.0,-97.5,-0.8920600234375,8.863636363636363,48.45454545454545,49.45454545454545,54.45454545454545,51.95454545454545,49.45454545454545,0.4100938586647727,505,197
2019,5113,Cedrick Wilson,WR,12,10.600000000000001,-94.95,-0.8967765078125001,8.795833333333333,47.416666666666664,48.416666666666664,53.416666666666664,50.916666666666664,48.416666666666664,0.407952123046875,506,198
2019,6069,Stanley Morgan,WR,12,4.8,-97.6,-0.9001549921875001,8.533333333333333,47.833333333333336,48.833333333333336,53.833333333333336,51.333333333333336,48.833333333333336,0.40765589583333334,507,199
2019,2412,Justin Hardy,WR,16,43.0,-99.14999999999999,-0.91129078125,8.884375,48.4375,49.4375,54.4375,51.9375,49.4375,0.4075948896484375,510,200
2019,6549,Damion Willis,WR,13,18.700000000000003,-97.0,-0.912794046875,8.9,48.61538461538461,49.61538461538461,54.61538461538461,52.11538461538461,49.61538461538461,0.4075259723557692,511,201
2019,2821,Jake Kumerow,WR,16,44.400000000000006,-98.6,-0.9188570078125,8.9375,48.375,49.375,54.375,51.875,49.375,0.4079123383789062,512,202
2019,5915,Andy Isabella,WR,16,40.7,-103.7,-0.9532522265625001,9.025,48.125,49.125,54.125,51.625,49.125,0.407247384765625,519,203
2019,5101,Deon Cain,WR,14,24.9,-103.6,-0.9654249062499998,9.178571428571429,48.57142857142857,49.57142857142857,54.57142857142857,52.07142857142857,49.57142857142857,0.40764503738839286,524,204
2019,4992,Dante Pettis,WR,16,38.04,-104.31,-0.9681615703125,8.896875,48.625,49.625,54.625,52.125,49.625,0.4076134072265625,525,205
2019,4330,JoJo Natson,WR,12,0.0,-105.3,-0.9719837421874999,8.775,48.75,49.75,54.75,52.25,49.75,0.40893756184895835,526,206
2019,5863,J.J. Arcega-Whiteside,WR,16,36.400000000000006,-107.89999999999999,-0.9879932890625001,9.01875,48.3125,49.3125,54.3125,51.8125,49.3125,0.4079706787109375,528,207
2019,4752,Fred Brown,WR,13,4.6,-108.9,-1.0065313593749998,8.73076923076923,47.23076923076923,48.23076923076923,53.23076923076923,50.73076923076923,48.23076923076923,0.4082613197115385,531,208
2019,6427,Ashton Dulin,WR,13,3.6999999999999997,-109.3,-1.0088176640625002,8.692307692307692,47.23076923076923,48.23076923076923,53.23076923076923,50.73076923076923,48.23076923076923,0.40734039543269235,532,209
2019,5199,Byron Pringle,WR,16,39.0,-105.4,-1.0171346562499999,9.025,48.125,49.125,54.125,51.625,49.125,0.407247384765625,533,210
2019,6387,Nsimba Webster,WR,12,0.0,-110.4,-1.022992,9.200000000000001,48.25,49.25,54.25,51.75,49.25,0.40534905078125,535,211
2019,4669,Andre Patton,WR,14,13.6,-109.65,-1.0299619687500001,8.803571428571429,47.357142857142854,48.357142857142854,53.357142857142854,50.857142857142854,48.357142857142854,0.40651008147321427,536,212
2019,5137,Richie James,WR,16,30.8,-111.55,-1.0339767734374998,8.896875,48.625,49.625,54.625,52.125,49.625,0.4076134072265625,539,213
2019,3319,Trevor Davis,WR,16,33.7,-110.1,-1.037396171875,8.9875,48.3125,49.3125,54.3125,51.8125,49.3125,0.407222427734375,542,214
2019,2093,Ryan Grant,WR,13,5.8999999999999995,-112.1,-1.0490874609374998,9.076923076923077,49.23076923076923,50.23076923076923,55.23076923076923,52.73076923076923,50.23076923076923,0.4070615222355769,544,215
2019,2342,Devin Smith,WR,16,25.799999999999997,-116.55,-1.0531384609374999,8.896875,48.0625,49.0625,54.0625,51.5625,49.0625,0.40721344921875,546,216
2019,2750,DeAndre Carter,WR,16,29.200000000000003,-115.1,-1.0547205234375,9.01875,48.3125,49.3125,54.3125,51.8125,49.3125,0.4079706787109375,547,217
2019,4344,C.J. Board,WR,14,5.6000000000000005,-118.15,-1.0735139140624999,8.839285714285714,48.642857142857146,49.642857142857146,54.642857142857146,52.142857142857146,49.642857142857146,0.40949304241071427,551,218
2019,6271,Olamide Zaccheaus,WR,16,23.5,-118.65,-1.0797324765624998,8.884375,48.4375,49.4375,54.4375,51.9375,49.4375,0.4075948896484375,552,219
2019,4177,Mack Hollins,WR,16,26.0,-118.3,-1.0802901171875,9.01875,48.3125,49.3125,54.3125,51.8125,49.3125,0.4079706787109375,553,220
2019,6032,Keelan Doss,WR,16,27.3,-116.5,-1.086939109375,8.9875,48.3125,49.3125,54.3125,51.8125,49.3125,0.407222427734375,554,221
2019,6223,Juwann Winfree,WR,13,0.0,-117.95,-1.0955156875,9.073076923076924,48.30769230769231,49.30769230769231,54.30769230769231,51.80769230769231,49.30769230769231,0.4090179549278846,556,222
2019,4878,Brandon Zylstra,WR,16,22.1,-120.9,-1.1010291328125,8.9375,48.0625,49.0625,54.0625,51.5625,49.0625,0.4068424169921875,558,223
2019,2023,De'Anthony Thomas,WR,14,3.0,-119.75,-1.113731203125,8.767857142857142,47.785714285714285,48.785714285714285,53.785714285714285,51.285714285714285,48.785714285714285,0.40685091852678573,561,224
2019,6234,Deonte Harty,WR,16,18.3,-123.85,-1.145913234375,8.884375,48.4375,49.4375,54.4375,51.9375,49.4375,0.4075948896484375,570,225
2019,5121,Braxton Berrios,WR,16,18.0,-124.35,-1.15307684375,8.896875,48.625,49.625,54.625,52.125,49.625,0.4076134072265625,572,226
2019,3328,Rashard Higgins,WR,16,16.5,-126.5,-1.1779886953124998,8.9375,48.0625,49.0625,54.0625,51.5625,49.0625,0.4068424169921875,577,227
2019,5773,KhaDarel Hodge,WR,16,14.100000000000001,-128.9,-1.1870157265624999,8.9375,48.0625,49.0625,54.0625,51.5625,49.0625,0.4068424169921875,580,228
2019,5873,Riley Ridley,WR,16,14.9,-128.9,-1.1894644374999999,8.9875,48.3125,49.3125,54.3125,51.8125,49.3125,0.407222427734375,581,229
2019,5250,Robert Foster,WR,16,14.700000000000001,-129.1,-1.193560109375,8.9875,48.3125,49.3125,54.3125,51.8125,49.3125,0.407222427734375,584,230
2019,830,A.J. Green,WR,15,0.0,-132.45,-1.2126707265624999,8.83,48.6,49.6,54.6,52.1,49.6,0.4078189567708333,589,231
2019,5154,Trent Sherfield,WR,16,14.000000000000002,-130.4,-1.219031109375,9.025,48.125,49.125,54.125,51.625,49.125,0.407247384765625,591,232
2019,4198,Jamal Agnew,WR,16,12.4,-130.35,-1.2220259609375,8.921875,48.4375,49.4375,54.4375,51.9375,49.4375,0.407613369140625,592,233
2019,3355,Cody Core,WR,16,6.800000000000001,-136.2,-1.24405253125,8.9375,48.375,49.375,54.375,51.875,49.375,0.4079123383789062,596,234
2019,3476,Johnny Holton,WR,16,7.199999999999999,-135.8,-1.258141453125,8.9375,48.0625,49.0625,54.0625,51.5625,49.0625,0.4068424169921875,598,235
2019,5828,Diontae Spencer,WR,16,8.8,-135.5,-1.258305015625,9.01875,48.3125,49.3125,54.3125,51.8125,49.3125,0.4079706787109375,599,236
2019,3269,Chris Moore,WR,16,5.3,-137.05,-1.2715262031249999,8.896875,48.0625,49.0625,54.0625,51.5625,49.0625,0.40721344921875,600,237
2019,3652,Mike Thomas,WR,16,3.9,-138.25,-1.2744022265625,8.884375,48.4375,49.4375,54.4375,51.9375,49.4375,0.4075948896484375,601,238
2019,627,Andre Roberts,WR,16,6.4,-137.4,-1.2760999609374999,8.9875,48.3125,49.3125,54.3125,51.8125,49.3125,0.407222427734375,602,239
2019,6168,John Ursua,WR,16,2.6,-140.4,-1.288644703125,8.9375,48.375,49.375,54.375,51.875,49.375,0.4079123383789062,604,240
2019,5005,Jaleel Scott,WR,16,1.6,-140.75,-1.30344725,8.896875,48.0625,49.0625,54.0625,51.5625,49.0625,0.40721344921875,605,241
2019,4125,Taywan Taylor,WR,16,0.0,-143.0,-1.3230931796874998,8.9375,48.0625,49.0625,54.0625,51.5625,49.0625,0.4068424169921875,606,242
2019,312,Matthew Slater,WR,16,0.0,-144.3,-1.33286378125,9.01875,48.3125,49.3125,54.3125,51.8125,49.3125,0.4079706787109375,608,243
2020,2133,Davante Adams,WR,16,399.90000000000003,246.60000000000002,2.4210497656250003,9.58125,48.5,49.5,54.5,52.0,49.5,0.4050860380859375,22,1
2020,2449,Stefon Diggs,WR,16,374.8,221.9,2.1932027499999998,9.55625,48.875,49.875,54.875,52.375,49.875,0.405272044921875,26,2
2020,3321,Tyreek Hill,WR,16,368.0,214.35,2.0759080390625,9.603125,48.625,49.625,54.625,52.125,49.625,0.40378070654296877,29,3
2020,1426,DeAndre Hopkins,WR,16,336.5,183.05,1.8602748359375,9.590625000000001,48.6875,49.6875,54.6875,52.1875,49.6875,0.4051674541015625,35,4
2020,4981,Calvin Ridley,WR,16,322.0,168.34999999999997,1.6981063437500001,9.603125,48.625,49.625,54.625,52.125,49.625,0.40378070654296877,38,5
2020,6794,Justin Jefferson,WR,16,312.9,160.35,1.5656959375000001,9.534375,48.5625,49.5625,54.5625,52.0625,49.5625,0.404607521484375,40,6
2020,5846,DK Metcalf,WR,16,309.8,155.7,1.5640088125000002,9.63125,48.8125,49.8125,54.8125,52.3125,49.8125,0.4038543427734375,41,7
2020,1992,Allen Robinson,WR,16,299.1,146.2,1.4592888281249998,9.55625,48.875,49.875,54.875,52.375,49.875,0.405272044921875,43,8
2020,1689,Adam Thielen,WR,15,277.6,133.79999999999998,1.3682255468750002,9.586666666666668,48.53333333333333,49.53333333333333,54.53333333333333,52.03333333333333,49.53333333333333,0.4045236427083333,45,9
2020,1479,Keenan Allen,WR,15,275.3,131.55,1.3508550546875004,9.583333333333334,48.93333333333333,49.93333333333333,54.93333333333333,52.43333333333333,49.93333333333333,0.40479265833333333,46,10
2020,2374,Tyler Lockett,WR,16,295.9,141.79999999999998,1.3373086328125003,9.63125,48.8125,49.8125,54.8125,52.3125,49.8125,0.4038543427734375,47,11
2020,1352,Robert Woods,WR,16,278.4,127.0,1.3132075390625,9.4625,48.625,49.625,54.625,52.125,49.625,0.404276833984375,48,12
2020,5859,A.J. Brown,WR,16,281.0,128.9,1.2836712343750003,9.50625,48.8125,49.8125,54.8125,52.3125,49.8125,0.4040673564453125,51,13
2020,2216,Mike Evans,WR,16,275.6,124.3,1.2122928828125001,9.45625,48.5,49.5,54.5,52.0,49.5,0.40395347656249997,57,14
2020,2309,Amari Cooper,WR,16,271.0,117.35,1.1412736640625,9.603125,48.625,49.625,54.625,52.125,49.625,0.40378070654296877,61,15
2020,3157,William Fuller,WR,11,216.10000000000002,114.25,1.125043953125,9.259090909090908,49.18181818181818,50.18181818181818,55.18181818181818,52.68181818181818,50.18181818181818,0.4040978643465909,62,16
2020,4983,DJ Moore,WR,15,248.4,106.9,1.0817572890625005,9.433333333333334,48.4,49.4,54.4,51.9,49.4,0.4031096427083333,65,17
2020,2197,Brandin Cooks,WR,16,261.5,108.05,1.0472108046875002,9.590625000000001,48.6875,49.6875,54.6875,52.1875,49.6875,0.4051674541015625,66,18
2020,3423,Robbie Chosen,WR,16,255.4,104.1,1.0449934765625002,9.45625,48.5,49.5,54.5,52.0,49.5,0.40395347656249997,67,19
2020,5927,Terry McLaurin,WR,16,256.7,103.25,1.0278643671875003,9.590625000000001,48.6875,49.6875,54.6875,52.1875,49.6875,0.4051674541015625,70,20
2020,4040,JuJu Smith-Schuster,WR,16,253.6,101.5,1.0204903593749999,9.50625,48.8125,49.8125,54.8125,52.3125,49.8125,0.4040673564453125,71,21
2020,1067,Marvin Jones,WR,16,254.3,101.0,1.0197163828125002,9.58125,48.5,49.5,54.5,52.0,49.5,0.4050860380859375,72,22
2020,4039,Cooper Kupp,WR,15,238.0,96.95,0.99136325,9.403333333333334,48.733333333333334,49.733333333333334,54.733333333333334,52.233333333333334,49.733333333333334,0.40524331562500004,74,23
2020,5937,Diontae Johnson,WR,16,247.4,95.3,0.964021765625,9.50625,48.8125,49.8125,54.8125,52.3125,49.8125,0.4040673564453125,78,24
2020,4082,Curtis Samuel,WR,16,247.3,96.0,0.9627839843750002,9.45625,48.5,49.5,54.5,52.0,49.5,0.40395347656249997,79,25
2020,6786,CeeDee Lamb,WR,16,247.7,94.05,0.9383142265625004,9.603125,48.625,49.625,54.625,52.125,49.625,0.40378070654296877,82,26
2020,4036,Corey Davis,WR,14,222.4,86.39999999999999,0.9112026796875003,9.714285714285714,48.57142857142857,49.57142857142857,54.57142857142857,52.07142857142857,49.57142857142857,0.4044577622767857,85,27
2020,1144,Cole Beasley,WR,16,239.5,86.6,0.8915002578124998,9.55625,48.875,49.875,54.875,52.375,49.875,0.405272044921875,91,28
2020,6886,Chase Claypool,WR,16,238.9,86.8,0.8787003515625005,9.50625,48.8125,49.8125,54.8125,52.3125,49.8125,0.4040673564453125,93,29
2020,6803,Brandon Aiyuk,WR,14,207.7,73.89999999999999,0.7872302421874999,9.557142857142859,48.714285714285715,49.714285714285715,54.714285714285715,52.214285714285715,49.714285714285715,0.40528991406250003,100,30
2020,1825,Jarvis Landry,WR,15,217.26,76.16,0.7425180156249999,9.406666666666666,48.93333333333333,49.93333333333333,54.93333333333333,52.43333333333333,49.93333333333333,0.40384484947916666,104,31
2020,6801,Tee Higgins,WR,16,223.1,71.69999999999999,0.7240340625000002,9.4625,48.625,49.625,54.625,52.125,49.625,0.404276833984375,105,32
2020,3225,Tyler Boyd,WR,16,218.64000000000001,67.24,0.7003033750000002,9.4625,48.625,49.625,54.625,52.125,49.625,0.404276833984375,107,33
2020,4037,Chris Godwin,WR,16,214.0,62.699999999999996,0.6214033281250002,9.45625,48.5,49.5,54.5,52.0,49.5,0.40395347656249997,111,34
2020,3200,Sterling Shepard,WR,12,182.2,64.74999999999999,0.6172913125000001,9.7875,48.75,49.75,54.75,52.25,49.75,0.406485609375,112,35
2020,2325,Nelson Agholor,WR,16,211.1,57.0,0.5651611718750003,9.63125,48.8125,49.8125,54.8125,52.3125,49.8125,0.4038543427734375,117,36
2020,5110,Russell Gage,WR,16,207.96,54.309999999999995,0.5614112656249999,9.603125,48.625,49.625,54.625,52.125,49.625,0.40378070654296877,118,37
2020,536,Antonio Brown,WR,8,132.0,54.79999999999999,0.539170015625,9.65,47.875,48.875,53.875,51.375,48.875,0.40489573046875,120,38
2020,5848,Marquise Brown,WR,16,203.7,51.14999999999999,0.5071356796875001,9.534375,48.5625,49.5625,54.5625,52.0625,49.5625,0.404607521484375,123,39
2020,538,Emmanuel Sanders,WR,14,182.5,45.900000000000006,0.46300533593750004,9.757142857142856,48.5,49.5,54.5,52.0,49.5,0.40516814062499995,127,40
2020,5038,Michael Gallup,WR,16,198.8,45.150000000000006,0.44773699218750024,9.603125,48.625,49.625,54.625,52.125,49.625,0.40378070654296877,129,41
2020,2410,Jamison Crowder,WR,16,196.22,42.56999999999999,0.4441173906249998,9.603125,48.625,49.625,54.625,52.125,49.625,0.40378070654296877,130,42
2020,2319,DeVante Parker,WR,16,189.8,37.24999999999999,0.373416703125,9.534375,48.5625,49.5625,54.5625,52.0625,49.5625,0.404607521484375,133,43
2020,1110,T.Y. Hilton,WR,16,187.70000000000002,35.15,0.37257077343749995,9.534375,48.5625,49.5625,54.5625,52.0625,49.5625,0.404607521484375,134,44
2020,2078,Odell Beckham,WR,7,99.92,34.120000000000005,0.32169471874999983,9.4,49.0,50.0,55.0,52.5,50.0,0.4048444977678572,140,45
2020,4351,Tim Patrick,WR,16,181.70000000000002,28.399999999999995,0.3077959062499998,9.58125,48.5,49.5,54.5,52.0,49.5,0.4050860380859375,141,46
2020,6783,Jerry Jeudy,WR,16,183.6,30.3,0.3059640390625,9.58125,48.5,49.5,54.5,52.0,49.5,0.4050860380859375,142,47
2020,4068,Mike Williams,WR,16,174.9,20.799999999999994,0.2538802421875,9.63125,48.8125,49.8125,54.8125,52.3125,49.8125,0.4038543427734375,146,48
2020,6814,Laviska Shenault,WR,16,177.7,24.249999999999993,0.23734856250000014,9.590625000000001,48.6875,49.6875,54.6875,52.1875,49.6875,0.4051674541015625,148,49
2020,4622,Keelan Cole,WR,16,172.1,18.649999999999995,0.22740557812500023,9.590625000000001,48.6875,49.6875,54.6875,52.1875,49.6875,0.4051674541015625,149,50
2020,4950,Christian Kirk,WR,15,165.3,22.2,0.22091922656250002,9.54,48.8,49.8,54.8,52.3,49.8,0.4061933104166667,151,51
2020,4951,DJ Chark,WR,16,173.6,20.150000000000002,0.21565268750000005,9.590625000000001,48.6875,49.6875,54.6875,52.1875,49.6875,0.4051674541015625,152,52
2020,947,Julio Jones,WR,16,168.60000000000002,14.950000000000006,0.2088570468749999,9.603125,48.625,49.625,54.625,52.125,49.625,0.40378070654296877,153,53
2020,5947,Jakobi Meyers,WR,16,168.92000000000002,15.62,0.18865460937500012,9.58125,48.5,49.5,54.5,52.0,49.5,0.4050860380859375,155,54
2020,6149,Darius Slayton,WR,16,164.9,12.0,0.18221808593750005,9.55625,48.875,49.875,54.875,52.375,49.875,0.405272044921875,157,55
2020,7090,Darnell Mooney,WR,16,169.9,16.999999999999993,0.16911804687500026,9.55625,48.875,49.875,54.875,52.375,49.875,0.405272044921875,161,56
2020,928,Randall Cobb,WR,10,108.10000000000001,14.999999999999998,0.14566079687499994,9.309999999999999,49.2,50.2,55.2,52.7,50.2,0.40392108046874997,164,57
2020,5086,Marquez Valdes-Scantling,WR,16,160.1,6.799999999999995,0.13821759374999992,9.58125,48.5,49.5,54.5,52.0,49.5,0.4050860380859375,165,58
2020,344,Julian Edelman,WR,6,70.12,12.770000000000001,0.13391401562499994,9.558333333333334,48.333333333333336,49.333333333333336,54.333333333333336,51.833333333333336,49.333333333333336,0.40707175520833333,166,59
2020,6059,Travis Fulgham,WR,13,130.9,10.349999999999994,0.13064985156250003,9.273076923076925,48.92307692307692,49.92307692307692,54.92307692307692,52.42307692307692,49.92307692307692,0.4033926129807692,168,60
2020,5185,Allen Lazard,WR,10,111.7,11.65,0.12971132812500014,10.004999999999999,47.6,48.6,53.6,51.1,48.6,0.40562986796875,170,61
2020,2238,John Brown,WR,11,108.3,5.399999999999995,0.08127175781249973,9.354545454545455,49.27272727272727,50.27272727272727,55.27272727272727,52.77272727272727,50.27272727272727,0.4027876242897727,174,62
2020,4454,Kendrick Bourne,WR,15,148.20000000000002,5.649999999999999,0.08027660156249994,9.503333333333334,48.733333333333334,49.733333333333334,54.733333333333334,52.233333333333334,49.733333333333334,0.4053283,175,63
2020,6148,Preston Williams,WR,8,81.8,6.549999999999999,0.07655717968749987,9.40625,49.0,50.0,55.0,52.5,50.0,0.40367259765625,176,64
2020,4175,Chad Hansen,WR,5,52.6,0.9999999999999982,0.032441789062500004,10.320000000000002,47.6,48.6,53.6,51.1,48.6,0.4075205515625,181,65
2020,6943,Gabe Davis,WR,16,152.1,-0.8000000000000043,-0.006755296874999872,9.55625,48.875,49.875,54.875,52.375,49.875,0.405272044921875,189,66
2020,5880,Parris Campbell,WR,2,18.099999999999998,-3.049999999999999,-0.01989662499999989,10.575,47.0,48.0,53.0,50.5,48.0,0.41412442968749996,190,67
2020,4319,Zach Pascal,WR,16,150.4,-2.1500000000000066,-0.021550523437500024,9.534375,48.5625,49.5625,54.5625,52.0625,49.5625,0.404607521484375,192,68
2020,3328,Rashard Higgins,WR,15,134.9,-6.200000000000001,-0.023345062500000124,9.406666666666666,48.93333333333333,49.93333333333333,54.93333333333333,52.43333333333333,49.93333333333333,0.40384484947916666,193,69
2020,5134,Keith Kirkwood,WR,1,2.3,-5.3500000000000005,-0.05014752343750006,7.65,48.0,49.0,54.0,51.5,49.0,0.4111880781250001,198,70
2020,5955,Hunter Renfrow,WR,16,148.6,-5.500000000000007,-0.05196679687499989,9.63125,48.8125,49.8125,54.8125,52.3125,49.8125,0.4038543427734375,199,71
2020,6744,Greg Ward,WR,16,143.5,-7.900000000000005,-0.05529551562499996,9.4625,48.625,49.625,54.625,52.125,49.625,0.404276833984375,200,72
2020,6598,Trenton Irwin,WR,1,1.5,-8.8,-0.07642685937500004,10.3,44.0,45.0,50.0,47.5,45.0,0.4107566015625,210,73
2020,5139,Trey Quinn,WR,1,0.0,-8.75,-0.0783235859375,8.75,49.0,50.0,55.0,52.5,50.0,0.405865703125,214,74
2020,3846,Duke Williams,WR,1,0.0,-9.2,-0.08240864843750001,9.2,52.0,53.0,58.0,55.5,53.0,0.39913721874999997,218,75
2020,6386,Alex Bachman,WR,1,0.0,-9.2,-0.08240864843750001,9.2,52.0,53.0,58.0,55.5,53.0,0.39913721874999997,219,76
2020,4752,Fred Brown,WR,1,0.0,-8.3,-0.08287167187499994,8.3,50.0,51.0,56.0,53.5,51.0,0.390178296875,221,77
2020,7452,Josh Pearson,WR,1,0.0,-8.45,-0.08291788281250001,8.45,53.0,54.0,59.0,56.5,54.0,0.39148095312500003,222,78
2020,6032,Keelan Doss,WR,1,0.0,-9.650000000000002,-0.086136171875,9.650000000000002,48.0,49.0,54.0,51.5,49.0,0.407779859375,224,79
2020,6763,Reggie Begelton,WR,1,0.0,-9.650000000000002,-0.086136171875,9.650000000000002,48.0,49.0,54.0,51.5,49.0,0.407779859375,225,80
2020,5539,Derrick Willies,WR,1,0.0,-10.3,-0.08889178124999997,10.3,44.0,45.0,50.0,47.5,45.0,0.4107566015625,228,81
2020,3476,Johnny Holton,WR,1,0.0,-9.7,-0.08972987500000001,9.7,48.0,49.0,54.0,51.5,49.0,0.39607651562499996,231,82
2020,5244,Devin Gray,WR,1,0.0,-10.350000000000001,-0.08998492968750005,10.350000000000001,47.0,48.0,53.0,50.5,48.0,0.389779609375,232,83
2020,6381,Alexander Hollins,WR,1,0.0,-10.350000000000001,-0.08998492968750005,10.350000000000001,47.0,48.0,53.0,50.5,48.0,0.389779609375,233,84
2020,6819,Michael Pittman,WR,13,114.5,-12.3,-0.09130361718749991,9.753846153846155,48.30769230769231,49.30769230769231,54.30769230769231,51.80769230769231,49.30769230769231,0.40486703485576925,234,85
2020,4171,Josh Reynolds,WR,16,141.0,-10.400000000000006,-0.09587899999999994,9.4625,48.625,49.625,54.625,52.125,49.625,0.404276833984375,236,86
2020,5045,Courtland Sutton,WR,2,11.600000000000001,-9.549999999999997,-0.09616842968749995,10.575,47.0,48.0,53.0,50.5,48.0,0.41412442968749996,237,87
2020,5917,Mecole Hardman,WR,16,141.4,-12.250000000000004,-0.0967051874999999,9.603125,48.625,49.625,54.625,52.125,49.625,0.40378070654296877,238,88
2020,7438,Kristian Wilkerson,WR,1,0.0,-10.350000000000001,-0.09745004687499997,10.350000000000001,51.0,52.0,57.0,54.5,52.0,0.40442821875,239,89
2020,5290,Deontay Burnett,WR,2,5.4,-13.950000000000001,-0.12697571875000002,9.675,48.0,49.0,54.0,51.5,49.0,0.4019281875,244,90
2020,7210,Kendall Hinton,WR,1,-6.379999999999999,-15.129999999999999,-0.1310582265625,8.75,49.0,50.0,55.0,52.5,50.0,0.405865703125,246,91
2020,6798,Jalen Reagor,WR,12,99.0,-17.450000000000003,-0.14493742187499997,9.704166666666667,48.083333333333336,49.083333333333336,54.083333333333336,51.583333333333336,49.083333333333336,0.4049036028645833,247,92
2020,5938,Lil'Jordan Humphrey,WR,3,14.600000000000001,-16.750000000000004,-0.14515151562499995,10.450000000000001,45.0,46.0,51.0,48.5,46.0,0.40379661197916666,248,93
2020,5005,Jaleel Scott,WR,2,3.1,-15.000000000000002,-0.15111705468749997,9.05,50.0,51.0,56.0,53.5,51.0,0.403394640625,253,94
2020,5101,Deon Cain,WR,2,0.0,-18.0,-0.16106471875000017,9.0,47.5,48.5,53.5,51.0,48.5,0.40048384375,258,95
2020,4420,Cody Hollister,WR,2,2.7,-16.2,-0.1621010859375,9.45,50.5,51.5,56.5,54.0,51.5,0.39942271875,259,96
2020,2673,Damiere Byrd,WR,16,132.8,-20.500000000000007,-0.16234235156249982,9.58125,48.5,49.5,54.5,52.0,49.5,0.4050860380859375,260,97
2020,5872,Deebo Samuel,WR,12,92.8,-18.900000000000013,-0.1748235703125,9.308333333333334,49.083333333333336,50.083333333333336,55.083333333333336,52.583333333333336,50.083333333333336,0.4046332604166667,264,98
2020,7175,Chris Rowland,WR,2,0.0,-20.650000000000002,-0.17887671093750002,10.325000000000001,45.5,46.5,51.5,49.0,46.5,0.40026810546875,266,99
2020,7352,Matt Cole,WR,2,0.0,-20.650000000000002,-0.17887671093750002,10.325000000000001,45.5,46.5,51.5,49.0,46.5,0.40026810546875,267,100
2020,7078,Tony Brown,WR,2,0.0,-19.55,-0.17985869531249998,9.775,51.5,52.5,57.5,55.0,52.5,0.40178271875,268,101
2020,6223,Juwann Winfree,WR,2,0.0,-17.900000000000002,-0.18195105468750006,8.950000000000001,50.5,51.5,56.5,54.0,51.5,0.41448862109375,269,102
2020,7244,Ja'Marcus Bradley,WR,3,12.0,-18.550000000000004,-0.1837825937500001,10.183333333333335,49.0,50.0,55.0,52.5,50.0,0.41232317447916667,270,103
2020,3199,Michael Thomas,WR,13,98.6,-24.150000000000006,-0.18719079687499995,9.442307692307692,49.69230769230769,50.69230769230769,55.69230769230769,53.19230769230769,50.69230769230769,0.4038676652644231,271,104
2020,7351,Kirk Merritt,WR,2,0.0,-20.700000000000003,-0.18743497656250002,10.350000000000001,49.0,50.0,55.0,52.5,50.0,0.3971039140625,272,105
2020,223,Larry Fitzgerald,WR,14,112.9,-21.350000000000005,-0.18912607031249995,9.589285714285714,48.357142857142854,49.357142857142854,54.357142857142854,51.857142857142854,49.357142857142854,0.40480083035714287,273,106
2020,1329,Chris Hogan,WR,5,28.8,-20.15,-0.194036671875,9.790000000000001,48.6,49.6,54.6,52.1,49.6,0.4047172375,274,107
2020,4274,David Moore,WR,16,132.4,-21.700000000000003,-0.1963451874999999,9.63125,48.8125,49.8125,54.8125,52.3125,49.8125,0.4038543427734375,275,108
2020,5977,Terry Godwin,WR,3,7.7,-19.6,-0.19650124999999985,9.100000000000001,48.333333333333336,49.333333333333336,54.333333333333336,51.833333333333336,49.333333333333336,0.3968835703125,276,109
2020,830,A.J. Green,WR,16,127.30000000000001,-24.099999999999998,-0.2027003515625,9.4625,48.625,49.625,54.625,52.125,49.625,0.404276833984375,280,110
2020,2334,Phillip Dorsett,WR,2,0.0,-21.15,-0.20363872656249998,10.575,47.0,48.0,53.0,50.5,48.0,0.41412442968749996,281,111
2020,5026,Tre'Quan Smith,WR,14,112.3,-21.150000000000006,-0.21471935937499959,9.532142857142858,49.285714285714285,50.285714285714285,55.285714285714285,52.785714285714285,50.285714285714285,0.40436666238839286,286,112
2020,1911,Willie Snead,WR,14,105.2,-28.150000000000006,-0.2167768046875001,9.525,48.214285714285715,49.214285714285715,54.214285714285715,51.714285714285715,49.214285714285715,0.4041609073660714,287,113
2020,7458,Isaiah Zuber,WR,4,8.9,-26.400000000000002,-0.24872877343750005,8.825000000000001,48.5,49.5,54.5,52.0,49.5,0.4013056875,299,114
2020,2312,Kevin White,WR,3,0.0,-26.450000000000003,-0.2514477187500001,8.816666666666668,50.666666666666664,51.666666666666664,56.666666666666664,54.166666666666664,51.666666666666664,0.40236575,301,115
2020,3155,Laquon Treadwell,WR,5,23.9,-27.700000000000003,-0.26225321875,10.320000000000002,47.6,48.6,53.6,51.1,48.6,0.4075205515625,305,116
2020,491,Danny Amendola,WR,16,123.1,-30.200000000000014,-0.2683719609374997,9.58125,48.5,49.5,54.5,52.0,49.5,0.4050860380859375,307,117
2020,6849,Denzel Mims,WR,10,68.2,-29.500000000000007,-0.2716899531249997,9.77,48.5,49.5,54.5,52.0,49.5,0.40164705390624994,308,118
2020,5013,Anthony Miller,WR,16,120.10000000000001,-32.800000000000004,-0.2815001171874999,9.55625,48.875,49.875,54.875,52.375,49.875,0.405272044921875,312,119
2020,902,Dwayne Harris,WR,3,-2.0,-28.750000000000004,-0.2835932812499999,8.916666666666668,50.666666666666664,51.666666666666664,56.666666666666664,54.166666666666664,51.666666666666664,0.4023242578125,314,120
2020,4330,JoJo Natson,WR,3,0.5,-30.349999999999998,-0.28897935156249993,10.283333333333333,47.333333333333336,48.333333333333336,53.333333333333336,50.833333333333336,48.333333333333336,0.40810845833333326,317,121
2020,6063,Tyron Billy-Johnson,WR,13,91.10000000000001,-32.150000000000006,-0.30178948437499986,9.480769230769232,49.15384615384615,50.15384615384615,55.15384615384615,52.65384615384615,50.15384615384615,0.4028726237980769,319,122
2020,4160,Josh Malone,WR,4,8.0,-32.5,-0.3063782421874999,10.125,47.5,48.5,53.5,51.0,48.5,0.40802630859375,322,123
2020,3286,Demarcus Robinson,WR,16,119.10000000000001,-34.55,-0.3155627656249998,9.603125,48.625,49.625,54.625,52.125,49.625,0.40378070654296877,328,124
2020,6290,Scotty Miller,WR,16,116.60000000000001,-34.7,-0.3162260078124998,9.45625,48.5,49.5,54.5,52.0,49.5,0.40395347656249997,329,125
2020,147,DeSean Jackson,WR,9,52.0,-34.449999999999996,-0.3188789687500001,9.605555555555556,48.22222222222222,49.22222222222222,54.22222222222222,51.72222222222222,49.22222222222222,0.40382752170138886,332,126
2020,5137,Richie James,WR,12,77.4,-37.0,-0.34376056250000003,9.533333333333333,48.916666666666664,49.916666666666664,54.916666666666664,52.416666666666664,49.916666666666664,0.40567758463541664,338,127
2020,4489,Gehrig Dieter,WR,4,2.5,-37.35,-0.3444117109374998,9.9625,47.25,48.25,53.25,50.75,48.25,0.398367318359375,340,128
2020,6271,Olamide Zaccheaus,WR,11,65.10000000000001,-36.95,-0.3486316328125,9.277272727272727,49.09090909090909,50.09090909090909,55.09090909090909,52.59090909090909,50.09090909090909,0.40208077698863637,341,129
2020,6805,KJ Hamler,WR,15,101.9,-41.050000000000004,-0.3515393281249998,9.530000000000001,48.6,49.6,54.6,52.1,49.6,0.40610646666666667,342,130
2020,2331,Breshad Perriman,WR,16,113.8,-39.85,-0.35979235156249995,9.603125,48.625,49.625,54.625,52.125,49.625,0.40378070654296877,343,131
2020,3568,Marken Michel,WR,4,0.0,-37.650000000000006,-0.361022171875,9.412500000000001,50.75,51.75,56.75,54.25,51.75,0.4025886796875,344,132
2020,6789,Henry Ruggs,WR,15,99.9,-43.5,-0.38289510156249984,9.56,49.13333333333333,50.13333333333333,55.13333333333333,52.63333333333333,50.13333333333333,0.40338772395833333,347,133
2020,4197,Isaiah McKenzie,WR,16,112.08,-40.82000000000001,-0.3891674374999999,9.55625,48.875,49.875,54.875,52.375,49.875,0.405272044921875,352,134
2020,4416,Austin Carr,WR,6,12.7,-42.650000000000006,-0.39340274218749993,9.225,49.166666666666664,50.166666666666664,55.166666666666664,52.666666666666664,50.166666666666664,0.39786639713541666,353,135
2020,2822,Adam Humphries,WR,11,61.3,-41.2,-0.3953406328124997,9.318181818181818,49.36363636363637,50.36363636363637,55.36363636363637,52.86363636363637,50.36363636363637,0.4041450845170455,355,136
2020,5024,James Washington,WR,16,108.2,-43.900000000000006,-0.39729384375,9.50625,48.8125,49.8125,54.8125,52.3125,49.8125,0.4040673564453125,356,137
2020,6421,Jalen Guyton,WR,16,111.0,-43.10000000000001,-0.42036764062499987,9.63125,48.8125,49.8125,54.8125,52.3125,49.8125,0.4038543427734375,360,138
2020,5121,Braxton Berrios,WR,16,108.4,-45.25000000000001,-0.4273748593749999,9.603125,48.625,49.625,54.625,52.125,49.625,0.40378070654296877,362,139
2020,2003,Bennie Fowler,WR,5,3.6,-45.35,-0.4279869609375,9.790000000000001,48.6,49.6,54.6,52.1,49.6,0.4047172375,363,140
2020,1567,Tavon Austin,WR,5,5.5,-46.10000000000001,-0.428557328125,10.320000000000002,47.6,48.6,53.6,51.1,48.6,0.4075205515625,364,141
2020,2381,Chris Conley,WR,16,109.10000000000001,-44.35,-0.42874113281249976,9.590625000000001,48.6875,49.6875,54.6875,52.1875,49.6875,0.4051674541015625,365,142
2020,574,Dez Bryant,WR,7,23.2,-46.550000000000004,-0.430257515625,9.964285714285714,47.857142857142854,48.857142857142854,53.857142857142854,51.357142857142854,48.857142857142854,0.4028272198660714,366,143
2020,3614,Tommylee Lewis,WR,5,3.8,-45.800000000000004,-0.43735270312500013,9.920000000000002,48.8,49.8,54.8,52.3,49.8,0.40340489062499996,368,144
2020,5132,Steven Mitchell,WR,6,12.5,-47.85000000000001,-0.44046128125000006,10.058333333333335,47.833333333333336,48.833333333333336,53.833333333333336,51.333333333333336,48.833333333333336,0.40724474348958334,370,145
2020,5080,Damion Ratley,WR,6,11.3,-48.0,-0.451859609375,9.883333333333333,48.333333333333336,49.333333333333336,54.333333333333336,51.833333333333336,49.333333333333336,0.4022276328125,375,146
2020,1071,Mohamed Sanu,WR,10,50.7,-48.550000000000004,-0.4545247890624999,9.925,47.6,48.6,53.6,51.1,48.6,0.40567140546875,376,147
2020,5102,Daurice Fountain,WR,6,5.300000000000001,-51.2,-0.47810846875000007,9.416666666666666,49.0,50.0,55.0,52.5,50.0,0.4053063333333333,381,148
2020,1817,Sammy Watkins,WR,16,99.60000000000001,-54.050000000000004,-0.4786307187500001,9.603125,48.625,49.625,54.625,52.125,49.625,0.40378070654296877,382,149
2020,3342,Jakeem Grant,WR,16,98.9,-53.650000000000006,-0.49981974999999984,9.534375,48.5625,49.5625,54.5625,52.0625,49.5625,0.404607521484375,387,150
2020,5310,Antonio Callaway,WR,6,4.5,-52.150000000000006,-0.50911796875,9.441666666666668,49.0,50.0,55.0,52.5,50.0,0.40730055859375,392,151
2020,5007,Keke Coutee,WR,16,98.0,-55.45,-0.5117079609374999,9.590625000000001,48.6875,49.6875,54.6875,52.1875,49.6875,0.4051674541015625,393,152
2020,5432,Cam Sims,WR,16,97.9,-55.550000000000004,-0.5190623828125001,9.590625000000001,48.6875,49.6875,54.6875,52.1875,49.6875,0.4051674541015625,397,153
2020,4050,Cyril Grayson,WR,6,0.0,-54.75,-0.5229167187500001,9.125,49.5,50.5,55.5,53.0,50.5,0.40337223437499997,398,154
2020,642,Golden Tate,WR,16,95.52,-57.38000000000001,-0.5324716015625001,9.55625,48.875,49.875,54.875,52.375,49.875,0.405272044921875,400,155
2020,2039,Seth Roberts,WR,7,8.1,-57.7,-0.5431434375000002,9.4,49.0,50.0,55.0,52.5,50.0,0.4048444977678572,403,156
2020,6247,Jason Moore,WR,6,0.0,-57.25,-0.545294328125,9.541666666666666,48.833333333333336,49.833333333333336,54.833333333333336,52.333333333333336,49.833333333333336,0.40229408072916667,404,157
2020,695,Ted Ginn,WR,7,7.5,-57.4,-0.549892359375,9.271428571428572,48.714285714285715,49.714285714285715,54.714285714285715,52.214285714285715,49.714285714285715,0.40356465178571427,405,158
2020,4252,Isaiah Ford,WR,13,64.60000000000001,-57.35,-0.5577278437499997,9.38076923076923,47.92307692307692,48.92307692307692,53.92307692307692,51.42307692307692,48.92307692307692,0.40331378485576924,406,159
2020,6069,Stanley Morgan,WR,6,0.0,-59.7,-0.5626653828125001,9.950000000000001,48.166666666666664,49.166666666666664,54.166666666666664,51.666666666666664,49.166666666666664,0.4083281692708333,408,160
2020,2821,Jake Kumerow,WR,7,9.2,-59.30000000000001,-0.5631755234375,9.785714285714286,49.285714285714285,50.285714285714285,55.285714285714285,52.785714285714285,50.285714285714285,0.4070723337053571,409,161
2020,6402,Steven Sims,WR,13,64.0,-64.15,-0.5965768749999998,9.857692307692307,48.15384615384615,49.15384615384615,54.15384615384615,51.65384615384615,49.15384615384615,0.40622100120192306,421,162
2020,1971,Donte Moncrief,WR,7,4.1,-65.10000000000001,-0.6070851328125,9.885714285714286,47.714285714285715,48.714285714285715,53.714285714285715,51.214285714285715,48.714285714285715,0.4045676149553571,424,163
2020,3445,Marcus Johnson,WR,12,47.0,-64.35000000000001,-0.6104402265625,9.279166666666667,49.0,50.0,55.0,52.5,50.0,0.4049679466145833,425,164
2020,4146,Dede Westbrook,WR,7,-0.6000000000000001,-66.4,-0.6204612500000001,9.4,49.0,50.0,55.0,52.5,50.0,0.4048444977678572,426,165
2020,5130,Auden Tate,WR,11,33.5,-66.3,-0.6205700156250001,9.072727272727272,49.09090909090909,50.09090909090909,55.09090909090909,52.59090909090909,50.09090909090909,0.40280241690340907,427,166
2020,5197,Rico Gafford,WR,7,0.0,-66.45,-0.6277029765625,9.492857142857144,49.285714285714285,50.285714285714285,55.285714285714285,52.785714285714285,50.285714285714285,0.40184310044642857,428,167
2020,5275,Jeff Badet,WR,7,0.0,-65.5,-0.6298049453125,9.357142857142858,50.42857142857143,51.42857142857143,56.42857142857143,53.92857142857143,51.42857142857143,0.4052164520089286,429,168
2020,7279,DeMichael Harris,WR,10,26.700000000000003,-68.60000000000001,-0.6447518671875,9.530000000000001,48.4,49.4,54.4,51.9,49.4,0.4059955859375,433,169
2020,1555,Kenny Stills,WR,11,34.9,-66.95,-0.6462514609374996,9.259090909090908,49.18181818181818,50.18181818181818,55.18181818181818,52.68181818181818,50.18181818181818,0.4040978643465909,434,170
2020,6234,Deonte Harty,WR,13,55.400000000000006,-67.35,-0.6561027421874999,9.442307692307692,49.69230769230769,50.69230769230769,55.69230769230769,53.19230769230769,50.69230769230769,0.4038676652644231,437,171
2020,4038,John Ross,WR,8,4.2,-69.9,-0.6580160625000002,9.2625,49.125,50.125,55.125,52.625,50.125,0.40301122265625,438,172
2020,3895,Marvin Hall,WR,15,68.5,-74.35000000000001,-0.6652473593750001,9.523333333333333,48.2,49.2,54.2,51.7,49.2,0.404784978125,440,173
2020,4125,Taywan Taylor,WR,8,0.0,-69.75,-0.6709324375,8.71875,50.375,51.375,56.375,53.875,51.375,0.4010404111328125,445,174
2020,6519,Darrius Shepherd,WR,9,8.1,-72.45,-0.68852509375,8.950000000000001,49.333333333333336,50.333333333333336,55.333333333333336,52.833333333333336,50.333333333333336,0.4017249991319444,451,175
2020,6824,Donovan Peoples-Jones,WR,15,64.4,-76.7,-0.7176438125,9.406666666666666,48.93333333333333,49.93333333333333,54.93333333333333,52.43333333333333,49.93333333333333,0.40384484947916666,455,176
2020,6857,Collin Johnson,WR,15,66.2,-76.9,-0.72265853125,9.54,48.8,49.8,54.8,52.3,49.8,0.4061933104166667,460,177
2020,4854,River Cracraft,WR,9,11.1,-76.00000000000001,-0.7231270390625,9.677777777777779,48.77777777777778,49.77777777777778,54.77777777777778,52.27777777777778,49.77777777777778,0.40560458159722224,461,178
2020,6989,Marquez Callaway,WR,13,47.3,-75.85000000000001,-0.7262790312499998,9.473076923076924,48.76923076923077,49.76923076923077,54.76923076923077,52.26923076923077,49.76923076923077,0.4018925336538462,462,179
2020,3852,Jaydon Mickens,WR,10,15.799999999999999,-79.0,-0.7287671640625001,9.48,49.1,50.1,55.1,52.6,50.1,0.4018297609375,463,180
2020,5965,Miles Boykin,WR,16,76.6,-75.95,-0.7292629999999998,9.534375,48.5625,49.5625,54.5625,52.0625,49.5625,0.404607521484375,464,181
2020,6895,Quintez Cephus,WR,16,75.9,-77.4,-0.7306611328125,9.58125,48.5,49.5,54.5,52.0,49.5,0.4050860380859375,465,182
2020,4131,Kenny Golladay,WR,16,75.8,-77.50000000000001,-0.7320572265625,9.58125,48.5,49.5,54.5,52.0,49.5,0.4050860380859375,466,183
2020,6909,Lynn Bowden,WR,15,63.88,-78.32000000000001,-0.7393472187499999,9.48,48.4,49.4,54.4,51.9,49.4,0.40461947499999995,467,184
2020,5199,Byron Pringle,WR,13,45.0,-79.65,-0.7484226484374998,9.588461538461539,48.15384615384615,49.15384615384615,54.15384615384615,51.65384615384615,49.15384615384615,0.4021855907451923,473,185
2020,4998,DaeSean Hamilton,WR,16,71.3,-82.0,-0.7578724921875,9.58125,48.5,49.5,54.5,52.0,49.5,0.4050860380859375,474,186
2020,5289,Cameron Batson,WR,12,34.8,-80.9,-0.7595243437499999,9.641666666666667,48.166666666666664,49.166666666666664,54.166666666666664,51.666666666666664,49.166666666666664,0.4064097291666666,475,187
2020,5773,KhaDarel Hodge,WR,12,35.5,-80.30000000000001,-0.7692171874999999,9.65,48.416666666666664,49.416666666666664,54.416666666666664,51.916666666666664,49.416666666666664,0.40465554101562495,479,188
2020,3269,Chris Moore,WR,9,0.0,-85.55,-0.7952508281250001,9.505555555555555,48.0,49.0,54.0,51.5,49.0,0.40283208593750003,485,189
2020,6557,Jeff Smith,WR,13,37.2,-85.60000000000001,-0.7996288593750001,9.446153846153846,48.92307692307692,49.92307692307692,54.92307692307692,52.42307692307692,49.92307692307692,0.40278199459134617,486,190
2020,6927,Quez Watkins,WR,12,26.1,-84.80000000000001,-0.8109954843749999,9.241666666666667,49.0,50.0,55.0,52.5,50.0,0.40302700911458333,489,191
2020,7085,Isaiah Coulter,WR,9,0.0,-87.65,-0.8273778281249999,9.738888888888889,48.44444444444444,49.44444444444444,54.44444444444444,51.94444444444444,49.44444444444444,0.40541864236111114,494,192
2020,5113,Cedrick Wilson,WR,16,64.22,-89.43,-0.82743565625,9.603125,48.625,49.625,54.625,52.125,49.625,0.40378070654296877,495,193
2020,5250,Robert Foster,WR,10,6.700000000000001,-90.15,-0.8518189609375,9.685,48.8,49.8,54.8,52.3,49.8,0.4047905,499,194
2020,6847,Devin Duvernay,WR,16,60.400000000000006,-92.15,-0.8737464531249999,9.534375,48.5625,49.5625,54.5625,52.0625,49.5625,0.404607521484375,504,195
2020,6873,Austin Mack,WR,12,19.599999999999998,-94.00000000000001,-0.876158828125,9.466666666666667,48.916666666666664,49.916666666666664,54.916666666666664,52.416666666666664,49.916666666666664,0.40571219921875,505,196
2020,2291,Dontrelle Inman,WR,15,50.800000000000004,-92.35000000000001,-0.8794565078125001,9.543333333333333,49.0,50.0,55.0,52.5,50.0,0.40479484427083334,506,197
2020,5915,Andy Isabella,WR,16,60.0,-93.45,-0.8812926562500001,9.590625000000001,48.6875,49.6875,54.6875,52.1875,49.6875,0.4051674541015625,507,198
2020,6699,Gunner Olszewski,WR,13,28.0,-94.45000000000002,-0.8858233046875,9.41923076923077,48.76923076923077,49.76923076923077,54.76923076923077,52.26923076923077,49.76923076923077,0.40438855649038463,508,199
2020,5962,KeeSean Johnson,WR,14,36.800000000000004,-95.5,-0.9069139609375,9.450000000000001,48.92857142857143,49.92857142857143,54.92857142857143,52.42857142857143,49.92857142857143,0.4038878861607143,514,200
2020,5323,Equanimeous St. Brown,WR,13,28.6,-94.65,-0.9083995234375,9.48076923076923,48.76923076923077,49.76923076923077,54.76923076923077,52.26923076923077,49.76923076923077,0.40435660456730765,515,201
2020,5570,Chad Beebe,WR,16,57.1,-95.45000000000002,-0.9179723437499998,9.534375,48.5625,49.5625,54.5625,52.0625,49.5625,0.404607521484375,517,202
2020,6853,Van Jefferson,WR,16,52.1,-99.3,-0.9405423437499999,9.4625,48.625,49.625,54.625,52.125,49.625,0.404276833984375,520,203
2020,5260,Vyncint Smith,WR,11,2.8,-101.9,-0.952968609375,9.518181818181818,48.63636363636363,49.63636363636363,54.63636363636363,52.13636363636363,49.63636363636363,0.4033550106534091,524,204
2020,7407,Isaiah Wright,WR,16,51.4,-102.05000000000001,-0.9537033515625001,9.590625000000001,48.6875,49.6875,54.6875,52.1875,49.6875,0.4051674541015625,525,205
2020,4491,Marcus Kemp,WR,11,2.6,-102.4,-0.9606090234375002,9.545454545454545,49.0,50.0,55.0,52.5,50.0,0.40495155113636366,526,206
2020,6960,Tyler Johnson,WR,16,44.400000000000006,-106.9,-1.0128548046875,9.45625,48.5,49.5,54.5,52.0,49.5,0.40395347656249997,535,207
2020,3634,Kalif Raymond,WR,15,34.1,-107.3,-1.0141457421875002,9.426666666666668,49.13333333333333,50.13333333333333,55.13333333333333,52.63333333333333,50.13333333333333,0.4036149385416667,537,208
2020,7135,Freddie Swain,WR,16,42.9,-111.2,-1.04458859375,9.63125,48.8125,49.8125,54.8125,52.3125,49.8125,0.4038543427734375,546,209
2020,5863,J.J. Arcega-Whiteside,WR,14,22.5,-111.30000000000001,-1.0569704999999998,9.557142857142859,48.714285714285715,49.714285714285715,54.714285714285715,52.214285714285715,49.714285714285715,0.40528991406250003,551,210
2020,4218,Trent Taylor,WR,14,21.1,-111.15,-1.0608267109375003,9.446428571428571,49.357142857142854,50.357142857142854,55.357142857142854,52.857142857142854,50.357142857142854,0.4059868934151786,553,211
2020,4177,Mack Hollins,WR,16,40.6,-111.95,-1.0616183515625,9.534375,48.5625,49.5625,54.5625,52.0625,49.5625,0.404607521484375,554,212
2020,6427,Ashton Dulin,WR,13,10.8,-114.45,-1.0719056406250003,9.634615384615385,48.30769230769231,49.30769230769231,54.30769230769231,51.80769230769231,49.30769230769231,0.4052631556490385,556,213
2020,6088,Bisi Johnson,WR,16,39.4,-113.15,-1.07528340625,9.534375,48.5625,49.5625,54.5625,52.0625,49.5625,0.404607521484375,557,214
2020,5111,Javon Wims,WR,14,18.7,-115.75,-1.0800752109375,9.60357142857143,48.57142857142857,49.57142857142857,54.57142857142857,52.07142857142857,49.57142857142857,0.40482558872767854,559,215
2020,6870,Bryan Edwards,WR,16,40.300000000000004,-113.80000000000001,-1.090213640625,9.63125,48.8125,49.8125,54.8125,52.3125,49.8125,0.4038543427734375,562,216
2020,4080,Zay Jones,WR,16,40.06,-114.04,-1.0905325234374996,9.63125,48.8125,49.8125,54.8125,52.3125,49.8125,0.4038543427734375,563,217
2020,5096,Ray-Ray McCloud,WR,16,36.0,-116.10000000000001,-1.094490421875,9.50625,48.8125,49.8125,54.8125,52.3125,49.8125,0.4040673564453125,565,218
2020,4992,Dante Pettis,WR,14,16.6,-117.2,-1.1187603593750002,9.557142857142859,48.714285714285715,49.714285714285715,54.714285714285715,52.214285714285715,49.714285714285715,0.40528991406250003,569,219
2020,3652,Mike Thomas,WR,16,33.5,-117.9,-1.1206577421875001,9.4625,48.625,49.625,54.625,52.125,49.625,0.404276833984375,570,220
2020,7086,John Hightower,WR,16,33.5,-117.9,-1.123070046875,9.4625,48.625,49.625,54.625,52.125,49.625,0.404276833984375,571,221
2020,5828,Diontae Spencer,WR,14,15.100000000000001,-119.00000000000001,-1.1273892578124998,9.578571428571427,48.142857142857146,49.142857142857146,54.142857142857146,51.642857142857146,49.142857142857146,0.40470778348214287,572,222
2020,4198,Jamal Agnew,WR,16,33.4,-119.9,-1.1350449453124998,9.58125,48.5,49.5,54.5,52.0,49.5,0.4050860380859375,577,223
2020,4234,Noah Brown,WR,16,33.0,-120.65,-1.1398377812499998,9.603125,48.625,49.625,54.625,52.125,49.625,0.40378070654296877,578,224
2020,5695,Brandon Powell,WR,16,31.5,-122.15,-1.1535032421875,9.603125,48.625,49.625,54.625,52.125,49.625,0.40378070654296877,582,225
2020,2750,DeAndre Carter,WR,13,-0.19999999999999996,-124.30000000000001,-1.1545272578125,9.546153846153846,49.07692307692308,50.07692307692308,55.07692307692308,52.57692307692308,50.07692307692308,0.40513152403846153,583,226
2020,3297,Tajae Sharpe,WR,13,0.0,-121.2,-1.1637704140625,9.323076923076924,49.38461538461539,50.38461538461539,55.38461538461539,52.88461538461539,50.38461538461539,0.4047946544471154,585,227
2020,5241,Christian Blake,WR,16,30.1,-123.55000000000001,-1.1646702890625,9.603125,48.625,49.625,54.625,52.125,49.625,0.40378070654296877,586,228
2020,7109,Malcolm Perry,WR,16,27.3,-125.25,-1.1877799296875,9.534375,48.5625,49.5625,54.5625,52.0625,49.5625,0.404607521484375,590,229
2020,1149,Alshon Jeffery,WR,16,25.5,-125.9,-1.1903957890625,9.4625,48.625,49.625,54.625,52.125,49.625,0.404276833984375,591,230
2020,3433,Alex Erickson,WR,16,26.6,-124.80000000000001,-1.1937937109374999,9.4625,48.625,49.625,54.625,52.125,49.625,0.404276833984375,592,231
2020,4344,C.J. Board,WR,16,24.6,-128.3,-1.2148729843750001,9.55625,48.875,49.875,54.875,52.375,49.875,0.405272044921875,599,232
2020,5374,Justin Watson,WR,16,18.9,-132.4,-1.2541293437499998,9.45625,48.5,49.5,54.5,52.0,49.5,0.40395347656249997,606,233
2020,6239,Malik Taylor,WR,16,20.2,-133.10000000000002,-1.2593334296874998,9.58125,48.5,49.5,54.5,52.0,49.5,0.4050860380859375,609,234
2020,5154,Trent Sherfield,WR,15,11.0,-133.70000000000002,-1.2684604765625,9.646666666666668,48.666666666666664,49.666666666666664,54.666666666666664,52.166666666666664,49.666666666666664,0.4051209041666667,611,235
2020,5873,Riley Ridley,WR,15,9.4,-134.3,-1.2703623906250001,9.580000000000002,48.666666666666664,49.666666666666664,54.666666666666664,52.166666666666664,49.666666666666664,0.40568103333333333,613,236
2020,3278,Pharoh Cooper,WR,16,13.799999999999999,-137.5,-1.2919505624999998,9.45625,48.5,49.5,54.5,52.0,49.5,0.40395347656249997,616,237
2020,7032,Tyrie Cleveland,WR,16,14.3,-139.0,-1.3162003671875,9.58125,48.5,49.5,54.5,52.0,49.5,0.4050860380859375,621,238
2020,6866,KJ Hill,WR,16,13.3,-140.8,-1.3307786015624998,9.63125,48.8125,49.8125,54.8125,52.3125,49.8125,0.4038543427734375,623,239
2020,7009,Trishton Jackson,WR,15,0.0,-142.20000000000002,-1.3463018984375,9.48,48.4,49.4,54.4,51.9,49.4,0.40461947499999995,625,240
2020,4878,Brandon Zylstra,WR,16,8.3,-143.0,-1.3496264453125,9.45625,48.5,49.5,54.5,52.0,49.5,0.40395347656249997,627,241
2020,7496,Nick Westbrook-Ikhine,WR,16,9.8,-142.3,-1.351323953125,9.50625,48.8125,49.8125,54.8125,52.3125,49.8125,0.4040673564453125,628,242
2020,6913,Joe Reed,WR,16,9.9,-144.20000000000002,-1.3669018046874997,9.63125,48.8125,49.8125,54.8125,52.3125,49.8125,0.4038543427734375,631,243
2020,627,Andre Roberts,WR,16,4.300000000000001,-148.60000000000002,-1.4005617812500002,9.55625,48.875,49.875,54.875,52.375,49.875,0.405272044921875,632,244
2020,6957,James Proche,WR,16,2.9000000000000004,-149.65,-1.4156071875,9.534375,48.5625,49.5625,54.5625,52.0625,49.5625,0.404607521484375,634,245
2020,5902,Penny Hart,WR,16,3.9000000000000004,-150.20000000000002,-1.417068125,9.63125,48.8125,49.8125,54.8125,52.3125,49.8125,0.4038543427734375,635,246
2020,5781,Malik Turner,WR,16,0.0,-153.65,-1.44250134375,9.603125,48.625,49.625,54.625,52.125,49.625,0.40378070654296877,637,247
2020,312,Matthew Slater,WR,16,0.0,-153.3,-1.4432427109375001,9.58125,48.5,49.5,54.5,52.0,49.5,0.4050860380859375,638,248
2020,6985,Dezmon Patmon,WR,16,0.0,-152.55,-1.4437519453125,9.534375,48.5625,49.5625,54.5625,52.0625,49.5625,0.404607521484375,639,249
2020,7066,K.J. Osborn,WR,16,0.0,-152.55,-1.4437519453125,9.534375,48.5625,49.5625,54.5625,52.0625,49.5625,0.404607521484375,640,250
2020,7357,Dan Chisena,WR,16,0.0,-152.55,-1.4437519453125,9.534375,48.5625,49.5625,54.5625,52.0625,49.5625,0.404607521484375,641,251
2020,6387,Nsimba Webster,WR,16,-2.0,-153.4,-1.446641125,9.4625,48.625,49.625,54.625,52.125,49.625,0.404276833984375,643,252
2021,4039,Cooper Kupp,WR,17,498.8,341.25,3.48805990625,9.26764705882353,48.35294117647059,49.35294117647059,54.35294117647059,51.85294117647059,49.35294117647059,0.4057424393382353,10,1
2021,5872,Deebo Samuel,WR,16,402.76000000000005,253.86,2.64176884375,9.30625,48.3125,49.3125,54.3125,51.8125,49.3125,0.406121494140625,17,2
2021,2133,Davante Adams,WR,17,393.8,235.20000000000002,2.2748422109375004,9.329411764705881,48.411764705882355,49.411764705882355,54.411764705882355,51.911764705882355,49.411764705882355,0.40684413373161765,25,3
2021,6794,Justin Jefferson,WR,17,380.6,221.65,2.2049801875,9.35,48.470588235294116,49.470588235294116,54.470588235294116,51.970588235294116,49.470588235294116,0.40730092555147057,26,4
2021,3321,Tyreek Hill,WR,17,342.3,183.9,1.862121375,9.31764705882353,48.1764705882353,49.1764705882353,54.1764705882353,51.6764705882353,49.1764705882353,0.40652858180147056,33,5
2021,7564,Ja'Marr Chase,WR,17,354.5,196.45,1.8515223203125002,9.297058823529412,48.411764705882355,49.411764705882355,54.411764705882355,51.911764705882355,49.411764705882355,0.4061072463235294,36,6
2021,2449,Stefon Diggs,WR,17,318.5,159.55,1.66320965625,9.35,48.470588235294116,49.470588235294116,54.470588235294116,51.970588235294116,49.470588235294116,0.40730092555147057,42,7
2021,5937,Diontae Johnson,WR,17,311.90000000000003,152.95000000000002,1.546874109375,9.35,48.470588235294116,49.470588235294116,54.470588235294116,51.970588235294116,49.470588235294116,0.40730092555147057,47,8
2021,2216,Mike Evans,WR,16,291.2,143.35,1.4348817187500003,9.240625,48.3125,49.3125,54.3125,51.8125,49.3125,0.404958685546875,52,9
2021,1479,Keenan Allen,WR,17,293.3,134.35,1.4051202968749998,9.35,48.470588235294116,49.470588235294116,54.470588235294116,51.970588235294116,49.470588235294116,0.40730092555147057,54,10
2021,5955,Hunter Renfrow,WR,17,284.7,128.45,1.3382522734375,9.191176470588236,48.23529411764706,49.23529411764706,54.23529411764706,51.73529411764706,49.23529411764706,0.4070696231617647,57,11
2021,2374,Tyler Lockett,WR,17,277.3,120.0,1.2679301328124999,9.252941176470587,48.529411764705884,49.529411764705884,54.529411764705884,52.029411764705884,49.529411764705884,0.40547495220588237,61,12
2021,4068,Mike Williams,WR,17,286.6,127.65,1.2494375703125,9.35,48.470588235294116,49.470588235294116,54.470588235294116,51.970588235294116,49.470588235294116,0.40730092555147057,63,13
2021,4037,Chris Godwin,WR,17,275.7,118.4,1.2251582734375,9.252941176470587,48.529411764705884,49.529411764705884,54.529411764705884,52.029411764705884,49.529411764705884,0.40547495220588237,64,14
2021,7526,Jaylen Waddle,WR,17,275.7,118.75000000000001,1.22185696875,9.23235294117647,48.0,49.0,54.0,51.5,49.0,0.40606911856617645,65,15
2021,4983,DJ Moore,WR,17,273.1,114.50000000000001,1.2060020781250003,9.329411764705881,48.411764705882355,49.411764705882355,54.411764705882355,51.911764705882355,49.411764705882355,0.40684413373161765,66,16
2021,6819,Michael Pittman,WR,17,270.1,113.15,1.1885226796875001,9.23235294117647,48.0,49.0,54.0,51.5,49.0,0.40606911856617645,69,17
2021,6786,CeeDee Lamb,WR,16,266.6,115.45,1.1603489140625003,9.446875,48.4375,49.4375,54.4375,51.9375,49.4375,0.407441169921875,73,18
2021,2197,Brandin Cooks,WR,17,264.2,106.15,1.1452989296875,9.297058823529412,48.411764705882355,49.411764705882355,54.411764705882355,51.911764705882355,49.411764705882355,0.4061072463235294,74,19
2021,5846,DK Metcalf,WR,17,268.5,111.20000000000002,1.1240476093750003,9.252941176470587,48.529411764705884,49.529411764705884,54.529411764705884,52.029411764705884,49.529411764705884,0.40547495220588237,76,20
2021,5848,Marquise Brown,WR,16,253.5,105.9,1.0516463671875005,9.225,48.375,49.375,54.375,51.875,49.375,0.406360134765625,79,21
2021,7090,Darnell Mooney,WR,17,252.9,94.85000000000001,1.001617828125,9.297058823529412,48.411764705882355,49.411764705882355,54.411764705882355,51.911764705882355,49.411764705882355,0.4061072463235294,81,22
2021,6801,Tee Higgins,WR,16,248.6,99.85,0.9870352578125,9.296875,48.25,49.25,54.25,51.75,49.25,0.4083113349609375,82,23
2021,7547,Amon-Ra St. Brown,WR,17,252.7,95.4,0.9441856796875,9.252941176470587,48.529411764705884,49.529411764705884,54.529411764705884,52.029411764705884,49.529411764705884,0.40547495220588237,86,24
2021,5927,Terry McLaurin,WR,17,243.20000000000002,85.90000000000002,0.8918198984374999,9.252941176470587,48.529411764705884,49.529411764705884,54.529411764705884,52.029411764705884,49.529411764705884,0.40547495220588237,90,25
2021,1689,Adam Thielen,WR,15,214.5,73.65,0.797680171875,9.389999999999999,48.53333333333333,49.53333333333333,54.53333333333333,52.03333333333333,49.53333333333333,0.4060388125,96,26
2021,4950,Christian Kirk,WR,17,233.82,75.42,0.7949499375000002,9.31764705882353,48.1764705882353,49.1764705882353,54.1764705882353,51.6764705882353,49.1764705882353,0.40652858180147056,98,27
2021,2309,Amari Cooper,WR,17,224.0,65.05000000000001,0.7034054687500001,9.35,48.470588235294116,49.470588235294116,54.470588235294116,51.970588235294116,49.470588235294116,0.40730092555147057,101,28
2021,4454,Kendrick Bourne,WR,17,207.9,50.95000000000002,0.5561481406250002,9.23235294117647,48.0,49.0,54.0,51.5,49.0,0.40606911856617645,108,29
2021,5947,Jakobi Meyers,WR,17,208.0,51.050000000000004,0.5466326640625001,9.23235294117647,48.0,49.0,54.0,51.5,49.0,0.40606911856617645,110,30
2021,5859,A.J. Brown,WR,17,208.8,50.20000000000001,0.5425582500000001,9.329411764705881,48.411764705882355,49.411764705882355,54.411764705882355,51.911764705882355,49.411764705882355,0.40684413373161765,112,31
2021,3225,Tyler Boyd,WR,17,209.74,51.690000000000005,0.5410469375000002,9.297058823529412,48.411764705882355,49.411764705882355,54.411764705882355,51.911764705882355,49.411764705882355,0.4061072463235294,113,32
2021,7525,DeVonta Smith,WR,17,207.6,50.65000000000002,0.5305625546875001,9.23235294117647,48.0,49.0,54.0,51.5,49.0,0.40606911856617645,114,33
2021,1067,Marvin Jones,WR,17,200.2,41.25,0.45017150000000017,9.35,48.470588235294116,49.470588235294116,54.470588235294116,51.970588235294116,49.470588235294116,0.40730092555147057,117,34
2021,6886,Chase Claypool,WR,16,194.4,43.60000000000001,0.4300096875000002,9.425,48.6875,49.6875,54.6875,52.1875,49.6875,0.4069935009765625,120,35
2021,6853,Van Jefferson,WR,17,192.10000000000002,34.55000000000001,0.4068475859375,9.26764705882353,48.35294117647059,49.35294117647059,54.35294117647059,51.85294117647059,49.35294117647059,0.4057424393382353,124,36
2021,6803,Brandon Aiyuk,WR,17,189.3,32.800000000000004,0.35739708593750025,9.205882352941176,48.11764705882353,49.11764705882353,54.11764705882353,51.61764705882353,49.11764705882353,0.40574332582720585,126,37
2021,536,Antonio Brown,WR,11,141.8,35.60000000000001,0.3276960781249999,9.654545454545454,49.27272727272727,50.27272727272727,55.27272727272727,52.77272727272727,50.27272727272727,0.4089770639204545,129,38
2021,6789,Henry Ruggs,WR,7,100.10000000000001,31.550000000000008,0.3234222031250002,9.792857142857143,49.285714285714285,50.285714285714285,55.285714285714285,52.785714285714285,50.285714285714285,0.40449595424107143,130,39
2021,5110,Russell Gage,WR,17,183.5,27.000000000000004,0.30906616406250037,9.205882352941176,48.11764705882353,49.11764705882353,54.11764705882353,51.61764705882353,49.11764705882353,0.40574332582720585,132,40
2021,1426,DeAndre Hopkins,WR,14,160.20000000000002,27.500000000000007,0.279169640625,9.478571428571428,48.92857142857143,49.92857142857143,54.92857142857143,52.42857142857143,49.92857142857143,0.40409828683035715,135,41
2021,1144,Cole Beasley,WR,17,176.3,17.350000000000005,0.2485208984374998,9.35,48.470588235294116,49.470588235294116,54.470588235294116,51.970588235294116,49.470588235294116,0.40730092555147057,140,42
2021,5113,Cedrick Wilson,WR,16,168.22,16.87,0.24340529687500007,9.459375,48.6875,49.6875,54.6875,52.1875,49.6875,0.40777644384765627,141,43
2021,830,A.J. Green,WR,17,179.8,21.400000000000013,0.23889575000000002,9.31764705882353,48.1764705882353,49.1764705882353,54.1764705882353,51.6764705882353,49.1764705882353,0.40652858180147056,142,44
2021,4351,Tim Patrick,WR,17,175.4,17.85,0.20641816406250013,9.26764705882353,48.35294117647059,49.35294117647059,54.35294117647059,51.85294117647059,49.35294117647059,0.4057424393382353,144,45
2021,538,Emmanuel Sanders,WR,14,147.6,16.550000000000004,0.17055508593750002,9.360714285714284,48.642857142857146,49.642857142857146,54.642857142857146,52.142857142857146,49.642857142857146,0.4085976037946429,147,46
2021,7066,K.J. Osborn,WR,17,174.7,15.750000000000009,0.15439139062499974,9.35,48.470588235294116,49.470588235294116,54.470588235294116,51.970588235294116,49.470588235294116,0.40730092555147057,148,47
2021,6989,Marquez Callaway,WR,17,169.8,13.300000000000013,0.10325040625000009,9.205882352941176,48.11764705882353,49.11764705882353,54.11764705882353,51.61764705882353,49.11764705882353,0.40574332582720585,153,48
2021,5045,Courtland Sutton,WR,17,171.74,14.190000000000001,0.10083872656249998,9.26764705882353,48.35294117647059,49.35294117647059,54.35294117647059,51.85294117647059,49.35294117647059,0.4057424393382353,154,49
2021,1352,Robert Woods,WR,16,154.8,5.4,0.07562106249999989,9.3375,48.5625,49.5625,54.5625,52.0625,49.5625,0.405337609375,156,50
2021,5185,Allen Lazard,WR,16,155.1,5.150000000000002,0.0693005468750002,9.371875,48.5625,49.5625,54.5625,52.0625,49.5625,0.4061205522460937,157,51
2021,5917,Mecole Hardman,WR,17,164.0,5.60000000000001,0.06645844531250006,9.31764705882353,48.1764705882353,49.1764705882353,54.1764705882353,51.6764705882353,49.1764705882353,0.40652858180147056,158,52
2021,3634,Kalif Raymond,WR,17,151.2,-6.099999999999994,0.008271359374999954,9.252941176470587,48.529411764705884,49.529411764705884,54.529411764705884,52.029411764705884,49.529411764705884,0.40547495220588237,162,53
2021,7596,Elijah Moore,WR,17,153.7,-2.8000000000000025,0.002940906250000097,9.205882352941176,48.11764705882353,49.11764705882353,54.11764705882353,51.61764705882353,49.11764705882353,0.40574332582720585,163,54
2021,2078,Odell Beckham,WR,16,145.0,-3.649999999999995,-0.018595249999999952,9.290625,48.6875,49.6875,54.6875,52.1875,49.6875,0.404665796875,166,55
2021,3423,Robbie Chosen,WR,17,153.6,-4.999999999999993,-0.04310899999999995,9.329411764705881,48.411764705882355,49.411764705882355,54.411764705882355,51.911764705882355,49.411764705882355,0.40684413373161765,168,56
2021,4036,Corey Davis,WR,14,118.7,-11.149999999999993,-0.04761479687499992,9.275,48.42857142857143,49.42857142857143,54.42857142857143,51.92857142857143,49.42857142857143,0.40526796372767854,169,57
2021,1825,Jarvis Landry,WR,17,148.2,-10.399999999999993,-0.051144484374999855,9.329411764705881,48.411764705882355,49.411764705882355,54.411764705882355,51.911764705882355,49.411764705882355,0.40684413373161765,170,58
2021,7601,Rondale Moore,WR,14,126.2,-3.6999999999999913,-0.06137254687499988,9.278571428571428,47.714285714285715,48.714285714285715,53.714285714285715,51.214285714285715,48.714285714285715,0.40815478906249997,171,59
2021,6381,Alexander Hollins,WR,1,0.0,-8.850000000000001,-0.08375817187499995,8.850000000000001,44.0,45.0,50.0,47.5,45.0,0.42066565624999996,175,60
2021,6814,Laviska Shenault,WR,17,147.2,-11.749999999999993,-0.09719010156249985,9.35,48.470588235294116,49.470588235294116,54.470588235294116,51.970588235294116,49.470588235294116,0.40730092555147057,177,61
2021,7320,Dalton Schoen,WR,1,0.0,-10.2,-0.10568633593749999,10.2,49.0,50.0,55.0,52.5,50.0,0.40928134374999997,179,62
2021,6824,Donovan Peoples-Jones,WR,15,129.20000000000002,-10.79999999999999,-0.1092682031250003,9.333333333333334,48.6,49.6,54.6,52.1,49.6,0.4068046348958333,184,63
2021,4453,Victor Bolden,WR,1,0.0,-11.35,-0.11562064843749997,11.35,54.0,55.0,60.0,57.5,55.0,0.403930578125,188,64
2021,5722,Darvin Kidsy,WR,1,0.0,-11.35,-0.11562064843749997,11.35,54.0,55.0,60.0,57.5,55.0,0.403930578125,189,65
2021,6628,Ventell Bryant,WR,1,0.0,-11.35,-0.11562064843749997,11.35,54.0,55.0,60.0,57.5,55.0,0.403930578125,190,66
2021,6234,Deonte Harty,WR,16,134.6,-14.649999999999999,-0.12926988281250001,9.328125,48.375,49.375,54.375,51.875,49.375,0.4066068354492187,192,67
2021,7899,Isaiah McKoy,WR,2,0.0,-15.4,-0.1512003437499999,7.7,47.0,48.0,53.0,50.5,48.0,0.40237482421875,196,68
2021,7175,Chris Rowland,WR,2,0.0,-16.799999999999997,-0.1574540156249999,8.399999999999999,45.5,46.5,51.5,49.0,46.5,0.415320578125,198,69
2021,5199,Byron Pringle,WR,17,142.3,-16.09999999999999,-0.16615028124999992,9.31764705882353,48.1764705882353,49.1764705882353,54.1764705882353,51.6764705882353,49.1764705882353,0.40652858180147056,200,70
2021,6943,Gabe Davis,WR,17,139.4,-19.549999999999997,-0.16799535937500004,9.35,48.470588235294116,49.470588235294116,54.470588235294116,51.970588235294116,49.470588235294116,0.40730092555147057,201,71
2021,2319,DeVante Parker,WR,15,118.0,-21.999999999999996,-0.16948942968749997,9.333333333333334,48.13333333333333,49.13333333333333,54.13333333333333,51.63333333333333,49.13333333333333,0.40618943177083333,202,72
2021,2410,Jamison Crowder,WR,15,119.7,-17.599999999999998,-0.17037601562499988,9.153333333333334,47.86666666666667,48.86666666666667,53.86666666666667,51.36666666666667,48.86666666666667,0.40477730156249997,203,73
2021,4942,Marcell Ateman,WR,2,0.0,-17.049999999999997,-0.17803573437499992,8.524999999999999,44.0,45.0,50.0,47.5,45.0,0.41759421874999997,209,74
2021,7606,Kadarius Toney,WR,11,93.46,-13.639999999999995,-0.1845822031249999,9.736363636363636,48.54545454545455,49.54545454545455,54.54545454545455,52.04545454545455,49.54545454545455,0.4101086228693182,210,75
2021,5223,Caleb Scott,WR,2,0.0,-19.05,-0.18838091406249996,9.525,49.5,50.5,55.5,53.0,50.5,0.3915418125,211,76
2021,7237,Scotty Washington,WR,2,0.0,-19.05,-0.18838091406249996,9.525,49.5,50.5,55.5,53.0,50.5,0.3915418125,212,77
2021,4814,De'Quan Hampton,WR,2,0.0,-19.95,-0.19874002343749997,9.975,49.5,50.5,55.5,53.0,50.5,0.40222228125,215,78
2021,7458,Isaiah Zuber,WR,2,0.0,-19.5,-0.19901573437499992,9.75,49.5,50.5,55.5,53.0,50.5,0.4080751484375,216,79
2021,8008,Josh Imatorbhebhe,WR,2,0.0,-19.65,-0.2008202578124999,9.825,49.0,50.0,55.0,52.5,50.0,0.40713283984375004,218,80
2021,5121,Braxton Berrios,WR,17,133.5,-22.999999999999996,-0.2110984999999999,9.205882352941176,48.11764705882353,49.11764705882353,54.11764705882353,51.61764705882353,49.11764705882353,0.40574332582720585,220,81
2021,4131,Kenny Golladay,WR,14,103.60000000000001,-27.549999999999994,-0.22694410937499987,9.367857142857144,48.642857142857146,49.642857142857146,54.642857142857146,52.142857142857146,49.642857142857146,0.40697359542410716,224,82
2021,2325,Nelson Agholor,WR,15,115.0,-22.749999999999993,-0.22757252343749973,9.183333333333334,47.733333333333334,48.733333333333334,53.733333333333334,51.233333333333334,48.733333333333334,0.40514653333333334,226,83
2021,6927,Quez Watkins,WR,17,132.20000000000002,-24.74999999999999,-0.2363180859374998,9.23235294117647,48.0,49.0,54.0,51.5,49.0,0.40606911856617645,229,84
2021,5275,Jeff Badet,WR,3,0.0,-24.599999999999998,-0.23941024218749984,8.2,46.666666666666664,47.666666666666664,52.666666666666664,50.166666666666664,47.666666666666664,0.411899390625,230,85
2021,7579,Austin Watkins,WR,3,0.0,-25.699999999999996,-0.25209466406249986,8.566666666666665,44.666666666666664,45.666666666666664,50.666666666666664,48.166666666666664,45.666666666666664,0.41786995833333335,231,86
2021,3200,Sterling Shepard,WR,12,87.9,-29.949999999999996,-0.2573330546874999,9.820833333333333,49.666666666666664,50.666666666666664,55.666666666666664,53.166666666666664,50.666666666666664,0.40547968424479164,232,87
2021,6519,Darrius Shepherd,WR,3,0.0,-26.75,-0.26020805468749986,8.916666666666666,45.666666666666664,46.666666666666664,51.666666666666664,49.166666666666664,46.666666666666664,0.415042390625,233,88
2021,4175,Chad Hansen,WR,3,0.0,-28.5,-0.27499765625,9.5,50.333333333333336,51.333333333333336,56.333333333333336,53.833333333333336,51.333333333333336,0.3989396145833333,237,89
2021,4080,Zay Jones,WR,17,123.3,-32.949999999999996,-0.3016868203124997,9.191176470588236,48.23529411764706,49.23529411764706,54.23529411764706,51.73529411764706,49.23529411764706,0.4070696231617647,242,90
2021,6870,Bryan Edwards,WR,17,121.8,-34.44999999999999,-0.30568788281249987,9.191176470588236,48.23529411764706,49.23529411764706,54.23529411764706,51.73529411764706,49.23529411764706,0.4070696231617647,244,91
2021,5244,Devin Gray,WR,3,0.0,-31.299999999999997,-0.31436067187499994,10.433333333333332,51.0,52.0,57.0,54.5,52.0,0.4027917135416666,247,92
2021,3614,Tommylee Lewis,WR,4,2.2,-35.150000000000006,-0.33926375,9.3375,48.75,49.75,54.75,52.25,49.75,0.404371125,256,93
2021,7571,Rashod Bateman,WR,17,118.5,-37.74999999999999,-0.34259327343749973,9.191176470588236,48.23529411764706,49.23529411764706,54.23529411764706,51.73529411764706,49.23529411764706,0.4070696231617647,257,94
2021,1992,Allen Robinson,WR,14,97.5,-36.49999999999999,-0.35566842968749984,9.571428571428571,48.785714285714285,49.785714285714285,54.785714285714285,52.285714285714285,49.785714285714285,0.40576086439732145,265,95
2021,1329,Chris Hogan,WR,5,14.6,-37.0,-0.35592028906250006,10.319999999999999,50.2,51.2,56.2,53.7,51.2,0.404227628125,266,96
2021,7496,Nick Westbrook-Ikhine,WR,17,119.10000000000001,-39.499999999999986,-0.36718971093749997,9.329411764705881,48.411764705882355,49.411764705882355,54.411764705882355,51.911764705882355,49.411764705882355,0.40684413373161765,270,97
2021,2238,John Brown,WR,5,0.0,-41.55,-0.40061175781249986,8.309999999999999,46.8,47.8,52.8,50.3,47.8,0.4092063421875,278,98
2021,6363,Michael Walker,WR,4,0.0,-42.15,-0.4257181015625,10.5375,50.25,51.25,56.25,53.75,51.25,0.40209242578125,281,99
2021,7558,Whop Philyor,WR,4,0.0,-42.15,-0.4257181015625,10.5375,50.25,51.25,56.25,53.75,51.25,0.40209242578125,282,100
2021,3355,Cody Core,WR,5,0.0,-44.95,-0.4279999453124999,8.99,48.0,49.0,54.0,51.5,49.0,0.4034354265625,283,101
2021,4160,Josh Malone,WR,5,0.0,-46.8,-0.4318017265625,9.36,49.0,50.0,55.0,52.5,50.0,0.40605058749999995,284,102
2021,642,Golden Tate,WR,5,0.0,-45.1,-0.4330635937499999,9.02,49.0,50.0,55.0,52.5,50.0,0.41291351562499995,286,103
2021,6421,Jalen Guyton,WR,17,113.60000000000001,-45.349999999999994,-0.4542468515624997,9.35,48.470588235294116,49.470588235294116,54.470588235294116,51.970588235294116,49.470588235294116,0.40730092555147057,289,104
2021,4171,Josh Reynolds,WR,15,90.1,-49.349999999999994,-0.4633127031249996,9.296666666666665,48.666666666666664,49.666666666666664,54.666666666666664,52.166666666666664,49.666666666666664,0.4041632067708333,290,105
2021,5026,Tre'Quan Smith,WR,16,95.2,-51.55,-0.46530799218749985,9.171875,48.125,49.125,54.125,51.625,49.125,0.40533717138671876,291,106
2021,928,Randall Cobb,WR,17,102.8,-55.8,-0.48308596875000004,9.329411764705881,48.411764705882355,49.411764705882355,54.411764705882355,51.911764705882355,49.411764705882355,0.40684413373161765,297,107
2021,1817,Sammy Watkins,WR,14,79.4,-50.99999999999999,-0.4860275,9.314285714285715,48.785714285714285,49.785714285714285,54.785714285714285,52.285714285714285,49.785714285714285,0.4062058097098214,299,108
2021,3178,Josh Doctson,WR,5,0.0,-51.599999999999994,-0.49876400000000004,10.319999999999999,50.2,51.2,56.2,53.7,51.2,0.404227628125,302,109
2021,3846,Duke Williams,WR,5,0.0,-51.599999999999994,-0.49876400000000004,10.319999999999999,50.2,51.2,56.2,53.7,51.2,0.404227628125,303,110
2021,7080,Omar Bayless,WR,5,0.0,-51.599999999999994,-0.49876400000000004,10.319999999999999,50.2,51.2,56.2,53.7,51.2,0.404227628125,304,111
2021,8099,DeMichael Harris-DUP,WR,5,0.0,-51.599999999999994,-0.49876400000000004,10.319999999999999,50.2,51.2,56.2,53.7,51.2,0.404227628125,305,112
2021,147,DeSean Jackson,WR,16,91.0,-56.349999999999994,-0.5043420078124998,9.209375,48.5625,49.5625,54.5625,52.0625,49.5625,0.4060759296875,307,113
2021,947,Julio Jones,WR,16,92.4,-56.24999999999999,-0.5115291484375,9.290625,48.4375,49.4375,54.4375,51.9375,49.4375,0.40753068505859374,309,114
2021,4319,Zach Pascal,WR,17,101.9,-55.04999999999999,-0.5160389140625001,9.23235294117647,48.0,49.0,54.0,51.5,49.0,0.40606911856617645,310,115
2021,6271,Olamide Zaccheaus,WR,17,102.0,-54.49999999999999,-0.5228244374999999,9.205882352941176,48.11764705882353,49.11764705882353,54.11764705882353,51.61764705882353,49.11764705882353,0.40574332582720585,312,116
2021,5038,Michael Gallup,WR,17,105.0,-53.949999999999996,-0.5277624921874998,9.35,48.470588235294116,49.470588235294116,54.470588235294116,51.970588235294116,49.470588235294116,0.40730092555147057,314,117
2021,6873,Austin Mack,WR,6,0.0,-54.400000000000006,-0.5283897109375,9.066666666666668,49.333333333333336,50.333333333333336,55.333333333333336,52.833333333333336,50.333333333333336,0.4059015677083333,315,118
2021,6847,Devin Duvernay,WR,16,92.1,-54.699999999999996,-0.5476397499999999,9.175,48.0,49.0,54.0,51.5,49.0,0.4066530234375,320,119
2021,3895,Marvin Hall,WR,7,2.5,-58.85,-0.5541523593749997,8.764285714285714,48.0,49.0,54.0,51.5,49.0,0.41181166406249997,322,120
2021,1110,T.Y. Hilton,WR,15,83.10000000000001,-57.699999999999996,-0.559190453125,9.386666666666665,48.6,49.6,54.6,52.1,49.6,0.405885275,324,121
2021,6783,Jerry Jeudy,WR,17,97.4,-60.15,-0.5608242890624998,9.26764705882353,48.35294117647059,49.35294117647059,54.35294117647059,51.85294117647059,49.35294117647059,0.4057424393382353,325,122
2021,7670,Joshua Palmer,WR,17,100.10000000000001,-58.849999999999994,-0.5678435859375001,9.35,48.470588235294116,49.470588235294116,54.470588235294116,51.970588235294116,49.470588235294116,0.40730092555147057,327,123
2021,5086,Marquez Valdes-Scantling,WR,17,100.5,-58.099999999999994,-0.5694100546874998,9.329411764705881,48.411764705882355,49.411764705882355,54.411764705882355,51.911764705882355,49.411764705882355,0.40684413373161765,329,124
2021,7135,Freddie Swain,WR,17,96.5,-60.8,-0.5718885156249998,9.252941176470587,48.529411764705884,49.529411764705884,54.529411764705884,52.029411764705884,49.529411764705884,0.40547495220588237,330,125
2021,2750,DeAndre Carter,WR,17,97.5,-59.8,-0.5749199843749999,9.252941176470587,48.529411764705884,49.529411764705884,54.529411764705884,52.029411764705884,49.529411764705884,0.40547495220588237,331,126
2021,491,Danny Amendola,WR,15,72.8,-66.1,-0.5890244140624998,9.26,48.06666666666667,49.06666666666667,54.06666666666667,51.56666666666667,49.06666666666667,0.4047787734375,333,127
2021,7944,Michael Strachan,WR,7,5.6,-62.15,-0.607720171875,9.678571428571429,48.285714285714285,49.285714285714285,54.285714285714285,51.785714285714285,49.285714285714285,0.40514771875,338,128
2021,2342,Devin Smith,WR,6,0.0,-61.55,-0.607924375,10.258333333333333,49.833333333333336,50.833333333333336,55.833333333333336,53.333333333333336,50.833333333333336,0.40283290885416667,339,129
2021,7569,Nico Collins,WR,17,94.10000000000001,-63.949999999999996,-0.61016609375,9.297058823529412,48.411764705882355,49.411764705882355,54.411764705882355,51.911764705882355,49.411764705882355,0.4061072463235294,341,130
2021,4622,Keelan Cole,WR,17,90.9,-65.6,-0.6131611640624997,9.205882352941176,48.11764705882353,49.11764705882353,54.11764705882353,51.61764705882353,49.11764705882353,0.40574332582720585,342,131
2021,4082,Curtis Samuel,WR,8,12.6,-63.65,-0.6142645781249999,9.53125,49.625,50.625,55.625,53.125,50.625,0.4048444599609375,343,132
2021,7559,Ihmir Smith-Marsette,WR,10,33.6,-65.1,-0.6147908671875,9.870000000000001,49.4,50.4,55.4,52.9,50.4,0.40336146250000005,344,133
2021,4198,Jamal Agnew,WR,17,93.9,-65.05,-0.6179613124999996,9.35,48.470588235294116,49.470588235294116,54.470588235294116,51.970588235294116,49.470588235294116,0.40730092555147057,345,134
2021,4981,Calvin Ridley,WR,16,78.10000000000001,-68.44999999999999,-0.6197924296874998,9.159375,48.125,49.125,54.125,51.625,49.125,0.40636107666015625,346,135
2021,3155,Laquon Treadwell,WR,17,94.9,-64.05,-0.6240401640624997,9.35,48.470588235294116,49.470588235294116,54.470588235294116,51.970588235294116,49.470588235294116,0.40730092555147057,349,136
2021,8070,Travis Toivonen,WR,7,0.0,-63.8,-0.6251354921874999,9.114285714285714,48.42857142857143,49.42857142857143,54.42857142857143,51.92857142857143,49.42857142857143,0.40259126785714283,350,137
2021,7049,Jauan Jennings,WR,17,87.2,-69.3,-0.6491424609374998,9.205882352941176,48.11764705882353,49.11764705882353,54.11764705882353,51.61764705882353,49.11764705882353,0.40574332582720585,358,138
2021,6395,Trinity Benson,WR,9,22.3,-66.6,-0.6559565859375,9.877777777777776,49.333333333333336,50.333333333333336,55.333333333333336,52.833333333333336,50.333333333333336,0.4061326875,363,139
2021,1346,Marquise Goodwin,WR,14,67.1,-65.25,-0.66079078125,9.453571428571427,48.714285714285715,49.714285714285715,54.714285714285715,52.214285714285715,49.714285714285715,0.40504264341517854,364,140
2021,6798,Jalen Reagor,WR,17,87.1,-69.85,-0.6746334765624997,9.23235294117647,48.0,49.0,54.0,51.5,49.0,0.40606911856617645,365,141
2021,2822,Adam Humphries,WR,17,90.8,-66.49999999999999,-0.6769966406250001,9.252941176470587,48.529411764705884,49.529411764705884,54.529411764705884,52.029411764705884,49.529411764705884,0.40547495220588237,366,142
2021,7174,Juwan Green,WR,7,0.0,-68.8,-0.6774671171875,9.828571428571427,48.714285714285715,49.714285714285715,54.714285714285715,52.214285714285715,49.714285714285715,0.40371474330357143,367,143
2021,7550,Warren Jackson,WR,8,0.0,-69.3,-0.6826147656249999,8.6625,47.625,48.625,53.625,51.125,48.625,0.40725608496093746,370,144
2021,3269,Chris Moore,WR,14,61.7,-66.0,-0.6834452968749999,9.121428571428572,47.642857142857146,48.642857142857146,53.642857142857146,51.142857142857146,48.642857142857146,0.4065615357142857,371,145
2021,3278,Pharoh Cooper,WR,9,8.299999999999999,-71.25,-0.6889378828124999,8.838888888888889,47.77777777777778,48.77777777777778,53.77777777777778,51.27777777777778,48.77777777777778,0.4084991328125,373,146
2021,6149,Darius Slayton,WR,16,75.80000000000001,-72.55,-0.7005854531249998,9.271875,48.3125,49.3125,54.3125,51.8125,49.3125,0.4053385512695312,376,147
2021,2583,Tyrell Williams,WR,8,3.9000000000000004,-74.6,-0.7310853203125001,9.8125,49.125,50.125,55.125,52.625,50.125,0.4034163740234375,382,148
2021,7812,Simi Fehoko,WR,8,0.0,-76.45,-0.7365810859374999,9.55625,49.625,50.625,55.625,53.125,50.625,0.4049528759765625,385,149
2021,6960,Tyler Johnson,WR,17,79.0,-78.3,-0.7555049296875,9.252941176470587,48.529411764705884,49.529411764705884,54.529411764705884,52.029411764705884,49.529411764705884,0.40547495220588237,391,150
2021,2381,Chris Conley,WR,16,74.8,-73.95,-0.7587099843749998,9.296875,48.25,49.25,54.25,51.75,49.25,0.4083113349609375,392,151
2021,6386,Alex Bachman,WR,9,-0.10000000000000003,-79.65,-0.7672746562499997,8.838888888888889,47.77777777777778,48.77777777777778,53.77777777777778,51.27777777777778,48.77777777777778,0.4084991328125,396,152
2021,5911,Jalen Hurd,WR,8,0.0,-77.7,-0.77210665625,9.7125,48.25,49.25,54.25,51.75,49.25,0.40398666796875,398,153
2021,2673,Damiere Byrd,WR,17,76.4,-81.64999999999999,-0.7906135859374999,9.297058823529412,48.411764705882355,49.411764705882355,54.411764705882355,51.911764705882355,49.411764705882355,0.4061072463235294,406,154
2021,4197,Isaiah McKenzie,WR,15,62.8,-80.75,-0.7912962578125,9.569999999999999,48.666666666666664,49.666666666666664,54.666666666666664,52.166666666666664,49.666666666666664,0.4079577390625,407,155
2021,6032,Keelan Doss,WR,9,0.0,-82.89999999999999,-0.7935649062499999,9.21111111111111,48.333333333333336,49.333333333333336,54.333333333333336,51.833333333333336,49.333333333333336,0.40402626649305556,410,156
2021,3582,Chester Rogers,WR,16,70.7,-80.64999999999999,-0.8036308437499997,9.459375,48.6875,49.6875,54.6875,52.1875,49.6875,0.40777644384765627,411,157
2021,5096,Ray-Ray McCloud,WR,17,75.6,-83.35,-0.8144270234374996,9.35,48.470588235294116,49.470588235294116,54.470588235294116,51.970588235294116,49.470588235294116,0.40730092555147057,417,158
2021,3286,Demarcus Robinson,WR,17,74.4,-83.99999999999999,-0.8190543906249999,9.31764705882353,48.1764705882353,49.1764705882353,54.1764705882353,51.6764705882353,49.1764705882353,0.40652858180147056,419,159
2021,5432,Cam Sims,WR,15,55.5,-84.85,-0.8330872890624998,9.356666666666666,48.733333333333334,49.733333333333334,54.733333333333334,52.233333333333334,49.733333333333334,0.4055160432291666,424,160
2021,5080,Damion Ratley,WR,9,0.0,-85.5,-0.8393205703125,9.5,47.666666666666664,48.666666666666664,53.666666666666664,51.166666666666664,48.666666666666664,0.41176659288194445,427,161
2021,6957,James Proche,WR,14,41.2,-87.85,-0.8422452031249998,9.217857142857143,48.285714285714285,49.285714285714285,54.285714285714285,51.785714285714285,49.285714285714285,0.4089200178571429,428,162
2021,5938,Lil'Jordan Humphrey,WR,15,54.4,-84.7,-0.8436669531249998,9.273333333333333,48.06666666666667,49.06666666666667,54.06666666666667,51.56666666666667,49.06666666666667,0.4048365953125,429,163
2021,5024,James Washington,WR,17,70.7,-88.25,-0.8462830234374998,9.35,48.470588235294116,49.470588235294116,54.470588235294116,51.970588235294116,49.470588235294116,0.40730092555147057,430,164
2021,7454,Travis Jonsen,WR,9,0.0,-86.64999999999999,-0.8525209765624999,9.627777777777776,48.666666666666664,49.666666666666664,54.666666666666664,52.166666666666664,49.666666666666664,0.4043945234375,431,165
2021,3328,Rashard Higgins,WR,16,65.0,-85.8,-0.8612660781249999,9.424999999999999,48.375,49.375,54.375,51.875,49.375,0.4069558286132812,432,166
2021,4038,John Ross,WR,15,47.2,-91.8,-0.8641426328124999,9.266666666666667,48.266666666666666,49.266666666666666,54.266666666666666,51.766666666666666,49.266666666666666,0.4080493041666667,436,167
2021,2331,Breshad Perriman,WR,14,38.6,-91.8,-0.8819216953124998,9.314285714285715,48.785714285714285,49.785714285714285,54.785714285714285,52.285714285714285,49.785714285714285,0.4062058097098214,440,168
2021,4177,Mack Hollins,WR,17,67.8,-89.14999999999999,-0.8950476796874999,9.23235294117647,48.0,49.0,54.0,51.5,49.0,0.40606911856617645,441,169
2021,7533,Anthony Schwartz,WR,14,40.1,-92.8,-0.9134463124999999,9.492857142857144,48.285714285714285,49.285714285714285,54.285714285714285,51.785714285714285,49.285714285714285,0.40571456640625,446,170
2021,3297,Tajae Sharpe,WR,16,55.0,-92.05,-0.9148595078124999,9.190625,47.875,48.875,53.875,51.375,48.875,0.4052438325195312,447,171
2021,1567,Tavon Austin,WR,16,57.5,-92.14999999999999,-0.9216189374999999,9.353125,48.3125,49.3125,54.3125,51.8125,49.3125,0.409579619140625,451,172
2021,5101,Deon Cain,WR,11,0.0,-95.65,-0.9407528437499997,8.695454545454545,46.81818181818182,47.81818181818182,52.81818181818182,50.31818181818182,47.81818181818182,0.4057845916193182,457,173
2021,7565,Terrace Marshall,WR,14,36.300000000000004,-97.3,-0.942818609375,9.542857142857143,48.714285714285715,49.714285714285715,54.714285714285715,52.214285714285715,49.714285714285715,0.4088219123883929,459,174
2021,5126,Austin Proehl,WR,10,0.0,-97.55,-0.9481311562499999,9.754999999999999,48.9,49.9,54.9,52.4,49.9,0.41007099609375003,462,175
2021,6165,Antoine Wesley,WR,17,60.800000000000004,-97.6,-0.9506823515624998,9.31764705882353,48.1764705882353,49.1764705882353,54.1764705882353,51.6764705882353,49.1764705882353,0.40652858180147056,464,176
2021,7603,Shi Smith,WR,12,18.799999999999997,-96.0,-0.9508006328125,9.566666666666666,49.416666666666664,50.416666666666664,55.416666666666664,52.916666666666664,50.416666666666664,0.402433904296875,465,177
2021,4274,David Moore,WR,10,0.0,-96.75,-0.9604875703125,9.675,48.5,49.5,54.5,52.0,49.5,0.40149769687500003,467,178
2021,6598,Trenton Irwin,WR,11,5.9,-99.25,-0.9688590546874999,9.559090909090909,48.81818181818182,49.81818181818182,54.81818181818182,52.31818181818182,49.81818181818182,0.4009188409090909,472,179
2021,6380,Davion Davis,WR,11,3.2,-102.6,-0.98499015625,9.618181818181817,49.36363636363637,50.36363636363637,55.36363636363637,52.86363636363637,50.36363636363637,0.40465301491477274,476,180
2021,4050,Cyril Grayson,WR,17,52.3,-105.0,-0.996282671875,9.252941176470587,48.529411764705884,49.529411764705884,54.529411764705884,52.029411764705884,49.529411764705884,0.40547495220588237,478,181
2021,6895,Quintez Cephus,WR,17,53.900000000000006,-103.39999999999999,-0.9968908984374998,9.252941176470587,48.529411764705884,49.529411764705884,54.529411764705884,52.029411764705884,49.529411764705884,0.40547495220588237,479,182
2021,2025,Albert Wilson,WR,17,53.800000000000004,-103.14999999999999,-1.0056820312499999,9.23235294117647,48.0,49.0,54.0,51.5,49.0,0.40606911856617645,481,183
2021,3342,Jakeem Grant,WR,16,46.0,-102.6,-1.0085521484375,9.2875,48.1875,49.1875,54.1875,51.6875,49.1875,0.405630498046875,482,184
2021,4420,Cody Hollister,WR,12,9.3,-105.35,-1.0097674921875,9.554166666666667,49.416666666666664,50.416666666666664,55.416666666666664,52.916666666666664,50.416666666666664,0.40624741536458336,484,185
2021,6148,Preston Williams,WR,13,15.5,-103.6,-1.0115827031249998,9.161538461538461,48.0,49.0,54.0,51.5,49.0,0.40731529146634615,487,186
2021,6427,Ashton Dulin,WR,17,53.1,-103.85,-1.0133319140624997,9.23235294117647,48.0,49.0,54.0,51.5,49.0,0.40606911856617645,488,187
2021,6549,Damion Willis,WR,11,0.0,-105.05,-1.019634703125,9.549999999999999,48.36363636363637,49.36363636363637,54.36363636363637,51.86363636363637,49.36363636363637,0.40638308593749994,491,188
2021,6857,Collin Johnson,WR,14,24.5,-105.1,-1.0239417890624998,9.257142857142856,47.92857142857143,48.92857142857143,53.92857142857143,51.42857142857143,48.92857142857143,0.40464130580357144,492,189
2021,4878,Brandon Zylstra,WR,17,54.0,-104.6,-1.0247336484375,9.329411764705881,48.411764705882355,49.411764705882355,54.411764705882355,51.911764705882355,49.411764705882355,0.40684413373161765,493,190
2021,1555,Kenny Stills,WR,14,20.599999999999998,-106.39999999999999,-1.0305952968749996,9.071428571428571,47.785714285714285,48.785714285714285,53.785714285714285,51.285714285714285,48.785714285714285,0.4072998911830357,496,191
2021,7279,DeMichael Harris,WR,12,0.0,-105.35,-1.0324127265624996,8.779166666666667,47.083333333333336,48.083333333333336,53.083333333333336,50.583333333333336,48.083333333333336,0.40683640625,497,192
2021,5130,Auden Tate,WR,13,13.9,-108.85,-1.0422262265625,9.442307692307692,49.0,50.0,55.0,52.5,50.0,0.4047320540865385,500,193
2021,5781,Malik Turner,WR,17,48.400000000000006,-110.55,-1.0656732109374998,9.35,48.470588235294116,49.470588235294116,54.470588235294116,51.970588235294116,49.470588235294116,0.40730092555147057,510,194
2021,1244,Josh Gordon,WR,14,15.200000000000001,-111.89999999999999,-1.0861706093749999,9.078571428571427,47.57142857142857,48.57142857142857,53.57142857142857,51.07142857142857,48.57142857142857,0.4073293392857143,514,195
2021,5915,Andy Isabella,WR,12,2.8,-112.95,-1.0880628203125,9.645833333333334,48.916666666666664,49.916666666666664,54.916666666666664,52.416666666666664,49.916666666666664,0.4077400572916667,515,196
2021,5102,Daurice Fountain,WR,12,0.0,-114.45,-1.0885005312499998,9.5375,49.083333333333336,50.083333333333336,55.083333333333336,52.583333333333336,50.083333333333336,0.4058003834635417,517,197
2021,5965,Miles Boykin,WR,12,1.6,-111.6,-1.089160265625,9.433333333333334,48.333333333333336,49.333333333333336,54.333333333333336,51.833333333333336,49.333333333333336,0.4059919016927083,519,198
2021,4252,Isaiah Ford,WR,17,43.6,-113.35,-1.1067342421874997,9.23235294117647,48.0,49.0,54.0,51.5,49.0,0.40606911856617645,523,199
2021,7573,Damon Hazelton,WR,13,0.0,-115.9,-1.1097411953124998,8.915384615384616,47.84615384615385,48.84615384615385,53.84615384615385,51.34615384615385,48.84615384615385,0.40734257572115384,524,200
2021,7587,Dyami Brown,WR,16,32.3,-115.05,-1.1137994999999998,9.209375,48.5625,49.5625,54.5625,52.0625,49.5625,0.4060759296875,526,201
2021,7751,Dax Milne,WR,14,17.6,-115.05,-1.12029003125,9.475,48.5,49.5,54.5,52.0,49.5,0.40538976060267856,527,202
2021,7210,Kendall Hinton,WR,17,44.54,-113.00999999999999,-1.1368339609374998,9.26764705882353,48.35294117647059,49.35294117647059,54.35294117647059,51.85294117647059,49.35294117647059,0.4057424393382353,530,203
2021,1071,Mohamed Sanu,WR,17,38.7,-117.8,-1.1412717109374997,9.205882352941176,48.11764705882353,49.11764705882353,54.11764705882353,51.61764705882353,49.11764705882353,0.40574332582720585,534,204
2021,4951,DJ Chark,WR,17,38.900000000000006,-120.05,-1.1436025468749995,9.35,48.470588235294116,49.470588235294116,54.470588235294116,51.970588235294116,49.470588235294116,0.40730092555147057,535,205
2021,5323,Equanimeous St. Brown,WR,15,24.8,-116.8,-1.1488859609375,9.44,48.93333333333333,49.93333333333333,54.93333333333333,52.43333333333333,49.93333333333333,0.40556432656249997,538,206
2021,7455,John Hurst,WR,13,0.0,-119.4,-1.1580853828125,9.184615384615386,48.46153846153846,49.46153846153846,54.46153846153846,51.96153846153846,49.46153846153846,0.4048722487980769,540,207
2021,4040,JuJu Smith-Schuster,WR,17,38.4,-120.55,-1.1685078359374996,9.35,48.470588235294116,49.470588235294116,54.470588235294116,51.970588235294116,49.470588235294116,0.40730092555147057,543,208
2021,5880,Parris Campbell,WR,17,38.2,-118.75,-1.1824712578124998,9.23235294117647,48.0,49.0,54.0,51.5,49.0,0.40606911856617645,549,209
2021,6744,Greg Ward,WR,17,35.08,-121.86999999999999,-1.1856187578124997,9.23235294117647,48.0,49.0,54.0,51.5,49.0,0.40606911856617645,551,210
2021,7244,Ja'Marcus Bradley,WR,14,11.4,-120.35,-1.1870475312499997,9.410714285714286,48.142857142857146,49.142857142857146,54.142857142857146,51.642857142857146,49.142857142857146,0.4055376746651786,552,211
2021,4234,Noah Brown,WR,17,37.4,-121.55,-1.1912872734374997,9.35,48.470588235294116,49.470588235294116,54.470588235294116,51.970588235294116,49.470588235294116,0.40730092555147057,557,212
2021,7757,Ben Skowronek,WR,16,27.8,-121.94999999999999,-1.1921602187499998,9.359375,48.3125,49.3125,54.3125,51.8125,49.3125,0.40578527832031247,558,213
2021,3652,Mike Thomas,WR,14,11.700000000000001,-121.8,-1.1925095390624998,9.535714285714286,48.857142857142854,49.857142857142854,54.857142857142854,52.357142857142854,49.857142857142854,0.4066997868303571,559,214
2021,5111,Javon Wims,WR,14,0.0,-124.95,-1.1953333359374998,8.925,47.642857142857146,48.642857142857146,53.642857142857146,51.142857142857146,48.642857142857146,0.4079863180803572,562,215
2021,5773,KhaDarel Hodge,WR,17,35.2,-122.1,-1.1989137343749996,9.252941176470587,48.529411764705884,49.529411764705884,54.529411764705884,52.029411764705884,49.529411764705884,0.40547495220588237,563,216
2021,7729,Dez Fitzpatrick,WR,15,17.4,-122.64999999999999,-1.2097689999999999,9.336666666666666,48.0,49.0,54.0,51.5,49.0,0.4088427036458333,569,217
2021,5884,Kelvin Harmon,WR,14,0.0,-126.0,-1.2098530624999997,9.0,48.0,49.0,54.0,51.5,49.0,0.40604993191964284,570,218
2021,5695,Brandon Powell,WR,14,6.0,-124.65,-1.2202023437499998,9.332142857142857,48.57142857142857,49.57142857142857,54.57142857142857,52.07142857142857,49.57142857142857,0.4065306155133928,573,219
2021,6290,Scotty Miller,WR,16,21.0,-127.05,-1.2240148281249996,9.253124999999999,48.3125,49.3125,54.3125,51.8125,49.3125,0.4050128935546875,578,220
2021,7612,Dee Eskridge,WR,17,31.6,-125.69999999999999,-1.2259983281249998,9.252941176470587,48.529411764705884,49.529411764705884,54.529411764705884,52.029411764705884,49.529411764705884,0.40547495220588237,579,221
2021,7890,Javon McKinley,WR,14,0.0,-126.3,-1.2298608515624998,9.02142857142857,48.0,49.0,54.0,51.5,49.0,0.40479241629464285,580,222
2021,6557,Jeff Smith,WR,16,22.4,-126.85,-1.2339991718749999,9.328125,48.375,49.375,54.375,51.875,49.375,0.4066068354492187,581,223
2021,8013,Tim Jones,WR,14,0.0,-127.64999999999999,-1.2349520781249996,9.117857142857142,47.92857142857143,48.92857142857143,53.92857142857143,51.42857142857143,48.92857142857143,0.4082671852678571,582,224
2021,7713,Jaelon Darden,WR,15,12.6,-127.39999999999999,-1.238208984375,9.333333333333334,48.666666666666664,49.666666666666664,54.666666666666664,52.166666666666664,49.666666666666664,0.40499834583333333,584,225
2021,3445,Marcus Johnson,WR,17,31.2,-127.39999999999999,-1.24972334375,9.329411764705881,48.411764705882355,49.411764705882355,54.411764705882355,51.911764705882355,49.411764705882355,0.40684413373161765,593,226
2021,4992,Dante Pettis,WR,17,28.34,-129.71,-1.2593009296874997,9.297058823529412,48.411764705882355,49.411764705882355,54.411764705882355,51.911764705882355,49.411764705882355,0.4061072463235294,597,227
2021,5154,Trent Sherfield,WR,17,26.7,-129.79999999999998,-1.2681707343749997,9.205882352941176,48.11764705882353,49.11764705882353,54.11764705882353,51.61764705882353,49.11764705882353,0.40574332582720585,599,228
2021,5295,De'Mornay Pierson-El,WR,14,0.0,-129.05,-1.2697977968749998,9.217857142857143,47.92857142857143,48.92857142857143,53.92857142857143,51.42857142857143,48.92857142857143,0.4072001875,601,229
2021,1077,Travis Benjamin,WR,14,-2.0,-132.4,-1.2712700468749998,9.314285714285715,48.785714285714285,49.785714285714285,54.785714285714285,52.285714285714285,49.785714285714285,0.4062058097098214,604,230
2021,6588,Tom Kennedy,WR,17,24.900000000000002,-132.4,-1.2738296953124997,9.252941176470587,48.529411764705884,49.529411764705884,54.529411764705884,52.029411764705884,49.529411764705884,0.40547495220588237,605,231
2021,4146,Dede Westbrook,WR,16,18.3,-130.7,-1.2791179765625,9.3125,48.5,49.5,54.5,52.0,49.5,0.4080160263671875,608,232
2021,6849,Denzel Mims,WR,17,24.3,-132.2,-1.2961215937499997,9.205882352941176,48.11764705882353,49.11764705882353,54.11764705882353,51.61764705882353,49.11764705882353,0.40574332582720585,616,233
2021,3503,Geronimo Allison,WR,15,0.0,-136.0,-1.2994327109375,9.066666666666666,48.2,49.2,54.2,51.7,49.2,0.406218953125,619,234
2021,7954,Connor Wedington,WR,15,0.0,-134.3,-1.3002164218749996,8.953333333333335,47.733333333333334,48.733333333333334,53.733333333333334,51.233333333333334,48.733333333333334,0.40624742656249996,620,235
2021,5013,Anthony Miller,WR,16,15.5,-134.0,-1.3151577812499995,9.34375,48.375,49.375,54.375,51.875,49.375,0.4069592060546875,623,236
2021,3568,Marken Michel,WR,15,0.0,-136.2,-1.3155393984374997,9.08,48.06666666666667,49.06666666666667,54.06666666666667,51.56666666666667,49.06666666666667,0.406265359375,626,237
2021,2312,Kevin White,WR,15,5.300000000000001,-134.95,-1.327312140625,9.35,48.46666666666667,49.46666666666667,54.46666666666667,51.96666666666667,49.46666666666667,0.40530149791666664,630,238
2021,6063,Tyron Billy-Johnson,WR,15,4.1,-137.8,-1.329795859375,9.46,49.06666666666667,50.06666666666667,55.06666666666667,52.56666666666667,50.06666666666667,0.40592848645833335,633,239
2021,7438,Kristian Wilkerson,WR,17,20.2,-136.75,-1.3326809999999998,9.23235294117647,48.0,49.0,54.0,51.5,49.0,0.40606911856617645,635,240
2021,7530,Frank Darby,WR,15,2.9000000000000004,-137.04999999999998,-1.3333401015624997,9.33,48.2,49.2,54.2,51.7,49.2,0.40899116927083334,636,241
2021,5374,Justin Watson,WR,15,0.0,-138.25,-1.3358328203124998,9.216666666666667,48.4,49.4,54.4,51.9,49.4,0.40733270416666667,637,242
2021,5197,Rico Gafford,WR,15,0.0,-136.45,-1.3361200078124997,9.096666666666666,48.0,49.0,54.0,51.5,49.0,0.40542993958333334,638,243
2021,6985,Dezmon Patmon,WR,16,10.1,-137.54999999999998,-1.3417652187499998,9.228125,47.8125,48.8125,53.8125,51.3125,48.8125,0.40827082421875,645,244
2021,2334,Phillip Dorsett,WR,17,19.7,-137.6,-1.3421982031249997,9.252941176470587,48.529411764705884,49.529411764705884,54.529411764705884,52.029411764705884,49.529411764705884,0.40547495220588237,647,245
2021,7352,Matt Cole,WR,15,0.0,-138.5,-1.3505751796874996,9.233333333333333,48.2,49.2,54.2,51.7,49.2,0.40689918802083336,650,246
2021,4330,JoJo Natson,WR,15,0.0,-139.54999999999998,-1.3612293515624998,9.303333333333333,48.266666666666666,49.266666666666666,54.266666666666666,51.766666666666666,49.266666666666666,0.40888444322916667,661,247
2021,7548,Tyler Vaughns,WR,15,0.0,-140.4,-1.3663089765624996,9.360000000000001,48.06666666666667,49.06666666666667,54.06666666666667,51.56666666666667,49.06666666666667,0.40936040104166665,665,248
2021,5828,Diontae Spencer,WR,15,-3.3,-141.6,-1.3688227734374998,9.22,48.2,49.2,54.2,51.7,49.2,0.40872802187499996,668,249
2021,6239,Malik Taylor,WR,15,1.9000000000000004,-140.25,-1.3755553437499999,9.476666666666667,48.53333333333333,49.53333333333333,54.53333333333333,52.03333333333333,49.53333333333333,0.4061914546875,671,250
2021,6866,KJ Hill,WR,16,6.5,-142.5,-1.3756859531249996,9.3125,48.5,49.5,54.5,52.0,49.5,0.4080160263671875,672,251
2021,5863,J.J. Arcega-Whiteside,WR,16,6.6,-141.45,-1.3758456249999997,9.253124999999999,48.3125,49.3125,54.3125,51.8125,49.3125,0.4050128935546875,673,252
2021,6699,Gunner Olszewski,WR,16,7.2,-141.6,-1.3811221718749997,9.3,48.1875,49.1875,54.1875,51.6875,49.1875,0.4056847060546875,676,253
2021,7556,Marquez Stevenson,WR,15,0.0,-142.04999999999998,-1.3847425156249997,9.469999999999999,48.53333333333333,49.53333333333333,54.53333333333333,52.03333333333333,49.53333333333333,0.4102387515625,679,254
2021,5241,Christian Blake,WR,16,7.5,-140.35,-1.3908310703124998,9.240625,48.25,49.25,54.25,51.75,49.25,0.40495094384765623,682,255
2021,7032,Tyrie Cleveland,WR,15,0.0,-142.15,-1.3935951093749999,9.476666666666667,48.53333333333333,49.53333333333333,54.53333333333333,52.03333333333333,49.53333333333333,0.4061914546875,684,256
2021,5902,Penny Hart,WR,17,14.4,-142.9,-1.398242078125,9.252941176470587,48.529411764705884,49.529411764705884,54.529411764705884,52.029411764705884,49.529411764705884,0.40547495220588237,685,257
2021,6805,KJ Hamler,WR,17,14.400000000000002,-143.15,-1.4016984296875,9.26764705882353,48.35294117647059,49.35294117647059,54.35294117647059,51.85294117647059,49.35294117647059,0.4057424393382353,686,258
2021,6223,Juwann Winfree,WR,17,14.3,-144.29999999999998,-1.4025038828124998,9.329411764705881,48.411764705882355,49.411764705882355,54.411764705882355,51.911764705882355,49.411764705882355,0.40684413373161765,688,259
2021,5137,Richie James,WR,16,0.0,-145.15,-1.4115738515624998,9.071875,47.75,48.75,53.75,51.25,48.75,0.4058566225585937,692,260
2021,2821,Jake Kumerow,WR,16,5.8,-144.5,-1.4208755078124997,9.39375,48.625,49.625,54.625,52.125,49.625,0.4066058935546875,695,261
2021,3157,William Fuller,WR,17,10.1,-146.85,-1.4287783671874996,9.23235294117647,48.0,49.0,54.0,51.5,49.0,0.40606911856617645,698,262
2021,4344,C.J. Board,WR,17,11.400000000000002,-146.65,-1.4302769062499998,9.297058823529412,48.411764705882355,49.411764705882355,54.411764705882355,51.911764705882355,49.411764705882355,0.4061072463235294,699,263
2021,5289,Cameron Batson,WR,17,12.4,-146.2,-1.4312695546874998,9.329411764705881,48.411764705882355,49.411764705882355,54.411764705882355,51.911764705882355,49.411764705882355,0.40684413373161765,700,264
2021,5250,Robert Foster,WR,16,0.0,-147.6,-1.4336921015624997,9.225,48.125,49.125,54.125,51.625,49.125,0.407511572265625,706,265
2021,7540,Amari Rodgers,WR,17,11.3,-147.29999999999998,-1.4385569296875,9.329411764705881,48.411764705882355,49.411764705882355,54.411764705882355,51.911764705882355,49.411764705882355,0.40684413373161765,714,266
2021,7956,Cade Johnson,WR,16,0.0,-149.5,-1.4422575078124997,9.34375,48.5,49.5,54.5,52.0,49.5,0.4055010732421875,722,267
2021,8005,Tarik Black,WR,16,2.5,-148.29999999999998,-1.4432364843749999,9.424999999999999,48.375,49.375,54.375,51.875,49.375,0.4069558286132812,723,268
2021,7901,Rico Bussey,WR,16,0.0,-149.65,-1.4539866328124997,9.353125,48.3125,49.3125,54.3125,51.8125,49.3125,0.409579619140625,739,269
2021,6453,D.J. Montgomery,WR,17,7.6,-148.9,-1.4556749531249997,9.205882352941176,48.11764705882353,49.11764705882353,54.11764705882353,51.61764705882353,49.11764705882353,0.40574332582720585,741,270
2021,6247,Jason Moore,WR,17,10.100000000000001,-148.85,-1.4565273437499997,9.35,48.470588235294116,49.470588235294116,54.470588235294116,51.970588235294116,49.470588235294116,0.40730092555147057,748,271
2021,3433,Alex Erickson,WR,17,9.5,-149.1,-1.4567057031249997,9.329411764705881,48.411764705882355,49.411764705882355,54.411764705882355,51.911764705882355,49.411764705882355,0.40684413373161765,749,272
2021,7039,Cody White,WR,17,9.8,-149.15,-1.4567447421874995,9.35,48.470588235294116,49.470588235294116,54.470588235294116,51.970588235294116,49.470588235294116,0.40730092555147057,750,273
2021,5962,KeeSean Johnson,WR,16,0.0,-147.5,-1.4581308281249996,9.21875,47.875,48.875,53.875,51.375,48.875,0.40565041113281247,752,274
2021,627,Andre Roberts,WR,17,9.5,-149.45,-1.4608199765624998,9.35,48.470588235294116,49.470588235294116,54.470588235294116,51.970588235294116,49.470588235294116,0.40730092555147057,753,275
2021,4218,Trent Taylor,WR,17,7.1000000000000005,-150.95,-1.4637433046874997,9.297058823529412,48.411764705882355,49.411764705882355,54.411764705882355,51.911764705882355,49.411764705882355,0.4061072463235294,754,276
2021,1911,Willie Snead,WR,17,9.3,-149.3,-1.4637518906249998,9.329411764705881,48.411764705882355,49.411764705882355,54.411764705882355,51.911764705882355,49.411764705882355,0.40684413373161765,755,277
2021,5970,Greg Dortch,WR,17,7.6000000000000005,-150.79999999999998,-1.4648350078124996,9.31764705882353,48.1764705882353,49.1764705882353,54.1764705882353,51.6764705882353,49.1764705882353,0.40652858180147056,756,278
2021,7595,Tylan Wallace,WR,17,4.8,-151.45,-1.4664869765624997,9.191176470588236,48.23529411764706,49.23529411764706,54.23529411764706,51.73529411764706,49.23529411764706,0.4070696231617647,761,279
2021,7357,Dan Chisena,WR,16,0.0,-149.5,-1.4762668515624997,9.34375,48.375,49.375,54.375,51.875,49.375,0.4069592060546875,763,280
2021,4491,Marcus Kemp,WR,17,4.9,-153.5,-1.4890928124999998,9.31764705882353,48.1764705882353,49.1764705882353,54.1764705882353,51.6764705882353,49.1764705882353,0.40652858180147056,765,281
2021,7586,Dazz Newsome,WR,17,4.8,-153.25,-1.4907870156249998,9.297058823529412,48.411764705882355,49.411764705882355,54.411764705882355,51.911764705882355,49.411764705882355,0.4061072463235294,766,282
2021,3852,Jaydon Mickens,WR,17,3.5,-153.79999999999998,-1.4928849062499998,9.252941176470587,48.529411764705884,49.529411764705884,54.529411764705884,52.029411764705884,49.529411764705884,0.40547495220588237,767,283
2021,6154,David Sills,WR,17,4.2,-153.85,-1.4973254374999996,9.297058823529412,48.411764705882355,49.411764705882355,54.411764705882355,51.911764705882355,49.411764705882355,0.4061072463235294,768,284
2021,7534,Seth Williams,WR,17,4.9,-152.65,-1.4990443671874998,9.26764705882353,48.35294117647059,49.35294117647059,54.35294117647059,51.85294117647059,49.35294117647059,0.4057424393382353,769,285
2021,5134,Keith Kirkwood,WR,17,5.2,-153.4,-1.5002375859374997,9.329411764705881,48.411764705882355,49.411764705882355,54.411764705882355,51.911764705882355,49.411764705882355,0.40684413373161765,770,286
2021,6069,Stanley Morgan,WR,17,3.5999999999999996,-154.45,-1.50216678125,9.297058823529412,48.411764705882355,49.411764705882355,54.411764705882355,51.911764705882355,49.411764705882355,0.4061072463235294,771,287
2021,7351,Kirk Merritt,WR,17,2.8,-154.15,-1.5022566171874998,9.23235294117647,48.0,49.0,54.0,51.5,49.0,0.40606911856617645,772,288
2021,6939,Binjimen Victor,WR,17,0.0,-156.25,-1.5096940078124998,9.191176470588236,48.23529411764706,49.23529411764706,54.23529411764706,51.73529411764706,49.23529411764706,0.4070696231617647,773,289
2021,7191,Jaylon Moore,WR,17,0.0,-156.25,-1.5096940078124998,9.191176470588236,48.23529411764706,49.23529411764706,54.23529411764706,51.73529411764706,49.23529411764706,0.4070696231617647,774,290
2021,7989,DJ Turner,WR,17,0.0,-156.25,-1.5096940078124998,9.191176470588236,48.23529411764706,49.23529411764706,54.23529411764706,51.73529411764706,49.23529411764706,0.4070696231617647,775,291
2021,7996,Dillon Stoner,WR,17,0.0,-156.25,-1.5096940078124998,9.191176470588236,48.23529411764706,49.23529411764706,54.23529411764706,51.73529411764706,49.23529411764706,0.4070696231617647,776,292
2021,7337,Easop Winston,WR,17,1.5,-155.0,-1.5135085781249997,9.205882352941176,48.11764705882353,49.11764705882353,54.11764705882353,51.61764705882353,49.11764705882353,0.40574332582720585,777,293
2021,8068,C.J. Saunders,WR,17,3.6,-155.0,-1.5141381718749998,9.329411764705881,48.411764705882355,49.411764705882355,54.411764705882355,51.911764705882355,49.411764705882355,0.40684413373161765,778,294
2021,5007,Keke Coutee,WR,17,1.5,-155.45,-1.5172085468749996,9.23235294117647,48.0,49.0,54.0,51.5,49.0,0.40606911856617645,780,295
2021,6168,John Ursua,WR,17,0.0,-157.29999999999998,-1.5242137343749997,9.252941176470587,48.529411764705884,49.529411764705884,54.529411764705884,52.029411764705884,49.529411764705884,0.40547495220588237,782,296
2021,6171,Cody Thompson,WR,17,0.0,-157.29999999999998,-1.5242137343749997,9.252941176470587,48.529411764705884,49.529411764705884,54.529411764705884,52.029411764705884,49.529411764705884,0.40547495220588237,783,297
2021,6967,Aaron Fuller,WR,17,0.0,-157.29999999999998,-1.5242137343749997,9.252941176470587,48.529411764705884,49.529411764705884,54.529411764705884,52.029411764705884,49.529411764705884,0.40547495220588237,784,298
2021,3199,Michael Thomas,WR,17,0.0,-156.5,-1.5271944999999998,9.205882352941176,48.11764705882353,49.11764705882353,54.11764705882353,51.61764705882353,49.11764705882353,0.40574332582720585,785,299
2021,4854,River Cracraft,WR,17,0.0,-156.5,-1.5271944999999998,9.205882352941176,48.11764705882353,49.11764705882353,54.11764705882353,51.61764705882353,49.11764705882353,0.40574332582720585,786,300
2021,5260,Vyncint Smith,WR,17,0.0,-156.5,-1.5271944999999998,9.205882352941176,48.11764705882353,49.11764705882353,54.11764705882353,51.61764705882353,49.11764705882353,0.40574332582720585,787,301
2021,7746,Austin Trammell,WR,17,0.0,-156.5,-1.5271944999999998,9.205882352941176,48.11764705882353,49.11764705882353,54.11764705882353,51.61764705882353,49.11764705882353,0.40574332582720585,788,302
2021,7752,Kawaan Baker,WR,17,0.0,-156.5,-1.5271944999999998,9.205882352941176,48.11764705882353,49.11764705882353,54.11764705882353,51.61764705882353,49.11764705882353,0.40574332582720585,789,303
2021,1984,Allen Hurns,WR,17,0.0,-156.95,-1.5311767265624998,9.23235294117647,48.0,49.0,54.0,51.5,49.0,0.40606911856617645,790,304
2021,2462,J.J. Nelson,WR,17,0.0,-156.95,-1.5311767265624998,9.23235294117647,48.0,49.0,54.0,51.5,49.0,0.40606911856617645,791,305
2021,312,Matthew Slater,WR,17,0.0,-156.95,-1.5311767265624998,9.23235294117647,48.0,49.0,54.0,51.5,49.0,0.40606911856617645,792,306
2021,6059,Travis Fulgham,WR,17,0.0,-156.95,-1.5311767265624998,9.23235294117647,48.0,49.0,54.0,51.5,49.0,0.40606911856617645,793,307
2021,6879,Quartney Davis,WR,17,0.0,-156.95,-1.5311767265624998,9.23235294117647,48.0,49.0,54.0,51.5,49.0,0.40606911856617645,794,308
2021,6909,Lynn Bowden,WR,17,0.0,-156.95,-1.5311767265624998,9.23235294117647,48.0,49.0,54.0,51.5,49.0,0.40606911856617645,795,309
2021,7086,John Hightower,WR,17,0.0,-156.95,-1.5311767265624998,9.23235294117647,48.0,49.0,54.0,51.5,49.0,0.40606911856617645,796,310
2021,7546,Tre Nixon,WR,17,0.0,-156.95,-1.5311767265624998,9.23235294117647,48.0,49.0,54.0,51.5,49.0,0.40606911856617645,797,311
2021,4208,Rodney Adams,WR,17,0.0,-158.05,-1.5354592968749998,9.297058823529412,48.411764705882355,49.411764705882355,54.411764705882355,51.911764705882355,49.411764705882355,0.4061072463235294,798,312
2021,5293,Jordan Veasy,WR,17,0.0,-158.05,-1.5354592968749998,9.297058823529412,48.411764705882355,49.411764705882355,54.411764705882355,51.911764705882355,49.411764705882355,0.4061072463235294,799,313
2021,6387,Nsimba Webster,WR,17,0.0,-158.05,-1.5354592968749998,9.297058823529412,48.411764705882355,49.411764705882355,54.411764705882355,51.911764705882355,49.411764705882355,0.4061072463235294,800,314
2021,7085,Isaiah Coulter,WR,17,0.0,-158.05,-1.5354592968749998,9.297058823529412,48.411764705882355,49.411764705882355,54.411764705882355,51.911764705882355,49.411764705882355,0.4061072463235294,801,315
2021,7789,Jalen Camp,WR,17,0.0,-158.05,-1.5354592968749998,9.297058823529412,48.411764705882355,49.411764705882355,54.411764705882355,51.911764705882355,49.411764705882355,0.4061072463235294,802,316
2021,4489,Gehrig Dieter,WR,17,0.0,-158.4,-1.5368981562499997,9.31764705882353,48.1764705882353,49.1764705882353,54.1764705882353,51.6764705882353,49.1764705882353,0.40652858180147056,803,317
2021,7233,Andre Baccellia,WR,17,0.0,-158.4,-1.5368981562499997,9.31764705882353,48.1764705882353,49.1764705882353,54.1764705882353,51.6764705882353,49.1764705882353,0.40652858180147056,804,318
2021,7541,Cornell Powell,WR,17,0.0,-158.4,-1.5368981562499997,9.31764705882353,48.1764705882353,49.1764705882353,54.1764705882353,51.6764705882353,49.1764705882353,0.40652858180147056,805,319
2021,7793,Racey McMath,WR,17,0.7999999999999998,-157.79999999999998,-1.5421169218749997,9.329411764705881,48.411764705882355,49.411764705882355,54.411764705882355,51.911764705882355,49.411764705882355,0.40684413373161765,806,320
2021,4998,DaeSean Hamilton,WR,17,0.0,-157.55,-1.5447954531249999,9.26764705882353,48.35294117647059,49.35294117647059,54.35294117647059,51.85294117647059,49.35294117647059,0.4057424393382353,807,321
2021,7562,Tutu Atwell,WR,17,0.0,-157.55,-1.5447954531249999,9.26764705882353,48.35294117647059,49.35294117647059,54.35294117647059,51.85294117647059,49.35294117647059,0.4057424393382353,808,322
2021,7703,Jacob Harris,WR,17,0.0,-157.55,-1.5447954531249999,9.26764705882353,48.35294117647059,49.35294117647059,54.35294117647059,51.85294117647059,49.35294117647059,0.4057424393382353,809,323
2021,7915,Landen Akers,WR,17,0.0,-157.55,-1.5447954531249999,9.26764705882353,48.35294117647059,49.35294117647059,54.35294117647059,51.85294117647059,49.35294117647059,0.4057424393382353,810,324
2021,7234,Maurice Ffrench,WR,17,0.5,-158.45,-1.5449101796874998,9.35,48.470588235294116,49.470588235294116,54.470588235294116,51.970588235294116,49.470588235294116,0.40730092555147057,811,325
2021,4551,Tanner Gentry,WR,17,0.0,-158.95,-1.5493127499999997,9.35,48.470588235294116,49.470588235294116,54.470588235294116,51.970588235294116,49.470588235294116,0.40730092555147057,812,326
2021,5977,Terry Godwin,WR,17,0.0,-158.95,-1.5493127499999997,9.35,48.470588235294116,49.470588235294116,54.470588235294116,51.970588235294116,49.470588235294116,0.40730092555147057,813,327
2021,6088,Bisi Johnson,WR,17,0.0,-158.95,-1.5493127499999997,9.35,48.470588235294116,49.470588235294116,54.470588235294116,51.970588235294116,49.470588235294116,0.40730092555147057,814,328
2021,6402,Steven Sims,WR,17,0.0,-158.95,-1.5493127499999997,9.35,48.470588235294116,49.470588235294116,54.470588235294116,51.970588235294116,49.470588235294116,0.40730092555147057,815,329
2021,6913,Joe Reed,WR,17,0.0,-158.95,-1.5493127499999997,9.35,48.470588235294116,49.470588235294116,54.470588235294116,51.970588235294116,49.470588235294116,0.40730092555147057,816,330
2021,6920,Isaiah Hodgins,WR,17,0.0,-158.95,-1.5493127499999997,9.35,48.470588235294116,49.470588235294116,54.470588235294116,51.970588235294116,49.470588235294116,0.40730092555147057,817,331
2021,7009,Trishton Jackson,WR,17,0.0,-158.95,-1.5493127499999997,9.35,48.470588235294116,49.470588235294116,54.470588235294116,51.970588235294116,49.470588235294116,0.40730092555147057,818,332
2021,7287,Josh Hammond,WR,17,0.0,-158.95,-1.5493127499999997,9.35,48.470588235294116,49.470588235294116,54.470588235294116,51.970588235294116,49.470588235294116,0.40730092555147057,819,333
2021,7319,Jeff Cotton,WR,17,0.0,-158.95,-1.5493127499999997,9.35,48.470588235294116,49.470588235294116,54.470588235294116,51.970588235294116,49.470588235294116,0.40730092555147057,820,334
2021,7578,Myron Mitchell,WR,17,0.0,-158.95,-1.5493127499999997,9.35,48.470588235294116,49.470588235294116,54.470588235294116,51.970588235294116,49.470588235294116,0.40730092555147057,821,335
2021,7860,Osirus Mitchell,WR,17,0.0,-158.95,-1.5493127499999997,9.35,48.470588235294116,49.470588235294116,54.470588235294116,51.970588235294116,49.470588235294116,0.40730092555147057,822,336
2021,7862,T.J. Vasher,WR,17,0.0,-158.95,-1.5493127499999997,9.35,48.470588235294116,49.470588235294116,54.470588235294116,51.970588235294116,49.470588235294116,0.40730092555147057,823,337
2021,7865,Brandon Smith,WR,17,0.0,-158.95,-1.5493127499999997,9.35,48.470588235294116,49.470588235294116,54.470588235294116,51.970588235294116,49.470588235294116,0.40730092555147057,824,338
2021,8076,Michael Bandy,WR,17,0.0,-158.95,-1.5493127499999997,9.35,48.470588235294116,49.470588235294116,54.470588235294116,51.970588235294116,49.470588235294116,0.40730092555147057,825,339
2021,4162,Ryan Switzer,WR,17,0.0,-158.6,-1.5496102656249997,9.329411764705881,48.411764705882355,49.411764705882355,54.411764705882355,51.911764705882355,49.411764705882355,0.40684413373161765,826,340
2021,7091,Aaron Parker,WR,17,0.0,-158.6,-1.5496102656249997,9.329411764705881,48.411764705882355,49.411764705882355,54.411764705882355,51.911764705882355,49.411764705882355,0.40684413373161765,827,341
2021,7436,Mason Kinsey,WR,17,0.0,-158.6,-1.5496102656249997,9.329411764705881,48.411764705882355,49.411764705882355,54.411764705882355,51.911764705882355,49.411764705882355,0.40684413373161765,828,342
2021,7521,Chris Blair,WR,17,0.0,-158.6,-1.5496102656249997,9.329411764705881,48.411764705882355,49.411764705882355,54.411764705882355,51.911764705882355,49.411764705882355,0.40684413373161765,829,343
2021,7339,J.J. Koski,WR,17,-2.0,-159.55,-1.5646373906249997,9.26764705882353,48.35294117647059,49.35294117647059,54.35294117647059,51.85294117647059,49.35294117647059,0.4057424393382353,830,344
2021,7109,Malcolm Perry,WR,18,0.0,-166.2,-1.6188543828124997,9.233333333333333,48.22222222222222,49.22222222222222,54.22222222222222,51.72222222222222,49.22222222222222,0.406446828125,835,345
2022,6794,Justin Jefferson,WR,17,424.96000000000004,273.61,2.7147790156249996,8.902941176470588,47.1764705882353,48.1764705882353,53.1764705882353,50.6764705882353,48.1764705882353,0.4048225124080882,17,1
2022,3321,Tyreek Hill,WR,17,404.6,251.9,2.4560566484375,8.982352941176472,47.23529411764706,48.23529411764706,53.23529411764706,50.73529411764706,48.23529411764706,0.4051132279411765,22,2
2022,2133,Davante Adams,WR,17,382.6,230.4,2.3333156875000003,8.952941176470588,47.23529411764706,48.23529411764706,53.23529411764706,50.73529411764706,48.23529411764706,0.40514620312500005,24,3
2022,2449,Stefon Diggs,WR,17,369.9,218.55,2.2866672265625,8.902941176470588,47.1764705882353,48.1764705882353,53.1764705882353,50.6764705882353,48.1764705882353,0.4048225124080882,25,4
2022,5859,A.J. Brown,WR,17,337.6,186.25,1.9336322343749999,8.902941176470588,47.1764705882353,48.1764705882353,53.1764705882353,50.6764705882353,48.1764705882353,0.4048225124080882,29,5
2022,6786,CeeDee Lamb,WR,17,339.1,184.75,1.9291789453124994,9.079411764705881,47.588235294117645,48.588235294117645,53.588235294117645,51.088235294117645,48.588235294117645,0.4046133396139706,30,6
2022,7547,Amon-Ra St. Brown,WR,16,307.9,165.2,1.7208053828124998,8.918750000000001,47.375,48.375,53.375,50.875,48.375,0.40436005615234377,39,7
2022,7564,Ja'Marr Chase,WR,13,276.9,158.3,1.7075811484374999,9.123076923076924,47.15384615384615,48.15384615384615,53.15384615384615,50.65384615384615,48.15384615384615,0.40321428846153845,41,8
2022,7526,Jaylen Waddle,WR,17,302.8,150.1,1.4884289062499998,8.982352941176472,47.23529411764706,48.23529411764706,53.23529411764706,50.73529411764706,48.23529411764706,0.4051132279411765,51,9
2022,7525,DeVonta Smith,WR,17,289.6,138.25,1.468801546875,8.902941176470588,47.1764705882353,48.1764705882353,53.1764705882353,50.6764705882353,48.1764705882353,0.4048225124080882,53,10
2022,4950,Christian Kirk,WR,17,270.4,117.7,1.2905726640625002,8.982352941176472,47.23529411764706,48.23529411764706,53.23529411764706,50.73529411764706,48.23529411764706,0.4051132279411765,58,11
2022,2309,Amari Cooper,WR,17,281.5,127.15,1.2724023125000004,9.079411764705881,47.588235294117645,48.588235294117645,53.588235294117645,51.088235294117645,48.588235294117645,0.4046133396139706,59,12
2022,5927,Terry McLaurin,WR,17,267.90000000000003,115.80000000000001,1.264360640625,8.947058823529412,46.88235294117647,47.88235294117647,52.88235294117647,50.38235294117647,47.88235294117647,0.4043767803308823,60,13
2022,2374,Tyler Lockett,WR,16,262.8,118.55,1.2419120546875,9.015625,47.375,48.375,53.375,50.875,48.375,0.4052803076171875,62,14
2022,4037,Chris Godwin,WR,15,251.4,118.95,1.228413265625,8.83,46.86666666666667,47.86666666666667,52.86666666666667,50.36666666666667,47.86666666666667,0.4058372645833333,64,15
2022,1479,Keenan Allen,WR,10,186.2,96.9,1.1030780468750003,8.93,47.3,48.3,53.3,50.8,48.3,0.40282096953125,68,16
2022,6783,Jerry Jeudy,WR,15,234.5,98.05000000000001,1.0826956328125,9.096666666666668,47.333333333333336,48.333333333333336,53.333333333333336,50.833333333333336,48.333333333333336,0.40372746927083336,70,17
2022,6819,Michael Pittman,WR,16,243.6,101.35,1.0804175781249998,8.890625,46.625,47.625,52.625,50.125,47.625,0.404415671875,71,18
2022,8146,Garrett Wilson,WR,17,250.0,98.3,1.0681242265625,8.923529411764706,47.0,48.0,53.0,50.5,48.0,0.405042484375,74,19
2022,5846,DK Metcalf,WR,17,254.3,101.6,1.0562007578125,8.982352941176472,47.23529411764706,48.23529411764706,53.23529411764706,50.73529411764706,48.23529411764706,0.4051132279411765,76,20
2022,6801,Tee Higgins,WR,17,253.2,101.5,1.0225563125000001,8.923529411764706,47.0,48.0,53.0,50.5,48.0,0.405042484375,79,21
2022,8144,Chris Olave,WR,15,229.20000000000002,93.5,0.992870765625,9.046666666666669,46.93333333333333,47.93333333333333,52.93333333333333,50.43333333333333,47.93333333333333,0.404427271875,83,22
2022,6803,Brandon Aiyuk,WR,17,250.20000000000002,95.85000000000001,0.9720722578124998,9.079411764705881,47.588235294117645,48.588235294117645,53.588235294117645,51.088235294117645,48.588235294117645,0.4046133396139706,85,23
2022,2216,Mike Evans,WR,17,261.9,109.2,0.9666079453125,8.982352941176472,47.23529411764706,48.23529411764706,53.23529411764706,50.73529411764706,48.23529411764706,0.4051132279411765,86,24
2022,4080,Zay Jones,WR,16,223.9,80.69999999999999,0.8738382343750001,8.950000000000001,47.375,48.375,53.375,50.875,48.375,0.40432502001953124,94,25
2022,4068,Mike Williams,WR,13,200.0,82.14999999999999,0.7808329609374999,9.065384615384616,46.84615384615385,47.84615384615385,52.84615384615385,50.34615384615385,47.84615384615385,0.4052836941105769,100,26
2022,8167,Christian Watson,WR,14,188.0,63.050000000000004,0.7796707968749997,8.925,46.5,47.5,52.5,50.0,47.5,0.40444133314732145,101,27
2022,5872,Deebo Samuel,WR,13,195.8,77.75,0.7724183281249999,9.080769230769231,49.0,50.0,55.0,52.5,50.0,0.4050482872596154,102,28
2022,5947,Jakobi Meyers,WR,14,200.7,76.95,0.749593953125,8.839285714285714,46.5,47.5,52.5,50.0,47.5,0.40383927622767857,103,29
2022,4983,DJ Moore,WR,17,230.1,78.15,0.74598759375,8.938235294117648,47.0,48.0,53.0,50.5,48.0,0.4066957146139706,104,30
2022,4039,Cooper Kupp,WR,17,233.2,81.85,0.7431692187499996,8.902941176470588,47.1764705882353,48.1764705882353,53.1764705882353,50.6764705882353,48.1764705882353,0.4048225124080882,105,31
2022,4040,JuJu Smith-Schuster,WR,16,215.3,72.0,0.735895515625,8.95625,47.375,48.375,53.375,50.875,48.375,0.40500737744140625,106,32
2022,5185,Allen Lazard,WR,15,197.70000000000002,65.05000000000001,0.6724963437500001,8.843333333333334,46.93333333333333,47.93333333333333,52.93333333333333,50.43333333333333,47.93333333333333,0.4043634359375,111,33
2022,8112,Drake London,WR,17,202.6,50.5,0.5854067734375,8.947058823529412,46.88235294117647,47.88235294117647,52.88235294117647,50.38235294117647,47.88235294117647,0.4043767803308823,114,34
2022,3225,Tyler Boyd,WR,17,202.52,50.81999999999999,0.5704359843750002,8.923529411764706,47.0,48.0,53.0,50.5,48.0,0.405042484375,115,35
2022,7670,Joshua Palmer,WR,16,194.0,52.05,0.5528388437499998,8.871875000000001,47.3125,48.3125,53.3125,50.8125,48.3125,0.4046984921875,117,36
2022,5937,Diontae Johnson,WR,17,205.1,50.75,0.5370162265625,9.079411764705881,47.588235294117645,48.588235294117645,53.588235294117645,51.088235294117645,48.588235294117645,0.4046133396139706,118,37
2022,6943,Gabe Davis,WR,16,193.6,52.10000000000001,0.5291168593750002,8.84375,46.9375,47.9375,52.9375,50.4375,47.9375,0.40488926220703125,119,38
2022,4082,Curtis Samuel,WR,17,206.9,54.8,0.5219019296874999,8.947058823529412,46.88235294117647,47.88235294117647,52.88235294117647,50.38235294117647,47.88235294117647,0.4043767803308823,122,39
2022,1689,Adam Thielen,WR,17,199.7,48.35,0.5167726796874997,8.902941176470588,47.1764705882353,48.1764705882353,53.1764705882353,50.6764705882353,48.1764705882353,0.4048225124080882,123,40
2022,2197,Brandin Cooks,WR,13,163.0,42.800000000000004,0.49401564843749995,9.246153846153847,46.84615384615385,47.84615384615385,52.84615384615385,50.34615384615385,47.84615384615385,0.40572959375,124,41
2022,5045,Courtland Sutton,WR,15,179.6,43.25,0.45579137499999983,9.09,47.266666666666666,48.266666666666666,53.266666666666666,50.766666666666666,48.266666666666666,0.40395036614583335,126,42
2022,1426,DeAndre Hopkins,WR,15,169.7,35.65,0.3843066640625002,8.936666666666667,47.93333333333333,48.93333333333333,53.93333333333333,51.43333333333333,48.93333333333333,0.40814425520833336,133,43
2022,8137,George Pickens,WR,17,186.60000000000002,32.25000000000001,0.3688333984375,9.079411764705881,47.588235294117645,48.588235294117645,53.588235294117645,51.088235294117645,48.588235294117645,0.4046133396139706,136,44
2022,8119,Jahan Dotson,WR,12,143.5,32.849999999999994,0.3400444531249997,9.220833333333333,47.25,48.25,53.25,50.75,48.25,0.4019103509114583,138,45
2022,7066,K.J. Osborn,WR,17,174.70000000000002,23.35,0.3127783515624997,8.902941176470588,47.1764705882353,48.1764705882353,53.1764705882353,50.6764705882353,48.1764705882353,0.4048225124080882,139,46
2022,6824,Donovan Peoples-Jones,WR,17,184.3,29.949999999999996,0.3082646640624998,9.079411764705881,47.588235294117645,48.588235294117645,53.588235294117645,51.088235294117645,48.588235294117645,0.4046133396139706,140,47
2022,4177,Mack Hollins,WR,17,174.46,22.259999999999998,0.2664694453125001,8.952941176470588,47.23529411764706,48.23529411764706,53.23529411764706,50.73529411764706,48.23529411764706,0.40514620312500005,143,48
2022,5848,Marquise Brown,WR,17,173.20000000000002,21.250000000000004,0.2296544999999996,8.938235294117648,47.0,48.0,53.0,50.5,48.0,0.4066957146139706,146,49
2022,5110,Russell Gage,WR,13,136.6,18.0,0.22594268750000007,9.123076923076924,47.15384615384615,48.15384615384615,53.15384615384615,50.65384615384615,48.15384615384615,0.40321428846153845,148,50
2022,5880,Parris Campbell,WR,17,166.6,14.5,0.19868683593749986,8.947058823529412,46.88235294117647,47.88235294117647,52.88235294117647,50.38235294117647,47.88235294117647,0.4043767803308823,150,51
2022,2319,DeVante Parker,WR,13,117.9,-1.1000000000000014,0.13442213281249993,9.153846153846153,48.46153846153846,49.46153846153846,54.46153846153846,51.96153846153846,49.46153846153846,0.40500885516826923,158,52
2022,6149,Darius Slayton,WR,16,147.4,3.099999999999998,0.03900919531249991,9.01875,47.5625,48.5625,53.5625,51.0625,48.5625,0.40476749267578127,163,53
2022,4197,Isaiah McKenzie,WR,16,134.1,-7.750000000000001,-0.02624494531249988,8.865625,47.25,48.25,53.25,50.75,48.25,0.40428366357421874,171,54
2022,947,Julio Jones,WR,10,79.9,-6.949999999999997,-0.05116735937499972,8.684999999999999,47.0,48.0,53.0,50.5,48.0,0.4068318875,173,55
2022,1110,T.Y. Hilton,WR,3,22.6,-3.749999999999999,-0.05757160156249996,8.783333333333333,41.666666666666664,42.666666666666664,47.666666666666664,45.166666666666664,42.666666666666664,0.39803442447916665,175,56
2022,5086,Marquez Valdes-Scantling,WR,17,141.6,-9.149999999999999,-0.06765053125000026,8.867647058823529,47.411764705882355,48.411764705882355,53.411764705882355,50.911764705882355,48.411764705882355,0.4050726383272059,176,57
2022,8121,Romeo Doubs,WR,13,110.8,-6.750000000000006,-0.06977395312500012,9.042307692307693,45.69230769230769,46.69230769230769,51.69230769230769,49.19230769230769,46.69230769230769,0.40502742608173076,177,58
2022,4036,Corey Davis,WR,13,114.6,-4.500000000000001,-0.0706694843750002,9.161538461538463,47.53846153846154,48.53846153846154,53.53846153846154,51.03846153846154,48.53846153846154,0.4044345240384616,178,59
2022,7601,Rondale Moore,WR,12,97.1,-6.0500000000000025,-0.08477619531250019,8.595833333333333,45.5,46.5,51.5,49.0,46.5,0.40644000065104163,182,60
2022,7885,Bailey Gaither,WR,1,0.0,-9.5,-0.08521757031249994,9.5,46.0,47.0,52.0,49.5,47.0,0.41344409374999996,183,61
2022,4050,Cyril Grayson,WR,1,0.0,-8.45,-0.08553745312500005,8.45,52.0,53.0,58.0,55.5,53.0,0.407319453125,184,62
2022,7279,DeMichael Harris,WR,1,0.0,-8.8,-0.08898824999999999,8.8,49.0,50.0,55.0,52.5,50.0,0.4110589765625,186,63
2022,5970,Greg Dortch,WR,16,126.5,-15.000000000000007,-0.09478745312500009,8.84375,46.75,47.75,52.75,50.25,47.75,0.40608932666015624,190,64
2022,7606,Kadarius Toney,WR,9,63.7,-14.2,-0.09800082812500027,8.655555555555557,45.77777777777778,46.77777777777778,51.77777777777778,49.27777777777778,46.77777777777778,0.4031767465277778,191,65
2022,5137,Richie James,WR,17,145.4,-8.949999999999998,-0.09839702343750018,9.079411764705881,47.588235294117645,48.588235294117645,53.588235294117645,51.088235294117645,48.588235294117645,0.4046133396139706,192,66
2022,4274,David Moore,WR,1,0.0,-10.05,-0.10230346875000002,10.05,48.0,49.0,54.0,51.5,49.0,0.40214689062500003,197,67
2022,8213,Dai'Jean Dixon,WR,1,0.0,-10.05,-0.10230346875000002,10.05,48.0,49.0,54.0,51.5,49.0,0.40214689062500003,198,68
2022,6886,Chase Claypool,WR,15,122.34,-11.359999999999996,-0.10670887499999998,8.913333333333334,47.06666666666667,48.06666666666667,53.06666666666667,50.56666666666667,48.06666666666667,0.40476203020833335,200,69
2022,8114,Erik Ezukanma,WR,1,1.3,-8.1,-0.10895021093750001,9.4,44.0,45.0,50.0,47.5,45.0,0.3886459296875,202,70
2022,8142,Alec Pierce,WR,16,128.3,-13.949999999999998,-0.12758157812500004,8.890625,46.625,47.625,52.625,50.125,47.625,0.404415671875,204,71
2022,7569,Nico Collins,WR,13,107.60000000000001,-11.4,-0.12898957812500011,9.153846153846153,47.38461538461539,48.38461538461539,53.38461538461539,50.88461538461539,48.38461538461539,0.403607109375,205,72
2022,1067,Marvin Jones,WR,16,131.4,-13.350000000000001,-0.1395462421874999,9.046875,47.1875,48.1875,53.1875,50.6875,48.1875,0.4050855400390625,207,73
2022,3269,Chris Moore,WR,16,128.7,-14.000000000000004,-0.14350964062500005,8.918750000000001,47.3125,48.3125,53.3125,50.8125,48.3125,0.4046275849609375,209,74
2022,3297,Tajae Sharpe,WR,2,0.0,-15.9,-0.1572576328125001,7.95,50.0,51.0,56.0,53.5,51.0,0.4067181328125,211,75
2022,3634,Kalif Raymond,WR,17,134.60000000000002,-17.599999999999998,-0.15888569531250024,8.952941176470588,47.23529411764706,48.23529411764706,53.23529411764706,50.73529411764706,48.23529411764706,0.40514620312500005,212,76
2022,4951,DJ Chark,WR,15,113.7,-19.500000000000004,-0.1627820078125003,8.88,47.46666666666667,48.46666666666667,53.46666666666667,50.96666666666667,48.46666666666667,0.40375445364583334,213,77
2022,4998,DaeSean Hamilton,WR,2,0.0,-18.4,-0.17682003125,9.2,45.5,46.5,51.5,49.0,46.5,0.40148740625,216,78
2022,4171,Josh Reynolds,WR,14,114.9,-15.599999999999996,-0.17948835156249998,9.321428571428571,47.214285714285715,48.214285714285715,53.214285714285715,50.714285714285715,48.214285714285715,0.40424530524553576,217,79
2022,5038,Michael Gallup,WR,15,115.9,-18.2,-0.1898115234374999,8.94,47.266666666666666,48.266666666666666,53.266666666666666,50.766666666666666,48.266666666666666,0.4052707244791666,221,80
2022,4234,Noah Brown,WR,16,127.5,-17.450000000000003,-0.19305367187500033,9.059375000000001,47.75,48.75,53.75,51.25,48.75,0.40447624609375,225,81
2022,6239,Malik Taylor,WR,2,0.0,-17.9,-0.20144603125000005,8.95,40.0,41.0,46.0,43.5,41.0,0.39583166015625004,226,82
2022,1352,Robert Woods,WR,17,131.2,-21.000000000000007,-0.21085660156250002,8.952941176470588,47.23529411764706,48.23529411764706,53.23529411764706,50.73529411764706,48.23529411764706,0.40514620312500005,227,83
2022,8828,Michael Young,WR,3,0.0,-23.65,-0.2192984140625001,7.883333333333333,46.333333333333336,47.333333333333336,52.333333333333336,49.833333333333336,47.333333333333336,0.40958040104166665,230,84
2022,8135,Treylon Burks,WR,15,109.4,-24.8,-0.2203228515625002,8.946666666666665,46.86666666666667,47.86666666666667,52.86666666666667,50.36666666666667,47.86666666666667,0.40455427812500006,231,85
2022,6847,Devin Duvernay,WR,17,130.0,-21.700000000000003,-0.22297700000000015,8.923529411764706,47.0,48.0,53.0,50.5,48.0,0.405042484375,232,86
2022,7954,Connor Wedington,WR,2,0.0,-19.450000000000003,-0.22737337500000004,9.725000000000001,46.0,47.0,52.0,49.5,47.0,0.39539641015625004,233,87
2022,2750,DeAndre Carter,WR,17,125.7,-25.050000000000004,-0.23038346093749984,8.867647058823529,47.411764705882355,48.411764705882355,53.411764705882355,50.911764705882355,48.411764705882355,0.4050726383272059,234,88
2022,6271,Olamide Zaccheaus,WR,17,123.9,-28.200000000000003,-0.2445961718750001,8.947058823529412,46.88235294117647,47.88235294117647,52.88235294117647,50.38235294117647,47.88235294117647,0.4043767803308823,235,89
2022,8783,Kendric Pryor,WR,3,0.0,-26.15,-0.25201988281249993,8.716666666666667,47.333333333333336,48.333333333333336,53.333333333333336,50.833333333333336,48.333333333333336,0.4078073489583333,237,90
2022,4146,Dede Westbrook,WR,3,0.0,-26.1,-0.2720267890625001,8.700000000000001,50.333333333333336,51.333333333333336,56.333333333333336,53.833333333333336,51.333333333333336,0.4005764244791667,243,91
2022,6920,Isaiah Hodgins,WR,15,110.2,-25.950000000000003,-0.2750602968749999,9.076666666666666,47.666666666666664,48.666666666666664,53.666666666666664,51.166666666666664,48.666666666666664,0.40403739739583333,244,92
2022,8676,Rashid Shaheed,WR,17,119.80000000000001,-32.3,-0.28014905468750023,8.947058823529412,46.88235294117647,47.88235294117647,52.88235294117647,50.38235294117647,47.88235294117647,0.4043767803308823,245,93
2022,6814,Laviska Shenault,WR,13,85.0,-29.600000000000005,-0.28025092968750015,8.815384615384616,46.61538461538461,47.61538461538461,52.61538461538461,50.11538461538461,47.61538461538461,0.4068404164663461,246,94
2022,4750,Lance Lenoir,WR,3,0.0,-26.35,-0.28067615625000003,8.783333333333333,41.666666666666664,42.666666666666664,47.666666666666664,45.166666666666664,42.666666666666664,0.39803442447916665,247,95
2022,8236,Jerreth Sterns,WR,3,0.0,-26.35,-0.28067615625000003,8.783333333333333,41.666666666666664,42.666666666666664,47.666666666666664,45.166666666666664,42.666666666666664,0.39803442447916665,248,96
2022,3177,Corey Coleman,WR,3,0.0,-29.75,-0.285205625,9.916666666666666,48.333333333333336,49.333333333333336,54.333333333333336,51.833333333333336,49.333333333333336,0.4056968203125,249,97
2022,8876,Kevin Kassis,WR,4,0.0,-31.6,-0.2983557109375001,7.9,46.75,47.75,52.75,50.25,47.75,0.408574359375,251,98
2022,7757,Ben Skowronek,WR,14,92.5,-32.5,-0.3044455000000003,8.928571428571429,48.357142857142854,49.357142857142854,54.357142857142854,51.857142857142854,49.357142857142854,0.4062771026785715,252,99
2022,5917,Mecole Hardman,WR,15,100.1,-32.80000000000001,-0.32490716406250025,8.860000000000001,47.333333333333336,48.333333333333336,53.333333333333336,50.833333333333336,48.333333333333336,0.40601796458333334,255,100
2022,2238,John Brown,WR,6,13.2,-39.35,-0.36389677343750004,8.758333333333333,46.166666666666664,47.166666666666664,52.166666666666664,49.666666666666664,47.166666666666664,0.3987481822916667,268,101
2022,1825,Jarvis Landry,WR,11,67.7,-34.5,-0.3646079921875002,9.290909090909091,47.45454545454545,48.45454545454545,53.45454545454545,50.95454545454545,48.45454545454545,0.40186220525568184,269,102
2022,3286,Demarcus Robinson,WR,17,115.3,-36.4,-0.36952871093749995,8.923529411764706,47.0,48.0,53.0,50.5,48.0,0.405042484375,270,103
2022,4454,Kendrick Bourne,WR,16,103.0,-39.900000000000006,-0.37465087499999994,8.93125,46.875,47.875,52.875,50.375,47.875,0.40466645361328124,273,104
2022,7565,Terrace Marshall,WR,15,96.5,-35.550000000000004,-0.37740969531249996,8.803333333333335,47.0,48.0,53.0,50.5,48.0,0.40669941354166667,274,105
2022,3852,Jaydon Mickens,WR,4,0.0,-36.3,-0.37826606250000006,9.075,42.75,43.75,48.75,46.25,43.75,0.39865953320312497,275,106
2022,6453,D.J. Montgomery,WR,4,0.0,-36.3,-0.37826606250000006,9.075,42.75,43.75,48.75,46.25,43.75,0.39865953320312497,276,107
2022,1567,Tavon Austin,WR,4,0.0,-39.800000000000004,-0.38750909375000003,9.950000000000001,48.25,49.25,54.25,51.75,49.25,0.404809337890625,277,108
2022,8070,Travis Toivonen,WR,4,0.0,-39.800000000000004,-0.38750909375000003,9.950000000000001,48.25,49.25,54.25,51.75,49.25,0.404809337890625,278,109
2022,1346,Marquise Goodwin,WR,15,97.6,-39.800000000000004,-0.39614882812499985,9.16,47.666666666666664,48.666666666666664,53.666666666666664,51.166666666666664,48.666666666666664,0.40392439114583334,280,110
2022,7596,Elijah Moore,WR,16,101.60000000000001,-41.300000000000004,-0.4007478984375001,8.93125,46.875,47.875,52.875,50.375,47.875,0.40466645361328124,281,111
2022,5955,Hunter Renfrow,WR,15,87.0,-45.300000000000004,-0.4033642187500001,8.82,47.266666666666666,48.266666666666666,53.266666666666666,50.766666666666666,48.266666666666666,0.4049433005208333,282,112
2022,6853,Van Jefferson,WR,15,87.4,-44.05,-0.4066995312499999,8.763333333333332,46.86666666666667,47.86666666666667,52.86666666666667,50.36666666666667,47.86666666666667,0.4050720869791667,283,113
2022,4160,Josh Malone,WR,5,0.0,-44.55,-0.4416181796875001,8.91,49.0,50.0,55.0,52.5,50.0,0.40953999999999996,293,114
2022,7090,Darnell Mooney,WR,17,111.7,-40.400000000000006,-0.4436640625000001,8.947058823529412,46.88235294117647,47.88235294117647,52.88235294117647,50.38235294117647,47.88235294117647,0.4043767803308823,295,115
2022,7319,Jeff Cotton,WR,5,0.0,-46.150000000000006,-0.4637104218750001,9.23,44.4,45.4,50.4,47.9,45.4,0.3996785296875,302,116
2022,1244,Josh Gordon,WR,5,0.0,-49.300000000000004,-0.47272666406249997,9.860000000000001,47.8,48.8,53.8,51.3,48.8,0.4065362890625,304,117
2022,6519,Darrius Shepherd,WR,5,0.0,-49.300000000000004,-0.47272666406249997,9.860000000000001,47.8,48.8,53.8,51.3,48.8,0.4065362890625,305,118
2022,1992,Allen Robinson,WR,16,94.9,-46.0,-0.4788116015625,8.80625,46.9375,47.9375,52.9375,50.4375,47.9375,0.4040990493164063,307,119
2022,1144,Cole Beasley,WR,6,10.0,-46.2,-0.480328796875,9.366666666666667,44.166666666666664,45.166666666666664,50.166666666666664,47.666666666666664,45.166666666666664,0.40132901302083335,308,120
2022,7562,Tutu Atwell,WR,14,74.5,-53.1,-0.4964621796875001,9.114285714285716,47.357142857142854,48.357142857142854,53.357142857142854,50.857142857142854,48.357142857142854,0.40302312779017857,313,121
2022,7049,Jauan Jennings,WR,16,94.6,-50.35,-0.5057459218749999,9.059375000000001,47.75,48.75,53.75,51.25,48.75,0.40447624609375,315,122
2022,3278,Pharoh Cooper,WR,6,4.9,-49.9,-0.5090593593750001,9.133333333333333,46.0,47.0,52.0,49.5,47.0,0.4049454127604167,316,123
2022,3199,Michael Thomas,WR,12,56.1,-50.85,-0.5224324296875005,8.9125,47.0,48.0,53.0,50.5,48.0,0.4016512141927084,318,124
2022,8251,Calvin Jackson,WR,6,0.0,-52.0,-0.5321424062500002,8.666666666666666,45.0,46.0,51.0,48.5,46.0,0.40613374088541665,321,125
2022,8731,Shemar Bridges,WR,6,0.0,-52.55,-0.5437736953125001,8.758333333333333,46.166666666666664,47.166666666666664,52.166666666666664,49.666666666666664,47.166666666666664,0.3987481822916667,325,126
2022,147,DeSean Jackson,WR,10,27.8,-57.25,-0.5496835703125,8.504999999999999,46.8,47.8,52.8,50.3,47.8,0.40588386249999997,328,127
2022,8191,Slade Bolden,WR,6,0.0,-57.25,-0.5517839609374999,9.541666666666666,47.833333333333336,48.833333333333336,53.833333333333336,51.333333333333336,48.833333333333336,0.40637294661458334,330,128
2022,6849,Denzel Mims,WR,10,34.1,-51.900000000000006,-0.5532062890625002,8.6,46.7,47.7,52.7,50.2,47.7,0.40450446015625,332,129
2022,7496,Nick Westbrook-Ikhine,WR,17,95.2,-57.0,-0.5561544921875,8.952941176470588,47.23529411764706,48.23529411764706,53.23529411764706,50.73529411764706,48.23529411764706,0.40514620312500005,333,130
2022,4198,Jamal Agnew,WR,15,78.7,-55.800000000000004,-0.5627415937500002,8.966666666666667,47.266666666666666,48.266666666666666,53.266666666666666,50.766666666666666,48.266666666666666,0.4046039375,339,131
2022,6927,Quez Watkins,WR,17,94.1,-57.25000000000001,-0.5683500234374996,8.902941176470588,47.1764705882353,48.1764705882353,53.1764705882353,50.6764705882353,48.1764705882353,0.4048225124080882,341,132
2022,8126,Wan'Dale Robinson,WR,13,59.0,-56.1,-0.5775590859375003,8.853846153846153,47.53846153846154,48.53846153846154,53.53846153846154,51.03846153846154,48.53846153846154,0.40368401682692306,344,133
2022,5154,Trent Sherfield,WR,17,94.7,-58.0,-0.5800894375,8.982352941176472,47.23529411764706,48.23529411764706,53.23529411764706,50.73529411764706,48.23529411764706,0.4051132279411765,345,134
2022,7210,Kendall Hinton,WR,14,64.3,-62.25000000000001,-0.5998889609375,9.039285714285715,48.142857142857146,49.142857142857146,54.142857142857146,51.642857142857146,49.142857142857146,0.40620043080357143,349,135
2022,8223,Velus Jones,WR,12,42.300000000000004,-65.25,-0.6070421796874998,8.9625,46.25,47.25,52.25,49.75,47.25,0.40424650846354165,354,136
2022,2325,Nelson Agholor,WR,16,83.2,-60.550000000000004,-0.6108391015625002,8.984375,46.9375,47.9375,52.9375,50.4375,47.9375,0.405010375,356,137
2022,928,Randall Cobb,WR,17,91.7,-60.400000000000006,-0.6168107265625001,8.947058823529412,46.88235294117647,47.88235294117647,52.88235294117647,50.38235294117647,47.88235294117647,0.4043767803308823,357,138
2022,2673,Damiere Byrd,WR,14,60.3,-61.5,-0.6172484609375001,8.7,46.357142857142854,47.357142857142854,52.357142857142854,49.857142857142854,47.357142857142854,0.40520660491071425,358,139
2022,5250,Robert Foster,WR,7,0.0,-62.45,-0.6182653828125001,8.921428571428573,48.42857142857143,49.42857142857143,54.42857142857143,51.92857142857143,49.42857142857143,0.4076844419642857,359,140
2022,5101,Deon Cain,WR,7,0.0,-66.65,-0.635758296875,9.521428571428572,47.42857142857143,48.42857142857143,53.42857142857143,50.92857142857143,48.42857142857143,0.40643493080357146,361,141
2022,7244,Ja'Marcus Bradley,WR,7,0.0,-63.0,-0.6551716562500001,9.0,46.857142857142854,47.857142857142854,52.857142857142854,50.357142857142854,47.857142857142854,0.40126957366071425,369,142
2022,830,A.J. Green,WR,16,69.1,-73.35,-0.6589056484375002,8.903125000000001,47.125,48.125,53.125,50.625,48.125,0.406006412109375,373,143
2022,8222,Josh Johnson,WR,8,0.0,-69.35,-0.6624979843750001,8.66875,47.25,48.25,53.25,50.75,48.25,0.4116854453125,375,144
2022,8238,Emeka Emezie,WR,7,0.0,-63.4,-0.6641101250000001,9.057142857142857,46.57142857142857,47.57142857142857,52.57142857142857,50.07142857142857,47.57142857142857,0.3996528638392857,376,145
2022,5323,Equanimeous St. Brown,WR,16,75.4,-68.25,-0.6744236953125005,8.978125,47.0,48.0,53.0,50.5,48.0,0.40449783203125,380,146
2022,6402,Steven Sims,WR,12,39.0,-66.75,-0.683954296875,8.8125,47.25,48.25,53.25,50.75,48.25,0.40401087044270834,384,147
2022,4854,River Cracraft,WR,11,34.2,-68.4,-0.6885258828125,9.327272727272728,47.18181818181818,48.18181818181818,53.18181818181818,50.68181818181818,48.18181818181818,0.4033247670454545,388,148
2022,5026,Tre'Quan Smith,WR,15,61.300000000000004,-70.9,-0.6916285703125002,8.813333333333333,46.53333333333333,47.53333333333333,52.53333333333333,50.03333333333333,47.53333333333333,0.4045669239583333,389,149
2022,8416,Jalen Virgil,WR,10,17.0,-71.3,-0.7214513515625001,8.83,47.3,48.3,53.3,50.8,48.3,0.40291301171875,401,150
2022,8755,Kaden Davis,WR,8,0.0,-70.7,-0.7235206406250002,8.8375,47.0,48.0,53.0,50.5,48.0,0.40538859277343753,402,151
2022,5863,J.J. Arcega-Whiteside,WR,8,0.0,-75.45,-0.7247465468749998,9.43125,47.625,48.625,53.625,51.125,48.625,0.4070129365234375,403,152
2022,7571,Rashod Bateman,WR,15,63.0,-71.25,-0.7252912109375003,8.95,47.0,48.0,53.0,50.5,48.0,0.40444812708333333,404,153
2022,5310,Antonio Callaway,WR,8,0.0,-70.45,-0.7268918359375002,8.80625,47.0,48.0,53.0,50.5,48.0,0.401875478515625,406,154
2022,6386,Alex Bachman,WR,8,0.0,-70.45,-0.7268918359375002,8.80625,47.0,48.0,53.0,50.5,48.0,0.401875478515625,407,155
2022,7586,Dazz Newsome,WR,8,0.0,-70.45,-0.7268918359375002,8.80625,47.0,48.0,53.0,50.5,48.0,0.401875478515625,408,156
2022,5902,Penny Hart,WR,9,5.5,-76.45,-0.7306875312500001,9.105555555555556,47.111111111111114,48.111111111111114,53.111111111111114,50.611111111111114,48.111111111111114,0.40639895833333334,411,157
2022,5938,Lil'Jordan Humphrey,WR,9,4.0,-77.25,-0.7403516484375001,9.027777777777779,47.0,48.0,53.0,50.5,48.0,0.40785760069444443,414,158
2022,4992,Dante Pettis,WR,17,74.6,-77.5,-0.7571876328125001,8.947058823529412,46.88235294117647,47.88235294117647,52.88235294117647,50.38235294117647,47.88235294117647,0.4043767803308823,419,159
2022,2334,Phillip Dorsett,WR,15,56.2,-76.75,-0.7580376015624999,8.863333333333333,47.2,48.2,53.2,50.7,48.2,0.4063390005208333,420,160
2022,8756,Brandon Johnson,WR,10,14.7,-73.95,-0.7608767109375001,8.865,47.7,48.7,53.7,51.2,48.7,0.40377491406250005,421,161
2022,3328,Rashard Higgins,WR,8,0.0,-76.95,-0.7645425078125001,9.61875,48.375,49.375,54.375,51.875,49.375,0.40659816796875003,423,162
2022,3423,Robbie Chosen,WR,16,60.7,-81.85000000000001,-0.7770441171875,8.909375,47.1875,48.1875,53.1875,50.6875,48.1875,0.407823826171875,428,163
2022,2331,Breshad Perriman,WR,11,25.7,-74.80000000000001,-0.7778696640625002,9.136363636363637,47.72727272727273,48.72727272727273,53.72727272727273,51.22727272727273,48.72727272727273,0.40476799289772725,431,164
2022,8235,Samori Toure,WR,11,19.7,-75.15,-0.7807056718750002,8.622727272727273,46.36363636363637,47.36363636363637,52.36363636363637,49.86363636363637,47.36363636363637,0.4032879623579545,432,165
2022,8188,Tyquan Thornton,WR,17,72.4,-79.3,-0.7913571953125,8.923529411764706,47.0,48.0,53.0,50.5,48.0,0.405042484375,436,166
2022,8117,Jalen Tolbert,WR,9,3.2,-77.95,-0.7945035703125001,9.016666666666667,49.111111111111114,50.111111111111114,55.111111111111114,52.611111111111114,50.111111111111114,0.4033587838541666,437,167
2022,6154,David Sills,WR,11,25.1,-78.4,-0.816911859375,9.409090909090908,48.0,49.0,54.0,51.5,49.0,0.4036692620738636,442,168
2022,6598,Trenton Irwin,WR,17,69.9,-81.80000000000001,-0.8219852031249998,8.923529411764706,47.0,48.0,53.0,50.5,48.0,0.405042484375,444,169
2022,6989,Marquez Callaway,WR,14,42.800000000000004,-81.9,-0.8302159062500003,8.907142857142857,47.0,48.0,53.0,50.5,48.0,0.4034050357142857,448,170
2022,5374,Justin Watson,WR,17,66.5,-84.25,-0.8416378046875002,8.867647058823529,47.411764705882355,48.411764705882355,53.411764705882355,50.911764705882355,48.411764705882355,0.4050726383272059,451,171
2022,8202,Michael Woods,WR,11,10.7,-83.9,-0.8441839921875001,8.6,47.18181818181818,48.18181818181818,53.18181818181818,50.68181818181818,48.18181818181818,0.40266794602272726,452,172
2022,5121,Braxton Berrios,WR,17,67.48,-84.22000000000001,-0.8559965859375,8.923529411764706,47.0,48.0,53.0,50.5,48.0,0.405042484375,455,173
2022,4131,Kenny Golladay,WR,12,21.6,-88.9,-0.8579015000000002,9.208333333333334,47.416666666666664,48.416666666666664,53.416666666666664,50.916666666666664,48.416666666666664,0.4051955078125,456,174
2022,1817,Sammy Watkins,WR,16,55.0,-87.15,-0.8582249296875,8.884375,46.9375,47.9375,52.9375,50.4375,47.9375,0.404616900390625,457,175
2022,7603,Shi Smith,WR,17,67.6,-84.35000000000001,-0.8646064999999998,8.938235294117648,47.0,48.0,53.0,50.5,48.0,0.4066957146139706,459,176
2022,5096,Ray-Ray McCloud,WR,17,67.9,-86.45,-0.8784843906250001,9.079411764705881,47.588235294117645,48.588235294117645,53.588235294117645,51.088235294117645,48.588235294117645,0.4046133396139706,463,177
2022,8175,Reggie Roberson,WR,10,0.0,-88.3,-0.882912421875,8.83,46.5,47.5,52.5,50.0,47.5,0.40402729531250003,466,178
2022,8168,Skyy Moore,WR,16,51.0,-90.35000000000001,-0.8882292812500003,8.834375,47.625,48.625,53.625,51.125,48.625,0.4060993076171875,468,179
2022,6805,KJ Hamler,WR,13,31.200000000000003,-86.95,-0.8930273828125002,9.088461538461539,46.69230769230769,47.69230769230769,52.69230769230769,50.19230769230769,47.69230769230769,0.4034490823317308,473,180
2022,5695,Brandon Powell,WR,17,57.5,-93.85000000000001,-0.90507328125,8.902941176470588,47.1764705882353,48.1764705882353,53.1764705882353,50.6764705882353,48.1764705882353,0.4048225124080882,476,181
2022,3582,Chester Rogers,WR,10,-2.0,-93.75,-0.909967015625,9.175,48.4,49.4,54.4,51.9,49.4,0.40837907890625,477,182
2022,6557,Jeff Smith,WR,13,24.9,-91.65,-0.9126912500000002,8.965384615384616,45.92307692307692,46.92307692307692,51.92307692307692,49.42307692307692,46.92307692307692,0.40531026141826926,478,183
2022,4453,Victor Bolden,WR,10,0.0,-90.35000000000001,-0.9146396640625003,9.035,47.5,48.5,53.5,51.0,48.5,0.4020905234375,480,184
2022,8134,Khalil Shakir,WR,15,37.1,-93.8,-0.9226021875000003,8.726666666666667,47.0,48.0,53.0,50.5,48.0,0.40561496197916663,482,185
2022,2312,Kevin White,WR,12,11.4,-92.7,-0.922747859375,8.674999999999999,46.0,47.0,52.0,49.5,47.0,0.40632944791666664,483,186
2022,8745,Lance McCutcheon,WR,10,0.0,-90.6,-0.9232819062500002,9.059999999999999,47.0,48.0,53.0,50.5,48.0,0.40564446875,484,187
2022,8076,Michael Bandy,WR,13,21.4,-93.05000000000001,-0.9291925703125001,8.803846153846154,48.84615384615385,49.84615384615385,54.84615384615385,52.34615384615385,49.84615384615385,0.4070459014423077,486,188
2022,8232,Jaquarii Roberson,WR,10,0.0,-92.0,-0.931056,9.2,46.5,47.5,52.5,50.0,47.5,0.40214160234375,489,189
2022,8543,Drew Estrada,WR,10,0.0,-94.4,-0.9399809765625,9.440000000000001,45.9,46.9,51.9,49.4,46.9,0.40383785546875,490,190
2022,6744,Greg Ward,WR,11,0.0,-94.1,-0.9461902500000003,8.554545454545455,46.81818181818182,47.81818181818182,52.81818181818182,50.31818181818182,47.81818181818182,0.40397682102272725,494,191
2022,6032,Keelan Doss,WR,11,0.0,-95.05,-0.9582213984375001,8.64090909090909,46.63636363636363,47.63636363636363,52.63636363636363,50.13636363636363,47.63636363636363,0.404869203125,496,192
2022,7540,Amari Rodgers,WR,16,45.0,-97.25,-0.958427578125,8.890625,47.0,48.0,53.0,50.5,48.0,0.4044079345703125,497,193
2022,6960,Tyler Johnson,WR,11,0.0,-96.25,-0.9615889140625001,8.75,46.63636363636363,47.63636363636363,52.63636363636363,50.13636363636363,47.63636363636363,0.40563545738636364,498,194
2022,7337,Easop Winston,WR,11,0.0,-95.45,-0.9634583203125002,8.677272727272728,46.90909090909091,47.90909090909091,52.90909090909091,50.40909090909091,47.90909090909091,0.40442610866477274,499,195
2022,8180,Jalen Nailor,WR,15,37.9,-98.15,-0.9652999843750001,9.07,47.6,48.6,53.6,51.1,48.6,0.40359491354166666,500,196
2022,6427,Ashton Dulin,WR,16,48.900000000000006,-94.7,-0.9654937890625003,8.975,47.5625,48.5625,53.5625,51.0625,48.5625,0.4044617421875,501,197
2022,7587,Dyami Brown,WR,15,39.0,-94.9,-0.9722982734375002,8.926666666666668,46.86666666666667,47.86666666666667,52.86666666666667,50.36666666666667,47.86666666666667,0.40376929687499996,504,198
2022,8118,David Bell,WR,16,48.9,-95.5,-0.9756762734375,9.025,47.6875,48.6875,53.6875,51.1875,48.6875,0.40486824462890625,508,199
2022,6870,Bryan Edwards,WR,12,4.5,-102.65,-0.9906472890625001,8.929166666666667,47.666666666666664,48.666666666666664,53.666666666666664,51.166666666666664,48.666666666666664,0.4044941803385416,514,200
2022,6588,Tom Kennedy,WR,14,26.6,-99.4,-0.9945695390625002,9.0,46.5,47.5,52.5,50.0,47.5,0.40636425948660715,517,201
2022,6290,Scotty Miller,WR,16,46.5,-96.7,-1.0006572500000002,8.950000000000001,47.375,48.375,53.375,50.875,48.375,0.40432502001953124,521,202
2022,5113,Cedrick Wilson,WR,15,29.6,-104.2,-1.0247441171875002,8.92,47.6,48.6,53.6,51.1,48.6,0.40537029270833336,531,203
2022,5962,KeeSean Johnson,WR,12,0.0,-102.05,-1.0252475468750002,8.504166666666666,46.916666666666664,47.916666666666664,52.916666666666664,50.416666666666664,47.916666666666664,0.4041084388020833,532,204
2022,2025,Albert Wilson,WR,12,0.0,-103.6,-1.0314078203125003,8.633333333333333,46.75,47.75,52.75,50.25,47.75,0.4047657604166666,533,205
2022,5007,Keke Coutee,WR,12,1.0,-105.25,-1.0344843671875001,8.854166666666666,46.166666666666664,47.166666666666664,52.166666666666664,49.666666666666664,47.166666666666664,0.40539658463541667,534,206
2022,8571,Ra'Shaun Henry,WR,12,0.0,-102.8,-1.0376368125000002,8.566666666666666,46.5,47.5,52.5,50.0,47.5,0.4034769850260416,536,207
2022,6247,Jason Moore,WR,12,1.5,-105.15,-1.0421682890625001,8.887500000000001,46.25,47.25,52.25,49.75,47.25,0.4054445247395833,537,208
2022,6063,Tyron Billy-Johnson,WR,12,1.8,-105.75,-1.0498129765625,8.9625,46.416666666666664,47.416666666666664,52.416666666666664,49.916666666666664,47.416666666666664,0.402762349609375,539,209
2022,3652,Mike Thomas,WR,13,8.3,-106.75,-1.050291984375,8.850000000000001,45.84615384615385,46.84615384615385,51.84615384615385,49.34615384615385,46.84615384615385,0.4054568070913461,541,210
2022,6395,Trinity Benson,WR,12,0.0,-105.05,-1.0644491718750002,8.754166666666666,47.5,48.5,53.5,51.0,48.5,0.40381211067708334,547,211
2022,7752,Kawaan Baker,WR,12,0.0,-107.35000000000001,-1.0648878515625,8.945833333333335,46.25,47.25,52.25,49.75,47.25,0.40346635546875004,548,212
2022,8527,Dareke Young,WR,13,5.4,-108.05,-1.075297671875,8.726923076923077,47.07692307692308,48.07692307692308,53.07692307692308,50.57692307692308,48.07692307692308,0.40433771694711534,551,213
2022,6985,Dezmon Patmon,WR,13,4.9,-107.75,-1.0815127109375002,8.665384615384616,46.84615384615385,47.84615384615385,52.84615384615385,50.34615384615385,47.84615384615385,0.4034983335336539,556,214
2022,7085,Isaiah Coulter,WR,12,0.0,-107.0,-1.084204734375,8.916666666666666,48.0,49.0,54.0,51.5,49.0,0.40421227083333333,557,215
2022,5134,Keith Kirkwood,WR,13,4.300000000000001,-108.1,-1.0844238359375002,8.646153846153847,46.46153846153846,47.46153846153846,52.46153846153846,49.96153846153846,47.46153846153846,0.40508351021634614,558,216
2022,4622,Keelan Cole,WR,16,33.6,-109.8,-1.0891081328125,8.9625,47.125,48.125,53.125,50.625,48.125,0.40477665478515623,561,217
2022,5773,KhaDarel Hodge,WR,17,44.2,-107.9,-1.094018453125,8.947058823529412,46.88235294117647,47.88235294117647,52.88235294117647,50.38235294117647,47.88235294117647,0.4043767803308823,566,218
2022,4491,Marcus Kemp,WR,13,0.0,-110.95,-1.1154790312500003,8.534615384615385,47.15384615384615,48.15384615384615,53.15384615384615,50.65384615384615,48.15384615384615,0.40515365384615387,571,219
2022,4319,Zach Pascal,WR,17,40.2,-111.15,-1.1170486796875,8.902941176470588,47.1764705882353,48.1764705882353,53.1764705882353,50.6764705882353,48.1764705882353,0.4048225124080882,572,220
2022,4878,Brandon Zylstra,WR,13,0.0,-112.4,-1.1203960703125002,8.646153846153847,46.92307692307692,47.92307692307692,52.92307692307692,50.42307692307692,47.92307692307692,0.4052498539663461,574,221
2022,6380,Davion Davis,WR,13,0.0,-112.4,-1.1203960703125002,8.646153846153847,46.92307692307692,47.92307692307692,52.92307692307692,50.42307692307692,47.92307692307692,0.4052498539663461,575,222
2022,5199,Byron Pringle,WR,17,38.5,-113.60000000000001,-1.12221171875,8.947058823529412,46.88235294117647,47.88235294117647,52.88235294117647,50.38235294117647,47.88235294117647,0.4043767803308823,577,223
2022,2821,Jake Kumerow,WR,14,12.4,-112.0,-1.1327089609375003,8.885714285714286,47.357142857142854,48.357142857142854,53.357142857142854,50.857142857142854,48.357142857142854,0.4032327020089285,580,224
2022,5130,Auden Tate,WR,13,0.0,-114.0,-1.13338009375,8.76923076923077,48.0,49.0,54.0,51.5,49.0,0.4045840450721154,581,225
2022,3200,Sterling Shepard,WR,17,38.900000000000006,-115.45,-1.1417617109375002,9.079411764705881,47.588235294117645,48.588235294117645,53.588235294117645,51.088235294117645,48.588235294117645,0.4046133396139706,583,226
2022,5828,Diontae Spencer,WR,13,0.0,-114.65,-1.1559788203125003,8.819230769230769,46.53846153846154,47.53846153846154,52.53846153846154,50.03846153846154,47.53846153846154,0.40550650240384617,590,227
2022,7751,Dax Milne,WR,15,16.2,-117.25,-1.1631325390625,8.896666666666668,46.266666666666666,47.266666666666666,52.266666666666666,49.766666666666666,47.266666666666666,0.4052528536458333,592,228
2022,8171,Kyle Philips,WR,15,13.3,-119.7,-1.1701206796875003,8.866666666666667,47.0,48.0,53.0,50.5,48.0,0.40538767239583334,593,229
2022,8005,Tarik Black,WR,13,0.0,-116.75,-1.1716298671875,8.98076923076923,47.53846153846154,48.53846153846154,53.53846153846154,51.03846153846154,48.53846153846154,0.40469950841346153,594,230
2022,7530,Frank Darby,WR,14,3.0,-120.5,-1.174756546875,8.821428571428571,46.285714285714285,47.285714285714285,52.285714285714285,49.785714285714285,47.285714285714285,0.4055898532366071,597,231
2022,6957,James Proche,WR,15,13.200000000000001,-118.25,-1.1868098203125,8.763333333333332,46.6,47.6,52.6,50.1,47.6,0.4057570885416667,599,232
2022,6798,Jalen Reagor,WR,17,30.200000000000003,-121.15,-1.19200675,8.902941176470588,47.1764705882353,48.1764705882353,53.1764705882353,50.6764705882353,48.1764705882353,0.4048225124080882,602,233
2022,7595,Tylan Wallace,WR,14,7.8,-119.9,-1.199838453125,9.121428571428572,47.357142857142854,48.357142857142854,53.357142857142854,50.857142857142854,48.357142857142854,0.40380296484375,604,234
2022,7086,John Hightower,WR,14,0.0,-120.45,-1.2013546406250002,8.60357142857143,47.0,48.0,53.0,50.5,48.0,0.4060515753348214,605,235
2022,7713,Jaelon Darden,WR,14,5.5,-120.75,-1.2054119687500002,9.017857142857142,47.0,48.0,53.0,50.5,48.0,0.40466526004464287,607,236
2022,7032,Tyrie Cleveland,WR,14,5.300000000000001,-119.75,-1.20837540625,8.932142857142857,47.857142857142854,48.857142857142854,53.857142857142854,51.357142857142854,48.857142857142854,0.40416314229910716,608,237
2022,4344,C.J. Board,WR,14,1.6,-122.65,-1.22699621875,8.875,46.42857142857143,47.42857142857143,52.42857142857143,49.92857142857143,47.42857142857143,0.40449625892857144,610,238
2022,7533,Anthony Schwartz,WR,16,21.1,-124.45,-1.2276888671875001,9.096875,47.5,48.5,53.5,51.0,48.5,0.4042104873046875,611,239
2022,8176,Danny Gray,WR,14,3.6,-123.25,-1.2371274453125,9.060714285714287,47.714285714285715,48.714285714285715,53.714285714285715,51.214285714285715,48.714285714285715,0.40378564955357144,616,240
2022,3155,Laquon Treadwell,WR,15,11.7,-122.10000000000001,-1.2383506953125,8.92,47.46666666666667,48.46666666666667,53.46666666666667,50.96666666666667,48.46666666666667,0.4044449296875,619,241
2022,2381,Chris Conley,WR,15,9.600000000000001,-125.85000000000001,-1.2496555390625,9.03,46.8,47.8,52.8,50.3,47.8,0.40456976302083336,623,242
2022,7944,Michael Strachan,WR,15,10.4,-125.8,-1.2550789375,9.080000000000002,46.46666666666667,47.46666666666667,52.46666666666667,49.96666666666667,47.46666666666667,0.4040646,624,243
2022,5024,James Washington,WR,14,0.0,-128.0,-1.2564996796875,9.142857142857142,48.857142857142854,49.857142857142854,54.857142857142854,52.357142857142854,49.857142857142854,0.4060231071428571,625,244
2022,8663,Jared Bernhardt,WR,14,0.0,-125.15,-1.2602130000000002,8.939285714285715,47.0,48.0,53.0,50.5,48.0,0.4026914559151786,626,245
2022,7135,Freddie Swain,WR,16,13.9,-130.3,-1.27459878125,9.012500000000001,47.9375,48.9375,53.9375,51.4375,48.9375,0.4052442177734375,630,246
2022,5661,Chris Lacy,WR,15,0.0,-132.75,-1.2805317890625,8.85,47.4,48.4,53.4,50.9,48.4,0.40644617552083334,632,247
2022,8475,Montrell Washington,WR,15,6.2,-130.25,-1.2815756484375,9.096666666666668,48.6,49.6,54.6,52.1,49.6,0.4057842302083333,633,248
2022,6699,Gunner Olszewski,WR,16,15.8,-129.05,-1.2984929375000003,9.053125,47.6875,48.6875,53.6875,51.1875,48.6875,0.40406141748046875,638,249
2022,3445,Marcus Johnson,WR,17,21.9,-132.45000000000002,-1.3029505781250004,9.079411764705881,47.588235294117645,48.588235294117645,53.588235294117645,51.088235294117645,48.588235294117645,0.4046133396139706,641,250
2022,7237,Scotty Washington,WR,15,0.0,-131.8,-1.3136771796875002,8.786666666666667,46.666666666666664,47.666666666666664,52.666666666666664,50.166666666666664,47.666666666666664,0.4053213885416667,644,251
2022,8204,Bo Melton,WR,15,0.0,-134.8,-1.3137962500000002,8.986666666666668,48.2,49.2,54.2,51.7,49.2,0.4063507703125,645,252
2022,4420,Cody Hollister,WR,16,9.4,-134.6,-1.3259425000000002,9.0,46.9375,47.9375,52.9375,50.4375,47.9375,0.40676693212890624,648,253
2022,6069,Stanley Morgan,WR,15,0.0,-133.5,-1.3284624218750003,8.9,47.0,48.0,53.0,50.5,48.0,0.4045237614583333,650,254
2022,8148,Jameson Williams,WR,17,18.8,-133.4,-1.3308410781250002,8.952941176470588,47.23529411764706,48.23529411764706,53.23529411764706,50.73529411764706,48.23529411764706,0.40514620312500005,652,255
2022,5432,Cam Sims,WR,17,19.400000000000002,-132.7,-1.3339088359375,8.947058823529412,46.88235294117647,47.88235294117647,52.88235294117647,50.38235294117647,47.88235294117647,0.4043767803308823,653,256
2022,5915,Andy Isabella,WR,16,5.4,-136.45,-1.3620914765625,8.865625,46.75,47.75,52.75,50.25,47.75,0.405122982421875,660,257
2022,7612,Dee Eskridge,WR,17,16.2,-136.5,-1.3624366562500003,8.982352941176472,47.23529411764706,48.23529411764706,53.23529411764706,50.73529411764706,48.23529411764706,0.4051132279411765,661,258
2022,8253,Deven Thompkins,WR,17,12.200000000000001,-140.5,-1.3637321328125003,8.982352941176472,47.23529411764706,48.23529411764706,53.23529411764706,50.73529411764706,48.23529411764706,0.4051132279411765,662,259
2022,2410,Jamison Crowder,WR,17,14.0,-137.35,-1.3642158281250003,8.902941176470588,47.1764705882353,48.1764705882353,53.1764705882353,50.6764705882353,48.1764705882353,0.4048225124080882,663,260
2022,7233,Andre Baccellia,WR,17,13.5,-138.45000000000002,-1.3658640390625,8.938235294117648,47.0,48.0,53.0,50.5,48.0,0.4066957146139706,665,261
2022,7989,DJ Turner,WR,16,3.9000000000000004,-138.35,-1.3724536640625002,8.890625,47.3125,48.3125,53.3125,50.8125,48.3125,0.40543441210937503,667,262
2022,8178,Braylon Sanders,WR,16,1.7000000000000002,-141.6,-1.37551525,8.95625,47.4375,48.4375,53.4375,50.9375,48.4375,0.40614243408203127,668,263
2022,8861,Irv Charles,WR,16,0.0,-142.3,-1.3763551015625002,8.89375,47.1875,48.1875,53.1875,50.6875,48.1875,0.40606726904296875,670,264
2022,4218,Trent Taylor,WR,17,13.0,-138.7,-1.3840242421875,8.923529411764706,47.0,48.0,53.0,50.5,48.0,0.405042484375,671,265
2022,6234,Deonte Harty,WR,16,1.2999999999999998,-140.4,-1.3841919453125002,8.85625,46.75,47.75,52.75,50.25,47.75,0.4049246171875,672,266
2022,5289,Cameron Batson,WR,16,0.0,-142.70000000000002,-1.3852935703125002,8.918750000000001,47.0625,48.0625,53.0625,50.5625,48.0625,0.40535995849609374,674,267
2022,7351,Kirk Merritt,WR,16,0.0,-142.70000000000002,-1.3852935703125002,8.918750000000001,47.0625,48.0625,53.0625,50.5625,48.0625,0.40535995849609374,675,268
2022,6421,Jalen Guyton,WR,17,10.4,-140.35,-1.3891024687500002,8.867647058823529,47.411764705882355,48.411764705882355,53.411764705882355,50.911764705882355,48.411764705882355,0.4050726383272059,676,269
2022,5965,Miles Boykin,WR,16,3.6,-140.3,-1.3937825234375,8.99375,47.375,48.375,53.375,50.875,48.375,0.40387680322265623,680,270
2022,5111,Javon Wims,WR,16,0.0,-141.9,-1.39575034375,8.86875,46.9375,47.9375,52.9375,50.4375,47.9375,0.4069800161132813,682,271
2022,8419,Stanley Berryhill,WR,16,0.0,-140.25,-1.3992146328125001,8.765625,47.0,48.0,53.0,50.5,48.0,0.405446267578125,684,272
2022,7789,Jalen Camp,WR,16,2.2,-140.6,-1.4053696718750002,8.925,47.375,48.375,53.375,50.875,48.375,0.4050424135742188,686,273
2022,5102,Daurice Fountain,WR,16,0.0,-142.05,-1.4080600078125003,8.878125,46.8125,47.8125,52.8125,50.3125,47.8125,0.4045161484375,694,274
2022,4551,Tanner Gentry,WR,16,0.0,-141.5,-1.4125298515625002,8.84375,46.9375,47.9375,52.9375,50.4375,47.9375,0.40488926220703125,704,275
2022,8732,Raleigh Webb,WR,16,0.0,-143.25,-1.4221948828125002,8.953125,47.125,48.125,53.125,50.625,48.125,0.405205142578125,711,276
2022,5260,Vyncint Smith,WR,16,0.0,-144.15,-1.4313061796875002,9.009375,46.8125,47.8125,52.8125,50.3125,47.8125,0.404303064453125,720,277
2022,1911,Willie Snead,WR,16,0.0,-144.3,-1.4348723671875,9.01875,47.5625,48.5625,53.5625,51.0625,48.5625,0.40476749267578127,727,278
2022,7793,Racey McMath,WR,17,7.1,-145.1,-1.4423916250000002,8.952941176470588,47.23529411764706,48.23529411764706,53.23529411764706,50.73529411764706,48.23529411764706,0.40514620312500005,729,279
2022,7956,Cade Johnson,WR,17,5.1,-147.6,-1.4498126093750001,8.982352941176472,47.23529411764706,48.23529411764706,53.23529411764706,50.73529411764706,48.23529411764706,0.4051132279411765,737,280
2022,8013,Tim Jones,WR,17,6.5,-146.2,-1.4511315468750001,8.982352941176472,47.23529411764706,48.23529411764706,53.23529411764706,50.73529411764706,48.23529411764706,0.4051132279411765,738,281
2022,7746,Austin Trammell,WR,17,3.8,-147.55,-1.4606778906250002,8.902941176470588,47.1764705882353,48.1764705882353,53.1764705882353,50.6764705882353,48.1764705882353,0.4048225124080882,740,282
2022,6895,Quintez Cephus,WR,17,4.0,-148.20000000000002,-1.4725362031250004,8.952941176470588,47.23529411764706,48.23529411764706,53.23529411764706,50.73529411764706,48.23529411764706,0.40514620312500005,742,283
2022,6387,Nsimba Webster,WR,17,3.9000000000000004,-148.20000000000002,-1.4733359609375,8.947058823529412,46.88235294117647,47.88235294117647,52.88235294117647,50.38235294117647,47.88235294117647,0.4043767803308823,743,284
2022,7703,Jacob Harris,WR,17,2.1,-149.25,-1.476723578125,8.902941176470588,47.1764705882353,48.1764705882353,53.1764705882353,50.6764705882353,48.1764705882353,0.4048225124080882,744,285
2022,7812,Simi Fehoko,WR,17,5.9,-148.45,-1.477950453125,9.079411764705881,47.588235294117645,48.588235294117645,53.588235294117645,51.088235294117645,48.588235294117645,0.4046133396139706,745,286
2022,6223,Juwann Winfree,WR,17,3.2,-148.9,-1.4790811953125003,8.947058823529412,46.88235294117647,47.88235294117647,52.88235294117647,50.38235294117647,47.88235294117647,0.4043767803308823,746,287
2022,8928,Daylen Baldwin,WR,17,5.5,-148.85,-1.4844620937500002,9.079411764705881,47.588235294117645,48.588235294117645,53.588235294117645,51.088235294117645,48.588235294117645,0.4046133396139706,747,288
2022,8921,Maurice Alexander,WR,17,1.7000000000000002,-150.5,-1.4932480390625003,8.952941176470588,47.23529411764706,48.23529411764706,53.23529411764706,50.73529411764706,48.23529411764706,0.40514620312500005,749,289
2022,7436,Mason Kinsey,WR,17,1.3,-150.9,-1.4952438281250002,8.952941176470588,47.23529411764706,48.23529411764706,53.23529411764706,50.73529411764706,48.23529411764706,0.40514620312500005,750,290
2022,7559,Ihmir Smith-Marsette,WR,17,0.6,-150.15,-1.4977413828125001,8.867647058823529,47.411764705882355,48.411764705882355,53.411764705882355,50.911764705882355,48.411764705882355,0.4050726383272059,752,291
2022,6088,Bisi Johnson,WR,17,0.0,-151.35,-1.4979742109375003,8.902941176470588,47.1764705882353,48.1764705882353,53.1764705882353,50.6764705882353,48.1764705882353,0.4048225124080882,753,292
2022,7009,Trishton Jackson,WR,17,0.0,-151.35,-1.4979742109375003,8.902941176470588,47.1764705882353,48.1764705882353,53.1764705882353,50.6764705882353,48.1764705882353,0.4048225124080882,754,293
2022,7357,Dan Chisena,WR,17,0.0,-151.35,-1.4979742109375003,8.902941176470588,47.1764705882353,48.1764705882353,53.1764705882353,50.6764705882353,48.1764705882353,0.4048225124080882,755,294
2022,7552,Blake Proehl,WR,17,0.0,-151.35,-1.4979742109375003,8.902941176470588,47.1764705882353,48.1764705882353,53.1764705882353,50.6764705882353,48.1764705882353,0.4048225124080882,756,295
2022,7556,Marquez Stevenson,WR,17,0.0,-151.35,-1.4979742109375003,8.902941176470588,47.1764705882353,48.1764705882353,53.1764705882353,50.6764705882353,48.1764705882353,0.4048225124080882,757,296
2022,8411,Devon Allen,WR,17,0.0,-151.35,-1.4979742109375003,8.902941176470588,47.1764705882353,48.1764705882353,53.1764705882353,50.6764705882353,48.1764705882353,0.4048225124080882,758,297
2022,8414,Britain Covey,WR,17,0.0,-151.35,-1.4979742109375003,8.902941176470588,47.1764705882353,48.1764705882353,53.1764705882353,50.6764705882353,48.1764705882353,0.4048225124080882,759,298
2022,8437,Thomas Hennigan,WR,17,0.0,-151.35,-1.4979742109375003,8.902941176470588,47.1764705882353,48.1764705882353,53.1764705882353,50.6764705882353,48.1764705882353,0.4048225124080882,760,299
2022,6148,Preston Williams,WR,17,0.0,-151.95000000000002,-1.4980538125000002,8.938235294117648,47.0,48.0,53.0,50.5,48.0,0.4066957146139706,761,300
2022,6165,Antoine Wesley,WR,17,0.0,-151.95000000000002,-1.4980538125000002,8.938235294117648,47.0,48.0,53.0,50.5,48.0,0.4066957146139706,762,301
2022,627,Andre Roberts,WR,17,0.0,-151.95000000000002,-1.4980538125000002,8.938235294117648,47.0,48.0,53.0,50.5,48.0,0.4066957146139706,763,302
2022,8068,C.J. Saunders,WR,17,0.0,-151.95000000000002,-1.4980538125000002,8.938235294117648,47.0,48.0,53.0,50.5,48.0,0.4066957146139706,764,303
2022,8570,Derek Wright,WR,17,0.0,-151.95000000000002,-1.4980538125000002,8.938235294117648,47.0,48.0,53.0,50.5,48.0,0.4066957146139706,765,304
2022,312,Matthew Slater,WR,17,0.0,-151.70000000000002,-1.5014250078125002,8.923529411764706,47.0,48.0,53.0,50.5,48.0,0.405042484375,766,305
2022,6909,Lynn Bowden,WR,17,0.0,-151.70000000000002,-1.5014250078125002,8.923529411764706,47.0,48.0,53.0,50.5,48.0,0.405042484375,767,306
2022,6939,Binjimen Victor,WR,17,0.0,-151.70000000000002,-1.5014250078125002,8.923529411764706,47.0,48.0,53.0,50.5,48.0,0.405042484375,768,307
2022,7438,Kristian Wilkerson,WR,17,0.0,-151.70000000000002,-1.5014250078125002,8.923529411764706,47.0,48.0,53.0,50.5,48.0,0.405042484375,769,308
2022,7546,Tre Nixon,WR,17,0.0,-151.70000000000002,-1.5014250078125002,8.923529411764706,47.0,48.0,53.0,50.5,48.0,0.405042484375,770,309
2022,8435,Kwamie Lassiter,WR,17,0.0,-151.70000000000002,-1.5014250078125002,8.923529411764706,47.0,48.0,53.0,50.5,48.0,0.405042484375,771,310
2022,8801,Dennis Houston,WR,17,3.6,-150.75,-1.5018630703125002,9.079411764705881,47.588235294117645,48.588235294117645,53.588235294117645,51.088235294117645,48.588235294117645,0.4046133396139706,772,311
2022,6913,Joe Reed,WR,17,0.0,-150.75,-1.5029881250000003,8.867647058823529,47.411764705882355,48.411764705882355,53.411764705882355,50.911764705882355,48.411764705882355,0.4050726383272059,773,312
2022,7541,Cornell Powell,WR,17,0.0,-150.75,-1.5029881250000003,8.867647058823529,47.411764705882355,48.411764705882355,53.411764705882355,50.911764705882355,48.411764705882355,0.4050726383272059,774,313
2022,8140,Justyn Ross,WR,17,0.0,-150.75,-1.5029881250000003,8.867647058823529,47.411764705882355,48.411764705882355,53.411764705882355,50.911764705882355,48.411764705882355,0.4050726383272059,775,314
2022,7458,Isaiah Zuber,WR,17,0.0,-152.20000000000002,-1.5079051640625003,8.952941176470588,47.23529411764706,48.23529411764706,53.23529411764706,50.73529411764706,48.23529411764706,0.40514620312500005,777,315
2022,7729,Dez Fitzpatrick,WR,17,0.0,-152.20000000000002,-1.5079051640625003,8.952941176470588,47.23529411764706,48.23529411764706,53.23529411764706,50.73529411764706,48.23529411764706,0.40514620312500005,778,316
2022,7996,Dillon Stoner,WR,17,0.0,-152.20000000000002,-1.5079051640625003,8.952941176470588,47.23529411764706,48.23529411764706,53.23529411764706,50.73529411764706,48.23529411764706,0.40514620312500005,779,317
2022,8147,John Metchie,WR,17,0.0,-152.20000000000002,-1.5079051640625003,8.952941176470588,47.23529411764706,48.23529411764706,53.23529411764706,50.73529411764706,48.23529411764706,0.40514620312500005,780,318
2022,8185,Johnny Johnson,WR,17,0.0,-152.20000000000002,-1.5079051640625003,8.952941176470588,47.23529411764706,48.23529411764706,53.23529411764706,50.73529411764706,48.23529411764706,0.40514620312500005,781,319
2022,3433,Alex Erickson,WR,17,0.0,-152.1,-1.5103634765625003,8.947058823529412,46.88235294117647,47.88235294117647,52.88235294117647,50.38235294117647,47.88235294117647,0.4043767803308823,782,320
2022,3568,Marken Michel,WR,17,0.0,-152.1,-1.5103634765625003,8.947058823529412,46.88235294117647,47.88235294117647,52.88235294117647,50.38235294117647,47.88235294117647,0.4043767803308823,783,321
2022,6059,Travis Fulgham,WR,17,0.0,-152.1,-1.5103634765625003,8.947058823529412,46.88235294117647,47.88235294117647,52.88235294117647,50.38235294117647,47.88235294117647,0.4043767803308823,784,322
2022,8595,Kyric McGowan,WR,17,0.0,-152.1,-1.5103634765625003,8.947058823529412,46.88235294117647,47.88235294117647,52.88235294117647,50.38235294117647,47.88235294117647,0.4043767803308823,785,323
2022,8831,Ethan Fernea,WR,17,0.0,-152.1,-1.5103634765625003,8.947058823529412,46.88235294117647,47.88235294117647,52.88235294117647,50.38235294117647,47.88235294117647,0.4043767803308823,786,324
2022,8931,Josh Ali,WR,17,0.0,-152.1,-1.5103634765625003,8.947058823529412,46.88235294117647,47.88235294117647,52.88235294117647,50.38235294117647,47.88235294117647,0.4043767803308823,787,325
2022,4981,Calvin Ridley,WR,17,0.0,-152.70000000000002,-1.5152422812500002,8.982352941176472,47.23529411764706,48.23529411764706,53.23529411764706,50.73529411764706,48.23529411764706,0.4051132279411765,788,326
2022,6171,Cody Thompson,WR,17,0.0,-152.70000000000002,-1.5152422812500002,8.982352941176472,47.23529411764706,48.23529411764706,53.23529411764706,50.73529411764706,48.23529411764706,0.4051132279411765,789,327
2022,7191,Jaylon Moore,WR,17,0.0,-152.70000000000002,-1.5152422812500002,8.982352941176472,47.23529411764706,48.23529411764706,53.23529411764706,50.73529411764706,48.23529411764706,0.4051132279411765,790,328
2022,7534,Seth Williams,WR,17,0.0,-152.70000000000002,-1.5152422812500002,8.982352941176472,47.23529411764706,48.23529411764706,53.23529411764706,50.73529411764706,48.23529411764706,0.4051132279411765,791,329
2022,8200,Kevin Austin,WR,17,0.0,-152.70000000000002,-1.5152422812500002,8.982352941176472,47.23529411764706,48.23529411764706,53.23529411764706,50.73529411764706,48.23529411764706,0.4051132279411765,792,330
2022,8863,Kaylon Geiger,WR,17,0.0,-152.70000000000002,-1.5152422812500002,8.982352941176472,47.23529411764706,48.23529411764706,53.23529411764706,50.73529411764706,48.23529411764706,0.4051132279411765,793,331
2022,7039,Cody White,WR,17,1.2,-153.15,-1.5251573437500001,9.079411764705881,47.588235294117645,48.588235294117645,53.588235294117645,51.088235294117645,48.588235294117645,0.4046133396139706,795,332
2022,8917,KaVontae Turpin,WR,17,0.7000000000000002,-153.65,-1.5358641562500002,9.079411764705881,47.588235294117645,48.588235294117645,53.588235294117645,51.088235294117645,48.588235294117645,0.4046133396139706,798,333
2022,3342,Jakeem Grant,WR,17,0.0,-154.35,-1.5371758359375,9.079411764705881,47.588235294117645,48.588235294117645,53.588235294117645,51.088235294117645,48.588235294117645,0.4046133396139706,799,334
2022,4351,Tim Patrick,WR,17,0.0,-154.35,-1.5371758359375,9.079411764705881,47.588235294117645,48.588235294117645,53.588235294117645,51.088235294117645,48.588235294117645,0.4046133396139706,800,335
2022,5013,Anthony Miller,WR,17,0.0,-154.35,-1.5371758359375,9.079411764705881,47.588235294117645,48.588235294117645,53.588235294117645,51.088235294117645,48.588235294117645,0.4046133396139706,801,336
2022,6857,Collin Johnson,WR,17,0.0,-154.35,-1.5371758359375,9.079411764705881,47.588235294117645,48.588235294117645,53.588235294117645,51.088235294117645,48.588235294117645,0.4046133396139706,802,337
2022,7865,Brandon Smith,WR,17,0.0,-154.35,-1.5371758359375,9.079411764705881,47.588235294117645,48.588235294117645,53.588235294117645,51.088235294117645,48.588235294117645,0.4046133396139706,803,338
2022,8125,Calvin Austin,WR,17,0.0,-154.35,-1.5371758359375,9.079411764705881,47.588235294117645,48.588235294117645,53.588235294117645,51.088235294117645,48.588235294117645,0.4046133396139706,804,339
2022,8166,Dontario Drummond,WR,17,0.0,-154.35,-1.5371758359375,9.079411764705881,47.588235294117645,48.588235294117645,53.588235294117645,51.088235294117645,48.588235294117645,0.4046133396139706,805,340
2022,8209,Makai Polk,WR,17,0.0,-154.35,-1.5371758359375,9.079411764705881,47.588235294117645,48.588235294117645,53.588235294117645,51.088235294117645,48.588235294117645,0.4046133396139706,806,341
2022,8229,Isaiah Weston,WR,17,0.0,-154.35,-1.5371758359375,9.079411764705881,47.588235294117645,48.588235294117645,53.588235294117645,51.088235294117645,48.588235294117645,0.4046133396139706,807,342
2022,8248,Kalil Pimpleton,WR,17,0.0,-154.35,-1.5371758359375,9.079411764705881,47.588235294117645,48.588235294117645,53.588235294117645,51.088235294117645,48.588235294117645,0.4046133396139706,808,343
2022,8250,Tay Martin,WR,17,0.0,-154.35,-1.5371758359375,9.079411764705881,47.588235294117645,48.588235294117645,53.588235294117645,51.088235294117645,48.588235294117645,0.4046133396139706,809,344
2022,8421,Mike Harley,WR,17,0.0,-154.35,-1.5371758359375,9.079411764705881,47.588235294117645,48.588235294117645,53.588235294117645,51.088235294117645,48.588235294117645,0.4046133396139706,810,345
2022,5781,Malik Turner,WR,18,0.0,-160.15,-1.5869624609375002,8.897222222222222,47.27777777777778,48.27777777777778,53.27777777777778,50.77777777777778,48.27777777777778,0.4051689826388889,814,346
2023,6786,CeeDee Lamb,WR,17,457.0,309.8,3.1009335859375,8.658823529411766,46.705882352941174,47.705882352941174,52.705882352941174,50.205882352941174,47.705882352941174,0.40123108088235293,11,1
2023,3321,Tyreek Hill,WR,16,441.6,303.3,3.0270828046875,8.64375,46.9375,47.9375,52.9375,50.4375,47.9375,0.40149390136718754,12,2
2023,7547,Amon-Ra St. Brown,WR,16,378.2,238.45,2.4521102578125,8.734375,46.625,47.625,52.625,50.125,47.625,0.3995503486328125,19,3
2023,1479,Keenan Allen,WR,13,315.76,205.91,2.0562286796875,8.450000000000001,47.23076923076923,48.23076923076923,53.23076923076923,50.73076923076923,48.23076923076923,0.40278383533653844,34,4
2023,9493,Puka Nacua,WR,17,346.4,199.3,2.0143273203125,8.652941176470588,46.88235294117647,47.88235294117647,52.88235294117647,50.38235294117647,47.88235294117647,0.401357,35,5
2023,5859,A.J. Brown,WR,17,333.1,186.0,1.7869714765625,8.652941176470588,46.88235294117647,47.88235294117647,52.88235294117647,50.38235294117647,47.88235294117647,0.401357,43,6
2023,4983,DJ Moore,WR,17,325.3,175.9,1.7147341796874997,8.788235294117648,46.64705882352941,47.64705882352941,52.64705882352941,50.14705882352941,47.64705882352941,0.4028021746323529,46,7
2023,2216,Mike Evans,WR,17,315.0,167.5,1.6904679296874994,8.676470588235293,46.470588235294116,47.470588235294116,52.470588235294116,49.970588235294116,47.470588235294116,0.4011163474264706,47,8
2023,7569,Nico Collins,WR,15,297.1,166.55,1.6467266562499996,8.703333333333335,46.86666666666667,47.86666666666667,52.86666666666667,50.36666666666667,47.86666666666667,0.40063204999999996,50,9
2023,6803,Brandon Aiyuk,WR,16,288.2,150.65,1.6028192890624995,8.596875,46.6875,47.6875,52.6875,50.1875,47.6875,0.399797490234375,52,10
2023,2449,Stefon Diggs,WR,17,308.5,159.10000000000002,1.5858887343749994,8.788235294117648,46.64705882352941,47.64705882352941,52.64705882352941,50.14705882352941,47.64705882352941,0.4028021746323529,53,11
2023,5872,Deebo Samuel,WR,15,281.1,151.5,1.5181249765625,8.639999999999999,46.733333333333334,47.733333333333334,52.733333333333334,50.233333333333334,47.733333333333334,0.3989978583333334,56,12
2023,6819,Michael Pittman,WR,16,282.7,146.2,1.516577046875,8.53125,47.0,48.0,53.0,50.5,48.0,0.4028725219726563,57,13
2023,2133,Davante Adams,WR,17,296.90000000000003,147.5,1.4815984062499998,8.788235294117648,46.64705882352941,47.64705882352941,52.64705882352941,50.14705882352941,47.64705882352941,0.4028021746323529,59,14
2023,7564,Ja'Marr Chase,WR,16,306.82,170.07,1.4791151718749997,8.546875,47.0,48.0,53.0,50.5,48.0,0.40186427050781254,60,15
2023,2309,Amari Cooper,WR,15,268.5,139.39999999999998,1.36665378125,8.606666666666666,46.8,47.8,52.8,50.3,47.8,0.401763765625,69,16
2023,8144,Chris Olave,WR,16,265.3,127.15,1.3311544531249995,8.634375,46.75,47.75,52.75,50.25,47.75,0.4023683637695313,70,17
2023,7525,DeVonta Smith,WR,16,254.6,116.25,1.2241074296874996,8.646875,47.0625,48.0625,53.0625,50.5625,48.0625,0.40169952148437504,75,18
2023,4981,Calvin Ridley,WR,17,261.7,114.5,1.2147355703124996,8.658823529411766,46.94117647058823,47.94117647058823,52.94117647058823,50.44117647058823,47.94117647058823,0.4005398658088235,76,19
2023,5846,DK Metcalf,WR,16,256.4,116.65,1.1550756249999998,8.734375,46.375,47.375,52.375,49.875,47.375,0.40028476464843754,79,20
2023,1689,Adam Thielen,WR,17,260.2,113.0,1.1265939531249998,8.658823529411766,46.705882352941174,47.705882352941174,52.705882352941174,50.205882352941174,47.705882352941174,0.40123108088235293,82,21
2023,7526,Jaylen Waddle,WR,14,228.20000000000002,109.15,1.1200615781249996,8.50357142857143,47.0,48.0,53.0,50.5,48.0,0.4012949787946429,84,22
2023,5947,Jakobi Meyers,WR,16,241.38,102.28,1.0832153671874998,8.69375,46.1875,47.1875,52.1875,49.6875,47.1875,0.4038920947265625,85,23
2023,10222,Jayden Reed,WR,16,237.4,100.55,1.08065278125,8.553125,47.0,48.0,53.0,50.5,48.0,0.40343370605468754,86,24
2023,1426,DeAndre Hopkins,WR,17,255.0,107.79999999999998,1.0675131015624997,8.658823529411766,46.705882352941174,47.705882352941174,52.705882352941174,50.205882352941174,47.705882352941174,0.40123108088235293,89,25
2023,9997,Zay Flowers,WR,16,233.0,92.35,1.0141000390625,8.790625,46.8125,47.8125,52.8125,50.3125,47.8125,0.40323501953125,93,26
2023,8146,Garrett Wilson,WR,17,242.0,94.8,1.0025409843749997,8.658823529411766,46.705882352941174,47.705882352941174,52.705882352941174,50.205882352941174,47.705882352941174,0.40123108088235293,95,27
2023,10229,Rashee Rice,WR,16,234.2,95.85,0.9825117265624995,8.646875,47.0625,48.0625,53.0625,50.5625,48.0625,0.40169952148437504,96,28
2023,8137,George Pickens,WR,17,246.9,99.6,0.9794488828124999,8.664705882352942,46.705882352941174,47.705882352941174,52.705882352941174,50.205882352941174,47.705882352941174,0.40270819669117647,97,29
2023,9756,Jordan Addison,WR,17,245.5,96.1,0.9545738359374994,8.788235294117648,46.64705882352941,47.64705882352941,52.64705882352941,50.14705882352941,47.64705882352941,0.4028021746323529,98,30
2023,4037,Chris Godwin,WR,17,241.0,93.5,0.9510580859374997,8.676470588235293,46.470588235294116,47.470588235294116,52.470588235294116,49.970588235294116,47.470588235294116,0.4011163474264706,99,31
2023,5927,Terry McLaurin,WR,17,233.70000000000002,87.35000000000001,0.8848984999999997,8.608823529411765,47.294117647058826,48.294117647058826,53.294117647058826,50.794117647058826,48.294117647058826,0.4025819136029412,106,32
2023,6794,Justin Jefferson,WR,17,233.9,84.5,0.8727464453124999,8.788235294117648,46.64705882352941,47.64705882352941,52.64705882352941,50.14705882352941,47.64705882352941,0.4028021746323529,108,33
2023,2374,Tyler Lockett,WR,17,223.4,75.9,0.7907716328124998,8.676470588235293,46.470588235294116,47.470588235294116,52.470588235294116,49.970588235294116,47.470588235294116,0.4011163474264706,109,34
2023,5045,Courtland Sutton,WR,16,207.70000000000002,70.15,0.7295015312499997,8.596875,47.125,48.125,53.125,50.625,48.125,0.4007833095703125,112,35
2023,8112,Drake London,WR,16,199.88,60.68,0.6802281718749996,8.700000000000001,46.875,47.875,52.875,50.375,47.875,0.4006805043945313,116,36
2023,6801,Tee Higgins,WR,12,157.6,52.0,0.5559765390624998,8.8,46.583333333333336,47.583333333333336,52.583333333333336,50.083333333333336,47.583333333333336,0.39916456315104165,125,37
2023,9502,Tank Dell,WR,16,190.2,50.64999999999999,0.5486433359374998,8.721875,46.625,47.625,52.625,50.125,47.625,0.4019761044921875,127,38
2023,2197,Brandin Cooks,WR,16,190.7,53.79999999999998,0.5375018125,8.55625,46.25,47.25,52.25,49.75,47.25,0.40222280761718754,128,39
2023,4039,Cooper Kupp,WR,16,186.6,48.249999999999986,0.5304889374999999,8.646875,47.0625,48.0625,53.0625,50.5625,48.0625,0.40169952148437504,129,40
2023,8121,Romeo Doubs,WR,17,190.9,43.599999999999994,0.4490602656249996,8.664705882352942,46.705882352941174,47.705882352941174,52.705882352941174,50.205882352941174,47.705882352941174,0.40270819669117647,138,41
2023,8676,Rashid Shaheed,WR,16,179.5,38.1,0.43268893749999976,8.8375,46.5625,47.5625,52.5625,50.0625,47.5625,0.4030842075195313,139,42
2023,8167,Christian Watson,WR,9,112.1,40.0,0.37097793749999963,8.011111111111113,47.666666666666664,48.666666666666664,53.666666666666664,51.166666666666664,48.666666666666664,0.4095146085069445,142,43
2023,4082,Curtis Samuel,WR,16,172.1,33.5,0.3241350859374999,8.6625,47.5,48.5,53.5,51.0,48.5,0.40110751269531253,143,44
2023,4950,Christian Kirk,WR,16,171.96,33.51,0.3238855312499997,8.653125000000001,47.125,48.125,53.125,50.625,48.125,0.40083131640625,144,45
2023,6943,Gabe Davis,WR,17,182.1,32.7,0.3096743749999997,8.788235294117648,46.64705882352941,47.64705882352941,52.64705882352941,50.14705882352941,47.64705882352941,0.4028021746323529,145,46
2023,6149,Darius Slayton,WR,17,172.5,23.1,0.29153477343749984,8.788235294117648,46.64705882352941,47.64705882352941,52.64705882352941,50.14705882352941,47.64705882352941,0.4028021746323529,146,47
2023,5937,Diontae Johnson,WR,17,172.7,25.399999999999995,0.2878620624999998,8.664705882352942,46.705882352941174,47.705882352941174,52.705882352941174,50.205882352941174,47.705882352941174,0.40270819669117647,147,48
2023,8126,Wan'Dale Robinson,WR,15,150.5,20.399999999999995,0.2671317812499997,8.673333333333334,46.2,47.2,52.2,49.7,47.2,0.40492616927083336,148,49
2023,9500,Josh Downs,WR,17,176.1,29.15,0.2632867656249996,8.644117647058824,46.705882352941174,47.705882352941174,52.705882352941174,50.205882352941174,47.705882352941174,0.4021800234375,149,50
2023,6783,Jerry Jeudy,WR,16,159.8,21.599999999999998,0.1762026093749996,8.637500000000001,47.0,48.0,53.0,50.5,48.0,0.40129979638671875,154,51
2023,5848,Marquise Brown,WR,16,150.60000000000002,14.700000000000003,0.1427359531249997,8.49375,47.625,48.625,53.625,51.125,48.625,0.4032995302734375,157,52
2023,9488,Jaxon Smith-Njigba,WR,17,162.3,14.799999999999997,0.13848263281249984,8.676470588235293,46.470588235294116,47.470588235294116,52.470588235294116,49.970588235294116,47.470588235294116,0.4011163474264706,158,53
2023,3225,Tyler Boyd,WR,17,161.20000000000002,14.000000000000002,0.1275851640624998,8.658823529411766,46.705882352941174,47.705882352941174,52.705882352941174,50.205882352941174,47.705882352941174,0.40123108088235293,159,54
2023,10232,Michael Wilson,WR,13,128.5,12.999999999999998,0.12334641406249996,8.884615384615385,47.46153846153846,48.46153846153846,53.46153846153846,50.96153846153846,48.46153846153846,0.4018141039663462,160,55
2023,2078,Odell Beckham,WR,14,125.50000000000001,2.850000000000006,0.07890735937499993,8.760714285714286,46.42857142857143,47.42857142857143,52.42857142857143,49.92857142857143,47.42857142857143,0.4019202265625,164,56
2023,4080,Zay Jones,WR,9,84.1,8.1,0.0722760859374999,8.444444444444445,47.0,48.0,53.0,50.5,48.0,0.39675046354166665,165,57
2023,9486,Dontayvion Wicks,WR,15,133.46,5.360000000000005,0.07001889843750009,8.54,46.93333333333333,47.93333333333333,52.93333333333333,50.43333333333333,47.93333333333333,0.402750696875,166,58
2023,7596,Elijah Moore,WR,17,149.4,1.8999999999999968,0.027781789062499784,8.676470588235293,46.470588235294116,47.470588235294116,52.470588235294116,49.970588235294116,47.470588235294116,0.4011163474264706,172,59
2023,9501,DeMario Douglas,WR,14,124.80000000000001,-0.3500000000000014,0.007049046874999798,8.939285714285715,47.07142857142857,48.07142857142857,53.07142857142857,50.57142857142857,48.07142857142857,0.4048985072544643,173,60
2023,4171,Josh Reynolds,WR,17,142.3,-4.9,-0.0023599140625003012,8.658823529411766,46.94117647058823,47.94117647058823,52.94117647058823,50.44117647058823,47.94117647058823,0.4005398658088235,175,61
2023,4234,Noah Brown,WR,14,117.8,-3.1000000000000023,-0.01656790625000032,8.635714285714286,46.857142857142854,47.857142857142854,52.857142857142854,50.357142857142854,47.857142857142854,0.40133056752232144,179,62
2023,5139,Trey Quinn,WR,1,0.0,-7.449999999999999,-0.060073289062500035,7.449999999999999,52.0,53.0,58.0,55.5,53.0,0.416372140625,183,63
2023,4951,DJ Chark,WR,15,127.0,-3.3500000000000014,-0.0659360078125002,8.69,46.86666666666667,47.86666666666667,52.86666666666667,50.36666666666667,47.86666666666667,0.4013510901041667,184,64
2023,11382,Dontay Demus,WR,1,0.0,-8.350000000000001,-0.07113695312500007,8.350000000000001,48.0,49.0,54.0,51.5,49.0,0.41245926562500007,186,65
2023,7562,Tutu Atwell,WR,16,128.9,-9.400000000000006,-0.0715340312500003,8.64375,46.9375,47.9375,52.9375,50.4375,47.9375,0.40149390136718754,187,66
2023,7066,K.J. Osborn,WR,16,133.5,-8.050000000000006,-0.08060822656250016,8.846875,46.75,47.75,52.75,50.25,47.75,0.4022097451171875,188,67
2023,8801,Dennis Houston,WR,1,0.0,-8.75,-0.08205464062500001,8.75,44.0,45.0,50.0,47.5,45.0,0.39587665625,189,68
2023,8119,Jahan Dotson,WR,17,137.3,-9.050000000000004,-0.08651075000000036,8.608823529411765,47.294117647058826,48.294117647058826,53.294117647058826,50.794117647058826,48.294117647058826,0.4025819136029412,190,69
2023,11192,Malik Flowers,WR,1,0.0,-7.65,-0.08659394531250009,7.65,48.0,49.0,54.0,51.5,49.0,0.38931070312500005,191,70
2023,5013,Anthony Miller,WR,1,0.0,-7.65,-0.08659394531250009,7.65,48.0,49.0,54.0,51.5,49.0,0.38931070312500005,192,71
2023,6985,Dezmon Patmon,WR,1,0.0,-9.0,-0.10257757031250003,9.0,46.0,47.0,52.0,49.5,47.0,0.3883809765625,201,72
2023,8198,Charleston Rambo,WR,1,0.0,-9.0,-0.10257757031250003,9.0,46.0,47.0,52.0,49.5,47.0,0.3883809765625,202,73
2023,8134,Khalil Shakir,WR,17,131.8,-17.6,-0.13542132031250037,8.788235294117648,46.64705882352941,47.64705882352941,52.64705882352941,50.14705882352941,47.64705882352941,0.4028021746323529,210,74
2023,1352,Robert Woods,WR,14,102.0,-18.85,-0.15328132031250036,8.632142857142858,46.92857142857143,47.92857142857143,52.92857142857143,50.42857142857143,47.92857142857143,0.3992208013392857,215,75
2023,11190,Keilahn Harris,WR,2,0.0,-15.4,-0.1569696562500001,7.7,48.0,49.0,54.0,51.5,49.0,0.4018661875,217,76
2023,6395,Trinity Benson,WR,2,0.0,-15.85,-0.15881258593750003,7.925,46.5,47.5,52.5,50.0,47.5,0.40528534765625,218,77
2023,7670,Joshua Palmer,WR,16,123.9,-13.950000000000003,-0.16374890625000027,8.615625,46.625,47.625,52.625,50.125,47.625,0.40139582128906254,219,78
2023,11068,Mitchell Tinsley,WR,2,0.0,-19.05,-0.19019723437499997,9.525,49.0,50.0,55.0,52.5,50.0,0.3906200546875,224,79
2023,7601,Rondale Moore,WR,17,125.60000000000001,-20.75,-0.20052178906250018,8.608823529411765,47.294117647058826,48.294117647058826,53.294117647058826,50.794117647058826,48.294117647058826,0.4025819136029412,226,80
2023,7619,Mathew Sexton,WR,2,0.0,-19.3,-0.2107201640625,9.65,50.0,51.0,56.0,53.5,51.0,0.38687221484375,230,81
2023,3852,Jaydon Mickens,WR,3,0.0,-28.85,-0.28265225781250003,9.616666666666667,43.333333333333336,44.333333333333336,49.333333333333336,46.833333333333336,44.333333333333336,0.3945404895833334,244,82
2023,7351,Kirk Merritt,WR,3,0.0,-28.950000000000003,-0.29177121874999995,9.65,50.333333333333336,51.333333333333336,56.333333333333336,53.833333333333336,51.333333333333336,0.39538743489583333,247,83
2023,8571,Ra'Shaun Henry,WR,3,0.0,-28.950000000000003,-0.29177121874999995,9.65,50.333333333333336,51.333333333333336,56.333333333333336,53.833333333333336,51.333333333333336,0.39538743489583333,248,84
2023,2673,Damiere Byrd,WR,4,0.0,-33.2,-0.3067719296875001,8.3,46.5,47.5,52.5,50.0,47.5,0.41566580468750003,252,85
2023,2319,DeVante Parker,WR,13,80.9,-32.85,-0.31487738281250033,8.75,47.76923076923077,48.76923076923077,53.76923076923077,51.26923076923077,48.76923076923077,0.40144373317307697,253,86
2023,4454,Kendrick Bourne,WR,17,106.2,-40.75,-0.3267443046875002,8.644117647058824,46.705882352941174,47.705882352941174,52.705882352941174,50.205882352941174,47.705882352941174,0.4021800234375,255,87
2023,10863,A.T. Perry,WR,11,64.6,-32.5,-0.3275943906250002,8.827272727272728,45.54545454545455,46.54545454545455,51.54545454545455,49.04545454545455,46.54545454545455,0.4003361605113636,256,88
2023,3634,Kalif Raymond,WR,17,112.3,-34.9,-0.3490705234375003,8.658823529411766,46.94117647058823,47.94117647058823,52.94117647058823,50.44117647058823,47.94117647058823,0.4005398658088235,264,89
2023,11189,Zay Malone,WR,4,0.0,-37.300000000000004,-0.362908171875,9.325000000000001,49.75,50.75,55.75,53.25,50.75,0.399655392578125,265,90
2023,4942,Marcell Ateman,WR,4,0.0,-37.300000000000004,-0.362908171875,9.325000000000001,49.75,50.75,55.75,53.25,50.75,0.399655392578125,266,91
2023,11266,Thyrick Pitts,WR,4,0.0,-37.65,-0.36553924218750006,9.4125,44.0,45.0,50.0,47.5,45.0,0.39569701171875005,267,92
2023,8142,Alec Pierce,WR,17,111.4,-35.55,-0.3677047187500003,8.644117647058824,46.705882352941174,47.705882352941174,52.705882352941174,50.205882352941174,47.705882352941174,0.4021800234375,269,93
2023,7090,Darnell Mooney,WR,15,89.80000000000001,-41.199999999999996,-0.3724478671875001,8.733333333333333,47.0,48.0,53.0,50.5,48.0,0.40367436979166665,271,94
2023,5374,Justin Watson,WR,16,99.0,-40.35,-0.3783294375000005,8.709375,46.8125,47.8125,52.8125,50.3125,47.8125,0.4005404580078125,273,95
2023,4040,JuJu Smith-Schuster,WR,13,67.0,-45.3,-0.40327907031250015,8.638461538461538,46.92307692307692,47.92307692307692,52.92307692307692,50.42307692307692,47.92307692307692,0.4033124152644231,277,96
2023,9492,Trey Palmer,WR,17,104.8,-42.7,-0.4052379843750002,8.676470588235293,46.470588235294116,47.470588235294116,52.470588235294116,49.970588235294116,47.470588235294116,0.4011163474264706,279,97
2023,9504,Kayshon Boutte,WR,5,4.4,-41.2,-0.41400089062500006,9.120000000000001,44.6,45.6,50.6,48.1,45.6,0.3991545703125,283,98
2023,3286,Demarcus Robinson,WR,16,96.10000000000001,-43.55,-0.41485955468750024,8.728125,46.5625,47.5625,52.5625,50.0625,47.5625,0.40041855371093754,285,99
2023,2325,Nelson Agholor,WR,17,104.6,-44.800000000000004,-0.4225447343750003,8.788235294117648,46.64705882352941,47.64705882352941,52.64705882352941,50.14705882352941,47.64705882352941,0.4028021746323529,286,100
2023,5902,Penny Hart,WR,5,0.0,-44.75,-0.42298146093750005,8.95,50.2,51.2,56.2,53.7,51.2,0.4029987421875,287,101
2023,8068,C.J. Saunders,WR,5,0.0,-44.75,-0.42298146093750005,8.95,50.2,51.2,56.2,53.7,51.2,0.4029987421875,288,102
2023,11311,Jason Brownlee,WR,7,17.1,-44.7,-0.43474064062500023,8.82857142857143,46.0,47.0,52.0,49.5,47.0,0.3982209274553572,292,103
2023,1067,Marvin Jones,WR,6,7.5,-44.9,-0.4415910625,8.733333333333334,49.833333333333336,50.833333333333336,55.833333333333336,53.333333333333336,50.833333333333336,0.40071740234375003,293,104
2023,8148,Jameson Williams,WR,16,89.9,-48.55,-0.4418838750000003,8.653125000000001,47.125,48.125,53.125,50.625,48.125,0.40083131640625,294,105
2023,9754,Quentin Johnston,WR,17,104.60000000000001,-42.900000000000006,-0.4464010234375004,8.676470588235293,46.470588235294116,47.470588235294116,52.470588235294116,49.970588235294116,47.470588235294116,0.4011163474264706,296,106
2023,7606,Kadarius Toney,WR,13,61.2,-47.5,-0.4478216171875001,8.361538461538462,47.76923076923077,48.76923076923077,53.76923076923077,51.26923076923077,48.76923076923077,0.4024087235576923,297,107
2023,3199,Michael Thomas,WR,17,99.8,-47.150000000000006,-0.4561245078125003,8.644117647058824,46.705882352941174,47.705882352941174,52.705882352941174,50.205882352941174,47.705882352941174,0.4021800234375,300,108
2023,11226,Tyjon Lindsey,WR,6,0.0,-51.00000000000001,-0.4751402500000002,8.500000000000002,48.0,49.0,54.0,51.5,49.0,0.41076166927083335,304,109
2023,5038,Michael Gallup,WR,17,98.3,-48.9,-0.49071927343750027,8.658823529411766,46.705882352941174,47.705882352941174,52.705882352941174,50.205882352941174,47.705882352941174,0.40123108088235293,309,110
2023,10225,Jonathan Mingo,WR,16,93.3,-45.550000000000004,-0.49129477343750033,8.678125,46.625,47.625,52.625,50.125,47.625,0.4005293193359375,310,111
2023,7565,Terrace Marshall,WR,10,36.900000000000006,-49.7,-0.4965301562500003,8.66,48.1,49.1,54.1,51.6,49.1,0.40484226171875,312,112
2023,11034,Jalen Brooks,WR,7,14.4,-47.35,-0.4975581015625001,8.821428571428571,47.0,48.0,53.0,50.5,48.0,0.39798577120535716,313,113
2023,9494,Marvin Mims,WR,16,84.5,-53.05,-0.49791384375000036,8.596875,47.125,48.125,53.125,50.625,48.125,0.4007833095703125,314,114
2023,8135,Treylon Burks,WR,11,45.900000000000006,-52.45,-0.5017678984375002,8.940909090909091,46.09090909090909,47.09090909090909,52.09090909090909,49.59090909090909,47.09090909090909,0.3985528586647727,315,115
2023,6588,Tom Kennedy,WR,6,0.0,-51.8,-0.5049919609375002,8.633333333333333,43.833333333333336,44.833333333333336,49.833333333333336,47.333333333333336,44.833333333333336,0.3936597734375,317,116
2023,8831,Ethan Fernea,WR,6,0.0,-51.8,-0.5049919609375002,8.633333333333333,43.833333333333336,44.833333333333336,49.833333333333336,47.333333333333336,44.833333333333336,0.3936597734375,318,117
2023,1144,Cole Beasley,WR,6,0.0,-52.400000000000006,-0.5095754062500002,8.733333333333334,49.833333333333336,50.833333333333336,55.833333333333336,53.333333333333336,50.833333333333336,0.40071740234375003,320,118
2023,7540,Amari Rodgers,WR,6,0.0,-52.400000000000006,-0.5095754062500002,8.733333333333334,49.833333333333336,50.833333333333336,55.833333333333336,53.333333333333336,50.833333333333336,0.40071740234375003,321,119
2023,5113,Cedrick Wilson,WR,15,74.1,-53.7,-0.5185154531250006,8.52,46.46666666666667,47.46666666666667,52.46666666666667,49.96666666666667,47.46666666666667,0.40328830468750004,323,120
2023,7496,Nick Westbrook-Ikhine,WR,17,92.5,-54.699999999999996,-0.5208378437500001,8.658823529411766,46.705882352941174,47.705882352941174,52.705882352941174,50.205882352941174,47.705882352941174,0.40123108088235293,325,121
2023,10213,Tre Tucker,WR,16,83.80000000000001,-56.6,-0.5235404531250003,8.775,46.6875,47.6875,52.6875,50.1875,47.6875,0.40370349951171874,326,122
2023,7571,Rashod Bateman,WR,16,86.7,-54.35,-0.5304831640625001,8.815625,46.5625,47.5625,52.5625,50.0625,47.5625,0.4021986064453125,330,123
2023,7789,Jalen Camp,WR,6,0.0,-54.6,-0.5307539218750001,9.1,43.666666666666664,44.666666666666664,49.666666666666664,47.166666666666664,44.666666666666664,0.39778413802083334,331,124
2023,5185,Allen Lazard,WR,14,68.10000000000001,-51.15,-0.5316520312500002,8.517857142857142,47.142857142857146,48.142857142857146,53.142857142857146,50.642857142857146,48.142857142857146,0.4014480591517858,332,125
2023,7049,Jauan Jennings,WR,13,57.0,-53.0,-0.5516528750000003,8.461538461538462,47.69230769230769,48.69230769230769,53.69230769230769,51.19230769230769,48.69230769230769,0.4010074603365385,336,126
2023,947,Julio Jones,WR,11,36.9,-57.800000000000004,-0.5631628125000003,8.60909090909091,45.27272727272727,46.27272727272727,51.27272727272727,48.77272727272727,46.27272727272727,0.4017058714488637,338,127
2023,7039,Cody White,WR,7,0.0,-59.55,-0.5753676718750002,8.507142857142856,44.42857142857143,45.42857142857143,50.42857142857143,47.92857142857143,45.42857142857143,0.39662575892857144,343,128
2023,11184,Daniel Arias,WR,8,0.0,-62.85000000000001,-0.5904272578125004,7.856250000000001,47.625,48.625,53.625,51.125,48.625,0.40671873632812505,347,129
2023,7793,Racey McMath,WR,7,0.0,-61.150000000000006,-0.5916300468750002,8.735714285714286,49.0,50.0,55.0,52.5,50.0,0.4000258671875,348,130
2023,5970,Greg Dortch,WR,16,70.7,-65.8,-0.5975041484375002,8.53125,47.1875,48.1875,53.1875,50.6875,48.1875,0.40213152246093753,350,131
2023,8756,Brandon Johnson,WR,17,80.4,-66.8,-0.6211969765625006,8.658823529411766,46.94117647058823,47.94117647058823,52.94117647058823,50.44117647058823,47.94117647058823,0.4005398658088235,357,132
2023,4177,Mack Hollins,WR,13,48.6,-66.6,-0.6348686718750001,8.861538461538462,46.76923076923077,47.76923076923077,52.76923076923077,50.26923076923077,47.76923076923077,0.4022896592548077,361,133
2023,3269,Chris Moore,WR,17,80.2,-67.0,-0.6576287187500003,8.658823529411766,46.705882352941174,47.705882352941174,52.705882352941174,50.205882352941174,47.705882352941174,0.40123108088235293,366,134
2023,1916,Martavis Bryant,WR,8,0.0,-68.45,-0.6786883750000002,8.55625,44.75,45.75,50.75,48.25,45.75,0.3980983505859375,375,135
2023,6380,Davion Davis,WR,8,0.0,-70.05,-0.6862483203125002,8.75625,44.5,45.5,50.5,48.0,45.5,0.4030164990234375,378,136
2023,11139,Elijah Cooks,WR,9,7.800000000000001,-71.55,-0.7005214062500003,8.816666666666666,44.888888888888886,45.888888888888886,50.888888888888886,48.388888888888886,45.888888888888886,0.40000523958333334,383,137
2023,8917,KaVontae Turpin,WR,16,67.9,-71.45,-0.7012979140625004,8.709375,46.8125,47.8125,52.8125,50.3125,47.8125,0.4005404580078125,384,138
2023,10444,Cedric Tillman,WR,14,50.4,-71.85000000000001,-0.7144393906250002,8.732142857142858,46.07142857142857,47.07142857142857,52.07142857142857,49.57142857142857,47.07142857142857,0.4003898113839286,390,139
2023,3423,Robbie Chosen,WR,11,26.6,-71.45,-0.7173218828125002,8.913636363636364,47.54545454545455,48.54545454545455,53.54545454545455,51.04545454545455,48.54545454545455,0.39867110085227275,392,140
2023,6598,Trenton Irwin,WR,16,69.6,-67.95,-0.7179141171875003,8.596875,46.4375,47.4375,52.4375,49.9375,47.4375,0.40053190625,393,141
2023,5695,Brandon Powell,WR,17,77.10000000000001,-72.3,-0.7241131796875002,8.788235294117648,46.64705882352941,47.64705882352941,52.64705882352941,50.14705882352941,47.64705882352941,0.4028021746323529,395,142
2023,5121,Braxton Berrios,WR,16,65.6,-73.5,-0.7247174453125003,8.69375,46.8125,47.8125,52.8125,50.3125,47.8125,0.40154870947265625,397,143
2023,5880,Parris Campbell,WR,12,30.400000000000002,-72.75,-0.7275385703125002,8.595833333333333,48.25,49.25,54.25,51.75,49.25,0.4061159505208334,398,144
2023,8005,Tarik Black,WR,9,0.0,-77.45,-0.7477968671875003,8.605555555555556,45.55555555555556,46.55555555555556,51.55555555555556,49.05555555555556,46.55555555555556,0.40075659375,403,145
2023,9497,Jalin Hyatt,WR,17,69.8,-79.60000000000001,-0.7526405937500003,8.788235294117648,46.64705882352941,47.64705882352941,52.64705882352941,50.14705882352941,47.64705882352941,0.4028021746323529,405,146
2023,8118,David Bell,WR,15,53.7,-78.2,-0.7579644687500003,8.793333333333333,46.733333333333334,47.733333333333334,52.733333333333334,50.233333333333334,47.733333333333334,0.3987016354166667,407,147
2023,9487,Parker Washington,WR,14,40.7,-77.55,-0.7606027734375005,8.446428571428571,46.214285714285715,47.214285714285715,52.214285714285715,49.714285714285715,47.214285714285715,0.40164395814732146,409,148
2023,6386,Alex Bachman,WR,9,0.0,-77.2,-0.7607430156250002,8.577777777777778,44.666666666666664,45.666666666666664,50.666666666666664,48.166666666666664,45.666666666666664,0.3978514956597222,410,149
2023,8171,Kyle Philips,WR,13,35.6,-77.15,-0.7693130937500003,8.673076923076923,47.15384615384615,48.15384615384615,53.15384615384615,50.65384615384615,48.15384615384615,0.40356183894230774,413,150
2023,5323,Equanimeous St. Brown,WR,11,12.7,-79.9,-0.7699631953125005,8.41818181818182,46.90909090909091,47.90909090909091,52.90909090909091,50.40909090909091,47.90909090909091,0.4072500475852273,414,151
2023,11210,Malik Heath,WR,13,36.0,-77.9,-0.7752906953125002,8.761538461538462,45.92307692307692,46.92307692307692,51.92307692307692,49.42307692307692,46.92307692307692,0.3994613918269231,416,152
2023,1992,Allen Robinson,WR,17,66.5,-80.80000000000001,-0.7777574609375004,8.664705882352942,46.705882352941174,47.705882352941174,52.705882352941174,50.205882352941174,47.705882352941174,0.40270819669117647,418,153
2023,928,Randall Cobb,WR,11,17.9,-79.85000000000001,-0.7865789687500003,8.886363636363637,47.0,48.0,53.0,50.5,48.0,0.3995985504261364,420,154
2023,7237,Scotty Washington,WR,9,0.0,-81.25,-0.7929516562500003,9.027777777777779,44.22222222222222,45.22222222222222,50.22222222222222,47.72222222222222,45.22222222222222,0.403402359375,425,155
2023,11306,Xavier Gipson,WR,17,66.3,-80.9,-0.7933181171875002,8.658823529411766,46.705882352941174,47.705882352941174,52.705882352941174,50.205882352941174,47.705882352941174,0.40123108088235293,426,156
2023,7533,Anthony Schwartz,WR,9,0.0,-79.65,-0.7984719765625001,8.850000000000001,45.666666666666664,46.666666666666664,51.666666666666664,49.166666666666664,46.666666666666664,0.39486065190972225,427,157
2023,6886,Chase Claypool,WR,12,23.2,-82.9,-0.8052878203125002,8.841666666666667,46.25,47.25,52.25,49.75,47.25,0.399875259765625,431,158
2023,11053,Antoine Green,WR,10,1.2,-85.4,-0.8095740859375002,8.66,48.5,49.5,54.5,52.0,49.5,0.40366719609375,432,159
2023,8117,Jalen Tolbert,WR,17,65.30000000000001,-81.9,-0.8118896718750004,8.658823529411766,46.705882352941174,47.705882352941174,52.705882352941174,50.205882352941174,47.705882352941174,0.40123108088235293,434,160
2023,6920,Isaiah Hodgins,WR,17,64.5,-84.9,-0.8151729296875003,8.788235294117648,46.64705882352941,47.64705882352941,52.64705882352941,50.14705882352941,47.64705882352941,0.4028021746323529,435,161
2023,10226,Andrei Iosivas,WR,16,54.1,-85.10000000000001,-0.8202546484375003,8.700000000000001,46.625,47.625,52.625,50.125,47.625,0.40141492041015625,438,162
2023,5086,Marquez Valdes-Scantling,WR,17,65.0,-82.10000000000001,-0.8225532656250005,8.652941176470588,46.88235294117647,47.88235294117647,52.88235294117647,50.38235294117647,47.88235294117647,0.401357,440,163
2023,6557,Jeff Smith,WR,10,0.0,-88.35000000000001,-0.8237058671875003,8.835,47.2,48.2,53.2,50.7,48.2,0.4037557875,441,164
2023,7032,Tyrie Cleveland,WR,10,0.0,-85.75,-0.8258153750000004,8.575,44.9,45.9,50.9,48.4,45.9,0.403358940625,443,165
2023,8168,Skyy Moore,WR,17,61.800000000000004,-85.30000000000001,-0.8337901171875004,8.652941176470588,46.88235294117647,47.88235294117647,52.88235294117647,50.38235294117647,47.88235294117647,0.401357,448,166
2023,8125,Calvin Austin,WR,17,62.4,-84.9,-0.8351177343750003,8.664705882352942,46.705882352941174,47.705882352941174,52.705882352941174,50.205882352941174,47.705882352941174,0.40270819669117647,449,167
2023,6957,James Proche,WR,10,-2.0,-86.95,-0.8549778046875003,8.495000000000001,44.6,45.6,50.6,48.1,45.6,0.40068357890625006,453,168
2023,7812,Simi Fehoko,WR,11,7.9,-87.9,-0.8550992890625003,8.709090909090909,45.09090909090909,46.09090909090909,51.09090909090909,48.59090909090909,46.09090909090909,0.40433251775568185,454,169
2023,3433,Alex Erickson,WR,16,50.7,-86.95,-0.8568323281250001,8.603125,46.3125,47.3125,52.3125,49.8125,47.3125,0.4005743583984375,456,170
2023,9503,Jacob Copeland,WR,11,0.0,-92.05,-0.8578882343750003,8.368181818181817,48.54545454545455,49.54545454545455,54.54545454545455,52.04545454545455,49.54545454545455,0.4075829822443182,458,171
2023,8204,Bo Melton,WR,17,54.5,-92.8,-0.8681048750000004,8.664705882352942,46.705882352941174,47.705882352941174,52.705882352941174,50.205882352941174,47.705882352941174,0.40270819669117647,462,172
2023,10867,Jake Bobo,WR,17,60.6,-86.9,-0.8784661171875005,8.676470588235293,46.470588235294116,47.470588235294116,52.470588235294116,49.970588235294116,47.470588235294116,0.4011163474264706,466,173
2023,4068,Mike Williams,WR,17,57.400000000000006,-90.1,-0.8799162734375006,8.676470588235293,46.470588235294116,47.470588235294116,52.470588235294116,49.970588235294116,47.470588235294116,0.4011163474264706,469,174
2023,8235,Samori Toure,WR,12,17.8,-91.55,-0.8827412968750002,9.1125,46.833333333333336,47.833333333333336,52.833333333333336,50.333333333333336,47.833333333333336,0.40186805533854164,472,175
2023,5938,Lil'Jordan Humphrey,WR,17,53.2,-94.0,-0.8934312578125003,8.658823529411766,46.94117647058823,47.94117647058823,52.94117647058823,50.44117647058823,47.94117647058823,0.4005398658088235,474,176
2023,10869,Matt Landers,WR,11,0.0,-91.3,-0.8956329843750004,8.299999999999999,48.09090909090909,49.09090909090909,54.09090909090909,51.59090909090909,49.09090909090909,0.4031149943181818,477,177
2023,11046,Colton Dowell,WR,11,1.3,-91.5,-0.8960716875000004,8.436363636363636,45.90909090909091,46.90909090909091,51.90909090909091,49.40909090909091,46.90909090909091,0.3987749566761364,478,178
2023,1346,Marquise Goodwin,WR,12,17.299999999999997,-90.5,-0.8971613515625003,8.983333333333334,46.5,47.5,52.5,50.0,47.5,0.40139027929687504,479,179
2023,4198,Jamal Agnew,WR,16,48.6,-90.25,-0.9002738984375003,8.678125,46.875,47.875,52.875,50.375,47.875,0.39979490332031253,482,180
2023,6927,Quez Watkins,WR,15,38.7,-90.4,-0.9166109531250003,8.606666666666666,46.53333333333333,47.53333333333333,52.53333333333333,50.03333333333333,47.53333333333333,0.3998794572916667,486,181
2023,6857,Collin Johnson,WR,11,2.6,-93.45,-0.9189190546875003,8.731818181818182,45.81818181818182,46.81818181818182,51.81818181818182,49.31818181818182,46.81818181818182,0.4037441583806818,488,182
2023,7438,Kristian Wilkerson,WR,10,0.0,-90.95,-0.9260881875000002,9.095,45.3,46.3,51.3,48.8,46.3,0.39666948125,492,183
2023,6234,Deonte Harty,WR,16,45.8,-94.05000000000001,-0.9276444375000004,8.740625,46.6875,47.6875,52.6875,50.1875,47.6875,0.40246892773437504,493,184
2023,5432,Cam Sims,WR,11,0.0,-96.55,-0.9279734218750002,8.777272727272727,46.72727272727273,47.72727272727273,52.72727272727273,50.22727272727273,47.72727272727273,0.39790475923295454,494,185
2023,5955,Hunter Renfrow,WR,17,54.0,-95.4,-0.9331187265625003,8.788235294117648,46.64705882352941,47.64705882352941,52.64705882352941,50.14705882352941,47.64705882352941,0.4028021746323529,497,186
2023,6814,Laviska Shenault,WR,14,26.400000000000002,-95.35,-0.9433511093750003,8.696428571428571,46.857142857142854,47.857142857142854,52.857142857142854,50.357142857142854,47.857142857142854,0.39804905915178573,500,187
2023,7989,DJ Turner,WR,11,0.0,-97.0,-0.9517263203125003,8.818181818181818,44.90909090909091,45.90909090909091,50.90909090909091,48.40909090909091,45.90909090909091,0.40393932315340914,505,188
2023,5134,Keith Kirkwood,WR,13,15.7,-97.05,-0.9520834140625003,8.673076923076923,47.07692307692308,48.07692307692308,53.07692307692308,50.57692307692308,48.07692307692308,0.3994570919471154,506,189
2023,8188,Tyquan Thornton,WR,15,29.8,-98.55,-0.9586850468750001,8.556666666666667,46.733333333333334,47.733333333333334,52.733333333333334,50.233333333333334,47.733333333333334,0.40209303802083335,508,190
2023,11232,Isaiah Winstead,WR,12,0.0,-100.95,-0.9700128359375004,8.4125,48.666666666666664,49.666666666666664,54.666666666666664,52.166666666666664,49.666666666666664,0.4029110130208333,509,191
2023,6853,Van Jefferson,WR,17,47.5,-99.45,-0.9721183437500005,8.644117647058824,46.705882352941174,47.705882352941174,52.705882352941174,50.205882352941174,47.705882352941174,0.4021800234375,510,192
2023,7357,Dan Chisena,WR,12,0.0,-101.60000000000001,-0.9896175312500004,8.466666666666667,46.083333333333336,47.083333333333336,52.083333333333336,49.583333333333336,47.083333333333336,0.40240823502604167,517,193
2023,5773,KhaDarel Hodge,WR,17,44.9,-102.05000000000001,-1.0043543906250005,8.644117647058824,46.705882352941174,47.705882352941174,52.705882352941174,50.205882352941174,47.705882352941174,0.4021800234375,522,194
2023,6824,Donovan Peoples-Jones,WR,15,32.0,-99.9,-1.0044228671875004,8.793333333333333,46.733333333333334,47.733333333333334,52.733333333333334,50.233333333333334,47.733333333333334,0.3987016354166667,524,195
2023,8147,John Metchie,WR,16,35.9,-102.30000000000001,-1.0075905859375003,8.637500000000001,46.75,47.75,52.75,50.25,47.75,0.40203421240234377,525,196
2023,7944,Michael Strachan,WR,13,7.0,-102.55000000000001,-1.0081455000000004,8.426923076923078,47.53846153846154,48.53846153846154,53.53846153846154,51.03846153846154,48.53846153846154,0.4029338713942308,526,197
2023,6223,Juwann Winfree,WR,12,0.0,-106.8,-1.0124056484375001,8.9,47.25,48.25,53.25,50.75,48.25,0.405106533203125,527,198
2023,6699,Gunner Olszewski,WR,12,3.0,-104.0,-1.0150305703125002,8.916666666666666,46.0,47.0,52.0,49.5,47.0,0.402553873046875,528,199
2023,8628,Jontre Kirklin,WR,12,0.0,-102.45,-1.0158192343750003,8.5375,45.416666666666664,46.416666666666664,51.416666666666664,48.916666666666664,46.416666666666664,0.40121425065104166,529,200
2023,6798,Jalen Reagor,WR,16,31.700000000000003,-105.7,-1.0165784609375004,8.5875,46.75,47.75,52.75,50.25,47.75,0.40180789208984374,530,201
2023,4854,River Cracraft,WR,16,30.6,-106.05000000000001,-1.0180536015625004,8.540625,47.1875,48.1875,53.1875,50.6875,48.1875,0.40199805957031254,531,202
2023,6421,Jalen Guyton,WR,15,27.400000000000002,-103.35,-1.0224443046875002,8.716666666666667,46.53333333333333,47.53333333333333,52.53333333333333,50.03333333333333,47.53333333333333,0.40165410677083335,532,203
2023,6290,Scotty Miller,WR,17,43.1,-103.85,-1.0238634921875003,8.644117647058824,46.705882352941174,47.705882352941174,52.705882352941174,50.205882352941174,47.705882352941174,0.4021800234375,533,204
2023,6989,Marquez Callaway,WR,12,0.0,-106.10000000000001,-1.0249118906250003,8.841666666666667,46.666666666666664,47.666666666666664,52.666666666666664,50.166666666666664,47.666666666666664,0.39875720638020834,534,205
2023,8928,Daylen Baldwin,WR,12,0.0,-104.30000000000001,-1.0356891953125003,8.691666666666668,47.083333333333336,48.083333333333336,53.083333333333336,50.583333333333336,48.083333333333336,0.40403973177083335,537,206
2023,7612,Dee Eskridge,WR,12,1.4,-104.85000000000001,-1.0375302031250002,8.854166666666666,47.5,48.5,53.5,51.0,48.5,0.4031049700520834,538,207
2023,8180,Jalen Nailor,WR,13,6.4,-106.35000000000001,-1.0385338281250003,8.673076923076923,47.46153846153846,48.46153846153846,53.46153846153846,50.96153846153846,48.46153846153846,0.4026579423076923,539,208
2023,2410,Jamison Crowder,WR,17,39.400000000000006,-106.95,-1.0430959765625003,8.608823529411765,47.294117647058826,48.294117647058826,53.294117647058826,50.794117647058826,48.294117647058826,0.4025819136029412,541,209
2023,9490,Tyler Scott,WR,17,43.300000000000004,-106.10000000000001,-1.0499002187500004,8.788235294117648,46.64705882352941,47.64705882352941,52.64705882352941,50.14705882352941,47.64705882352941,0.4028021746323529,544,210
2023,11347,Chase Cota,WR,13,0.0,-109.55000000000001,-1.0504141406250005,8.426923076923078,46.76923076923077,47.76923076923077,52.76923076923077,50.26923076923077,47.76923076923077,0.4034960907451923,545,211
2023,7587,Dyami Brown,WR,17,39.160000000000004,-107.19,-1.0511480000000004,8.608823529411765,47.294117647058826,48.294117647058826,53.294117647058826,50.794117647058826,48.294117647058826,0.4025819136029412,548,212
2023,8223,Velus Jones,WR,14,15.2,-109.35000000000001,-1.0513545546875003,8.896428571428572,46.714285714285715,47.714285714285715,52.714285714285715,50.214285714285715,47.714285714285715,0.4034775212053572,549,213
2023,6271,Olamide Zaccheaus,WR,17,40.900000000000006,-106.2,-1.0529998437500003,8.652941176470588,46.88235294117647,47.88235294117647,52.88235294117647,50.38235294117647,47.88235294117647,0.401357,551,214
2023,7530,Frank Darby,WR,13,0.0,-109.65,-1.0553695937500005,8.434615384615386,45.76923076923077,46.76923076923077,51.76923076923077,49.26923076923077,46.76923076923077,0.4029568329326923,553,215
2023,6849,Denzel Mims,WR,13,0.0,-110.0,-1.0571746015625003,8.461538461538462,45.76923076923077,46.76923076923077,51.76923076923077,49.26923076923077,46.76923076923077,0.40364752103365387,554,216
2023,10234,Derius Davis,WR,17,42.0,-105.5,-1.0599169609375005,8.676470588235293,46.470588235294116,47.470588235294116,52.470588235294116,49.970588235294116,47.470588235294116,0.4011163474264706,555,217
2023,5096,Ray-Ray McCloud,WR,16,34.6,-107.05,-1.0611025937500003,8.853125,46.8125,47.8125,52.8125,50.3125,47.8125,0.4013415400390625,556,218
2023,7559,Ihmir Smith-Marsette,WR,17,38.1,-109.10000000000001,-1.0694694531250002,8.658823529411766,46.705882352941174,47.705882352941174,52.705882352941174,50.205882352941174,47.705882352941174,0.40123108088235293,557,219
2023,7135,Freddie Swain,WR,13,0.0,-109.8,-1.0733549140625005,8.446153846153846,46.0,47.0,52.0,49.5,47.0,0.4018805715144231,560,220
2023,8783,Kendric Pryor,WR,13,0.0,-109.9,-1.0733928359375005,8.453846153846154,45.76923076923077,46.76923076923077,51.76923076923077,49.26923076923077,46.76923076923077,0.40171590805288465,561,221
2023,8253,Deven Thompkins,WR,17,40.5,-107.00000000000001,-1.0747690468750004,8.676470588235293,46.470588235294116,47.470588235294116,52.470588235294116,49.970588235294116,47.470588235294116,0.4011163474264706,562,222
2023,10860,Malik Cunningham,WR,13,-1.0,-111.30000000000001,-1.0750744687500005,8.484615384615385,47.23076923076923,48.23076923076923,53.23076923076923,50.73076923076923,48.23076923076923,0.4027482566105769,563,223
2023,5917,Mecole Hardman,WR,16,29.9,-109.75,-1.0873015078125003,8.728125,46.5625,47.5625,52.5625,50.0625,47.5625,0.40041855371093754,569,224
2023,8076,Michael Bandy,WR,13,0.0,-114.05,-1.0880279375000004,8.773076923076923,47.07692307692308,48.07692307692308,53.07692307692308,50.57692307692308,48.07692307692308,0.4016298239182693,571,225
2023,5199,Byron Pringle,WR,17,31.6,-114.75,-1.1104798593750003,8.608823529411765,47.294117647058826,48.294117647058826,53.294117647058826,50.794117647058826,48.294117647058826,0.4025819136029412,573,226
2023,6805,KJ Hamler,WR,14,0.0,-118.0,-1.1265065468750004,8.428571428571429,45.92857142857143,46.92857142857143,51.92857142857143,49.42857142857143,46.92857142857143,0.403635578125,580,227
2023,7521,Chris Blair,WR,14,0.0,-118.0,-1.1265065468750004,8.428571428571429,45.92857142857143,46.92857142857143,51.92857142857143,49.42857142857143,46.92857142857143,0.403635578125,581,228
2023,5137,Richie James,WR,16,22.900000000000002,-116.2,-1.1293969921875004,8.69375,46.8125,47.8125,52.8125,50.3125,47.8125,0.40154870947265625,584,229
2023,10218,Xavier Hutchinson,WR,16,25.900000000000002,-115.75,-1.134114296875,8.853125,46.5625,47.5625,52.5625,50.0625,47.5625,0.4020759560546875,588,230
2023,8931,Josh Ali,WR,14,0.0,-119.3,-1.1364206484375003,8.52142857142857,46.142857142857146,47.142857142857146,52.142857142857146,49.642857142857146,47.142857142857146,0.4036326216517857,590,231
2023,8861,Irv Charles,WR,14,0.0,-118.05,-1.1366451718750004,8.432142857142857,46.07142857142857,47.07142857142857,52.07142857142857,49.57142857142857,47.07142857142857,0.40267112667410715,591,232
2023,10221,Ronnie Bell,WR,17,31.8,-115.4,-1.1432978281250006,8.658823529411766,46.94117647058823,47.94117647058823,52.94117647058823,50.44117647058823,47.94117647058823,0.4005398658088235,593,233
2023,7603,Shi Smith,WR,14,0.0,-118.25,-1.1445297890625006,8.446428571428571,45.92857142857143,46.92857142857143,51.92857142857143,49.42857142857143,46.92857142857143,0.4024832907366072,595,234
2023,4319,Zach Pascal,WR,14,6.4,-118.65,-1.1517963906250004,8.932142857142859,47.07142857142857,48.07142857142857,53.07142857142857,50.57142857142857,48.07142857142857,0.40310486662946426,598,235
2023,4197,Isaiah McKenzie,WR,16,19.200000000000003,-118.95,-1.1553626953125005,8.634375,46.75,47.75,52.75,50.25,47.75,0.4023683637695313,600,236
2023,6909,Lynn Bowden,WR,17,26.0,-120.95,-1.1653902343750004,8.644117647058824,46.705882352941174,47.705882352941174,52.705882352941174,50.205882352941174,47.705882352941174,0.4021800234375,603,237
2023,11312,T.J. Luther,WR,14,0.0,-121.60000000000001,-1.1819194687500003,8.685714285714287,46.642857142857146,47.642857142857146,52.642857142857146,50.142857142857146,47.642857142857146,0.3990484447544643,609,238
2023,11204,Duece Watts,WR,15,0.0,-128.0,-1.2093626093750003,8.533333333333333,46.266666666666666,47.266666666666666,52.266666666666666,49.766666666666666,47.266666666666666,0.40481966093750005,619,239
2023,4274,David Moore,WR,17,24.400000000000002,-123.10000000000001,-1.2094060546875003,8.676470588235293,46.470588235294116,47.470588235294116,52.470588235294116,49.970588235294116,47.470588235294116,0.4011163474264706,620,240
2023,7595,Tylan Wallace,WR,15,8.6,-123.10000000000001,-1.2136612812500003,8.78,46.6,47.6,52.6,50.1,47.6,0.4017045166666667,622,241
2023,5154,Trent Sherfield,WR,17,27.1,-122.30000000000001,-1.2136678750000003,8.788235294117648,46.64705882352941,47.64705882352941,52.64705882352941,50.14705882352941,47.64705882352941,0.4028021746323529,623,242
2023,8527,Dareke Young,WR,14,0.0,-124.4,-1.2158910156250002,8.885714285714286,46.214285714285715,47.214285714285715,52.214285714285715,49.714285714285715,47.214285714285715,0.40177436104910713,624,243
2023,10228,Charlie Jones,WR,17,23.1,-124.1,-1.2171436796875006,8.658823529411766,46.705882352941174,47.705882352941174,52.705882352941174,50.205882352941174,47.705882352941174,0.40123108088235293,625,244
2023,7757,Ben Skowronek,WR,17,23.400000000000002,-123.7,-1.2233988359375005,8.652941176470588,46.88235294117647,47.88235294117647,52.88235294117647,50.38235294117647,47.88235294117647,0.401357,630,245
2023,7729,Dez Fitzpatrick,WR,15,0.0,-127.35000000000001,-1.2308891250000005,8.49,45.93333333333333,46.93333333333333,51.93333333333333,49.43333333333333,46.93333333333333,0.4032172010416667,634,246
2023,8013,Tim Jones,WR,17,21.3,-125.9,-1.2374064296875005,8.658823529411766,46.94117647058823,47.94117647058823,52.94117647058823,50.44117647058823,47.94117647058823,0.4005398658088235,637,247
2023,9495,Rakim Jarrett,WR,16,11.700000000000001,-127.05000000000001,-1.2459044843750005,8.671875,46.625,47.625,52.625,50.125,47.625,0.401443828125,638,248
2023,3200,Sterling Shepard,WR,17,22.0,-127.4,-1.2606917500000003,8.788235294117648,46.64705882352941,47.64705882352941,52.64705882352941,50.14705882352941,47.64705882352941,0.4028021746323529,644,249
2023,11056,Jared Wayne,WR,15,0.0,-130.35,-1.2633098046875004,8.69,46.86666666666667,47.86666666666667,52.86666666666667,50.36666666666667,47.86666666666667,0.4013510901041667,647,250
2023,6453,D.J. Montgomery,WR,17,15.600000000000001,-131.35,-1.2693483750000005,8.644117647058824,46.705882352941174,47.705882352941174,52.705882352941174,50.205882352941174,47.705882352941174,0.4021800234375,650,251
2023,6239,Malik Taylor,WR,16,3.3000000000000003,-134.9,-1.3032574453125005,8.637500000000001,46.75,47.75,52.75,50.25,47.75,0.40203421240234377,676,252
2023,312,Matthew Slater,WR,16,0.0,-136.5,-1.3158439687500005,8.53125,47.0,48.0,53.0,50.5,48.0,0.4028725219726563,688,253
2023,8114,Erik Ezukanma,WR,16,3.7,-133.75,-1.3161226718750005,8.590625000000001,46.625,47.625,52.625,50.125,47.625,0.4006656953125,689,254
2023,2381,Chris Conley,WR,17,11.9,-135.3,-1.3166124140625004,8.658823529411766,46.94117647058823,47.94117647058823,52.94117647058823,50.44117647058823,47.94117647058823,0.4005398658088235,690,255
2023,7009,Trishton Jackson,WR,16,4.9,-136.5,-1.3266711328125003,8.8375,46.5625,47.5625,52.5625,50.0625,47.5625,0.4030842075195313,697,256
2023,8140,Justyn Ross,WR,17,12.3,-134.8,-1.3269212500000005,8.652941176470588,46.88235294117647,47.88235294117647,52.88235294117647,50.38235294117647,47.88235294117647,0.401357,698,257
2023,11024,Grant DuBose,WR,16,0.0,-138.55,-1.3380281328125003,8.659375,46.875,47.875,52.875,50.375,47.875,0.40313516796875004,700,258
2023,6171,Cody Thompson,WR,16,2.0,-135.65,-1.3410208984375003,8.603125,46.3125,47.3125,52.3125,49.8125,47.3125,0.4005743583984375,702,259
2023,8732,Raleigh Webb,WR,16,0.0,-139.1,-1.3478641328125005,8.69375,46.8125,47.8125,52.8125,50.3125,47.8125,0.40154870947265625,708,260
2023,6032,Keelan Doss,WR,17,9.8,-137.70000000000002,-1.3496142109375004,8.676470588235293,46.470588235294116,47.470588235294116,52.470588235294116,49.970588235294116,47.470588235294116,0.4011163474264706,709,261
2023,8745,Lance McCutcheon,WR,16,0.0,-139.55,-1.3497070625000003,8.721875,46.625,47.625,52.625,50.125,47.625,0.4019761044921875,710,262
2023,8414,Britain Covey,WR,17,9.2,-137.9,-1.3505478593750007,8.652941176470588,46.88235294117647,47.88235294117647,52.88235294117647,50.38235294117647,47.88235294117647,0.401357,711,263
2023,6960,Tyler Johnson,WR,17,8.8,-138.3,-1.3536815546875005,8.652941176470588,46.88235294117647,47.88235294117647,52.88235294117647,50.38235294117647,47.88235294117647,0.401357,713,264
2023,6063,Tyron Billy-Johnson,WR,16,0.0,-138.45000000000002,-1.3542463671875005,8.653125000000001,46.875,47.875,52.875,50.375,47.875,0.401565732421875,714,265
2023,5026,Tre'Quan Smith,WR,16,0.0,-138.85,-1.3584928515625003,8.678125,46.875,47.875,52.875,50.375,47.875,0.39979490332031253,715,266
2023,11520,Lucky Jackson,WR,16,0.0,-140.4,-1.3587241562500003,8.775,46.6875,47.6875,52.6875,50.1875,47.6875,0.40370349951171874,716,267
2023,2750,DeAndre Carter,WR,17,11.3,-138.1,-1.3590095625000003,8.788235294117648,46.64705882352941,47.64705882352941,52.64705882352941,50.14705882352941,47.64705882352941,0.4028021746323529,717,268
2023,6402,Steven Sims,WR,17,6.3,-140.9,-1.3702120625000005,8.658823529411766,46.705882352941174,47.705882352941174,52.705882352941174,50.205882352941174,47.705882352941174,0.40123108088235293,726,269
2023,7746,Austin Trammell,WR,17,5.9,-141.20000000000002,-1.3728901953125006,8.652941176470588,46.88235294117647,47.88235294117647,52.88235294117647,50.38235294117647,47.88235294117647,0.401357,727,270
2023,5965,Miles Boykin,WR,17,4.7,-142.6,-1.3749394609375005,8.664705882352942,46.705882352941174,47.705882352941174,52.705882352941174,50.205882352941174,47.705882352941174,0.40270819669117647,730,271
2023,4622,Keelan Cole,WR,16,0.0,-140.65,-1.3792470859375003,8.790625,46.8125,47.8125,52.8125,50.3125,47.8125,0.40323501953125,738,272
2023,11474,Dylan Drummond,WR,16,0.0,-141.65,-1.3842548125000005,8.853125,46.8125,47.8125,52.8125,50.3125,47.8125,0.4013415400390625,739,273
2023,6847,Devin Duvernay,WR,17,8.1,-141.3,-1.3858944843750003,8.788235294117648,46.64705882352941,47.64705882352941,52.64705882352941,50.14705882352941,47.64705882352941,0.4028021746323529,740,274
2023,6744,Greg Ward,WR,16,0.0,-141.55,-1.3908880937500003,8.846875,46.75,47.75,52.75,50.25,47.75,0.4022097451171875,741,275
2023,1911,Willie Snead,WR,17,3.4,-143.8,-1.3999032500000004,8.658823529411766,46.94117647058823,47.94117647058823,52.94117647058823,50.44117647058823,47.94117647058823,0.4005398658088235,742,276
2023,11070,Kazmeir Allen,WR,17,0.0,-146.35,-1.4125989921875004,8.608823529411765,47.294117647058826,48.294117647058826,53.294117647058826,50.794117647058826,48.294117647058826,0.4025819136029412,745,277
2023,11157,Brycen Tremayne,WR,17,0.0,-146.35,-1.4125989921875004,8.608823529411765,47.294117647058826,48.294117647058826,53.294117647058826,50.794117647058826,48.294117647058826,0.4025819136029412,746,278
2023,7233,Andre Baccellia,WR,17,0.0,-146.35,-1.4125989921875004,8.608823529411765,47.294117647058826,48.294117647058826,53.294117647058826,50.794117647058826,48.294117647058826,0.4025819136029412,747,279
2023,7751,Dax Milne,WR,17,0.0,-146.35,-1.4125989921875004,8.608823529411765,47.294117647058826,48.294117647058826,53.294117647058826,50.794117647058826,48.294117647058826,0.4025819136029412,748,280
2023,8755,Kaden Davis,WR,17,0.0,-146.35,-1.4125989921875004,8.608823529411765,47.294117647058826,48.294117647058826,53.294117647058826,50.794117647058826,48.294117647058826,0.4025819136029412,749,281
2023,11105,Shaquan Davis,WR,17,0.0,-146.95000000000002,-1.4182777656250005,8.644117647058824,46.705882352941174,47.705882352941174,52.705882352941174,50.205882352941174,47.705882352941174,0.4021800234375,750,282
2023,6427,Ashton Dulin,WR,17,0.0,-146.95000000000002,-1.4182777656250005,8.644117647058824,46.705882352941174,47.705882352941174,52.705882352941174,50.205882352941174,47.705882352941174,0.4021800234375,751,283
2023,7546,Tre Nixon,WR,17,0.0,-146.95000000000002,-1.4182777656250005,8.644117647058824,46.705882352941174,47.705882352941174,52.705882352941174,50.205882352941174,47.705882352941174,0.4021800234375,752,284
2023,7436,Mason Kinsey,WR,17,1.6,-145.6,-1.4214715859375004,8.658823529411766,46.705882352941174,47.705882352941174,52.705882352941174,50.205882352941174,47.705882352941174,0.40123108088235293,753,285
2023,8435,Kwamie Lassiter,WR,17,1.2,-146.0,-1.4268571640625005,8.658823529411766,46.705882352941174,47.705882352941174,52.705882352941174,50.205882352941174,47.705882352941174,0.40123108088235293,754,286
2023,2334,Phillip Dorsett,WR,17,0.0,-147.20000000000002,-1.4296298046875004,8.658823529411766,46.94117647058823,47.94117647058823,52.94117647058823,50.44117647058823,47.94117647058823,0.4005398658088235,755,287
2023,4351,Tim Patrick,WR,17,0.0,-147.20000000000002,-1.4296298046875004,8.658823529411766,46.94117647058823,47.94117647058823,52.94117647058823,50.44117647058823,47.94117647058823,0.4005398658088235,756,288
2023,5102,Daurice Fountain,WR,17,0.0,-147.20000000000002,-1.4296298046875004,8.658823529411766,46.94117647058823,47.94117647058823,52.94117647058823,50.44117647058823,47.94117647058823,0.4005398658088235,757,289
2023,6154,David Sills,WR,17,0.0,-147.20000000000002,-1.4296298046875004,8.658823529411766,46.94117647058823,47.94117647058823,52.94117647058823,50.44117647058823,47.94117647058823,0.4005398658088235,758,290
2023,7191,Jaylon Moore,WR,17,0.0,-147.20000000000002,-1.4296298046875004,8.658823529411766,46.94117647058823,47.94117647058823,52.94117647058823,50.44117647058823,47.94117647058823,0.4005398658088235,759,291
2023,7534,Seth Williams,WR,17,0.0,-147.20000000000002,-1.4296298046875004,8.658823529411766,46.94117647058823,47.94117647058823,52.94117647058823,50.44117647058823,47.94117647058823,0.4005398658088235,760,292
2023,7703,Jacob Harris,WR,17,0.0,-147.20000000000002,-1.4296298046875004,8.658823529411766,46.94117647058823,47.94117647058823,52.94117647058823,50.44117647058823,47.94117647058823,0.4005398658088235,761,293
2023,8176,Danny Gray,WR,17,0.0,-147.20000000000002,-1.4296298046875004,8.658823529411766,46.94117647058823,47.94117647058823,52.94117647058823,50.44117647058823,47.94117647058823,0.4005398658088235,762,294
2023,8250,Tay Martin,WR,17,0.0,-147.20000000000002,-1.4296298046875004,8.658823529411766,46.94117647058823,47.94117647058823,52.94117647058823,50.44117647058823,47.94117647058823,0.4005398658088235,763,295
2023,8416,Jalen Virgil,WR,17,0.0,-147.20000000000002,-1.4296298046875004,8.658823529411766,46.94117647058823,47.94117647058823,52.94117647058823,50.44117647058823,47.94117647058823,0.4005398658088235,764,296
2023,8921,Maurice Alexander,WR,17,0.0,-147.20000000000002,-1.4296298046875004,8.658823529411766,46.94117647058823,47.94117647058823,52.94117647058823,50.44117647058823,47.94117647058823,0.4005398658088235,765,297
2023,3155,Laquon Treadwell,WR,17,3.1,-146.3,-1.4330438046875003,8.788235294117648,46.64705882352941,47.64705882352941,52.64705882352941,50.14705882352941,47.64705882352941,0.4028021746323529,766,298
2023,11168,Xavier Smith,WR,17,0.0,-147.1,-1.4362630859375005,8.652941176470588,46.88235294117647,47.88235294117647,52.88235294117647,50.38235294117647,47.88235294117647,0.401357,767,299
2023,11276,Joseph Ngata,WR,17,0.0,-147.1,-1.4362630859375005,8.652941176470588,46.88235294117647,47.88235294117647,52.88235294117647,50.38235294117647,47.88235294117647,0.401357,768,300
2023,7541,Cornell Powell,WR,17,0.0,-147.1,-1.4362630859375005,8.652941176470588,46.88235294117647,47.88235294117647,52.88235294117647,50.38235294117647,47.88235294117647,0.401357,769,301
2023,8178,Braylon Sanders,WR,17,0.0,-147.1,-1.4362630859375005,8.652941176470588,46.88235294117647,47.88235294117647,52.88235294117647,50.38235294117647,47.88235294117647,0.401357,770,302
2023,8411,Devon Allen,WR,17,0.0,-147.1,-1.4362630859375005,8.652941176470588,46.88235294117647,47.88235294117647,52.88235294117647,50.38235294117647,47.88235294117647,0.401357,771,303
2023,8475,Montrell Washington,WR,17,0.0,-147.1,-1.4362630859375005,8.652941176470588,46.88235294117647,47.88235294117647,52.88235294117647,50.38235294117647,47.88235294117647,0.401357,772,304
2023,11099,Kearis Jackson,WR,17,0.0,-147.20000000000002,-1.4363010078125005,8.658823529411766,46.705882352941174,47.705882352941174,52.705882352941174,50.205882352941174,47.705882352941174,0.40123108088235293,773,305
2023,11257,Shedrick Jackson,WR,17,0.0,-147.20000000000002,-1.4363010078125005,8.658823529411766,46.705882352941174,47.705882352941174,52.705882352941174,50.205882352941174,47.705882352941174,0.40123108088235293,774,306
2023,11452,Jesse Matthews,WR,17,0.0,-147.20000000000002,-1.4363010078125005,8.658823529411766,46.705882352941174,47.705882352941174,52.705882352941174,50.205882352941174,47.705882352941174,0.40123108088235293,775,307
2023,11456,Tre'Shaun Harrison,WR,17,0.0,-147.20000000000002,-1.4363010078125005,8.658823529411766,46.705882352941174,47.705882352941174,52.705882352941174,50.205882352941174,47.705882352941174,0.40123108088235293,776,308
2023,11505,David Durden,WR,17,0.0,-147.20000000000002,-1.4363010078125005,8.658823529411766,46.705882352941174,47.705882352941174,52.705882352941174,50.205882352941174,47.705882352941174,0.40123108088235293,777,309
2023,11506,Jalen Moreno-Cropper,WR,17,0.0,-147.20000000000002,-1.4363010078125005,8.658823529411766,46.705882352941174,47.705882352941174,52.705882352941174,50.205882352941174,47.705882352941174,0.40123108088235293,778,310
2023,6069,Stanley Morgan,WR,17,0.0,-147.20000000000002,-1.4363010078125005,8.658823529411766,46.705882352941174,47.705882352941174,52.705882352941174,50.205882352941174,47.705882352941174,0.40123108088235293,779,311
2023,8185,Johnny Johnson,WR,17,0.0,-147.20000000000002,-1.4363010078125005,8.658823529411766,46.705882352941174,47.705882352941174,52.705882352941174,50.205882352941174,47.705882352941174,0.40123108088235293,780,312
2023,8570,Derek Wright,WR,17,0.0,-147.20000000000002,-1.4363010078125005,8.658823529411766,46.705882352941174,47.705882352941174,52.705882352941174,50.205882352941174,47.705882352941174,0.40123108088235293,781,313
2023,11081,Cephus Johnson,WR,17,0.0,-147.5,-1.4466034296875003,8.676470588235293,46.470588235294116,47.470588235294116,52.470588235294116,49.970588235294116,47.470588235294116,0.4011163474264706,783,314
2023,11115,Terrell Bynum,WR,17,0.0,-147.5,-1.4466034296875003,8.676470588235293,46.470588235294116,47.470588235294116,52.470588235294116,49.970588235294116,47.470588235294116,0.4011163474264706,784,315
2023,11421,Ryan Miller,WR,17,0.0,-147.5,-1.4466034296875003,8.676470588235293,46.470588235294116,47.470588235294116,52.470588235294116,49.970588235294116,47.470588235294116,0.4011163474264706,785,316
2023,3342,Jakeem Grant,WR,17,0.0,-147.5,-1.4466034296875003,8.676470588235293,46.470588235294116,47.470588235294116,52.470588235294116,49.970588235294116,47.470588235294116,0.4011163474264706,786,317
2023,5110,Russell Gage,WR,17,0.0,-147.5,-1.4466034296875003,8.676470588235293,46.470588235294116,47.470588235294116,52.470588235294116,49.970588235294116,47.470588235294116,0.4011163474264706,787,318
2023,7337,Easop Winston,WR,17,0.0,-147.5,-1.4466034296875003,8.676470588235293,46.470588235294116,47.470588235294116,52.470588235294116,49.970588235294116,47.470588235294116,0.4011163474264706,788,319
2023,7579,Austin Watkins,WR,17,0.0,-147.5,-1.4466034296875003,8.676470588235293,46.470588235294116,47.470588235294116,52.470588235294116,49.970588235294116,47.470588235294116,0.4011163474264706,789,320
2023,7713,Jaelon Darden,WR,17,0.0,-147.5,-1.4466034296875003,8.676470588235293,46.470588235294116,47.470588235294116,52.470588235294116,49.970588235294116,47.470588235294116,0.4011163474264706,790,321
2023,7956,Cade Johnson,WR,17,0.0,-147.5,-1.4466034296875003,8.676470588235293,46.470588235294116,47.470588235294116,52.470588235294116,49.970588235294116,47.470588235294116,0.4011163474264706,791,322
2023,8202,Michael Woods,WR,17,0.0,-147.5,-1.4466034296875003,8.676470588235293,46.470588235294116,47.470588235294116,52.470588235294116,49.970588235294116,47.470588235294116,0.4011163474264706,792,323
2023,11073,Thayer Thomas,WR,17,0.0,-149.4,-1.4613017265625003,8.788235294117648,46.64705882352941,47.64705882352941,52.64705882352941,50.14705882352941,47.64705882352941,0.4028021746323529,793,324
2023,11080,Malik Knowles,WR,17,0.0,-149.4,-1.4613017265625003,8.788235294117648,46.64705882352941,47.64705882352941,52.64705882352941,50.14705882352941,47.64705882352941,0.4028021746323529,794,325
2023,11377,Tyrell Shavers,WR,17,0.0,-149.4,-1.4613017265625003,8.788235294117648,46.64705882352941,47.64705882352941,52.64705882352941,50.14705882352941,47.64705882352941,0.4028021746323529,795,326
2023,11387,Sean Ryan,WR,17,0.0,-149.4,-1.4613017265625003,8.788235294117648,46.64705882352941,47.64705882352941,52.64705882352941,50.14705882352941,47.64705882352941,0.4028021746323529,796,327
2023,11495,Bryan Thompson,WR,17,0.0,-149.4,-1.4613017265625003,8.788235294117648,46.64705882352941,47.64705882352941,52.64705882352941,50.14705882352941,47.64705882352941,0.4028021746323529,797,328
2023,5915,Andy Isabella,WR,17,0.0,-149.4,-1.4613017265625003,8.788235294117648,46.64705882352941,47.64705882352941,52.64705882352941,50.14705882352941,47.64705882352941,0.4028021746323529,798,329
2023,6387,Nsimba Webster,WR,17,0.0,-149.4,-1.4613017265625003,8.788235294117648,46.64705882352941,47.64705882352941,52.64705882352941,50.14705882352941,47.64705882352941,0.4028021746323529,799,330
2023,9489,Justin Shorter,WR,17,0.0,-149.4,-1.4613017265625003,8.788235294117648,46.64705882352941,47.64705882352941,52.64705882352941,50.14705882352941,47.64705882352941,0.4028021746323529,800,331
2023,9499,Bryce Ford-Wheaton,WR,17,0.0,-149.4,-1.4613017265625003,8.788235294117648,46.64705882352941,47.64705882352941,52.64705882352941,50.14705882352941,47.64705882352941,0.4028021746323529,801,332
2023,4218,Trent Taylor,WR,17,-2.0,-151.4,-1.4790336562500004,8.788235294117648,46.64705882352941,47.64705882352941,52.64705882352941,50.14705882352941,47.64705882352941,0.4028021746323529,805,333
2024,7564,Ja'Marr Chase,WR,17,458.6,306.85,2.8716679531250002,8.926470588235293,46.8235294117647,47.8235294117647,52.8235294117647,50.3235294117647,47.8235294117647,0.4036159751838235,20,1
2024,6794,Justin Jefferson,WR,17,357.68,207.13,2.0681483828125,8.855882352941178,47.0,48.0,53.0,50.5,48.0,0.40431141176470586,37,2
2024,7547,Amon-Ra St. Brown,WR,17,356.58,206.28,1.98659428125,8.841176470588236,47.11764705882353,48.11764705882353,53.11764705882353,50.61764705882353,48.11764705882353,0.40546238143382357,40,3
2024,11632,Malik Nabers,WR,15,306.6,172.4,1.7024022968749999,8.946666666666667,46.8,47.8,52.8,50.3,47.8,0.4053861385416667,47,4
2024,11631,Brian Thomas,WR,17,323.2,171.45000000000002,1.6982144296875004,8.926470588235293,46.8235294117647,47.8235294117647,52.8235294117647,50.3235294117647,47.8235294117647,0.4036159751838235,48,5
2024,8112,Drake London,WR,17,313.0,161.25,1.5935591484375,8.926470588235293,46.8235294117647,47.8235294117647,52.8235294117647,50.3235294117647,47.8235294117647,0.4036159751838235,52,6
2024,6786,CeeDee Lamb,WR,17,303.2,153.15,1.5729001875000002,8.826470588235296,47.411764705882355,48.411764705882355,53.411764705882355,50.911764705882355,48.411764705882355,0.4032060799632353,54,7
2024,5927,Terry McLaurin,WR,17,301.7,150.75,1.5659964609375,8.879411764705884,47.11764705882353,48.11764705882353,53.11764705882353,50.61764705882353,48.11764705882353,0.4047417444852941,56,8
2024,2216,Mike Evans,WR,14,266.4,143.2,1.4263982734374998,8.8,47.357142857142854,48.357142857142854,53.357142857142854,50.857142857142854,48.357142857142854,0.4036640379464286,59,9
2024,5859,A.J. Brown,WR,13,251.9,139.1,1.4080619062500004,8.676923076923078,47.30769230769231,48.30769230769231,53.30769230769231,50.80769230769231,48.30769230769231,0.40655974519230764,60,10
2024,2133,Davante Adams,WR,14,269.8,143.6,1.3696470625,9.014285714285714,46.57142857142857,47.57142857142857,52.57142857142857,50.07142857142857,47.57142857142857,0.4060910089285715,63,11
2024,8146,Garrett Wilson,WR,17,284.3,132.55,1.3424384140624999,8.926470588235293,46.8235294117647,47.8235294117647,52.8235294117647,50.3235294117647,47.8235294117647,0.4036159751838235,65,12
2024,6801,Tee Higgins,WR,12,245.10000000000002,137.55,1.3262423281250002,8.9625,47.166666666666664,48.166666666666664,53.166666666666664,50.666666666666664,48.166666666666664,0.4033476796875,68,13
2024,9488,Jaxon Smith-Njigba,WR,17,286.0,135.25,1.32428928125,8.867647058823529,47.1764705882353,48.1764705882353,53.1764705882353,50.6764705882353,48.1764705882353,0.40344594255514704,69,14
2024,11635,Ladd McConkey,WR,16,273.40000000000003,130.6,1.3192222578125,8.925,47.125,48.125,53.125,50.625,48.125,0.40611929980468753,70,15
2024,6783,Jerry Jeudy,WR,17,278.4,127.64999999999999,1.2282342109375,8.867647058823529,47.1764705882353,48.1764705882353,53.1764705882353,50.6764705882353,48.1764705882353,0.40344594255514704,73,16
2024,5045,Courtland Sutton,WR,17,272.3,121.35,1.2231406171875001,8.879411764705884,47.11764705882353,48.11764705882353,53.11764705882353,50.61764705882353,48.11764705882353,0.4047417444852941,74,17
2024,7525,DeVonta Smith,WR,13,224.60000000000002,111.6,1.1084773984375,8.692307692307692,47.23076923076923,48.23076923076923,53.23076923076923,50.73076923076923,48.23076923076923,0.40520257992788467,83,18
2024,4983,DJ Moore,WR,17,263.4,113.35,1.1027855937499997,8.826470588235296,47.411764705882355,48.411764705882355,53.411764705882355,50.911764705882355,48.411764705882355,0.4032060799632353,84,19
2024,5947,Jakobi Meyers,WR,15,245.9,111.44999999999999,1.1000795234374996,8.963333333333335,47.4,48.4,53.4,50.9,48.4,0.40235037968750004,85,20
2024,7569,Nico Collins,WR,16,241.10000000000002,97.85,1.0113291171875,8.953125,47.1875,48.1875,53.1875,50.6875,48.1875,0.40397683349609376,89,21
2024,3321,Tyreek Hill,WR,17,250.8,100.25,0.9955574218749995,8.855882352941178,47.0,48.0,53.0,50.5,48.0,0.40431141176470586,90,22
2024,8148,Jameson Williams,WR,17,250.4,100.1,0.9920408125000002,8.841176470588236,47.11764705882353,48.11764705882353,53.11764705882353,50.61764705882353,48.11764705882353,0.40546238143382357,91,23
2024,9756,Jordan Addison,WR,15,238.1,105.14999999999999,0.981895140625,8.863333333333335,47.06666666666667,48.06666666666667,53.06666666666667,50.56666666666667,48.06666666666667,0.40486467864583336,92,24
2024,9997,Zay Flowers,WR,17,244.8,93.85000000000001,0.9812860000000002,8.879411764705884,47.11764705882353,48.11764705882353,53.11764705882353,50.61764705882353,48.11764705882353,0.4047417444852941,93,25
2024,7049,Jauan Jennings,WR,15,233.0,102.3,0.9550412812499998,8.713333333333335,47.8,48.8,53.8,51.3,48.8,0.40380132864583335,94,26
2024,9493,Puka Nacua,WR,16,237.3,97.14999999999999,0.9094578828124998,8.759375,47.125,48.125,53.125,50.625,48.125,0.4035789545898438,95,27
2024,4039,Cooper Kupp,WR,12,192.9,88.1,0.8843126874999998,8.733333333333334,47.416666666666664,48.416666666666664,53.416666666666664,50.916666666666664,48.416666666666664,0.40479557421874995,97,28
2024,9500,Josh Downs,WR,14,205.2,82.1,0.8758804218749998,8.792857142857143,47.42857142857143,48.42857142857143,53.42857142857143,50.92857142857143,48.42857142857143,0.40499262723214285,98,29
2024,5846,DK Metcalf,WR,15,215.2,83.79999999999998,0.8420178437499998,8.76,47.53333333333333,48.53333333333333,53.53333333333333,51.03333333333333,48.53333333333333,0.4040731729166666,99,30
2024,10222,Jayden Reed,WR,17,225.5,74.74999999999999,0.8220016796874998,8.867647058823529,47.1764705882353,48.1764705882353,53.1764705882353,50.6764705882353,48.1764705882353,0.40344594255514704,100,31
2024,7090,Darnell Mooney,WR,16,219.20000000000002,77.85000000000001,0.80154621875,8.834375,46.9375,47.9375,52.9375,50.4375,47.9375,0.40284005322265626,102,32
2024,4981,Calvin Ridley,WR,17,226.8,76.5,0.7784686953124997,8.841176470588236,47.11764705882353,48.11764705882353,53.11764705882353,50.61764705882353,48.11764705882353,0.40546238143382357,104,33
2024,1479,Keenan Allen,WR,15,205.9,73.45,0.7314032031250002,8.830000000000002,47.53333333333333,48.53333333333333,53.53333333333333,51.03333333333333,48.53333333333333,0.4036119692708333,106,34
2024,11628,Marvin Harrison,WR,17,219.0,68.74999999999999,0.7164955390624999,8.838235294117647,46.94117647058823,47.94117647058823,52.94117647058823,50.44117647058823,47.94117647058823,0.40386825183823527,107,35
2024,8137,George Pickens,WR,14,187.8,64.05,0.6768791093749998,8.839285714285714,47.285714285714285,48.285714285714285,53.285714285714285,50.785714285714285,48.285714285714285,0.404562984375,112,36
2024,8134,Khalil Shakir,WR,16,204.4,60.8,0.6082080234374998,8.975,46.8125,47.8125,52.8125,50.3125,47.8125,0.404923169921875,114,37
2024,11624,Xavier Worthy,WR,17,209.7,59.15,0.5934226640625,8.855882352941178,47.0,48.0,53.0,50.5,48.0,0.40431141176470586,116,38
2024,9754,Quentin Johnston,WR,15,192.3,61.300000000000004,0.5828753671875002,8.733333333333333,47.6,48.6,53.6,51.1,48.6,0.40480748489583335,118,39
2024,5872,Deebo Samuel,WR,15,182.5,52.2,0.5715496874999999,8.686666666666667,47.4,48.4,53.4,50.9,48.4,0.40380060833333337,122,40
2024,8126,Wan'Dale Robinson,WR,17,200.3,50.05,0.4991725859374998,8.838235294117647,46.94117647058823,47.94117647058823,52.94117647058823,50.44117647058823,47.94117647058823,0.40386825183823527,131,41
2024,8142,Alec Pierce,WR,16,188.9,47.85,0.48473114062500017,8.815625,46.9375,47.9375,52.9375,50.4375,47.9375,0.40359783984375,134,42
2024,7571,Rashod Bateman,WR,17,195.60000000000002,44.650000000000006,0.4411528984374996,8.879411764705884,47.11764705882353,48.11764705882353,53.11764705882353,50.61764705882353,48.11764705882353,0.4047417444852941,138,43
2024,6819,Michael Pittman,WR,16,183.8,40.54999999999999,0.39155408593749996,8.953125,47.1875,48.1875,53.1875,50.6875,48.1875,0.40397683349609376,142,44
2024,7526,Jaylen Waddle,WR,16,171.9,31.24999999999999,0.32441760156250016,8.790625,46.8125,47.8125,52.8125,50.3125,47.8125,0.403140611328125,146,45
2024,8121,Romeo Doubs,WR,14,146.6,24.44999999999999,0.2645052343749999,8.725,47.714285714285715,48.714285714285715,53.714285714285715,51.214285714285715,48.714285714285715,0.40312295758928574,148,46
2024,9502,Tank Dell,WR,16,161.3,19.849999999999994,0.2304499843750002,8.840625000000001,47.0625,48.0625,53.0625,50.5625,48.0625,0.405586275390625,149,47
2024,4037,Chris Godwin,WR,17,159.5,9.249999999999995,0.18183576562499992,8.838235294117647,46.94117647058823,47.94117647058823,52.94117647058823,50.44117647058823,47.94117647058823,0.40386825183823527,155,48
2024,11618,Jalen McMillan,WR,14,145.2,21.04999999999999,0.17617147656249998,8.867857142857144,47.07142857142857,48.07142857142857,53.07142857142857,50.57142857142857,48.07142857142857,0.4067169263392857,156,49
2024,11620,Rome Odunze,WR,17,167.0,16.949999999999992,0.1441357499999999,8.826470588235296,47.411764705882355,48.411764705882355,53.411764705882355,50.911764705882355,48.411764705882355,0.4032060799632353,159,50
2024,8117,Jalen Tolbert,WR,17,164.0,13.95,0.13714157031250002,8.826470588235296,47.411764705882355,48.411764705882355,53.411764705882355,50.911764705882355,48.411764705882355,0.4032060799632353,160,51
2024,1426,DeAndre Hopkins,WR,17,162.0,11.699999999999992,0.11850245312500035,8.841176470588236,47.11764705882353,48.11764705882353,53.11764705882353,50.61764705882353,48.11764705882353,0.40546238143382357,163,52
2024,11637,Keon Coleman,WR,13,126.7,9.049999999999997,0.11144717968750001,9.05,47.0,48.0,53.0,50.5,48.0,0.40275856189903847,164,53
2024,9501,DeMario Douglas,WR,17,162.3,11.349999999999998,0.09896525781249976,8.879411764705884,47.11764705882353,48.11764705882353,53.11764705882353,50.61764705882353,48.11764705882353,0.4047417444852941,165,54
2024,5185,Allen Lazard,WR,16,142.0,1.1499999999999968,0.09031378125000017,8.803125,46.9375,47.9375,52.9375,50.4375,47.9375,0.40386133447265626,168,55
2024,5096,Ray-Ray McCloud,WR,17,160.0,8.249999999999998,0.08700678906249992,8.926470588235293,46.8235294117647,47.8235294117647,52.8235294117647,50.3235294117647,47.8235294117647,0.4036159751838235,169,56
2024,2309,Amari Cooper,WR,14,132.7,7.499999999999998,0.05799291406250018,8.942857142857143,47.214285714285715,48.214285714285715,53.214285714285715,50.714285714285715,48.214285714285715,0.4021905234375,172,57
2024,11834,Devaughn Vele,WR,13,118.0,2.2999999999999963,0.034494531250000016,8.9,47.15384615384615,48.15384615384615,53.15384615384615,50.65384615384615,48.15384615384615,0.4081812097355769,176,58
2024,11626,Xavier Legette,WR,16,138.8,-1.5500000000000052,0.024256648437500083,8.771875000000001,46.75,47.75,52.75,50.25,47.75,0.40266975390625,177,59
2024,1689,Adam Thielen,WR,17,155.0,4.749999999999993,0.015401593749999665,8.838235294117647,46.94117647058823,47.94117647058823,52.94117647058823,50.44117647058823,47.94117647058823,0.40386825183823527,178,60
2024,10232,Michael Wilson,WR,16,138.2,-1.6500000000000057,-0.01421450000000013,8.740625000000001,47.0625,48.0625,53.0625,50.5625,48.0625,0.40310809716796875,181,61
2024,7496,Nick Westbrook-Ikhine,WR,17,147.7,-2.6000000000000023,-0.01635916406250032,8.841176470588236,47.11764705882353,48.11764705882353,53.11764705882353,50.61764705882353,48.11764705882353,0.40546238143382357,182,62
2024,2449,Stefon Diggs,WR,17,138.52,-12.430000000000005,-0.02409757031250004,8.879411764705884,47.11764705882353,48.11764705882353,53.11764705882353,50.61764705882353,48.11764705882353,0.4047417444852941,184,63
2024,10213,Tre Tucker,WR,17,146.60000000000002,-4.149999999999998,-0.030820867187499934,8.867647058823529,47.1764705882353,48.1764705882353,53.1764705882353,50.6764705882353,48.1764705882353,0.40344594255514704,186,64
2024,9504,Kayshon Boutte,WR,16,137.9,-4.75,-0.037473664062500245,8.915625,47.25,48.25,53.25,50.75,48.25,0.4053133828125,188,65
2024,9494,Marvin Mims,WR,17,146.6,-4.350000000000003,-0.07066467187500003,8.879411764705884,47.11764705882353,48.11764705882353,53.11764705882353,50.61764705882353,48.11764705882353,0.4047417444852941,192,66
2024,12086,Cam Johnson,WR,1,0.0,-7.700000000000001,-0.07783518749999996,7.700000000000001,46.0,47.0,52.0,49.5,47.0,0.4169803203125,198,67
2024,11105,Shaquan Davis,WR,1,0.0,-8.3,-0.08045092968750006,8.3,45.0,46.0,51.0,48.5,46.0,0.39559553125,199,68
2024,2374,Tyler Lockett,WR,17,138.0,-12.750000000000004,-0.08364513281250041,8.867647058823529,47.1764705882353,48.1764705882353,53.1764705882353,50.6764705882353,48.1764705882353,0.40344594255514704,202,69
2024,3286,Demarcus Robinson,WR,17,135.5,-15.050000000000008,-0.09008685937500022,8.855882352941178,47.0,48.0,53.0,50.5,48.0,0.40431141176470586,206,70
2024,7670,Joshua Palmer,WR,15,121.9,-8.700000000000001,-0.09051689062500018,8.706666666666667,47.2,48.2,53.2,50.7,48.2,0.4048067645833333,207,71
2024,6149,Darius Slayton,WR,16,128.9,-13.65,-0.09218283593749982,8.909375,47.0,48.0,53.0,50.5,48.0,0.40304874755859377,209,72
2024,10230,Jalen Wayne,WR,1,0.0,-8.850000000000001,-0.09239048437500003,8.850000000000001,50.0,51.0,56.0,53.5,51.0,0.411240140625,210,73
2024,11347,Chase Cota,WR,1,0.0,-8.850000000000001,-0.09239048437500003,8.850000000000001,50.0,51.0,56.0,53.5,51.0,0.411240140625,211,74
2024,11886,Tulu Griffin,WR,1,0.0,-8.850000000000001,-0.09239048437500003,8.850000000000001,50.0,51.0,56.0,53.5,51.0,0.411240140625,212,75
2024,11982,Isaiah Washington,WR,1,0.0,-8.850000000000001,-0.09239048437500003,8.850000000000001,50.0,51.0,56.0,53.5,51.0,0.411240140625,213,76
2024,12090,Corey Crooms,WR,1,0.0,-8.850000000000001,-0.09239048437500003,8.850000000000001,50.0,51.0,56.0,53.5,51.0,0.411240140625,214,77
2024,12173,Jaxon Janke,WR,1,0.0,-10.4,-0.0962007265624999,10.4,45.0,46.0,51.0,48.5,46.0,0.41603072656249995,216,78
2024,8167,Christian Watson,WR,15,124.1,-9.750000000000007,-0.10107082812500018,8.923333333333334,46.8,47.8,52.8,50.3,47.8,0.40541913906250004,218,79
2024,5915,Andy Isabella,WR,1,0.0,-10.9,-0.11630442968750004,10.9,45.0,46.0,51.0,48.5,46.0,0.39969022656250003,220,80
2024,8831,Ethan Fernea,WR,1,0.0,-10.9,-0.11630442968750004,10.9,45.0,46.0,51.0,48.5,46.0,0.39969022656250003,221,81
2024,7596,Elijah Moore,WR,17,135.1,-15.650000000000006,-0.1231641015624999,8.867647058823529,47.1764705882353,48.1764705882353,53.1764705882353,50.6764705882353,48.1764705882353,0.40344594255514704,222,82
2024,10444,Cedric Tillman,WR,12,86.6,-18.450000000000003,-0.13652830468749982,8.754166666666668,47.083333333333336,48.083333333333336,53.083333333333336,50.583333333333336,48.083333333333336,0.4038520319010417,223,83
2024,3423,Robbie Chosen,WR,2,1.5,-15.650000000000002,-0.15881899218750006,8.575000000000001,47.5,48.5,53.5,51.0,48.5,0.4034178359375,231,84
2024,5937,Diontae Johnson,WR,14,100.0,-21.400000000000002,-0.15991070312499983,8.671428571428573,46.642857142857146,47.642857142857146,52.642857142857146,50.142857142857146,47.642857142857146,0.40452015234375,232,85
2024,8125,Calvin Austin,WR,17,130.8,-19.200000000000006,-0.16682692968750013,8.823529411764707,47.294117647058826,48.294117647058826,53.294117647058826,50.794117647058826,48.294117647058826,0.40457459650735295,234,86
2024,11646,Jalen Coker,WR,14,108.06,-17.290000000000006,-0.1690166875000002,8.95357142857143,46.92857142857143,47.92857142857143,52.92857142857143,50.42857142857143,47.92857142857143,0.4037744017857143,235,87
2024,11921,Xavier Weaver,WR,2,0.0,-18.3,-0.1782286328124999,9.15,47.0,48.0,53.0,50.5,48.0,0.40914903515625,236,88
2024,5781,Malik Turner,WR,2,0.0,-19.75,-0.20869491406250007,9.875,47.5,48.5,53.5,51.0,48.5,0.40546518359375,240,89
2024,12018,Sam Pinckney,WR,2,0.0,-20.2,-0.20924264843750007,10.1,45.0,46.0,51.0,48.5,46.0,0.39755322656250003,241,90
2024,10226,Andrei Iosivas,WR,17,129.9,-21.850000000000005,-0.22178846875000013,8.926470588235293,46.8235294117647,47.8235294117647,52.8235294117647,50.3235294117647,47.8235294117647,0.4036159751838235,243,91
2024,6271,Olamide Zaccheaus,WR,17,127.6,-23.35,-0.2294257890625001,8.879411764705884,47.11764705882353,48.11764705882353,53.11764705882353,50.61764705882353,48.11764705882353,0.4047417444852941,246,92
2024,5086,Marquez Valdes-Scantling,WR,14,96.7,-25.85,-0.24752203906249992,8.75357142857143,47.07142857142857,48.07142857142857,53.07142857142857,50.57142857142857,48.07142857142857,0.40126279631696427,254,93
2024,11918,Ahmarean Brown,WR,3,0.0,-25.55,-0.25858921093750004,8.516666666666667,48.0,49.0,54.0,51.5,49.0,0.3920658177083333,256,94
2024,9486,Dontayvion Wicks,WR,17,120.5,-30.250000000000004,-0.26234498437500026,8.867647058823529,47.1764705882353,48.1764705882353,53.1764705882353,50.6764705882353,48.1764705882353,0.40344594255514704,257,95
2024,3433,Alex Erickson,WR,3,0.0,-29.05,-0.26498898437499996,9.683333333333334,49.333333333333336,50.333333333333336,55.333333333333336,52.833333333333336,50.333333333333336,0.4112226744791667,258,96
2024,4197,Isaiah McKenzie,WR,3,0.0,-29.05,-0.26498898437499996,9.683333333333334,49.333333333333336,50.333333333333336,55.333333333333336,52.833333333333336,50.333333333333336,0.4112226744791667,259,97
2024,8745,Lance McCutcheon,WR,3,0.0,-27.0,-0.2779203046875,9.0,44.333333333333336,45.333333333333336,50.333333333333336,47.833333333333336,45.333333333333336,0.4125761770833334,263,98
2024,4234,Noah Brown,WR,15,99.30000000000001,-34.650000000000006,-0.289236828125,8.930000000000001,46.93333333333333,47.93333333333333,52.93333333333333,50.43333333333333,47.93333333333333,0.40577791041666667,264,99
2024,8917,KaVontae Turpin,WR,17,121.4,-28.650000000000006,-0.3052546874999999,8.826470588235296,47.411764705882355,48.411764705882355,53.411764705882355,50.911764705882355,48.411764705882355,0.4032060799632353,266,100
2024,11867,Jaelen Gill,WR,4,0.0,-37.900000000000006,-0.34084603124999996,9.475000000000001,48.25,49.25,54.25,51.75,49.25,0.407389619140625,272,101
2024,7562,Tutu Atwell,WR,17,114.30000000000001,-36.25000000000001,-0.34087472656249995,8.855882352941178,47.0,48.0,53.0,50.5,48.0,0.40431141176470586,273,102
2024,11133,Jaray Jenkins,WR,4,0.0,-34.85,-0.34244195312500003,8.7125,48.0,49.0,54.0,51.5,49.0,0.395231435546875,274,103
2024,7944,Michael Strachan,WR,4,0.0,-36.75,-0.3687019218750001,9.1875,45.75,46.75,51.75,49.25,46.75,0.403862599609375,281,104
2024,8180,Jalen Nailor,WR,17,112.10000000000001,-38.45,-0.3689107578125003,8.855882352941178,47.0,48.0,53.0,50.5,48.0,0.40431141176470586,282,105
2024,4177,Mack Hollins,WR,17,109.8,-41.95000000000001,-0.4059735859374998,8.926470588235293,46.8235294117647,47.8235294117647,52.8235294117647,50.3235294117647,47.8235294117647,0.4036159751838235,290,106
2024,11638,Ricky Pearsall,WR,17,106.1,-43.900000000000006,-0.4187810468750002,8.823529411764707,47.294117647058826,48.294117647058826,53.294117647058826,50.794117647058826,48.294117647058826,0.40457459650735295,292,107
2024,10869,Matt Landers,WR,5,0.0,-44.1,-0.4332554609375001,8.82,47.6,48.6,53.6,51.1,48.6,0.39709881406249997,297,108
2024,12235,Marcus Riley,WR,5,0.0,-44.1,-0.4332554609375001,8.82,47.6,48.6,53.6,51.1,48.6,0.39709881406249997,298,109
2024,9487,Parker Washington,WR,17,106.0,-45.75,-0.43518253125,8.926470588235293,46.8235294117647,47.8235294117647,52.8235294117647,50.3235294117647,47.8235294117647,0.4036159751838235,299,110
2024,7703,Jacob Harris,WR,5,0.0,-43.85,-0.4381905000000001,8.77,48.0,49.0,54.0,51.5,49.0,0.40101211093749994,300,111
2024,7237,Scotty Washington,WR,5,0.0,-48.6,-0.4506202421875,9.72,47.0,48.0,53.0,50.5,48.0,0.4066871359375,306,112
2024,8144,Chris Olave,WR,16,88.9,-54.45,-0.4644646562499997,8.959375,47.125,48.125,53.125,50.625,48.125,0.402525849609375,307,113
2024,8676,Rashid Shaheed,WR,17,94.5,-57.25,-0.47932900781249993,8.926470588235293,46.8235294117647,47.8235294117647,52.8235294117647,50.3235294117647,47.8235294117647,0.4036159751838235,310,114
2024,4351,Tim Patrick,WR,17,101.9,-48.400000000000006,-0.4868992109375001,8.841176470588236,47.11764705882353,48.11764705882353,53.11764705882353,50.61764705882353,48.11764705882353,0.40546238143382357,314,115
2024,3200,Sterling Shepard,WR,16,91.4,-50.10000000000001,-0.49029085156250024,8.84375,46.5625,47.5625,52.5625,50.0625,47.5625,0.4044479501953125,316,116
2024,3225,Tyler Boyd,WR,16,89.5,-50.400000000000006,-0.49812710937500015,8.74375,47.25,48.25,53.25,50.75,48.25,0.40480185986328127,321,117
2024,5970,Greg Dortch,WR,17,97.8,-52.45,-0.5127782421874999,8.838235294117647,46.94117647058823,47.94117647058823,52.94117647058823,50.44117647058823,47.94117647058823,0.40386825183823527,323,118
2024,6069,Stanley Morgan,WR,6,0.0,-56.1,-0.5158070156250001,9.35,47.0,48.0,53.0,50.5,48.0,0.4047312278645833,324,119
2024,7337,Easop Winston,WR,6,0.0,-56.1,-0.5158070156250001,9.35,47.0,48.0,53.0,50.5,48.0,0.4047312278645833,325,120
2024,11080,Malik Knowles,WR,6,0.0,-53.35,-0.5215078671875001,8.891666666666667,45.833333333333336,46.833333333333336,51.833333333333336,49.333333333333336,46.833333333333336,0.4077182408854167,327,121
2024,5026,Tre'Quan Smith,WR,6,0.0,-52.25,-0.5219711875000002,8.708333333333334,47.0,48.0,53.0,50.5,48.0,0.40435308984375,328,122
2024,8147,John Metchie,WR,13,60.400000000000006,-54.2,-0.530680859375,8.815384615384616,46.76923076923077,47.76923076923077,52.76923076923077,50.26923076923077,47.76923076923077,0.4035385751201923,330,123
2024,4082,Curtis Samuel,WR,14,68.7,-53.50000000000001,-0.5314433515624999,8.72857142857143,46.285714285714285,47.285714285714285,52.285714285714285,49.785714285714285,47.285714285714285,0.4031531467633928,331,124
2024,8921,Maurice Alexander,WR,7,0.0,-61.1,-0.5526665,8.72857142857143,47.714285714285715,48.714285714285715,53.714285714285715,51.214285714285715,48.714285714285715,0.40417628236607145,333,125
2024,4274,David Moore,WR,17,92.8,-57.45000000000001,-0.5650260468750001,8.838235294117647,46.94117647058823,47.94117647058823,52.94117647058823,50.44117647058823,47.94117647058823,0.40386825183823527,336,126
2024,11257,Shedrick Jackson,WR,7,0.0,-62.550000000000004,-0.57887421875,8.935714285714287,47.857142857142854,48.857142857142854,53.857142857142854,51.357142857142854,48.857142857142854,0.4044779765625,340,127
2024,7066,K.J. Osborn,WR,9,19.2,-60.400000000000006,-0.5983341640625,8.844444444444445,47.333333333333336,48.333333333333336,53.333333333333336,50.833333333333336,48.333333333333336,0.4041535737847222,346,128
2024,11610,Malik Washington,WR,14,62.3,-61.800000000000004,-0.6084041171875001,8.864285714285716,46.857142857142854,47.857142857142854,52.857142857142854,50.357142857142854,47.857142857142854,0.4044092885044643,347,129
2024,4040,JuJu Smith-Schuster,WR,14,59.6,-63.900000000000006,-0.6132222734375001,8.821428571428571,47.42857142857143,48.42857142857143,53.42857142857143,50.92857142857143,48.42857142857143,0.4042021607142857,348,130
2024,6960,Tyler Johnson,WR,15,66.6,-65.30000000000001,-0.6161531093750001,8.793333333333333,46.4,47.4,52.4,49.9,47.4,0.403710446875,350,131
2024,4992,Dante Pettis,WR,11,35.5,-64.25,-0.6234653671875002,9.068181818181818,46.27272727272727,47.27272727272727,52.27272727272727,49.77272727272727,47.27272727272727,0.4067009240056818,352,132
2024,8223,Velus Jones,WR,8,2.0,-67.0,-0.6264376640625,8.625,47.125,48.125,53.125,50.625,48.125,0.4031408935546875,354,133
2024,12134,Sam Wiglusz,WR,7,0.0,-63.400000000000006,-0.6333405781250001,9.057142857142859,46.42857142857143,47.42857142857143,52.42857142857143,49.92857142857143,47.42857142857143,0.4008917544642857,355,134
2024,11623,Jordan Whittington,WR,15,61.900000000000006,-69.30000000000001,-0.6391786406250002,8.746666666666668,47.333333333333336,48.333333333333336,53.333333333333336,50.833333333333336,48.333333333333336,0.40505403802083334,358,135
2024,4950,Christian Kirk,WR,17,80.4,-71.35000000000001,-0.6458622031250001,8.926470588235293,46.8235294117647,47.8235294117647,52.8235294117647,50.3235294117647,47.8235294117647,0.4036159751838235,360,136
2024,4198,Jamal Agnew,WR,8,0.0,-71.0,-0.6463750312500001,8.875,48.0,49.0,54.0,51.5,49.0,0.4065347744140625,361,137
2024,7587,Dyami Brown,WR,16,77.0,-65.2,-0.6508140703125,8.887500000000001,46.75,47.75,52.75,50.25,47.75,0.4053760361328125,362,138
2024,2325,Nelson Agholor,WR,14,54.1,-67.80000000000001,-0.6577147812499998,8.707142857142857,46.642857142857146,47.642857142857146,52.642857142857146,50.142857142857146,47.642857142857146,0.40335297377232143,367,139
2024,7751,Dax Milne,WR,8,0.0,-70.10000000000001,-0.6604084375,8.762500000000001,47.375,48.375,53.375,50.875,48.375,0.407670025390625,369,140
2024,10228,Charlie Jones,WR,8,5.5,-65.80000000000001,-0.6610564375000002,8.912500000000001,46.75,47.75,52.75,50.25,47.75,0.401063703125,370,141
2024,11762,Anthony Gould,WR,8,3.8000000000000003,-71.25,-0.6754407656250001,9.381250000000001,47.25,48.25,53.25,50.75,48.25,0.405624955078125,372,142
2024,11627,Troy Franklin,WR,16,72.0,-70.10000000000001,-0.6776645312499998,8.88125,46.9375,47.9375,52.9375,50.4375,47.9375,0.4043355947265625,374,143
2024,10229,Rashee Rice,WR,17,76.1,-74.45000000000002,-0.6815011796875001,8.855882352941178,47.0,48.0,53.0,50.5,48.0,0.40431141176470586,375,144
2024,11629,Devontez Walker,WR,9,9.1,-70.95,-0.683328171875,8.894444444444446,46.888888888888886,47.888888888888886,52.888888888888886,50.388888888888886,47.888888888888886,0.40879666406250004,377,145
2024,8755,Kaden Davis,WR,8,0.0,-72.9,-0.686646046875,9.1125,47.875,48.875,53.875,51.375,48.875,0.402922361328125,378,146
2024,2197,Brandin Cooks,WR,17,78.2,-71.85000000000001,-0.693051109375,8.826470588235296,47.411764705882355,48.411764705882355,53.411764705882355,50.911764705882355,48.411764705882355,0.4032060799632353,380,147
2024,11783,Ryan Flournoy,WR,11,20.700000000000003,-73.85,-0.7084053984375001,8.595454545454546,48.0,49.0,54.0,51.5,49.0,0.4047220447443182,384,148
2024,6803,Brandon Aiyuk,WR,17,73.9,-76.1,-0.7093275468749998,8.823529411764707,47.294117647058826,48.294117647058826,53.294117647058826,50.794117647058826,48.294117647058826,0.40457459650735295,385,149
2024,6712,Marcus Simms,WR,8,0.0,-71.30000000000001,-0.7153684843750001,8.912500000000001,46.75,47.75,52.75,50.25,47.75,0.401063703125,389,150
2024,11895,Mason Tipton,WR,11,24.9,-72.45,-0.7224307109374999,8.850000000000001,46.72727272727273,47.72727272727273,52.72727272727273,50.22727272727273,47.72727272727273,0.4042115788352273,390,151
2024,5110,Russell Gage,WR,9,0.0,-78.7,-0.7242102187499999,8.744444444444445,47.77777777777778,48.77777777777778,53.77777777777778,51.27777777777778,48.77777777777778,0.40769539062500004,391,152
2024,8178,Braylon Sanders,WR,9,0.0,-79.65,-0.74010396875,8.850000000000001,47.44444444444444,48.44444444444444,53.44444444444444,50.94444444444444,48.44444444444444,0.40801111458333333,396,153
2024,5113,Cedrick Wilson,WR,15,54.94,-78.21000000000001,-0.7437692031250001,8.876666666666667,47.0,48.0,53.0,50.5,48.0,0.40298673541666663,399,154
2024,4038,John Ross,WR,9,2.1,-76.35000000000001,-0.7598887812499999,8.716666666666667,46.44444444444444,47.44444444444444,52.44444444444444,49.94444444444444,47.44444444444444,0.4063095954861111,403,155
2024,6853,Van Jefferson,WR,17,69.6,-80.4,-0.7655909453124998,8.823529411764707,47.294117647058826,48.294117647058826,53.294117647058826,50.794117647058826,48.294117647058826,0.40457459650735295,406,156
2024,6943,Gabe Davis,WR,16,59.4,-83.9,-0.7753767421875,8.95625,47.0,48.0,53.0,50.5,48.0,0.4039798984375,408,157
2024,7612,Dee Eskridge,WR,10,8.4,-79.7,-0.7788314765625002,8.81,46.9,47.9,52.9,50.4,47.9,0.399358025,413,158
2024,11608,Isaiah Williams,WR,9,2.6,-81.7,-0.7792633828125001,9.366666666666667,46.77777777777778,47.77777777777778,52.77777777777778,50.27777777777778,47.77777777777778,0.4041234375,414,159
2024,5374,Justin Watson,WR,17,69.4,-81.15,-0.7811869218750003,8.855882352941178,47.0,48.0,53.0,50.5,48.0,0.40431141176470586,416,160
2024,11210,Malik Heath,WR,13,34.2,-80.5,-0.785489671875,8.823076923076924,47.15384615384615,48.15384615384615,53.15384615384615,50.65384615384615,48.15384615384615,0.4023548467548077,419,161
2024,6402,Steven Sims,WR,9,-1.8,-80.95,-0.7858254453125,8.794444444444444,47.55555555555556,48.55555555555556,53.55555555555556,51.05555555555556,48.55555555555556,0.40338420920138884,420,162
2024,5938,Lil'Jordan Humphrey,WR,17,71.8,-79.15,-0.7872938281250004,8.879411764705884,47.11764705882353,48.11764705882353,53.11764705882353,50.61764705882353,48.11764705882353,0.4047417444852941,421,163
2024,4454,Kendrick Bourne,WR,17,71.3,-79.65,-0.8031696562500004,8.879411764705884,47.11764705882353,48.11764705882353,53.11764705882353,50.61764705882353,48.11764705882353,0.4047417444852941,425,164
2024,3634,Kalif Raymond,WR,17,61.4,-88.9,-0.8212400703125001,8.841176470588236,47.11764705882353,48.11764705882353,53.11764705882353,50.61764705882353,48.11764705882353,0.40546238143382357,430,165
2024,11312,T.J. Luther,WR,10,0.0,-88.55000000000001,-0.8289256875000001,8.855,47.7,48.7,53.7,51.2,48.7,0.40010314375,434,166
2024,10234,Derius Davis,WR,15,45.0,-86.0,-0.829420375,8.733333333333333,47.6,48.6,53.6,51.1,48.6,0.40480748489583335,435,167
2024,11625,Adonai Mitchell,WR,17,64.06,-86.89,-0.8361796562500001,8.879411764705884,47.11764705882353,48.11764705882353,53.11764705882353,50.61764705882353,48.11764705882353,0.4047417444852941,438,168
2024,11034,Jalen Brooks,WR,14,40.2,-84.25,-0.8396858125,8.889285714285714,47.07142857142857,48.07142857142857,53.07142857142857,50.57142857142857,48.07142857142857,0.4019075993303572,439,169
2024,8253,Deven Thompkins,WR,11,8.1,-87.05000000000001,-0.8516678281250002,8.65,46.27272727272727,47.27272727272727,52.27272727272727,49.77272727272727,47.27272727272727,0.4047584786931818,442,170
2024,8801,Dennis Houston,WR,10,0.0,-89.85000000000001,-0.8525699140625,8.985000000000001,46.9,47.9,52.9,50.4,47.9,0.40569408828125003,443,171
2024,5101,Deon Cain,WR,10,0.0,-87.05000000000001,-0.8529985468750001,8.705000000000002,46.9,47.9,52.9,50.4,47.9,0.4016213203125,444,172
2024,2334,Phillip Dorsett,WR,10,0.0,-91.35000000000001,-0.8600524140625,9.135000000000002,46.7,47.7,52.7,50.2,47.7,0.40526521796875,448,173
2024,7541,Cornell Powell,WR,10,0.0,-91.35000000000001,-0.8600524140625,9.135000000000002,46.7,47.7,52.7,50.2,47.7,0.40526521796875,449,174
2024,6421,Jalen Guyton,WR,10,0.0,-87.95,-0.8654742656250001,8.795,46.8,47.8,52.8,50.3,47.8,0.40161038906249996,454,175
2024,1352,Robert Woods,WR,15,44.3,-90.35000000000001,-0.8841026953125004,8.976666666666667,47.333333333333336,48.333333333333336,53.333333333333336,50.833333333333336,48.333333333333336,0.40381895520833333,456,176
2024,11633,Jamari Thrash,WR,11,6.2,-93.9,-0.8979020468750001,9.100000000000001,47.09090909090909,48.09090909090909,53.09090909090909,50.59090909090909,48.09090909090909,0.4079189147727273,459,177
2024,9492,Trey Palmer,WR,15,38.2,-96.00000000000001,-0.9120890390625,8.946666666666667,46.8,47.8,52.8,50.3,47.8,0.4053861385416667,461,178
2024,4068,Mike Williams,WR,18,63.3,-95.15,-0.9154091874999999,8.802777777777779,47.111111111111114,48.111111111111114,53.111111111111114,50.611111111111114,48.111111111111114,0.40419785243055556,463,179
2024,8005,Tarik Black,WR,11,0.0,-98.05000000000001,-0.921595171875,8.913636363636364,47.18181818181818,48.18181818181818,53.18181818181818,50.68181818181818,48.18181818181818,0.40606744957386365,469,180
2024,11630,Roman Wilson,WR,11,0.0,-97.5,-0.9225425546875,8.863636363636363,47.63636363636363,48.63636363636363,53.63636363636363,51.13636363636363,48.63636363636363,0.4064741896306818,470,181
2024,7989,DJ Turner,WR,17,52.1,-98.65,-0.9227572343749999,8.867647058823529,47.1764705882353,48.1764705882353,53.1764705882353,50.6764705882353,48.1764705882353,0.40344594255514704,472,182
2024,11946,Marcus Rosemy-Jacksaint,WR,11,0.0,-94.2,-0.92775934375,8.563636363636364,47.18181818181818,48.18181818181818,53.18181818181818,50.68181818181818,48.18181818181818,0.40586119247159086,474,183
2024,6989,Marquez Callaway,WR,11,0.0,-98.25,-0.9363506015625,8.931818181818182,46.45454545454545,47.45454545454545,52.45454545454545,49.95454545454545,47.45454545454545,0.40709080610795456,477,184
2024,2078,Odell Beckham,WR,13,16.0,-96.65,-0.9494435468750002,8.665384615384616,46.61538461538461,47.61538461538461,52.61538461538461,50.11538461538461,47.61538461538461,0.4033642710336538,480,185
2024,11885,Ramel Keyton,WR,12,2.2,-101.9,-0.9564815078125,8.675,47.416666666666664,48.416666666666664,53.416666666666664,50.916666666666664,48.416666666666664,0.40432588411458337,483,186
2024,7039,Cody White,WR,12,7.4,-97.95,-0.9660923203125003,8.779166666666667,46.833333333333336,47.833333333333336,52.833333333333336,50.333333333333336,47.833333333333336,0.40283923828125,488,187
2024,3269,Chris Moore,WR,11,0.0,-98.9,-0.9677294609375,8.990909090909092,46.90909090909091,47.90909090909091,52.90909090909091,50.40909090909091,47.90909090909091,0.4015387848011364,489,188
2024,6290,Scotty Miller,WR,13,12.9,-101.60000000000001,-0.9811239765625002,8.807692307692308,47.61538461538461,48.61538461538461,53.61538461538461,51.11538461538461,48.61538461538461,0.4020607788461538,491,189
2024,8119,Jahan Dotson,WR,17,48.599999999999994,-101.70000000000002,-0.9820337109375,8.841176470588236,47.11764705882353,48.11764705882353,53.11764705882353,50.61764705882353,48.11764705882353,0.40546238143382357,493,190
2024,6598,Trenton Irwin,WR,12,5.0,-102.7,-0.990185390625,8.975,47.5,48.5,53.5,51.0,48.5,0.404512962890625,496,191
2024,7534,Seth Williams,WR,12,0.0,-105.95,-1.003623078125,8.829166666666667,47.333333333333336,48.333333333333336,53.333333333333336,50.833333333333336,48.333333333333336,0.4057507740885417,507,192
2024,11619,Ja'Lynn Polk,WR,16,33.9,-106.15,-1.0079010624999998,8.753125,47.25,48.25,53.25,50.75,48.25,0.40505746435546874,508,193
2024,11617,Malachi Corley,WR,12,6.6,-104.35000000000001,-1.0144316796875,9.245833333333334,47.166666666666664,48.166666666666664,53.166666666666664,50.666666666666664,48.166666666666664,0.4053836041666667,509,194
2024,11640,Jermaine Burton,WR,14,18.7,-106.30000000000001,-1.0171606328125002,8.928571428571429,47.0,48.0,53.0,50.5,48.0,0.40324145033482145,511,195
2024,6427,Ashton Dulin,WR,15,24.7,-106.7,-1.0176122890625,8.76,47.6,48.6,53.6,51.1,48.6,0.40538946666666664,512,196
2024,12395,Tanner Knue,WR,12,0.0,-106.15,-1.0183785078125,8.845833333333333,46.666666666666664,47.666666666666664,52.666666666666664,50.166666666666664,47.666666666666664,0.40668885091145834,513,197
2024,11645,Javon Baker,WR,12,2.7,-106.10000000000001,-1.0202585078125002,9.066666666666668,47.333333333333336,48.333333333333336,53.333333333333336,50.833333333333336,48.333333333333336,0.40562107291666666,515,198
2024,10863,A.T. Perry,WR,12,0.0,-106.85000000000001,-1.0222169921875,8.904166666666667,46.916666666666664,47.916666666666664,52.916666666666664,50.416666666666664,47.916666666666664,0.407926298828125,516,199
2024,11056,Jared Wayne,WR,12,0.0,-106.85000000000001,-1.0222169921875,8.904166666666667,46.916666666666664,47.916666666666664,52.916666666666664,50.416666666666664,47.916666666666664,0.407926298828125,517,200
2024,7606,Kadarius Toney,WR,12,-2.0,-106.0,-1.0254253984375001,8.666666666666666,46.583333333333336,47.583333333333336,52.583333333333336,50.083333333333336,47.583333333333336,0.4014818671875,518,201
2024,2410,Jamison Crowder,WR,15,27.2,-105.95,-1.0254672656250001,8.876666666666667,47.2,48.2,53.2,50.7,48.2,0.40625232499999997,520,202
2024,8188,Tyquan Thornton,WR,13,9.7,-108.10000000000001,-1.0273825156250003,9.061538461538463,47.46153846153846,48.46153846153846,53.46153846153846,50.96153846153846,48.46153846153846,0.40212780228365386,521,203
2024,11806,Casey Washington,WR,12,2.9000000000000004,-105.0,-1.028622234375,8.991666666666667,45.916666666666664,46.916666666666664,51.916666666666664,49.416666666666664,46.916666666666664,0.4034793333333333,523,204
2024,11897,Jermaine Jackson,WR,12,0.1,-107.5,-1.0330219843750001,8.966666666666667,46.25,47.25,52.25,49.75,47.25,0.40407310872395835,524,205
2024,4171,Josh Reynolds,WR,17,42.9,-108.05000000000001,-1.0347345078125,8.879411764705884,47.11764705882353,48.11764705882353,53.11764705882353,50.61764705882353,48.11764705882353,0.4047417444852941,525,206
2024,7595,Tylan Wallace,WR,17,42.300000000000004,-108.65,-1.0379844765625001,8.879411764705884,47.11764705882353,48.11764705882353,53.11764705882353,50.61764705882353,48.11764705882353,0.4047417444852941,528,207
2024,11808,Jha'Quan Jackson,WR,12,-2.0,-106.9,-1.0556106484375,8.741666666666667,46.75,47.75,52.75,50.25,47.75,0.40569586002604163,532,208
2024,11748,Bub Means,WR,16,29.8,-112.65,-1.0641731796875002,8.903125000000001,46.75,47.75,52.75,50.25,47.75,0.4035464555664062,535,209
2024,11421,Ryan Miller,WR,17,39.3,-110.95000000000002,-1.0758983593750002,8.838235294117647,46.94117647058823,47.94117647058823,52.94117647058823,50.44117647058823,47.94117647058823,0.40386825183823527,538,210
2024,5917,Mecole Hardman,WR,17,37.7,-112.85000000000001,-1.07712703125,8.855882352941178,47.0,48.0,53.0,50.5,48.0,0.40431141176470586,539,211
2024,11925,Terique Owens,WR,13,0.0,-114.05000000000001,-1.083416109375,8.773076923076925,47.15384615384615,48.15384615384615,53.15384615384615,50.65384615384615,48.15384615384615,0.4057673022836538,541,212
2024,11650,Luke McCaffrey,WR,17,38.800000000000004,-112.15,-1.0841787421875,8.879411764705884,47.11764705882353,48.11764705882353,53.11764705882353,50.61764705882353,48.11764705882353,0.4047417444852941,542,213
2024,7009,Trishton Jackson,WR,13,0.0,-115.65,-1.0858988437500001,8.896153846153847,47.07692307692308,48.07692307692308,53.07692307692308,50.57692307692308,48.07692307692308,0.40515890504807694,544,214
2024,11099,Kearis Jackson,WR,13,0.0,-114.30000000000001,-1.095471375,8.792307692307693,46.69230769230769,47.69230769230769,52.69230769230769,50.19230769230769,47.69230769230769,0.40484362079326924,550,215
2024,9490,Tyler Scott,WR,13,1.5,-114.80000000000001,-1.09555959375,8.946153846153846,47.30769230769231,48.30769230769231,53.30769230769231,50.80769230769231,48.30769230769231,0.4023341971153846,551,216
2024,10218,Xavier Hutchinson,WR,16,26.7,-113.55000000000001,-1.09740703125,8.765625,47.4375,48.4375,53.4375,50.9375,48.4375,0.4047957783203125,553,217
2024,8414,Britain Covey,WR,14,11.4,-112.65,-1.100617046875,8.860714285714286,47.07142857142857,48.07142857142857,53.07142857142857,50.57142857142857,48.07142857142857,0.4056410089285714,555,218
2024,10225,Jonathan Mingo,WR,17,35.6,-115.15,-1.1061016953124998,8.867647058823529,47.1764705882353,48.1764705882353,53.1764705882353,50.6764705882353,48.1764705882353,0.40344594255514704,560,219
2024,10221,Ronnie Bell,WR,14,5.2,-116.4,-1.1134211640625,8.685714285714287,47.42857142857143,48.42857142857143,53.42857142857143,50.92857142857143,48.42857142857143,0.4052043303571429,564,220
2024,4951,DJ Chark,WR,14,13.1,-113.85000000000001,-1.1161827734375,9.067857142857143,46.785714285714285,47.785714285714285,52.785714285714285,50.285714285714285,47.785714285714285,0.40508403236607143,566,221
2024,12383,John Jiles,WR,13,0.0,-116.35000000000001,-1.1216854296875,8.950000000000001,47.0,48.0,53.0,50.5,48.0,0.4066419104567308,569,222
2024,10867,Jake Bobo,WR,17,33.2,-117.55000000000001,-1.1235394765625,8.867647058823529,47.1764705882353,48.1764705882353,53.1764705882353,50.6764705882353,48.1764705882353,0.40344594255514704,570,223
2024,2381,Chris Conley,WR,15,15.1,-119.05000000000001,-1.1471236093750004,8.943333333333333,47.4,48.4,53.4,50.9,48.4,0.40520579739583334,579,224
2024,9499,Bryce Ford-Wheaton,WR,14,6.0,-120.2,-1.1545231562500002,9.014285714285714,47.07142857142857,48.07142857142857,53.07142857142857,50.57142857142857,48.07142857142857,0.4034799581473214,580,225
2024,8200,Kevin Austin,WR,17,32.2,-119.55000000000001,-1.1588536171875001,8.926470588235293,46.8235294117647,47.8235294117647,52.8235294117647,50.3235294117647,47.8235294117647,0.4036159751838235,582,226
2024,5848,Marquise Brown,WR,16,20.6,-121.10000000000001,-1.1595681562500002,8.856250000000001,46.8125,47.8125,52.8125,50.3125,47.8125,0.4038783662109375,583,227
2024,8204,Bo Melton,WR,17,28.6,-122.15,-1.171808671875,8.867647058823529,47.1764705882353,48.1764705882353,53.1764705882353,50.6764705882353,48.1764705882353,0.40344594255514704,589,228
2024,11616,Jacob Cowing,WR,15,13.4,-121.75,-1.1724529921875002,9.01,47.0,48.0,53.0,50.5,48.0,0.4053985010416667,591,229
2024,5773,KhaDarel Hodge,WR,17,30.599999999999998,-121.15,-1.1749006250000003,8.926470588235293,46.8235294117647,47.8235294117647,52.8235294117647,50.3235294117647,47.8235294117647,0.4036159751838235,593,230
2024,8527,Dareke Young,WR,14,0.0,-123.95,-1.1819966640625001,8.85357142857143,47.214285714285715,48.214285714285715,53.214285714285715,50.714285714285715,48.214285714285715,0.40304538671875,596,231
2024,11636,Johnny Wilson,WR,16,15.8,-123.80000000000001,-1.1834796093750002,8.725000000000001,47.4375,48.4375,53.4375,50.9375,48.4375,0.405561455078125,598,232
2024,6798,Jalen Reagor,WR,16,17.8,-123.2,-1.186960578125,8.8125,47.0625,48.0625,53.0625,50.5625,48.0625,0.40550826220703123,602,233
2024,11621,Brenden Rice,WR,14,0.0,-125.25,-1.1886970390625,8.946428571428571,46.92857142857143,47.92857142857143,52.92857142857143,50.42857142857143,47.92857142857143,0.4059826763392857,604,234
2024,8202,Michael Woods,WR,16,15.500000000000002,-124.85000000000001,-1.2009647343750003,8.771875,47.3125,48.3125,53.3125,50.8125,48.3125,0.4026593935546875,607,235
2024,5154,Trent Sherfield,WR,17,23.8,-126.75000000000001,-1.2114213359375001,8.855882352941178,47.0,48.0,53.0,50.5,48.0,0.40431141176470586,615,236
2024,9495,Rakim Jarrett,WR,17,23.900000000000002,-126.35000000000001,-1.2173941093750003,8.838235294117647,46.94117647058823,47.94117647058823,52.94117647058823,50.44117647058823,47.94117647058823,0.40386825183823527,616,237
2024,8250,Tay Martin,WR,16,13.9,-127.55000000000001,-1.22105984375,8.840625000000001,46.9375,47.9375,52.9375,50.4375,47.9375,0.405101271484375,617,238
2024,4854,River Cracraft,WR,16,15.600000000000001,-127.45,-1.2339672968750002,8.940625,47.0,48.0,53.0,50.5,48.0,0.40489639453125,624,239
2024,7757,Ben Skowronek,WR,16,13.9,-127.35000000000001,-1.237635890625,8.828125,46.9375,47.9375,52.9375,50.4375,47.9375,0.40519844140625,626,240
2024,6847,Devin Duvernay,WR,17,24.0,-127.75,-1.2437360312499999,8.926470588235293,46.8235294117647,47.8235294117647,52.8235294117647,50.3235294117647,47.8235294117647,0.4036159751838235,628,241
2024,7812,Simi Fehoko,WR,17,19.6,-130.70000000000002,-1.248930015625,8.841176470588236,47.11764705882353,48.11764705882353,53.11764705882353,50.61764705882353,48.11764705882353,0.40546238143382357,629,242
2024,11994,Kameron Johnson,WR,15,2.0,-128.55,-1.2546440937500003,8.703333333333335,47.0,48.0,53.0,50.5,48.0,0.403000084375,634,243
2024,6814,Laviska Shenault,WR,16,11.9,-132.15,-1.2624762421875,9.003125,46.875,47.875,52.875,50.375,47.875,0.4027807036132812,637,244
2024,12410,John Jackson,WR,15,0.0,-132.9,-1.264037125,8.860000000000001,47.4,48.4,53.4,50.9,48.4,0.4031778458333333,638,245
2024,6895,Quintez Cephus,WR,15,0.0,-133.4,-1.26578990625,8.893333333333334,46.93333333333333,47.93333333333333,52.93333333333333,50.43333333333333,47.93333333333333,0.4044305552083333,639,246
2024,8114,Erik Ezukanma,WR,15,0.0,-131.4,-1.2673508671875002,8.76,46.733333333333334,47.733333333333334,52.733333333333334,50.233333333333334,47.733333333333334,0.40417801302083334,640,247
2024,11615,Ainias Smith,WR,17,18.6,-131.70000000000002,-1.26801571875,8.841176470588236,47.11764705882353,48.11764705882353,53.11764705882353,50.61764705882353,48.11764705882353,0.40546238143382357,643,248
2024,11815,Cornelius Johnson,WR,15,0.0,-133.6,-1.2699826250000001,8.906666666666666,47.13333333333333,48.13333333333333,53.13333333333333,50.63333333333333,48.13333333333333,0.4034496901041667,644,249
2024,5965,Miles Boykin,WR,15,0.0,-133.6,-1.2699826250000001,8.906666666666666,47.13333333333333,48.13333333333333,53.13333333333333,50.63333333333333,48.13333333333333,0.4034496901041667,645,250
2024,7713,Jaelon Darden,WR,15,2.1,-132.15,-1.2722008515625003,8.95,47.13333333333333,48.13333333333333,53.13333333333333,50.63333333333333,48.13333333333333,0.4035456286458333,646,251
2024,4080,Zay Jones,WR,17,18.900000000000002,-131.35,-1.2818383046875002,8.838235294117647,46.94117647058823,47.94117647058823,52.94117647058823,50.44117647058823,47.94117647058823,0.40386825183823527,652,252
2024,2750,DeAndre Carter,WR,17,15.7,-134.35,-1.2868185625,8.826470588235296,47.411764705882355,48.411764705882355,53.411764705882355,50.911764705882355,48.411764705882355,0.4032060799632353,657,253
2024,11959,Bryce Oliver,WR,17,17.5,-132.8,-1.2874673750000003,8.841176470588236,47.11764705882353,48.11764705882353,53.11764705882353,50.61764705882353,48.11764705882353,0.40546238143382357,659,254
2024,5695,Brandon Powell,WR,17,16.6,-133.95000000000002,-1.2893226640625,8.855882352941178,47.0,48.0,53.0,50.5,48.0,0.40431141176470586,663,255
2024,5880,Parris Campbell,WR,17,15.0,-135.3,-1.2907731093750001,8.841176470588236,47.11764705882353,48.11764705882353,53.11764705882353,50.61764705882353,48.11764705882353,0.40546238143382357,664,256
2024,9497,Jalin Hyatt,WR,17,15.7,-134.55,-1.2952284843750002,8.838235294117647,46.94117647058823,47.94117647058823,52.94117647058823,50.44117647058823,47.94117647058823,0.40386825183823527,670,257
2024,7565,Terrace Marshall,WR,16,7.600000000000001,-134.75,-1.2952467500000002,8.896875,47.5,48.5,53.5,51.0,48.5,0.4023451899414062,671,258
2024,7357,Dan Chisena,WR,16,7.7,-134.65,-1.2997654140625001,8.896875000000001,46.8125,47.8125,52.8125,50.3125,47.8125,0.40396830859375,673,259
2024,6386,Alex Bachman,WR,16,7.1,-135.45000000000002,-1.3003766328125002,8.909375,47.0,48.0,53.0,50.5,48.0,0.40304874755859377,676,260
2024,11306,Xavier Gipson,WR,17,16.099999999999998,-135.65,-1.3051846875000002,8.926470588235293,46.8235294117647,47.8235294117647,52.8235294117647,50.3235294117647,47.8235294117647,0.4036159751838235,679,261
2024,7559,Ihmir Smith-Marsette,WR,16,6.0,-135.4,-1.3083657031250002,8.8375,46.75,47.75,52.75,50.25,47.75,0.4034075087890625,687,262
2024,11377,Tyrell Shavers,WR,17,16.9,-134.85000000000002,-1.3101579765625002,8.926470588235293,46.8235294117647,47.8235294117647,52.8235294117647,50.3235294117647,47.8235294117647,0.4036159751838235,690,263
2024,6957,James Proche,WR,16,3.5999999999999996,-139.25,-1.327198125,8.928125,47.0625,48.0625,53.0625,50.5625,48.0625,0.40351960498046874,697,264
2024,5013,Anthony Miller,WR,16,3.1,-137.45000000000002,-1.3333414453125003,8.784375,47.25,48.25,53.25,50.75,48.25,0.40403618310546874,702,265
2024,7438,Kristian Wilkerson,WR,17,10.3,-140.45000000000002,-1.3347357421875001,8.867647058823529,47.1764705882353,48.1764705882353,53.1764705882353,50.6764705882353,48.1764705882353,0.40344594255514704,703,266
2024,8475,Montrell Washington,WR,16,0.0,-140.15,-1.3424305937500003,8.759375,47.125,48.125,53.125,50.625,48.125,0.4035789545898438,710,267
2024,11911,Jeshaun Jones,WR,16,0.0,-141.70000000000002,-1.3462408359375,8.856250000000001,46.8125,47.8125,52.8125,50.3125,47.8125,0.4038783662109375,711,268
2024,8783,Kendric Pryor,WR,16,1.9,-141.0,-1.3490952890625,8.93125,46.625,47.625,52.625,50.125,47.625,0.40313946484375,712,269
2024,11053,Antoine Green,WR,16,0.0,-141.45000000000002,-1.351175875,8.840625000000001,46.9375,47.9375,52.9375,50.4375,47.9375,0.405101271484375,718,270
2024,8176,Danny Gray,WR,16,0.0,-141.45000000000002,-1.351175875,8.840625000000001,46.9375,47.9375,52.9375,50.4375,47.9375,0.405101271484375,719,271
2024,8135,Treylon Burks,WR,17,9.4,-140.9,-1.3521390625,8.841176470588236,47.11764705882353,48.11764705882353,53.11764705882353,50.61764705882353,48.11764705882353,0.40546238143382357,721,272
2024,11168,Xavier Smith,WR,17,8.0,-142.55,-1.3630640234375002,8.855882352941178,47.0,48.0,53.0,50.5,48.0,0.40431141176470586,731,273
2024,11474,Dylan Drummond,WR,16,0.0,-141.85,-1.3654079375000001,8.865625,46.625,47.625,52.625,50.125,47.625,0.4024017099609375,732,274
2024,11320,Nikko Remigio,WR,17,7.800000000000001,-142.75,-1.3671958671875002,8.855882352941178,47.0,48.0,53.0,50.5,48.0,0.40431141176470586,733,275
2024,9489,Justin Shorter,WR,16,0.0,-143.25,-1.3776372656250002,8.953125,47.1875,48.1875,53.1875,50.6875,48.1875,0.40397683349609376,734,276
2024,6234,Deonte Harty,WR,16,0.0,-142.8,-1.3783795859375,8.925,47.125,48.125,53.125,50.625,48.125,0.40611929980468753,735,277
2024,7729,Dez Fitzpatrick,WR,16,0.0,-142.8,-1.3783795859375,8.925,47.125,48.125,53.125,50.625,48.125,0.40611929980468753,736,278
2024,8013,Tim Jones,WR,17,8.6,-143.15,-1.3784870546875,8.926470588235293,46.8235294117647,47.8235294117647,52.8235294117647,50.3235294117647,47.8235294117647,0.4036159751838235,737,279
2024,1992,Allen Robinson,WR,17,7.5,-142.8,-1.3796477031250003,8.841176470588236,47.11764705882353,48.11764705882353,53.11764705882353,50.61764705882353,48.11764705882353,0.40546238143382357,738,280
2024,6154,David Sills,WR,16,0.0,-142.20000000000002,-1.3803927265625,8.887500000000001,46.75,47.75,52.75,50.25,47.75,0.4053760361328125,739,281
2024,6805,KJ Hamler,WR,16,0.0,-144.05,-1.3812812812500002,9.003125,46.875,47.875,52.875,50.375,47.875,0.4027807036132812,740,282
2024,8171,Kyle Philips,WR,16,0.0,-143.6,-1.3820236015625,8.975,46.8125,47.8125,52.8125,50.3125,47.8125,0.404923169921875,741,283
2024,8416,Jalen Virgil,WR,16,0.0,-142.9,-1.383259421875,8.93125,46.9375,47.9375,52.9375,50.4375,47.9375,0.4040988203125,742,284
2024,8118,David Bell,WR,17,6.2,-144.55,-1.3833895156250002,8.867647058823529,47.1764705882353,48.1764705882353,53.1764705882353,50.6764705882353,48.1764705882353,0.40344594255514704,743,285
2024,11024,Grant DuBose,WR,17,3.5999999999999996,-146.95000000000002,-1.4056025859375,8.855882352941178,47.0,48.0,53.0,50.5,48.0,0.40431141176470586,745,286
2024,7436,Mason Kinsey,WR,17,4.2,-146.10000000000002,-1.4073060000000002,8.841176470588236,47.11764705882353,48.11764705882353,53.11764705882353,50.61764705882353,48.11764705882353,0.40546238143382357,746,287
2024,7746,Austin Trammell,WR,17,5.0,-146.75,-1.4119437031250002,8.926470588235293,46.8235294117647,47.8235294117647,52.8235294117647,50.3235294117647,47.8235294117647,0.4036159751838235,747,288
2024,6857,Collin Johnson,WR,17,2.1,-147.95000000000002,-1.4190743203125,8.826470588235296,47.411764705882355,48.411764705882355,53.411764705882355,50.911764705882355,48.411764705882355,0.4032060799632353,749,289
2024,6920,Isaiah Hodgins,WR,17,3.2,-147.05,-1.4198915546875002,8.838235294117647,46.94117647058823,47.94117647058823,52.94117647058823,50.44117647058823,47.94117647058823,0.40386825183823527,750,290
2024,4218,Trent Taylor,WR,17,2.1,-147.9,-1.4209014765625,8.823529411764707,47.294117647058826,48.294117647058826,53.294117647058826,50.794117647058826,48.294117647058826,0.40457459650735295,751,291
2024,8756,Brandon Johnson,WR,17,1.9,-148.1,-1.422191421875,8.823529411764707,47.294117647058826,48.294117647058826,53.294117647058826,50.794117647058826,48.294117647058826,0.40457459650735295,752,292
2024,7521,Chris Blair,WR,17,3.2,-148.55,-1.4296801953125,8.926470588235293,46.8235294117647,47.8235294117647,52.8235294117647,50.3235294117647,47.8235294117647,0.4036159751838235,753,293
2024,11506,Jalen Moreno-Cropper,WR,17,0.0,-150.05,-1.4368785390625,8.826470588235296,47.411764705882355,48.411764705882355,53.411764705882355,50.911764705882355,48.411764705882355,0.4032060799632353,754,294
2024,5884,Kelvin Harmon,WR,17,0.0,-150.05,-1.4368785390625,8.826470588235296,47.411764705882355,48.411764705882355,53.411764705882355,50.911764705882355,48.411764705882355,0.4032060799632353,755,295
2024,6387,Nsimba Webster,WR,17,0.0,-150.05,-1.4368785390625,8.826470588235296,47.411764705882355,48.411764705882355,53.411764705882355,50.911764705882355,48.411764705882355,0.4032060799632353,756,296
2024,8235,Samori Toure,WR,17,0.0,-150.05,-1.4368785390625,8.826470588235296,47.411764705882355,48.411764705882355,53.411764705882355,50.911764705882355,48.411764705882355,0.4032060799632353,757,297
2024,11073,Thayer Thomas,WR,17,0.0,-150.55,-1.4386313203125,8.855882352941178,47.0,48.0,53.0,50.5,48.0,0.40431141176470586,758,298
2024,11520,Lucky Jackson,WR,17,0.0,-150.55,-1.4386313203125,8.855882352941178,47.0,48.0,53.0,50.5,48.0,0.40431141176470586,759,299
2024,11821,Tahj Washington,WR,17,0.0,-150.55,-1.4386313203125,8.855882352941178,47.0,48.0,53.0,50.5,48.0,0.40431141176470586,760,300
2024,12133,Drake Stoops,WR,17,0.0,-150.55,-1.4386313203125,8.855882352941178,47.0,48.0,53.0,50.5,48.0,0.40431141176470586,761,301
2024,5121,Braxton Berrios,WR,17,0.0,-150.55,-1.4386313203125,8.855882352941178,47.0,48.0,53.0,50.5,48.0,0.40431141176470586,762,302
2024,7533,Anthony Schwartz,WR,17,0.0,-150.55,-1.4386313203125,8.855882352941178,47.0,48.0,53.0,50.5,48.0,0.40431141176470586,763,303
2024,8140,Justyn Ross,WR,17,0.0,-150.55,-1.4386313203125,8.855882352941178,47.0,48.0,53.0,50.5,48.0,0.40431141176470586,764,304
2024,8168,Skyy Moore,WR,17,0.0,-150.55,-1.4386313203125,8.855882352941178,47.0,48.0,53.0,50.5,48.0,0.40431141176470586,765,305
2024,6927,Quez Watkins,WR,17,0.0,-150.0,-1.439578703125,8.823529411764707,47.294117647058826,48.294117647058826,53.294117647058826,50.794117647058826,48.294117647058826,0.40457459650735295,766,306
2024,11850,Jeff Foreman,WR,17,0.0,-150.75,-1.4428240390625002,8.867647058823529,47.1764705882353,48.1764705882353,53.1764705882353,50.6764705882353,48.1764705882353,0.40344594255514704,767,307
2024,12151,Julian Hicks,WR,17,0.0,-150.75,-1.4428240390625002,8.867647058823529,47.1764705882353,48.1764705882353,53.1764705882353,50.6764705882353,48.1764705882353,0.40344594255514704,768,308
2024,11046,Colton Dowell,WR,17,0.0,-150.3,-1.443566359375,8.841176470588236,47.11764705882353,48.11764705882353,53.11764705882353,50.61764705882353,48.11764705882353,0.40546238143382357,769,309
2024,11874,Jaylen Johnson,WR,17,0.0,-150.3,-1.443566359375,8.841176470588236,47.11764705882353,48.11764705882353,53.11764705882353,50.61764705882353,48.11764705882353,0.40546238143382357,770,310
2024,6588,Tom Kennedy,WR,17,0.0,-150.3,-1.443566359375,8.841176470588236,47.11764705882353,48.11764705882353,53.11764705882353,50.61764705882353,48.11764705882353,0.40546238143382357,771,311
2024,6824,Donovan Peoples-Jones,WR,17,0.0,-150.3,-1.443566359375,8.841176470588236,47.11764705882353,48.11764705882353,53.11764705882353,50.61764705882353,48.11764705882353,0.40546238143382357,772,312
2024,11157,Brycen Tremayne,WR,17,0.8,-150.15,-1.448163171875,8.879411764705884,47.11764705882353,48.11764705882353,53.11764705882353,50.61764705882353,48.11764705882353,0.4047417444852941,774,313
2024,11802,Tejhaun Palmer,WR,17,0.0,-150.25,-1.4516339687500002,8.838235294117647,46.94117647058823,47.94117647058823,52.94117647058823,50.44117647058823,47.94117647058823,0.40386825183823527,775,314
2024,12370,Praise Olatoke,WR,17,0.0,-150.25,-1.4516339687500002,8.838235294117647,46.94117647058823,47.94117647058823,52.94117647058823,50.44117647058823,47.94117647058823,0.40386825183823527,776,315
2024,4319,Zach Pascal,WR,17,0.0,-150.25,-1.4516339687500002,8.838235294117647,46.94117647058823,47.94117647058823,52.94117647058823,50.44117647058823,47.94117647058823,0.40386825183823527,777,316
2024,6171,Cody Thompson,WR,17,0.0,-150.25,-1.4516339687500002,8.838235294117647,46.94117647058823,47.94117647058823,52.94117647058823,50.44117647058823,47.94117647058823,0.40386825183823527,778,317
2024,6699,Gunner Olszewski,WR,17,0.0,-150.25,-1.4516339687500002,8.838235294117647,46.94117647058823,47.94117647058823,52.94117647058823,50.44117647058823,47.94117647058823,0.40386825183823527,779,318
2024,7233,Andre Baccellia,WR,17,0.0,-150.25,-1.4516339687500002,8.838235294117647,46.94117647058823,47.94117647058823,52.94117647058823,50.44117647058823,47.94117647058823,0.40386825183823527,780,319
2024,10860,Malik Cunningham,WR,17,0.0,-150.95000000000002,-1.455472453125,8.879411764705884,47.11764705882353,48.11764705882353,53.11764705882353,50.61764705882353,48.11764705882353,0.4047417444852941,781,320
2024,11068,Mitchell Tinsley,WR,17,0.0,-150.95000000000002,-1.455472453125,8.879411764705884,47.11764705882353,48.11764705882353,53.11764705882353,50.61764705882353,48.11764705882353,0.4047417444852941,782,321
2024,11070,Kazmeir Allen,WR,17,0.0,-150.95000000000002,-1.455472453125,8.879411764705884,47.11764705882353,48.11764705882353,53.11764705882353,50.61764705882353,48.11764705882353,0.4047417444852941,783,322
2024,11940,JaQuae Jackson,WR,17,0.0,-150.95000000000002,-1.455472453125,8.879411764705884,47.11764705882353,48.11764705882353,53.11764705882353,50.61764705882353,48.11764705882353,0.4047417444852941,784,323
2024,11964,Dayton Wade,WR,17,0.0,-150.95000000000002,-1.455472453125,8.879411764705884,47.11764705882353,48.11764705882353,53.11764705882353,50.61764705882353,48.11764705882353,0.4047417444852941,785,324
2024,11969,Xavier Johnson,WR,17,0.0,-150.95000000000002,-1.455472453125,8.879411764705884,47.11764705882353,48.11764705882353,53.11764705882353,50.61764705882353,48.11764705882353,0.4047417444852941,786,325
2024,12267,Qadir Ismail,WR,17,0.0,-150.95000000000002,-1.455472453125,8.879411764705884,47.11764705882353,48.11764705882353,53.11764705882353,50.61764705882353,48.11764705882353,0.4047417444852941,787,326
2024,3155,Laquon Treadwell,WR,17,0.0,-150.95000000000002,-1.455472453125,8.879411764705884,47.11764705882353,48.11764705882353,53.11764705882353,50.61764705882353,48.11764705882353,0.4047417444852941,788,327
2024,5134,Keith Kirkwood,WR,17,0.0,-150.95000000000002,-1.455472453125,8.879411764705884,47.11764705882353,48.11764705882353,53.11764705882353,50.61764705882353,48.11764705882353,0.4047417444852941,789,328
2024,6223,Juwann Winfree,WR,17,0.0,-150.95000000000002,-1.455472453125,8.879411764705884,47.11764705882353,48.11764705882353,53.11764705882353,50.61764705882353,48.11764705882353,0.4047417444852941,790,329
2024,6453,D.J. Montgomery,WR,17,0.0,-150.95000000000002,-1.455472453125,8.879411764705884,47.11764705882353,48.11764705882353,53.11764705882353,50.61764705882353,48.11764705882353,0.4047417444852941,791,330
2024,8076,Michael Bandy,WR,17,0.0,-150.95000000000002,-1.455472453125,8.879411764705884,47.11764705882353,48.11764705882353,53.11764705882353,50.61764705882353,48.11764705882353,0.4047417444852941,792,331
2024,8185,Johnny Johnson,WR,17,0.0,-150.95000000000002,-1.455472453125,8.879411764705884,47.11764705882353,48.11764705882353,53.11764705882353,50.61764705882353,48.11764705882353,0.4047417444852941,793,332
2024,11139,Elijah Cooks,WR,17,0.0,-151.75,-1.45911646875,8.926470588235293,46.8235294117647,47.8235294117647,52.8235294117647,50.3235294117647,47.8235294117647,0.4036159751838235,795,333
2024,11311,Jason Brownlee,WR,17,0.0,-151.75,-1.45911646875,8.926470588235293,46.8235294117647,47.8235294117647,52.8235294117647,50.3235294117647,47.8235294117647,0.4036159751838235,796,334
2024,11452,Jesse Matthews,WR,17,0.0,-151.75,-1.45911646875,8.926470588235293,46.8235294117647,47.8235294117647,52.8235294117647,50.3235294117647,47.8235294117647,0.4036159751838235,797,335
2024,12114,Joshua Cephus,WR,17,0.0,-151.75,-1.45911646875,8.926470588235293,46.8235294117647,47.8235294117647,52.8235294117647,50.3235294117647,47.8235294117647,0.4036159751838235,798,336
2024,12210,Cole Burgess,WR,17,0.0,-151.75,-1.45911646875,8.926470588235293,46.8235294117647,47.8235294117647,52.8235294117647,50.3235294117647,47.8235294117647,0.4036159751838235,799,337
2024,12224,David White,WR,17,0.0,-151.75,-1.45911646875,8.926470588235293,46.8235294117647,47.8235294117647,52.8235294117647,50.3235294117647,47.8235294117647,0.4036159751838235,800,338
2024,5323,Equanimeous St. Brown,WR,17,0.0,-151.75,-1.45911646875,8.926470588235293,46.8235294117647,47.8235294117647,52.8235294117647,50.3235294117647,47.8235294117647,0.4036159751838235,801,339
2024,6239,Malik Taylor,WR,17,0.0,-151.75,-1.45911646875,8.926470588235293,46.8235294117647,47.8235294117647,52.8235294117647,50.3235294117647,47.8235294117647,0.4036159751838235,802,340
2024,7601,Rondale Moore,WR,17,0.0,-151.75,-1.45911646875,8.926470588235293,46.8235294117647,47.8235294117647,52.8235294117647,50.3235294117647,47.8235294117647,0.4036159751838235,803,341
2024,7865,Brandon Smith,WR,17,0.0,-151.75,-1.45911646875,8.926470588235293,46.8235294117647,47.8235294117647,52.8235294117647,50.3235294117647,47.8235294117647,0.4036159751838235,804,342
2024,8861,Irv Charles,WR,17,0.0,-151.75,-1.45911646875,8.926470588235293,46.8235294117647,47.8235294117647,52.8235294117647,50.3235294117647,47.8235294117647,0.4036159751838235,805,343
2025,9493,Puka Nacua,WR,16,427.0,286.29,2.8589723828124995,8.794375,42.8125,43.8125,48.8125,46.3125,43.8125,0.41047562890625,16,1
2025,9488,Jaxon Smith-Njigba,WR,17,418.8,269.59,2.6303236171874995,8.777058823529412,42.94117647058823,43.94117647058823,48.94117647058823,46.44117647058823,43.94117647058823,0.4109915395220588,21,2
2025,7547,Amon-Ra St. Brown,WR,17,361.1,211.89,2.0556152109375,8.777058823529412,42.94117647058823,43.94117647058823,48.94117647058823,46.44117647058823,43.94117647058823,0.4109915395220588,32,3
2025,7564,Ja'Marr Chase,WR,17,357.7,207.89,2.026688171875,8.81235294117647,43.23529411764706,44.23529411764706,49.23529411764706,46.73529411764706,44.23529411764706,0.4111798336397059,34,4
2025,8137,George Pickens,WR,17,333.9,184.09,1.7971287109374998,8.81235294117647,43.23529411764706,44.23529411764706,49.23529411764706,46.73529411764706,44.23529411764706,0.4111798336397059,44,5
2025,8144,Chris Olave,WR,16,298.7,158.69,1.5121198125,8.750625000000001,43.75,44.75,49.75,47.25,44.75,0.4107571577148438,56,6
2025,9997,Zay Flowers,WR,17,278.8,129.98999999999998,1.3314707968750001,8.753529411764706,43.11764705882353,44.11764705882353,49.11764705882353,46.61764705882353,44.11764705882353,0.4110855399816177,63,7
2025,7569,Nico Collins,WR,15,259.6,126.94,1.2725120859375,8.844,43.333333333333336,44.333333333333336,49.333333333333336,46.833333333333336,44.333333333333336,0.41071425572916664,65,8
2025,2133,Davante Adams,WR,14,244.4,122.54,1.2288393437499998,8.704285714285714,43.357142857142854,44.357142857142854,49.357142857142854,46.857142857142854,44.357142857142854,0.4089238470982143,66,9
2025,8112,Drake London,WR,12,229.39999999999998,122.39999999999999,1.1907105078124998,8.916666666666666,42.75,43.75,48.75,46.25,43.75,0.41300294791666664,69,10
2025,6786,CeeDee Lamb,WR,14,232.10000000000002,108.49000000000001,1.1127362656249997,8.829285714285716,43.285714285714285,44.285714285714285,49.285714285714285,46.785714285714285,44.285714285714285,0.41255646484375,73,11
2025,5859,A.J. Brown,WR,16,246.3,106.69,1.0617181406250003,8.725625,43.0,44.0,49.0,46.5,44.0,0.41055688085937503,76,12
2025,8148,Jameson Williams,WR,17,253.1,103.89,1.0593630234375002,8.777058823529412,42.94117647058823,43.94117647058823,48.94117647058823,46.44117647058823,43.94117647058823,0.4109915395220588,77,13
2025,5045,Courtland Sutton,WR,17,247.20000000000002,97.65,1.0116842343749997,8.797058823529412,43.35294117647059,44.35294117647059,49.35294117647059,46.85294117647059,44.35294117647059,0.4118887789522059,80,14
2025,6801,Tee Higgins,WR,15,233.6,101.78999999999999,0.9835030390625001,8.787333333333333,43.53333333333333,44.53333333333333,49.53333333333333,47.03333333333333,44.53333333333333,0.41250239322916665,82,15
2025,10232,Michael Wilson,WR,17,248.6,99.38999999999999,0.9277524687500001,8.777058823529412,42.94117647058823,43.94117647058823,48.94117647058823,46.44117647058823,43.94117647058823,0.4109915395220588,85,16
2025,12526,Tetairoa McMillan,WR,17,241.4,91.89,0.9248638828124998,8.794705882352943,43.1764705882353,44.1764705882353,49.1764705882353,46.6764705882353,44.1764705882353,0.411352546875,86,17
2025,8126,Wan'Dale Robinson,WR,17,241.5,91.99,0.8815511250000003,8.794705882352943,43.1764705882353,44.1764705882353,49.1764705882353,46.6764705882353,44.1764705882353,0.411352546875,89,18
2025,2449,Stefon Diggs,WR,17,238.8,89.29,0.8670622890625,8.794705882352943,43.1764705882353,44.1764705882353,49.1764705882353,46.6764705882353,44.1764705882353,0.411352546875,91,19
2025,7526,Jaylen Waddle,WR,16,222.51999999999998,81.76999999999998,0.8312565624999999,8.796875,43.75,44.75,49.75,47.25,44.75,0.41179449609375,95,20
2025,6794,Justin Jefferson,WR,17,229.4,79.84,0.820995765625,8.797647058823529,43.23529411764706,44.23529411764706,49.23529411764706,46.73529411764706,44.23529411764706,0.4114679563419118,96,21
2025,8142,Alec Pierce,WR,15,209.8,79.44,0.81471646875,8.690666666666667,43.4,44.4,49.4,46.9,44.4,0.4122660130208333,97,22
2025,6819,Michael Pittman,WR,17,223.4,74.58999999999999,0.7726698593749997,8.753529411764706,43.35294117647059,44.35294117647059,49.35294117647059,46.85294117647059,44.35294117647059,0.4109124604779412,100,23
2025,7525,DeVonta Smith,WR,17,229.79999999999998,82.08999999999999,0.7720984921875,8.688823529411765,43.294117647058826,44.294117647058826,49.294117647058826,46.794117647058826,44.294117647058826,0.41116201240808825,101,24
2025,12514,Emeka Egbuka,WR,17,218.1,70.38999999999999,0.7444122421874997,8.688823529411765,43.294117647058826,44.294117647058826,49.294117647058826,46.794117647058826,44.294117647058826,0.41116201240808825,102,25
2025,5872,Deebo Samuel,WR,16,207.6,66.55,0.7159196249999996,8.815625,43.25,44.25,49.25,46.75,44.25,0.41142894580078126,103,26
2025,5947,Jakobi Meyers,WR,16,199.3,58.59,0.6429849843750001,8.794375,42.8125,43.8125,48.8125,46.3125,43.8125,0.41047562890625,111,27
2025,5846,DK Metcalf,WR,17,210.1,61.44,0.6282714062499999,8.74470588235294,42.8235294117647,43.8235294117647,48.8235294117647,46.3235294117647,43.8235294117647,0.4117469885110294,113,28
2025,9754,Quentin Johnston,WR,15,187.1,54.5,0.6058671953124999,8.84,43.4,44.4,49.4,46.9,44.4,0.4114555447916667,119,29
2025,9487,Parker Washington,WR,16,206.60000000000002,65.19,0.6038448359375002,8.838125,42.875,43.875,48.875,46.375,43.875,0.41075932373046875,120,30
2025,1479,Keenan Allen,WR,17,206.2,56.64999999999999,0.5940525937500001,8.797058823529412,43.35294117647059,44.35294117647059,49.35294117647059,46.85294117647059,44.35294117647059,0.4118887789522059,122,31
2025,7049,Jauan Jennings,WR,15,188.8,57.19,0.5556383046875,8.774000000000001,42.733333333333334,43.733333333333334,48.733333333333334,46.233333333333334,43.733333333333334,0.41195406562500003,126,32
2025,11620,Rome Odunze,WR,13,163.6,50.08999999999999,0.5503790312500001,8.731538461538461,43.15384615384615,44.15384615384615,49.15384615384615,46.65384615384615,44.15384615384615,0.4094668846153846,127,33
2025,11635,Ladd McConkey,WR,17,199.4,49.85,0.49319158593750007,8.797058823529412,43.35294117647059,44.35294117647059,49.35294117647059,46.85294117647059,44.35294117647059,0.4118887789522059,129,34
2025,5927,Terry McLaurin,WR,10,134.2,44.949999999999996,0.46615223437500003,8.925,43.7,44.7,49.7,47.2,44.7,0.41108188125,132,35
2025,4983,DJ Moore,WR,17,193.68,45.019999999999996,0.4300051953124998,8.74470588235294,42.8235294117647,43.8235294117647,48.8235294117647,46.3235294117647,43.8235294117647,0.4117469885110294,133,36
2025,11627,Troy Franklin,WR,17,194.1,44.55,0.4149706328124999,8.797058823529412,43.35294117647059,44.35294117647059,49.35294117647059,46.85294117647059,44.35294117647059,0.4118887789522059,135,37
2025,8121,Romeo Doubs,WR,17,184.9,36.239999999999995,0.36667211718749976,8.74470588235294,42.8235294117647,43.8235294117647,48.8235294117647,46.3235294117647,43.8235294117647,0.4117469885110294,140,38
2025,8134,Khalil Shakir,WR,17,185.6,36.78999999999999,0.3655553281249999,8.753529411764706,43.11764705882353,44.11764705882353,49.11764705882353,46.61764705882353,44.11764705882353,0.4110855399816177,141,39
2025,10213,Tre Tucker,WR,17,181.9,32.69,0.3489959296874999,8.777058823529412,42.94117647058823,43.94117647058823,48.94117647058823,46.44117647058823,43.94117647058823,0.4109915395220588,143,40
2025,11628,Marvin Harrison,WR,13,142.8,26.85,0.3164482421874998,8.919230769230769,43.15384615384615,44.15384615384615,49.15384615384615,46.65384615384615,44.15384615384615,0.4097568179086538,147,41
2025,11631,Brian Thomas,WR,14,156.4,30.949999999999996,0.2968776249999999,8.960714285714285,43.214285714285715,44.214285714285715,49.214285714285715,46.714285714285715,44.214285714285715,0.41010239620535716,150,42
2025,10229,Rashee Rice,WR,16,166.1,26.089999999999996,0.2528980468750001,8.750625000000001,43.25,44.25,49.25,46.75,44.25,0.41034177392578125,154,43
2025,8676,Rashid Shaheed,WR,18,177.4,20.089999999999996,0.21558707031249974,8.739444444444445,43.22222222222222,44.22222222222222,49.22222222222222,46.72222222222222,44.22222222222222,0.4115389049479167,156,44
2025,11638,Ricky Pearsall,WR,10,106.00000000000001,15.590000000000003,0.19654277343750004,9.041,42.5,43.5,48.5,46.0,43.5,0.40765273437499994,158,45
2025,12519,Luther Burden,WR,15,149.1,19.839999999999996,0.18896943749999984,8.617333333333335,42.86666666666667,43.86666666666667,48.86666666666667,46.36666666666667,43.86666666666667,0.4104775958333333,159,46
2025,5848,Marquise Brown,WR,16,152.7,12.089999999999995,0.17072268750000025,8.788125,43.25,44.25,49.25,46.75,44.25,0.4107828833007813,161,47
2025,4037,Chris Godwin,WR,9,94.5,15.139999999999997,0.14278341406250006,8.817777777777778,41.77777777777778,42.77777777777778,47.77777777777778,45.27777777777778,42.77777777777778,0.4095848064236111,167,48
2025,9504,Kayshon Boutte,WR,14,135.6,10.839999999999995,0.1407084609375,8.911428571428571,43.357142857142854,44.357142857142854,49.357142857142854,46.857142857142854,44.357142857142854,0.40923039285714286,168,49
2025,9500,Josh Downs,WR,16,152.8,12.489999999999998,0.11408302343749999,8.769375,43.25,44.25,49.25,46.75,44.25,0.410391607421875,170,50
2025,11637,Keon Coleman,WR,13,114.4,0.40000000000000036,0.06473422656249972,8.76923076923077,43.46153846153846,44.46153846153846,49.46153846153846,46.96153846153846,44.46153846153846,0.40862689723557694,173,51
2025,11624,Xavier Worthy,WR,14,125.60000000000001,4.189999999999998,0.05163275781249971,8.672142857142857,43.285714285714285,44.285714285714285,49.285714285714285,46.785714285714285,44.285714285714285,0.4119103755580357,175,52
2025,8167,Christian Watson,WR,17,150.6,1.9399999999999942,0.045285812500000244,8.74470588235294,42.8235294117647,43.8235294117647,48.8235294117647,46.3235294117647,43.8235294117647,0.4117469885110294,176,53
2025,9756,Jordan Addison,WR,17,154.5,4.939999999999993,0.014340523437499864,8.797647058823529,43.23529411764706,44.23529411764706,49.23529411764706,46.73529411764706,44.23529411764706,0.4114679563419118,179,54
2025,12484,Jayden Higgins,WR,17,143.5,-6.060000000000002,-0.04614746874999992,8.797647058823529,43.23529411764706,44.23529411764706,49.23529411764706,46.73529411764706,44.23529411764706,0.4114679563419118,186,55
2025,11783,Ryan Flournoy,WR,16,134.3,-6.760000000000007,-0.04950586718750016,8.81625,43.25,44.25,49.25,46.75,44.25,0.4103825595703125,188,56
2025,11808,Jha'Quan Jackson,WR,1,0.0,-7.76,-0.07005746874999996,7.76,41.0,42.0,47.0,44.5,42.0,0.40559104687499997,191,57
2025,6783,Jerry Jeudy,WR,17,138.9,-8.81,-0.07043010156250029,8.688823529411765,43.294117647058826,44.294117647058826,49.294117647058826,46.794117647058826,44.294117647058826,0.41116201240808825,192,58
2025,8416,Jalen Virgil,WR,1,0.0,-8.5,-0.076825453125,8.5,41.0,42.0,47.0,44.5,42.0,0.42218846093749995,194,59
2025,12863,Andrew Armstrong,WR,1,0.0,-7.800000000000001,-0.07688904687500003,7.800000000000001,44.0,45.0,50.0,47.5,45.0,0.4147069921875,195,60
2025,13199,Montorie Foster,WR,1,0.0,-8.8,-0.09108423437499996,8.8,37.0,38.0,43.0,40.5,38.0,0.41339730468749997,197,61
2025,7541,Cornell Powell,WR,1,0.0,-8.8,-0.09797576562500004,8.8,39.0,40.0,45.0,42.5,40.0,0.384990234375,199,62
2025,4039,Cooper Kupp,WR,16,128.8,-10.810000000000002,-0.10425972656250021,8.725625,43.0,44.0,49.0,46.5,44.0,0.41055688085937503,200,63
2025,9495,Rakim Jarrett,WR,1,0.0,-10.350000000000001,-0.10450051562499996,10.350000000000001,49.0,50.0,55.0,52.5,50.0,0.40423378125,201,64
2025,12499,Elic Ayomanor,WR,16,129.5,-12.550000000000004,-0.11852501562500006,8.878125,43.375,44.375,49.375,46.875,44.375,0.41152913281250003,206,65
2025,8146,Garrett Wilson,WR,15,106.5,-24.610000000000003,-0.1308149218750001,8.740666666666668,42.86666666666667,43.86666666666667,48.86666666666667,46.36666666666667,43.86666666666667,0.4099775989583333,208,66
2025,6149,Darius Slayton,WR,14,110.80000000000001,-13.960000000000004,-0.1404383046875004,8.911428571428571,43.214285714285715,44.214285714285715,49.214285714285715,46.714285714285715,44.214285714285715,0.4099152639508929,209,67
2025,12460,Antwane Wells,WR,2,0.0,-16.6,-0.14584253906249994,8.3,46.5,47.5,52.5,50.0,47.5,0.42004511328125,210,68
2025,5955,Hunter Renfrow,WR,6,38.900000000000006,-15.300000000000002,-0.146816109375,9.033333333333333,44.833333333333336,45.833333333333336,50.833333333333336,48.333333333333336,45.833333333333336,0.40418179687500005,211,69
2025,6798,Jalen Reagor,WR,2,0.0,-16.15,-0.16813065625,8.075,45.5,46.5,51.5,49.0,46.5,0.40682726953125004,216,70
2025,12540,Chimere Dike,WR,17,136.3,-13.510000000000005,-0.17411289062499996,8.81235294117647,43.23529411764706,44.23529411764706,49.23529411764706,46.73529411764706,44.23529411764706,0.4111798336397059,218,71
2025,5121,Braxton Berrios,WR,4,11.200000000000001,-22.5,-0.19622375781249995,8.425,44.5,45.5,50.5,48.0,45.5,0.41891985546875,220,72
2025,11610,Malik Washington,WR,17,128.6,-20.950000000000006,-0.20260939843750014,8.797058823529412,43.35294117647059,44.35294117647059,49.35294117647059,46.85294117647059,44.35294117647059,0.4118887789522059,222,73
2025,12880,Silas Bolden,WR,2,0.0,-18.75,-0.20355801562499998,9.375,48.5,49.5,54.5,52.0,49.5,0.40257164453125,223,74
2025,2216,Mike Evans,WR,14,96.80000000000001,-24.71,-0.21889315625,8.679285714285715,43.357142857142854,44.357142857142854,49.357142857142854,46.857142857142854,44.357142857142854,0.41253482477678577,227,75
2025,4177,Mack Hollins,WR,17,128.6,-20.910000000000004,-0.23589842187500004,8.794705882352943,43.1764705882353,44.1764705882353,49.1764705882353,46.6764705882353,44.1764705882353,0.411352546875,231,76
2025,8125,Calvin Austin,WR,14,92.2,-31.460000000000004,-0.26146416406250006,8.832857142857144,42.642857142857146,43.642857142857146,48.642857142857146,46.142857142857146,43.642857142857146,0.4102693889508929,239,77
2025,3200,Sterling Shepard,WR,14,91.80000000000001,-28.560000000000002,-0.269959,8.597142857142858,43.785714285714285,44.785714285714285,49.785714285714285,47.285714285714285,44.785714285714285,0.4091308498883928,243,78
2025,9486,Dontayvion Wicks,WR,14,85.5,-36.660000000000004,-0.28861746875000005,8.725714285714286,42.92857142857143,43.92857142857143,48.92857142857143,46.42857142857143,43.92857142857143,0.4105365217633929,245,79
2025,4454,Kendrick Bourne,WR,16,109.60000000000001,-31.509999999999998,-0.2921118984375002,8.819375,42.875,43.875,48.875,46.375,43.875,0.4120052368164063,246,80
2025,8917,KaVontae Turpin,WR,15,100.4,-33.010000000000005,-0.2985057890625,8.894,42.8,43.8,48.8,46.3,43.8,0.41128737708333335,249,81
2025,11520,Lucky Jackson,WR,3,0.0,-28.0,-0.2997371953125,9.333333333333334,46.666666666666664,47.666666666666664,52.666666666666664,50.166666666666664,47.666666666666664,0.40360803906250003,251,82
2025,5013,Anthony Miller,WR,3,0.0,-28.0,-0.2997371953125,9.333333333333334,46.666666666666664,47.666666666666664,52.666666666666664,50.166666666666664,47.666666666666664,0.40360803906250003,252,83
2025,7009,Trishton Jackson,WR,3,0.0,-28.0,-0.2997371953125,9.333333333333334,46.666666666666664,47.666666666666664,52.666666666666664,50.166666666666664,47.666666666666664,0.40360803906250003,253,84
2025,8250,Tay Martin,WR,4,4.800000000000001,-30.65,-0.3003890859375,8.8625,43.0,44.0,49.0,46.5,44.0,0.40498687304687503,254,85
2025,8202,Michael Woods,WR,4,0.0,-32.56,-0.3103513828125,8.14,41.0,42.0,47.0,44.5,42.0,0.40760321484375,257,86
2025,11969,Xavier Johnson,WR,4,0.0,-36.550000000000004,-0.33733384375000003,9.137500000000001,41.5,42.5,47.5,45.0,42.5,0.419863337890625,262,87
2025,6402,Steven Sims,WR,4,0.0,-36.550000000000004,-0.33733384375000003,9.137500000000001,41.5,42.5,47.5,45.0,42.5,0.419863337890625,263,88
2025,11626,Xavier Legette,WR,15,97.0,-33.46,-0.35028208593749977,8.697333333333335,43.666666666666664,44.666666666666664,49.666666666666664,47.166666666666664,44.666666666666664,0.41291948802083334,267,89
2025,11139,Elijah Cooks,WR,4,0.0,-35.75,-0.35841443750000007,8.9375,42.75,43.75,48.75,46.25,43.75,0.415707955078125,269,90
2025,7090,Darnell Mooney,WR,15,96.3,-36.21000000000001,-0.3595925625,8.834000000000001,42.46666666666667,43.46666666666667,48.46666666666667,45.96666666666667,43.46666666666667,0.4124029510416667,270,91
2025,11806,Casey Washington,WR,7,18.400000000000002,-40.150000000000006,-0.365152515625,8.364285714285716,43.42857142857143,44.42857142857143,49.42857142857143,46.92857142857143,44.42857142857143,0.41244235602678575,271,92
2025,9501,DeMario Douglas,WR,17,111.2,-38.31,-0.3688392500000004,8.794705882352943,43.1764705882353,44.1764705882353,49.1764705882353,46.6764705882353,44.1764705882353,0.411352546875,273,93
2025,8180,Jalen Nailor,WR,17,113.1,-36.46000000000001,-0.3750447656250001,8.797647058823529,43.23529411764706,44.23529411764706,49.23529411764706,46.73529411764706,44.23529411764706,0.4114679563419118,276,94
2025,11625,Adonai Mitchell,WR,16,99.60000000000001,-42.46,-0.3770726796875001,8.87875,43.25,44.25,49.25,46.75,44.25,0.4110820087890625,277,95
2025,10218,Xavier Hutchinson,WR,17,107.6,-41.96000000000001,-0.3800684453124998,8.797647058823529,43.23529411764706,44.23529411764706,49.23529411764706,46.73529411764706,44.23529411764706,0.4114679563419118,279,96
2025,12485,Tez Johnson,WR,16,101.30000000000001,-36.06,-0.389407984375,8.585,42.9375,43.9375,48.9375,46.4375,43.9375,0.4115950268554688,282,97
2025,9494,Marvin Mims,WR,16,102.9,-39.150000000000006,-0.3986712734374998,8.878125,43.375,44.375,49.375,46.875,44.375,0.41152913281250003,287,98
2025,12777,Joaquin Davis,WR,5,0.0,-44.35,-0.41422289062500006,8.870000000000001,42.0,43.0,48.0,45.5,43.0,0.41883206875,293,99
2025,12501,Matthew Golden,WR,14,82.5,-42.10000000000001,-0.4149572343750001,8.9,43.214285714285715,44.214285714285715,49.214285714285715,46.714285714285715,44.214285714285715,0.4136767433035714,294,100
2025,6271,Olamide Zaccheaus,WR,16,92.6,-47.31,-0.4371287968749997,8.744375,42.8125,43.8125,48.8125,46.3125,43.8125,0.4109851616210938,298,101
2025,7670,Joshua Palmer,WR,12,60.300000000000004,-46.71000000000001,-0.4395026484375,8.9175,43.083333333333336,44.083333333333336,49.083333333333336,46.583333333333336,44.083333333333336,0.4110269700520834,300,102
2025,12634,Jordan Watkins,WR,6,5.1000000000000005,-47.900000000000006,-0.4419602265625,8.833333333333334,42.666666666666664,43.666666666666664,48.666666666666664,46.166666666666664,43.666666666666664,0.41865840755208333,301,103
2025,12492,Pat Bryant,WR,15,87.3,-44.30000000000001,-0.45006033593750017,8.773333333333333,43.4,44.4,49.4,46.9,44.4,0.410709465625,304,104
2025,11646,Jalen Coker,WR,17,99.9,-49.610000000000014,-0.4583772265625001,8.794705882352943,43.1764705882353,44.1764705882353,49.1764705882353,46.6764705882353,44.1764705882353,0.411352546875,306,105
2025,8188,Tyquan Thornton,WR,16,89.8,-50.21,-0.45875523437500015,8.750625000000001,43.25,44.25,49.25,46.75,44.25,0.41034177392578125,307,106
2025,12542,Efton Chism,WR,8,17.5,-50.7,-0.4735398203125,8.525,41.625,42.625,47.625,45.125,42.625,0.4140115693359375,310,107
2025,10226,Andrei Iosivas,WR,17,101.5,-48.31,-0.47560572656249994,8.81235294117647,43.23529411764706,44.23529411764706,49.23529411764706,46.73529411764706,44.23529411764706,0.4111798336397059,312,108
2025,12690,Tommy Mellott,WR,5,0.0,-46.45,-0.48012200000000005,9.290000000000001,45.2,46.2,51.2,48.7,46.2,0.40246915000000005,314,109
2025,8114,Erik Ezukanma,WR,5,0.0,-46.45,-0.48012200000000005,9.290000000000001,45.2,46.2,51.2,48.7,46.2,0.40246915000000005,315,110
2025,4950,Christian Kirk,WR,13,64.39999999999999,-49.81,-0.48132810156250017,8.785384615384617,41.92307692307692,42.92307692307692,47.92307692307692,45.42307692307692,42.92307692307692,0.4115170570913461,316,111
2025,12799,Bryson Green,WR,6,0.0,-52.85,-0.4844121015625,8.808333333333334,42.5,43.5,48.5,46.0,43.5,0.41890107552083333,318,112
2025,11821,Tahj Washington,WR,7,5.199999999999999,-54.35,-0.5033875703125001,8.507142857142856,42.714285714285715,43.714285714285715,48.714285714285715,46.214285714285715,43.714285714285715,0.4165510993303571,323,113
2025,4854,River Cracraft,WR,6,0.0,-52.45,-0.5110472031250002,8.741666666666667,41.166666666666664,42.166666666666664,47.166666666666664,44.666666666666664,42.166666666666664,0.41396799999999995,325,114
2025,7066,K.J. Osborn,WR,6,0.0,-53.150000000000006,-0.51219865625,8.858333333333334,41.5,42.5,47.5,45.0,42.5,0.4131917630208333,326,115
2025,13212,Cade McDonald,WR,6,0.0,-54.300000000000004,-0.5203268671874999,9.05,44.333333333333336,45.333333333333336,50.333333333333336,47.833333333333336,45.333333333333336,0.4072378971354167,328,116
2025,13079,Jahdae Walker,WR,9,27.7,-52.60000000000001,-0.5245296640625002,8.922222222222224,42.666666666666664,43.666666666666664,48.666666666666664,46.166666666666664,43.666666666666664,0.4128366649305556,331,117
2025,7571,Rashod Bateman,WR,13,60.400000000000006,-54.150000000000006,-0.5266917734375003,8.811538461538463,43.92307692307692,44.92307692307692,49.92307692307692,47.42307692307692,44.92307692307692,0.4099804867788462,332,118
2025,11633,Jamari Thrash,WR,9,23.2,-55.10000000000001,-0.5442649140625001,8.700000000000001,45.0,46.0,51.0,48.5,46.0,0.4092026805555556,339,119
2025,11073,Thayer Thomas,WR,6,0.0,-54.2,-0.54919515625,9.033333333333333,44.833333333333336,45.833333333333336,50.833333333333336,48.333333333333336,45.833333333333336,0.40418179687500005,340,120
2025,8118,David Bell,WR,6,0.0,-54.2,-0.54919515625,9.033333333333333,44.833333333333336,45.833333333333336,50.833333333333336,48.333333333333336,45.833333333333336,0.40418179687500005,341,121
2025,3634,Kalif Raymond,WR,15,74.2,-58.410000000000004,-0.5610171171874998,8.840666666666667,43.13333333333333,44.13333333333333,49.13333333333333,46.63333333333333,44.13333333333333,0.4124772630208334,344,122
2025,11834,Devaughn Vele,WR,16,74.8,-64.76,-0.5737264453125002,8.7225,43.375,44.375,49.375,46.875,44.375,0.4112394375,347,123
2025,12909,Eli Pancol,WR,7,0.0,-60.910000000000004,-0.582256125,8.701428571428572,41.42857142857143,42.42857142857143,47.42857142857143,44.92857142857143,42.42857142857143,0.41210594642857146,352,124
2025,6960,Tyler Johnson,WR,12,41.2,-63.150000000000006,-0.6144783515625001,8.695833333333335,44.583333333333336,45.583333333333336,50.583333333333336,48.083333333333336,45.583333333333336,0.4120839733072917,361,125
2025,12497,Tory Horton,WR,15,66.1,-67.11000000000001,-0.62578096875,8.880666666666666,43.06666666666667,44.06666666666667,49.06666666666667,46.56666666666667,44.06666666666667,0.4098016395833334,366,126
2025,8117,Jalen Tolbert,WR,13,51.8,-63.45,-0.6336525156249999,8.865384615384615,43.38461538461539,44.38461538461539,49.38461538461539,46.88461538461539,44.38461538461539,0.4098184080528846,368,127
2025,12535,Isaac TeSlaa,WR,17,79.9,-69.31,-0.6340697343749999,8.777058823529412,42.94117647058823,43.94117647058823,48.94117647058823,46.44117647058823,43.94117647058823,0.4109915395220588,369,128
2025,4040,JuJu Smith-Schuster,WR,17,82.5,-67.31,-0.6364387500000002,8.81235294117647,43.23529411764706,44.23529411764706,49.23529411764706,46.73529411764706,44.23529411764706,0.4111798336397059,371,129
2025,4981,Calvin Ridley,WR,14,55.8,-67.81,-0.6431889531249999,8.829285714285716,42.857142857142854,43.857142857142854,48.857142857142854,46.357142857142854,43.857142857142854,0.4094300619419643,372,130
2025,11621,Brenden Rice,WR,8,0.0,-68.41,-0.6477488203125001,8.55125,41.625,42.625,47.625,45.125,42.625,0.4127980927734375,373,131
2025,7587,Dyami Brown,WR,15,57.9,-72.71000000000001,-0.6543584140625001,8.707333333333334,43.666666666666664,44.666666666666664,49.666666666666664,47.166666666666664,44.666666666666664,0.41388971927083335,375,132
2025,11629,Devontez Walker,WR,12,38.6,-69.46000000000001,-0.6685617656250002,9.005,42.75,43.75,48.75,46.25,43.75,0.4087140703125,376,133
2025,8147,John Metchie,WR,17,79.0,-68.71000000000001,-0.6756338359375,8.688823529411765,43.294117647058826,44.294117647058826,49.294117647058826,46.794117647058826,44.294117647058826,0.41116201240808825,378,134
2025,2197,Brandin Cooks,WR,15,60.900000000000006,-71.35000000000001,-0.6799894218750002,8.816666666666666,43.93333333333333,44.93333333333333,49.93333333333333,47.43333333333333,44.93333333333333,0.4111015651041667,381,135
2025,5970,Greg Dortch,WR,17,80.00000000000001,-69.21,-0.6861129140625,8.777058823529412,42.94117647058823,43.94117647058823,48.94117647058823,46.44117647058823,43.94117647058823,0.4109915395220588,384,136
2025,2374,Tyler Lockett,WR,17,79.6,-69.61000000000001,-0.6907970937500001,8.777058823529412,42.94117647058823,43.94117647058823,48.94117647058823,46.44117647058823,43.94117647058823,0.4109915395220588,385,137
2025,5185,Allen Lazard,WR,11,24.5,-72.21000000000001,-0.69276425,8.791818181818183,43.54545454545455,44.54545454545455,49.54545454545455,47.04545454545455,44.54545454545455,0.40877584019886365,386,138
2025,5096,Ray-Ray McCloud,WR,10,15.900000000000002,-72.16,-0.6942689375000002,8.806000000000001,43.0,44.0,49.0,46.5,44.0,0.40735473203124994,387,139
2025,5965,Miles Boykin,WR,8,0.0,-71.75,-0.698879515625,8.96875,44.25,45.25,50.25,47.75,45.25,0.4093907001953125,388,140
2025,1426,DeAndre Hopkins,WR,17,74.5,-74.31,-0.6995848750000002,8.753529411764706,43.11764705882353,44.11764705882353,49.11764705882353,46.61764705882353,44.11764705882353,0.4110855399816177,389,141
2025,12509,Tre' Harris,WR,17,78.3,-71.25,-0.7057476796875002,8.797058823529412,43.35294117647059,44.35294117647059,49.35294117647059,46.85294117647059,44.35294117647059,0.4118887789522059,392,142
2025,8756,Brandon Johnson,WR,9,0.0,-75.21000000000001,-0.7113396875000001,8.356666666666667,42.111111111111114,43.111111111111114,48.111111111111114,45.611111111111114,43.111111111111114,0.4134253923611111,393,143
2025,8235,Samori Toure,WR,9,1.3,-76.2,-0.7141266640625,8.61111111111111,42.77777777777778,43.77777777777778,48.77777777777778,46.27777777777778,43.77777777777778,0.4146650928819444,394,144
2025,12536,Jaylin Noel,WR,17,78.1,-71.46000000000001,-0.7167367578124999,8.797647058823529,43.23529411764706,44.23529411764706,49.23529411764706,46.73529411764706,44.23529411764706,0.4114679563419118,395,145
2025,6853,Van Jefferson,WR,17,79.0,-70.81,-0.7240293984375,8.81235294117647,43.23529411764706,44.23529411764706,49.23529411764706,46.73529411764706,44.23529411764706,0.4111798336397059,397,146
2025,7237,Scotty Washington,WR,9,0.0,-76.91,-0.7245742734375,8.545555555555556,41.55555555555556,42.55555555555556,47.55555555555556,45.05555555555556,42.55555555555556,0.41384146701388885,398,147
2025,8176,Danny Gray,WR,9,0.0,-76.91,-0.7245742734375,8.545555555555556,41.55555555555556,42.55555555555556,47.55555555555556,45.05555555555556,42.55555555555556,0.41384146701388885,399,148
2025,12670,KeAndre Lambert-Smith,WR,10,17.1,-74.0,-0.7252496562500002,9.110000000000001,43.4,44.4,49.4,46.9,44.4,0.41168093828124996,400,149
2025,11921,Xavier Weaver,WR,10,14.700000000000001,-74.01,-0.7269335937499999,8.871,41.5,42.5,47.5,45.0,42.5,0.41063138984374997,404,150
2025,12505,Jalen Royals,WR,9,2.4,-78.10000000000001,-0.72906040625,8.944444444444445,42.55555555555556,43.55555555555556,48.55555555555556,46.05555555555556,43.55555555555556,0.41318299479166665,405,151
2025,12523,Jimmy Horn,WR,13,33.8,-77.91,-0.7306327968750002,8.593076923076923,42.92307692307692,43.92307692307692,48.92307692307692,46.42307692307692,43.92307692307692,0.4145114639423077,406,152
2025,11608,Isaiah Williams,WR,16,64.30000000000001,-74.76,-0.7375854765625,8.69125,42.875,43.875,48.875,46.375,43.875,0.41135954541015624,407,153
2025,10444,Cedric Tillman,WR,17,66.5,-81.21000000000001,-0.7398166796875001,8.688823529411765,43.294117647058826,44.294117647058826,49.294117647058826,46.794117647058826,44.294117647058826,0.41116201240808825,410,154
2025,13208,Kyrese Rowan,WR,9,0.0,-79.05000000000001,-0.7423420703125001,8.783333333333335,42.111111111111114,43.111111111111114,48.111111111111114,45.611111111111114,43.111111111111114,0.41589615104166666,411,155
2025,12503,Isaiah Bond,WR,16,64.7,-75.51,-0.7454886406249998,8.763125,43.3125,44.3125,49.3125,46.8125,44.3125,0.410756943359375,413,156
2025,11632,Malik Nabers,WR,17,64.60000000000001,-84.91,-0.74572621875,8.794705882352943,43.1764705882353,44.1764705882353,49.1764705882353,46.6764705882353,44.1764705882353,0.411352546875,414,157
2025,3321,Tyreek Hill,WR,17,63.5,-86.05000000000001,-0.76430665625,8.797058823529412,43.35294117647059,44.35294117647059,49.35294117647059,46.85294117647059,44.35294117647059,0.4118887789522059,419,158
2025,11210,Malik Heath,WR,11,16.6,-79.21000000000001,-0.7761507968750001,8.71,43.36363636363637,44.36363636363637,49.36363636363637,46.86363636363637,44.36363636363637,0.4075772727272727,423,159
2025,11630,Roman Wilson,WR,14,42.1,-78.76,-0.7812575000000004,8.632857142857143,43.214285714285715,44.214285714285715,49.214285714285715,46.714285714285715,44.214285714285715,0.4102986908482143,425,160
2025,4082,Curtis Samuel,WR,12,23.1,-82.2,-0.7824720000000003,8.775,42.416666666666664,43.416666666666664,48.416666666666664,45.916666666666664,43.416666666666664,0.41327449869791666,426,161
2025,12267,Qadir Ismail,WR,9,0.0,-79.65,-0.7848298281250001,8.850000000000001,43.22222222222222,44.22222222222222,49.22222222222222,46.72222222222222,44.22222222222222,0.4107820998263889,428,162
2025,11306,Xavier Gipson,WR,10,-1.4,-86.71000000000001,-0.810661515625,8.531,43.2,44.2,49.2,46.7,44.2,0.41658757109375,436,163
2025,7989,DJ Turner,WR,10,0.0,-86.51,-0.8136352578125001,8.651,41.6,42.6,47.6,45.1,42.6,0.414251928125,437,164
2025,11168,Xavier Smith,WR,16,55.8,-85.65,-0.81503359375,8.840625000000001,43.0625,44.0625,49.0625,46.5625,44.0625,0.4113290703125,439,165
2025,4351,Tim Patrick,WR,16,55.2,-84.41000000000001,-0.8183092656250002,8.725625,43.0,44.0,49.0,46.5,44.0,0.41055688085937503,440,166
2025,12482,Savion Williams,WR,13,29.200000000000003,-84.91,-0.8199091875,8.777692307692307,43.0,44.0,49.0,46.5,44.0,0.4121949477163461,441,167
2025,4992,Dante Pettis,WR,13,21.700000000000003,-89.31,-0.8234422343750001,8.53923076923077,43.15384615384615,44.15384615384615,49.15384615384615,46.65384615384615,44.15384615384615,0.4139359663461538,442,168
2025,3286,Demarcus Robinson,WR,17,65.4,-84.11,-0.8317478515625001,8.794705882352943,43.1764705882353,44.1764705882353,49.1764705882353,46.6764705882353,44.1764705882353,0.411352546875,447,169
2025,11959,Bryce Oliver,WR,10,1.8,-86.36000000000001,-0.8422972578125,8.816,42.8,43.8,48.8,46.3,43.8,0.41120733749999994,449,170
2025,8119,Jahan Dotson,WR,17,57.7,-90.01,-0.8444413437499999,8.688823529411765,43.294117647058826,44.294117647058826,49.294117647058826,46.794117647058826,44.294117647058826,0.41116201240808825,450,171
2025,8745,Lance McCutcheon,WR,10,0.0,-87.01,-0.8460279375000002,8.701,42.8,43.8,48.8,46.3,43.8,0.41244413281250003,451,172
2025,12757,Hal Presley,WR,10,0.0,-89.36,-0.8526430781250001,8.936,42.2,43.2,48.2,45.7,43.2,0.41291099453125,452,173
2025,7596,Elijah Moore,WR,14,32.800000000000004,-90.06,-0.8542764531250002,8.775714285714287,43.07142857142857,44.07142857142857,49.07142857142857,46.57142857142857,44.07142857142857,0.41237671428571426,453,174
2025,6920,Isaiah Hodgins,WR,14,30.0,-92.11000000000001,-0.8681553828125,8.722142857142858,41.92857142857143,42.92857142857143,47.92857142857143,45.42857142857143,42.92857142857143,0.41284632310267855,458,175
2025,12803,Luke Grimm,WR,10,0.0,-88.10000000000001,-0.8698389140625,8.81,44.2,45.2,50.2,47.7,45.2,0.4072359703125,460,176
2025,6598,Trenton Irwin,WR,11,0.0,-93.51,-0.8704168125,8.500909090909092,42.45454545454545,43.45454545454545,48.45454545454545,45.95454545454545,43.45454545454545,0.4149694026988637,461,177
2025,3423,Robbie Chosen,WR,12,11.3,-91.95,-0.8748859375,8.604166666666666,43.5,44.5,49.5,47.0,44.5,0.4160700110677083,465,178
2025,11645,Javon Baker,WR,10,0.0,-90.75,-0.8865290000000001,9.075,43.5,44.5,49.5,47.0,44.5,0.41045441328125004,469,179
2025,11650,Luke McCaffrey,WR,17,55.8,-93.75,-0.8891184062500002,8.797058823529412,43.35294117647059,44.35294117647059,49.35294117647059,46.85294117647059,44.35294117647059,0.4118887789522059,470,180
2025,12483,Jack Bech,WR,16,47.9,-92.56,-0.8895356171875,8.77875,42.9375,43.9375,48.9375,46.4375,43.9375,0.4101824970703125,471,181
2025,10222,Jayden Reed,WR,17,53.1,-95.56,-0.8961704218750001,8.74470588235294,42.8235294117647,43.8235294117647,48.8235294117647,46.3235294117647,43.8235294117647,0.4117469885110294,473,182
2025,5917,Mecole Hardman,WR,10,-2.0,-90.66000000000001,-0.8967232890624999,8.866000000000001,42.8,43.8,48.8,46.3,43.8,0.4093817984375,475,183
2025,4198,Jamal Agnew,WR,11,-2.0,-94.51,-0.9059500390624999,8.41,42.72727272727273,43.72727272727273,48.72727272727273,46.22727272727273,43.72727272727273,0.4100300767045455,479,184
2025,12547,Kyle Williams,WR,17,54.6,-94.91,-0.9086356171875,8.794705882352943,43.1764705882353,44.1764705882353,49.1764705882353,46.6764705882353,44.1764705882353,0.411352546875,480,185
2025,9497,Jalin Hyatt,WR,12,9.5,-95.76,-0.9146073437499999,8.771666666666667,43.666666666666664,44.666666666666664,49.666666666666664,47.166666666666664,44.666666666666664,0.4104363860677083,482,186
2025,1689,Adam Thielen,WR,16,44.6,-96.16000000000001,-0.9232148125000001,8.797500000000001,43.5,44.5,49.5,47.0,44.5,0.41312281396484374,486,187
2025,10234,Derius Davis,WR,11,1.9000000000000001,-93.7,-0.9248095390625,8.690909090909091,43.54545454545455,44.54545454545455,49.54545454545455,47.04545454545455,44.54545454545455,0.4110715028409091,487,188
2025,5110,Russell Gage,WR,11,0.0,-96.4,-0.926416828125,8.763636363636364,44.36363636363637,45.36363636363637,50.36363636363637,47.86363636363637,45.36363636363637,0.4111780603693182,489,189
2025,5086,Marquez Valdes-Scantling,WR,15,34.5,-95.31,-0.9287781484375,8.654,43.46666666666667,44.46666666666667,49.46666666666667,46.96666666666667,44.46666666666667,0.41169266302083335,490,190
2025,6154,David Sills,WR,17,52.6,-96.06,-0.9299691718750001,8.74470588235294,42.8235294117647,43.8235294117647,48.8235294117647,46.3235294117647,43.8235294117647,0.4117469885110294,491,191
2025,6943,Gabe Davis,WR,15,34.400000000000006,-95.41,-0.9311203984375,8.654,43.13333333333333,44.13333333333333,49.13333333333333,46.63333333333333,44.13333333333333,0.40975562343750005,492,192
2025,12641,Jaylin Lane,WR,17,55.4,-94.15,-0.9343601875,8.797058823529412,43.35294117647059,44.35294117647059,49.35294117647059,46.85294117647059,44.35294117647059,0.4118887789522059,495,193
2025,6290,Scotty Miller,WR,13,17.2,-97.46000000000001,-0.939436,8.82,42.76923076923077,43.76923076923077,48.76923076923077,46.26923076923077,43.76923076923077,0.41217501983173077,497,194
2025,4234,Noah Brown,WR,13,14.8,-99.30000000000001,-0.9458758671874999,8.776923076923078,43.46153846153846,44.46153846153846,49.46153846153846,46.96153846153846,44.46153846153846,0.4140124423076923,498,195
2025,3269,Chris Moore,WR,16,44.300000000000004,-97.45,-0.9503539453125001,8.859375,43.3125,44.3125,49.3125,46.8125,44.3125,0.411712640625,499,196
2025,11377,Tyrell Shavers,WR,17,52.5,-96.31,-0.9542721718750001,8.753529411764706,43.11764705882353,44.11764705882353,49.11764705882353,46.61764705882353,44.11764705882353,0.4110855399816177,501,197
2025,6699,Gunner Olszewski,WR,16,39.82000000000001,-100.49000000000001,-0.960289296875,8.769375,43.1875,44.1875,49.1875,46.6875,44.1875,0.41096639111328126,505,198
2025,10867,Jake Bobo,WR,12,4.5,-100.91000000000001,-0.9732701484374999,8.784166666666668,42.75,43.75,48.75,46.25,43.75,0.40863168489583335,510,199
2025,4171,Josh Reynolds,WR,15,25.1,-103.01,-0.9824954375000001,8.540666666666668,42.93333333333333,43.93333333333333,48.93333333333333,46.43333333333333,43.93333333333333,0.4119893067708333,513,200
2025,12541,Dont'e Thornton,WR,15,27.0,-104.81,-0.9918838359375,8.787333333333333,42.93333333333333,43.93333333333333,48.93333333333333,46.43333333333333,43.93333333333333,0.4102802067708333,515,201
2025,8135,Treylon Burks,WR,15,31.0,-102.30000000000001,-0.996909984375,8.886666666666667,43.53333333333333,44.53333333333333,49.53333333333333,47.03333333333333,44.53333333333333,0.41114505,517,202
2025,7562,Tutu Atwell,WR,16,35.699999999999996,-105.76,-1.008504546875,8.84125,42.9375,43.9375,48.9375,46.4375,43.9375,0.4108819462890625,522,203
2025,13202,Dalevon Campbell,WR,12,0.0,-106.05000000000001,-1.0111183593750002,8.8375,42.5,43.5,48.5,46.0,43.5,0.41266524088541673,523,204
2025,5113,Cedrick Wilson,WR,13,10.9,-104.5,-1.0153421718750002,8.876923076923077,42.76923076923077,43.76923076923077,48.76923076923077,46.26923076923077,43.76923076923077,0.41203352223557693,524,205
2025,7595,Tylan Wallace,WR,14,15.5,-105.96000000000001,-1.019201125,8.675714285714287,43.42857142857143,44.42857142857143,49.42857142857143,46.92857142857143,44.42857142857143,0.41106706696428574,526,206
2025,4080,Zay Jones,WR,16,34.8,-104.61000000000001,-1.0202047890625001,8.713125,43.375,44.375,49.375,46.875,44.375,0.41208350146484374,527,207
2025,7438,Kristian Wilkerson,WR,12,0.0,-106.46000000000001,-1.0277208046875002,8.871666666666668,44.166666666666664,45.166666666666664,50.166666666666664,47.666666666666664,45.166666666666664,0.41052490364583333,531,208
2025,8204,Bo Melton,WR,16,29.700000000000003,-108.61,-1.03674859375,8.644375,42.4375,43.4375,48.4375,45.9375,43.4375,0.41221656396484374,534,209
2025,9492,Trey Palmer,WR,13,0.0,-111.01,-1.0369446640625,8.53923076923077,43.15384615384615,44.15384615384615,49.15384615384615,46.65384615384615,44.15384615384615,0.4139359663461538,535,210
2025,11157,Brycen Tremayne,WR,16,33.5,-108.51,-1.040387109375,8.875625000000001,43.1875,44.1875,49.1875,46.6875,44.1875,0.41095938623046874,538,211
2025,7039,Cody White,WR,15,21.5,-109.26,-1.044368546875,8.717333333333332,42.93333333333333,43.93333333333333,48.93333333333333,46.43333333333333,43.93333333333333,0.41235563593749996,539,212
2025,11623,Jordan Whittington,WR,17,41.400000000000006,-107.81,-1.0463604609375001,8.777058823529412,42.94117647058823,43.94117647058823,48.94117647058823,46.44117647058823,43.94117647058823,0.4109915395220588,540,213
2025,5880,Parris Campbell,WR,13,0.0,-112.01,-1.048277421875,8.616153846153846,43.0,44.0,49.0,46.5,44.0,0.4142856081730769,541,214
2025,7496,Nick Westbrook-Ikhine,WR,15,23.9,-107.10000000000001,-1.0501726015625001,8.733333333333333,43.4,44.4,49.4,46.9,44.4,0.4102389489583333,542,215
2025,8253,Deven Thompkins,WR,14,6.9,-113.76,-1.0503962421875,8.61857142857143,42.0,43.0,48.0,45.5,43.0,0.41349104910714285,543,216
2025,11421,Ryan Miller,WR,14,11.4,-108.51,-1.0520097265625001,8.565000000000001,43.785714285714285,44.785714285714285,49.785714285714285,47.285714285714285,44.785714285714285,0.4095883627232143,545,217
2025,11617,Malachi Corley,WR,17,39.7,-108.01,-1.0577333046875,8.688823529411765,43.294117647058826,44.294117647058826,49.294117647058826,46.794117647058826,44.294117647058826,0.41116201240808825,548,218
2025,13101,Gage Larvadain,WR,15,14.100000000000001,-114.86,-1.08254790625,8.597333333333333,42.6,43.6,48.6,46.1,43.6,0.4123073947916667,558,219
2025,11762,Anthony Gould,WR,13,2.6,-110.11000000000001,-1.087471625,8.67,43.53846153846154,44.53846153846154,49.53846153846154,47.03846153846154,44.53846153846154,0.4082925234375,559,220
2025,12935,Jakobie Keeney-James,WR,14,3.5,-117.16000000000001,-1.0883831328125,8.61857142857143,42.0,43.0,48.0,45.5,43.0,0.41349104910714285,560,221
2025,5938,Lil'Jordan Humphrey,WR,17,38.6,-110.95,-1.0923343046875003,8.797058823529412,43.35294117647059,44.35294117647059,49.35294117647059,46.85294117647059,44.35294117647059,0.4118887789522059,562,222
2025,12732,Dominic Lovett,WR,13,0.0,-112.66,-1.09568578125,8.666153846153845,43.38461538461539,44.38461538461539,49.38461538461539,46.88461538461539,44.38461538461539,0.4082617554086539,563,223
2025,8200,Kevin Austin,WR,17,36.0,-112.81,-1.097018640625,8.753529411764706,43.35294117647059,44.35294117647059,49.35294117647059,46.85294117647059,44.35294117647059,0.4109124604779412,564,224
2025,11618,Jalen McMillan,WR,17,35.1,-112.61000000000001,-1.098600171875,8.688823529411765,43.294117647058826,44.294117647058826,49.294117647058826,46.794117647058826,44.294117647058826,0.41116201240808825,565,225
2025,7565,Terrace Marshall,WR,13,0.0,-115.15,-1.1092605859375,8.857692307692307,44.0,45.0,50.0,47.5,45.0,0.4122570270432692,569,226
2025,13189,Luke Floriea,WR,14,0.0,-119.71000000000001,-1.1198747734375,8.550714285714287,42.57142857142857,43.57142857142857,48.57142857142857,46.07142857142857,43.57142857142857,0.41278072098214286,574,227
2025,6927,Quez Watkins,WR,14,0.0,-119.71000000000001,-1.1198747734375,8.550714285714287,42.57142857142857,43.57142857142857,48.57142857142857,46.07142857142857,43.57142857142857,0.41278072098214286,575,228
2025,11068,Mitchell Tinsley,WR,17,33.6,-116.21000000000001,-1.1236794765625,8.81235294117647,43.23529411764706,44.23529411764706,49.23529411764706,46.73529411764706,44.23529411764706,0.4111798336397059,578,229
2025,11895,Mason Tipton,WR,16,24.200000000000003,-115.86000000000001,-1.1241409765625001,8.75375,43.375,44.375,49.375,46.875,44.375,0.4100984755859375,579,230
2025,6427,Ashton Dulin,WR,16,24.6,-115.71000000000001,-1.1277500546875001,8.769375,43.25,44.25,49.25,46.75,44.25,0.410391607421875,581,231
2025,10228,Charlie Jones,WR,14,6.0,-116.46000000000001,-1.1289332890625001,8.747142857142858,43.714285714285715,44.714285714285715,49.714285714285715,47.214285714285715,44.714285714285715,0.4091524899553572,582,232
2025,7357,Dan Chisena,WR,14,0.0,-121.51,-1.1320467109375,8.679285714285715,42.42857142857143,43.42857142857143,48.42857142857143,45.92857142857143,43.42857142857143,0.41301208426339286,583,233
2025,6895,Quintez Cephus,WR,14,0.0,-121.56,-1.1398626015625002,8.682857142857143,42.5,43.5,48.5,46.0,43.5,0.41315222433035714,586,234
2025,12860,Theo Wease,WR,17,31.4,-118.15,-1.1400652890625,8.797058823529412,43.35294117647059,44.35294117647059,49.35294117647059,46.85294117647059,44.35294117647059,0.4118887789522059,587,235
2025,10225,Jonathan Mingo,WR,14,4.0,-118.91000000000001,-1.1460343671875002,8.779285714285715,43.785714285714285,44.785714285714285,49.785714285714285,47.285714285714285,44.785714285714285,0.41178088560267856,592,236
2025,8223,Velus Jones,WR,14,4.5,-119.11000000000001,-1.1579041328125,8.829285714285716,43.142857142857146,44.142857142857146,49.142857142857146,46.642857142857146,44.142857142857146,0.4092198939732143,595,237
2025,6386,Alex Bachman,WR,14,4.2,-119.51,-1.1625177578125,8.836428571428572,43.0,44.0,49.0,46.5,44.0,0.4094592628348214,598,238
2025,5773,KhaDarel Hodge,WR,15,7.1,-122.96000000000001,-1.1642378125,8.670666666666667,43.53333333333333,44.53333333333333,49.53333333333333,47.03333333333333,44.53333333333333,0.4147458947916667,600,239
2025,12539,Arian Smith,WR,16,16.8,-122.11,-1.1663191484375002,8.681875,43.5625,44.5625,49.5625,47.0625,44.5625,0.4127977485351563,601,240
2025,8527,Dareke Young,WR,15,7.8,-123.41000000000001,-1.1684420078125,8.747333333333334,42.666666666666664,43.666666666666664,48.666666666666664,46.166666666666664,43.666666666666664,0.4112000390625,602,241
2025,7865,Brandon Smith,WR,14,0.0,-120.91000000000001,-1.1758581015625,8.636428571428572,43.285714285714285,44.285714285714285,49.285714285714285,46.785714285714285,44.285714285714285,0.40949481361607143,603,242
2025,9490,Tyler Scott,WR,14,0.0,-123.01,-1.1835616640625,8.786428571428571,42.92857142857143,43.92857142857143,48.92857142857143,46.42857142857143,43.92857142857143,0.4123278219866071,605,243
2025,12718,Konata Mumpfield,WR,17,28.2,-121.01,-1.1851814609375,8.777058823529412,42.94117647058823,43.94117647058823,48.94117647058823,46.44117647058823,43.94117647058823,0.4109915395220588,606,244
2025,7612,Dee Eskridge,WR,15,10.7,-122.85000000000001,-1.1984168046875001,8.903333333333334,43.53333333333333,44.53333333333333,49.53333333333333,47.03333333333333,44.53333333333333,0.41081851093750005,615,245
2025,13150,Darius Cooper,WR,17,21.200000000000003,-126.51,-1.22071528125,8.688823529411765,43.294117647058826,44.294117647058826,49.294117647058826,46.794117647058826,44.294117647058826,0.41116201240808825,626,246
2025,8013,Tim Jones,WR,15,3.0,-128.31,-1.2245558984375,8.754,42.46666666666667,43.46666666666667,48.46666666666667,45.96666666666667,43.46666666666667,0.4115449239583333,628,247
2025,10860,Malik Cunningham,WR,15,0.30000000000000004,-130.16,-1.226569453125,8.697333333333335,42.2,43.2,48.2,45.7,43.2,0.41211419218749995,629,248
2025,12888,Dalen Cambre,WR,15,0.0,-130.76,-1.228225890625,8.717333333333332,42.46666666666667,43.46666666666667,48.46666666666667,45.96666666666667,43.46666666666667,0.4125233338541667,631,249
2025,7757,Ben Skowronek,WR,17,18.4,-130.26000000000002,-1.2299792578125,8.74470588235294,42.8235294117647,43.8235294117647,48.8235294117647,46.3235294117647,43.8235294117647,0.4117469885110294,632,250
2025,6957,James Proche,WR,16,13.5,-127.66000000000001,-1.2311150859375,8.8225,42.8125,43.8125,48.8125,46.3125,43.8125,0.41137848046875003,633,251
2025,10221,Ronnie Bell,WR,16,10.3,-129.86,-1.239420734375,8.76,42.9375,43.9375,48.9375,46.4375,43.9375,0.411094396484375,635,252
2025,8783,Kendric Pryor,WR,15,0.0,-131.06,-1.2396222421875,8.737333333333334,42.53333333333333,43.53333333333333,48.53333333333333,46.03333333333333,43.53333333333333,0.41232759218750004,636,253
2025,11994,Kameron Johnson,WR,17,19.599999999999998,-128.11,-1.2416544375,8.688823529411765,43.294117647058826,44.294117647058826,49.294117647058826,46.794117647058826,44.294117647058826,0.41116201240808825,638,254
2025,6588,Tom Kennedy,WR,16,8.6,-132.11,-1.26062396875,8.794375,43.0625,44.0625,49.0625,46.5625,44.0625,0.41029173193359375,642,255
2025,8168,Skyy Moore,WR,17,18.2,-131.31,-1.269928984375,8.794705882352943,43.1764705882353,44.1764705882353,49.1764705882353,46.6764705882353,44.1764705882353,0.411352546875,652,256
2025,11257,Shedrick Jackson,WR,17,16.6,-132.61,-1.272034484375,8.777058823529412,42.94117647058823,43.94117647058823,48.94117647058823,46.44117647058823,43.94117647058823,0.4109915395220588,654,257
2025,7436,Mason Kinsey,WR,16,7.800000000000001,-133.21,-1.2757182578124997,8.813125000000001,43.5,44.5,49.5,47.0,44.5,0.41281668359375,658,258
2025,13173,Jimmy Holiday,WR,15,0.0,-133.55,-1.2962973359375,8.903333333333334,43.53333333333333,44.53333333333333,49.53333333333333,47.03333333333333,44.53333333333333,0.41081851093750005,683,259
2025,11474,Dylan Drummond,WR,17,12.2,-136.46,-1.3068406171875,8.74470588235294,42.8235294117647,43.8235294117647,48.8235294117647,46.3235294117647,43.8235294117647,0.4117469885110294,685,260
2025,11320,Nikko Remigio,WR,16,5.4,-136.61,-1.3133719609374999,8.875625000000001,43.1875,44.1875,49.1875,46.6875,44.1875,0.41095938623046874,690,261
2025,12907,Quentin Skinner,WR,16,2.5,-136.46,-1.3151265625000002,8.685,43.3125,44.3125,49.3125,46.8125,44.3125,0.41036362451171876,691,262
2025,8076,Michael Bandy,WR,17,14.0,-135.55,-1.317812609375,8.797058823529412,43.35294117647059,44.35294117647059,49.35294117647059,46.85294117647059,44.35294117647059,0.4118887789522059,692,263
2025,12892,Da'Quan Felton,WR,16,0.0,-141.11,-1.33272640625,8.819375,42.875,43.875,48.875,46.375,43.875,0.4120052368164063,702,264
2025,12971,Ke'Shawn Williams,WR,16,0.9000000000000001,-139.96,-1.3365367031250002,8.80375,42.75,43.75,48.75,46.25,43.75,0.41156198828125,703,265
2025,11815,Cornelius Johnson,WR,16,0.0,-140.41,-1.3394262421875,8.775625,42.8125,43.8125,48.8125,46.3125,43.8125,0.4117215419921875,704,266
2025,5134,Keith Kirkwood,WR,16,0.0,-140.01000000000002,-1.3473995078125003,8.750625000000001,43.5,44.5,49.5,47.0,44.5,0.41094105468750003,710,267
2025,11311,Jason Brownlee,WR,16,0.0,-140.01000000000002,-1.3480146171875,8.750625000000001,43.6875,44.6875,49.6875,47.1875,44.6875,0.4122835639648437,711,268
2025,2334,Phillip Dorsett,WR,16,0.0,-140.46,-1.3536348359375,8.77875,42.9375,43.9375,48.9375,46.4375,43.9375,0.4101824970703125,716,269
2025,7746,Austin Trammell,WR,17,8.600000000000001,-140.61,-1.3578632734375,8.777058823529412,42.94117647058823,43.94117647058823,48.94117647058823,46.44117647058823,43.94117647058823,0.4109915395220588,723,270
2025,11034,Jalen Brooks,WR,17,7.6000000000000005,-141.61,-1.3608194375,8.777058823529412,42.94117647058823,43.94117647058823,48.94117647058823,46.44117647058823,43.94117647058823,0.4109915395220588,728,271
2025,12520,Xavier Restrepo,WR,17,8.6,-141.21,-1.3609930703125,8.81235294117647,43.23529411764706,44.23529411764706,49.23529411764706,46.73529411764706,44.23529411764706,0.4111798336397059,729,272
2025,13034,Tyrone Broden,WR,16,0.0,-140.71,-1.3628304140625,8.794375,42.8125,43.8125,48.8125,46.3125,43.8125,0.41047562890625,730,273
2025,5374,Justin Watson,WR,17,6.5,-143.06,-1.3670334453125,8.797647058823529,43.23529411764706,44.23529411764706,49.23529411764706,46.73529411764706,44.23529411764706,0.4114679563419118,741,274
2025,8414,Britain Covey,WR,17,5.0,-142.71,-1.3687577734375,8.688823529411765,43.294117647058826,44.294117647058826,49.294117647058826,46.794117647058826,44.294117647058826,0.41116201240808825,742,275
2025,6847,Devin Duvernay,WR,17,5.1000000000000005,-143.56,-1.37477034375,8.74470588235294,42.8235294117647,43.8235294117647,48.8235294117647,46.3235294117647,43.8235294117647,0.4117469885110294,744,276
2025,5154,Trent Sherfield,WR,17,5.6,-143.21,-1.375924328125,8.753529411764706,43.35294117647059,44.35294117647059,49.35294117647059,46.85294117647059,44.35294117647059,0.4109124604779412,745,277
2025,12496,Tai Felton,WR,17,6.5,-143.06,-1.378148484375,8.797647058823529,43.23529411764706,44.23529411764706,49.23529411764706,46.73529411764706,44.23529411764706,0.4114679563419118,747,278
2025,12889,Beaux Collins,WR,17,5.0,-144.51000000000002,-1.3853011718750001,8.794705882352943,43.1764705882353,44.1764705882353,49.1764705882353,46.6764705882353,44.1764705882353,0.411352546875,748,279
2025,11056,Jared Wayne,WR,17,4.5,-145.06,-1.3981035546875,8.797647058823529,43.23529411764706,44.23529411764706,49.23529411764706,46.73529411764706,44.23529411764706,0.4114679563419118,749,280
2025,4274,David Moore,WR,17,3.4000000000000004,-146.11,-1.3992422421875,8.794705882352943,43.1764705882353,44.1764705882353,49.1764705882353,46.6764705882353,44.1764705882353,0.411352546875,750,281
2025,13075,Myles Price,WR,16,-6.0,-146.76000000000002,-1.4011989843750001,8.797500000000001,43.625,44.625,49.625,47.125,44.625,0.4113473720703125,751,282
2025,13120,Jacoby Jones,WR,17,4.0,-145.55,-1.4030796484375,8.797058823529412,43.35294117647059,44.35294117647059,49.35294117647059,46.85294117647059,44.35294117647059,0.4118887789522059,752,283
2025,7233,Andre Baccellia,WR,17,2.8,-146.41,-1.4073797343749999,8.777058823529412,42.94117647058823,43.94117647058823,48.94117647058823,46.44117647058823,43.94117647058823,0.4109915395220588,753,284
2025,11636,Johnny Wilson,WR,17,0.0,-147.71,-1.41961196875,8.688823529411765,43.294117647058826,44.294117647058826,49.294117647058826,46.794117647058826,44.294117647058826,0.41116201240808825,756,285
2025,12925,Jamaal Pritchett,WR,17,0.0,-147.71,-1.41961196875,8.688823529411765,43.294117647058826,44.294117647058826,49.294117647058826,46.794117647058826,44.294117647058826,0.41116201240808825,757,286
2025,2750,DeAndre Carter,WR,17,0.0,-147.71,-1.41961196875,8.688823529411765,43.294117647058826,44.294117647058826,49.294117647058826,46.794117647058826,44.294117647058826,0.41116201240808825,758,287
2025,8755,Kaden Davis,WR,17,0.0,-147.71,-1.41961196875,8.688823529411765,43.294117647058826,44.294117647058826,49.294117647058826,46.794117647058826,44.294117647058826,0.41116201240808825,759,288
2025,8801,Dennis Houston,WR,17,0.0,-147.71,-1.41961196875,8.688823529411765,43.294117647058826,44.294117647058826,49.294117647058826,46.794117647058826,44.294117647058826,0.41116201240808825,760,289
2025,8861,Irv Charles,WR,17,0.0,-147.71,-1.41961196875,8.688823529411765,43.294117647058826,44.294117647058826,49.294117647058826,46.794117647058826,44.294117647058826,0.41116201240808825,761,290
2025,12478,Nick Nash,WR,17,0.0,-148.66,-1.4234537890625,8.74470588235294,42.8235294117647,43.8235294117647,48.8235294117647,46.3235294117647,43.8235294117647,0.4117469885110294,762,291
2025,12746,JP Richardson,WR,17,0.0,-148.66,-1.4234537890625,8.74470588235294,42.8235294117647,43.8235294117647,48.8235294117647,46.3235294117647,43.8235294117647,0.4117469885110294,763,292
2025,12788,Will Sheppard,WR,17,0.0,-148.66,-1.4234537890625,8.74470588235294,42.8235294117647,43.8235294117647,48.8235294117647,46.3235294117647,43.8235294117647,0.4117469885110294,764,293
2025,13074,Isaiah Neyor,WR,17,0.0,-148.66,-1.4234537890625,8.74470588235294,42.8235294117647,43.8235294117647,48.8235294117647,46.3235294117647,43.8235294117647,0.4117469885110294,765,294
2025,7521,Chris Blair,WR,17,0.0,-148.66,-1.4234537890625,8.74470588235294,42.8235294117647,43.8235294117647,48.8235294117647,46.3235294117647,43.8235294117647,0.4117469885110294,766,295
2025,8921,Maurice Alexander,WR,17,0.0,-148.66,-1.4234537890625,8.74470588235294,42.8235294117647,43.8235294117647,48.8235294117647,46.3235294117647,43.8235294117647,0.4117469885110294,767,296
2025,11615,Ainias Smith,WR,17,0.0,-149.51000000000002,-1.43178390625,8.794705882352943,43.1764705882353,44.1764705882353,49.1764705882353,46.6764705882353,44.1764705882353,0.411352546875,768,297
2025,11616,Jacob Cowing,WR,17,0.0,-149.51000000000002,-1.43178390625,8.794705882352943,43.1764705882353,44.1764705882353,49.1764705882353,46.6764705882353,44.1764705882353,0.411352546875,769,298
2025,12383,John Jiles,WR,17,0.0,-149.51000000000002,-1.43178390625,8.794705882352943,43.1764705882353,44.1764705882353,49.1764705882353,46.6764705882353,44.1764705882353,0.411352546875,770,299
2025,12743,Junior Bergen,WR,17,0.0,-149.51000000000002,-1.43178390625,8.794705882352943,43.1764705882353,44.1764705882353,49.1764705882353,46.6764705882353,44.1764705882353,0.411352546875,771,300
2025,13124,Jeremiah Webb,WR,17,0.0,-149.51000000000002,-1.43178390625,8.794705882352943,43.1764705882353,44.1764705882353,49.1764705882353,46.6764705882353,44.1764705882353,0.411352546875,772,301
2025,13179,Ja'seem Reed,WR,17,0.0,-149.51000000000002,-1.43178390625,8.794705882352943,43.1764705882353,44.1764705882353,49.1764705882353,46.6764705882353,44.1764705882353,0.411352546875,773,302
2025,4218,Trent Taylor,WR,17,0.0,-149.51000000000002,-1.43178390625,8.794705882352943,43.1764705882353,44.1764705882353,49.1764705882353,46.6764705882353,44.1764705882353,0.411352546875,774,303
2025,5781,Malik Turner,WR,17,0.0,-149.51000000000002,-1.43178390625,8.794705882352943,43.1764705882353,44.1764705882353,49.1764705882353,46.6764705882353,44.1764705882353,0.411352546875,775,304
2025,6803,Brandon Aiyuk,WR,17,0.0,-149.51000000000002,-1.43178390625,8.794705882352943,43.1764705882353,44.1764705882353,49.1764705882353,46.6764705882353,44.1764705882353,0.411352546875,776,305
2025,7559,Ihmir Smith-Marsette,WR,17,0.0,-149.51000000000002,-1.43178390625,8.794705882352943,43.1764705882353,44.1764705882353,49.1764705882353,46.6764705882353,44.1764705882353,0.411352546875,777,306
2025,9499,Bryce Ford-Wheaton,WR,17,0.0,-149.51000000000002,-1.43178390625,8.794705882352943,43.1764705882353,44.1764705882353,49.1764705882353,46.6764705882353,44.1764705882353,0.411352546875,778,307
2025,11619,Ja'Lynn Polk,WR,17,0.0,-148.81,-1.4318475,8.753529411764706,43.35294117647059,44.35294117647059,49.35294117647059,46.85294117647059,44.35294117647059,0.4109124604779412,779,308
2025,11748,Bub Means,WR,17,0.0,-148.81,-1.4318475,8.753529411764706,43.35294117647059,44.35294117647059,49.35294117647059,46.85294117647059,44.35294117647059,0.4109124604779412,780,309
2025,12829,Coleman Owen,WR,17,0.0,-148.81,-1.4318475,8.753529411764706,43.35294117647059,44.35294117647059,49.35294117647059,46.85294117647059,44.35294117647059,0.4109124604779412,781,310
2025,3155,Laquon Treadwell,WR,17,0.0,-148.81,-1.4318475,8.753529411764706,43.35294117647059,44.35294117647059,49.35294117647059,46.85294117647059,44.35294117647059,0.4109124604779412,782,311
2025,6453,D.J. Montgomery,WR,17,0.0,-148.81,-1.4318475,8.753529411764706,43.35294117647059,44.35294117647059,49.35294117647059,46.85294117647059,44.35294117647059,0.4109124604779412,783,312
2025,11802,Tejhaun Palmer,WR,17,0.0,-149.21,-1.433019625,8.777058823529412,42.94117647058823,43.94117647058823,48.94117647058823,46.44117647058823,43.94117647058823,0.4109915395220588,784,313
2025,12114,Joshua Cephus,WR,17,0.0,-149.21,-1.433019625,8.777058823529412,42.94117647058823,43.94117647058823,48.94117647058823,46.44117647058823,43.94117647058823,0.4109915395220588,785,314
2025,12475,Ricky White,WR,17,0.0,-149.21,-1.433019625,8.777058823529412,42.94117647058823,43.94117647058823,48.94117647058823,46.44117647058823,43.94117647058823,0.4109915395220588,786,315
2025,12772,Courtney Jackson,WR,17,0.0,-149.21,-1.433019625,8.777058823529412,42.94117647058823,43.94117647058823,48.94117647058823,46.44117647058823,43.94117647058823,0.4109915395220588,787,316
2025,12908,Chandler Brayboy,WR,17,0.0,-149.21,-1.433019625,8.777058823529412,42.94117647058823,43.94117647058823,48.94117647058823,46.44117647058823,43.94117647058823,0.4109915395220588,788,317
2025,13003,Tru Edwards,WR,17,0.0,-149.21,-1.433019625,8.777058823529412,42.94117647058823,43.94117647058823,48.94117647058823,46.44117647058823,43.94117647058823,0.4109915395220588,789,318
2025,13011,Brennan Presley,WR,17,0.0,-149.21,-1.433019625,8.777058823529412,42.94117647058823,43.94117647058823,48.94117647058823,46.44117647058823,43.94117647058823,0.4109915395220588,790,319
2025,7812,Simi Fehoko,WR,17,0.0,-149.21,-1.433019625,8.777058823529412,42.94117647058823,43.94117647058823,48.94117647058823,46.44117647058823,43.94117647058823,0.4109915395220588,791,320
2025,9489,Justin Shorter,WR,17,0.0,-149.21,-1.433019625,8.777058823529412,42.94117647058823,43.94117647058823,48.94117647058823,46.44117647058823,43.94117647058823,0.4109915395220588,792,321
2025,11964,Dayton Wade,WR,17,0.0,-148.81,-1.4384837421875,8.753529411764706,43.11764705882353,44.11764705882353,49.11764705882353,46.61764705882353,44.11764705882353,0.4110855399816177,794,322
2025,12756,Stephen Gosnell,WR,17,0.0,-148.81,-1.4384837421875,8.753529411764706,43.11764705882353,44.11764705882353,49.11764705882353,46.61764705882353,44.11764705882353,0.4110855399816177,795,323
2025,10863,A.T. Perry,WR,17,0.0,-149.55,-1.438615484375,8.797058823529412,43.35294117647059,44.35294117647059,49.35294117647059,46.85294117647059,44.35294117647059,0.4118887789522059,796,324
2025,11940,JaQuae Jackson,WR,17,0.0,-149.55,-1.438615484375,8.797058823529412,43.35294117647059,44.35294117647059,49.35294117647059,46.85294117647059,44.35294117647059,0.4118887789522059,797,325
2025,12532,Ja'Corey Brooks,WR,17,0.0,-149.55,-1.438615484375,8.797058823529412,43.35294117647059,44.35294117647059,49.35294117647059,46.85294117647059,44.35294117647059,0.4118887789522059,798,326
2025,12865,AJ Henning,WR,17,0.0,-149.55,-1.438615484375,8.797058823529412,43.35294117647059,44.35294117647059,49.35294117647059,46.85294117647059,44.35294117647059,0.4118887789522059,799,327
2025,11911,Jeshaun Jones,WR,17,0.0,-149.56,-1.439599796875,8.797647058823529,43.23529411764706,44.23529411764706,49.23529411764706,46.73529411764706,44.23529411764706,0.4114679563419118,800,328
2025,12848,Josh Kelly,WR,17,0.0,-149.56,-1.439599796875,8.797647058823529,43.23529411764706,44.23529411764706,49.23529411764706,46.73529411764706,44.23529411764706,0.4114679563419118,801,329
2025,12946,Dontae Fleming,WR,17,0.0,-149.56,-1.439599796875,8.797647058823529,43.23529411764706,44.23529411764706,49.23529411764706,46.73529411764706,44.23529411764706,0.4114679563419118,802,330
2025,7601,Rondale Moore,WR,17,0.0,-149.56,-1.439599796875,8.797647058823529,43.23529411764706,44.23529411764706,49.23529411764706,46.73529411764706,44.23529411764706,0.4114679563419118,803,331
2025,9502,Tank Dell,WR,17,0.0,-149.56,-1.439599796875,8.797647058823529,43.23529411764706,44.23529411764706,49.23529411764706,46.73529411764706,44.23529411764706,0.4114679563419118,804,332
2025,11506,Jalen Moreno-Cropper,WR,17,0.0,-149.81,-1.4431802578125001,8.81235294117647,43.23529411764706,44.23529411764706,49.23529411764706,46.73529411764706,44.23529411764706,0.4111798336397059,805,333
2025,12761,Jordan Moore,WR,17,0.0,-149.81,-1.4431802578125001,8.81235294117647,43.23529411764706,44.23529411764706,49.23529411764706,46.73529411764706,44.23529411764706,0.4111798336397059,806,334
2025,12849,Traeshon Holden,WR,17,0.0,-149.81,-1.4431802578125001,8.81235294117647,43.23529411764706,44.23529411764706,49.23529411764706,46.73529411764706,44.23529411764706,0.4111798336397059,807,335
2025,12699,LaJohntay Wester,WR,17,-2.0,-150.81,-1.455773046875,8.753529411764706,43.11764705882353,44.11764705882353,49.11764705882353,46.61764705882353,44.11764705882353,0.4110855399816177,809,336
