season,player_id,player_name,position,games,fantasy_points,porp,worp,avg_replacement_points,avg_starter_cutoff_rank,avg_replacement_pool_start,avg_replacement_pool_end,avg_replacement_effective_rank,avg_replacement_rank,avg_replacement_win_prob,overall_rank,pos_rank
2023,4984,Josh Allen,QB,17,670.84,471.78000000000003,4.67338190625,11.709411764705882,24.0,25.0,30.0,27.5,25.0,0.29428976240808824,1,1
2023,3294,Dak Prescott,QB,17,621.34,417.17,4.162445625,12.010000000000002,24.0,25.0,30.0,27.5,25.0,0.2993859871323529,2,2
2023,6904,Jalen Hurts,QB,17,595.72,400.89,3.96651140625,11.460588235294118,24.0,25.0,30.0,27.5,25.0,0.29399958823529415,3,3
2023,4881,Lamar Jackson,QB,16,558.32,371.73,3.7400035312500006,11.661875,24.0,25.0,30.0,27.5,25.0,0.29438784716796873,4,4
2023,4034,Christian McCaffrey,RB,16,506.20000000000005,373.2,3.6915448515625,8.3125,36.625,37.625,42.625,40.125,37.625,0.384641224609375,5,1
2023,6804,Jordan Love,QB,17,549.06,352.98,3.5260737109374998,11.534117647058824,24.0,25.0,30.0,27.5,25.0,0.29521915762867645,6,5
2023,4046,Patrick Mahomes,QB,16,533.72,351.36,3.4755085078125,11.3975,24.0,25.0,30.0,27.5,25.0,0.294079537109375,7,6
2023,3163,Jared Goff,QB,17,540.0,340.89,3.366739109375,11.712352941176471,24.0,25.0,30.0,27.5,25.0,0.29665477573529414,8,7
2023,6768,Tua Tagovailoa,QB,17,534.36,339.53,3.3434759921875,11.460588235294118,24.0,25.0,30.0,27.5,25.0,0.29399958823529415,9,8
2023,8183,Brock Purdy,QB,17,535.4,336.29,3.2814137343749996,11.712352941176471,24.0,25.0,30.0,27.5,25.0,0.29665477573529414,10,9
2023,6786,CeeDee Lamb,WR,17,457.0,309.8,3.1009335859375,8.658823529411766,46.705882352941174,47.705882352941174,52.705882352941174,50.205882352941174,47.705882352941174,0.40123108088235293,11,1
2023,3321,Tyreek Hill,WR,16,441.6,303.3,3.0270828046875,8.64375,46.9375,47.9375,52.9375,50.4375,47.9375,0.40149390136718754,12,2
2023,9758,C.J. Stroud,QB,15,475.82,304.23,2.96431796875,11.439333333333334,24.0,25.0,30.0,27.5,25.0,0.29572362812499997,13,10
2023,4892,Baker Mayfield,QB,17,492.96,296.96,2.9420164765625,11.529411764705882,24.0,25.0,30.0,27.5,25.0,0.29438970404411763,14,11
2023,7523,Trevor Lawrence,QB,16,478.04,295.05,2.941151671875,11.436875,24.0,25.0,30.0,27.5,25.0,0.2951788432617187,15,12
2023,2028,Derek Carr,QB,17,460.52,261.68,2.6284240468749998,11.696470588235295,24.0,25.0,30.0,27.5,25.0,0.2990022265625,16,13
2023,4066,Evan Engram,TE,17,387.3,252.85,2.5326515078125,7.908823529411766,24.352941176470587,25.352941176470587,30.352941176470587,27.852941176470587,25.352941176470587,0.40041323529411765,17,1
2023,421,Matthew Stafford,QB,15,427.3,251.41,2.5109686171875003,11.726,24.0,25.0,30.0,27.5,25.0,0.2955784739583333,18,14
2023,7547,Amon-Ra St. Brown,WR,16,378.2,238.45,2.4521102578125,8.734375,46.625,47.625,52.625,50.125,47.625,0.3995503486328125,19,3
2023,1234,Russell Wilson,QB,17,443.4,244.29,2.4316436093749996,11.712352941176471,24.0,25.0,30.0,27.5,25.0,0.29665477573529414,20,15
2023,8155,Breece Hall,RB,17,378.6,236.70000000000002,2.40515509375,8.347058823529412,36.64705882352941,37.64705882352941,42.64705882352941,40.14705882352941,37.64705882352941,0.3846834016544118,21,2
2023,1466,Travis Kelce,TE,15,362.40000000000003,244.95000000000002,2.3981611015624993,7.83,24.666666666666668,25.666666666666668,30.666666666666668,28.166666666666668,25.666666666666668,0.3943943578125,22,2
2023,7543,Travis Etienne,RB,17,375.8,234.29999999999998,2.3260091406249996,8.323529411764707,36.705882352941174,37.705882352941174,42.705882352941174,40.205882352941174,37.705882352941174,0.3840914512867647,23,3
2023,5844,T.J. Hockenson,TE,17,358.0,223.0,2.2520784765624997,7.9411764705882355,24.529411764705884,25.529411764705884,30.529411764705884,28.029411764705884,25.529411764705884,0.3979615877757353,24,3
2023,10859,Sam LaPorta,TE,17,367.5,233.04999999999998,2.2458770625,7.908823529411766,24.352941176470587,25.352941176470587,30.352941176470587,27.852941176470587,25.352941176470587,0.40041323529411765,25,4
2023,2749,Raheem Mostert,RB,15,336.5,212.4,2.1999442109375,8.273333333333333,36.2,37.2,42.2,39.7,37.2,0.386816846875,26,4
2023,6797,Justin Herbert,QB,17,406.56,210.55999999999997,2.197640359375,11.529411764705882,24.0,25.0,30.0,27.5,25.0,0.29438970404411763,27,16
2023,8136,Rachaad White,RB,17,356.3,213.70000000000002,2.182772328125,8.388235294117647,36.76470588235294,37.76470588235294,42.76470588235294,40.26470588235294,37.76470588235294,0.38409844393382353,28,5
2023,1373,Geno Smith,QB,16,409.16,221.14000000000001,2.1750708203125,11.75125,24.0,25.0,30.0,27.5,25.0,0.2973062817382813,29,17
2023,8150,Kyren Williams,RB,16,335.6,202.04999999999998,2.1281380078125,8.346875,36.375,37.375,42.375,39.875,37.375,0.38574793359375,30,6
2023,4018,Joe Mixon,RB,17,351.9,210.0,2.11481778125,8.347058823529412,36.64705882352941,37.64705882352941,42.64705882352941,40.14705882352941,37.64705882352941,0.3846834016544118,31,7
2023,8162,Sam Howell,QB,17,407.64,210.04,2.1116482031249997,11.623529411764705,24.0,25.0,30.0,27.5,25.0,0.2980589535845588,32,18
2023,3198,Derrick Henry,RB,17,343.16,201.26,2.066252453125,8.347058823529412,36.64705882352941,37.64705882352941,42.64705882352941,40.14705882352941,37.64705882352941,0.3846834016544118,33,8
2023,1479,Keenan Allen,WR,13,315.76,205.91,2.0562286796875,8.450000000000001,47.23076923076923,48.23076923076923,53.23076923076923,50.73076923076923,48.23076923076923,0.40278383533653844,34,4
2023,9493,Puka Nacua,WR,17,346.4,199.3,2.0143273203125,8.652941176470588,46.88235294117647,47.88235294117647,52.88235294117647,50.38235294117647,47.88235294117647,0.401357,35,5
2023,4866,Saquon Barkley,RB,14,303.1,183.75,1.9801300703124998,8.525,37.142857142857146,38.142857142857146,43.142857142857146,40.642857142857146,38.142857142857146,0.3817134129464286,36,9
2023,9509,Bijan Robinson,RB,17,328.1,186.4,1.9424496171874996,8.33529411764706,36.64705882352941,37.64705882352941,42.64705882352941,40.14705882352941,37.64705882352941,0.386080359375,37,10
2023,7591,Justin Fields,QB,13,356.98,192.35,1.9079226640625004,12.663846153846153,24.0,25.0,30.0,27.5,25.0,0.29799047536057693,38,19
2023,4033,David Njoku,TE,17,315.2,182.5,1.8872490859375,7.805882352941177,24.764705882352942,25.764705882352942,30.764705882352942,28.264705882352942,25.764705882352942,0.3990409255514706,39,5
2023,8138,James Cook,RB,17,316.6,173.65,1.8027579062499999,8.408823529411764,36.8235294117647,37.8235294117647,42.8235294117647,40.3235294117647,37.8235294117647,0.38490468474264705,40,11
2023,4179,Joshua Dobbs,QB,14,333.56,183.2,1.7960809843750003,10.74,24.0,25.0,30.0,27.5,25.0,0.28778206473214285,41,20
2023,9221,Jahmyr Gibbs,RB,15,306.0,178.6,1.793588015625,8.493333333333334,36.733333333333334,37.733333333333334,42.733333333333334,40.233333333333334,37.733333333333334,0.38329517083333337,42,12
2023,5859,A.J. Brown,WR,17,333.1,186.0,1.7869714765625,8.652941176470588,46.88235294117647,47.88235294117647,52.88235294117647,50.38235294117647,47.88235294117647,0.401357,43,6
2023,4217,George Kittle,TE,17,314.4,179.95,1.7570784062500002,7.908823529411766,24.352941176470587,25.352941176470587,30.352941176470587,27.852941176470587,25.352941176470587,0.40041323529411765,44,6
2023,5967,Tony Pollard,RB,17,306.0,164.1,1.7424729921875,8.347058823529412,36.64705882352941,37.64705882352941,42.64705882352941,40.14705882352941,37.64705882352941,0.3846834016544118,45,13
2023,4983,DJ Moore,WR,17,325.3,175.9,1.7147341796874997,8.788235294117648,46.64705882352941,47.64705882352941,52.64705882352941,50.14705882352941,47.64705882352941,0.4028021746323529,46,7
2023,2216,Mike Evans,WR,17,315.0,167.5,1.6904679296874994,8.676470588235293,46.470588235294116,47.470588235294116,52.470588235294116,49.970588235294116,47.470588235294116,0.4011163474264706,47,8
2023,8130,Trey McBride,TE,17,303.5,170.25,1.6825557421875,7.838235294117647,24.352941176470587,25.352941176470587,30.352941176470587,27.852941176470587,25.352941176470587,0.399730671875,48,7
2023,5892,David Montgomery,RB,14,285.5,169.9,1.6594915078124999,8.257142857142856,36.857142857142854,37.857142857142854,42.857142857142854,40.357142857142854,37.857142857142854,0.37998475000000004,49,14
2023,7569,Nico Collins,WR,15,297.1,166.55,1.6467266562499996,8.703333333333335,46.86666666666667,47.86666666666667,52.86666666666667,50.36666666666667,47.86666666666667,0.40063204999999996,50,9
2023,8205,Isiah Pacheco,RB,15,287.9,162.95,1.6293964453124998,8.33,36.333333333333336,37.333333333333336,42.333333333333336,39.833333333333336,37.333333333333336,0.38648629479166663,51,15
2023,6803,Brandon Aiyuk,WR,16,288.2,150.65,1.6028192890624995,8.596875,46.6875,47.6875,52.6875,50.1875,47.6875,0.399797490234375,52,10
2023,2449,Stefon Diggs,WR,17,308.5,159.10000000000002,1.5858887343749994,8.788235294117648,46.64705882352941,47.64705882352941,52.64705882352941,50.14705882352941,47.64705882352941,0.4028021746323529,53,11
2023,4035,Alvin Kamara,RB,16,298.5,165.3,1.5827447343749999,8.325000000000001,36.5625,37.5625,42.5625,40.0625,37.5625,0.386754439453125,54,16
2023,6826,Cole Kmet,TE,17,289.7,154.7,1.5348845078125,7.9411764705882355,24.529411764705884,25.529411764705884,30.529411764705884,28.029411764705884,25.529411764705884,0.3979615877757353,55,8
2023,5872,Deebo Samuel,WR,15,281.1,151.5,1.5181249765625,8.639999999999999,46.733333333333334,47.733333333333334,52.733333333333334,50.233333333333334,47.733333333333334,0.3989978583333334,56,12
2023,6819,Michael Pittman,WR,16,282.7,146.2,1.516577046875,8.53125,47.0,48.0,53.0,50.5,48.0,0.4028725219726563,57,13
2023,8154,Brian Robinson,RB,15,264.70000000000005,142.25000000000003,1.4962163124999996,8.163333333333334,36.46666666666667,37.46666666666667,42.46666666666667,39.96666666666667,37.46666666666667,0.3855935255208333,58,17
2023,2133,Davante Adams,WR,17,296.90000000000003,147.5,1.4815984062499998,8.788235294117648,46.64705882352941,47.64705882352941,52.64705882352941,50.14705882352941,47.64705882352941,0.4028021746323529,59,14
2023,7564,Ja'Marr Chase,WR,16,306.82,170.07,1.4791151718749997,8.546875,47.0,48.0,53.0,50.5,48.0,0.40186427050781254,60,15
2023,6011,Gardner Minshew,QB,17,347.0,148.16,1.4665749453124999,11.696470588235295,24.0,25.0,30.0,27.5,25.0,0.2990022265625,61,21
2023,5850,Josh Jacobs,RB,13,254.20000000000002,148.25,1.4641855078125001,8.15,36.76923076923077,37.76923076923077,42.76923076923077,40.26923076923077,37.76923076923077,0.3861800751201923,62,18
2023,8151,Kenneth Walker,RB,15,271.2,143.5,1.4507835859374998,8.513333333333334,36.666666666666664,37.666666666666664,42.666666666666664,40.166666666666664,37.666666666666664,0.3831284109375,63,19
2023,8110,Jake Ferguson,TE,17,284.1,149.65,1.4429476562499999,7.908823529411766,24.647058823529413,25.647058823529413,30.647058823529413,28.147058823529413,25.647058823529413,0.39970014889705885,64,9
2023,6790,D'Andre Swift,RB,16,274.1,140.55,1.4423653515625,8.346875,36.375,37.375,42.375,39.875,37.375,0.38574793359375,65,20
2023,8143,Jerome Ford,RB,17,281.0,138.4,1.4308302187500002,8.388235294117647,36.76470588235294,37.76470588235294,42.76470588235294,40.26470588235294,37.76470588235294,0.38409844393382353,66,21
2023,4663,Austin Ekeler,RB,14,247.2,133.25,1.40889225,8.139285714285714,37.714285714285715,38.714285714285715,43.714285714285715,41.214285714285715,38.714285714285715,0.38459506919642855,67,22
2023,4137,James Conner,RB,17,277.6,136.1,1.3843928046874998,8.323529411764707,36.35294117647059,37.35294117647059,42.35294117647059,39.85294117647059,37.35294117647059,0.3859960137867647,68,23
2023,2309,Amari Cooper,WR,15,268.5,139.39999999999998,1.36665378125,8.606666666666666,46.8,47.8,52.8,50.3,47.8,0.401763765625,69,16
2023,8144,Chris Olave,WR,16,265.3,127.15,1.3311544531249995,8.634375,46.75,47.75,52.75,50.25,47.75,0.4023683637695313,70,17
2023,7528,Najee Harris,RB,17,274.5,133.10000000000002,1.3250956015624997,8.31764705882353,36.588235294117645,37.588235294117645,42.588235294117645,40.088235294117645,37.588235294117645,0.3854476470588235,71,24
2023,10236,Dalton Kincaid,TE,16,251.3,123.35000000000001,1.2805364296875001,7.996875,24.6875,25.6875,30.6875,28.1875,25.6875,0.39871917333984375,72,10
2023,7594,Chuba Hubbard,RB,17,262.6,120.7,1.2596280546874996,8.347058823529412,36.64705882352941,37.64705882352941,42.64705882352941,40.14705882352941,37.64705882352941,0.3846834016544118,73,25
2023,8159,Desmond Ridder,QB,17,312.24,113.39999999999999,1.239973828125,11.696470588235295,24.0,25.0,30.0,27.5,25.0,0.2990022265625,74,22
2023,7525,DeVonta Smith,WR,16,254.6,116.25,1.2241074296874996,8.646875,47.0625,48.0625,53.0625,50.5625,48.0625,0.40169952148437504,75,18
2023,4981,Calvin Ridley,WR,17,261.7,114.5,1.2147355703124996,8.658823529411766,46.94117647058823,47.94117647058823,52.94117647058823,50.44117647058823,47.94117647058823,0.4005398658088235,76,19
2023,5001,Dalton Schultz,TE,15,240.5,119.0,1.1898115546875,8.1,24.4,25.4,30.4,27.9,25.4,0.4011964796875,77,11
2023,8228,Jaylen Warren,RB,17,256.7,115.3,1.1737813437500002,8.31764705882353,36.588235294117645,37.588235294117645,42.588235294117645,40.088235294117645,37.588235294117645,0.3854476470588235,78,26
2023,5846,DK Metcalf,WR,16,256.4,116.65,1.1550756249999998,8.734375,46.375,47.375,52.375,49.875,47.375,0.40028476464843754,79,20
2023,6845,Zack Moss,RB,14,235.20000000000002,120.4,1.1437703828125,8.200000000000001,36.214285714285715,37.214285714285715,42.214285714285715,39.714285714285715,37.214285714285715,0.38731797488839287,80,27
2023,5022,Dallas Goedert,TE,14,227.5,115.9,1.1266487734375001,7.971428571428572,25.0,26.0,31.0,28.5,26.0,0.39583790345982145,81,12
2023,1689,Adam Thielen,WR,17,260.2,113.0,1.1265939531249998,8.658823529411766,46.705882352941174,47.705882352941174,52.705882352941174,50.205882352941174,47.705882352941174,0.40123108088235293,82,21
2023,7588,Javonte Williams,RB,16,245.60000000000002,110.55000000000001,1.124051609375,8.440625,36.8125,37.8125,42.8125,40.3125,37.8125,0.3830014306640625,83,28
2023,7526,Jaylen Waddle,WR,14,228.20000000000002,109.15,1.1200615781249996,8.50357142857143,47.0,48.0,53.0,50.5,48.0,0.4012949787946429,84,22
2023,5947,Jakobi Meyers,WR,16,241.38,102.28,1.0832153671874998,8.69375,46.1875,47.1875,52.1875,49.6875,47.1875,0.4038920947265625,85,23
2023,10222,Jayden Reed,WR,16,237.4,100.55,1.08065278125,8.553125,47.0,48.0,53.0,50.5,48.0,0.40343370605468754,86,24
2023,1166,Kirk Cousins,QB,17,292.03999999999996,92.97999999999999,1.0793613984375001,11.709411764705882,24.0,25.0,30.0,27.5,25.0,0.29428976240808824,87,23
2023,5248,Gus Edwards,RB,17,249.1,106.15,1.0762760703125,8.408823529411764,36.8235294117647,37.8235294117647,42.8235294117647,40.3235294117647,37.8235294117647,0.38490468474264705,88,29
2023,1426,DeAndre Hopkins,WR,17,255.0,107.79999999999998,1.0675131015624997,8.658823529411766,46.705882352941174,47.705882352941174,52.705882352941174,50.205882352941174,47.705882352941174,0.40123108088235293,89,25
2023,4199,Aaron Jones,RB,11,189.3,97.2,1.03924790625,8.372727272727273,37.18181818181818,38.18181818181818,43.18181818181818,40.68181818181818,38.18181818181818,0.3859259098011364,90,30
2023,4381,Taysom Hill,TE,16,228.22000000000003,102.17,1.0318817343750002,7.878125000000001,24.4375,25.4375,30.4375,27.9375,25.4375,0.3996523115234375,91,13
2023,6130,Devin Singletary,RB,17,239.04000000000002,97.14000000000001,1.0161786015624998,8.347058823529412,36.64705882352941,37.64705882352941,42.64705882352941,40.14705882352941,37.64705882352941,0.3846834016544118,92,31
2023,9997,Zay Flowers,WR,16,233.0,92.35,1.0141000390625,8.790625,46.8125,47.8125,52.8125,50.3125,47.8125,0.40323501953125,93,26
2023,6813,Jonathan Taylor,RB,14,214.7,96.2,1.0043898203125001,8.464285714285714,36.714285714285715,37.714285714285715,42.714285714285715,40.214285714285715,37.714285714285715,0.3875409162946429,94,32
2023,8146,Garrett Wilson,WR,17,242.0,94.8,1.0025409843749997,8.658823529411766,46.705882352941174,47.705882352941174,52.705882352941174,50.205882352941174,47.705882352941174,0.40123108088235293,95,27
2023,10229,Rashee Rice,WR,16,234.2,95.85,0.9825117265624995,8.646875,47.0625,48.0625,53.0625,50.5625,48.0625,0.40169952148437504,96,28
2023,8137,George Pickens,WR,17,246.9,99.6,0.9794488828124999,8.664705882352942,46.705882352941174,47.705882352941174,52.705882352941174,50.205882352941174,47.705882352941174,0.40270819669117647,97,29
2023,9756,Jordan Addison,WR,17,245.5,96.1,0.9545738359374994,8.788235294117648,46.64705882352941,47.64705882352941,52.64705882352941,50.14705882352941,47.64705882352941,0.4028021746323529,98,30
2023,4037,Chris Godwin,WR,17,241.0,93.5,0.9510580859374997,8.676470588235293,46.470588235294116,47.470588235294116,52.470588235294116,49.970588235294116,47.470588235294116,0.4011163474264706,99,31
2023,9226,De'Von Achane,RB,15,238.8,113.50000000000001,0.9507961562499996,8.353333333333333,36.0,37.0,42.0,39.5,37.0,0.38523166302083334,100,33
2023,10866,Aidan O'Connell,QB,12,226.22,89.91,0.9456667265625001,11.359166666666667,24.0,25.0,30.0,27.5,25.0,0.29175991861979167,101,24
2023,19,Joe Flacco,QB,7,178.64,88.16999999999999,0.9444482656250002,12.924285714285714,24.0,25.0,30.0,27.5,25.0,0.3063599140625,102,25
2023,3164,Ezekiel Elliott,RB,17,231.29999999999998,89.6,0.9307046953124998,8.33529411764706,36.64705882352941,37.64705882352941,42.64705882352941,40.14705882352941,37.64705882352941,0.386080359375,103,34
2023,7611,Rhamondre Stevenson,RB,14,199.9,84.8,0.9241075937500001,8.221428571428572,36.42857142857143,37.42857142857143,42.42857142857143,39.92857142857143,37.42857142857143,0.3868616902901786,104,35
2023,6770,Joe Burrow,QB,17,286.36,82.19000000000001,0.906942328125,12.010000000000002,24.0,25.0,30.0,27.5,25.0,0.2993859871323529,105,26
2023,5927,Terry McLaurin,WR,17,233.70000000000002,87.35000000000001,0.8848984999999997,8.608823529411765,47.294117647058826,48.294117647058826,53.294117647058826,50.794117647058826,48.294117647058826,0.4025819136029412,106,32
2023,7553,Kyle Pitts,TE,17,222.5,89.1,0.879462515625,7.847058823529412,24.647058823529413,25.647058823529413,30.647058823529413,28.147058823529413,25.647058823529413,0.3981104375,107,14
2023,6794,Justin Jefferson,WR,17,233.9,84.5,0.8727464453124999,8.788235294117648,46.64705882352941,47.64705882352941,52.64705882352941,50.14705882352941,47.64705882352941,0.4028021746323529,108,33
2023,2374,Tyler Lockett,WR,17,223.4,75.9,0.7907716328124998,8.676470588235293,46.470588235294116,47.470588235294116,52.470588235294116,49.970588235294116,47.470588235294116,0.4011163474264706,109,34
2023,3214,Hunter Henry,TE,15,184.9,70.0,0.7846799921875001,7.66,24.4,25.4,30.4,27.9,25.4,0.39713185624999997,110,15
2023,5133,Tyler Conklin,TE,17,211.29999999999998,76.85,0.7689332812499999,7.908823529411766,24.647058823529413,25.647058823529413,30.647058823529413,28.147058823529413,25.647058823529413,0.39970014889705885,111,16
2023,5045,Courtland Sutton,WR,16,207.70000000000002,70.15,0.7295015312499997,8.596875,47.125,48.125,53.125,50.625,48.125,0.4007833095703125,112,35
2023,5012,Mark Andrews,TE,16,201.6,75.0,0.722022625,7.9125000000000005,24.625,25.625,30.625,28.125,25.625,0.3962207705078125,113,17
2023,2251,Logan Thomas,TE,16,200.0,75.25,0.7147314374999997,7.796875,24.5,25.5,30.5,28.0,25.5,0.3986019326171875,114,18
2023,4089,Gerald Everett,TE,15,184.7,67.05,0.702971078125,7.843333333333334,25.0,26.0,31.0,28.5,26.0,0.40119044479166666,115,19
2023,8112,Drake London,WR,16,199.88,60.68,0.6802281718749996,8.700000000000001,46.875,47.875,52.875,50.375,47.875,0.4006805043945313,116,36
2023,4144,Jonnu Smith,TE,17,201.9,68.5,0.6766825156250003,7.847058823529412,24.647058823529413,25.647058823529413,30.647058823529413,28.147058823529413,25.647058823529413,0.3981104375,117,20
2023,6111,Jake Browning,QB,17,255.34,51.17,0.6734510546875001,12.010000000000002,24.0,25.0,30.0,27.5,25.0,0.2993859871323529,118,27
2023,9999,Will Levis,QB,9,162.02,60.77,0.6430949296874999,11.25,24.0,25.0,30.0,27.5,25.0,0.2967311111111111,119,28
2023,8132,Tyler Allgeier,RB,17,198.8,57.10000000000001,0.6314512109374998,8.33529411764706,36.64705882352941,37.64705882352941,42.64705882352941,40.14705882352941,37.64705882352941,0.386080359375,120,36
2023,8160,Kenny Pickett,QB,13,203.6,64.2,0.6224254531249998,10.723076923076924,24.0,25.0,30.0,27.5,25.0,0.29207878185096153,121,29
2023,5849,Kyler Murray,QB,17,238.16000000000003,40.56,0.6095226874999999,11.623529411764705,24.0,25.0,30.0,27.5,25.0,0.2980589535845588,122,30
2023,3271,Tyler Higbee,TE,15,179.5,60.99999999999999,0.6026838125,7.9,24.333333333333332,25.333333333333332,30.333333333333332,27.833333333333332,25.333333333333332,0.39788597187499997,123,21
2023,8210,Chig Okonkwo,TE,17,192.8,58.35,0.5600608203125,7.908823529411766,24.647058823529413,25.647058823529413,30.647058823529413,28.147058823529413,25.647058823529413,0.39970014889705885,124,22
2023,6801,Tee Higgins,WR,12,157.6,52.0,0.5559765390624998,8.8,46.583333333333336,47.583333333333336,52.583333333333336,50.083333333333336,47.583333333333336,0.39916456315104165,125,37
2023,2505,Darren Waller,TE,17,189.2,54.2,0.5495214296874997,7.9411764705882355,24.529411764705884,25.529411764705884,30.529411764705884,28.029411764705884,25.529411764705884,0.3979615877757353,126,23
2023,9502,Tank Dell,WR,16,190.2,50.64999999999999,0.5486433359374998,8.721875,46.625,47.625,52.625,50.125,47.625,0.4019761044921875,127,38
2023,2197,Brandin Cooks,WR,16,190.7,53.79999999999998,0.5375018125,8.55625,46.25,47.25,52.25,49.75,47.25,0.40222280761718754,128,39
2023,4039,Cooper Kupp,WR,16,186.6,48.249999999999986,0.5304889374999999,8.646875,47.0625,48.0625,53.0625,50.5625,48.0625,0.40169952148437504,129,40
2023,5987,Alexander Mattison,RB,16,185.2,51.800000000000004,0.5303077812499997,8.3375,37.0625,38.0625,43.0625,40.5625,38.0625,0.3851678212890625,130,37
2023,4111,D'Onta Foreman,RB,9,125.5,53.9,0.5285618359375,7.955555555555555,37.55555555555556,38.55555555555556,43.55555555555556,41.05555555555556,38.55555555555556,0.3843599357638889,131,38
2023,8111,Cade Otton,TE,17,181.5,48.8,0.5165665703125,7.805882352941177,24.764705882352942,25.764705882352942,30.764705882352942,28.264705882352942,25.764705882352942,0.3990409255514706,132,24
2023,7538,Zach Wilson,QB,13,193.64000000000001,43.42,0.5077250781249999,11.555384615384614,24.0,25.0,30.0,27.5,25.0,0.2940309158653846,133,31
2023,9508,Tyjae Spears,RB,17,193.8,51.90000000000001,0.49660536718750015,8.347058823529412,36.64705882352941,37.64705882352941,42.64705882352941,40.14705882352941,37.64705882352941,0.3846834016544118,134,39
2023,6828,AJ Dillon,RB,15,174.20000000000002,50.850000000000016,0.4957958125,8.223333333333333,36.733333333333334,37.733333333333334,42.733333333333334,40.233333333333334,37.733333333333334,0.3864413614583333,135,40
2023,7002,Juwan Johnson,TE,14,153.8,41.5,0.47756712500000015,8.021428571428572,25.214285714285715,26.214285714285715,31.214285714285715,28.714285714285715,26.214285714285715,0.4016365524553572,136,25
2023,9228,Bryce Young,QB,16,238.68,47.71000000000001,0.47329176562499986,11.935625,24.0,25.0,30.0,27.5,25.0,0.298394482421875,137,32
2023,8121,Romeo Doubs,WR,17,190.9,43.599999999999994,0.4490602656249996,8.664705882352942,46.705882352941174,47.705882352941174,52.705882352941174,50.205882352941174,47.705882352941174,0.40270819669117647,138,41
2023,8676,Rashid Shaheed,WR,16,179.5,38.1,0.43268893749999976,8.8375,46.5625,47.5625,52.5625,50.0625,47.5625,0.4030842075195313,139,42
2023,4098,Kareem Hunt,RB,15,162.5,39.35,0.4281697265625,8.21,37.333333333333336,38.333333333333336,43.333333333333336,40.833333333333336,38.333333333333336,0.38722171145833334,140,41
2023,7527,Mac Jones,QB,16,204.60000000000002,18.230000000000008,0.3849773124999999,11.648125,24.0,25.0,30.0,27.5,25.0,0.29939484033203123,141,33
2023,8167,Christian Watson,WR,9,112.1,40.0,0.37097793749999963,8.011111111111113,47.666666666666664,48.666666666666664,53.666666666666664,51.166666666666664,48.666666666666664,0.4095146085069445,142,43
2023,4082,Curtis Samuel,WR,16,172.1,33.5,0.3241350859374999,8.6625,47.5,48.5,53.5,51.0,48.5,0.40110751269531253,143,44
2023,4950,Christian Kirk,WR,16,171.96,33.51,0.3238855312499997,8.653125000000001,47.125,48.125,53.125,50.625,48.125,0.40083131640625,144,45
2023,6943,Gabe Davis,WR,17,182.1,32.7,0.3096743749999997,8.788235294117648,46.64705882352941,47.64705882352941,52.64705882352941,50.14705882352941,47.64705882352941,0.4028021746323529,145,46
2023,6149,Darius Slayton,WR,17,172.5,23.1,0.29153477343749984,8.788235294117648,46.64705882352941,47.64705882352941,52.64705882352941,50.14705882352941,47.64705882352941,0.4028021746323529,146,47
2023,5937,Diontae Johnson,WR,17,172.7,25.399999999999995,0.2878620624999998,8.664705882352942,46.705882352941174,47.705882352941174,52.705882352941174,50.205882352941174,47.705882352941174,0.40270819669117647,147,48
2023,8126,Wan'Dale Robinson,WR,15,150.5,20.399999999999995,0.2671317812499997,8.673333333333334,46.2,47.2,52.2,49.7,47.2,0.40492616927083336,148,49
2023,9500,Josh Downs,WR,17,176.1,29.15,0.2632867656249996,8.644117647058824,46.705882352941174,47.705882352941174,52.705882352941174,50.205882352941174,47.705882352941174,0.4021800234375,149,50
2023,6074,Donald Parham,TE,14,124.5,18.699999999999996,0.20839873437500006,7.557142857142858,24.214285714285715,25.214285714285715,30.214285714285715,27.714285714285715,25.214285714285715,0.3982600652901786,150,26
2023,4972,Mason Rudolph,QB,5,84.06,14.909999999999998,0.19168093749999998,13.830000000000002,24.0,25.0,30.0,27.5,25.0,0.302884384375,151,34
2023,6945,Antonio Gibson,RB,16,155.9,21.75,0.1897328203125001,8.384375,36.3125,37.3125,42.3125,39.8125,37.3125,0.3871308134765625,152,42
2023,7608,Khalil Herbert,RB,17,157.4,14.450000000000005,0.1784176171875,8.408823529411764,36.8235294117647,37.8235294117647,42.8235294117647,40.3235294117647,37.8235294117647,0.38490468474264705,153,43
2023,6783,Jerry Jeudy,WR,16,159.8,21.599999999999998,0.1762026093749996,8.637500000000001,47.0,48.0,53.0,50.5,48.0,0.40129979638671875,154,51
2023,8131,Isaiah Likely,TE,17,144.1,9.099999999999996,0.15622517968750005,7.9411764705882355,24.529411764705884,25.529411764705884,30.529411764705884,28.029411764705884,25.529411764705884,0.3979615877757353,155,27
2023,5916,Darrell Henderson,RB,5,55.7,14.999999999999996,0.150540359375,8.14,37.4,38.4,43.4,40.9,38.4,0.3935579015625,156,44
2023,5848,Marquise Brown,WR,16,150.60000000000002,14.700000000000003,0.1427359531249997,8.49375,47.625,48.625,53.625,51.125,48.625,0.4032995302734375,157,52
2023,9488,Jaxon Smith-Njigba,WR,17,162.3,14.799999999999997,0.13848263281249984,8.676470588235293,46.470588235294116,47.470588235294116,52.470588235294116,49.970588235294116,47.470588235294116,0.4011163474264706,158,53
2023,3225,Tyler Boyd,WR,17,161.20000000000002,14.000000000000002,0.1275851640624998,8.658823529411766,46.705882352941174,47.705882352941174,52.705882352941174,50.205882352941174,47.705882352941174,0.40123108088235293,159,54
2023,10232,Michael Wilson,WR,13,128.5,12.999999999999998,0.12334641406249996,8.884615384615385,47.46153846153846,48.46153846153846,53.46153846153846,50.96153846153846,48.46153846153846,0.4018141039663462,160,55
2023,4147,Samaje Perine,RB,17,149.9,8.399999999999997,0.11260710156249998,8.323529411764707,36.705882352941174,37.705882352941174,42.705882352941174,40.205882352941174,37.705882352941174,0.3840914512867647,161,45
2023,9753,Zach Charbonnet,RB,16,146.7,11.250000000000004,0.09756346874999966,8.465625,36.75,37.75,42.75,40.25,37.75,0.3836303779296875,162,46
2023,7602,Kylen Granson,TE,15,124.2,4.799999999999993,0.08843917187499972,7.96,24.866666666666667,25.866666666666667,30.866666666666667,28.366666666666667,25.866666666666667,0.4019375645833333,163,28
2023,2078,Odell Beckham,WR,14,125.50000000000001,2.850000000000006,0.07890735937499993,8.760714285714286,46.42857142857143,47.42857142857143,52.42857142857143,49.92857142857143,47.42857142857143,0.4019202265625,164,56
2023,4080,Zay Jones,WR,9,84.1,8.1,0.0722760859374999,8.444444444444445,47.0,48.0,53.0,50.5,48.0,0.39675046354166665,165,57
2023,9486,Dontayvion Wicks,WR,15,133.46,5.360000000000005,0.07001889843750009,8.54,46.93333333333333,47.93333333333333,52.93333333333333,50.43333333333333,47.93333333333333,0.402750696875,166,58
2023,5995,Justice Hill,RB,16,138.1,4.049999999999999,0.060462335937499945,8.378125,36.9375,37.9375,42.9375,40.4375,37.9375,0.383561837890625,167,47
2023,5008,Durham Smythe,TE,16,128.6,2.549999999999999,0.058122070312499885,7.878125000000001,24.75,25.75,30.75,28.25,25.75,0.39738905371093747,168,29
2023,5409,Tanner Hudson,TE,17,138.2,3.7499999999999947,0.048578632812500244,7.908823529411766,24.647058823529413,25.647058823529413,30.647058823529413,28.147058823529413,25.647058823529413,0.39970014889705885,169,30
2023,10235,Roschon Johnson,RB,15,128.3,0.1499999999999977,0.047092140625,8.543333333333333,36.733333333333334,37.733333333333334,42.733333333333334,40.233333333333334,37.733333333333334,0.3848797875,170,48
2023,9482,Michael Mayer,TE,15,115.4,-1.100000000000004,0.030075132812499905,7.766666666666667,24.266666666666666,25.266666666666666,30.266666666666666,27.766666666666666,25.266666666666666,0.3969631598958333,171,31
2023,7596,Elijah Moore,WR,17,149.4,1.8999999999999968,0.027781789062499784,8.676470588235293,46.470588235294116,47.470588235294116,52.470588235294116,49.970588235294116,47.470588235294116,0.4011163474264706,172,59
2023,9501,DeMario Douglas,WR,14,124.80000000000001,-0.3500000000000014,0.007049046874999798,8.939285714285715,47.07142857142857,48.07142857142857,53.07142857142857,50.57142857142857,48.07142857142857,0.4048985072544643,173,60
2023,7600,Pat Freiermuth,TE,16,124.8,-0.8500000000000014,0.00642909375000017,7.853125,24.9375,25.9375,30.9375,28.4375,25.9375,0.3998659697265625,174,32
2023,4171,Josh Reynolds,WR,17,142.3,-4.9,-0.0023599140625003012,8.658823529411766,46.94117647058823,47.94117647058823,52.94117647058823,50.44117647058823,47.94117647058823,0.4005398658088235,175,61
2023,6151,Miles Sanders,RB,16,129.9,-4.3499999999999925,-0.004960398437500124,8.390625,36.5625,37.5625,42.5625,40.0625,37.5625,0.38506390625,176,49
2023,9484,Tucker Kraft,TE,17,126.5,-7.050000000000006,-0.008595039062500087,7.855882352941177,24.705882352941178,25.705882352941178,30.705882352941178,28.205882352941178,25.705882352941178,0.3990012738970588,177,33
2023,7567,Kenny Gainwell,RB,16,129.18,-1.369999999999994,-0.012972874999999828,8.159375,37.125,38.125,43.125,40.625,38.125,0.3874862197265625,178,50
2023,4234,Noah Brown,WR,14,117.8,-3.1000000000000023,-0.01656790625000032,8.635714285714286,46.857142857142854,47.857142857142854,52.857142857142854,50.357142857142854,47.857142857142854,0.40133056752232144,179,62
2023,8230,Ty Chandler,RB,17,134.4,-8.549999999999995,-0.0428119218750001,8.408823529411764,36.8235294117647,37.8235294117647,42.8235294117647,40.3235294117647,37.8235294117647,0.38490468474264705,180,51
2023,8129,Dameon Pierce,RB,14,119.2,-0.8000000000000034,-0.05109480468749994,8.571428571428571,36.42857142857143,37.42857142857143,42.42857142857143,39.92857142857143,37.42857142857143,0.38472747433035714,181,52
2023,1339,Zach Ertz,TE,12,85.7,-7.650000000000003,-0.05150915625000041,7.779166666666668,23.416666666666668,24.416666666666668,29.416666666666668,26.916666666666668,24.416666666666668,0.39719770442708335,182,34
2023,5139,Trey Quinn,WR,1,0.0,-7.449999999999999,-0.060073289062500035,7.449999999999999,52.0,53.0,58.0,55.5,53.0,0.416372140625,183,63
2023,4951,DJ Chark,WR,15,127.0,-3.3500000000000014,-0.0659360078125002,8.69,46.86666666666667,47.86666666666667,52.86666666666667,50.36666666666667,47.86666666666667,0.4013510901041667,184,64
2023,11214,Tanner Morgan,QB,1,0.0,-9.580000000000002,-0.06808340624999995,9.580000000000002,24.0,25.0,30.0,27.5,25.0,0.31010170312499996,185,35
2023,11382,Dontay Demus,WR,1,0.0,-8.350000000000001,-0.07113695312500007,8.350000000000001,48.0,49.0,54.0,51.5,49.0,0.41245926562500007,186,65
2023,7562,Tutu Atwell,WR,16,128.9,-9.400000000000006,-0.0715340312500003,8.64375,46.9375,47.9375,52.9375,50.4375,47.9375,0.40149390136718754,187,66
2023,7066,K.J. Osborn,WR,16,133.5,-8.050000000000006,-0.08060822656250016,8.846875,46.75,47.75,52.75,50.25,47.75,0.4022097451171875,188,67
2023,8801,Dennis Houston,WR,1,0.0,-8.75,-0.08205464062500001,8.75,44.0,45.0,50.0,47.5,45.0,0.39587665625,189,68
2023,8119,Jahan Dotson,WR,17,137.3,-9.050000000000004,-0.08651075000000036,8.608823529411765,47.294117647058826,48.294117647058826,53.294117647058826,50.794117647058826,48.294117647058826,0.4025819136029412,190,69
2023,11192,Malik Flowers,WR,1,0.0,-7.65,-0.08659394531250009,7.65,48.0,49.0,54.0,51.5,49.0,0.38931070312500005,191,70
2023,5013,Anthony Miller,WR,1,0.0,-7.65,-0.08659394531250009,7.65,48.0,49.0,54.0,51.5,49.0,0.38931070312500005,192,71
2023,8058,Nate McCrary,RB,1,0.0,-9.850000000000001,-0.08887589843749999,9.850000000000001,36.0,37.0,42.0,39.5,37.0,0.4117904375,193,53
2023,7107,Jason Huntley,RB,1,0.0,-7.949999999999999,-0.08890892968749997,7.949999999999999,39.0,40.0,45.0,42.5,40.0,0.37386537499999994,194,54
2023,7574,Larry Rountree,RB,1,0.0,-7.949999999999999,-0.08890892968749997,7.949999999999999,39.0,40.0,45.0,42.5,40.0,0.37386537499999994,195,55
2023,5128,Logan Woodside,QB,1,1.3800000000000003,-11.09,-0.08941807031250001,12.47,24.0,25.0,30.0,27.5,25.0,0.29272040625,196,36
2023,8215,Austin Allen,TE,1,0.0,-8.4,-0.09791716406249995,8.4,23.0,24.0,29.0,26.5,24.0,0.4258146640625,197,35
2023,3357,Brandon Allen,QB,1,0.0,-12.47,-0.09925324218750001,12.47,24.0,25.0,30.0,27.5,25.0,0.29272040625,198,37
2023,8206,Skylar Thompson,QB,1,0.0,-12.47,-0.09925324218750001,12.47,24.0,25.0,30.0,27.5,25.0,0.29272040625,199,38
2023,11540,La'Michael Pettway,TE,1,0.0,-9.850000000000001,-0.10001624999999997,9.850000000000001,25.0,26.0,31.0,28.5,26.0,0.4105374375,200,36
2023,6985,Dezmon Patmon,WR,1,0.0,-9.0,-0.10257757031250003,9.0,46.0,47.0,52.0,49.5,47.0,0.3883809765625,201,72
2023,8198,Charleston Rambo,WR,1,0.0,-9.0,-0.10257757031250003,9.0,46.0,47.0,52.0,49.5,47.0,0.3883809765625,202,73
2023,9481,Luke Musgrave,TE,17,122.2,-11.350000000000005,-0.10925866406249984,7.855882352941177,24.705882352941178,25.705882352941178,30.705882352941178,28.205882352941178,25.705882352941178,0.3990012738970588,203,37
2023,4017,Deshaun Watson,QB,14,131.5,-28.010000000000005,-0.11095014062499997,11.393571428571429,24.0,25.0,30.0,27.5,25.0,0.29181475055803574,204,39
2023,11225,Noah Gindorff,TE,2,0.0,-14.05,-0.11749165624999997,7.025,22.0,23.0,28.0,25.5,23.0,0.3795627421875,205,38
2023,8523,Nick Muse,TE,2,5.2,-12.05,-0.12152407812499999,8.625,25.5,26.5,31.5,29.0,26.5,0.4140083515625,206,39
2023,5857,Noah Fant,TE,17,122.4,-10.300000000000004,-0.12426550781249984,7.805882352941177,24.764705882352942,25.764705882352942,30.764705882352942,28.264705882352942,25.764705882352942,0.3990409255514706,207,40
2023,11304,E.J. Jenkins,TE,2,0.0,-13.55,-0.12946299218750007,6.775,27.0,28.0,33.0,30.5,28.0,0.3896580703125,208,41
2023,7021,Rico Dowdle,RB,16,118.80000000000001,-13.649999999999999,-0.13189069531249997,8.278125,36.5,37.5,42.5,40.0,37.5,0.385618974609375,209,56
2023,8134,Khalil Shakir,WR,17,131.8,-17.6,-0.13542132031250037,8.788235294117648,46.64705882352941,47.64705882352941,52.64705882352941,50.14705882352941,47.64705882352941,0.4028021746323529,210,74
2023,3695,J.P. Holtz,TE,2,0.0,-13.200000000000001,-0.13560869531249997,6.6000000000000005,22.5,23.5,28.5,26.0,23.5,0.37989978125,211,42
2023,7589,Ian Book,QB,1,0.0,-17.39,-0.13813615625,17.39,24.0,25.0,30.0,27.5,25.0,0.26668146875,212,40
2023,11439,Jaleel McLaughlin,RB,17,130.20000000000002,-11.299999999999995,-0.14315005468750036,8.323529411764707,36.705882352941174,37.705882352941174,42.705882352941174,40.205882352941174,37.705882352941174,0.3840914512867647,213,57
2023,2463,Jesse James,TE,2,0.0,-14.55,-0.14591564843750005,7.275,23.0,24.0,29.0,26.5,24.0,0.4053185078125,214,43
2023,1352,Robert Woods,WR,14,102.0,-18.85,-0.15328132031250036,8.632142857142858,46.92857142857143,47.92857142857143,52.92857142857143,50.42857142857143,47.92857142857143,0.3992208013392857,215,75
2023,11169,Dresser Winn,QB,2,0.0,-18.94,-0.15406771093749996,9.47,24.0,25.0,30.0,27.5,25.0,0.2821579453125,216,41
2023,11190,Keilahn Harris,WR,2,0.0,-15.4,-0.1569696562500001,7.7,48.0,49.0,54.0,51.5,49.0,0.4018661875,217,76
2023,6395,Trinity Benson,WR,2,0.0,-15.85,-0.15881258593750003,7.925,46.5,47.5,52.5,50.0,47.5,0.40528534765625,218,77
2023,7670,Joshua Palmer,WR,16,123.9,-13.950000000000003,-0.16374890625000027,8.615625,46.625,47.625,52.625,50.125,47.625,0.40139582128906254,219,78
2023,11380,Johnny Lumpkin,TE,2,0.0,-15.8,-0.16879738281249995,7.9,24.5,25.5,30.5,28.0,25.5,0.42164696484374997,220,44
2023,11224,Griffin Hebert,TE,2,0.0,-17.25,-0.17089646874999997,8.625,25.5,26.5,31.5,29.0,26.5,0.4140083515625,221,45
2023,9757,Kendre Miller,RB,9,58.5,-17.299999999999997,-0.17294549999999997,8.422222222222224,35.22222222222222,36.22222222222222,41.22222222222222,38.72222222222222,36.22222222222222,0.38953259548611113,222,58
2023,7159,Reid Sinnett,QB,2,0.0,-24.39,-0.17808896875000002,12.195,24.0,25.0,30.0,27.5,25.0,0.3114558984375,223,42
2023,11068,Mitchell Tinsley,WR,2,0.0,-19.05,-0.19019723437499997,9.525,49.0,50.0,55.0,52.5,50.0,0.3906200546875,224,79
2023,11256,Tyson Bagent,QB,13,109.36,-33.56,-0.19521857812499996,10.993846153846155,24.0,25.0,30.0,27.5,25.0,0.29342317788461536,225,43
2023,7601,Rondale Moore,WR,17,125.60000000000001,-20.75,-0.20052178906250018,8.608823529411765,47.294117647058826,48.294117647058826,53.294117647058826,50.794117647058826,48.294117647058826,0.4025819136029412,226,80
2023,5052,Ronald Jones,RB,2,0.0,-19.45,-0.20319917187500003,9.725,32.5,33.5,38.5,36.0,33.5,0.3606739375,227,59
2023,1476,Latavius Murray,RB,16,113.7,-20.75,-0.20800684375000006,8.403125,36.75,37.75,42.75,40.25,37.75,0.38550528515625,228,60
2023,1737,Case Keenum,QB,3,17.140000000000004,-26.189999999999994,-0.20971560937499997,14.443333333333333,24.0,25.0,30.0,27.5,25.0,0.32348034375,229,44
2023,7619,Mathew Sexton,WR,2,0.0,-19.3,-0.2107201640625,9.65,50.0,51.0,56.0,53.5,51.0,0.38687221484375,230,81
2023,7828,Noah Gray,TE,17,111.8,-21.450000000000006,-0.21420636718750002,7.838235294117647,24.647058823529413,25.647058823529413,30.647058823529413,28.147058823529413,25.647058823529413,0.39760054687499996,231,46
2023,10220,Will Mallory,TE,12,68.7,-25.5,-0.21966169531249974,7.8500000000000005,25.083333333333332,26.083333333333332,31.083333333333332,28.583333333333332,26.083333333333332,0.396850259765625,232,47
2023,11216,Holton Ahlers,QB,2,0.0,-22.58,-0.22236245312499997,11.29,24.0,25.0,30.0,27.5,25.0,0.30488685156249995,233,45
2023,10231,Elijah Higgins,TE,11,58.3,-25.150000000000006,-0.23527279687499975,7.586363636363637,24.90909090909091,25.90909090909091,30.90909090909091,28.40909090909091,25.90909090909091,0.3957560142045455,234,48
2023,4993,Mike Gesicki,TE,17,103.4,-30.000000000000004,-0.25122085937500005,7.847058823529412,24.647058823529413,25.647058823529413,30.647058823529413,28.147058823529413,25.647058823529413,0.3981104375,235,49
2023,11524,Izaiah Gathings,TE,3,0.0,-25.900000000000002,-0.25493191406249993,8.633333333333335,26.333333333333332,27.333333333333332,32.333333333333336,29.833333333333332,27.333333333333332,0.4094596197916667,236,50
2023,1833,Damien Williams,RB,5,10.2,-28.450000000000003,-0.256068796875,7.7299999999999995,36.4,37.4,42.4,39.9,37.4,0.397031140625,237,61
2023,827,Tyrod Taylor,QB,17,151.44,-47.620000000000005,-0.26370796093750004,11.709411764705882,24.0,25.0,30.0,27.5,25.0,0.29428976240808824,238,46
2023,11199,Emari Demercado,RB,14,93.9,-25.700000000000003,-0.26527780468749995,8.542857142857143,36.07142857142857,37.07142857142857,42.07142857142857,39.57142857142857,37.07142857142857,0.3863213604910714,239,62
2023,8164,Matt Corral,QB,2,0.0,-30.47,-0.2668201796875,15.235,24.0,25.0,30.0,27.5,25.0,0.29022708984375,240,47
2023,11140,Leonard Taylor,TE,3,0.0,-26.6,-0.2732502109375,8.866666666666667,24.333333333333332,25.333333333333332,30.333333333333332,27.833333333333332,25.333333333333332,0.4186775885416667,241,51
2023,6834,Jared Pinkney,TE,3,0.0,-26.6,-0.2732502109375,8.866666666666667,24.333333333333332,25.333333333333332,30.333333333333332,27.833333333333332,25.333333333333332,0.4186775885416667,242,52
2023,6823,Jacob Eason,QB,3,0.0,-32.29,-0.2770217734374999,10.763333333333334,24.0,25.0,30.0,27.5,25.0,0.2889064192708333,243,48
2023,3852,Jaydon Mickens,WR,3,0.0,-28.85,-0.28265225781250003,9.616666666666667,43.333333333333336,44.333333333333336,49.333333333333336,46.833333333333336,44.333333333333336,0.3945404895833334,244,82
2023,6820,Clyde Edwards-Helaire,RB,15,93.60000000000001,-31.449999999999996,-0.2899244140625001,8.336666666666668,36.333333333333336,37.333333333333336,42.333333333333336,39.833333333333336,37.333333333333336,0.38505980833333336,245,63
2023,2161,Jerick McKinnon,RB,15,97.06,-30.090000000000003,-0.2903109531250001,8.476666666666667,36.333333333333336,37.333333333333336,42.333333333333336,39.833333333333336,37.333333333333336,0.38430097552083337,246,64
2023,7351,Kirk Merritt,WR,3,0.0,-28.950000000000003,-0.29177121874999995,9.65,50.333333333333336,51.333333333333336,56.333333333333336,53.833333333333336,51.333333333333336,0.39538743489583333,247,83
2023,8571,Ra'Shaun Henry,WR,3,0.0,-28.950000000000003,-0.29177121874999995,9.65,50.333333333333336,51.333333333333336,56.333333333333336,53.833333333333336,51.333333333333336,0.39538743489583333,248,84
2023,8139,Zamir White,RB,17,108.7,-34.25,-0.2961830468749999,8.408823529411764,36.8235294117647,37.8235294117647,42.8235294117647,40.3235294117647,37.8235294117647,0.38490468474264705,249,65
2023,7561,Elijah Mitchell,RB,12,69.5,-30.700000000000003,-0.2966765859375,8.35,36.666666666666664,37.666666666666664,42.666666666666664,40.166666666666664,37.666666666666664,0.38243755013020836,250,66
2023,1049,Ryan Tannehill,QB,14,133.94,-37.21000000000001,-0.30032467187500006,12.225,24.0,25.0,30.0,27.5,25.0,0.2989769207589286,251,49
2023,2673,Damiere Byrd,WR,4,0.0,-33.2,-0.3067719296875001,8.3,46.5,47.5,52.5,50.0,47.5,0.41566580468750003,252,85
2023,2319,DeVante Parker,WR,13,80.9,-32.85,-0.31487738281250033,8.75,47.76923076923077,48.76923076923077,53.76923076923077,51.26923076923077,48.76923076923077,0.40144373317307697,253,86
2023,4973,Hayden Hurst,TE,13,67.4,-38.050000000000004,-0.32297483593749987,8.111538461538462,24.76923076923077,25.76923076923077,30.76923076923077,28.26923076923077,25.76923076923077,0.40030641766826924,254,53
2023,4454,Kendrick Bourne,WR,17,106.2,-40.75,-0.3267443046875002,8.644117647058824,46.705882352941174,47.705882352941174,52.705882352941174,50.205882352941174,47.705882352941174,0.4021800234375,255,87
2023,10863,A.T. Perry,WR,11,64.6,-32.5,-0.3275943906250002,8.827272727272728,45.54545454545455,46.54545454545455,51.54545454545455,49.04545454545455,46.54545454545455,0.4003361605113636,256,88
2023,8192,Curtis Hodges,TE,4,0.0,-34.3,-0.33421595312499985,8.575,27.0,28.0,33.0,30.5,28.0,0.40638352148437495,257,54
2023,8634,Chris Pierce,TE,4,0.0,-34.3,-0.33421595312499985,8.575,27.0,28.0,33.0,30.5,28.0,0.40638352148437495,258,55
2023,6865,Colby Parkinson,TE,17,95.7,-37.0,-0.3414705781249999,7.805882352941177,24.764705882352942,25.764705882352942,30.764705882352942,28.264705882352942,25.764705882352942,0.3990409255514706,259,56
2023,9511,Keaton Mitchell,RB,16,94.3,-38.8,-0.34521410156250015,8.31875,36.875,37.875,42.875,40.375,37.875,0.3832243251953125,260,67
2023,7568,Brevin Jordan,TE,14,78.9,-34.2,-0.3459314375000001,8.07857142857143,24.642857142857142,25.642857142857142,30.642857142857142,28.142857142857142,25.642857142857142,0.4041827466517857,261,57
2023,8226,Greg Bell,RB,4,0.0,-36.6,-0.34849324218749994,9.15,34.0,35.0,40.0,37.5,35.0,0.37980198828125,262,68
2023,886,Taiwan Jones,RB,4,0.0,-36.6,-0.34849324218749994,9.15,34.0,35.0,40.0,37.5,35.0,0.37980198828125,263,69
2023,3634,Kalif Raymond,WR,17,112.3,-34.9,-0.3490705234375003,8.658823529411766,46.94117647058823,47.94117647058823,52.94117647058823,50.44117647058823,47.94117647058823,0.4005398658088235,264,89
2023,11189,Zay Malone,WR,4,0.0,-37.300000000000004,-0.362908171875,9.325000000000001,49.75,50.75,55.75,53.25,50.75,0.399655392578125,265,90
2023,4942,Marcell Ateman,WR,4,0.0,-37.300000000000004,-0.362908171875,9.325000000000001,49.75,50.75,55.75,53.25,50.75,0.399655392578125,266,91
2023,11266,Thyrick Pitts,WR,4,0.0,-37.65,-0.36553924218750006,9.4125,44.0,45.0,50.0,47.5,45.0,0.39569701171875005,267,92
2023,260,Josh Johnson,QB,3,0.0,-42.94,-0.366073421875,14.313333333333333,24.0,25.0,30.0,27.5,25.0,0.2910581953125,268,50
2023,8142,Alec Pierce,WR,17,111.4,-35.55,-0.3677047187500003,8.644117647058824,46.705882352941174,47.705882352941174,52.705882352941174,50.205882352941174,47.705882352941174,0.4021800234375,269,93
2023,4985,Rashaad Penny,RB,5,7.5,-38.4,-0.3678455937500001,9.18,34.8,35.8,40.8,38.3,35.8,0.38010654062500004,270,70
2023,7090,Darnell Mooney,WR,15,89.80000000000001,-41.199999999999996,-0.3724478671875001,8.733333333333333,47.0,48.0,53.0,50.5,48.0,0.40367436979166665,271,94
2023,8193,E.J. Perry,QB,3,0.0,-45.1,-0.37316817187500007,15.033333333333333,24.0,25.0,30.0,27.5,25.0,0.30992760156250004,272,51
2023,5374,Justin Watson,WR,16,99.0,-40.35,-0.3783294375000005,8.709375,46.8125,47.8125,52.8125,50.3125,47.8125,0.4005404580078125,273,95
2023,6996,JaMycal Hasty,RB,5,0.0,-43.6,-0.3916777187499999,8.72,35.6,36.6,41.6,39.1,36.6,0.3965642828125,274,71
2023,7694,Tommy Tremble,TE,16,90.4,-38.45,-0.3929612734375,8.053125,24.625,25.625,30.625,28.125,25.625,0.39946172802734375,275,58
2023,4464,Nick Mullens,QB,16,130.74,-58.74000000000001,-0.39529739843750017,11.8425,24.0,25.0,30.0,27.5,25.0,0.29330151611328126,276,52
2023,4040,JuJu Smith-Schuster,WR,13,67.0,-45.3,-0.40327907031250015,8.638461538461538,46.92307692307692,47.92307692307692,52.92307692307692,50.42307692307692,47.92307692307692,0.4033124152644231,277,96
2023,6279,Brandon Dillon,TE,5,0.0,-42.75,-0.40501904687500007,8.55,23.6,24.6,29.6,27.1,24.6,0.41125300937500003,278,59
2023,9492,Trey Palmer,WR,17,104.8,-42.7,-0.4052379843750002,8.676470588235293,46.470588235294116,47.470588235294116,52.470588235294116,49.970588235294116,47.470588235294116,0.4011163474264706,279,97
2023,6869,Adam Trautman,TE,17,89.4,-45.05,-0.40800658593750005,7.908823529411766,24.352941176470587,25.352941176470587,30.352941176470587,27.852941176470587,25.352941176470587,0.40041323529411765,280,60
2023,1837,Jimmy Garoppolo,QB,15,124.10000000000001,-62.36,-0.4097875859374997,12.430666666666667,24.0,25.0,30.0,27.5,25.0,0.29800662239583336,281,53
2023,5985,Foster Moreau,TE,15,75.3,-41.35,-0.411026890625,7.776666666666667,24.866666666666667,25.866666666666667,30.866666666666667,28.366666666666667,25.866666666666667,0.395668053125,282,61
2023,9504,Kayshon Boutte,WR,5,4.4,-41.2,-0.41400089062500006,9.120000000000001,44.6,45.6,50.6,48.1,45.6,0.3991545703125,283,98
2023,3161,Carson Wentz,QB,8,42.52,-54.69,-0.41436303906250016,12.151250000000001,24.0,25.0,30.0,27.5,25.0,0.29702602734375,284,54
2023,3286,Demarcus Robinson,WR,16,96.10000000000001,-43.55,-0.41485955468750024,8.728125,46.5625,47.5625,52.5625,50.0625,47.5625,0.40041855371093754,285,99
2023,2325,Nelson Agholor,WR,17,104.6,-44.800000000000004,-0.4225447343750003,8.788235294117648,46.64705882352941,47.64705882352941,52.64705882352941,50.14705882352941,47.64705882352941,0.4028021746323529,286,100
2023,5902,Penny Hart,WR,5,0.0,-44.75,-0.42298146093750005,8.95,50.2,51.2,56.2,53.7,51.2,0.4029987421875,287,101
2023,8068,C.J. Saunders,WR,5,0.0,-44.75,-0.42298146093750005,8.95,50.2,51.2,56.2,53.7,51.2,0.4029987421875,288,102
2023,11292,Tommy DeVito,QB,17,129.74,-69.32,-0.4245618906249998,11.709411764705882,24.0,25.0,30.0,27.5,25.0,0.29428976240808824,289,55
2023,5906,Dawson Knox,TE,17,87.6,-47.400000000000006,-0.42818441406250013,7.9411764705882355,24.529411764705884,25.529411764705884,30.529411764705884,28.029411764705884,25.529411764705884,0.3979615877757353,290,62
2023,9227,Israel Abanikanda,RB,8,23.2,-43.6,-0.4293592734375001,8.35,37.75,38.75,43.75,41.25,38.75,0.380362294921875,291,72
2023,11311,Jason Brownlee,WR,7,17.1,-44.7,-0.43474064062500023,8.82857142857143,46.0,47.0,52.0,49.5,47.0,0.3982209274553572,292,103
2023,1067,Marvin Jones,WR,6,7.5,-44.9,-0.4415910625,8.733333333333334,49.833333333333336,50.833333333333336,55.833333333333336,53.333333333333336,50.833333333333336,0.40071740234375003,293,104
2023,8148,Jameson Williams,WR,16,89.9,-48.55,-0.4418838750000003,8.653125000000001,47.125,48.125,53.125,50.625,48.125,0.40083131640625,294,105
2023,4149,Jamaal Williams,RB,17,91.5,-50.2,-0.446218140625,8.33529411764706,36.64705882352941,37.64705882352941,42.64705882352941,40.14705882352941,37.64705882352941,0.386080359375,295,73
2023,9754,Quentin Johnston,WR,17,104.60000000000001,-42.900000000000006,-0.4464010234375004,8.676470588235293,46.470588235294116,47.470588235294116,52.470588235294116,49.970588235294116,47.470588235294116,0.4011163474264706,296,106
2023,7606,Kadarius Toney,WR,13,61.2,-47.5,-0.4478216171875001,8.361538461538462,47.76923076923077,48.76923076923077,53.76923076923077,51.26923076923077,48.76923076923077,0.4024087235576923,297,107
2023,5973,Josh Oliver,TE,17,85.3,-49.7,-0.4489486484375,7.9411764705882355,24.529411764705884,25.529411764705884,30.529411764705884,28.029411764705884,25.529411764705884,0.3979615877757353,298,63
2023,7045,Joshua Kelley,RB,17,94.6,-48.0,-0.45314267968749994,8.388235294117647,36.76470588235294,37.76470588235294,42.76470588235294,40.26470588235294,37.76470588235294,0.38409844393382353,299,74
2023,3199,Michael Thomas,WR,17,99.8,-47.150000000000006,-0.4561245078125003,8.644117647058824,46.705882352941174,47.705882352941174,52.705882352941174,50.205882352941174,47.705882352941174,0.4021800234375,300,108
2023,6126,Irv Smith,TE,13,55.5,-46.150000000000006,-0.45844602343749996,7.81923076923077,24.53846153846154,25.53846153846154,30.53846153846154,28.03846153846154,25.53846153846154,0.3957080360576923,301,64
2023,6068,Devine Ozigbo,RB,7,3.4000000000000004,-51.85,-0.4594627578124999,7.892857142857143,36.714285714285715,37.714285714285715,42.714285714285715,40.214285714285715,37.714285714285715,0.39504406249999996,302,75
2023,2755,Eric Tomlinson,TE,7,0.0,-49.85,-0.46224331249999995,7.121428571428572,23.714285714285715,24.714285714285715,29.714285714285715,27.214285714285715,24.714285714285715,0.3855412924107143,303,65
2023,11226,Tyjon Lindsey,WR,6,0.0,-51.00000000000001,-0.4751402500000002,8.500000000000002,48.0,49.0,54.0,51.5,49.0,0.41076166927083335,304,109
2023,3202,Austin Hooper,TE,17,85.4,-49.6,-0.483278,7.9411764705882355,24.529411764705884,25.529411764705884,30.529411764705884,28.029411764705884,25.529411764705884,0.3979615877757353,305,66
2023,4323,Darrell Daniels,TE,6,0.0,-49.800000000000004,-0.4851358828125001,8.3,23.333333333333332,24.333333333333332,29.333333333333332,26.833333333333332,24.333333333333332,0.4070175442708333,306,67
2023,6146,Kaden Smith,TE,6,0.0,-49.800000000000004,-0.4851358828125001,8.3,23.333333333333332,24.333333333333332,29.333333333333332,26.833333333333332,24.333333333333332,0.4070175442708333,307,68
2023,8428,Zander Horvath,RB,6,0.0,-51.85,-0.48915498437499993,8.641666666666667,35.333333333333336,36.333333333333336,41.333333333333336,38.833333333333336,36.333333333333336,0.3859435716145833,308,76
2023,5038,Michael Gallup,WR,17,98.3,-48.9,-0.49071927343750027,8.658823529411766,46.705882352941174,47.705882352941174,52.705882352941174,50.205882352941174,47.705882352941174,0.40123108088235293,309,110
2023,10225,Jonathan Mingo,WR,16,93.3,-45.550000000000004,-0.49129477343750033,8.678125,46.625,47.625,52.625,50.125,47.625,0.4005293193359375,310,111
2023,11270,Hassan Hall,RB,6,0.0,-50.25,-0.4921529218750001,8.375,35.5,36.5,41.5,39.0,36.5,0.3801952161458333,311,77
2023,7565,Terrace Marshall,WR,10,36.900000000000006,-49.7,-0.4965301562500003,8.66,48.1,49.1,54.1,51.6,49.1,0.40484226171875,312,112
2023,11034,Jalen Brooks,WR,7,14.4,-47.35,-0.4975581015625001,8.821428571428571,47.0,48.0,53.0,50.5,48.0,0.39798577120535716,313,113
2023,9494,Marvin Mims,WR,16,84.5,-53.05,-0.49791384375000036,8.596875,47.125,48.125,53.125,50.625,48.125,0.4007833095703125,314,114
2023,8135,Treylon Burks,WR,11,45.900000000000006,-52.45,-0.5017678984375002,8.940909090909091,46.09090909090909,47.09090909090909,52.09090909090909,49.59090909090909,47.09090909090909,0.3985528586647727,315,115
2023,6956,Devin Asiasi,TE,7,0.0,-52.7,-0.50303284375,7.528571428571429,24.428571428571427,25.428571428571427,30.428571428571427,27.928571428571427,25.428571428571427,0.38993912946428566,316,69
2023,6588,Tom Kennedy,WR,6,0.0,-51.8,-0.5049919609375002,8.633333333333333,43.833333333333336,44.833333333333336,49.833333333333336,47.333333333333336,44.833333333333336,0.3936597734375,317,116
2023,8831,Ethan Fernea,WR,6,0.0,-51.8,-0.5049919609375002,8.633333333333333,43.833333333333336,44.833333333333336,49.833333333333336,47.333333333333336,44.833333333333336,0.3936597734375,318,117
2023,8225,Daniel Bellinger,TE,17,81.5,-53.5,-0.5090165156249999,7.9411764705882355,24.529411764705884,25.529411764705884,30.529411764705884,28.029411764705884,25.529411764705884,0.3979615877757353,319,70
2023,1144,Cole Beasley,WR,6,0.0,-52.400000000000006,-0.5095754062500002,8.733333333333334,49.833333333333336,50.833333333333336,55.833333333333336,53.333333333333336,50.833333333333336,0.40071740234375003,320,118
2023,7540,Amari Rodgers,WR,6,0.0,-52.400000000000006,-0.5095754062500002,8.733333333333334,49.833333333333336,50.833333333333336,55.833333333333336,53.333333333333336,50.833333333333336,0.40071740234375003,321,119
2023,6843,Albert Okwuegbunam,TE,7,0.0,-53.300000000000004,-0.5139427968750001,7.614285714285715,24.571428571428573,25.571428571428573,30.571428571428573,28.071428571428573,25.571428571428573,0.40319976674107144,322,71
2023,5113,Cedrick Wilson,WR,15,74.1,-53.7,-0.5185154531250006,8.52,46.46666666666667,47.46666666666667,52.46666666666667,49.96666666666667,47.46666666666667,0.40328830468750004,323,120
2023,345,Brian Hoyer,QB,7,10.54,-64.81,-0.5194709375,10.764285714285716,24.0,25.0,30.0,27.5,25.0,0.29066193749999997,324,56
2023,7496,Nick Westbrook-Ikhine,WR,17,92.5,-54.699999999999996,-0.5208378437500001,8.658823529411766,46.705882352941174,47.705882352941174,52.705882352941174,50.205882352941174,47.705882352941174,0.40123108088235293,325,121
2023,10213,Tre Tucker,WR,16,83.80000000000001,-56.6,-0.5235404531250003,8.775,46.6875,47.6875,52.6875,50.1875,47.6875,0.40370349951171874,326,122
2023,7607,Michael Carter,RB,15,71.3,-55.699999999999996,-0.5238155,8.466666666666667,36.266666666666666,37.266666666666666,42.266666666666666,39.766666666666666,37.266666666666666,0.38683370104166664,327,78
2023,6001,Drew Sample,TE,17,79.3,-55.150000000000006,-0.5255661249999998,7.908823529411766,24.647058823529413,25.647058823529413,30.647058823529413,28.147058823529413,25.647058823529413,0.39970014889705885,328,72
2023,8211,Tyrion Davis-Price,RB,7,3.8000000000000003,-55.45,-0.5266258515625001,8.464285714285714,37.285714285714285,38.285714285714285,43.285714285714285,40.785714285714285,38.285714285714285,0.3836161975446429,329,79
2023,7571,Rashod Bateman,WR,16,86.7,-54.35,-0.5304831640625001,8.815625,46.5625,47.5625,52.5625,50.0625,47.5625,0.4021986064453125,330,123
2023,7789,Jalen Camp,WR,6,0.0,-54.6,-0.5307539218750001,9.1,43.666666666666664,44.666666666666664,49.666666666666664,47.166666666666664,44.666666666666664,0.39778413802083334,331,124
2023,5185,Allen Lazard,WR,14,68.10000000000001,-51.15,-0.5316520312500002,8.517857142857142,47.142857142857146,48.142857142857146,53.142857142857146,50.642857142857146,48.142857142857146,0.4014480591517858,332,125
2023,8214,Cole Turner,TE,12,38.0,-54.400000000000006,-0.5343817812500002,7.7,24.0,25.0,30.0,27.5,25.0,0.3996451907552083,333,73
2023,9505,Deuce Vaughn,RB,9,20.599999999999998,-57.25,-0.5344321328125001,8.649999999999999,36.0,37.0,42.0,39.5,37.0,0.3846091996527778,334,80
2023,3312,Jonathan Williams,RB,7,0.0,-57.45,-0.5436321953125001,8.207142857142857,37.0,38.0,43.0,40.5,38.0,0.3803781261160714,335,81
2023,7049,Jauan Jennings,WR,13,57.0,-53.0,-0.5516528750000003,8.461538461538462,47.69230769230769,48.69230769230769,53.69230769230769,51.19230769230769,48.69230769230769,0.4010074603365385,336,126
2023,8157,Bailey Zappe,QB,16,104.58,-84.76,-0.5589089921874999,11.83375,24.0,25.0,30.0,27.5,25.0,0.2991898037109375,337,57
2023,947,Julio Jones,WR,11,36.9,-57.800000000000004,-0.5631628125000003,8.60909090909091,45.27272727272727,46.27272727272727,51.27272727272727,48.77272727272727,46.27272727272727,0.4017058714488637,338,127
2023,6185,Easton Stick,QB,17,118.96000000000001,-77.03999999999999,-0.5648848984375001,11.529411764705882,24.0,25.0,30.0,27.5,25.0,0.29438970404411763,339,58
2023,6938,Cam Akers,RB,15,63.7,-58.85,-0.5695962656250002,8.17,37.666666666666664,38.666666666666664,43.666666666666664,41.166666666666664,38.666666666666664,0.3859671270833333,340,82
2023,7794,Chris Evans,RB,8,2.5,-59.550000000000004,-0.5713212187499999,7.7562500000000005,37.125,38.125,43.125,40.625,38.125,0.388835744140625,341,83
2023,8489,Drew Ogletree,TE,14,50.7,-56.8,-0.5724845312499998,7.678571428571429,24.785714285714285,25.785714285714285,30.785714285714285,28.285714285714285,25.785714285714285,0.3952012806919643,342,74
2023,7039,Cody White,WR,7,0.0,-59.55,-0.5753676718750002,8.507142857142856,44.42857142857143,45.42857142857143,50.42857142857143,47.92857142857143,45.42857142857143,0.39662575892857144,343,128
2023,5010,Will Dissly,TE,16,64.2,-60.00000000000001,-0.5769826171874999,7.7625,24.9375,25.9375,30.9375,28.4375,25.9375,0.3978690771484375,344,75
2023,9224,Chase Brown,RB,16,69.80000000000001,-64.14999999999999,-0.5770875234375002,8.371875,36.5,37.5,42.5,40.0,37.5,0.3853595283203125,345,84
2023,1535,Cordarrelle Patterson,RB,14,51.900000000000006,-61.45,-0.5883455390625001,8.096428571428572,37.357142857142854,38.357142857142854,43.357142857142854,40.857142857142854,38.357142857142854,0.38825914285714286,346,85
2023,11184,Daniel Arias,WR,8,0.0,-62.85000000000001,-0.5904272578125004,7.856250000000001,47.625,48.625,53.625,51.125,48.625,0.40671873632812505,347,129
2023,7793,Racey McMath,WR,7,0.0,-61.150000000000006,-0.5916300468750002,8.735714285714286,49.0,50.0,55.0,52.5,50.0,0.4000258671875,348,130
2023,5209,Mike Boone,RB,10,16.3,-63.15,-0.5932215390625,7.945,37.0,38.0,43.0,40.5,38.0,0.3892371265625,349,86
2023,5970,Greg Dortch,WR,16,70.7,-65.8,-0.5975041484375002,8.53125,47.1875,48.1875,53.1875,50.6875,48.1875,0.40213152246093753,350,131
2023,616,Jimmy Graham,TE,13,41.9,-61.300000000000004,-0.6001788984374998,7.938461538461539,24.923076923076923,25.923076923076923,30.923076923076923,28.423076923076923,25.923076923076923,0.40142723317307694,351,76
2023,8153,Isaiah Spiller,RB,10,27.4,-61.95,-0.6040154687500003,8.935,36.0,37.0,42.0,39.5,37.0,0.38443325234375003,352,87
2023,8500,John FitzPatrick,TE,9,4.2,-66.25,-0.6118504296875,7.827777777777778,24.77777777777778,25.77777777777778,30.77777777777778,28.27777777777778,25.77777777777778,0.39530157552083334,353,77
2023,10215,Jake Haener,QB,7,0.0,-75.35000000000001,-0.61704415625,10.764285714285716,24.0,25.0,30.0,27.5,25.0,0.29066193749999997,354,59
2023,2711,Taylor Heinicke,QB,16,104.0,-82.37,-0.6185562890625,11.648125,24.0,25.0,30.0,27.5,25.0,0.29939484033203123,355,60
2023,9229,Anthony Richardson,QB,16,100.68,-84.96,-0.6204177734374999,11.602500000000001,24.0,25.0,30.0,27.5,25.0,0.29798673681640625,356,61
2023,8756,Brandon Johnson,WR,17,80.4,-66.8,-0.6211969765625006,8.658823529411766,46.94117647058823,47.94117647058823,52.94117647058823,50.44117647058823,47.94117647058823,0.4005398658088235,357,132
2023,6885,Ke'Shawn Vaughn,RB,9,11.2,-65.6,-0.6215427578125001,8.533333333333333,37.0,38.0,43.0,40.5,38.0,0.3915364626736111,358,88
2023,5870,Daniel Jones,QB,14,88.46000000000001,-83.89,-0.62771625,12.310714285714285,24.0,25.0,30.0,27.5,25.0,0.2975860245535714,359,62
2023,3496,Stephen Anderson,TE,8,0.0,-63.3,-0.6287466171874998,7.9125,25.625,26.625,31.625,29.125,26.625,0.4020566484375,360,78
2023,4177,Mack Hollins,WR,13,48.6,-66.6,-0.6348686718750001,8.861538461538462,46.76923076923077,47.76923076923077,52.76923076923077,50.26923076923077,47.76923076923077,0.4022896592548077,361,133
2023,2390,Tyler Kroft,TE,8,0.0,-64.45,-0.637821859375,8.05625,24.5,25.5,30.5,28.0,25.5,0.3951523623046875,362,79
2023,4054,Mo Alie-Cox,TE,17,68.1,-65.30000000000001,-0.6378601015625,7.847058823529412,24.647058823529413,25.647058823529413,30.647058823529413,28.147058823529413,25.647058823529413,0.3981104375,363,80
2023,7891,Brock Wright,TE,14,42.1,-66.45,-0.6507975703125,7.753571428571428,23.928571428571427,24.928571428571427,29.928571428571427,27.428571428571427,24.928571428571427,0.39847472433035713,364,81
2023,11467,John Samuel Shenker,TE,8,0.0,-66.9,-0.6534430234374999,8.3625,24.875,25.875,30.875,28.375,25.875,0.409179638671875,365,82
2023,3269,Chris Moore,WR,17,80.2,-67.0,-0.6576287187500003,8.658823529411766,46.705882352941174,47.705882352941174,52.705882352941174,50.205882352941174,47.705882352941174,0.40123108088235293,366,134
2023,10224,Brayden Willis,TE,8,0.0,-68.1,-0.6591541874999999,8.5125,26.25,27.25,32.25,29.75,27.25,0.40553234765625,367,83
2023,6108,Jacques Patrick,RB,8,0.0,-70.2,-0.6627595625,8.775,35.625,36.625,41.625,39.125,36.625,0.3834767314453125,368,89
2023,11104,SaRodorick Thompson,RB,8,0.0,-69.75,-0.6669364140625,8.71875,35.625,36.625,41.625,39.125,36.625,0.384559537109375,369,90
2023,4189,Eric Saubert,TE,10,8.2,-69.25,-0.6687463515624997,7.745,25.6,26.6,31.6,29.1,26.6,0.3951812828125,370,84
2023,3969,Leonard Fournette,RB,9,7.4,-67.85,-0.6699266250000002,8.36111111111111,38.22222222222222,39.22222222222222,44.22222222222222,41.72222222222222,39.22222222222222,0.38229629340277776,371,91
2023,5806,John Wolford,QB,7,0.0,-81.57,-0.6723017890625,11.652857142857142,24.0,25.0,30.0,27.5,25.0,0.29144108482142855,372,63
2023,11433,Nate Adkins,TE,10,11.2,-70.45,-0.6754644843750002,8.165000000000001,23.6,24.6,29.6,27.1,24.6,0.40112448203125,373,85
2023,5046,Royce Freeman,RB,17,69.60000000000001,-72.45,-0.6784114609375,8.355882352941178,36.470588235294116,37.470588235294116,42.470588235294116,39.970588235294116,37.470588235294116,0.38513305974264705,374,92
2023,1916,Martavis Bryant,WR,8,0.0,-68.45,-0.6786883750000002,8.55625,44.75,45.75,50.75,48.25,45.75,0.3980983505859375,375,135
2023,8145,Jeremy Ruckert,TE,16,53.1,-71.5,-0.6813197812499998,7.7875000000000005,24.625,25.625,30.625,28.125,25.625,0.399022818359375,376,86
2023,8181,Connor Heyward,RB,17,70.4,-71.0,-0.6848390546875001,8.31764705882353,36.588235294117645,37.588235294117645,42.588235294117645,40.088235294117645,37.588235294117645,0.3854476470588235,377,93
2023,6380,Davion Davis,WR,8,0.0,-70.05,-0.6862483203125002,8.75625,44.5,45.5,50.5,48.0,45.5,0.4030164990234375,378,136
2023,10219,Chris Rodriguez,RB,15,54.6,-72.2,-0.6872450781250001,8.453333333333333,36.46666666666667,37.46666666666667,42.46666666666667,39.96666666666667,37.46666666666667,0.3845953739583334,379,94
2023,9231,Jaren Hall,QB,8,6.82,-84.64,-0.6929784921875,11.432500000000001,24.0,25.0,30.0,27.5,25.0,0.299049482421875,380,64
2023,4314,Johnny Mundt,TE,17,64.2,-70.80000000000001,-0.6941337734374999,7.9411764705882355,24.529411764705884,25.529411764705884,30.529411764705884,28.029411764705884,25.529411764705884,0.3979615877757353,381,87
2023,8583,Stone Smartt,TE,16,51.5,-73.85,-0.6954790546875,7.8343750000000005,24.5625,25.5625,30.5625,28.0625,25.5625,0.40064095507812497,382,88
2023,11139,Elijah Cooks,WR,9,7.800000000000001,-71.55,-0.7005214062500003,8.816666666666666,44.888888888888886,45.888888888888886,50.888888888888886,48.388888888888886,45.888888888888886,0.40000523958333334,383,137
2023,8917,KaVontae Turpin,WR,16,67.9,-71.45,-0.7012979140625004,8.709375,46.8125,47.8125,52.8125,50.3125,47.8125,0.4005404580078125,384,138
2023,11201,Blake Whiteheart,TE,9,0.0,-71.80000000000001,-0.703582875,7.977777777777779,23.77777777777778,24.77777777777778,29.77777777777778,27.27777777777778,24.77777777777778,0.401934578125,385,89
2023,9222,Zach Evans,RB,10,3.7,-72.95,-0.7038982343750001,7.665000000000001,37.1,38.1,43.1,40.6,38.1,0.38492145390625,386,95
2023,6955,James Robinson,RB,9,1.2,-75.25,-0.7106155703125001,8.494444444444445,36.888888888888886,37.888888888888886,42.888888888888886,40.388888888888886,37.888888888888886,0.390090515625,387,96
2023,10212,Josh Whyle,TE,14,40.4,-70.45,-0.7129587890625002,7.917857142857144,24.214285714285715,25.214285714285715,30.214285714285715,27.714285714285715,25.214285714285715,0.40424658761160714,388,90
2023,11483,Ellis Merriweather,RB,9,0.0,-73.8,-0.7135274218750001,8.2,38.0,39.0,44.0,41.5,39.0,0.3807601857638889,389,97
2023,10444,Cedric Tillman,WR,14,50.4,-71.85000000000001,-0.7144393906250002,8.732142857142858,46.07142857142857,47.07142857142857,52.07142857142857,49.57142857142857,47.07142857142857,0.4003898113839286,390,139
2023,6918,Salvon Ahmed,RB,15,49.8,-76.9,-0.7155593124999999,8.446666666666667,36.666666666666664,37.666666666666664,42.666666666666664,40.166666666666664,37.666666666666664,0.38262266666666667,391,98
2023,3423,Robbie Chosen,WR,11,26.6,-71.45,-0.7173218828125002,8.913636363636364,47.54545454545455,48.54545454545455,53.54545454545455,51.04545454545455,48.54545454545455,0.39867110085227275,392,140
2023,6598,Trenton Irwin,WR,16,69.6,-67.95,-0.7179141171875003,8.596875,46.4375,47.4375,52.4375,49.9375,47.4375,0.40053190625,393,141
2023,4443,Pharaoh Brown,TE,17,60.800000000000004,-72.6,-0.7227198671875,7.847058823529412,24.647058823529413,25.647058823529413,30.647058823529413,28.147058823529413,25.647058823529413,0.3981104375,394,91
2023,5695,Brandon Powell,WR,17,77.10000000000001,-72.3,-0.7241131796875002,8.788235294117648,46.64705882352941,47.64705882352941,52.64705882352941,50.14705882352941,47.64705882352941,0.4028021746323529,395,142
2023,7716,John Bates,TE,17,59.1,-74.15,-0.7243880859374999,7.838235294117647,24.352941176470587,25.352941176470587,30.352941176470587,27.852941176470587,25.352941176470587,0.399730671875,396,92
2023,5121,Braxton Berrios,WR,16,65.6,-73.5,-0.7247174453125003,8.69375,46.8125,47.8125,52.8125,50.3125,47.8125,0.40154870947265625,397,143
2023,5880,Parris Campbell,WR,12,30.400000000000002,-72.75,-0.7275385703125002,8.595833333333333,48.25,49.25,54.25,51.75,49.25,0.4061159505208334,398,144
2023,6529,Chris Myarick,TE,10,0.0,-77.3,-0.73438234375,7.7299999999999995,23.7,24.7,29.7,27.2,24.7,0.39524086875000003,399,93
2023,11114,Elijah Dotson,RB,9,4.7,-76.45,-0.7401496015625001,9.016666666666667,36.22222222222222,37.22222222222222,42.22222222222222,39.72222222222222,37.22222222222222,0.3790577456597222,400,99
2023,3976,Mitchell Trubisky,QB,16,84.38000000000001,-99.22999999999999,-0.7439144609375,11.475625,24.0,25.0,30.0,27.5,25.0,0.29537532958984375,401,65
2023,4183,Nathan Peterman,QB,8,-1.0,-91.57,-0.7455538203125001,11.32125,24.0,25.0,30.0,27.5,25.0,0.2896843037109375,402,66
2023,8005,Tarik Black,WR,9,0.0,-77.45,-0.7477968671875003,8.605555555555556,45.55555555555556,46.55555555555556,51.55555555555556,49.05555555555556,46.55555555555556,0.40075659375,403,145
2023,7084,Jake Luton,QB,8,0.0,-91.81,-0.7513169140625,11.47625,24.0,25.0,30.0,27.5,25.0,0.29421995703125,404,67
2023,9497,Jalin Hyatt,WR,17,69.8,-79.60000000000001,-0.7526405937500003,8.788235294117648,46.64705882352941,47.64705882352941,52.64705882352941,50.14705882352941,47.64705882352941,0.4028021746323529,405,146
2023,8915,Drew Plitt,QB,7,0.0,-90.47,-0.7546454921875001,12.924285714285714,24.0,25.0,30.0,27.5,25.0,0.3063599140625,406,68
2023,8118,David Bell,WR,15,53.7,-78.2,-0.7579644687500003,8.793333333333333,46.733333333333334,47.733333333333334,52.733333333333334,50.233333333333334,47.733333333333334,0.3987016354166667,407,147
2023,5284,Jeff Wilson,RB,16,55.0,-79.7,-0.7597515546875,8.418750000000001,36.4375,37.4375,42.4375,39.9375,37.4375,0.3862139248046875,408,100
2023,9487,Parker Washington,WR,14,40.7,-77.55,-0.7606027734375005,8.446428571428571,46.214285714285715,47.214285714285715,52.214285714285715,49.714285714285715,47.214285714285715,0.40164395814732146,409,148
2023,6386,Alex Bachman,WR,9,0.0,-77.2,-0.7607430156250002,8.577777777777778,44.666666666666664,45.666666666666664,50.666666666666664,48.166666666666664,45.666666666666664,0.3978514956597222,410,149
2023,6850,Harrison Bryant,TE,17,56.9,-75.80000000000001,-0.7631604296875001,7.805882352941177,24.764705882352942,25.764705882352942,30.764705882352942,28.264705882352942,25.764705882352942,0.3990409255514706,411,94
2023,10227,Payne Durham,TE,13,18.8,-79.05000000000001,-0.7639887656249997,7.526923076923078,24.923076923076923,25.923076923076923,30.923076923076923,28.423076923076923,25.923076923076923,0.3932766790865384,412,95
2023,8171,Kyle Philips,WR,13,35.6,-77.15,-0.7693130937500003,8.673076923076923,47.15384615384615,48.15384615384615,53.15384615384615,50.65384615384615,48.15384615384615,0.40356183894230774,413,150
2023,5323,Equanimeous St. Brown,WR,11,12.7,-79.9,-0.7699631953125005,8.41818181818182,46.90909090909091,47.90909090909091,52.90909090909091,50.40909090909091,47.90909090909091,0.4072500475852273,414,151
2023,7593,Trey Sermon,RB,14,30.800000000000004,-82.95,-0.773490609375,8.125,37.142857142857146,38.142857142857146,43.142857142857146,40.642857142857146,38.142857142857146,0.3904802254464285,415,101
2023,11210,Malik Heath,WR,13,36.0,-77.9,-0.7752906953125002,8.761538461538462,45.92307692307692,46.92307692307692,51.92307692307692,49.42307692307692,46.92307692307692,0.3994613918269231,416,152
2023,7087,Jonathan Ward,RB,10,2.2,-81.65,-0.7768292734375002,8.385000000000002,37.7,38.7,43.7,41.2,38.7,0.3872443546875,417,102
2023,1992,Allen Robinson,WR,17,66.5,-80.80000000000001,-0.7777574609375004,8.664705882352942,46.705882352941174,47.705882352941174,52.705882352941174,50.205882352941174,47.705882352941174,0.40270819669117647,418,153
2023,11237,Jacob Saylors,RB,10,0.0,-82.5,-0.7822430937500001,8.25,37.6,38.6,43.6,41.1,38.6,0.388873596875,419,103
2023,928,Randall Cobb,WR,11,17.9,-79.85000000000001,-0.7865789687500003,8.886363636363637,47.0,48.0,53.0,50.5,48.0,0.3995985504261364,420,154
2023,5076,John Kelly,RB,10,0.0,-82.4,-0.7867695156250001,8.24,37.3,38.3,43.3,40.8,38.3,0.38453610703125,421,104
2023,6973,J.J. Taylor,RB,10,0.0,-81.35,-0.7872393828125002,8.135,37.8,38.8,43.8,41.3,38.8,0.3828492328125,422,105
2023,7539,Gerrid Doaks,RB,10,0.0,-83.3,-0.7885733203125,8.33,36.0,37.0,42.0,39.5,37.0,0.38856150078125,423,106
2023,4029,Dalvin Cook,RB,17,60.1,-81.8,-0.7897057812500002,8.347058823529412,36.64705882352941,37.64705882352941,42.64705882352941,40.14705882352941,37.64705882352941,0.3846834016544118,424,107
2023,7237,Scotty Washington,WR,9,0.0,-81.25,-0.7929516562500003,9.027777777777779,44.22222222222222,45.22222222222222,50.22222222222222,47.72222222222222,45.22222222222222,0.403402359375,425,155
2023,11306,Xavier Gipson,WR,17,66.3,-80.9,-0.7933181171875002,8.658823529411766,46.705882352941174,47.705882352941174,52.705882352941174,50.205882352941174,47.705882352941174,0.40123108088235293,426,156
2023,7533,Anthony Schwartz,WR,9,0.0,-79.65,-0.7984719765625001,8.850000000000001,45.666666666666664,46.666666666666664,51.666666666666664,49.166666666666664,46.666666666666664,0.39486065190972225,427,157
2023,7599,Jermar Jefferson,RB,10,0.0,-83.65,-0.8024033203125001,8.365,37.8,38.8,43.8,41.3,38.8,0.38386321093750003,428,108
2023,7867,Spencer Brown,RB,10,0.0,-81.75,-0.8024363515625001,8.175,38.1,39.1,44.1,41.6,39.1,0.3800707046875,429,109
2023,8408,Jordan Mason,RB,17,58.2,-83.30000000000001,-0.8024523828125003,8.323529411764707,36.705882352941174,37.705882352941174,42.705882352941174,40.205882352941174,37.705882352941174,0.3840914512867647,430,110
2023,6886,Chase Claypool,WR,12,23.2,-82.9,-0.8052878203125002,8.841666666666667,46.25,47.25,52.25,49.75,47.25,0.399875259765625,431,158
2023,11053,Antoine Green,WR,10,1.2,-85.4,-0.8095740859375002,8.66,48.5,49.5,54.5,52.0,49.5,0.40366719609375,432,159
2023,8116,Pierre Strong,RB,17,62.400000000000006,-80.2,-0.8099706484375001,8.388235294117647,36.76470588235294,37.76470588235294,42.76470588235294,40.26470588235294,37.76470588235294,0.38409844393382353,433,111
2023,8117,Jalen Tolbert,WR,17,65.30000000000001,-81.9,-0.8118896718750004,8.658823529411766,46.705882352941174,47.705882352941174,52.705882352941174,50.205882352941174,47.705882352941174,0.40123108088235293,434,160
2023,6920,Isaiah Hodgins,WR,17,64.5,-84.9,-0.8151729296875003,8.788235294117648,46.64705882352941,47.64705882352941,52.64705882352941,50.14705882352941,47.64705882352941,0.4028021746323529,435,161
2023,6984,Tony Jones,RB,15,40.4,-87.0,-0.815500125,8.493333333333334,36.333333333333336,37.333333333333336,42.333333333333336,39.833333333333336,37.333333333333336,0.385453675,436,112
2023,4455,Matt Breida,RB,17,61.900000000000006,-81.05,-0.8202334609375,8.408823529411764,36.8235294117647,37.8235294117647,42.8235294117647,40.3235294117647,37.8235294117647,0.38490468474264705,437,113
2023,10226,Andrei Iosivas,WR,16,54.1,-85.10000000000001,-0.8202546484375003,8.700000000000001,46.625,47.625,52.625,50.125,47.625,0.40141492041015625,438,162
2023,1800,Jordan Matthews,TE,11,0.0,-84.65,-0.8225012187499998,7.695454545454546,25.363636363636363,26.363636363636363,31.363636363636363,28.863636363636363,26.363636363636363,0.39570884232954545,439,96
2023,5086,Marquez Valdes-Scantling,WR,17,65.0,-82.10000000000001,-0.8225532656250005,8.652941176470588,46.88235294117647,47.88235294117647,52.88235294117647,50.38235294117647,47.88235294117647,0.401357,440,163
2023,6557,Jeff Smith,WR,10,0.0,-88.35000000000001,-0.8237058671875003,8.835,47.2,48.2,53.2,50.7,48.2,0.4037557875,441,164
2023,6323,Andrew Beck,RB,15,41.3,-84.15,-0.8237783593749998,8.363333333333333,36.266666666666666,37.266666666666666,42.266666666666666,39.766666666666666,37.266666666666666,0.3857306854166667,442,114
2023,7032,Tyrie Cleveland,WR,10,0.0,-85.75,-0.8258153750000004,8.575,44.9,45.9,50.9,48.4,45.9,0.403358940625,443,165
2023,5000,Chase Edmonds,RB,17,56.0,-86.60000000000001,-0.8260512578125002,8.388235294117647,36.76470588235294,37.76470588235294,42.76470588235294,40.26470588235294,37.76470588235294,0.38409844393382353,444,115
2023,7404,Noah Togiai,TE,11,0.0,-84.4,-0.8263551093749999,7.672727272727273,24.636363636363637,25.636363636363637,30.636363636363637,28.136363636363637,25.636363636363637,0.3964926264204545,445,97
2023,8127,Charlie Kolar,TE,15,32.7,-84.7,-0.8286108359374998,7.826666666666667,24.533333333333335,25.533333333333335,30.533333333333335,28.033333333333335,25.533333333333335,0.39785021666666665,446,98
2023,5032,Jordan Akins,TE,17,49.2,-83.5,-0.8288099453124999,7.805882352941177,24.764705882352942,25.764705882352942,30.764705882352942,28.264705882352942,25.764705882352942,0.3990409255514706,447,99
2023,8168,Skyy Moore,WR,17,61.800000000000004,-85.30000000000001,-0.8337901171875004,8.652941176470588,46.88235294117647,47.88235294117647,52.88235294117647,50.38235294117647,47.88235294117647,0.401357,448,166
2023,8125,Calvin Austin,WR,17,62.4,-84.9,-0.8351177343750003,8.664705882352942,46.705882352941174,47.705882352941174,52.705882352941174,50.205882352941174,47.705882352941174,0.40270819669117647,449,167
2023,6970,Stephen Sullivan,TE,16,41.5,-85.60000000000001,-0.8447236093749999,7.9437500000000005,24.75,25.75,30.75,28.25,25.75,0.3990781220703125,450,100
2023,6039,Ty Johnson,RB,16,42.9,-90.55000000000001,-0.8448777890624999,8.340625,36.75,37.75,42.75,40.25,37.75,0.3841277993164063,451,116
2023,5235,David Wells,TE,11,4.0,-86.95,-0.8514992578124998,8.268181818181818,25.363636363636363,26.363636363636363,31.363636363636363,28.863636363636363,26.363636363636363,0.4078697869318182,452,101
2023,6957,James Proche,WR,10,-2.0,-86.95,-0.8549778046875003,8.495000000000001,44.6,45.6,50.6,48.1,45.6,0.40068357890625006,453,168
2023,7812,Simi Fehoko,WR,11,7.9,-87.9,-0.8550992890625003,8.709090909090909,45.09090909090909,46.09090909090909,51.09090909090909,48.59090909090909,46.09090909090909,0.40433251775568185,454,169
2023,7842,Luke Farrell,TE,17,47.5,-86.95,-0.8566356640625,7.908823529411766,24.352941176470587,25.352941176470587,30.352941176470587,27.852941176470587,25.352941176470587,0.40041323529411765,455,102
2023,3433,Alex Erickson,WR,16,50.7,-86.95,-0.8568323281250001,8.603125,46.3125,47.3125,52.3125,49.8125,47.3125,0.4005743583984375,456,170
2023,10214,Davis Allen,TE,17,41.5,-91.75,-0.8577230859375,7.838235294117647,24.647058823529413,25.647058823529413,30.647058823529413,28.147058823529413,25.647058823529413,0.39760054687499996,457,103
2023,9503,Jacob Copeland,WR,11,0.0,-92.05,-0.8578882343750003,8.368181818181817,48.54545454545455,49.54545454545455,54.54545454545455,52.04545454545455,49.54545454545455,0.4075829822443182,458,171
2023,11299,Zavier Scott,RB,11,0.0,-91.0,-0.8615934843750002,8.272727272727273,37.63636363636363,38.63636363636363,43.63636363636363,41.13636363636363,38.63636363636363,0.38763918607954545,459,117
2023,6963,Patrick Taylor,RB,16,41.9,-92.15,-0.8663412031250001,8.378125,36.5625,37.5625,42.5625,40.0625,37.5625,0.386548173828125,460,118
2023,10651,Mohamed Ibrahim,RB,11,0.0,-90.8,-0.8664328750000001,8.254545454545454,37.72727272727273,38.72727272727273,43.72727272727273,41.22727272727273,38.72727272727273,0.3845654190340909,461,119
2023,8204,Bo Melton,WR,17,54.5,-92.8,-0.8681048750000004,8.664705882352942,46.705882352941174,47.705882352941174,52.705882352941174,50.205882352941174,47.705882352941174,0.40270819669117647,462,172
2023,2399,Ty Montgomery,RB,13,12.0,-92.7,-0.8699868125000001,8.053846153846154,36.53846153846154,37.53846153846154,42.53846153846154,40.03846153846154,37.53846153846154,0.38771749579326925,463,120
2023,6694,D'Ernest Johnson,RB,17,49.50000000000001,-92.0,-0.8735305390624999,8.323529411764707,36.705882352941174,37.705882352941174,42.705882352941174,40.205882352941174,37.705882352941174,0.3840914512867647,464,121
2023,8255,Raheem Blackshear,RB,13,20.900000000000002,-88.6,-0.8773595312500002,8.423076923076923,36.61538461538461,37.61538461538461,42.61538461538461,40.11538461538461,37.61538461538461,0.3804080210336539,465,122
2023,10867,Jake Bobo,WR,17,60.6,-86.9,-0.8784661171875005,8.676470588235293,46.470588235294116,47.470588235294116,52.470588235294116,49.970588235294116,47.470588235294116,0.4011163474264706,466,173
2023,9510,Lew Nichols,RB,11,0.0,-91.35000000000001,-0.8791441093750001,8.304545454545455,37.36363636363637,38.36363636363637,43.36363636363637,40.86363636363637,38.36363636363637,0.3861751775568182,467,123
2023,9480,Brenton Strange,TE,14,20.5,-92.60000000000001,-0.8791782968749999,8.07857142857143,23.714285714285715,24.714285714285715,29.714285714285715,27.214285714285715,24.714285714285715,0.40235103125,468,104
2023,4068,Mike Williams,WR,17,57.400000000000006,-90.1,-0.8799162734375006,8.676470588235293,46.470588235294116,47.470588235294116,52.470588235294116,49.970588235294116,47.470588235294116,0.4011163474264706,469,174
2023,2549,Trevor Siemian,QB,14,49.66,-110.84,-0.8802118203125,11.464285714285714,24.0,25.0,30.0,27.5,25.0,0.2995612527901786,470,69
2023,7771,Jake Funk,RB,11,4.1,-92.15,-0.8824224765625002,8.75,36.18181818181818,37.18181818181818,42.18181818181818,39.68181818181818,37.18181818181818,0.38592509446022727,471,124
2023,8235,Samori Toure,WR,12,17.8,-91.55,-0.8827412968750002,9.1125,46.833333333333336,47.833333333333336,52.833333333333336,50.333333333333336,47.833333333333336,0.40186805533854164,472,175
2023,5903,Will Grier,QB,8,0.0,-106.14,-0.8888121796875001,13.2675,24.0,25.0,30.0,27.5,25.0,0.3008346015625,473,70
2023,5938,Lil'Jordan Humphrey,WR,17,53.2,-94.0,-0.8934312578125003,8.658823529411766,46.94117647058823,47.94117647058823,52.94117647058823,50.44117647058823,47.94117647058823,0.4005398658088235,474,176
2023,5117,Jordan Thomas,TE,12,0.0,-92.80000000000001,-0.8935850000000001,7.733333333333334,23.583333333333332,24.583333333333332,29.583333333333332,27.083333333333332,24.583333333333332,0.399660666015625,475,105
2023,7064,Darrynton Evans,RB,16,41.9,-93.35,-0.8937211093750002,8.453125,36.75,37.75,42.75,40.25,37.75,0.3851146455078125,476,125
2023,10869,Matt Landers,WR,11,0.0,-91.3,-0.8956329843750004,8.299999999999999,48.09090909090909,49.09090909090909,54.09090909090909,51.59090909090909,49.09090909090909,0.4031149943181818,477,177
2023,11046,Colton Dowell,WR,11,1.3,-91.5,-0.8960716875000004,8.436363636363636,45.90909090909091,46.90909090909091,51.90909090909091,49.40909090909091,46.90909090909091,0.3987749566761364,478,178
2023,1346,Marquise Goodwin,WR,12,17.299999999999997,-90.5,-0.8971613515625003,8.983333333333334,46.5,47.5,52.5,50.0,47.5,0.40139027929687504,479,179
2023,4435,Anthony Firkser,TE,12,0.0,-91.7,-0.8995271406249997,7.641666666666667,24.666666666666668,25.666666666666668,30.666666666666668,28.166666666666668,25.666666666666668,0.39589666276041663,480,106
2023,4718,Dare Ogunbowale,RB,12,9.9,-92.8,-0.8999473281250002,8.558333333333334,36.666666666666664,37.666666666666664,42.666666666666664,40.166666666666664,37.666666666666664,0.3823137721354167,481,126
2023,4198,Jamal Agnew,WR,16,48.6,-90.25,-0.9002738984375003,8.678125,46.875,47.875,52.875,50.375,47.875,0.39979490332031253,482,180
2023,6878,Anthony McFarland,RB,12,3.6,-96.3,-0.9003226484375,8.325000000000001,36.166666666666664,37.166666666666664,42.166666666666664,39.666666666666664,37.166666666666664,0.38521334765625,483,127
2023,6137,Tommy Sweeney,TE,12,0.0,-93.35000000000001,-0.9029264296875001,7.779166666666668,23.416666666666668,24.416666666666668,29.416666666666668,26.916666666666668,24.416666666666668,0.39719770442708335,484,107
2023,5974,Trace McSorley,QB,10,0.0,-110.32,-0.9062335156250001,11.032,24.0,25.0,30.0,27.5,25.0,0.28751605234375,485,71
2023,6927,Quez Watkins,WR,15,38.7,-90.4,-0.9166109531250003,8.606666666666666,46.53333333333333,47.53333333333333,52.53333333333333,50.03333333333333,47.53333333333333,0.3998794572916667,486,181
2023,2446,MyCole Pruitt,TE,17,40.0,-93.4,-0.9173642734374998,7.847058823529412,24.647058823529413,25.647058823529413,30.647058823529413,28.147058823529413,25.647058823529413,0.3981104375,487,108
2023,6857,Collin Johnson,WR,11,2.6,-93.45,-0.9189190546875003,8.731818181818182,45.81818181818182,46.81818181818182,51.81818181818182,49.31818181818182,46.81818181818182,0.4037441583806818,488,182
2023,7050,Josiah Deguara,TE,15,25.5,-93.6,-0.9206350624999997,7.94,24.933333333333334,25.933333333333334,30.933333333333334,28.433333333333334,25.933333333333334,0.39776849635416667,489,109
2023,5285,Ross Dwelley,TE,13,4.2,-96.0,-0.9238362656250001,7.707692307692308,23.384615384615383,24.384615384615383,29.384615384615383,26.884615384615383,24.384615384615383,0.4019638251201923,490,110
2023,2359,Ameer Abdullah,RB,17,49.0,-93.95,-0.9251369140625001,8.408823529411764,36.8235294117647,37.8235294117647,42.8235294117647,40.3235294117647,37.8235294117647,0.38490468474264705,491,128
2023,7438,Kristian Wilkerson,WR,10,0.0,-90.95,-0.9260881875000002,9.095,45.3,46.3,51.3,48.8,46.3,0.39666948125,492,183
2023,6234,Deonte Harty,WR,16,45.8,-94.05000000000001,-0.9276444375000004,8.740625,46.6875,47.6875,52.6875,50.1875,47.6875,0.40246892773437504,493,184
2023,5432,Cam Sims,WR,11,0.0,-96.55,-0.9279734218750002,8.777272727272727,46.72727272727273,47.72727272727273,52.72727272727273,50.22727272727273,47.72727272727273,0.39790475923295454,494,185
2023,10871,Luke Schoonmaker,TE,17,37.5,-96.95,-0.9303579531249997,7.908823529411766,24.647058823529413,25.647058823529413,30.647058823529413,28.147058823529413,25.647058823529413,0.39970014889705885,495,111
2023,8194,Jashaun Corbin,RB,12,5.5,-96.85,-0.9324819921875,8.529166666666667,36.416666666666664,37.416666666666664,42.416666666666664,39.916666666666664,37.416666666666664,0.38377101627604165,496,129
2023,5955,Hunter Renfrow,WR,17,54.0,-95.4,-0.9331187265625003,8.788235294117648,46.64705882352941,47.64705882352941,52.64705882352941,50.14705882352941,47.64705882352941,0.4028021746323529,497,186
2023,7551,Deon Jackson,RB,12,7.300000000000001,-96.1,-0.941381078125,8.616666666666667,36.916666666666664,37.916666666666664,42.916666666666664,40.416666666666664,37.916666666666664,0.38099038802083335,498,130
2023,7106,Lawrence Cager,TE,15,18.599999999999998,-98.05,-0.9430971093749999,7.776666666666667,24.066666666666666,25.066666666666666,30.066666666666666,27.566666666666666,25.066666666666666,0.39683714895833333,499,112
2023,6814,Laviska Shenault,WR,14,26.400000000000002,-95.35,-0.9433511093750003,8.696428571428571,46.857142857142854,47.857142857142854,52.857142857142854,50.357142857142854,47.857142857142854,0.39804905915178573,500,187
2023,11371,Julian Hill,TE,15,16.8,-98.35000000000001,-0.9460823046874999,7.676666666666667,24.533333333333335,25.533333333333335,30.533333333333335,28.033333333333335,25.533333333333335,0.39473113541666666,501,113
2023,8249,Lucas Krull,TE,17,35.5,-98.95,-0.9472018124999999,7.908823529411766,24.352941176470587,25.352941176470587,30.352941176470587,27.852941176470587,25.352941176470587,0.40041323529411765,502,114
2023,4602,Robert Tonyan,TE,17,39.2,-95.80000000000001,-0.9487184999999998,7.9411764705882355,24.529411764705884,25.529411764705884,30.529411764705884,28.029411764705884,25.529411764705884,0.3979615877757353,503,115
2023,6659,Craig Reynolds,RB,17,43.800000000000004,-97.7,-0.9508874609375,8.323529411764707,36.705882352941174,37.705882352941174,42.705882352941174,40.205882352941174,37.705882352941174,0.3840914512867647,504,131
2023,7989,DJ Turner,WR,11,0.0,-97.0,-0.9517263203125003,8.818181818181818,44.90909090909091,45.90909090909091,50.90909090909091,48.40909090909091,45.90909090909091,0.40393932315340914,505,188
2023,5134,Keith Kirkwood,WR,13,15.7,-97.05,-0.9520834140625003,8.673076923076923,47.07692307692308,48.07692307692308,53.07692307692308,50.57692307692308,48.07692307692308,0.3994570919471154,506,189
2023,6926,Brycen Hopkins,TE,15,20.799999999999997,-98.0,-0.9556481015625,7.920000000000001,24.866666666666667,25.866666666666667,30.866666666666667,28.366666666666667,25.866666666666667,0.3961810057291667,507,116
2023,8188,Tyquan Thornton,WR,15,29.8,-98.55,-0.9586850468750001,8.556666666666667,46.733333333333334,47.733333333333334,52.733333333333334,50.233333333333334,47.733333333333334,0.40209303802083335,508,190
2023,11232,Isaiah Winstead,WR,12,0.0,-100.95,-0.9700128359375004,8.4125,48.666666666666664,49.666666666666664,54.666666666666664,52.166666666666664,49.666666666666664,0.4029110130208333,509,191
2023,6853,Van Jefferson,WR,17,47.5,-99.45,-0.9721183437500005,8.644117647058824,46.705882352941174,47.705882352941174,52.705882352941174,50.205882352941174,47.705882352941174,0.4021800234375,510,192
2023,10216,Kenny McIntosh,RB,12,0.0,-100.75,-0.9724617734375001,8.395833333333334,36.5,37.5,42.5,40.0,37.5,0.38768226692708335,511,132
2023,8221,Keaontay Ingram,RB,15,23.5,-102.05000000000001,-0.9794018593750001,8.37,36.53333333333333,37.53333333333333,42.53333333333333,40.03333333333333,37.53333333333333,0.3828854671875,512,133
2023,2545,Geoff Swaim,TE,17,33.4,-99.85000000000001,-0.9816486484375,7.838235294117647,24.352941176470587,25.352941176470587,30.352941176470587,27.852941176470587,25.352941176470587,0.399730671875,513,117
2023,6002,Qadree Ollison,RB,13,0.0,-104.4,-0.9847715625,8.03076923076923,36.46153846153846,37.46153846153846,42.46153846153846,39.96153846153846,37.46153846153846,0.38689010276442304,514,134
2023,9225,Tank Bigsby,RB,17,37.800000000000004,-103.7,-0.9853743906250001,8.323529411764707,36.705882352941174,37.705882352941174,42.705882352941174,40.205882352941174,37.705882352941174,0.3840914512867647,515,135
2023,4988,Nick Chubb,RB,17,34.2,-108.39999999999999,-0.9866410781250001,8.388235294117647,36.76470588235294,37.76470588235294,42.76470588235294,40.26470588235294,37.76470588235294,0.38409844393382353,516,136
2023,7357,Dan Chisena,WR,12,0.0,-101.60000000000001,-0.9896175312500004,8.466666666666667,46.083333333333336,47.083333333333336,52.083333333333336,49.583333333333336,47.083333333333336,0.40240823502604167,517,193
2023,5122,Boston Scott,RB,15,23.3,-102.3,-0.9914767734375001,8.373333333333333,36.6,37.6,42.6,40.1,37.6,0.3826147416666667,518,137
2023,3242,Kenyan Drake,RB,13,3.5000000000000004,-103.0,-0.9919239218750002,8.192307692307692,37.53846153846154,38.53846153846154,43.53846153846154,41.03846153846154,38.53846153846154,0.38605029447115385,519,138
2023,5220,Godwin Igwebuike,RB,12,0.0,-103.45,-1.0037919296875002,8.620833333333334,36.583333333333336,37.583333333333336,42.583333333333336,40.083333333333336,37.583333333333336,0.3834529674479166,520,139
2023,4219,Jeremy McNichols,RB,13,0.0,-104.9,-1.0039361796875002,8.069230769230769,37.53846153846154,38.53846153846154,43.53846153846154,41.03846153846154,38.53846153846154,0.3854112860576923,521,140
2023,5773,KhaDarel Hodge,WR,17,44.9,-102.05000000000001,-1.0043543906250005,8.644117647058824,46.705882352941174,47.705882352941174,52.705882352941174,50.205882352941174,47.705882352941174,0.4021800234375,522,194
2023,8177,Grant Calcaterra,TE,15,14.899999999999999,-103.35000000000001,-1.0044158749999998,7.883333333333334,24.666666666666668,25.666666666666668,30.666666666666668,28.166666666666668,25.666666666666668,0.3989595395833333,523,118
2023,6824,Donovan Peoples-Jones,WR,15,32.0,-99.9,-1.0044228671875004,8.793333333333333,46.733333333333334,47.733333333333334,52.733333333333334,50.233333333333334,47.733333333333334,0.3987016354166667,524,195
2023,8147,John Metchie,WR,16,35.9,-102.30000000000001,-1.0075905859375003,8.637500000000001,46.75,47.75,52.75,50.25,47.75,0.40203421240234377,525,196
2023,7944,Michael Strachan,WR,13,7.0,-102.55000000000001,-1.0081455000000004,8.426923076923078,47.53846153846154,48.53846153846154,53.53846153846154,51.03846153846154,48.53846153846154,0.4029338713942308,526,197
2023,6223,Juwann Winfree,WR,12,0.0,-106.8,-1.0124056484375001,8.9,47.25,48.25,53.25,50.75,48.25,0.405106533203125,527,198
2023,6699,Gunner Olszewski,WR,12,3.0,-104.0,-1.0150305703125002,8.916666666666666,46.0,47.0,52.0,49.5,47.0,0.402553873046875,528,199
2023,8628,Jontre Kirklin,WR,12,0.0,-102.45,-1.0158192343750003,8.5375,45.416666666666664,46.416666666666664,51.416666666666664,48.916666666666664,46.416666666666664,0.40121425065104166,529,200
2023,6798,Jalen Reagor,WR,16,31.700000000000003,-105.7,-1.0165784609375004,8.5875,46.75,47.75,52.75,50.25,47.75,0.40180789208984374,530,201
2023,4854,River Cracraft,WR,16,30.6,-106.05000000000001,-1.0180536015625004,8.540625,47.1875,48.1875,53.1875,50.6875,48.1875,0.40199805957031254,531,202
2023,6421,Jalen Guyton,WR,15,27.400000000000002,-103.35,-1.0224443046875002,8.716666666666667,46.53333333333333,47.53333333333333,52.53333333333333,50.03333333333333,47.53333333333333,0.40165410677083335,532,203
2023,6290,Scotty Miller,WR,17,43.1,-103.85,-1.0238634921875003,8.644117647058824,46.705882352941174,47.705882352941174,52.705882352941174,50.205882352941174,47.705882352941174,0.4021800234375,533,204
2023,6989,Marquez Callaway,WR,12,0.0,-106.10000000000001,-1.0249118906250003,8.841666666666667,46.666666666666664,47.666666666666664,52.666666666666664,50.166666666666664,47.666666666666664,0.39875720638020834,534,205
2023,8698,Jake Tonges,TE,14,0.0,-107.85000000000001,-1.0312959765624998,7.703571428571429,24.357142857142858,25.357142857142858,30.357142857142858,27.857142857142858,25.357142857142858,0.39649944531250003,535,119
2023,2460,C.J. Uzomah,TE,17,31.8,-102.65,-1.0350907890625,7.908823529411766,24.647058823529413,25.647058823529413,30.647058823529413,28.147058823529413,25.647058823529413,0.39970014889705885,536,120
2023,8928,Daylen Baldwin,WR,12,0.0,-104.30000000000001,-1.0356891953125003,8.691666666666668,47.083333333333336,48.083333333333336,53.083333333333336,50.583333333333336,48.083333333333336,0.40403973177083335,537,206
2023,7612,Dee Eskridge,WR,12,1.4,-104.85000000000001,-1.0375302031250002,8.854166666666666,47.5,48.5,53.5,51.0,48.5,0.4031049700520834,538,207
2023,8180,Jalen Nailor,WR,13,6.4,-106.35000000000001,-1.0385338281250003,8.673076923076923,47.46153846153846,48.46153846153846,53.46153846153846,50.96153846153846,48.46153846153846,0.4026579423076923,539,208
2023,8207,Tyler Goodson,RB,16,23.200000000000003,-110.55000000000001,-1.0421090156250001,8.359375,36.5,37.5,42.5,40.0,37.5,0.3868437958984375,540,141
2023,2410,Jamison Crowder,WR,17,39.400000000000006,-106.95,-1.0430959765625003,8.608823529411765,47.294117647058826,48.294117647058826,53.294117647058826,50.794117647058826,48.294117647058826,0.4025819136029412,541,209
2023,7083,Tyler Huntley,QB,15,39.62,-128.97,-1.044270390625,11.239333333333333,24.0,25.0,30.0,27.5,25.0,0.29483145208333333,542,72
2023,3257,Jacoby Brissett,QB,15,40.459999999999994,-128.55,-1.0461175625,11.267333333333333,24.0,25.0,30.0,27.5,25.0,0.296934140625,543,73
2023,9490,Tyler Scott,WR,17,43.300000000000004,-106.10000000000001,-1.0499002187500004,8.788235294117648,46.64705882352941,47.64705882352941,52.64705882352941,50.14705882352941,47.64705882352941,0.4028021746323529,544,210
2023,11347,Chase Cota,WR,13,0.0,-109.55000000000001,-1.0504141406250005,8.426923076923078,46.76923076923077,47.76923076923077,52.76923076923077,50.26923076923077,47.76923076923077,0.4034960907451923,545,211
2023,7536,Quintin Morris,TE,15,12.6,-108.4,-1.05071178125,8.066666666666666,24.733333333333334,25.733333333333334,30.733333333333334,28.233333333333334,25.733333333333334,0.40176886822916663,546,121
2023,9479,Darnell Washington,TE,17,24.1,-109.45,-1.0510030859375,7.855882352941177,24.705882352941178,25.705882352941178,30.705882352941178,28.205882352941178,25.705882352941178,0.3990012738970588,547,122
2023,7587,Dyami Brown,WR,17,39.160000000000004,-107.19,-1.0511480000000004,8.608823529411765,47.294117647058826,48.294117647058826,53.294117647058826,50.794117647058826,48.294117647058826,0.4025819136029412,548,212
2023,8223,Velus Jones,WR,14,15.2,-109.35000000000001,-1.0513545546875003,8.896428571428572,46.714285714285715,47.714285714285715,52.714285714285715,50.214285714285715,47.714285714285715,0.4034775212053572,549,213
2023,6908,La'Mical Perine,RB,16,20.400000000000002,-110.15,-1.0521637890625,8.159375,37.125,38.125,43.125,40.625,38.125,0.3874862197265625,550,142
2023,6271,Olamide Zaccheaus,WR,17,40.900000000000006,-106.2,-1.0529998437500003,8.652941176470588,46.88235294117647,47.88235294117647,52.88235294117647,50.38235294117647,47.88235294117647,0.401357,551,214
2023,8197,Peyton Hendershot,TE,15,13.0,-105.30000000000001,-1.0552133281249998,7.886666666666668,24.933333333333334,25.933333333333334,30.933333333333334,28.433333333333334,25.933333333333334,0.3996446833333333,552,123
2023,7530,Frank Darby,WR,13,0.0,-109.65,-1.0553695937500005,8.434615384615386,45.76923076923077,46.76923076923077,51.76923076923077,49.26923076923077,46.76923076923077,0.4029568329326923,553,215
2023,6849,Denzel Mims,WR,13,0.0,-110.0,-1.0571746015625003,8.461538461538462,45.76923076923077,46.76923076923077,51.76923076923077,49.26923076923077,46.76923076923077,0.40364752103365387,554,216
2023,10234,Derius Davis,WR,17,42.0,-105.5,-1.0599169609375005,8.676470588235293,46.470588235294116,47.470588235294116,52.470588235294116,49.970588235294116,47.470588235294116,0.4011163474264706,555,217
2023,5096,Ray-Ray McCloud,WR,16,34.6,-107.05,-1.0611025937500003,8.853125,46.8125,47.8125,52.8125,50.3125,47.8125,0.4013415400390625,556,218
2023,7559,Ihmir Smith-Marsette,WR,17,38.1,-109.10000000000001,-1.0694694531250002,8.658823529411766,46.705882352941174,47.705882352941174,52.705882352941174,50.205882352941174,47.705882352941174,0.40123108088235293,557,219
2023,8161,Malik Willis,QB,11,3.5599999999999996,-132.38,-1.0697343203125,12.358181818181817,24.0,25.0,30.0,27.5,25.0,0.3020787883522727,558,74
2023,11435,Emanuel Wilson,RB,16,19.1,-114.35000000000001,-1.0716564296875,8.340625,36.4375,37.4375,42.4375,39.9375,37.4375,0.3861715390625,559,143
2023,7135,Freddie Swain,WR,13,0.0,-109.8,-1.0733549140625005,8.446153846153846,46.0,47.0,52.0,49.5,47.0,0.4018805715144231,560,220
2023,8783,Kendric Pryor,WR,13,0.0,-109.9,-1.0733928359375005,8.453846153846154,45.76923076923077,46.76923076923077,51.76923076923077,49.26923076923077,46.76923076923077,0.40171590805288465,561,221
2023,8253,Deven Thompkins,WR,17,40.5,-107.00000000000001,-1.0747690468750004,8.676470588235293,46.470588235294116,47.470588235294116,52.470588235294116,49.970588235294116,47.470588235294116,0.4011163474264706,562,222
2023,10860,Malik Cunningham,WR,13,-1.0,-111.30000000000001,-1.0750744687500005,8.484615384615385,47.23076923076923,48.23076923076923,53.23076923076923,50.73076923076923,48.23076923076923,0.4027482566105769,563,223
2023,6894,Mitchell Wilcox,TE,17,25.6,-108.85000000000001,-1.0774085234375,7.908823529411766,24.647058823529413,25.647058823529413,30.647058823529413,28.147058823529413,25.647058823529413,0.39970014889705885,564,124
2023,10862,Dorian Thompson-Robinson,QB,13,39.400000000000006,-131.45,-1.0782855625,13.142307692307693,24.0,25.0,30.0,27.5,25.0,0.2984100162259615,565,75
2023,6181,Trevon Wesco,TE,15,5.1,-110.85000000000001,-1.08402434375,7.73,24.4,25.4,30.4,27.9,25.4,0.39893352916666663,566,125
2023,4995,Ian Thomas,TE,16,16.6,-109.45,-1.0865978828124998,7.878125000000001,24.375,25.375,30.375,27.875,25.375,0.39985920654296875,567,126
2023,8174,Kevin Harris,RB,17,27.0,-114.7,-1.0869840156250001,8.33529411764706,36.64705882352941,37.64705882352941,42.64705882352941,40.14705882352941,37.64705882352941,0.386080359375,568,144
2023,5917,Mecole Hardman,WR,16,29.9,-109.75,-1.0873015078125003,8.728125,46.5625,47.5625,52.5625,50.0625,47.5625,0.40041855371093754,569,224
2023,8170,James Mitchell,TE,15,7.800000000000001,-111.7,-1.0876933124999997,7.966666666666667,24.733333333333334,25.733333333333334,30.733333333333334,28.233333333333334,25.733333333333334,0.40240124270833333,570,127
2023,8076,Michael Bandy,WR,13,0.0,-114.05,-1.0880279375000004,8.773076923076923,47.07692307692308,48.07692307692308,53.07692307692308,50.57692307692308,48.07692307692308,0.4016298239182693,571,225
2023,8195,Ronnie Rivers,RB,17,28.5,-113.55,-1.103612828125,8.355882352941178,36.470588235294116,37.470588235294116,42.470588235294116,39.970588235294116,37.470588235294116,0.38513305974264705,572,145
2023,5199,Byron Pringle,WR,17,31.6,-114.75,-1.1104798593750003,8.608823529411765,47.294117647058826,48.294117647058826,53.294117647058826,50.794117647058826,48.294117647058826,0.4025819136029412,573,226
2023,2422,Blake Bell,TE,17,16.599999999999998,-116.65,-1.1138842265625,7.838235294117647,24.647058823529413,25.647058823529413,30.647058823529413,28.147058823529413,25.647058823529413,0.39760054687499996,574,128
2023,5890,Damien Harris,RB,17,27.6,-115.35,-1.1171677656250003,8.408823529411764,36.8235294117647,37.8235294117647,42.8235294117647,40.3235294117647,37.8235294117647,0.38490468474264705,575,146
2023,7854,Miller Forristall,TE,15,0.0,-117.5,-1.1183796875,7.833333333333333,24.533333333333335,25.533333333333335,30.533333333333335,28.033333333333335,25.533333333333335,0.39733027864583337,576,129
2023,9506,Sean Tucker,RB,15,8.700000000000001,-116.5,-1.1219457421875,8.346666666666668,36.86666666666667,37.86666666666667,42.86666666666667,40.36666666666667,37.86666666666667,0.3810821635416667,577,147
2023,8484,Ko Kieft,TE,16,8.2,-114.65,-1.1238425390625,7.6781250000000005,24.75,25.75,30.75,28.25,25.75,0.3983223935546875,578,130
2023,7581,Kellen Mond,QB,12,0.0,-134.4,-1.1246492421875,11.200000000000001,24.0,25.0,30.0,27.5,25.0,0.2974641809895833,579,76
2023,6805,KJ Hamler,WR,14,0.0,-118.0,-1.1265065468750004,8.428571428571429,45.92857142857143,46.92857142857143,51.92857142857143,49.42857142857143,46.92857142857143,0.403635578125,580,227
2023,7521,Chris Blair,WR,14,0.0,-118.0,-1.1265065468750004,8.428571428571429,45.92857142857143,46.92857142857143,51.92857142857143,49.42857142857143,46.92857142857143,0.403635578125,581,228
2023,11113,Joel Wilson,TE,15,0.0,-117.2,-1.1275889140624997,7.8133333333333335,25.0,26.0,31.0,28.5,26.0,0.39634970208333337,582,131
2023,2320,Melvin Gordon,RB,17,27.9,-115.05,-1.1281798281250002,8.408823529411764,36.8235294117647,37.8235294117647,42.8235294117647,40.3235294117647,37.8235294117647,0.38490468474264705,583,148
2023,5137,Richie James,WR,16,22.900000000000002,-116.2,-1.1293969921875004,8.69375,46.8125,47.8125,52.8125,50.3125,47.8125,0.40154870947265625,584,229
2023,11082,Ben Sims,TE,17,18.1,-115.45,-1.1295451953125,7.855882352941177,24.705882352941178,25.705882352941178,30.705882352941178,28.205882352941178,25.705882352941178,0.3990012738970588,585,132
2023,6075,Jesper Horsted,TE,15,2.4,-116.60000000000001,-1.1318118046875,7.933333333333334,24.066666666666666,25.066666666666666,30.066666666666666,27.566666666666666,25.066666666666666,0.3994362921875,586,133
2023,2394,Sean Mannion,QB,12,0.0,-134.62,-1.1325654375,11.218333333333334,24.0,25.0,30.0,27.5,25.0,0.2907881901041667,587,77
2023,10218,Xavier Hutchinson,WR,16,25.900000000000002,-115.75,-1.134114296875,8.853125,46.5625,47.5625,52.5625,50.0625,47.5625,0.4020759560546875,588,230
2023,3258,Nick Vannett,TE,15,3.3,-114.95,-1.1341867890625,7.883333333333334,25.0,26.0,31.0,28.5,26.0,0.3978134348958333,589,134
2023,8931,Josh Ali,WR,14,0.0,-119.3,-1.1364206484375003,8.52142857142857,46.142857142857146,47.142857142857146,52.142857142857146,49.642857142857146,47.142857142857146,0.4036326216517857,590,231
2023,8861,Irv Charles,WR,14,0.0,-118.05,-1.1366451718750004,8.432142857142857,46.07142857142857,47.07142857142857,52.07142857142857,49.57142857142857,47.07142857142857,0.40267112667410715,591,232
2023,7554,Tre' McKitty,TE,14,0.0,-114.80000000000001,-1.1409041015624999,8.200000000000001,24.642857142857142,25.642857142857142,30.642857142857142,28.142857142857142,25.642857142857142,0.40317033091517857,592,135
2023,10221,Ronnie Bell,WR,17,31.8,-115.4,-1.1432978281250006,8.658823529411766,46.94117647058823,47.94117647058823,52.94117647058823,50.44117647058823,47.94117647058823,0.4005398658088235,593,233
2023,11186,Carlos Washington,RB,15,0.0,-122.25,-1.144390859375,8.15,37.2,38.2,43.2,40.7,38.2,0.3894678822916667,594,149
2023,7603,Shi Smith,WR,14,0.0,-118.25,-1.1445297890625006,8.446428571428571,45.92857142857143,46.92857142857143,51.92857142857143,49.42857142857143,46.92857142857143,0.4024832907366072,595,234
2023,111,Marcedes Lewis,TE,17,17.9,-117.10000000000001,-1.1488229765625,7.9411764705882355,24.529411764705884,25.529411764705884,30.529411764705884,28.029411764705884,25.529411764705884,0.3979615877757353,596,136
2023,7946,Jack Stoll,TE,17,15.8,-117.45,-1.1491644609374998,7.838235294117647,24.647058823529413,25.647058823529413,30.647058823529413,28.147058823529413,25.647058823529413,0.39760054687499996,597,137
2023,4319,Zach Pascal,WR,14,6.4,-118.65,-1.1517963906250004,8.932142857142859,47.07142857142857,48.07142857142857,53.07142857142857,50.57142857142857,48.07142857142857,0.40310486662946426,598,235
2023,8938,Nathan Rourke,QB,12,0.0,-141.02,-1.154942484375,11.751666666666667,24.0,25.0,30.0,27.5,25.0,0.2996887317708333,599,78
2023,4197,Isaiah McKenzie,WR,16,19.200000000000003,-118.95,-1.1553626953125005,8.634375,46.75,47.75,52.75,50.25,47.75,0.4023683637695313,600,236
2023,8246,Bryant Koback,RB,15,0.0,-122.45,-1.15891265625,8.163333333333334,37.2,38.2,43.2,40.7,38.2,0.3878846635416667,601,150
2023,5854,Drew Lock,QB,17,50.120000000000005,-145.88,-1.1599343671875002,11.529411764705882,24.0,25.0,30.0,27.5,25.0,0.29438970404411763,602,79
2023,6909,Lynn Bowden,WR,17,26.0,-120.95,-1.1653902343750004,8.644117647058824,46.705882352941174,47.705882352941174,52.705882352941174,50.205882352941174,47.705882352941174,0.4021800234375,603,237
2023,8660,Leroy Watson,TE,15,0.0,-120.0,-1.1687713593749998,8.0,24.533333333333335,25.533333333333335,30.533333333333335,28.033333333333335,25.533333333333335,0.39936871927083334,604,138
2023,3362,Jeff Driskel,QB,14,21.34,-142.93,-1.170470828125,11.733571428571429,24.0,25.0,30.0,27.5,25.0,0.30042942075892853,605,80
2023,4335,P.J. Walker,QB,15,29.56,-142.39000000000001,-1.1770164765625002,11.463333333333333,24.0,25.0,30.0,27.5,25.0,0.2946657234375,606,81
2023,3048,Chris Manhertz,TE,16,6.6,-120.45,-1.1770596562499998,7.940625000000001,24.25,25.25,30.25,27.75,25.25,0.3993466083984375,607,139
2023,5980,Myles Gaskin,RB,14,0.0,-121.25,-1.178501515625,8.660714285714286,36.642857142857146,37.642857142857146,42.642857142857146,40.142857142857146,37.642857142857146,0.3832998694196429,608,151
2023,11312,T.J. Luther,WR,14,0.0,-121.60000000000001,-1.1819194687500003,8.685714285714287,46.642857142857146,47.642857142857146,52.642857142857146,50.142857142857146,47.642857142857146,0.3990484447544643,609,238
2023,6144,Trayveon Williams,RB,17,18.900000000000002,-123.0,-1.1837089765625002,8.347058823529412,36.64705882352941,37.64705882352941,42.64705882352941,40.14705882352941,37.64705882352941,0.3846834016544118,610,152
2023,8172,Greg Dulcich,TE,17,10.5,-123.95,-1.1837366796874997,7.908823529411766,24.352941176470587,25.352941176470587,30.352941176470587,27.852941176470587,25.352941176470587,0.40041323529411765,611,140
2023,5092,Troy Fumagalli,TE,15,0.0,-118.85000000000001,-1.1852096953124998,7.923333333333334,24.8,25.8,30.8,28.3,25.8,0.3976743140625,612,141
2023,11493,Jordan Murray,TE,16,0.0,-125.0,-1.1862921093749998,7.8125,24.75,25.75,30.75,28.25,25.75,0.39637892333984376,613,142
2023,8094,Michael Jacobson,TE,16,0.0,-125.0,-1.1862921093749998,7.8125,24.75,25.75,30.75,28.25,25.75,0.39637892333984376,614,143
2023,7537,Jaret Patterson,RB,15,0.0,-125.15,-1.1935455390625,8.343333333333334,36.53333333333333,37.53333333333333,42.53333333333333,40.03333333333333,37.53333333333333,0.3838982213541667,615,153
2023,7720,Kene Nwangwu,RB,15,2.3000000000000003,-123.25,-1.1938401328125001,8.37,36.93333333333333,37.93333333333333,42.93333333333333,40.43333333333333,37.93333333333333,0.38199590312500004,616,154
2023,7075,Charlie Woerner,TE,17,10.2,-124.25,-1.2043224921874998,7.908823529411766,24.352941176470587,25.352941176470587,30.352941176470587,27.852941176470587,25.352941176470587,0.40041323529411765,617,144
2023,6018,Zach Gentry,TE,16,0.0,-124.60000000000001,-1.2076208515625,7.7875000000000005,24.625,25.625,30.625,28.125,25.625,0.399022818359375,618,145
2023,11204,Duece Watts,WR,15,0.0,-128.0,-1.2093626093750003,8.533333333333333,46.266666666666666,47.266666666666666,52.266666666666666,49.766666666666666,47.266666666666666,0.40481966093750005,619,239
2023,4274,David Moore,WR,17,24.400000000000002,-123.10000000000001,-1.2094060546875003,8.676470588235293,46.470588235294116,47.470588235294116,52.470588235294116,49.970588235294116,47.470588235294116,0.4011163474264706,620,240
2023,11370,Chris Brooks,RB,17,16.4,-125.65,-1.2121656875000002,8.355882352941178,36.470588235294116,37.470588235294116,42.470588235294116,39.970588235294116,37.470588235294116,0.38513305974264705,621,155
2023,7595,Tylan Wallace,WR,15,8.6,-123.10000000000001,-1.2136612812500003,8.78,46.6,47.6,52.6,50.1,47.6,0.4017045166666667,622,241
2023,5154,Trent Sherfield,WR,17,27.1,-122.30000000000001,-1.2136678750000003,8.788235294117648,46.64705882352941,47.64705882352941,52.64705882352941,50.14705882352941,47.64705882352941,0.4028021746323529,623,242
2023,8527,Dareke Young,WR,14,0.0,-124.4,-1.2158910156250002,8.885714285714286,46.214285714285715,47.214285714285715,52.214285714285715,49.714285714285715,47.214285714285715,0.40177436104910713,624,243
2023,10228,Charlie Jones,WR,17,23.1,-124.1,-1.2171436796875006,8.658823529411766,46.705882352941174,47.705882352941174,52.705882352941174,50.205882352941174,47.705882352941174,0.40123108088235293,625,244
2023,6451,Stephen Carlson,TE,16,0.0,-126.60000000000001,-1.2190613671875,7.9125000000000005,24.625,25.625,30.625,28.125,25.625,0.3962207705078125,626,146
2023,8227,Teagan Quitoriano,TE,17,9.3,-125.15,-1.22057315625,7.908823529411766,24.647058823529413,25.647058823529413,30.647058823529413,28.147058823529413,25.647058823529413,0.39970014889705885,627,147
2023,7583,Sam Ehlinger,QB,13,0.0,-147.6,-1.2206204921875001,11.353846153846153,24.0,25.0,30.0,27.5,25.0,0.29883232572115387,628,82
2023,6136,Jarrett Stidham,QB,17,46.44,-152.67000000000002,-1.2232450546875002,11.712352941176471,24.0,25.0,30.0,27.5,25.0,0.29665477573529414,629,83
2023,7757,Ben Skowronek,WR,17,23.400000000000002,-123.7,-1.2233988359375005,8.652941176470588,46.88235294117647,47.88235294117647,52.88235294117647,50.38235294117647,47.88235294117647,0.401357,630,245
2023,10223,Eric Gray,RB,17,17.4,-125.55,-1.223526265625,8.408823529411764,36.8235294117647,37.8235294117647,42.8235294117647,40.3235294117647,37.8235294117647,0.38490468474264705,631,156
2023,6806,J.K. Dobbins,RB,17,13.3,-129.65,-1.2238049531250002,8.408823529411764,36.8235294117647,37.8235294117647,42.8235294117647,40.3235294117647,37.8235294117647,0.38490468474264705,632,157
2023,7597,Kenny Yeboah,TE,17,7.800000000000001,-126.65,-1.2292106015625,7.908823529411766,24.647058823529413,25.647058823529413,30.647058823529413,28.147058823529413,25.647058823529413,0.39970014889705885,633,148
2023,7729,Dez Fitzpatrick,WR,15,0.0,-127.35000000000001,-1.2308891250000005,8.49,45.93333333333333,46.93333333333333,51.93333333333333,49.43333333333333,46.93333333333333,0.4032172010416667,634,246
2023,8799,Zaire Mitchell-Paden,TE,16,0.0,-124.45,-1.2313601249999997,7.778125,24.8125,25.8125,30.8125,28.3125,25.8125,0.398039349609375,635,149
2023,11381,Travis Vokolek,TE,16,0.0,-126.35000000000001,-1.2329430859375,7.8968750000000005,24.3125,25.3125,30.3125,27.8125,25.3125,0.39781155224609377,636,150
2023,8013,Tim Jones,WR,17,21.3,-125.9,-1.2374064296875005,8.658823529411766,46.94117647058823,47.94117647058823,52.94117647058823,50.44117647058823,47.94117647058823,0.4005398658088235,637,247
2023,9495,Rakim Jarrett,WR,16,11.700000000000001,-127.05000000000001,-1.2459044843750005,8.671875,46.625,47.625,52.625,50.125,47.625,0.401443828125,638,248
2023,6040,Tyree Jackson,TE,16,0.0,-127.60000000000001,-1.2460983124999998,7.9750000000000005,24.4375,25.4375,30.4375,27.9375,25.4375,0.39674173291015624,639,151
2023,8885,Tucker Fisk,TE,17,3.9,-129.5,-1.2481920390624999,7.847058823529412,24.647058823529413,25.647058823529413,30.647058823529413,28.147058823529413,25.647058823529413,0.3981104375,640,152
2023,7529,Gary Brightwell,RB,17,14.400000000000002,-128.55,-1.2483598437500003,8.408823529411764,36.8235294117647,37.8235294117647,42.8235294117647,40.3235294117647,37.8235294117647,0.38490468474264705,641,158
2023,1338,Matt Barkley,QB,12,0.30000000000000004,-150.0,-1.2486157421875,12.525,24.0,25.0,30.0,27.5,25.0,0.29694851953125,642,84
2023,8122,Zonovan Knight,RB,16,3.7,-129.55,-1.2530090546875001,8.328125,36.75,37.75,42.75,40.25,37.75,0.3836303017578125,643,159
2023,3200,Sterling Shepard,WR,17,22.0,-127.4,-1.2606917500000003,8.788235294117648,46.64705882352941,47.64705882352941,52.64705882352941,50.14705882352941,47.64705882352941,0.4028021746323529,644,249
2023,1034,Brandon Bolden,RB,17,12.4,-130.55,-1.2613797500000001,8.408823529411764,36.8235294117647,37.8235294117647,42.8235294117647,40.3235294117647,37.8235294117647,0.38490468474264705,645,160
2023,3391,Dwayne Washington,RB,16,0.0,-132.7,-1.26308365625,8.29375,36.4375,37.4375,42.4375,39.9375,37.4375,0.38341456103515625,646,161
2023,11056,Jared Wayne,WR,15,0.0,-130.35,-1.2633098046875004,8.69,46.86666666666667,47.86666666666667,52.86666666666667,50.36666666666667,47.86666666666667,0.4013510901041667,647,250
2023,6931,DeeJay Dallas,RB,17,10.700000000000001,-131.9,-1.266149859375,8.388235294117647,36.76470588235294,37.76470588235294,42.76470588235294,40.26470588235294,37.76470588235294,0.38409844393382353,648,162
2023,9998,Hendon Hooker,QB,14,0.0,-154.01,-1.266230796875,11.000714285714285,24.0,25.0,30.0,27.5,25.0,0.29381059877232146,649,85
2023,6453,D.J. Montgomery,WR,17,15.600000000000001,-131.35,-1.2693483750000005,8.644117647058824,46.705882352941174,47.705882352941174,52.705882352941174,50.205882352941174,47.705882352941174,0.4021800234375,650,251
2023,8208,Tyler Badie,RB,16,0.0,-133.95,-1.2718799609375,8.371875,36.375,37.375,42.375,39.875,37.375,0.3850175986328125,651,163
2023,4157,Tarik Cohen,RB,16,0.0,-133.95,-1.2732028984375001,8.371875,36.5,37.5,42.5,40.0,37.5,0.3853595283203125,652,164
2023,4127,C.J. Beathard,QB,17,43.56,-155.55,-1.280519796875,11.712352941176471,24.0,25.0,30.0,27.5,25.0,0.29665477573529414,653,86
2023,5171,Kevin Rader,TE,17,2.6,-131.85,-1.2823053046875,7.908823529411766,24.647058823529413,25.647058823529413,30.647058823529413,28.147058823529413,25.647058823529413,0.39970014889705885,654,153
2023,7131,Tyler Davis,TE,17,0.0,-133.55,-1.283012125,7.855882352941177,24.705882352941178,25.705882352941178,30.705882352941178,28.205882352941178,25.705882352941178,0.3990012738970588,655,154
2023,8757,Rodney Williams,TE,17,0.0,-133.55,-1.283012125,7.855882352941177,24.705882352941178,25.705882352941178,30.705882352941178,28.205882352941178,25.705882352941178,0.3990012738970588,656,155
2023,8033,Bernhard Seikovits,TE,17,0.0,-133.25,-1.2832928125,7.838235294117647,24.352941176470587,25.352941176470587,30.352941176470587,27.852941176470587,25.352941176470587,0.399730671875,657,156
2023,8665,Armani Rogers,TE,17,0.0,-133.25,-1.2832928125,7.838235294117647,24.352941176470587,25.352941176470587,30.352941176470587,27.852941176470587,25.352941176470587,0.399730671875,658,157
2023,6233,Matt Sokol,TE,17,0.0,-133.4,-1.2842092734375,7.847058823529412,24.647058823529413,25.647058823529413,30.647058823529413,28.147058823529413,25.647058823529413,0.3981104375,659,158
2023,6662,Parker Hesse,TE,17,0.0,-133.4,-1.2842092734375,7.847058823529412,24.647058823529413,25.647058823529413,30.647058823529413,28.147058823529413,25.647058823529413,0.3981104375,660,159
2023,7439,Tommy Hudson,TE,17,0.0,-133.4,-1.2842092734375,7.847058823529412,24.647058823529413,25.647058823529413,30.647058823529413,28.147058823529413,25.647058823529413,0.3981104375,661,160
2023,7531,Feleipe Franks,TE,17,0.0,-133.4,-1.2842092734375,7.847058823529412,24.647058823529413,25.647058823529413,30.647058823529413,28.147058823529413,25.647058823529413,0.3981104375,662,161
2023,8219,Jelani Woods,TE,17,0.0,-133.4,-1.2842092734375,7.847058823529412,24.647058823529413,25.647058823529413,30.647058823529413,28.147058823529413,25.647058823529413,0.3981104375,663,162
2023,6012,Travis Homer,RB,16,0.0,-135.3,-1.2910564296875,8.45625,36.75,37.75,42.75,40.25,37.75,0.38529901953125,664,165
2023,8840,Cole Fotheringham,TE,17,2.6,-132.4,-1.2925248671874998,7.9411764705882355,24.529411764705884,25.529411764705884,30.529411764705884,28.029411764705884,25.529411764705884,0.3979615877757353,665,163
2023,6665,Jody Fortson,TE,17,0.0,-133.25,-1.2961329999999998,7.838235294117647,24.647058823529413,25.647058823529413,30.647058823529413,28.147058823529413,25.647058823529413,0.39760054687499996,666,164
2023,7308,Nick Bowers,TE,17,0.0,-133.25,-1.2961329999999998,7.838235294117647,24.647058823529413,25.647058823529413,30.647058823529413,28.147058823529413,25.647058823529413,0.39760054687499996,667,165
2023,7535,Hunter Long,TE,17,0.0,-133.25,-1.2961329999999998,7.838235294117647,24.647058823529413,25.647058823529413,30.647058823529413,28.147058823529413,25.647058823529413,0.39760054687499996,668,166
2023,7992,Matt Bushman,TE,17,0.0,-133.25,-1.2961329999999998,7.838235294117647,24.647058823529413,25.647058823529413,30.647058823529413,28.147058823529413,25.647058823529413,0.39760054687499996,669,167
2023,8107,Nikola Kalinic,TE,17,0.0,-133.25,-1.2961329999999998,7.838235294117647,24.647058823529413,25.647058823529413,30.647058823529413,28.147058823529413,25.647058823529413,0.39760054687499996,670,168
2023,8247,Gerrit Prince,TE,17,0.0,-133.25,-1.2961329999999998,7.838235294117647,24.647058823529413,25.647058823529413,30.647058823529413,28.147058823529413,25.647058823529413,0.39760054687499996,671,169
2023,8849,Tanner Conner,TE,17,0.0,-133.25,-1.2961329999999998,7.838235294117647,24.647058823529413,25.647058823529413,30.647058823529413,28.147058823529413,25.647058823529413,0.39760054687499996,672,170
2023,11415,Tanner Taula,TE,17,0.0,-132.70000000000002,-1.3011291640624998,7.805882352941177,24.764705882352942,25.764705882352942,30.764705882352942,28.264705882352942,25.764705882352942,0.3990409255514706,673,171
2023,7427,Tyler Mabry,TE,17,0.0,-132.70000000000002,-1.3011291640624998,7.805882352941177,24.764705882352942,25.764705882352942,30.764705882352942,28.264705882352942,25.764705882352942,0.3990409255514706,674,172
2023,7938,Hunter Kampmoyer,TE,17,0.0,-132.70000000000002,-1.3011291640624998,7.805882352941177,24.764705882352942,25.764705882352942,30.764705882352942,28.264705882352942,25.764705882352942,0.3990409255514706,675,173
2023,6239,Malik Taylor,WR,16,3.3000000000000003,-134.9,-1.3032574453125005,8.637500000000001,46.75,47.75,52.75,50.25,47.75,0.40203421240234377,676,252
2023,10210,Cameron Latu,TE,17,0.0,-134.45000000000002,-1.3045461874999997,7.908823529411766,24.352941176470587,25.352941176470587,30.352941176470587,27.852941176470587,25.352941176470587,0.40041323529411765,677,174
2023,7733,Josh Pederson,TE,17,0.0,-134.45000000000002,-1.3045461874999997,7.908823529411766,24.352941176470587,25.352941176470587,30.352941176470587,27.852941176470587,25.352941176470587,0.40041323529411765,678,175
2023,8041,Shane Zylstra,TE,17,0.0,-134.45000000000002,-1.3045461874999997,7.908823529411766,24.352941176470587,25.352941176470587,30.352941176470587,27.852941176470587,25.352941176470587,0.40041323529411765,679,176
2023,11508,Princeton Fant,TE,17,0.0,-134.45000000000002,-1.3076371015625,7.908823529411766,24.647058823529413,25.647058823529413,30.647058823529413,28.147058823529413,25.647058823529413,0.39970014889705885,680,177
2023,11511,John Stephens,TE,17,0.0,-134.45000000000002,-1.3076371015625,7.908823529411766,24.647058823529413,25.647058823529413,30.647058823529413,28.147058823529413,25.647058823529413,0.39970014889705885,681,178
2023,6964,Sean McKeon,TE,17,0.0,-134.45000000000002,-1.3076371015625,7.908823529411766,24.647058823529413,25.647058823529413,30.647058823529413,28.147058823529413,25.647058823529413,0.39970014889705885,682,179
2023,7082,Dalton Keene,TE,17,0.0,-134.45000000000002,-1.3076371015625,7.908823529411766,24.647058823529413,25.647058823529413,30.647058823529413,28.147058823529413,25.647058823529413,0.39970014889705885,683,180
2023,8924,Thomas Odukoya,TE,17,0.0,-134.45000000000002,-1.3076371015625,7.908823529411766,24.647058823529413,25.647058823529413,30.647058823529413,28.147058823529413,25.647058823529413,0.39970014889705885,684,181
2023,9483,Zack Kuntz,TE,17,0.0,-134.45000000000002,-1.3076371015625,7.908823529411766,24.647058823529413,25.647058823529413,30.647058823529413,28.147058823529413,25.647058823529413,0.39970014889705885,685,182
2023,6753,Derrick Gore,RB,17,3.7,-137.8,-1.307933703125,8.323529411764707,36.35294117647059,37.35294117647059,42.35294117647059,39.85294117647059,37.35294117647059,0.3859960137867647,686,166
2023,4943,Sam Darnold,QB,17,39.08,-160.03,-1.3096410234375,11.712352941176471,24.0,25.0,30.0,27.5,25.0,0.29665477573529414,687,87
2023,312,Matthew Slater,WR,16,0.0,-136.5,-1.3158439687500005,8.53125,47.0,48.0,53.0,50.5,48.0,0.4028725219726563,688,253
2023,8114,Erik Ezukanma,WR,16,3.7,-133.75,-1.3161226718750005,8.590625000000001,46.625,47.625,52.625,50.125,47.625,0.4006656953125,689,254
2023,2381,Chris Conley,WR,17,11.9,-135.3,-1.3166124140625004,8.658823529411766,46.94117647058823,47.94117647058823,52.94117647058823,50.44117647058823,47.94117647058823,0.4005398658088235,690,255
2023,11298,Ryan Jones,TE,17,0.0,-135.0,-1.3169785312499998,7.9411764705882355,24.529411764705884,25.529411764705884,30.529411764705884,28.029411764705884,25.529411764705884,0.3979615877757353,691,183
2023,5878,N'Keal Harry,TE,17,0.0,-135.0,-1.3169785312499998,7.9411764705882355,24.529411764705884,25.529411764705884,30.529411764705884,28.029411764705884,25.529411764705884,0.3979615877757353,692,184
2023,7943,Zach Davidson,TE,17,0.0,-135.0,-1.3169785312499998,7.9411764705882355,24.529411764705884,25.529411764705884,30.529411764705884,28.029411764705884,25.529411764705884,0.3979615877757353,693,185
2023,96,Aaron Rodgers,QB,14,-1.5,-160.57,-1.32294853125,11.362142857142857,24.0,25.0,30.0,27.5,25.0,0.2971270697544643,694,88
2023,7143,Ben DiNucci,QB,14,0.0,-160.01000000000002,-1.3245286484375,11.429285714285715,24.0,25.0,30.0,27.5,25.0,0.2912587940848214,695,89
2023,5257,Tim Boyle,QB,15,19.200000000000003,-160.92,-1.3263187578125,12.008000000000001,24.0,25.0,30.0,27.5,25.0,0.30032817760416664,696,90
2023,7009,Trishton Jackson,WR,16,4.9,-136.5,-1.3266711328125003,8.8375,46.5625,47.5625,52.5625,50.0625,47.5625,0.4030842075195313,697,256
2023,8140,Justyn Ross,WR,17,12.3,-134.8,-1.3269212500000005,8.652941176470588,46.88235294117647,47.88235294117647,52.88235294117647,50.38235294117647,47.88235294117647,0.401357,698,257
2023,9220,Evan Hull,RB,17,1.9000000000000001,-139.8,-1.327282078125,8.33529411764706,36.64705882352941,37.64705882352941,42.64705882352941,40.14705882352941,37.64705882352941,0.386080359375,699,167
2023,11024,Grant DuBose,WR,16,0.0,-138.55,-1.3380281328125003,8.659375,46.875,47.875,52.875,50.375,47.875,0.40313516796875004,700,258
2023,829,Andy Dalton,QB,17,41.739999999999995,-162.43,-1.340905109375,12.010000000000002,24.0,25.0,30.0,27.5,25.0,0.2993859871323529,701,91
2023,6171,Cody Thompson,WR,16,2.0,-135.65,-1.3410208984375003,8.603125,46.3125,47.3125,52.3125,49.8125,47.3125,0.4005743583984375,702,259
2023,4152,Marlon Mack,RB,17,0.0,-141.5,-1.345591921875,8.323529411764707,36.35294117647059,37.35294117647059,42.35294117647059,39.85294117647059,37.35294117647059,0.3859960137867647,703,168
2023,4651,Corey Clement,RB,17,0.0,-141.5,-1.345591921875,8.323529411764707,36.35294117647059,37.35294117647059,42.35294117647059,39.85294117647059,37.35294117647059,0.3859960137867647,704,169
2023,11378,Jordan Mims,RB,17,0.0,-141.70000000000002,-1.3475900312500002,8.33529411764706,36.64705882352941,37.64705882352941,42.64705882352941,40.14705882352941,37.64705882352941,0.386080359375,705,170
2023,6951,Eno Benjamin,RB,17,0.0,-141.70000000000002,-1.3475900312500002,8.33529411764706,36.64705882352941,37.64705882352941,42.64705882352941,40.14705882352941,37.64705882352941,0.386080359375,706,171
2023,7809,Avery Williams,RB,17,0.0,-141.70000000000002,-1.3475900312500002,8.33529411764706,36.64705882352941,37.64705882352941,42.64705882352941,40.14705882352941,37.64705882352941,0.386080359375,707,172
2023,8732,Raleigh Webb,WR,16,0.0,-139.1,-1.3478641328125005,8.69375,46.8125,47.8125,52.8125,50.3125,47.8125,0.40154870947265625,708,260
2023,6032,Keelan Doss,WR,17,9.8,-137.70000000000002,-1.3496142109375004,8.676470588235293,46.470588235294116,47.470588235294116,52.470588235294116,49.970588235294116,47.470588235294116,0.4011163474264706,709,261
2023,8745,Lance McCutcheon,WR,16,0.0,-139.55,-1.3497070625000003,8.721875,46.625,47.625,52.625,50.125,47.625,0.4019761044921875,710,262
2023,8414,Britain Covey,WR,17,9.2,-137.9,-1.3505478593750007,8.652941176470588,46.88235294117647,47.88235294117647,52.88235294117647,50.38235294117647,47.88235294117647,0.401357,711,263
2023,8179,Snoop Conner,RB,17,0.0,-141.5,-1.3524294218750001,8.323529411764707,36.705882352941174,37.705882352941174,42.705882352941174,40.205882352941174,37.705882352941174,0.3840914512867647,712,173
2023,6960,Tyler Johnson,WR,17,8.8,-138.3,-1.3536815546875005,8.652941176470588,46.88235294117647,47.88235294117647,52.88235294117647,50.38235294117647,47.88235294117647,0.401357,713,264
2023,6063,Tyron Billy-Johnson,WR,16,0.0,-138.45000000000002,-1.3542463671875005,8.653125000000001,46.875,47.875,52.875,50.375,47.875,0.401565732421875,714,265
2023,5026,Tre'Quan Smith,WR,16,0.0,-138.85,-1.3584928515625003,8.678125,46.875,47.875,52.875,50.375,47.875,0.39979490332031253,715,266
2023,11520,Lucky Jackson,WR,16,0.0,-140.4,-1.3587241562500003,8.775,46.6875,47.6875,52.6875,50.1875,47.6875,0.40370349951171874,716,267
2023,2750,DeAndre Carter,WR,17,11.3,-138.1,-1.3590095625000003,8.788235294117648,46.64705882352941,47.64705882352941,52.64705882352941,50.14705882352941,47.64705882352941,0.4028021746323529,717,268
2023,10861,Xazavian Valladay,RB,17,0.0,-141.9,-1.3621118281250002,8.347058823529412,36.64705882352941,37.64705882352941,42.64705882352941,40.14705882352941,37.64705882352941,0.3846834016544118,718,174
2023,7609,Demetric Felton,RB,17,0.0,-141.9,-1.3621118281250002,8.347058823529412,36.64705882352941,37.64705882352941,42.64705882352941,40.14705882352941,37.64705882352941,0.3846834016544118,719,175
2023,8123,Hassan Haskins,RB,17,0.0,-141.9,-1.3621118281250002,8.347058823529412,36.64705882352941,37.64705882352941,42.64705882352941,40.14705882352941,37.64705882352941,0.3846834016544118,720,176
2023,8254,Julius Chestnut,RB,17,0.0,-141.9,-1.3621118281250002,8.347058823529412,36.64705882352941,37.64705882352941,42.64705882352941,40.14705882352941,37.64705882352941,0.3846834016544118,721,177
2023,8800,Malik Davis,RB,17,0.0,-141.9,-1.3621118281250002,8.347058823529412,36.64705882352941,37.64705882352941,42.64705882352941,40.14705882352941,37.64705882352941,0.3846834016544118,722,178
2023,8820,Troy Hairston,RB,17,0.0,-141.9,-1.3621118281250002,8.347058823529412,36.64705882352941,37.64705882352941,42.64705882352941,40.14705882352941,37.64705882352941,0.3846834016544118,723,179
2023,10870,Deneric Prince,RB,17,0.0,-142.05,-1.36514065625,8.355882352941178,36.470588235294116,37.470588235294116,42.470588235294116,39.970588235294116,37.470588235294116,0.38513305974264705,724,180
2023,7204,Reggie Gilliam,RB,17,1.3,-141.65,-1.3654075546875002,8.408823529411764,36.8235294117647,37.8235294117647,42.8235294117647,40.3235294117647,37.8235294117647,0.38490468474264705,725,181
2023,6402,Steven Sims,WR,17,6.3,-140.9,-1.3702120625000005,8.658823529411766,46.705882352941174,47.705882352941174,52.705882352941174,50.205882352941174,47.705882352941174,0.40123108088235293,726,269
2023,7746,Austin Trammell,WR,17,5.9,-141.20000000000002,-1.3728901953125006,8.652941176470588,46.88235294117647,47.88235294117647,52.88235294117647,50.38235294117647,47.88235294117647,0.401357,727,270
2023,11280,Brady Russell,RB,17,0.0,-142.6,-1.37482540625,8.388235294117647,36.76470588235294,37.76470588235294,42.76470588235294,40.26470588235294,37.76470588235294,0.38409844393382353,728,182
2023,6311,Patrick Laird,RB,17,0.0,-142.6,-1.37482540625,8.388235294117647,36.76470588235294,37.76470588235294,42.76470588235294,40.26470588235294,37.76470588235294,0.38409844393382353,729,183
2023,5965,Miles Boykin,WR,17,4.7,-142.6,-1.3749394609375005,8.664705882352942,46.705882352941174,47.705882352941174,52.705882352941174,50.205882352941174,47.705882352941174,0.40270819669117647,730,271
2023,11060,Robert Burns,RB,17,0.0,-142.95,-1.3772437578125,8.408823529411764,36.8235294117647,37.8235294117647,42.8235294117647,40.3235294117647,37.8235294117647,0.38490468474264705,731,184
2023,11384,Owen Wright,RB,17,0.0,-142.95,-1.3772437578125,8.408823529411764,36.8235294117647,37.8235294117647,42.8235294117647,40.3235294117647,37.8235294117647,0.38490468474264705,732,185
2023,5347,Nyheim Miller-Hines,RB,17,0.0,-142.95,-1.3772437578125,8.408823529411764,36.8235294117647,37.8235294117647,42.8235294117647,40.3235294117647,37.8235294117647,0.38490468474264705,733,186
2023,6553,Austin Walter,RB,17,0.0,-142.95,-1.3772437578125,8.408823529411764,36.8235294117647,37.8235294117647,42.8235294117647,40.3235294117647,37.8235294117647,0.38490468474264705,734,187
2023,8220,Sincere McCormick,RB,17,0.0,-142.95,-1.3772437578125,8.408823529411764,36.8235294117647,37.8235294117647,42.8235294117647,40.3235294117647,37.8235294117647,0.38490468474264705,735,188
2023,8423,Brittain Brown,RB,17,0.0,-142.95,-1.3772437578125,8.408823529411764,36.8235294117647,37.8235294117647,42.8235294117647,40.3235294117647,37.8235294117647,0.38490468474264705,736,189
2023,9512,DeWayne McBride,RB,17,0.0,-142.95,-1.3772437578125,8.408823529411764,36.8235294117647,37.8235294117647,42.8235294117647,40.3235294117647,37.8235294117647,0.38490468474264705,737,190
2023,4622,Keelan Cole,WR,16,0.0,-140.65,-1.3792470859375003,8.790625,46.8125,47.8125,52.8125,50.3125,47.8125,0.40323501953125,738,272
2023,11474,Dylan Drummond,WR,16,0.0,-141.65,-1.3842548125000005,8.853125,46.8125,47.8125,52.8125,50.3125,47.8125,0.4013415400390625,739,273
2023,6847,Devin Duvernay,WR,17,8.1,-141.3,-1.3858944843750003,8.788235294117648,46.64705882352941,47.64705882352941,52.64705882352941,50.14705882352941,47.64705882352941,0.4028021746323529,740,274
2023,6744,Greg Ward,WR,16,0.0,-141.55,-1.3908880937500003,8.846875,46.75,47.75,52.75,50.25,47.75,0.4022097451171875,741,275
2023,1911,Willie Snead,WR,17,3.4,-143.8,-1.3999032500000004,8.658823529411766,46.94117647058823,47.94117647058823,52.94117647058823,50.44117647058823,47.94117647058823,0.4005398658088235,742,276
2023,1895,AJ McCarron,QB,15,1.26,-172.44,-1.4077671171875001,11.580000000000002,24.0,25.0,30.0,27.5,25.0,0.3006071734375,743,92
2023,2307,Marcus Mariota,QB,17,23.360000000000003,-171.47,-1.4123403203125,11.460588235294118,24.0,25.0,30.0,27.5,25.0,0.29399958823529415,744,93
2023,11070,Kazmeir Allen,WR,17,0.0,-146.35,-1.4125989921875004,8.608823529411765,47.294117647058826,48.294117647058826,53.294117647058826,50.794117647058826,48.294117647058826,0.4025819136029412,745,277
2023,11157,Brycen Tremayne,WR,17,0.0,-146.35,-1.4125989921875004,8.608823529411765,47.294117647058826,48.294117647058826,53.294117647058826,50.794117647058826,48.294117647058826,0.4025819136029412,746,278
2023,7233,Andre Baccellia,WR,17,0.0,-146.35,-1.4125989921875004,8.608823529411765,47.294117647058826,48.294117647058826,53.294117647058826,50.794117647058826,48.294117647058826,0.4025819136029412,747,279
2023,7751,Dax Milne,WR,17,0.0,-146.35,-1.4125989921875004,8.608823529411765,47.294117647058826,48.294117647058826,53.294117647058826,50.794117647058826,48.294117647058826,0.4025819136029412,748,280
2023,8755,Kaden Davis,WR,17,0.0,-146.35,-1.4125989921875004,8.608823529411765,47.294117647058826,48.294117647058826,53.294117647058826,50.794117647058826,48.294117647058826,0.4025819136029412,749,281
2023,11105,Shaquan Davis,WR,17,0.0,-146.95000000000002,-1.4182777656250005,8.644117647058824,46.705882352941174,47.705882352941174,52.705882352941174,50.205882352941174,47.705882352941174,0.4021800234375,750,282
2023,6427,Ashton Dulin,WR,17,0.0,-146.95000000000002,-1.4182777656250005,8.644117647058824,46.705882352941174,47.705882352941174,52.705882352941174,50.205882352941174,47.705882352941174,0.4021800234375,751,283
2023,7546,Tre Nixon,WR,17,0.0,-146.95000000000002,-1.4182777656250005,8.644117647058824,46.705882352941174,47.705882352941174,52.705882352941174,50.205882352941174,47.705882352941174,0.4021800234375,752,284
2023,7436,Mason Kinsey,WR,17,1.6,-145.6,-1.4214715859375004,8.658823529411766,46.705882352941174,47.705882352941174,52.705882352941174,50.205882352941174,47.705882352941174,0.40123108088235293,753,285
2023,8435,Kwamie Lassiter,WR,17,1.2,-146.0,-1.4268571640625005,8.658823529411766,46.705882352941174,47.705882352941174,52.705882352941174,50.205882352941174,47.705882352941174,0.40123108088235293,754,286
2023,2334,Phillip Dorsett,WR,17,0.0,-147.20000000000002,-1.4296298046875004,8.658823529411766,46.94117647058823,47.94117647058823,52.94117647058823,50.44117647058823,47.94117647058823,0.4005398658088235,755,287
2023,4351,Tim Patrick,WR,17,0.0,-147.20000000000002,-1.4296298046875004,8.658823529411766,46.94117647058823,47.94117647058823,52.94117647058823,50.44117647058823,47.94117647058823,0.4005398658088235,756,288
2023,5102,Daurice Fountain,WR,17,0.0,-147.20000000000002,-1.4296298046875004,8.658823529411766,46.94117647058823,47.94117647058823,52.94117647058823,50.44117647058823,47.94117647058823,0.4005398658088235,757,289
2023,6154,David Sills,WR,17,0.0,-147.20000000000002,-1.4296298046875004,8.658823529411766,46.94117647058823,47.94117647058823,52.94117647058823,50.44117647058823,47.94117647058823,0.4005398658088235,758,290
2023,7191,Jaylon Moore,WR,17,0.0,-147.20000000000002,-1.4296298046875004,8.658823529411766,46.94117647058823,47.94117647058823,52.94117647058823,50.44117647058823,47.94117647058823,0.4005398658088235,759,291
2023,7534,Seth Williams,WR,17,0.0,-147.20000000000002,-1.4296298046875004,8.658823529411766,46.94117647058823,47.94117647058823,52.94117647058823,50.44117647058823,47.94117647058823,0.4005398658088235,760,292
2023,7703,Jacob Harris,WR,17,0.0,-147.20000000000002,-1.4296298046875004,8.658823529411766,46.94117647058823,47.94117647058823,52.94117647058823,50.44117647058823,47.94117647058823,0.4005398658088235,761,293
2023,8176,Danny Gray,WR,17,0.0,-147.20000000000002,-1.4296298046875004,8.658823529411766,46.94117647058823,47.94117647058823,52.94117647058823,50.44117647058823,47.94117647058823,0.4005398658088235,762,294
2023,8250,Tay Martin,WR,17,0.0,-147.20000000000002,-1.4296298046875004,8.658823529411766,46.94117647058823,47.94117647058823,52.94117647058823,50.44117647058823,47.94117647058823,0.4005398658088235,763,295
2023,8416,Jalen Virgil,WR,17,0.0,-147.20000000000002,-1.4296298046875004,8.658823529411766,46.94117647058823,47.94117647058823,52.94117647058823,50.44117647058823,47.94117647058823,0.4005398658088235,764,296
2023,8921,Maurice Alexander,WR,17,0.0,-147.20000000000002,-1.4296298046875004,8.658823529411766,46.94117647058823,47.94117647058823,52.94117647058823,50.44117647058823,47.94117647058823,0.4005398658088235,765,297
2023,3155,Laquon Treadwell,WR,17,3.1,-146.3,-1.4330438046875003,8.788235294117648,46.64705882352941,47.64705882352941,52.64705882352941,50.14705882352941,47.64705882352941,0.4028021746323529,766,298
2023,11168,Xavier Smith,WR,17,0.0,-147.1,-1.4362630859375005,8.652941176470588,46.88235294117647,47.88235294117647,52.88235294117647,50.38235294117647,47.88235294117647,0.401357,767,299
2023,11276,Joseph Ngata,WR,17,0.0,-147.1,-1.4362630859375005,8.652941176470588,46.88235294117647,47.88235294117647,52.88235294117647,50.38235294117647,47.88235294117647,0.401357,768,300
2023,7541,Cornell Powell,WR,17,0.0,-147.1,-1.4362630859375005,8.652941176470588,46.88235294117647,47.88235294117647,52.88235294117647,50.38235294117647,47.88235294117647,0.401357,769,301
2023,8178,Braylon Sanders,WR,17,0.0,-147.1,-1.4362630859375005,8.652941176470588,46.88235294117647,47.88235294117647,52.88235294117647,50.38235294117647,47.88235294117647,0.401357,770,302
2023,8411,Devon Allen,WR,17,0.0,-147.1,-1.4362630859375005,8.652941176470588,46.88235294117647,47.88235294117647,52.88235294117647,50.38235294117647,47.88235294117647,0.401357,771,303
2023,8475,Montrell Washington,WR,17,0.0,-147.1,-1.4362630859375005,8.652941176470588,46.88235294117647,47.88235294117647,52.88235294117647,50.38235294117647,47.88235294117647,0.401357,772,304
2023,11099,Kearis Jackson,WR,17,0.0,-147.20000000000002,-1.4363010078125005,8.658823529411766,46.705882352941174,47.705882352941174,52.705882352941174,50.205882352941174,47.705882352941174,0.40123108088235293,773,305
2023,11257,Shedrick Jackson,WR,17,0.0,-147.20000000000002,-1.4363010078125005,8.658823529411766,46.705882352941174,47.705882352941174,52.705882352941174,50.205882352941174,47.705882352941174,0.40123108088235293,774,306
2023,11452,Jesse Matthews,WR,17,0.0,-147.20000000000002,-1.4363010078125005,8.658823529411766,46.705882352941174,47.705882352941174,52.705882352941174,50.205882352941174,47.705882352941174,0.40123108088235293,775,307
2023,11456,Tre'Shaun Harrison,WR,17,0.0,-147.20000000000002,-1.4363010078125005,8.658823529411766,46.705882352941174,47.705882352941174,52.705882352941174,50.205882352941174,47.705882352941174,0.40123108088235293,776,308
2023,11505,David Durden,WR,17,0.0,-147.20000000000002,-1.4363010078125005,8.658823529411766,46.705882352941174,47.705882352941174,52.705882352941174,50.205882352941174,47.705882352941174,0.40123108088235293,777,309
2023,11506,Jalen Moreno-Cropper,WR,17,0.0,-147.20000000000002,-1.4363010078125005,8.658823529411766,46.705882352941174,47.705882352941174,52.705882352941174,50.205882352941174,47.705882352941174,0.40123108088235293,778,310
2023,6069,Stanley Morgan,WR,17,0.0,-147.20000000000002,-1.4363010078125005,8.658823529411766,46.705882352941174,47.705882352941174,52.705882352941174,50.205882352941174,47.705882352941174,0.40123108088235293,779,311
2023,8185,Johnny Johnson,WR,17,0.0,-147.20000000000002,-1.4363010078125005,8.658823529411766,46.705882352941174,47.705882352941174,52.705882352941174,50.205882352941174,47.705882352941174,0.40123108088235293,780,312
2023,8570,Derek Wright,WR,17,0.0,-147.20000000000002,-1.4363010078125005,8.658823529411766,46.705882352941174,47.705882352941174,52.705882352941174,50.205882352941174,47.705882352941174,0.40123108088235293,781,313
2023,6037,Brett Rypien,QB,16,6.880000000000001,-174.65,-1.4389859296875,11.345625,24.0,25.0,30.0,27.5,25.0,0.2956304721679687,782,94
2023,11081,Cephus Johnson,WR,17,0.0,-147.5,-1.4466034296875003,8.676470588235293,46.470588235294116,47.470588235294116,52.470588235294116,49.970588235294116,47.470588235294116,0.4011163474264706,783,314
2023,11115,Terrell Bynum,WR,17,0.0,-147.5,-1.4466034296875003,8.676470588235293,46.470588235294116,47.470588235294116,52.470588235294116,49.970588235294116,47.470588235294116,0.4011163474264706,784,315
2023,11421,Ryan Miller,WR,17,0.0,-147.5,-1.4466034296875003,8.676470588235293,46.470588235294116,47.470588235294116,52.470588235294116,49.970588235294116,47.470588235294116,0.4011163474264706,785,316
2023,3342,Jakeem Grant,WR,17,0.0,-147.5,-1.4466034296875003,8.676470588235293,46.470588235294116,47.470588235294116,52.470588235294116,49.970588235294116,47.470588235294116,0.4011163474264706,786,317
2023,5110,Russell Gage,WR,17,0.0,-147.5,-1.4466034296875003,8.676470588235293,46.470588235294116,47.470588235294116,52.470588235294116,49.970588235294116,47.470588235294116,0.4011163474264706,787,318
2023,7337,Easop Winston,WR,17,0.0,-147.5,-1.4466034296875003,8.676470588235293,46.470588235294116,47.470588235294116,52.470588235294116,49.970588235294116,47.470588235294116,0.4011163474264706,788,319
2023,7579,Austin Watkins,WR,17,0.0,-147.5,-1.4466034296875003,8.676470588235293,46.470588235294116,47.470588235294116,52.470588235294116,49.970588235294116,47.470588235294116,0.4011163474264706,789,320
2023,7713,Jaelon Darden,WR,17,0.0,-147.5,-1.4466034296875003,8.676470588235293,46.470588235294116,47.470588235294116,52.470588235294116,49.970588235294116,47.470588235294116,0.4011163474264706,790,321
2023,7956,Cade Johnson,WR,17,0.0,-147.5,-1.4466034296875003,8.676470588235293,46.470588235294116,47.470588235294116,52.470588235294116,49.970588235294116,47.470588235294116,0.4011163474264706,791,322
2023,8202,Michael Woods,WR,17,0.0,-147.5,-1.4466034296875003,8.676470588235293,46.470588235294116,47.470588235294116,52.470588235294116,49.970588235294116,47.470588235294116,0.4011163474264706,792,323
2023,11073,Thayer Thomas,WR,17,0.0,-149.4,-1.4613017265625003,8.788235294117648,46.64705882352941,47.64705882352941,52.64705882352941,50.14705882352941,47.64705882352941,0.4028021746323529,793,324
2023,11080,Malik Knowles,WR,17,0.0,-149.4,-1.4613017265625003,8.788235294117648,46.64705882352941,47.64705882352941,52.64705882352941,50.14705882352941,47.64705882352941,0.4028021746323529,794,325
2023,11377,Tyrell Shavers,WR,17,0.0,-149.4,-1.4613017265625003,8.788235294117648,46.64705882352941,47.64705882352941,52.64705882352941,50.14705882352941,47.64705882352941,0.4028021746323529,795,326
2023,11387,Sean Ryan,WR,17,0.0,-149.4,-1.4613017265625003,8.788235294117648,46.64705882352941,47.64705882352941,52.64705882352941,50.14705882352941,47.64705882352941,0.4028021746323529,796,327
2023,11495,Bryan Thompson,WR,17,0.0,-149.4,-1.4613017265625003,8.788235294117648,46.64705882352941,47.64705882352941,52.64705882352941,50.14705882352941,47.64705882352941,0.4028021746323529,797,328
2023,5915,Andy Isabella,WR,17,0.0,-149.4,-1.4613017265625003,8.788235294117648,46.64705882352941,47.64705882352941,52.64705882352941,50.14705882352941,47.64705882352941,0.4028021746323529,798,329
2023,6387,Nsimba Webster,WR,17,0.0,-149.4,-1.4613017265625003,8.788235294117648,46.64705882352941,47.64705882352941,52.64705882352941,50.14705882352941,47.64705882352941,0.4028021746323529,799,330
2023,9489,Justin Shorter,WR,17,0.0,-149.4,-1.4613017265625003,8.788235294117648,46.64705882352941,47.64705882352941,52.64705882352941,50.14705882352941,47.64705882352941,0.4028021746323529,800,331
2023,9499,Bryce Ford-Wheaton,WR,17,0.0,-149.4,-1.4613017265625003,8.788235294117648,46.64705882352941,47.64705882352941,52.64705882352941,50.14705882352941,47.64705882352941,0.4028021746323529,801,332
2023,2306,Jameis Winston,QB,17,20.459999999999997,-178.38,-1.4748594375,11.696470588235295,24.0,25.0,30.0,27.5,25.0,0.2990022265625,802,95
2023,7585,Davis Mills,QB,17,23.72,-180.45000000000002,-1.47639071875,12.010000000000002,24.0,25.0,30.0,27.5,25.0,0.2993859871323529,803,96
2023,10857,Stetson Bennett,QB,16,0.0,-181.75,-1.4777327734375,11.359375,24.0,25.0,30.0,27.5,25.0,0.29276376806640625,804,97
2023,4218,Trent Taylor,WR,17,-2.0,-151.4,-1.4790336562500004,8.788235294117648,46.64705882352941,47.64705882352941,52.64705882352941,50.14705882352941,47.64705882352941,0.4028021746323529,805,333
2023,10233,Max Duggan,QB,16,0.0,-179.49,-1.4917502734375,11.218125,24.0,25.0,30.0,27.5,25.0,0.2929895166015625,806,98
2023,862,Blaine Gabbert,QB,17,11.8,-183.03,-1.5109088359375,11.460588235294118,24.0,25.0,30.0,27.5,25.0,0.29399958823529415,807,99
2023,5089,Mike White,QB,17,6.66,-188.17000000000002,-1.5630648359375001,11.460588235294118,24.0,25.0,30.0,27.5,25.0,0.29399958823529415,808,100
2023,4574,Cooper Rush,QB,17,14.66,-189.51,-1.574703828125,12.010000000000002,24.0,25.0,30.0,27.5,25.0,0.2993859871323529,809,101
2023,10217,Clayton Tune,QB,17,6.08,-191.52,-1.578157859375,11.623529411764705,24.0,25.0,30.0,27.5,25.0,0.2980589535845588,810,102
2023,10983,Sean Clifford,QB,17,2.88,-193.20000000000002,-1.578787140625,11.534117647058824,24.0,25.0,30.0,27.5,25.0,0.29521915762867645,811,103
2023,5124,Alex McGough,QB,17,0.0,-196.08,-1.6005350078125,11.534117647058824,24.0,25.0,30.0,27.5,25.0,0.29521915762867645,812,104
2023,8413,Chris Oladokun,QB,17,0.0,-194.83,-1.606416796875,11.460588235294118,24.0,25.0,30.0,27.5,25.0,0.29399958823529415,813,105
2023,6822,Jake Fromm,QB,17,0.0,-197.6,-1.625880171875,11.623529411764705,24.0,25.0,30.0,27.5,25.0,0.2980589535845588,814,106
2023,7605,Kyle Trask,QB,17,-0.4,-196.4,-1.6291906484375,11.529411764705882,24.0,25.0,30.0,27.5,25.0,0.29438970404411763,815,107
2023,5127,Kyle Allen,QB,17,1.3,-197.76,-1.6366456640625,11.709411764705882,24.0,25.0,30.0,27.5,25.0,0.29428976240808824,816,108
2023,2152,Teddy Bridgewater,QB,17,0.2,-198.91,-1.6380854296875,11.712352941176471,24.0,25.0,30.0,27.5,25.0,0.29665477573529414,817,109
2023,3343,Nate Sudfeld,QB,17,0.0,-199.11,-1.6393989687500001,11.712352941176471,24.0,25.0,30.0,27.5,25.0,0.29665477573529414,818,110
2023,6450,David Blough,QB,17,0.0,-199.11,-1.6393989687500001,11.712352941176471,24.0,25.0,30.0,27.5,25.0,0.29665477573529414,819,111
2023,8002,Shane Buechele,QB,17,0.0,-199.06,-1.6455579921874999,11.709411764705882,24.0,25.0,30.0,27.5,25.0,0.29428976240808824,820,112
2024,4881,Lamar Jackson,QB,17,723.18,525.65,5.204323296875,11.619411764705882,24.0,25.0,30.0,27.5,25.0,0.28450298529411766,1,1
2024,6770,Joe Burrow,QB,17,697.2199999999999,496.75,4.80204865625,11.792352941176471,24.0,25.0,30.0,27.5,25.0,0.2847308704044118,2,2
2024,4892,Baker Mayfield,QB,17,659.8000000000001,467.32,4.6520188515625005,11.32235294117647,24.0,25.0,30.0,27.5,25.0,0.2836226190257353,3,3
2024,3163,Jared Goff,QB,17,630.96,434.02,4.106384453125,11.58470588235294,24.0,25.0,30.0,27.5,25.0,0.2869385528492647,4,4
2024,4984,Josh Allen,QB,17,618.44,417.97,4.027283828124999,11.792352941176471,24.0,25.0,30.0,27.5,25.0,0.2847308704044118,5,5
2024,11566,Jayden Daniels,QB,17,595.4200000000001,397.89,3.9559525312499995,11.619411764705882,24.0,25.0,30.0,27.5,25.0,0.28450298529411766,6,6
2024,11563,Bo Nix,QB,17,564.1,366.57,3.5345276484375,11.619411764705882,24.0,25.0,30.0,27.5,25.0,0.28450298529411766,7,7
2024,4866,Saquon Barkley,RB,16,490.8,362.55,3.4939582109375005,8.015625,36.625,37.625,42.625,40.125,37.625,0.3753677646484375,8,1
2024,6904,Jalen Hurts,QB,15,511.12,343.97,3.4396833749999995,11.143333333333334,24.0,25.0,30.0,27.5,25.0,0.2869388677083334,9,8
2024,4943,Sam Darnold,QB,17,547.86,353.99,3.4165632109375004,11.404117647058824,24.0,25.0,30.0,27.5,25.0,0.28566700735294115,10,9
2024,5849,Kyler Murray,QB,17,531.34,338.86,3.3538746875000003,11.32235294117647,24.0,25.0,30.0,27.5,25.0,0.2836226190257353,11,10
2024,4046,Patrick Mahomes,QB,16,526.12,346.65999999999997,3.34444378125,11.21625,24.0,25.0,30.0,27.5,25.0,0.2856674208984375,12,11
2024,3198,Derrick Henry,RB,17,461.4,322.6,3.2591572812499994,8.164705882352942,36.76470588235294,37.76470588235294,42.76470588235294,40.26470588235294,37.76470588235294,0.37791430055147057,13,2
2024,9221,Jahmyr Gibbs,RB,17,462.90000000000003,326.95,3.21400146875,7.997058823529413,36.588235294117645,37.588235294117645,42.588235294117645,40.088235294117645,37.588235294117645,0.37515783777573525,14,3
2024,9509,Bijan Robinson,RB,17,451.0,312.4,3.1583493671875,8.152941176470588,36.94117647058823,37.94117647058823,42.94117647058823,40.44117647058823,37.94117647058823,0.3768635174632353,15,4
2024,8183,Brock Purdy,QB,15,473.56,297.82,2.9521673749999997,11.716000000000001,24.0,25.0,30.0,27.5,25.0,0.28502127552083334,16,12
2024,11604,Brock Bowers,TE,17,438.7,297.79,2.9376307421875003,8.288823529411765,24.176470588235293,25.176470588235293,30.176470588235293,27.676470588235293,25.176470588235293,0.3956265243566176,17,1
2024,1373,Geno Smith,QB,17,497.09999999999997,296.41999999999996,2.9177581484374997,11.804705882352941,24.0,25.0,30.0,27.5,25.0,0.28654468704044117,18,13
2024,8130,Trey McBride,TE,16,425.0,292.59000000000003,2.9068027109375,8.275625,24.375,25.375,30.375,27.875,25.375,0.39570870849609374,19,2
2024,7564,Ja'Marr Chase,WR,17,458.6,306.85,2.8716679531250002,8.926470588235293,46.8235294117647,47.8235294117647,52.8235294117647,50.3235294117647,47.8235294117647,0.4036159751838235,20,1
2024,6797,Justin Herbert,QB,17,485.7,288.76,2.776770140625,11.58470588235294,24.0,25.0,30.0,27.5,25.0,0.2869385528492647,21,14
2024,5850,Josh Jacobs,RB,17,393.3,255.8,2.5487736328125,8.088235294117647,36.64705882352941,37.64705882352941,42.64705882352941,40.14705882352941,37.64705882352941,0.3767118814338235,22,5
2024,8150,Kyren Williams,RB,16,376.8,247.35000000000002,2.4941611171875,8.090625000000001,36.875,37.875,42.875,40.375,37.875,0.3793607353515625,23,6
2024,4217,George Kittle,TE,15,362.6,238.59,2.403332578125,8.267333333333333,24.333333333333332,25.333333333333332,30.333333333333332,27.833333333333332,25.333333333333332,0.39572764687499995,24,3
2024,6813,Jonathan Taylor,RB,14,355.3,240.4,2.3895667265625,8.207142857142857,36.785714285714285,37.785714285714285,42.785714285714285,40.285714285714285,37.785714285714285,0.3790177142857143,25,7
2024,9226,De'Von Achane,RB,17,375.0,237.85000000000002,2.3855302343750004,8.06764705882353,36.8235294117647,37.8235294117647,42.8235294117647,40.3235294117647,37.8235294117647,0.3789159278492647,26,8
2024,4035,Alvin Kamara,RB,14,347.9,234.29999999999998,2.377146015625,8.114285714285716,37.357142857142854,38.357142857142854,43.357142857142854,40.857142857142854,38.357142857142854,0.37694898270089283,27,9
2024,6804,Jordan Love,QB,15,407.36,236.51999999999998,2.3468249375,11.389333333333333,24.0,25.0,30.0,27.5,25.0,0.28051632864583337,28,15
2024,96,Aaron Rodgers,QB,17,442.48,242.01,2.3407021171875,11.792352941176471,24.0,25.0,30.0,27.5,25.0,0.2847308704044118,29,16
2024,4018,Joe Mixon,RB,14,325.0,213.25,2.1897352265625,7.982142857142857,36.285714285714285,37.285714285714285,42.285714285714285,39.785714285714285,37.285714285714285,0.37488597265625,30,10
2024,421,Matthew Stafford,QB,16,407.08,227.62,2.1847886171875,11.21625,24.0,25.0,30.0,27.5,25.0,0.2856674208984375,31,17
2024,4144,Jonnu Smith,TE,17,362.7,222.14,2.144503304687501,8.268235294117646,24.176470588235293,25.176470588235293,30.176470588235293,27.676470588235293,25.176470588235293,0.39618247288602937,32,4
2024,4137,James Conner,RB,17,347.0,209.89999999999998,2.142913328125,8.064705882352943,36.88235294117647,37.88235294117647,42.88235294117647,40.38235294117647,37.88235294117647,0.37652739292279414,33,11
2024,8138,James Cook,RB,16,343.1,212.15,2.138048125,8.184375000000001,37.125,38.125,43.125,40.625,38.125,0.3785902373046875,34,12
2024,11560,Caleb Williams,QB,17,412.74,218.82999999999998,2.12473678125,11.406470588235294,24.0,25.0,30.0,27.5,25.0,0.2827797959558824,35,18
2024,1466,Travis Kelce,TE,16,337.6,206.59,2.1071288750000003,8.188125,24.0,25.0,30.0,27.5,25.0,0.3957384916992187,36,5
2024,6794,Justin Jefferson,WR,17,357.68,207.13,2.0681483828125,8.855882352941178,47.0,48.0,53.0,50.5,48.0,0.40431141176470586,37,2
2024,6768,Tua Tagovailoa,QB,15,373.97999999999996,209.89999999999998,2.0656819531249995,10.938666666666668,24.0,25.0,30.0,27.5,25.0,0.2854977828125,38,19
2024,9224,Chase Brown,RB,16,333.3,202.4,2.0029584062500003,8.18125,37.0,38.0,43.0,40.5,38.0,0.37718004931640625,39,13
2024,7547,Amon-Ra St. Brown,WR,17,356.58,206.28,1.98659428125,8.841176470588236,47.11764705882353,48.11764705882353,53.11764705882353,50.61764705882353,48.11764705882353,0.40546238143382357,40,3
2024,9758,C.J. Stroud,QB,17,389.28000000000003,191.75,1.9485221640624997,11.619411764705882,24.0,25.0,30.0,27.5,25.0,0.28450298529411766,41,20
2024,7594,Chuba Hubbard,RB,17,326.1,189.0,1.9138905390625,8.064705882352943,36.88235294117647,37.88235294117647,42.88235294117647,40.38235294117647,37.88235294117647,0.37652739292279414,42,14
2024,4199,Aaron Jones,RB,17,326.6,189.45000000000002,1.8988476953125,8.06764705882353,36.8235294117647,37.8235294117647,42.8235294117647,40.3235294117647,37.8235294117647,0.3789159278492647,43,15
2024,11584,Bucky Irving,RB,17,322.8,185.7,1.8805851718750002,8.064705882352943,36.88235294117647,37.88235294117647,42.88235294117647,40.38235294117647,37.88235294117647,0.37652739292279414,44,16
2024,5892,David Montgomery,RB,14,290.22,179.27,1.8137337734375003,7.925,36.92857142857143,37.92857142857143,42.92857142857143,40.42857142857143,37.92857142857143,0.3748778002232143,45,17
2024,8155,Breece Hall,RB,16,310.2,177.6,1.7847039999999998,8.2875,37.0625,38.0625,43.0625,40.5625,38.0625,0.37752600830078126,46,18
2024,11632,Malik Nabers,WR,15,306.6,172.4,1.7024022968749999,8.946666666666667,46.8,47.8,52.8,50.3,47.8,0.4053861385416667,47,4
2024,11631,Brian Thomas,WR,17,323.2,171.45000000000002,1.6982144296875004,8.926470588235293,46.8235294117647,47.8235294117647,52.8235294117647,50.3235294117647,47.8235294117647,0.4036159751838235,48,5
2024,2028,Derek Carr,QB,10,279.3,170.29,1.6708724609374999,10.901,24.0,25.0,30.0,27.5,25.0,0.2866827765625,49,21
2024,5967,Tony Pollard,RB,16,285.20000000000005,157.45000000000002,1.6235202421875,7.984375,36.8125,37.8125,42.8125,40.3125,37.8125,0.3739146953125,50,19
2024,6790,D'Andre Swift,RB,17,294.6,157.20000000000002,1.61680103125,8.08235294117647,36.588235294117645,37.588235294117645,42.588235294117645,40.088235294117645,37.588235294117645,0.3785218350183823,51,20
2024,8112,Drake London,WR,17,313.0,161.25,1.5935591484375,8.926470588235293,46.8235294117647,47.8235294117647,52.8235294117647,50.3235294117647,47.8235294117647,0.4036159751838235,52,6
2024,1166,Kirk Cousins,QB,17,348.92,148.45,1.587856984375,11.792352941176471,24.0,25.0,30.0,27.5,25.0,0.2847308704044118,53,22
2024,6786,CeeDee Lamb,WR,17,303.2,153.15,1.5729001875000002,8.826470588235296,47.411764705882355,48.411764705882355,53.411764705882355,50.911764705882355,48.411764705882355,0.4032060799632353,54,7
2024,7528,Najee Harris,RB,17,288.7,152.0,1.5661944687499998,8.041176470588237,36.588235294117645,37.588235294117645,42.588235294117645,40.088235294117645,37.588235294117645,0.37778267003676475,55,21
2024,5927,Terry McLaurin,WR,17,301.7,150.75,1.5659964609375,8.879411764705884,47.11764705882353,48.11764705882353,53.11764705882353,50.61764705882353,48.11764705882353,0.4047417444852941,56,8
2024,7021,Rico Dowdle,RB,16,279.3,151.70000000000002,1.5042621406249996,7.9750000000000005,36.5625,37.5625,42.5625,40.0625,37.5625,0.3788627412109375,57,22
2024,1234,Russell Wilson,QB,12,281.38,150.30999999999997,1.4711619999999999,10.9225,24.0,25.0,30.0,27.5,25.0,0.27714915104166665,58,23
2024,2216,Mike Evans,WR,14,266.4,143.2,1.4263982734374998,8.8,47.357142857142854,48.357142857142854,53.357142857142854,50.857142857142854,48.357142857142854,0.4036640379464286,59,9
2024,5859,A.J. Brown,WR,13,251.9,139.1,1.4080619062500004,8.676923076923078,47.30769230769231,48.30769230769231,53.30769230769231,50.80769230769231,48.30769230769231,0.40655974519230764,60,10
2024,10859,Sam LaPorta,TE,16,270.6,138.44,1.3870380000000002,8.26,24.25,25.25,30.25,27.75,25.25,0.3975866665039062,61,6
2024,5012,Mark Andrews,TE,17,276.6,134.54,1.3842524765625002,8.356470588235295,24.11764705882353,25.11764705882353,30.11764705882353,27.61764705882353,25.11764705882353,0.3947116842830882,62,7
2024,2133,Davante Adams,WR,14,269.8,143.6,1.3696470625,9.014285714285714,46.57142857142857,47.57142857142857,52.57142857142857,50.07142857142857,47.57142857142857,0.4060910089285715,63,11
2024,4033,David Njoku,TE,12,230.5,131.49,1.3467812734375004,8.250833333333334,25.083333333333332,26.083333333333332,31.083333333333332,28.583333333333332,26.083333333333332,0.393142810546875,64,8
2024,8146,Garrett Wilson,WR,17,284.3,132.55,1.3424384140624999,8.926470588235293,46.8235294117647,47.8235294117647,52.8235294117647,50.3235294117647,47.8235294117647,0.4036159751838235,65,12
2024,8151,Kenneth Walker,RB,13,232.3,124.95,1.331187625,8.257692307692308,36.07692307692308,37.07692307692308,42.07692307692308,39.57692307692308,37.07692307692308,0.3756590216346154,66,23
2024,1339,Zach Ertz,TE,17,274.4,132.34,1.3292880937500005,8.356470588235295,24.11764705882353,25.11764705882353,30.11764705882353,27.61764705882353,25.11764705882353,0.3947116842830882,67,9
2024,6801,Tee Higgins,WR,12,245.10000000000002,137.55,1.3262423281250002,8.9625,47.166666666666664,48.166666666666664,53.166666666666664,50.666666666666664,48.166666666666664,0.4033476796875,68,13
2024,9488,Jaxon Smith-Njigba,WR,17,286.0,135.25,1.32428928125,8.867647058823529,47.1764705882353,48.1764705882353,53.1764705882353,50.6764705882353,48.1764705882353,0.40344594255514704,69,14
2024,11635,Ladd McConkey,WR,16,273.40000000000003,130.6,1.3192222578125,8.925,47.125,48.125,53.125,50.625,48.125,0.40611929980468753,70,15
2024,6806,J.K. Dobbins,RB,17,258.8,122.85000000000001,1.2999751249999998,7.997058823529413,36.588235294117645,37.588235294117645,42.588235294117645,40.088235294117645,37.588235294117645,0.37515783777573525,71,24
2024,8136,Rachaad White,RB,16,251.4,121.94999999999999,1.236585984375,8.090625000000001,37.0625,38.0625,43.0625,40.5625,38.0625,0.37823310498046875,72,25
2024,6783,Jerry Jeudy,WR,17,278.4,127.64999999999999,1.2282342109375,8.867647058823529,47.1764705882353,48.1764705882353,53.1764705882353,50.6764705882353,48.1764705882353,0.40344594255514704,73,16
2024,5045,Courtland Sutton,WR,17,272.3,121.35,1.2231406171875001,8.879411764705884,47.11764705882353,48.11764705882353,53.11764705882353,50.61764705882353,48.11764705882353,0.4047417444852941,74,17
2024,3214,Hunter Henry,TE,16,250.4,117.89,1.2199998125000002,8.281875,23.9375,24.9375,29.9375,27.4375,24.9375,0.3941757788085937,75,10
2024,8111,Cade Otton,TE,14,228.8,114.89,1.2125968203125004,8.13642857142857,24.285714285714285,25.285714285714285,30.285714285714285,27.785714285714285,25.285714285714285,0.3973114821428571,76,11
2024,7600,Pat Freiermuth,TE,17,258.3,118.24,1.1817750468750001,8.238823529411764,24.11764705882353,25.11764705882353,30.11764705882353,27.61764705882353,25.11764705882353,0.39585368795955883,77,12
2024,11655,Tyrone Tracy,RB,17,249.70000000000002,112.6,1.1639189453125003,8.064705882352943,36.88235294117647,37.88235294117647,42.88235294117647,40.38235294117647,37.88235294117647,0.37652739292279414,78,26
2024,9228,Bryce Young,QB,17,308.12,115.64000000000001,1.1531617656249997,11.32235294117647,24.0,25.0,30.0,27.5,25.0,0.2836226190257353,79,24
2024,7611,Rhamondre Stevenson,RB,16,238.3,107.15,1.1417197656249998,8.196875,36.9375,37.9375,42.9375,40.4375,37.9375,0.3797066943359375,80,27
2024,8154,Brian Robinson,RB,14,224.7,108.94999999999999,1.1297574531249999,8.267857142857142,36.857142857142854,37.857142857142854,42.857142857142854,40.357142857142854,37.857142857142854,0.3800072098214286,81,28
2024,11564,Drake Maye,QB,17,301.44,103.91,1.1098114296875,11.619411764705882,24.0,25.0,30.0,27.5,25.0,0.28450298529411766,82,25
2024,7525,DeVonta Smith,WR,13,224.60000000000002,111.6,1.1084773984375,8.692307692307692,47.23076923076923,48.23076923076923,53.23076923076923,50.73076923076923,48.23076923076923,0.40520257992788467,83,18
2024,4983,DJ Moore,WR,17,263.4,113.35,1.1027855937499997,8.826470588235296,47.411764705882355,48.411764705882355,53.411764705882355,50.911764705882355,48.411764705882355,0.4032060799632353,84,19
2024,5947,Jakobi Meyers,WR,15,245.9,111.44999999999999,1.1000795234374996,8.963333333333335,47.4,48.4,53.4,50.9,48.4,0.40235037968750004,85,20
2024,9484,Tucker Kraft,TE,17,243.9,102.99,1.0816345625000003,8.288823529411765,24.176470588235293,25.176470588235293,30.176470588235293,27.676470588235293,25.176470588235293,0.3956265243566176,86,13
2024,4993,Mike Gesicki,TE,17,245.5,104.49000000000001,1.0504095078125004,8.294705882352941,24.235294117647058,25.235294117647058,30.235294117647058,27.735294117647058,25.235294117647058,0.39611303033088235,87,14
2024,4098,Kareem Hunt,RB,15,219.9,97.05,1.0113909921875,8.190000000000001,36.4,37.4,42.4,39.9,37.4,0.3809020171875,88,29
2024,7569,Nico Collins,WR,16,241.10000000000002,97.85,1.0113291171875,8.953125,47.1875,48.1875,53.1875,50.6875,48.1875,0.40397683349609376,89,21
2024,3321,Tyreek Hill,WR,17,250.8,100.25,0.9955574218749995,8.855882352941178,47.0,48.0,53.0,50.5,48.0,0.40431141176470586,90,22
2024,8148,Jameson Williams,WR,17,250.4,100.1,0.9920408125000002,8.841176470588236,47.11764705882353,48.11764705882353,53.11764705882353,50.61764705882353,48.11764705882353,0.40546238143382357,91,23
2024,9756,Jordan Addison,WR,15,238.1,105.14999999999999,0.981895140625,8.863333333333335,47.06666666666667,48.06666666666667,53.06666666666667,50.56666666666667,48.06666666666667,0.40486467864583336,92,24
2024,9997,Zay Flowers,WR,17,244.8,93.85000000000001,0.9812860000000002,8.879411764705884,47.11764705882353,48.11764705882353,53.11764705882353,50.61764705882353,48.11764705882353,0.4047417444852941,93,25
2024,7049,Jauan Jennings,WR,15,233.0,102.3,0.9550412812499998,8.713333333333335,47.8,48.8,53.8,51.3,48.8,0.40380132864583335,94,26
2024,9493,Puka Nacua,WR,16,237.3,97.14999999999999,0.9094578828124998,8.759375,47.125,48.125,53.125,50.625,48.125,0.4035789545898438,95,27
2024,9753,Zach Charbonnet,RB,17,232.4,94.9,0.8994247578124999,8.088235294117647,36.64705882352941,37.64705882352941,42.64705882352941,40.14705882352941,37.64705882352941,0.3767118814338235,96,30
2024,4039,Cooper Kupp,WR,12,192.9,88.1,0.8843126874999998,8.733333333333334,47.416666666666664,48.416666666666664,53.416666666666664,50.916666666666664,48.416666666666664,0.40479557421874995,97,28
2024,9500,Josh Downs,WR,14,205.2,82.1,0.8758804218749998,8.792857142857143,47.42857142857143,48.42857142857143,53.42857142857143,50.92857142857143,48.42857142857143,0.40499262723214285,98,29
2024,5846,DK Metcalf,WR,15,215.2,83.79999999999998,0.8420178437499998,8.76,47.53333333333333,48.53333333333333,53.53333333333333,51.03333333333333,48.53333333333333,0.4040731729166666,99,30
2024,10222,Jayden Reed,WR,17,225.5,74.74999999999999,0.8220016796874998,8.867647058823529,47.1764705882353,48.1764705882353,53.1764705882353,50.6764705882353,48.1764705882353,0.40344594255514704,100,31
2024,9229,Anthony Richardson,QB,13,235.06,82.21000000000001,0.8080034843749999,11.757692307692308,24.0,25.0,30.0,27.5,25.0,0.2927173076923077,101,26
2024,7090,Darnell Mooney,WR,16,219.20000000000002,77.85000000000001,0.80154621875,8.834375,46.9375,47.9375,52.9375,50.4375,47.9375,0.40284005322265626,102,32
2024,2306,Jameis Winston,QB,14,228.14,73.63999999999999,0.7975188281249999,11.035714285714286,24.0,25.0,30.0,27.5,25.0,0.2843598270089286,103,27
2024,4981,Calvin Ridley,WR,17,226.8,76.5,0.7784686953124997,8.841176470588236,47.11764705882353,48.11764705882353,53.11764705882353,50.61764705882353,48.11764705882353,0.40546238143382357,104,33
2024,7523,Trevor Lawrence,QB,15,240.4,52.46999999999999,0.7527392578125001,12.528666666666668,24.0,25.0,30.0,27.5,25.0,0.2894414072916666,105,28
2024,1479,Keenan Allen,WR,15,205.9,73.45,0.7314032031250002,8.830000000000002,47.53333333333333,48.53333333333333,53.53333333333333,51.03333333333333,48.53333333333333,0.4036119692708333,106,34
2024,11628,Marvin Harrison,WR,17,219.0,68.74999999999999,0.7164955390624999,8.838235294117647,46.94117647058823,47.94117647058823,52.94117647058823,50.44117647058823,47.94117647058823,0.40386825183823527,107,35
2024,7588,Javonte Williams,RB,17,205.70000000000002,66.89999999999999,0.6876932734374999,8.164705882352942,36.76470588235294,37.76470588235294,42.76470588235294,40.26470588235294,37.76470588235294,0.37791430055147057,108,31
2024,5870,Daniel Jones,QB,16,240.20000000000002,50.099999999999994,0.68592421875,11.88125,24.0,25.0,30.0,27.5,25.0,0.2853865859375,109,29
2024,8110,Jake Ferguson,TE,14,181.4,65.49,0.6852668203125004,8.279285714285715,23.714285714285715,24.714285714285715,29.714285714285715,27.214285714285715,24.714285714285715,0.39860272544642855,110,15
2024,5987,Alexander Mattison,RB,14,180.3,65.2,0.6811391718750001,8.221428571428572,37.142857142857146,38.142857142857146,43.142857142857146,40.642857142857146,38.142857142857146,0.3759134955357143,111,32
2024,8137,George Pickens,WR,14,187.8,64.05,0.6768791093749998,8.839285714285714,47.285714285714285,48.285714285714285,53.285714285714285,50.785714285714285,48.285714285714285,0.404562984375,112,36
2024,7553,Kyle Pitts,TE,17,199.20000000000002,58.19,0.6349156328125003,8.294705882352941,24.235294117647058,25.235294117647058,30.235294117647058,27.735294117647058,25.235294117647058,0.39611303033088235,113,16
2024,8134,Khalil Shakir,WR,16,204.4,60.8,0.6082080234374998,8.975,46.8125,47.8125,52.8125,50.3125,47.8125,0.404923169921875,114,37
2024,5010,Will Dissly,TE,15,182.1,59.940000000000005,0.5950369765625003,8.144,24.4,25.4,30.4,27.9,25.4,0.3944645817708333,115,17
2024,11624,Xavier Worthy,WR,17,209.7,59.15,0.5934226640625,8.855882352941178,47.0,48.0,53.0,50.5,48.0,0.40431141176470586,116,38
2024,5133,Tyler Conklin,TE,16,193.1,60.03999999999999,0.5911126796875001,8.31625,24.1875,25.1875,30.1875,27.6875,25.1875,0.39507382421875,117,18
2024,9754,Quentin Johnston,WR,15,192.3,61.300000000000004,0.5828753671875002,8.733333333333333,47.6,48.6,53.6,51.1,48.6,0.40480748489583335,118,39
2024,7543,Travis Etienne,RB,15,181.2,59.8,0.5825276328124999,8.093333333333334,36.86666666666667,37.86666666666667,42.86666666666667,40.36666666666667,37.86666666666667,0.37851179218750003,119,33
2024,5857,Noah Fant,TE,14,176.0,57.489999999999995,0.5755460546875001,8.465,24.0,25.0,30.0,27.5,25.0,0.3966305837053571,120,19
2024,8131,Isaiah Likely,TE,16,189.70000000000002,54.940000000000005,0.5753306171875001,8.4225,24.0625,25.0625,30.0625,27.5625,25.0625,0.39426843798828126,121,20
2024,5872,Deebo Samuel,WR,15,182.5,52.2,0.5715496874999999,8.686666666666667,47.4,48.4,53.4,50.9,48.4,0.40380060833333337,122,40
2024,5022,Dallas Goedert,TE,14,166.6,53.949999999999996,0.5647199687500002,8.046428571428573,23.785714285714285,24.785714285714285,29.785714285714285,27.285714285714285,24.785714285714285,0.40022607310267855,123,21
2024,5001,Dalton Schultz,TE,17,195.2,53.14,0.5620872265625001,8.356470588235295,24.11764705882353,25.11764705882353,30.11764705882353,27.61764705882353,25.11764705882353,0.3947116842830882,124,22
2024,9225,Tank Bigsby,RB,16,185.10000000000002,54.2,0.5608465703125001,8.18125,37.1875,38.1875,43.1875,40.6875,38.1875,0.3760524189453125,125,34
2024,8143,Jerome Ford,RB,15,174.8,54.49999999999999,0.55940146875,8.020000000000001,36.53333333333333,37.53333333333333,42.53333333333333,40.03333333333333,37.53333333333333,0.3783399380208333,126,35
2024,7002,Juwan Johnson,TE,17,196.8,55.79,0.5451203750000002,8.294705882352941,24.235294117647058,25.235294117647058,30.235294117647058,27.735294117647058,25.235294117647058,0.39611303033088235,127,23
2024,7591,Justin Fields,QB,14,183.04,36.9,0.5352535468749999,10.438571428571427,24.0,25.0,30.0,27.5,25.0,0.2827313900669643,128,30
2024,6826,Cole Kmet,TE,17,188.4,48.69,0.5079003125000002,8.218235294117648,24.0,25.0,30.0,27.5,25.0,0.39658098575367645,129,24
2024,10236,Dalton Kincaid,TE,14,165.8,46.99,0.5057195546875002,8.486428571428572,23.642857142857142,24.642857142857142,29.642857142857142,27.142857142857142,24.642857142857142,0.3977183794642857,130,25
2024,8126,Wan'Dale Robinson,WR,17,200.3,50.05,0.4991725859374998,8.838235294117647,46.94117647058823,47.94117647058823,52.94117647058823,50.44117647058823,47.94117647058823,0.40386825183823527,131,41
2024,4381,Taysom Hill,TE,13,158.14000000000001,51.28,0.49618690625,8.22,24.307692307692307,25.307692307692307,30.307692307692307,27.807692307692307,25.307692307692307,0.3968477782451923,132,26
2024,8228,Jaylen Warren,RB,15,169.6,51.050000000000004,0.4952374921875,7.903333333333334,36.333333333333336,37.333333333333336,42.333333333333336,39.833333333333336,37.333333333333336,0.37612961979166665,133,36
2024,8142,Alec Pierce,WR,16,188.9,47.85,0.48473114062500017,8.815625,46.9375,47.9375,52.9375,50.4375,47.9375,0.40359783984375,134,42
2024,4066,Evan Engram,TE,14,153.5,39.24000000000001,0.4718986953125002,8.161428571428571,24.857142857142858,25.857142857142858,30.857142857142858,28.357142857142858,25.857142857142858,0.39444171930803573,135,27
2024,9508,Tyjae Spears,RB,12,142.9,46.150000000000006,0.44522042187499994,8.0625,36.75,37.75,42.75,40.25,37.75,0.377021080078125,136,37
2024,8210,Chig Okonkwo,TE,17,186.8,47.589999999999996,0.4435176250000002,8.188823529411765,24.294117647058822,25.294117647058822,30.294117647058822,27.794117647058822,25.294117647058822,0.3966314434742647,137,28
2024,7571,Rashod Bateman,WR,17,195.60000000000002,44.650000000000006,0.4411528984374996,8.879411764705884,47.11764705882353,48.11764705882353,53.11764705882353,50.61764705882353,48.11764705882353,0.4047417444852941,138,43
2024,3294,Dak Prescott,QB,16,211.12,19.379999999999995,0.4389875703125,11.98375,24.0,25.0,30.0,27.5,25.0,0.2864182666015625,139,31
2024,8408,Jordan Mason,RB,17,168.10000000000002,31.40000000000001,0.43096407812499976,8.041176470588237,36.588235294117645,37.588235294117645,42.588235294117645,40.088235294117645,37.588235294117645,0.37778267003676475,140,38
2024,9999,Will Levis,QB,14,197.94,34.88,0.4094768046875,11.647142857142857,24.0,25.0,30.0,27.5,25.0,0.2897403722098214,141,32
2024,6819,Michael Pittman,WR,16,183.8,40.54999999999999,0.39155408593749996,8.953125,47.1875,48.1875,53.1875,50.6875,48.1875,0.40397683349609376,142,44
2024,4663,Austin Ekeler,RB,16,163.20000000000002,33.7,0.36906585156249977,8.09375,36.625,37.625,42.625,40.125,37.625,0.3785815966796875,143,39
2024,3202,Austin Hooper,TE,17,175.6,33.54,0.34186900781250024,8.356470588235295,24.11764705882353,25.11764705882353,30.11764705882353,27.61764705882353,25.11764705882353,0.3947116842830882,144,29
2024,7828,Noah Gray,TE,17,173.5,32.94,0.3357194140625005,8.268235294117646,24.176470588235293,25.176470588235293,30.176470588235293,27.676470588235293,25.176470588235293,0.39618247288602937,145,30
2024,7526,Jaylen Waddle,WR,16,171.9,31.24999999999999,0.32441760156250016,8.790625,46.8125,47.8125,52.8125,50.3125,47.8125,0.403140611328125,146,45
2024,5995,Justice Hill,RB,15,153.0,30.099999999999994,0.30865221093750006,8.193333333333333,37.06666666666667,38.06666666666667,43.06666666666667,40.56666666666667,38.06666666666667,0.3771797322916666,147,40
2024,8121,Romeo Doubs,WR,14,146.6,24.44999999999999,0.2645052343749999,8.725,47.714285714285715,48.714285714285715,53.714285714285715,51.214285714285715,48.714285714285715,0.40312295758928574,148,46
2024,9502,Tank Dell,WR,16,161.3,19.849999999999994,0.2304499843750002,8.840625000000001,47.0625,48.0625,53.0625,50.5625,48.0625,0.405586275390625,149,47
2024,11575,Ray Davis,RB,17,156.2,17.600000000000005,0.21976557812500003,8.152941176470588,36.94117647058823,37.94117647058823,42.94117647058823,40.44117647058823,37.94117647058823,0.3768635174632353,150,41
2024,8132,Tyler Allgeier,RB,17,155.6,17.0,0.2009192031250001,8.152941176470588,36.94117647058823,37.94117647058823,42.94117647058823,40.44117647058823,37.94117647058823,0.3768635174632353,151,42
2024,2359,Ameer Abdullah,RB,16,152.9,23.09999999999999,0.20035906250000013,8.1125,36.6875,37.6875,42.6875,40.1875,37.6875,0.37701893603515624,152,43
2024,9230,Tanner McKee,QB,2,50.32000000000001,20.53,0.19795934375000002,14.895,24.0,25.0,30.0,27.5,25.0,0.28693619140625004,153,33
2024,11557,Joe Milton,QB,2,40.74,17.35,0.18535040624999996,11.695,24.0,25.0,30.0,27.5,25.0,0.26257260546875,154,34
2024,4037,Chris Godwin,WR,17,159.5,9.249999999999995,0.18183576562499992,8.838235294117647,46.94117647058823,47.94117647058823,52.94117647058823,50.44117647058823,47.94117647058823,0.40386825183823527,155,48
2024,11618,Jalen McMillan,WR,14,145.2,21.04999999999999,0.17617147656249998,8.867857142857144,47.07142857142857,48.07142857142857,53.07142857142857,50.57142857142857,48.07142857142857,0.4067169263392857,156,49
2024,4574,Cooper Rush,QB,17,204.26000000000002,10.35,0.1697300312499999,11.406470588235294,24.0,25.0,30.0,27.5,25.0,0.2827797959558824,157,35
2024,5844,T.J. Hockenson,TE,17,158.5,17.939999999999998,0.14864700781250018,8.268235294117646,24.176470588235293,25.176470588235293,30.176470588235293,27.676470588235293,25.176470588235293,0.39618247288602937,158,31
2024,11620,Rome Odunze,WR,17,167.0,16.949999999999992,0.1441357499999999,8.826470588235296,47.411764705882355,48.411764705882355,53.411764705882355,50.911764705882355,48.411764705882355,0.4032060799632353,159,50
2024,8117,Jalen Tolbert,WR,17,164.0,13.95,0.13714157031250002,8.826470588235296,47.411764705882355,48.411764705882355,53.411764705882355,50.911764705882355,48.411764705882355,0.4032060799632353,160,51
2024,19,Joe Flacco,QB,17,188.34,-9.189999999999998,0.12815972656249996,11.619411764705882,24.0,25.0,30.0,27.5,25.0,0.28450298529411766,161,36
2024,6130,Devin Singletary,RB,15,132.2,11.599999999999996,0.12215695312499986,8.040000000000001,37.0,38.0,43.0,40.5,38.0,0.3759070765625,162,44
2024,1426,DeAndre Hopkins,WR,17,162.0,11.699999999999992,0.11850245312500035,8.841176470588236,47.11764705882353,48.11764705882353,53.11764705882353,50.61764705882353,48.11764705882353,0.40546238143382357,163,52
2024,11637,Keon Coleman,WR,13,126.7,9.049999999999997,0.11144717968750001,9.05,47.0,48.0,53.0,50.5,48.0,0.40275856189903847,164,53
2024,9501,DeMario Douglas,WR,17,162.3,11.349999999999998,0.09896525781249976,8.879411764705884,47.11764705882353,48.11764705882353,53.11764705882353,50.61764705882353,48.11764705882353,0.4047417444852941,165,54
2024,9480,Brenton Strange,TE,17,150.1,9.089999999999993,0.09413669531250024,8.294705882352941,24.235294117647058,25.235294117647058,30.235294117647058,27.735294117647058,25.235294117647058,0.39611303033088235,166,32
2024,5985,Foster Moreau,TE,17,152.3,11.29,0.09258567187500011,8.294705882352941,24.235294117647058,25.235294117647058,30.235294117647058,27.735294117647058,25.235294117647058,0.39611303033088235,167,33
2024,5185,Allen Lazard,WR,16,142.0,1.1499999999999968,0.09031378125000017,8.803125,46.9375,47.9375,52.9375,50.4375,47.9375,0.40386133447265626,168,55
2024,5096,Ray-Ray McCloud,WR,17,160.0,8.249999999999998,0.08700678906249992,8.926470588235293,46.8235294117647,47.8235294117647,52.8235294117647,50.3235294117647,47.8235294117647,0.4036159751838235,169,56
2024,6945,Antonio Gibson,RB,17,146.4,7.600000000000002,0.08673348437500011,8.164705882352942,36.76470588235294,37.76470588235294,42.76470588235294,40.26470588235294,37.76470588235294,0.37791430055147057,170,45
2024,5032,Jordan Akins,TE,17,149.0,8.089999999999996,0.06185516406250052,8.288823529411765,24.176470588235293,25.176470588235293,30.176470588235293,27.676470588235293,25.176470588235293,0.3956265243566176,171,34
2024,2309,Amari Cooper,WR,14,132.7,7.499999999999998,0.05799291406250018,8.942857142857143,47.214285714285715,48.214285714285715,53.214285714285715,50.714285714285715,48.214285714285715,0.4021905234375,172,57
2024,6011,Gardner Minshew,QB,17,190.12,-10.56,0.04776853906249984,11.804705882352941,24.0,25.0,30.0,27.5,25.0,0.28654468704044117,173,37
2024,10866,Aidan O'Connell,QB,16,180.67999999999998,-7.260000000000016,0.04070088281249998,11.74625,24.0,25.0,30.0,27.5,25.0,0.2855946552734375,174,38
2024,11439,Jaleel McLaughlin,RB,16,132.3,2.5999999999999934,0.03958766406250014,8.106250000000001,36.8125,37.8125,42.8125,40.3125,37.8125,0.37887476220703126,175,46
2024,11834,Devaughn Vele,WR,13,118.0,2.2999999999999963,0.034494531250000016,8.9,47.15384615384615,48.15384615384615,53.15384615384615,50.65384615384615,48.15384615384615,0.4081812097355769,176,58
2024,11626,Xavier Legette,WR,16,138.8,-1.5500000000000052,0.024256648437500083,8.771875000000001,46.75,47.75,52.75,50.25,47.75,0.40266975390625,177,59
2024,1689,Adam Thielen,WR,17,155.0,4.749999999999993,0.015401593749999665,8.838235294117647,46.94117647058823,47.94117647058823,52.94117647058823,50.44117647058823,47.94117647058823,0.40386825183823527,178,60
2024,4972,Mason Rudolph,QB,17,182.29999999999998,-14.640000000000013,0.00753987499999989,11.58470588235294,24.0,25.0,30.0,27.5,25.0,0.2869385528492647,179,39
2024,7527,Mac Jones,QB,17,189.68,-10.789999999999997,0.0004956328124998133,11.792352941176471,24.0,25.0,30.0,27.5,25.0,0.2847308704044118,180,40
2024,10232,Michael Wilson,WR,16,138.2,-1.6500000000000057,-0.01421450000000013,8.740625000000001,47.0625,48.0625,53.0625,50.5625,48.0625,0.40310809716796875,181,61
2024,7496,Nick Westbrook-Ikhine,WR,17,147.7,-2.6000000000000023,-0.01635916406250032,8.841176470588236,47.11764705882353,48.11764705882353,53.11764705882353,50.61764705882353,48.11764705882353,0.40546238143382357,182,62
2024,11562,Spencer Rattler,QB,8,106.38,-4.449999999999999,-0.016569125000000073,13.85375,24.0,25.0,30.0,27.5,25.0,0.28903922265625,183,41
2024,2449,Stefon Diggs,WR,17,138.52,-12.430000000000005,-0.02409757031250004,8.879411764705884,47.11764705882353,48.11764705882353,53.11764705882353,50.61764705882353,48.11764705882353,0.4047417444852941,184,63
2024,11651,Isaac Guerendo,RB,16,123.5,-4.100000000000005,-0.024301249999999885,7.9750000000000005,36.625,37.625,42.625,40.125,37.625,0.37873490478515626,185,47
2024,10213,Tre Tucker,WR,17,146.60000000000002,-4.149999999999998,-0.030820867187499934,8.867647058823529,47.1764705882353,48.1764705882353,53.1764705882353,50.6764705882353,48.1764705882353,0.40344594255514704,186,64
2024,2749,Raheem Mostert,RB,13,98.4,-7.4,-0.03556885156250039,8.13846153846154,36.23076923076923,37.23076923076923,42.23076923076923,39.73076923076923,37.23076923076923,0.38049476983173075,187,48
2024,9504,Kayshon Boutte,WR,16,137.9,-4.75,-0.037473664062500245,8.915625,47.25,48.25,53.25,50.75,48.25,0.4053133828125,188,65
2024,7609,Demetric Felton,RB,1,0.0,-6.0,-0.050182289062499996,6.0,35.0,36.0,41.0,38.5,36.0,0.3662636640625,189,49
2024,11644,Cody Schrader,RB,1,2.1,-5.600000000000001,-0.05206042968750002,7.700000000000001,36.0,37.0,42.0,39.5,37.0,0.3717990078125,190,50
2024,9510,Lew Nichols,RB,1,0.0,-8.2,-0.07046547656249996,8.2,33.0,34.0,39.0,36.5,34.0,0.3950481171875,191,51
2024,9494,Marvin Mims,WR,17,146.6,-4.350000000000003,-0.07066467187500003,8.879411764705884,47.11764705882353,48.11764705882353,53.11764705882353,50.61764705882353,48.11764705882353,0.4047417444852941,192,66
2024,11270,Hassan Hall,RB,1,0.0,-7.700000000000001,-0.07077052343750001,7.700000000000001,36.0,37.0,42.0,39.5,37.0,0.3717990078125,193,52
2024,12080,Aidan Robbins,RB,1,0.0,-7.700000000000001,-0.07077052343750001,7.700000000000001,36.0,37.0,42.0,39.5,37.0,0.3717990078125,194,53
2024,11435,Emanuel Wilson,RB,17,129.1,-8.400000000000002,-0.07099319531249992,8.088235294117647,36.64705882352941,37.64705882352941,42.64705882352941,40.14705882352941,37.64705882352941,0.3767118814338235,195,54
2024,5122,Boston Scott,RB,1,0.0,-7.15,-0.0712551796875,7.15,39.0,40.0,45.0,42.5,40.0,0.362181375,196,55
2024,8058,Nate McCrary,RB,1,0.0,-7.15,-0.0712551796875,7.15,39.0,40.0,45.0,42.5,40.0,0.362181375,197,56
2024,12086,Cam Johnson,WR,1,0.0,-7.700000000000001,-0.07783518749999996,7.700000000000001,46.0,47.0,52.0,49.5,47.0,0.4169803203125,198,67
2024,11105,Shaquan Davis,WR,1,0.0,-8.3,-0.08045092968750006,8.3,45.0,46.0,51.0,48.5,46.0,0.39559553125,199,68
2024,11224,Griffin Hebert,TE,1,0.0,-7.75,-0.08218640624999995,7.75,19.0,20.0,25.0,22.5,20.0,0.425362828125,200,35
2024,9227,Israel Abanikanda,RB,1,0.0,-9.1,-0.08266387500000011,9.1,36.0,37.0,42.0,39.5,37.0,0.36254691406250006,201,57
2024,2374,Tyler Lockett,WR,17,138.0,-12.750000000000004,-0.08364513281250041,8.867647058823529,47.1764705882353,48.1764705882353,53.1764705882353,50.6764705882353,48.1764705882353,0.40344594255514704,202,69
2024,11600,Ja'Tavion Sanders,TE,16,119.2,-12.959999999999996,-0.0846172890624996,8.26,23.8125,24.8125,29.8125,27.3125,24.8125,0.3986841401367187,203,36
2024,12135,Neal Johnson,TE,1,0.0,-9.1,-0.08546006250000004,9.1,22.0,23.0,28.0,25.5,23.0,0.41302548437500003,204,37
2024,6984,Tony Jones,RB,3,14.3,-10.7,-0.08857010156250006,8.333333333333334,35.0,36.0,41.0,38.5,36.0,0.3764646796875,205,58
2024,3286,Demarcus Robinson,WR,17,135.5,-15.050000000000008,-0.09008685937500022,8.855882352941178,47.0,48.0,53.0,50.5,48.0,0.40431141176470586,206,70
2024,7670,Joshua Palmer,WR,15,121.9,-8.700000000000001,-0.09051689062500018,8.706666666666667,47.2,48.2,53.2,50.7,48.2,0.4048067645833333,207,71
2024,4179,Joshua Dobbs,QB,5,52.14,-14.73,-0.09143696093750014,13.374,24.0,25.0,30.0,27.5,25.0,0.30471498750000003,208,42
2024,6149,Darius Slayton,WR,16,128.9,-13.65,-0.09218283593749982,8.909375,47.0,48.0,53.0,50.5,48.0,0.40304874755859377,209,72
2024,10230,Jalen Wayne,WR,1,0.0,-8.850000000000001,-0.09239048437500003,8.850000000000001,50.0,51.0,56.0,53.5,51.0,0.411240140625,210,73
2024,11347,Chase Cota,WR,1,0.0,-8.850000000000001,-0.09239048437500003,8.850000000000001,50.0,51.0,56.0,53.5,51.0,0.411240140625,211,74
2024,11886,Tulu Griffin,WR,1,0.0,-8.850000000000001,-0.09239048437500003,8.850000000000001,50.0,51.0,56.0,53.5,51.0,0.411240140625,212,75
2024,11982,Isaiah Washington,WR,1,0.0,-8.850000000000001,-0.09239048437500003,8.850000000000001,50.0,51.0,56.0,53.5,51.0,0.411240140625,213,76
2024,12090,Corey Crooms,WR,1,0.0,-8.850000000000001,-0.09239048437500003,8.850000000000001,50.0,51.0,56.0,53.5,51.0,0.411240140625,214,77
2024,11381,Travis Vokolek,TE,1,0.0,-8.75,-0.09313482031249998,8.75,21.0,22.0,27.0,24.5,22.0,0.414767328125,215,38
2024,12173,Jaxon Janke,WR,1,0.0,-10.4,-0.0962007265624999,10.4,45.0,46.0,51.0,48.5,46.0,0.41603072656249995,216,78
2024,7694,Tommy Tremble,TE,12,89.4,-12.410000000000004,-0.09724039062499973,8.484166666666667,24.0,25.0,30.0,27.5,25.0,0.395255673828125,217,39
2024,8167,Christian Watson,WR,15,124.1,-9.750000000000007,-0.10107082812500018,8.923333333333334,46.8,47.8,52.8,50.3,47.8,0.40541913906250004,218,79
2024,7589,Ian Book,QB,1,0.0,-14.41,-0.10966756249999998,14.41,24.0,25.0,30.0,27.5,25.0,0.285660390625,219,43
2024,5915,Andy Isabella,WR,1,0.0,-10.9,-0.11630442968750004,10.9,45.0,46.0,51.0,48.5,46.0,0.39969022656250003,220,80
2024,8831,Ethan Fernea,WR,1,0.0,-10.9,-0.11630442968750004,10.9,45.0,46.0,51.0,48.5,46.0,0.39969022656250003,221,81
2024,7596,Elijah Moore,WR,17,135.1,-15.650000000000006,-0.1231641015624999,8.867647058823529,47.1764705882353,48.1764705882353,53.1764705882353,50.6764705882353,48.1764705882353,0.40344594255514704,222,82
2024,10444,Cedric Tillman,WR,12,86.6,-18.450000000000003,-0.13652830468749982,8.754166666666668,47.083333333333336,48.083333333333336,53.083333333333336,50.583333333333336,48.083333333333336,0.4038520319010417,223,83
2024,6938,Cam Akers,RB,17,125.0,-12.650000000000004,-0.1400045234374998,8.097058823529412,36.529411764705884,37.529411764705884,42.529411764705884,40.029411764705884,37.529411764705884,0.3781544352022059,224,59
2024,12121,Deshaun Fenwick,RB,2,0.0,-15.9,-0.14123599999999997,7.95,34.5,35.5,40.5,38.0,35.5,0.3834235625,225,60
2024,6845,Zack Moss,RB,16,107.2,-23.3,-0.1500778203125001,8.15625,36.875,37.875,42.875,40.375,37.875,0.37738615087890626,226,61
2024,11598,Tanner McLachlan,TE,2,0.0,-17.700000000000003,-0.15679706250000003,8.850000000000001,22.0,23.0,28.0,25.5,23.0,0.39022987109374996,227,40
2024,11603,AJ Barner,TE,17,122.5,-18.410000000000004,-0.1568681171874997,8.288823529411765,24.176470588235293,25.176470588235293,30.176470588235293,27.676470588235293,25.176470588235293,0.3956265243566176,228,41
2024,11380,Johnny Lumpkin,TE,2,0.0,-16.6,-0.157246265625,8.3,21.0,22.0,27.0,24.5,22.0,0.40649763671875,229,42
2024,12215,Kevin Foelsch,TE,2,0.0,-16.7,-0.15872438281250006,8.35,22.0,23.0,28.0,25.5,23.0,0.4068853203125,230,43
2024,3423,Robbie Chosen,WR,2,1.5,-15.650000000000002,-0.15881899218750006,8.575000000000001,47.5,48.5,53.5,51.0,48.5,0.4034178359375,231,84
2024,5937,Diontae Johnson,WR,14,100.0,-21.400000000000002,-0.15991070312499983,8.671428571428573,46.642857142857146,47.642857142857146,52.642857142857146,50.142857142857146,47.642857142857146,0.40452015234375,232,85
2024,12191,Trent Pennix,TE,2,0.0,-16.15,-0.16254137499999993,8.075,26.5,27.5,32.5,30.0,27.5,0.388965140625,233,44
2024,8125,Calvin Austin,WR,17,130.8,-19.200000000000006,-0.16682692968750013,8.823529411764707,47.294117647058826,48.294117647058826,53.294117647058826,50.794117647058826,48.294117647058826,0.40457459650735295,234,86
2024,11646,Jalen Coker,WR,14,108.06,-17.290000000000006,-0.1690166875000002,8.95357142857143,46.92857142857143,47.92857142857143,52.92857142857143,50.42857142857143,47.92857142857143,0.4037744017857143,235,87
2024,11921,Xavier Weaver,WR,2,0.0,-18.3,-0.1782286328124999,9.15,47.0,48.0,53.0,50.5,48.0,0.40914903515625,236,88
2024,10235,Roschon Johnson,RB,14,96.9,-19.250000000000004,-0.18421838281250008,8.296428571428573,36.42857142857143,37.42857142857143,42.42857142857143,39.92857142857143,37.42857142857143,0.3795566183035714,237,62
2024,11576,Braelon Allen,RB,17,117.1,-21.500000000000004,-0.1852664687499999,8.152941176470588,36.94117647058823,37.94117647058823,42.94117647058823,40.44117647058823,37.94117647058823,0.3768635174632353,238,63
2024,5973,Josh Oliver,TE,15,98.8,-25.560000000000002,-0.19686557031249968,8.290666666666667,23.8,24.8,29.8,27.3,24.8,0.39829390625,239,45
2024,5781,Malik Turner,WR,2,0.0,-19.75,-0.20869491406250007,9.875,47.5,48.5,53.5,51.0,48.5,0.40546518359375,240,89
2024,12018,Sam Pinckney,WR,2,0.0,-20.2,-0.20924264843750007,10.1,45.0,46.0,51.0,48.5,46.0,0.39755322656250003,241,90
2024,11961,Emory Jones,QB,2,0.0,-29.79,-0.21893006250000002,14.895,24.0,25.0,30.0,27.5,25.0,0.28693619140625004,242,44
2024,10226,Andrei Iosivas,WR,17,129.9,-21.850000000000005,-0.22178846875000013,8.926470588235293,46.8235294117647,47.8235294117647,52.8235294117647,50.3235294117647,47.8235294117647,0.4036159751838235,243,91
2024,8153,Isaiah Spiller,RB,3,0.0,-25.0,-0.22389987500000008,8.333333333333334,35.0,36.0,41.0,38.5,36.0,0.3764646796875,244,64
2024,9222,Zach Evans,RB,3,0.0,-25.0,-0.22389987500000008,8.333333333333334,35.0,36.0,41.0,38.5,36.0,0.3764646796875,245,65
2024,6271,Olamide Zaccheaus,WR,17,127.6,-23.35,-0.2294257890625001,8.879411764705884,47.11764705882353,48.11764705882353,53.11764705882353,50.61764705882353,48.11764705882353,0.4047417444852941,246,92
2024,11820,Devin Culp,TE,5,22.799999999999997,-22.860000000000003,-0.22952945312500006,9.132000000000001,25.0,26.0,31.0,28.5,26.0,0.38507471718749997,247,46
2024,11597,Theo Johnson,TE,17,112.1,-29.060000000000002,-0.23067453124999987,8.303529411764705,24.176470588235293,25.176470588235293,30.176470588235293,27.676470588235293,25.176470588235293,0.39682980376838234,248,47
2024,8129,Dameon Pierce,RB,11,61.00000000000001,-28.2,-0.2329258671875002,8.10909090909091,35.63636363636363,36.63636363636363,41.63636363636363,39.13636363636363,36.63636363636363,0.3752125731534091,249,66
2024,11862,Luke Benson,TE,3,0.0,-24.35,-0.23943267187499995,8.116666666666667,20.333333333333332,21.333333333333332,26.333333333333332,23.833333333333332,21.333333333333332,0.4127860338541667,250,48
2024,7439,Tommy Hudson,TE,3,0.0,-24.35,-0.23943267187499995,8.116666666666667,20.333333333333332,21.333333333333332,26.333333333333332,23.833333333333332,21.333333333333332,0.4127860338541667,251,49
2024,6181,Trevon Wesco,TE,3,0.0,-25.11,-0.23995921874999998,8.37,25.666666666666668,26.666666666666668,31.666666666666668,29.166666666666668,26.666666666666668,0.3784465364583333,252,50
2024,6040,Tyree Jackson,TE,3,0.0,-27.25,-0.24462990625000003,9.083333333333334,23.666666666666668,24.666666666666668,29.666666666666668,27.166666666666668,24.666666666666668,0.39458197135416667,253,51
2024,5086,Marquez Valdes-Scantling,WR,14,96.7,-25.85,-0.24752203906249992,8.75357142857143,47.07142857142857,48.07142857142857,53.07142857142857,50.57142857142857,48.07142857142857,0.40126279631696427,254,93
2024,6039,Ty Johnson,RB,17,114.4,-24.2,-0.2576181249999998,8.152941176470588,36.94117647058823,37.94117647058823,42.94117647058823,40.44117647058823,37.94117647058823,0.3768635174632353,255,67
2024,11918,Ahmarean Brown,WR,3,0.0,-25.55,-0.25858921093750004,8.516666666666667,48.0,49.0,54.0,51.5,49.0,0.3920658177083333,256,94
2024,9486,Dontayvion Wicks,WR,17,120.5,-30.250000000000004,-0.26234498437500026,8.867647058823529,47.1764705882353,48.1764705882353,53.1764705882353,50.6764705882353,48.1764705882353,0.40344594255514704,257,95
2024,3433,Alex Erickson,WR,3,0.0,-29.05,-0.26498898437499996,9.683333333333334,49.333333333333336,50.333333333333336,55.333333333333336,52.833333333333336,50.333333333333336,0.4112226744791667,258,96
2024,4197,Isaiah McKenzie,WR,3,0.0,-29.05,-0.26498898437499996,9.683333333333334,49.333333333333336,50.333333333333336,55.333333333333336,52.833333333333336,50.333333333333336,0.4112226744791667,259,97
2024,6865,Colby Parkinson,TE,17,109.4,-31.160000000000004,-0.26761094531249985,8.268235294117646,24.176470588235293,25.176470588235293,30.176470588235293,27.676470588235293,25.176470588235293,0.39618247288602937,260,52
2024,5248,Gus Edwards,RB,15,91.80000000000001,-28.25,-0.2775198671875001,8.003333333333334,36.86666666666667,37.86666666666667,42.86666666666667,40.36666666666667,37.86666666666667,0.3740557411458333,261,68
2024,5409,Tanner Hudson,TE,12,66.7,-29.86,-0.2776915937499997,8.046666666666667,25.333333333333332,26.333333333333332,31.333333333333332,28.833333333333332,26.333333333333332,0.39514369401041666,262,53
2024,8745,Lance McCutcheon,WR,3,0.0,-27.0,-0.2779203046875,9.0,44.333333333333336,45.333333333333336,50.333333333333336,47.833333333333336,45.333333333333336,0.4125761770833334,263,98
2024,4234,Noah Brown,WR,15,99.30000000000001,-34.650000000000006,-0.289236828125,8.930000000000001,46.93333333333333,47.93333333333333,52.93333333333333,50.43333333333333,47.93333333333333,0.40577791041666667,264,99
2024,11292,Tommy DeVito,QB,6,26.08,-40.54,-0.2893472812499999,11.103333333333333,24.0,25.0,30.0,27.5,25.0,0.2844399401041667,265,45
2024,8917,KaVontae Turpin,WR,17,121.4,-28.650000000000006,-0.3052546874999999,8.826470588235296,47.411764705882355,48.411764705882355,53.411764705882355,50.911764705882355,48.411764705882355,0.4032060799632353,266,100
2024,7554,Tre' McKitty,TE,4,0.0,-35.2,-0.31335298437500003,8.8,24.0,25.0,30.0,27.5,25.0,0.399121560546875,267,54
2024,12218,Jalen Jackson,RB,4,0.0,-32.5,-0.3168147031249998,8.125,39.75,40.75,45.75,43.25,40.75,0.372764119140625,268,69
2024,7106,Lawrence Cager,TE,4,0.0,-33.1,-0.3325674921874999,8.275,20.5,21.5,26.5,24.0,21.5,0.413281357421875,269,55
2024,12357,David Martin-Robinson,TE,5,3.6,-37.75,-0.33369625,8.27,24.4,25.4,30.4,27.9,25.4,0.4027684296875,270,56
2024,7583,Sam Ehlinger,QB,4,0.0,-44.68,-0.33504931250000003,11.17,24.0,25.0,30.0,27.5,25.0,0.2578064375,271,46
2024,11867,Jaelen Gill,WR,4,0.0,-37.900000000000006,-0.34084603124999996,9.475000000000001,48.25,49.25,54.25,51.75,49.25,0.407389619140625,272,101
2024,7562,Tutu Atwell,WR,17,114.30000000000001,-36.25000000000001,-0.34087472656249995,8.855882352941178,47.0,48.0,53.0,50.5,48.0,0.40431141176470586,273,102
2024,11133,Jaray Jenkins,WR,4,0.0,-34.85,-0.34244195312500003,8.7125,48.0,49.0,54.0,51.5,49.0,0.395231435546875,274,103
2024,11114,Elijah Dotson,RB,5,0.0,-39.1,-0.3432720703125001,7.82,35.6,36.6,41.6,39.1,36.6,0.37765824062500003,275,70
2024,11647,Kimani Vidal,RB,10,45.300000000000004,-36.95,-0.34785731249999985,8.225,36.1,37.1,42.1,39.6,37.1,0.372595390625,276,71
2024,10857,Stetson Bennett,QB,3,0.0,-43.019999999999996,-0.3658186093750001,14.339999999999998,24.0,25.0,30.0,27.5,25.0,0.32171085416666667,277,47
2024,6151,Miles Sanders,RB,17,95.30000000000001,-41.800000000000004,-0.3666859140625002,8.064705882352943,36.88235294117647,37.88235294117647,42.88235294117647,40.38235294117647,37.88235294117647,0.37652739292279414,278,72
2024,7502,Dominique Dafney,TE,5,0.0,-41.35,-0.36672585156250004,8.27,24.4,25.4,30.4,27.9,25.4,0.4027684296875,279,57
2024,11590,Jase McClellan,RB,6,6.800000000000001,-41.400000000000006,-0.36851248437500017,8.033333333333333,35.666666666666664,36.666666666666664,41.666666666666664,39.166666666666664,36.666666666666664,0.3779673684895834,280,73
2024,7944,Michael Strachan,WR,4,0.0,-36.75,-0.3687019218750001,9.1875,45.75,46.75,51.75,49.25,46.75,0.403862599609375,281,104
2024,8180,Jalen Nailor,WR,17,112.10000000000001,-38.45,-0.3689107578125003,8.855882352941178,47.0,48.0,53.0,50.5,48.0,0.40431141176470586,282,105
2024,8177,Grant Calcaterra,TE,17,97.8,-41.410000000000004,-0.3698446953124999,8.188823529411765,24.294117647058822,25.294117647058822,30.294117647058822,27.794117647058822,25.294117647058822,0.3966314434742647,283,58
2024,10212,Josh Whyle,TE,17,101.8,-37.41,-0.37009039843749963,8.188823529411765,24.294117647058822,25.294117647058822,30.294117647058822,27.794117647058822,25.294117647058822,0.3966314434742647,284,59
2024,829,Andy Dalton,QB,16,113.66,-64.2,-0.37430982812499997,11.11625,24.0,25.0,30.0,27.5,25.0,0.28550043896484373,285,48
2024,4111,D'Onta Foreman,RB,11,52.3,-38.900000000000006,-0.3773481953124999,8.290909090909091,37.36363636363637,38.36363636363637,43.36363636363637,40.86363636363637,38.36363636363637,0.37380117826704545,286,74
2024,3164,Ezekiel Elliott,RB,15,79.30000000000001,-42.300000000000004,-0.3864571171875,8.106666666666667,36.53333333333333,37.53333333333333,42.53333333333333,40.03333333333333,37.53333333333333,0.37963805364583336,287,75
2024,4147,Samaje Perine,RB,17,95.39999999999999,-41.75000000000001,-0.3981906874999999,8.06764705882353,36.8235294117647,37.8235294117647,42.8235294117647,40.3235294117647,37.8235294117647,0.3789159278492647,288,76
2024,6908,La'Mical Perine,RB,5,0.0,-40.85,-0.4052664140624999,8.17,37.2,38.2,43.2,40.7,38.2,0.3707087640625,289,77
2024,4177,Mack Hollins,WR,17,109.8,-41.95000000000001,-0.4059735859374998,8.926470588235293,46.8235294117647,47.8235294117647,52.8235294117647,50.3235294117647,47.8235294117647,0.4036159751838235,290,106
2024,7771,Jake Funk,RB,5,0.0,-41.800000000000004,-0.41013583593749986,8.360000000000001,37.0,38.0,43.0,40.5,38.0,0.371972765625,291,78
2024,11638,Ricky Pearsall,WR,17,106.1,-43.900000000000006,-0.4187810468750002,8.823529411764707,47.294117647058826,48.294117647058826,53.294117647058826,50.794117647058826,48.294117647058826,0.40457459650735295,292,107
2024,4988,Nick Chubb,RB,17,91.7,-45.800000000000004,-0.4207796953124998,8.088235294117647,36.64705882352941,37.64705882352941,42.64705882352941,40.14705882352941,37.64705882352941,0.3767118814338235,293,79
2024,9506,Sean Tucker,RB,17,89.70000000000002,-47.4,-0.42267882031250004,8.064705882352943,36.88235294117647,37.88235294117647,42.88235294117647,40.38235294117647,37.88235294117647,0.37652739292279414,294,80
2024,7083,Tyler Huntley,QB,15,101.36,-58.63000000000001,-0.4236402421875,10.666,24.0,25.0,30.0,27.5,25.0,0.28064628541666664,295,49
2024,8205,Isiah Pacheco,RB,16,82.0,-47.45,-0.4267364765624999,8.090625000000001,36.875,37.875,42.875,40.375,37.875,0.3793607353515625,296,81
2024,10869,Matt Landers,WR,5,0.0,-44.1,-0.4332554609375001,8.82,47.6,48.6,53.6,51.1,48.6,0.39709881406249997,297,108
2024,12235,Marcus Riley,WR,5,0.0,-44.1,-0.4332554609375001,8.82,47.6,48.6,53.6,51.1,48.6,0.39709881406249997,298,109
2024,9487,Parker Washington,WR,17,106.0,-45.75,-0.43518253125,8.926470588235293,46.8235294117647,47.8235294117647,52.8235294117647,50.3235294117647,47.8235294117647,0.4036159751838235,299,110
2024,7703,Jacob Harris,WR,5,0.0,-43.85,-0.4381905000000001,8.77,48.0,49.0,54.0,51.5,49.0,0.40101211093749994,300,111
2024,7045,Joshua Kelley,RB,6,0.4,-47.0,-0.4433911484374998,7.8999999999999995,35.666666666666664,36.666666666666664,41.666666666666664,39.166666666666664,36.666666666666664,0.3747463997395833,301,82
2024,8249,Lucas Krull,TE,13,60.2,-48.760000000000005,-0.4444135859374998,8.381538461538462,25.23076923076923,26.23076923076923,31.23076923076923,28.73076923076923,26.23076923076923,0.38899793870192306,302,60
2024,10871,Luke Schoonmaker,TE,17,94.10000000000001,-45.61,-0.44447777343749983,8.218235294117648,24.0,25.0,30.0,27.5,25.0,0.39658098575367645,303,61
2024,8122,Zonovan Knight,RB,6,0.0,-49.3,-0.44584567968750016,8.216666666666667,35.666666666666664,36.666666666666664,41.666666666666664,39.166666666666664,36.666666666666664,0.37986893489583334,304,83
2024,7143,Ben DiNucci,QB,4,0.0,-58.92,-0.4458821874999999,14.73,24.0,25.0,30.0,27.5,25.0,0.29799182421875,305,50
2024,7237,Scotty Washington,WR,5,0.0,-48.6,-0.4506202421875,9.72,47.0,48.0,53.0,50.5,48.0,0.4066871359375,306,112
2024,8144,Chris Olave,WR,16,88.9,-54.45,-0.4644646562499997,8.959375,47.125,48.125,53.125,50.625,48.125,0.402525849609375,307,113
2024,5906,Dawson Knox,TE,17,92.1,-48.91,-0.4650583749999997,8.294705882352941,24.235294117647058,25.235294117647058,30.235294117647058,27.735294117647058,25.235294117647058,0.39611303033088235,308,62
2024,3362,Jeff Driskel,QB,4,0.0,-55.55,-0.47754807031250013,13.8875,24.0,25.0,30.0,27.5,25.0,0.31818007812500004,309,51
2024,8676,Rashid Shaheed,WR,17,94.5,-57.25,-0.47932900781249993,8.926470588235293,46.8235294117647,47.8235294117647,52.8235294117647,50.3235294117647,47.8235294117647,0.4036159751838235,310,114
2024,1535,Cordarrelle Patterson,RB,13,49.4,-53.60000000000001,-0.48001437500000016,7.923076923076923,36.53846153846154,37.53846153846154,42.53846153846154,40.03846153846154,37.53846153846154,0.37930330348557695,311,84
2024,9505,Deuce Vaughn,RB,8,16.200000000000003,-49.6,-0.4852316171874998,8.225000000000001,37.875,38.875,43.875,41.375,38.875,0.37428316210937496,312,85
2024,11589,Trey Benson,RB,15,68.6,-51.20000000000001,-0.4866277187499999,7.986666666666667,37.2,38.2,43.2,40.7,38.2,0.37622470989583334,313,86
2024,4351,Tim Patrick,WR,17,101.9,-48.400000000000006,-0.4868992109375001,8.841176470588236,47.11764705882353,48.11764705882353,53.11764705882353,50.61764705882353,48.11764705882353,0.40546238143382357,314,115
2024,5854,Drew Lock,QB,16,117.24,-62.50000000000001,-0.4895641875000001,11.23375,24.0,25.0,30.0,27.5,25.0,0.2824899580078125,315,52
2024,3200,Sterling Shepard,WR,16,91.4,-50.10000000000001,-0.49029085156250024,8.84375,46.5625,47.5625,52.5625,50.0625,47.5625,0.4044479501953125,316,116
2024,8139,Zamir White,RB,12,44.8,-53.800000000000004,-0.49422159374999985,8.216666666666667,37.333333333333336,38.333333333333336,43.333333333333336,40.833333333333336,38.333333333333336,0.3750357838541667,317,87
2024,6529,Chris Myarick,TE,6,0.0,-49.75,-0.4970767734374998,8.291666666666666,21.666666666666668,22.666666666666668,27.666666666666668,25.166666666666668,22.666666666666668,0.40503298828125,318,63
2024,8706,Kehinde Oginni,TE,6,0.0,-49.75,-0.4970767734374998,8.291666666666666,21.666666666666668,22.666666666666668,27.666666666666668,25.166666666666668,22.666666666666668,0.40503298828125,319,64
2024,7567,Kenny Gainwell,RB,17,85.6,-50.35000000000001,-0.4975467968749999,7.997058823529413,36.588235294117645,37.588235294117645,42.588235294117645,40.088235294117645,37.588235294117645,0.37515783777573525,320,88
2024,3225,Tyler Boyd,WR,16,89.5,-50.400000000000006,-0.49812710937500015,8.74375,47.25,48.25,53.25,50.75,48.25,0.40480185986328127,321,117
2024,6820,Clyde Edwards-Helaire,RB,8,14.100000000000001,-52.25000000000001,-0.5002422656250001,8.293750000000001,37.75,38.75,43.75,41.25,38.75,0.379196755859375,322,89
2024,5970,Greg Dortch,WR,17,97.8,-52.45,-0.5127782421874999,8.838235294117647,46.94117647058823,47.94117647058823,52.94117647058823,50.44117647058823,47.94117647058823,0.40386825183823527,323,118
2024,6069,Stanley Morgan,WR,6,0.0,-56.1,-0.5158070156250001,9.35,47.0,48.0,53.0,50.5,48.0,0.4047312278645833,324,119
2024,7337,Easop Winston,WR,6,0.0,-56.1,-0.5158070156250001,9.35,47.0,48.0,53.0,50.5,48.0,0.4047312278645833,325,120
2024,6185,Easton Stick,QB,5,0.0,-60.87,-0.51671175,12.174,24.0,25.0,30.0,27.5,25.0,0.3063987015625,326,53
2024,11080,Malik Knowles,WR,6,0.0,-53.35,-0.5215078671875001,8.891666666666667,45.833333333333336,46.833333333333336,51.833333333333336,49.333333333333336,46.833333333333336,0.4077182408854167,327,121
2024,5026,Tre'Quan Smith,WR,6,0.0,-52.25,-0.5219711875000002,8.708333333333334,47.0,48.0,53.0,50.5,48.0,0.40435308984375,328,122
2024,4219,Jeremy McNichols,RB,17,80.8,-58.00000000000001,-0.5232655312500001,8.164705882352942,36.76470588235294,37.76470588235294,42.76470588235294,40.26470588235294,37.76470588235294,0.37791430055147057,329,90
2024,8147,John Metchie,WR,13,60.400000000000006,-54.2,-0.530680859375,8.815384615384616,46.76923076923077,47.76923076923077,52.76923076923077,50.26923076923077,47.76923076923077,0.4035385751201923,330,123
2024,4082,Curtis Samuel,WR,14,68.7,-53.50000000000001,-0.5314433515624999,8.72857142857143,46.285714285714285,47.285714285714285,52.285714285714285,49.785714285714285,47.285714285714285,0.4031531467633928,331,124
2024,11378,Jordan Mims,RB,11,33.1,-55.800000000000004,-0.5342893359375,8.081818181818182,37.36363636363637,38.36363636363637,43.36363636363637,40.86363636363637,38.36363636363637,0.37570992684659094,332,91
2024,8921,Maurice Alexander,WR,7,0.0,-61.1,-0.5526665,8.72857142857143,47.714285714285715,48.714285714285715,53.714285714285715,51.214285714285715,48.714285714285715,0.40417628236607145,333,125
2024,5046,Royce Freeman,RB,7,0.0,-60.150000000000006,-0.55530621875,8.592857142857143,37.142857142857146,38.142857142857146,43.142857142857146,40.642857142857146,38.142857142857146,0.3854524330357143,334,92
2024,5284,Jeff Wilson,RB,9,15.3,-58.400000000000006,-0.5555278828125001,8.18888888888889,37.22222222222222,38.22222222222222,43.22222222222222,40.72222222222222,38.22222222222222,0.37529295399305557,335,93
2024,4274,David Moore,WR,17,92.8,-57.45000000000001,-0.5650260468750001,8.838235294117647,46.94117647058823,47.94117647058823,52.94117647058823,50.44117647058823,47.94117647058823,0.40386825183823527,336,126
2024,9482,Michael Mayer,TE,15,65.6,-57.56,-0.5689746249999998,8.210666666666667,24.466666666666665,25.466666666666665,30.466666666666665,27.966666666666665,25.466666666666665,0.39507757239583335,337,65
2024,8172,Greg Dulcich,TE,9,12.8,-61.650000000000006,-0.5714873515625,8.272222222222222,22.666666666666668,23.666666666666668,28.666666666666668,26.166666666666668,23.666666666666668,0.40744084201388886,338,66
2024,7610,Trey Lance,QB,9,23.44,-75.09,-0.5717445078124999,10.947777777777778,24.0,25.0,30.0,27.5,25.0,0.282684453125,339,54
2024,11257,Shedrick Jackson,WR,7,0.0,-62.550000000000004,-0.57887421875,8.935714285714287,47.857142857142854,48.857142857142854,53.857142857142854,51.357142857142854,48.857142857142854,0.4044779765625,340,127
2024,4034,Christian McCaffrey,RB,16,66.80000000000001,-62.75,-0.580805796875,8.096875,36.4375,37.4375,42.4375,39.9375,37.4375,0.3787577509765625,341,94
2024,4149,Jamaal Williams,RB,14,53.2,-62.300000000000004,-0.5893687031250001,8.25,37.142857142857146,38.142857142857146,43.142857142857146,40.642857142857146,38.142857142857146,0.37583089508928574,342,95
2024,5076,John Kelly,RB,8,0.0,-63.400000000000006,-0.589621296875,7.925000000000001,38.0,39.0,44.0,41.5,39.0,0.3730374453125,343,96
2024,4017,Deshaun Watson,QB,17,114.42,-86.26,-0.592636765625,11.804705882352941,24.0,25.0,30.0,27.5,25.0,0.28654468704044117,344,55
2024,6662,Parker Hesse,TE,7,0.0,-59.16,-0.5971074999999999,8.45142857142857,23.0,24.0,29.0,26.5,24.0,0.3981579430803571,345,67
2024,7066,K.J. Osborn,WR,9,19.2,-60.400000000000006,-0.5983341640625,8.844444444444445,47.333333333333336,48.333333333333336,53.333333333333336,50.833333333333336,48.333333333333336,0.4041535737847222,346,128
2024,11610,Malik Washington,WR,14,62.3,-61.800000000000004,-0.6084041171875001,8.864285714285716,46.857142857142854,47.857142857142854,52.857142857142854,50.357142857142854,47.857142857142854,0.4044092885044643,347,129
2024,4040,JuJu Smith-Schuster,WR,14,59.6,-63.900000000000006,-0.6132222734375001,8.821428571428571,47.42857142857143,48.42857142857143,53.42857142857143,50.92857142857143,48.42857142857143,0.4042021607142857,348,130
2024,10231,Elijah Higgins,TE,17,77.2,-63.96,-0.6149417734374998,8.303529411764705,24.176470588235293,25.176470588235293,30.176470588235293,27.676470588235293,25.176470588235293,0.39682980376838234,349,68
2024,6960,Tyler Johnson,WR,15,66.6,-65.30000000000001,-0.6161531093750001,8.793333333333333,46.4,47.4,52.4,49.9,47.4,0.403710446875,350,131
2024,8583,Stone Smartt,TE,15,61.8,-61.96000000000001,-0.6176142421874997,8.250666666666667,24.133333333333333,25.133333333333333,30.133333333333333,27.633333333333333,25.133333333333333,0.39619927135416666,351,69
2024,4992,Dante Pettis,WR,11,35.5,-64.25,-0.6234653671875002,9.068181818181818,46.27272727272727,47.27272727272727,52.27272727272727,49.77272727272727,47.27272727272727,0.4067009240056818,352,132
2024,7593,Trey Sermon,RB,17,72.5,-66.30000000000001,-0.6259585859375003,8.164705882352942,36.76470588235294,37.76470588235294,42.76470588235294,40.26470588235294,37.76470588235294,0.37791430055147057,353,97
2024,8223,Velus Jones,WR,8,2.0,-67.0,-0.6264376640625,8.625,47.125,48.125,53.125,50.625,48.125,0.4031408935546875,354,133
2024,12134,Sam Wiglusz,WR,7,0.0,-63.400000000000006,-0.6333405781250001,9.057142857142859,46.42857142857143,47.42857142857143,52.42857142857143,49.92857142857143,47.42857142857143,0.4008917544642857,355,134
2024,6694,D'Ernest Johnson,RB,14,47.3,-67.0,-0.6349483359374999,8.164285714285715,37.07142857142857,38.07142857142857,43.07142857142857,40.57142857142857,38.07142857142857,0.37549001618303574,356,98
2024,11199,Emari Demercado,RB,17,68.50000000000001,-68.6,-0.6349757578125002,8.064705882352943,36.88235294117647,37.88235294117647,42.88235294117647,40.38235294117647,37.88235294117647,0.37652739292279414,357,99
2024,11623,Jordan Whittington,WR,15,61.900000000000006,-69.30000000000001,-0.6391786406250002,8.746666666666668,47.333333333333336,48.333333333333336,53.333333333333336,50.833333333333336,48.333333333333336,0.40505403802083334,358,135
2024,9479,Darnell Washington,TE,17,72.0,-68.06,-0.6445592343749998,8.238823529411764,24.11764705882353,25.11764705882353,30.11764705882353,27.61764705882353,25.11764705882353,0.39585368795955883,359,70
2024,4950,Christian Kirk,WR,17,80.4,-71.35000000000001,-0.6458622031250001,8.926470588235293,46.8235294117647,47.8235294117647,52.8235294117647,50.3235294117647,47.8235294117647,0.4036159751838235,360,136
2024,4198,Jamal Agnew,WR,8,0.0,-71.0,-0.6463750312500001,8.875,48.0,49.0,54.0,51.5,49.0,0.4065347744140625,361,137
2024,7587,Dyami Brown,WR,16,77.0,-65.2,-0.6508140703125,8.887500000000001,46.75,47.75,52.75,50.25,47.75,0.4053760361328125,362,138
2024,7608,Khalil Herbert,RB,14,43.2,-70.10000000000001,-0.6513854296875,8.092857142857143,36.785714285714285,37.785714285714285,42.785714285714285,40.285714285714285,37.785714285714285,0.37922682142857145,363,100
2024,10861,Xazavian Valladay,RB,9,0.0,-71.45,-0.6514567500000001,7.938888888888889,35.888888888888886,36.888888888888886,41.888888888888886,39.388888888888886,36.888888888888886,0.3797712074652778,364,101
2024,4314,Johnny Mundt,TE,17,70.2,-70.36,-0.6566844609374999,8.268235294117646,24.176470588235293,25.176470588235293,30.176470588235293,27.676470588235293,25.176470588235293,0.39618247288602937,365,71
2024,4718,Dare Ogunbowale,RB,17,68.0,-70.80000000000001,-0.6571616328125003,8.164705882352942,36.76470588235294,37.76470588235294,42.76470588235294,40.26470588235294,37.76470588235294,0.37791430055147057,366,102
2024,2325,Nelson Agholor,WR,14,54.1,-67.80000000000001,-0.6577147812499998,8.707142857142857,46.642857142857146,47.642857142857146,52.642857142857146,50.142857142857146,47.642857142857146,0.40335297377232143,367,139
2024,11579,Audric Estime,RB,17,71.4,-67.4,-0.6596696093750001,8.164705882352942,36.76470588235294,37.76470588235294,42.76470588235294,40.26470588235294,37.76470588235294,0.37791430055147057,368,103
2024,7751,Dax Milne,WR,8,0.0,-70.10000000000001,-0.6604084375,8.762500000000001,47.375,48.375,53.375,50.875,48.375,0.407670025390625,369,140
2024,10228,Charlie Jones,WR,8,5.5,-65.80000000000001,-0.6610564375000002,8.912500000000001,46.75,47.75,52.75,50.25,47.75,0.401063703125,370,141
2024,5124,Alex McGough,QB,7,0.0,-85.99,-0.6707559453124998,12.284285714285714,24.0,25.0,30.0,27.5,25.0,0.2921937700892857,371,56
2024,11762,Anthony Gould,WR,8,3.8000000000000003,-71.25,-0.6754407656250001,9.381250000000001,47.25,48.25,53.25,50.75,48.25,0.405624955078125,372,142
2024,3258,Nick Vannett,TE,17,69.5,-69.71000000000001,-0.6770928359374997,8.188823529411765,24.294117647058822,25.294117647058822,30.294117647058822,27.794117647058822,25.294117647058822,0.3966314434742647,373,72
2024,11627,Troy Franklin,WR,16,72.0,-70.10000000000001,-0.6776645312499998,8.88125,46.9375,47.9375,52.9375,50.4375,47.9375,0.4043355947265625,374,143
2024,10229,Rashee Rice,WR,17,76.1,-74.45000000000002,-0.6815011796875001,8.855882352941178,47.0,48.0,53.0,50.5,48.0,0.40431141176470586,375,144
2024,8757,Rodney Williams,TE,8,0.0,-68.16,-0.6820187890624998,8.52,23.0,24.0,29.0,26.5,24.0,0.3964782001953125,376,73
2024,11629,Devontez Walker,WR,9,9.1,-70.95,-0.683328171875,8.894444444444446,46.888888888888886,47.888888888888886,52.888888888888886,50.388888888888886,47.888888888888886,0.40879666406250004,377,145
2024,8755,Kaden Davis,WR,8,0.0,-72.9,-0.686646046875,9.1125,47.875,48.875,53.875,51.375,48.875,0.402922361328125,378,146
2024,8116,Pierre Strong,RB,15,44.9,-74.4,-0.6921466328125001,7.953333333333334,36.266666666666666,37.266666666666666,42.266666666666666,39.766666666666666,37.266666666666666,0.37607240156250005,379,104
2024,2197,Brandin Cooks,WR,17,78.2,-71.85000000000001,-0.693051109375,8.826470588235296,47.411764705882355,48.411764705882355,53.411764705882355,50.911764705882355,48.411764705882355,0.4032060799632353,380,147
2024,5257,Tim Boyle,QB,8,22.040000000000003,-80.47,-0.6947777656250002,12.81375,24.0,25.0,30.0,27.5,25.0,0.30245227734375,381,57
2024,6850,Harrison Bryant,TE,13,31.6,-76.15,-0.7057000234374997,8.288461538461538,23.53846153846154,24.53846153846154,29.53846153846154,27.03846153846154,24.53846153846154,0.4021199771634615,382,74
2024,11599,Cade Stover,TE,15,53.3,-71.71000000000001,-0.7062359687499997,8.334,24.2,25.2,30.2,27.7,25.2,0.39228885468749997,383,75
2024,11783,Ryan Flournoy,WR,11,20.700000000000003,-73.85,-0.7084053984375001,8.595454545454546,48.0,49.0,54.0,51.5,49.0,0.4047220447443182,384,148
2024,6803,Brandon Aiyuk,WR,17,73.9,-76.1,-0.7093275468749998,8.823529411764707,47.294117647058826,48.294117647058826,53.294117647058826,50.794117647058826,48.294117647058826,0.40457459650735295,385,149
2024,2446,MyCole Pruitt,TE,12,23.0,-75.61,-0.7127421718750001,8.2175,24.666666666666668,25.666666666666668,30.666666666666668,28.166666666666668,25.666666666666668,0.39533957291666666,386,76
2024,11592,Erick All,TE,17,63.8,-77.21000000000001,-0.7142589453124998,8.294705882352941,24.235294117647058,25.235294117647058,30.235294117647058,27.735294117647058,25.235294117647058,0.39611303033088235,387,77
2024,5878,N'Keal Harry,TE,9,0.0,-73.85,-0.7151016640624999,8.205555555555556,23.555555555555557,24.555555555555557,29.555555555555557,27.055555555555557,24.555555555555557,0.39616272569444444,388,78
2024,6712,Marcus Simms,WR,8,0.0,-71.30000000000001,-0.7153684843750001,8.912500000000001,46.75,47.75,52.75,50.25,47.75,0.401063703125,389,150
2024,11895,Mason Tipton,WR,11,24.9,-72.45,-0.7224307109374999,8.850000000000001,46.72727272727273,47.72727272727273,52.72727272727273,50.22727272727273,47.72727272727273,0.4042115788352273,390,151
2024,5110,Russell Gage,WR,9,0.0,-78.7,-0.7242102187499999,8.744444444444445,47.77777777777778,48.77777777777778,53.77777777777778,51.27777777777778,48.77777777777778,0.40769539062500004,391,152
2024,10220,Will Mallory,TE,10,11.9,-73.41,-0.7258836874999999,8.531,25.1,26.1,31.1,28.6,26.1,0.3926139203125,392,79
2024,11568,Blake Watson,RB,10,5.1,-77.65,-0.7340444921875,8.275,36.3,37.3,42.3,39.8,37.3,0.38174035078125,393,105
2024,8924,Thomas Odukoya,TE,10,0.0,-80.4,-0.7367778125000001,8.040000000000001,25.4,26.4,31.4,28.9,26.4,0.3943264875,394,80
2024,6233,Matt Sokol,TE,10,0.0,-80.9,-0.737816375,8.09,24.6,25.6,30.6,28.1,25.6,0.39699372109375,395,81
2024,8178,Braylon Sanders,WR,9,0.0,-79.65,-0.74010396875,8.850000000000001,47.44444444444444,48.44444444444444,53.44444444444444,50.94444444444444,48.44444444444444,0.40801111458333333,396,153
2024,6869,Adam Trautman,TE,17,62.8,-79.26,-0.7407355312499998,8.356470588235295,24.11764705882353,25.11764705882353,30.11764705882353,27.61764705882353,25.11764705882353,0.3947116842830882,397,82
2024,5806,John Wolford,QB,7,0.0,-92.85,-0.7411969140625,13.264285714285714,24.0,25.0,30.0,27.5,25.0,0.30438752343750003,398,58
2024,5113,Cedrick Wilson,WR,15,54.94,-78.21000000000001,-0.7437692031250001,8.876666666666667,47.0,48.0,53.0,50.5,48.0,0.40298673541666663,399,154
2024,7854,Miller Forristall,TE,9,0.0,-75.96,-0.7534136718749999,8.44,23.333333333333332,24.333333333333332,29.333333333333332,26.833333333333332,24.333333333333332,0.39769095225694445,400,83
2024,6001,Drew Sample,TE,17,63.7,-77.31,-0.7537126171874995,8.294705882352941,24.235294117647058,25.235294117647058,30.235294117647058,27.735294117647058,25.235294117647058,0.39611303033088235,401,84
2024,6970,Stephen Sullivan,TE,10,0.0,-82.0,-0.7579127265625,8.2,25.0,26.0,31.0,28.5,26.0,0.39590010624999994,402,85
2024,4038,John Ross,WR,9,2.1,-76.35000000000001,-0.7598887812499999,8.716666666666667,46.44444444444444,47.44444444444444,52.44444444444444,49.94444444444444,47.44444444444444,0.4063095954861111,403,155
2024,11588,Jawhar Jordan,RB,10,0.0,-82.4,-0.764870921875,8.24,35.6,36.6,41.6,39.1,36.6,0.38151915234375,404,106
2024,4973,Hayden Hurst,TE,13,25.3,-79.85,-0.765269640625,8.088461538461539,24.0,25.0,30.0,27.5,25.0,0.40402497956730765,405,86
2024,6853,Van Jefferson,WR,17,69.6,-80.4,-0.7655909453124998,8.823529411764707,47.294117647058826,48.294117647058826,53.294117647058826,50.794117647058826,48.294117647058826,0.40457459650735295,406,156
2024,4127,C.J. Beathard,QB,9,0.0,-101.72,-0.7723623359374999,11.302222222222222,24.0,25.0,30.0,27.5,25.0,0.275896328125,407,59
2024,6943,Gabe Davis,WR,16,59.4,-83.9,-0.7753767421875,8.95625,47.0,48.0,53.0,50.5,48.0,0.4039798984375,408,157
2024,11370,Chris Brooks,RB,17,55.9,-81.60000000000001,-0.7759736015624998,8.088235294117647,36.64705882352941,37.64705882352941,42.64705882352941,40.14705882352941,37.64705882352941,0.3767118814338235,409,107
2024,11574,Dylan Laube,RB,10,-1.8,-83.10000000000001,-0.7759895390625,8.13,35.7,36.7,41.7,39.2,36.7,0.37929376796875003,410,108
2024,10219,Chris Rodriguez,RB,15,43.0,-81.9,-0.7770686328124996,8.326666666666666,37.333333333333336,38.333333333333336,43.333333333333336,40.833333333333336,38.333333333333336,0.37670500260416667,411,109
2024,9757,Kendre Miller,RB,15,42.9,-80.35000000000001,-0.7781688749999998,8.216666666666667,37.2,38.2,43.2,40.7,38.2,0.37904298593749997,412,110
2024,7612,Dee Eskridge,WR,10,8.4,-79.7,-0.7788314765625002,8.81,46.9,47.9,52.9,50.4,47.9,0.399358025,413,158
2024,11608,Isaiah Williams,WR,9,2.6,-81.7,-0.7792633828125001,9.366666666666667,46.77777777777778,47.77777777777778,52.77777777777778,50.27777777777778,47.77777777777778,0.4041234375,414,159
2024,11571,Isaiah Davis,RB,17,57.900000000000006,-80.7,-0.7810612890624999,8.152941176470588,36.94117647058823,37.94117647058823,42.94117647058823,40.44117647058823,37.94117647058823,0.3768635174632353,415,111
2024,5374,Justin Watson,WR,17,69.4,-81.15,-0.7811869218750003,8.855882352941178,47.0,48.0,53.0,50.5,48.0,0.40431141176470586,416,160
2024,8207,Tyler Goodson,RB,17,54.3,-84.5,-0.7826644453125,8.164705882352942,36.76470588235294,37.76470588235294,42.76470588235294,40.26470588235294,37.76470588235294,0.37791430055147057,417,112
2024,11643,Jaylen Wright,RB,16,46.300000000000004,-83.7,-0.7845850078125002,8.125,36.6875,37.6875,42.6875,40.1875,37.6875,0.37996183740234374,418,113
2024,11210,Malik Heath,WR,13,34.2,-80.5,-0.785489671875,8.823076923076924,47.15384615384615,48.15384615384615,53.15384615384615,50.65384615384615,48.15384615384615,0.4023548467548077,419,161
2024,6402,Steven Sims,WR,9,-1.8,-80.95,-0.7858254453125,8.794444444444444,47.55555555555556,48.55555555555556,53.55555555555556,51.05555555555556,48.55555555555556,0.40338420920138884,420,162
2024,5938,Lil'Jordan Humphrey,WR,17,71.8,-79.15,-0.7872938281250004,8.879411764705884,47.11764705882353,48.11764705882353,53.11764705882353,50.61764705882353,48.11764705882353,0.4047417444852941,421,163
2024,11900,Jacob Kibodi,RB,11,6.9,-83.9,-0.7905562578124999,8.254545454545454,37.09090909090909,38.09090909090909,43.09090909090909,40.59090909090909,38.09090909090909,0.3778563806818182,422,114
2024,11586,Blake Corum,RB,17,53.6,-83.55000000000001,-0.7991259374999999,8.06764705882353,36.8235294117647,37.8235294117647,42.8235294117647,40.3235294117647,37.8235294117647,0.3789159278492647,423,115
2024,6963,Patrick Taylor,RB,16,44.6,-84.80000000000001,-0.8003125078125,8.0875,36.5625,37.5625,42.5625,40.0625,37.5625,0.37722503759765624,424,116
2024,4454,Kendrick Bourne,WR,17,71.3,-79.65,-0.8031696562500004,8.879411764705884,47.11764705882353,48.11764705882353,53.11764705882353,50.61764705882353,48.11764705882353,0.4047417444852941,425,164
2024,11433,Nate Adkins,TE,17,60.5,-81.56,-0.8034758124999999,8.356470588235295,24.11764705882353,25.11764705882353,30.11764705882353,27.61764705882353,25.11764705882353,0.3947116842830882,426,87
2024,10862,Dorian Thompson-Robinson,QB,11,28.500000000000007,-101.74,-0.8066352578125,11.840000000000002,24.0,25.0,30.0,27.5,25.0,0.2855623636363636,427,60
2024,7084,Jake Luton,QB,7,0.0,-102.04,-0.8134655078125,14.577142857142858,24.0,25.0,30.0,27.5,25.0,0.3113382232142857,428,61
2024,6996,JaMycal Hasty,RB,15,35.3,-86.7,-0.819300484375,8.133333333333333,36.86666666666667,37.86666666666667,42.86666666666667,40.36666666666667,37.86666666666667,0.37934647916666664,429,117
2024,3634,Kalif Raymond,WR,17,61.4,-88.9,-0.8212400703125001,8.841176470588236,47.11764705882353,48.11764705882353,53.11764705882353,50.61764705882353,48.11764705882353,0.40546238143382357,430,165
2024,11570,Rasheen Ali,RB,11,6.1000000000000005,-86.2,-0.8215802812499999,8.390909090909092,37.27272727272727,38.27272727272727,43.27272727272727,40.77272727272727,38.27272727272727,0.3787605411931818,431,118
2024,7891,Brock Wright,TE,17,53.0,-86.21000000000001,-0.8235326953125,8.188823529411765,24.294117647058822,25.294117647058822,30.294117647058822,27.794117647058822,25.294117647058822,0.3966314434742647,432,88
2024,8660,Leroy Watson,TE,10,0.0,-84.26,-0.8243268359374998,8.426,23.3,24.3,29.3,26.8,24.3,0.397199371875,433,89
2024,11312,T.J. Luther,WR,10,0.0,-88.55000000000001,-0.8289256875000001,8.855,47.7,48.7,53.7,51.2,48.7,0.40010314375,434,166
2024,10234,Derius Davis,WR,15,45.0,-86.0,-0.829420375,8.733333333333333,47.6,48.6,53.6,51.1,48.6,0.40480748489583335,435,167
2024,10227,Payne Durham,TE,16,48.5,-84.16,-0.8322487109374996,8.29125,23.9375,24.9375,29.9375,27.4375,24.9375,0.39753305517578125,436,90
2024,11511,John Stephens,TE,11,0.0,-89.96000000000001,-0.834396859375,8.17818181818182,25.272727272727273,26.272727272727273,31.272727272727273,28.772727272727273,26.272727272727273,0.3919708025568182,437,91
2024,11625,Adonai Mitchell,WR,17,64.06,-86.89,-0.8361796562500001,8.879411764705884,47.11764705882353,48.11764705882353,53.11764705882353,50.61764705882353,48.11764705882353,0.4047417444852941,438,168
2024,11034,Jalen Brooks,WR,14,40.2,-84.25,-0.8396858125,8.889285714285714,47.07142857142857,48.07142857142857,53.07142857142857,50.57142857142857,48.07142857142857,0.4019075993303572,439,169
2024,8840,Cole Fotheringham,TE,11,0.0,-88.31,-0.8469769453124998,8.02818181818182,25.181818181818183,26.181818181818183,31.181818181818183,28.681818181818183,26.181818181818183,0.39219476349431814,440,92
2024,8145,Jeremy Ruckert,TE,17,52.5,-88.51,-0.8476001484374998,8.294705882352941,24.235294117647058,25.235294117647058,30.235294117647058,27.735294117647058,25.235294117647058,0.39611303033088235,441,93
2024,8253,Deven Thompkins,WR,11,8.1,-87.05000000000001,-0.8516678281250002,8.65,46.27272727272727,47.27272727272727,52.27272727272727,49.77272727272727,47.27272727272727,0.4047584786931818,442,170
2024,8801,Dennis Houston,WR,10,0.0,-89.85000000000001,-0.8525699140625,8.985000000000001,46.9,47.9,52.9,50.4,47.9,0.40569408828125003,443,171
2024,5101,Deon Cain,WR,10,0.0,-87.05000000000001,-0.8529985468750001,8.705000000000002,46.9,47.9,52.9,50.4,47.9,0.4016213203125,444,172
2024,2307,Marcus Mariota,QB,17,77.86,-119.67000000000002,-0.853791234375,11.619411764705882,24.0,25.0,30.0,27.5,25.0,0.28450298529411766,445,62
2024,8123,Hassan Haskins,RB,17,45.6,-90.35000000000001,-0.8571353281249998,7.997058823529413,36.588235294117645,37.588235294117645,42.588235294117645,40.088235294117645,37.588235294117645,0.37515783777573525,446,119
2024,7607,Michael Carter,RB,17,47.8,-89.30000000000001,-0.8573228203124998,8.064705882352943,36.88235294117647,37.88235294117647,42.88235294117647,40.38235294117647,37.88235294117647,0.37652739292279414,447,120
2024,2334,Phillip Dorsett,WR,10,0.0,-91.35000000000001,-0.8600524140625,9.135000000000002,46.7,47.7,52.7,50.2,47.7,0.40526521796875,448,173
2024,7541,Cornell Powell,WR,10,0.0,-91.35000000000001,-0.8600524140625,9.135000000000002,46.7,47.7,52.7,50.2,47.7,0.40526521796875,449,174
2024,8749,Tyreik McAllister,RB,12,2.0,-92.7,-0.8604848906250001,7.891666666666667,35.75,36.75,41.75,39.25,36.75,0.3739810162760417,450,121
2024,7602,Kylen Granson,TE,17,55.2,-86.86,-0.8624661328124996,8.356470588235295,24.11764705882353,25.11764705882353,30.11764705882353,27.61764705882353,25.11764705882353,0.3947116842830882,451,94
2024,8230,Ty Chandler,RB,17,44.10000000000001,-93.05000000000001,-0.8631619609374999,8.06764705882353,36.8235294117647,37.8235294117647,42.8235294117647,40.3235294117647,37.8235294117647,0.3789159278492647,452,122
2024,5127,Kyle Allen,QB,8,1.76,-106.09,-0.8652106406250001,13.48125,24.0,25.0,30.0,27.5,25.0,0.2935910087890625,453,63
2024,6421,Jalen Guyton,WR,10,0.0,-87.95,-0.8654742656250001,8.795,46.8,47.8,52.8,50.3,47.8,0.40161038906249996,454,175
2024,4054,Mo Alie-Cox,TE,17,50.7,-91.36,-0.8677875859374999,8.356470588235295,24.11764705882353,25.11764705882353,30.11764705882353,27.61764705882353,25.11764705882353,0.3947116842830882,455,95
2024,1352,Robert Woods,WR,15,44.3,-90.35000000000001,-0.8841026953125004,8.976666666666667,47.333333333333336,48.333333333333336,53.333333333333336,50.833333333333336,48.333333333333336,0.40381895520833333,456,176
2024,8241,Anthony Brown,QB,10,0.0,-113.10000000000001,-0.8870002812499999,11.31,24.0,25.0,30.0,27.5,25.0,0.28029434296875,457,64
2024,11371,Julian Hill,TE,16,39.0,-93.41,-0.89543834375,8.275625,24.0625,25.0625,30.0625,27.5625,25.0625,0.3960725122070312,458,96
2024,11633,Jamari Thrash,WR,11,6.2,-93.9,-0.8979020468750001,9.100000000000001,47.09090909090909,48.09090909090909,53.09090909090909,50.59090909090909,48.09090909090909,0.4079189147727273,459,177
2024,11582,Carson Steele,RB,17,42.1,-95.05000000000001,-0.8987707578124998,8.06764705882353,36.8235294117647,37.8235294117647,42.8235294117647,40.3235294117647,37.8235294117647,0.3789159278492647,460,123
2024,9492,Trey Palmer,WR,15,38.2,-96.00000000000001,-0.9120890390625,8.946666666666667,46.8,47.8,52.8,50.3,47.8,0.4053861385416667,461,178
2024,6137,Tommy Sweeney,TE,12,0.0,-97.61,-0.9139948515624999,8.134166666666667,25.25,26.25,31.25,28.75,26.25,0.3920026106770833,462,97
2024,4068,Mike Williams,WR,18,63.3,-95.15,-0.9154091874999999,8.802777777777779,47.111111111111114,48.111111111111114,53.111111111111114,50.611111111111114,48.111111111111114,0.40419785243055556,463,179
2024,8220,Sincere McCormick,RB,17,41.0,-96.5,-0.9162042578124999,8.088235294117647,36.64705882352941,37.64705882352941,42.64705882352941,40.14705882352941,37.64705882352941,0.3767118814338235,464,124
2024,8225,Daniel Bellinger,TE,17,48.5,-92.66,-0.9167631562499998,8.303529411764705,24.176470588235293,25.176470588235293,30.176470588235293,27.676470588235293,25.176470588235293,0.39682980376838234,465,98
2024,11606,Dallin Holker,TE,13,9.1,-97.9,-0.9188832031249998,8.23076923076923,24.923076923076923,25.923076923076923,30.923076923076923,28.423076923076923,25.923076923076923,0.3951535625,466,99
2024,6843,Albert Okwuegbunam,TE,11,0.0,-94.56,-0.9203012031249999,8.596363636363636,23.454545454545453,24.454545454545453,29.454545454545453,26.954545454545453,24.454545454545453,0.39716303267045455,467,100
2024,6918,Salvon Ahmed,RB,12,0.0,-98.65,-0.9205598593750001,8.220833333333333,36.0,37.0,42.0,39.5,37.0,0.38202088606770834,468,125
2024,8005,Tarik Black,WR,11,0.0,-98.05000000000001,-0.921595171875,8.913636363636364,47.18181818181818,48.18181818181818,53.18181818181818,50.68181818181818,48.18181818181818,0.40606744957386365,469,180
2024,11630,Roman Wilson,WR,11,0.0,-97.5,-0.9225425546875,8.863636363636363,47.63636363636363,48.63636363636363,53.63636363636363,51.13636363636363,48.63636363636363,0.4064741896306818,470,181
2024,12389,Hayden Rucci,TE,12,0.0,-97.05,-0.9226576718749999,8.0875,23.75,24.75,29.75,27.25,24.75,0.40071552083333334,471,101
2024,7989,DJ Turner,WR,17,52.1,-98.65,-0.9227572343749999,8.867647058823529,47.1764705882353,48.1764705882353,53.1764705882353,50.6764705882353,48.1764705882353,0.40344594255514704,472,182
2024,11113,Joel Wilson,TE,12,0.0,-98.71000000000001,-0.9275316796874999,8.225833333333334,24.916666666666668,25.916666666666668,30.916666666666668,28.416666666666668,25.916666666666668,0.3938705130208333,473,102
2024,11946,Marcus Rosemy-Jacksaint,WR,11,0.0,-94.2,-0.92775934375,8.563636363636364,47.18181818181818,48.18181818181818,53.18181818181818,50.68181818181818,48.18181818181818,0.40586119247159086,474,183
2024,8665,Armani Rogers,TE,12,0.0,-98.91,-0.9323975312499999,8.2425,25.583333333333332,26.583333333333332,31.583333333333332,29.083333333333332,26.583333333333332,0.39133967382812496,475,103
2024,8161,Malik Willis,QB,17,79.8,-120.88,-0.9328602500000002,11.804705882352941,24.0,25.0,30.0,27.5,25.0,0.28654468704044117,476,65
2024,6989,Marquez Callaway,WR,11,0.0,-98.25,-0.9363506015625,8.931818181818182,46.45454545454545,47.45454545454545,52.45454545454545,49.95454545454545,47.45454545454545,0.40709080610795456,477,184
2024,6323,Andrew Beck,RB,12,0.0,-99.7,-0.94414703125,8.308333333333334,37.333333333333336,38.333333333333336,43.333333333333336,40.833333333333336,38.333333333333336,0.37685846093750003,478,126
2024,4189,Eric Saubert,TE,17,41.7,-98.36,-0.9492366015624999,8.238823529411764,24.11764705882353,25.11764705882353,30.11764705882353,27.61764705882353,25.11764705882353,0.39585368795955883,479,104
2024,2078,Odell Beckham,WR,13,16.0,-96.65,-0.9494435468750002,8.665384615384616,46.61538461538461,47.61538461538461,52.61538461538461,50.11538461538461,47.61538461538461,0.4033642710336538,480,185
2024,11280,Brady Russell,RB,12,0.0,-98.2,-0.9504769609374997,8.183333333333334,37.583333333333336,38.583333333333336,43.583333333333336,41.083333333333336,38.583333333333336,0.3733254485677083,481,127
2024,8127,Charlie Kolar,TE,17,42.49999999999999,-99.56,-0.9521754999999997,8.356470588235295,24.11764705882353,25.11764705882353,30.11764705882353,27.61764705882353,25.11764705882353,0.3947116842830882,482,105
2024,11885,Ramel Keyton,WR,12,2.2,-101.9,-0.9564815078125,8.675,47.416666666666664,48.416666666666664,53.416666666666664,50.916666666666664,48.416666666666664,0.40432588411458337,483,186
2024,7087,Jonathan Ward,RB,13,3.7,-101.60000000000001,-0.9590306249999998,8.100000000000001,37.23076923076923,38.23076923076923,43.23076923076923,40.73076923076923,38.23076923076923,0.3746700096153846,484,128
2024,8413,Chris Oladokun,QB,11,-0.30000000000000004,-123.77000000000001,-0.9600351796874999,11.224545454545455,24.0,25.0,30.0,27.5,25.0,0.2797438955965909,485,66
2024,9511,Keaton Mitchell,RB,14,11.3,-100.10000000000001,-0.9608182187499996,7.957142857142857,36.785714285714285,37.785714285714285,42.785714285714285,40.285714285714285,37.785714285714285,0.37703144921875,486,129
2024,5209,Mike Boone,RB,14,10.0,-101.8,-0.962633484375,7.985714285714287,36.357142857142854,37.357142857142854,42.357142857142854,39.857142857142854,37.357142857142854,0.37533896037946424,487,130
2024,7039,Cody White,WR,12,7.4,-97.95,-0.9660923203125003,8.779166666666667,46.833333333333336,47.833333333333336,52.833333333333336,50.333333333333336,47.833333333333336,0.40283923828125,488,187
2024,3269,Chris Moore,WR,11,0.0,-98.9,-0.9677294609375,8.990909090909092,46.90909090909091,47.90909090909091,52.90909090909091,50.40909090909091,47.90909090909091,0.4015387848011364,489,188
2024,8489,Drew Ogletree,TE,17,39.9,-102.16,-0.9690564296874999,8.356470588235295,24.11764705882353,25.11764705882353,30.11764705882353,27.61764705882353,25.11764705882353,0.3947116842830882,490,106
2024,6290,Scotty Miller,WR,13,12.9,-101.60000000000001,-0.9811239765625002,8.807692307692308,47.61538461538461,48.61538461538461,53.61538461538461,51.11538461538461,48.61538461538461,0.4020607788461538,491,189
2024,4443,Pharaoh Brown,TE,15,22.5,-103.06,-0.9812458515624998,8.370666666666667,24.666666666666668,25.666666666666668,30.666666666666668,28.166666666666668,25.666666666666668,0.39330286197916664,492,107
2024,8119,Jahan Dotson,WR,17,48.599999999999994,-101.70000000000002,-0.9820337109375,8.841176470588236,47.11764705882353,48.11764705882353,53.11764705882353,50.61764705882353,48.11764705882353,0.40546238143382357,493,190
2024,11577,Will Shipley,RB,16,23.7,-104.05000000000001,-0.9837374765625,7.984375,36.8125,37.8125,42.8125,40.3125,37.8125,0.3739146953125,494,131
2024,3271,Tyler Higbee,TE,17,37.6,-102.96000000000001,-0.9856119687499998,8.268235294117646,24.176470588235293,25.176470588235293,30.176470588235293,27.676470588235293,25.176470588235293,0.39618247288602937,495,108
2024,6598,Trenton Irwin,WR,12,5.0,-102.7,-0.990185390625,8.975,47.5,48.5,53.5,51.0,48.5,0.404512962890625,496,191
2024,6012,Travis Homer,RB,14,8.6,-103.80000000000001,-0.9941807499999998,8.028571428571428,36.92857142857143,37.92857142857143,42.92857142857143,40.42857142857143,37.92857142857143,0.37896265401785717,497,132
2024,11998,Emani Bailey,RB,13,0.0,-105.75,-0.9942426093749999,8.134615384615385,37.53846153846154,38.53846153846154,43.53846153846154,41.03846153846154,38.53846153846154,0.3761519621394231,498,133
2024,2460,C.J. Uzomah,TE,13,0.0,-106.11,-0.996938234375,8.162307692307692,25.46153846153846,26.46153846153846,31.46153846153846,28.96153846153846,26.46153846153846,0.39150839302884616,499,109
2024,10214,Davis Allen,TE,15,17.9,-106.06,-0.9970071562499999,8.264000000000001,24.6,25.6,30.6,28.1,25.6,0.3948071177083333,500,110
2024,9231,Jaren Hall,QB,12,0.0,-122.39,-0.9974217968750001,10.199166666666667,24.0,25.0,30.0,27.5,25.0,0.278381302734375,501,67
2024,8423,Brittain Brown,RB,13,0.0,-107.0,-1.0005009296874998,8.23076923076923,36.30769230769231,37.30769230769231,42.30769230769231,39.80769230769231,37.30769230769231,0.37837503064903844,502,134
2024,6659,Craig Reynolds,RB,17,31.1,-104.85000000000001,-1.0018425546875,7.997058823529413,36.588235294117645,37.588235294117645,42.588235294117645,40.088235294117645,37.588235294117645,0.37515783777573525,503,135
2024,7946,Jack Stoll,TE,13,5.0,-103.91,-1.0021343984375,8.377692307692307,23.692307692307693,24.692307692307693,29.692307692307693,27.192307692307693,24.692307692307693,0.39630345072115386,504,111
2024,11559,Michael Penix,QB,17,74.0,-126.47,-1.002562078125,11.792352941176471,24.0,25.0,30.0,27.5,25.0,0.2847308704044118,505,68
2024,10216,Kenny McIntosh,RB,17,33.1,-104.4,-1.00319303125,8.088235294117647,36.64705882352941,37.64705882352941,42.64705882352941,40.14705882352941,37.64705882352941,0.3767118814338235,506,136
2024,7534,Seth Williams,WR,12,0.0,-105.95,-1.003623078125,8.829166666666667,47.333333333333336,48.333333333333336,53.333333333333336,50.833333333333336,48.333333333333336,0.4057507740885417,507,192
2024,11619,Ja'Lynn Polk,WR,16,33.9,-106.15,-1.0079010624999998,8.753125,47.25,48.25,53.25,50.75,48.25,0.40505746435546874,508,193
2024,11617,Malachi Corley,WR,12,6.6,-104.35000000000001,-1.0144316796875,9.245833333333334,47.166666666666664,48.166666666666664,53.166666666666664,50.666666666666664,48.166666666666664,0.4053836041666667,509,194
2024,3257,Jacoby Brissett,QB,17,67.74000000000001,-129.79,-1.0156074375,11.619411764705882,24.0,25.0,30.0,27.5,25.0,0.28450298529411766,510,69
2024,11640,Jermaine Burton,WR,14,18.7,-106.30000000000001,-1.0171606328125002,8.928571428571429,47.0,48.0,53.0,50.5,48.0,0.40324145033482145,511,195
2024,6427,Ashton Dulin,WR,15,24.7,-106.7,-1.0176122890625,8.76,47.6,48.6,53.6,51.1,48.6,0.40538946666666664,512,196
2024,12395,Tanner Knue,WR,12,0.0,-106.15,-1.0183785078125,8.845833333333333,46.666666666666664,47.666666666666664,52.666666666666664,50.166666666666664,47.666666666666664,0.40668885091145834,513,197
2024,11493,Jordan Murray,TE,13,0.0,-107.3,-1.0190853359374998,8.253846153846153,23.53846153846154,24.53846153846154,29.53846153846154,27.03846153846154,24.53846153846154,0.4003641171875,514,112
2024,11645,Javon Baker,WR,12,2.7,-106.10000000000001,-1.0202585078125002,9.066666666666668,47.333333333333336,48.333333333333336,53.333333333333336,50.833333333333336,48.333333333333336,0.40562107291666666,515,198
2024,10863,A.T. Perry,WR,12,0.0,-106.85000000000001,-1.0222169921875,8.904166666666667,46.916666666666664,47.916666666666664,52.916666666666664,50.416666666666664,47.916666666666664,0.407926298828125,516,199
2024,11056,Jared Wayne,WR,12,0.0,-106.85000000000001,-1.0222169921875,8.904166666666667,46.916666666666664,47.916666666666664,52.916666666666664,50.416666666666664,47.916666666666664,0.407926298828125,517,200
2024,7606,Kadarius Toney,WR,12,-2.0,-106.0,-1.0254253984375001,8.666666666666666,46.583333333333336,47.583333333333336,52.583333333333336,50.083333333333336,47.583333333333336,0.4014818671875,518,201
2024,7842,Luke Farrell,TE,17,34.699999999999996,-106.31,-1.0254443828124997,8.294705882352941,24.235294117647058,25.235294117647058,30.235294117647058,27.735294117647058,25.235294117647058,0.39611303033088235,519,113
2024,2410,Jamison Crowder,WR,15,27.2,-105.95,-1.0254672656250001,8.876666666666667,47.2,48.2,53.2,50.7,48.2,0.40625232499999997,520,202
2024,8188,Tyquan Thornton,WR,13,9.7,-108.10000000000001,-1.0273825156250003,9.061538461538463,47.46153846153846,48.46153846153846,53.46153846153846,50.96153846153846,48.46153846153846,0.40212780228365386,521,203
2024,12045,Jack Westover,TE,13,0.0,-108.96000000000001,-1.0284766562499998,8.381538461538462,25.23076923076923,26.23076923076923,31.23076923076923,28.73076923076923,26.23076923076923,0.38899793870192306,522,114
2024,11806,Casey Washington,WR,12,2.9000000000000004,-105.0,-1.028622234375,8.991666666666667,45.916666666666664,46.916666666666664,51.916666666666664,49.416666666666664,46.916666666666664,0.4034793333333333,523,204
2024,11897,Jermaine Jackson,WR,12,0.1,-107.5,-1.0330219843750001,8.966666666666667,46.25,47.25,52.25,49.75,47.25,0.40407310872395835,524,205
2024,4171,Josh Reynolds,WR,17,42.9,-108.05000000000001,-1.0347345078125,8.879411764705884,47.11764705882353,48.11764705882353,53.11764705882353,50.61764705882353,48.11764705882353,0.4047417444852941,525,206
2024,4602,Robert Tonyan,TE,13,0.0,-108.36,-1.0365210078125,8.335384615384616,23.692307692307693,24.692307692307693,29.692307692307693,27.192307692307693,24.692307692307693,0.3942169152644231,526,115
2024,8195,Ronnie Rivers,RB,17,26.200000000000003,-110.95,-1.0369455546875002,8.06764705882353,36.8235294117647,37.8235294117647,42.8235294117647,40.3235294117647,37.8235294117647,0.3789159278492647,527,137
2024,7595,Tylan Wallace,WR,17,42.300000000000004,-108.65,-1.0379844765625001,8.879411764705884,47.11764705882353,48.11764705882353,53.11764705882353,50.61764705882353,48.11764705882353,0.4047417444852941,528,207
2024,5980,Myles Gaskin,RB,14,2.6,-111.35000000000001,-1.0399343203125,8.139285714285714,36.857142857142854,37.857142857142854,42.857142857142854,40.357142857142854,37.857142857142854,0.38187887109375,529,138
2024,11593,Brevyn Spann-Ford,TE,17,32.8,-106.91,-1.0404500156249996,8.218235294117648,24.0,25.0,30.0,27.5,25.0,0.39658098575367645,530,116
2024,8157,Bailey Zappe,QB,10,8.399999999999999,-127.55000000000001,-1.0551031796875001,13.595000000000002,24.0,25.0,30.0,27.5,25.0,0.3008095125,531,70
2024,11808,Jha'Quan Jackson,WR,12,-2.0,-106.9,-1.0556106484375,8.741666666666667,46.75,47.75,52.75,50.25,47.75,0.40569586002604163,532,208
2024,6885,Ke'Shawn Vaughn,RB,14,0.8,-111.80000000000001,-1.05840284375,8.042857142857143,37.214285714285715,38.214285714285715,43.214285714285715,40.714285714285715,38.214285714285715,0.37552963671875,533,139
2024,6665,Jody Fortson,TE,14,3.5,-112.71000000000001,-1.0633183984374999,8.300714285714287,25.0,26.0,31.0,28.5,26.0,0.3926245669642857,534,117
2024,11748,Bub Means,WR,16,29.8,-112.65,-1.0641731796875002,8.903125000000001,46.75,47.75,52.75,50.25,47.75,0.4035464555664062,535,209
2024,8181,Connor Heyward,RB,17,24.0,-112.7,-1.0647010859375,8.041176470588237,36.588235294117645,37.588235294117645,42.588235294117645,40.088235294117645,37.588235294117645,0.37778267003676475,536,140
2024,6931,DeeJay Dallas,RB,17,24.8,-112.30000000000001,-1.0736190234374998,8.064705882352943,36.88235294117647,37.88235294117647,42.88235294117647,40.38235294117647,37.88235294117647,0.37652739292279414,537,141
2024,11421,Ryan Miller,WR,17,39.3,-110.95000000000002,-1.0758983593750002,8.838235294117647,46.94117647058823,47.94117647058823,52.94117647058823,50.44117647058823,47.94117647058823,0.40386825183823527,538,210
2024,5917,Mecole Hardman,WR,17,37.7,-112.85000000000001,-1.07712703125,8.855882352941178,47.0,48.0,53.0,50.5,48.0,0.40431141176470586,539,211
2024,7535,Hunter Long,TE,17,28.0,-112.56,-1.0796251093749998,8.268235294117646,24.176470588235293,25.176470588235293,30.176470588235293,27.676470588235293,25.176470588235293,0.39618247288602937,540,118
2024,11925,Terique Owens,WR,13,0.0,-114.05000000000001,-1.083416109375,8.773076923076925,47.15384615384615,48.15384615384615,53.15384615384615,50.65384615384615,48.15384615384615,0.4057673022836538,541,212
2024,11650,Luke McCaffrey,WR,17,38.800000000000004,-112.15,-1.0841787421875,8.879411764705884,47.11764705882353,48.11764705882353,53.11764705882353,50.61764705882353,48.11764705882353,0.4047417444852941,542,213
2024,11186,Carlos Washington,RB,14,0.0,-113.2,-1.0848328515624996,8.085714285714285,37.214285714285715,38.214285714285715,43.214285714285715,40.714285714285715,38.214285714285715,0.3754608046875,543,142
2024,7009,Trishton Jackson,WR,13,0.0,-115.65,-1.0858988437500001,8.896153846153847,47.07692307692308,48.07692307692308,53.07692307692308,50.57692307692308,48.07692307692308,0.40515890504807694,544,214
2024,7529,Gary Brightwell,RB,14,0.0,-115.80000000000001,-1.0893615312499998,8.271428571428572,36.785714285714285,37.785714285714285,42.785714285714285,40.285714285714285,37.785714285714285,0.3782527176339286,545,143
2024,10223,Eric Gray,RB,17,22.1,-115.00000000000001,-1.0908016875,8.064705882352943,36.88235294117647,37.88235294117647,42.88235294117647,40.38235294117647,37.88235294117647,0.37652739292279414,546,144
2024,7536,Quintin Morris,TE,16,21.6,-113.26,-1.0918757109375,8.42875,24.125,25.125,30.125,27.625,25.125,0.3947853505859375,547,119
2024,12070,McCallan Castles,TE,14,0.0,-115.61,-1.0922322109375,8.257857142857143,24.5,25.5,30.5,28.0,25.5,0.3958629776785714,548,120
2024,7075,Charlie Woerner,TE,16,21.6,-112.36,-1.0928975468749997,8.3725,24.1875,25.1875,30.1875,27.6875,25.1875,0.3970358525390625,549,121
2024,11099,Kearis Jackson,WR,13,0.0,-114.30000000000001,-1.095471375,8.792307692307693,46.69230769230769,47.69230769230769,52.69230769230769,50.19230769230769,47.69230769230769,0.40484362079326924,550,215
2024,9490,Tyler Scott,WR,13,1.5,-114.80000000000001,-1.09555959375,8.946153846153846,47.30769230769231,48.30769230769231,53.30769230769231,50.80769230769231,48.30769230769231,0.4023341971153846,551,216
2024,11942,Colson Yankoff,TE,14,0.0,-115.0,-1.0964997734375,8.214285714285714,24.142857142857142,25.142857142857142,30.142857142857142,27.642857142857142,25.142857142857142,0.3959897700892857,552,122
2024,10218,Xavier Hutchinson,WR,16,26.7,-113.55000000000001,-1.09740703125,8.765625,47.4375,48.4375,53.4375,50.9375,48.4375,0.4047957783203125,553,217
2024,8197,Peyton Hendershot,TE,16,17.1,-115.71000000000001,-1.097760046875,8.300625,24.5,25.5,30.5,28.0,25.5,0.39435870068359374,554,123
2024,8414,Britain Covey,WR,14,11.4,-112.65,-1.100617046875,8.860714285714286,47.07142857142857,48.07142857142857,53.07142857142857,50.57142857142857,48.07142857142857,0.4056410089285714,555,218
2024,10224,Brayden Willis,TE,14,0.0,-116.61,-1.100882765625,8.329285714285714,23.714285714285715,24.714285714285715,29.714285714285715,27.214285714285715,24.714285714285715,0.3964127706473214,556,124
2024,12154,Messiah Swinson,TE,14,0.0,-116.56,-1.102555265625,8.325714285714286,25.0,26.0,31.0,28.5,26.0,0.39194948660714285,557,125
2024,11201,Blake Whiteheart,TE,17,24.1,-116.81,-1.1041779296874998,8.288823529411765,24.176470588235293,25.176470588235293,30.176470588235293,27.676470588235293,25.176470588235293,0.3956265243566176,558,126
2024,8254,Julius Chestnut,RB,17,18.700000000000003,-117.25,-1.1044282343749998,7.997058823529413,36.588235294117645,37.588235294117645,42.588235294117645,40.088235294117645,37.588235294117645,0.37515783777573525,559,145
2024,10225,Jonathan Mingo,WR,17,35.6,-115.15,-1.1061016953124998,8.867647058823529,47.1764705882353,48.1764705882353,53.1764705882353,50.6764705882353,48.1764705882353,0.40344594255514704,560,219
2024,2549,Trevor Siemian,QB,13,0.0,-141.39000000000001,-1.1061608671874998,10.876153846153848,24.0,25.0,30.0,27.5,25.0,0.27732577584134616,561,71
2024,8206,Skylar Thompson,QB,12,10.580000000000002,-137.95000000000002,-1.10848753125,12.3775,24.0,25.0,30.0,27.5,25.0,0.2919637272135417,562,72
2024,11729,Sione Vaki,RB,16,10.3,-117.55000000000001,-1.1110821953124999,7.9906250000000005,36.5,37.5,42.5,40.0,37.5,0.3755738662109375,563,146
2024,10221,Ronnie Bell,WR,14,5.2,-116.4,-1.1134211640625,8.685714285714287,47.42857142857143,48.42857142857143,53.42857142857143,50.92857142857143,48.42857142857143,0.4052043303571429,564,220
2024,5008,Durham Smythe,TE,17,24.299999999999997,-116.26,-1.1136059453124998,8.268235294117646,24.176470588235293,25.176470588235293,30.176470588235293,27.676470588235293,25.176470588235293,0.39618247288602937,565,127
2024,4951,DJ Chark,WR,14,13.1,-113.85000000000001,-1.1161827734375,9.067857142857143,46.785714285714285,47.785714285714285,52.785714285714285,50.285714285714285,47.785714285714285,0.40508403236607143,566,221
2024,11605,Jaheim Bell,TE,15,7.0,-117.31,-1.1192294375,8.287333333333333,24.4,25.4,30.4,27.9,25.4,0.3940407536458333,567,128
2024,8227,Teagan Quitoriano,TE,14,0.0,-117.71000000000001,-1.1216114765624998,8.407857142857143,24.928571428571427,25.928571428571427,30.928571428571427,28.428571428571427,25.928571428571427,0.390838609375,568,129
2024,12383,John Jiles,WR,13,0.0,-116.35000000000001,-1.1216854296875,8.950000000000001,47.0,48.0,53.0,50.5,48.0,0.4066419104567308,569,222
2024,10867,Jake Bobo,WR,17,33.2,-117.55000000000001,-1.1235394765625,8.867647058823529,47.1764705882353,48.1764705882353,53.1764705882353,50.6764705882353,48.1764705882353,0.40344594255514704,570,223
2024,8255,Raheem Blackshear,RB,16,12.0,-117.0,-1.1245445312499998,8.0625,36.8125,37.8125,42.8125,40.3125,37.8125,0.37552076123046874,571,147
2024,11583,Jonathon Brooks,RB,16,10.3,-119.5,-1.1271007499999999,8.1125,36.875,37.875,42.875,40.375,37.875,0.3758913056640625,572,148
2024,7716,John Bates,TE,17,25.400000000000002,-116.66,-1.1325243749999996,8.356470588235295,24.11764705882353,25.11764705882353,30.11764705882353,27.61764705882353,25.11764705882353,0.3947116842830882,573,130
2024,4089,Gerald Everett,TE,17,20.6,-119.11,-1.1361472499999998,8.218235294117648,24.0,25.0,30.0,27.5,25.0,0.39658098575367645,574,131
2024,7204,Reggie Gilliam,RB,15,1.8000000000000003,-121.4,-1.1446687578125,8.213333333333333,36.86666666666667,37.86666666666667,42.86666666666667,40.36666666666667,37.86666666666667,0.37676490833333337,575,149
2024,9481,Luke Musgrave,TE,17,20.5,-120.41,-1.1449963671874999,8.288823529411765,24.176470588235293,25.176470588235293,30.176470588235293,27.676470588235293,25.176470588235293,0.3956265243566176,576,132
2024,8849,Tanner Conner,TE,16,8.6,-122.05,-1.1453275859374998,8.165625,24.0625,25.0625,30.0625,27.5625,25.0625,0.39869075927734376,577,133
2024,7597,Kenny Yeboah,TE,17,22.7,-118.31,-1.1460076796874998,8.294705882352941,24.235294117647058,25.235294117647058,30.235294117647058,27.735294117647058,25.235294117647058,0.39611303033088235,578,134
2024,2381,Chris Conley,WR,15,15.1,-119.05000000000001,-1.1471236093750004,8.943333333333333,47.4,48.4,53.4,50.9,48.4,0.40520579739583334,579,224
2024,9499,Bryce Ford-Wheaton,WR,14,6.0,-120.2,-1.1545231562500002,9.014285714285714,47.07142857142857,48.07142857142857,53.07142857142857,50.57142857142857,48.07142857142857,0.4034799581473214,580,225
2024,11580,Dillon Johnson,RB,15,0.0,-121.2,-1.158774359375,8.08,37.2,38.2,43.2,40.7,38.2,0.37560790364583335,581,150
2024,8200,Kevin Austin,WR,17,32.2,-119.55000000000001,-1.1588536171875001,8.926470588235293,46.8235294117647,47.8235294117647,52.8235294117647,50.3235294117647,47.8235294117647,0.4036159751838235,582,226
2024,5848,Marquise Brown,WR,16,20.6,-121.10000000000001,-1.1595681562500002,8.856250000000001,46.8125,47.8125,52.8125,50.3125,47.8125,0.4038783662109375,583,227
2024,8500,John FitzPatrick,TE,15,2.2,-122.56,-1.1601892890624999,8.317333333333334,23.866666666666667,24.866666666666667,29.866666666666667,27.366666666666667,24.866666666666667,0.3965147088541666,584,135
2024,3357,Brandon Allen,QB,15,12.459999999999999,-145.32,-1.1623651640625,10.518666666666666,24.0,25.0,30.0,27.5,25.0,0.2792966619791667,585,73
2024,11561,Michael Pratt,QB,14,0.0,-143.11,-1.1637438359374999,10.222142857142858,24.0,25.0,30.0,27.5,25.0,0.28150559151785715,586,74
2024,8885,Tucker Fisk,TE,17,18.9,-120.31,-1.1649405390624998,8.188823529411765,24.294117647058822,25.294117647058822,30.294117647058822,27.794117647058822,25.294117647058822,0.3966314434742647,587,136
2024,2545,Geoff Swaim,TE,15,2.7,-123.26,-1.1690577265624997,8.397333333333334,24.533333333333335,25.533333333333335,30.533333333333335,28.033333333333335,25.533333333333335,0.39378367083333327,588,137
2024,8204,Bo Melton,WR,17,28.6,-122.15,-1.171808671875,8.867647058823529,47.1764705882353,48.1764705882353,53.1764705882353,50.6764705882353,48.1764705882353,0.40344594255514704,589,228
2024,11596,Ben Sinnott,TE,17,19.8,-122.26,-1.1719413828124998,8.356470588235295,24.11764705882353,25.11764705882353,30.11764705882353,27.61764705882353,25.11764705882353,0.3947116842830882,590,138
2024,11616,Jacob Cowing,WR,15,13.4,-121.75,-1.1724529921875002,9.01,47.0,48.0,53.0,50.5,48.0,0.4053985010416667,591,229
2024,11649,Kendall Milton,RB,15,0.0,-123.60000000000001,-1.1727962187499998,8.24,37.2,38.2,43.2,40.7,38.2,0.3753422609375,592,151
2024,5773,KhaDarel Hodge,WR,17,30.599999999999998,-121.15,-1.1749006250000003,8.926470588235293,46.8235294117647,47.8235294117647,52.8235294117647,50.3235294117647,47.8235294117647,0.4036159751838235,593,230
2024,7720,Kene Nwangwu,RB,16,6.0,-125.45,-1.1770075703124998,8.215625000000001,36.8125,37.8125,42.8125,40.3125,37.8125,0.3777811513671875,594,152
2024,8208,Tyler Badie,RB,17,14.600000000000001,-124.2,-1.1786100468749998,8.164705882352942,36.76470588235294,37.76470588235294,42.76470588235294,40.26470588235294,37.76470588235294,0.37791430055147057,595,153
2024,8527,Dareke Young,WR,14,0.0,-123.95,-1.1819966640625001,8.85357142857143,47.214285714285715,48.214285714285715,53.214285714285715,50.714285714285715,48.214285714285715,0.40304538671875,596,231
2024,12374,Brenden Bates,TE,15,0.0,-124.16,-1.1822298437499998,8.277333333333333,24.733333333333334,25.733333333333334,30.733333333333334,28.233333333333334,25.733333333333334,0.393035546875,597,139
2024,11636,Johnny Wilson,WR,16,15.8,-123.80000000000001,-1.1834796093750002,8.725000000000001,47.4375,48.4375,53.4375,50.9375,48.4375,0.405561455078125,598,232
2024,11581,MarShawn Lloyd,RB,16,4.0,-126.35000000000001,-1.1839743984375,8.146875,36.5,37.5,42.5,40.0,37.5,0.37762003808593747,599,154
2024,8809,Aaron Shampklin,RB,16,3.4000000000000004,-125.9,-1.1844387578125,8.08125,36.5,37.5,42.5,40.0,37.5,0.37914811328125,600,155
2024,10210,Cameron Latu,TE,15,0.0,-123.21000000000001,-1.1851908749999998,8.214,24.466666666666665,25.466666666666665,30.466666666666665,27.966666666666665,25.466666666666665,0.396346078125,601,140
2024,6798,Jalen Reagor,WR,16,17.8,-123.2,-1.186960578125,8.8125,47.0625,48.0625,53.0625,50.5625,48.0625,0.40550826220703123,602,233
2024,12412,Terrell Jennings,RB,16,5.9,-124.7,-1.1885170703124999,8.162500000000001,37.0,38.0,43.0,40.5,38.0,0.37684343701171874,603,156
2024,11621,Brenden Rice,WR,14,0.0,-125.25,-1.1886970390625,8.946428571428571,46.92857142857143,47.92857142857143,52.92857142857143,50.42857142857143,47.92857142857143,0.4059826763392857,604,234
2024,11558,Sam Hartman,QB,13,0.0,-149.35,-1.1887826015625,11.488461538461538,24.0,25.0,30.0,27.5,25.0,0.2822959543269231,605,75
2024,12356,Jabari Small,RB,16,0.0,-127.05000000000001,-1.197605046875,7.940625000000001,36.375,37.375,42.375,39.875,37.375,0.373869052734375,606,157
2024,8202,Michael Woods,WR,16,15.500000000000002,-124.85000000000001,-1.2009647343750003,8.771875,47.3125,48.3125,53.3125,50.8125,48.3125,0.4026593935546875,607,235
2024,11963,Chris Collier,RB,16,2.8000000000000003,-127.00000000000001,-1.2050039921875,8.1125,36.875,37.875,42.875,40.375,37.875,0.3758913056640625,608,158
2024,11716,Tip Reiman,TE,17,16.7,-124.46000000000001,-1.2054594843749997,8.303529411764705,24.176470588235293,25.176470588235293,30.176470588235293,27.676470588235293,25.176470588235293,0.39682980376838234,609,141
2024,6126,Irv Smith,TE,15,0.0,-126.71000000000001,-1.2055934218749997,8.447333333333335,24.6,25.6,30.6,28.1,25.6,0.39226604322916664,610,142
2024,8799,Zaire Mitchell-Paden,TE,15,0.0,-126.71000000000001,-1.2055934218749997,8.447333333333335,24.6,25.6,30.6,28.1,25.6,0.39226604322916664,611,143
2024,3048,Chris Manhertz,TE,17,16.0,-125.16,-1.2088591015624999,8.303529411764705,24.176470588235293,25.176470588235293,30.176470588235293,27.676470588235293,25.176470588235293,0.39682980376838234,612,144
2024,11082,Ben Sims,TE,17,13.200000000000001,-127.71000000000001,-1.2104014921874997,8.288823529411765,24.176470588235293,25.176470588235293,30.176470588235293,27.676470588235293,25.176470588235293,0.3956265243566176,613,145
2024,9220,Evan Hull,RB,16,0.0,-129.0,-1.211012265625,8.0625,36.75,37.75,42.75,40.25,37.75,0.37821723583984374,614,159
2024,5154,Trent Sherfield,WR,17,23.8,-126.75000000000001,-1.2114213359375001,8.855882352941178,47.0,48.0,53.0,50.5,48.0,0.40431141176470586,615,236
2024,9495,Rakim Jarrett,WR,17,23.900000000000002,-126.35000000000001,-1.2173941093750003,8.838235294117647,46.94117647058823,47.94117647058823,52.94117647058823,50.44117647058823,47.94117647058823,0.40386825183823527,616,237
2024,8250,Tay Martin,WR,16,13.9,-127.55000000000001,-1.22105984375,8.840625000000001,46.9375,47.9375,52.9375,50.4375,47.9375,0.405101271484375,617,238
2024,7599,Jermar Jefferson,RB,17,6.4,-129.55,-1.2226873828124998,7.997058823529413,36.588235294117645,37.588235294117645,42.588235294117645,40.088235294117645,37.588235294117645,0.37515783777573525,618,160
2024,11654,Dante Miller,RB,16,0.0,-129.4,-1.2292398359374999,8.0875,36.9375,37.9375,42.9375,40.4375,37.9375,0.3768229169921875,619,161
2024,12062,Cam Grandy,TE,17,13.8,-127.21000000000001,-1.2298040781249997,8.294705882352941,24.235294117647058,25.235294117647058,30.235294117647058,27.735294117647058,25.235294117647058,0.39611303033088235,620,146
2024,6973,J.J. Taylor,RB,17,8.9,-129.9,-1.2305014375,8.164705882352942,36.76470588235294,37.76470588235294,42.76470588235294,40.26470588235294,37.76470588235294,0.37791430055147057,621,162
2024,1837,Jimmy Garoppolo,QB,17,36.76,-157.11,-1.2308720859375,11.404117647058824,24.0,25.0,30.0,27.5,25.0,0.28566700735294115,622,76
2024,4029,Dalvin Cook,RB,17,6.1000000000000005,-131.3,-1.2324258906249999,8.08235294117647,36.588235294117645,37.588235294117645,42.588235294117645,40.088235294117645,37.588235294117645,0.3785218350183823,623,163
2024,4854,River Cracraft,WR,16,15.600000000000001,-127.45,-1.2339672968750002,8.940625,47.0,48.0,53.0,50.5,48.0,0.40489639453125,624,239
2024,11467,John Samuel Shenker,TE,16,2.7,-130.06,-1.2372210390624998,8.2975,24.0625,25.0625,30.0625,27.5625,25.0625,0.3954818168945312,625,147
2024,7757,Ben Skowronek,WR,16,13.9,-127.35000000000001,-1.237635890625,8.828125,46.9375,47.9375,52.9375,50.4375,47.9375,0.40519844140625,626,240
2024,7531,Feleipe Franks,TE,16,4.2,-128.81,-1.2387993749999997,8.313125,24.0625,25.0625,30.0625,27.5625,25.0625,0.3967603012695312,627,148
2024,6847,Devin Duvernay,WR,17,24.0,-127.75,-1.2437360312499999,8.926470588235293,46.8235294117647,47.8235294117647,52.8235294117647,50.3235294117647,47.8235294117647,0.4036159751838235,628,241
2024,7812,Simi Fehoko,WR,17,19.6,-130.70000000000002,-1.248930015625,8.841176470588236,47.11764705882353,48.11764705882353,53.11764705882353,50.61764705882353,48.11764705882353,0.40546238143382357,629,242
2024,8523,Nick Muse,TE,16,0.0,-131.46,-1.2493589609374998,8.21625,24.3125,25.3125,30.3125,27.8125,25.3125,0.3951297846679687,630,149
2024,11304,E.J. Jenkins,TE,17,8.7,-130.51,-1.2498055625,8.188823529411765,24.294117647058822,25.294117647058822,30.294117647058822,27.794117647058822,25.294117647058822,0.3966314434742647,631,150
2024,8698,Jake Tonges,TE,16,0.0,-130.96,-1.25039315625,8.185,24.25,25.25,30.25,27.75,25.25,0.39478045068359374,632,151
2024,7427,Tyler Mabry,TE,16,0.0,-131.36,-1.25415509375,8.21,24.0,25.0,30.0,27.5,25.0,0.3951477963867187,633,152
2024,11994,Kameron Johnson,WR,15,2.0,-128.55,-1.2546440937500003,8.703333333333335,47.0,48.0,53.0,50.5,48.0,0.403000084375,634,243
2024,11508,Princeton Fant,TE,16,0.0,-131.11,-1.2601366328124999,8.194375,24.125,25.125,30.125,27.625,25.125,0.39840265625,635,153
2024,11851,Carter Bradley,QB,14,0.0,-154.5,-1.2623113515625,11.035714285714286,24.0,25.0,30.0,27.5,25.0,0.2843598270089286,636,77
2024,6814,Laviska Shenault,WR,16,11.9,-132.15,-1.2624762421875,9.003125,46.875,47.875,52.875,50.375,47.875,0.4027807036132812,637,244
2024,12410,John Jackson,WR,15,0.0,-132.9,-1.264037125,8.860000000000001,47.4,48.4,53.4,50.9,48.4,0.4031778458333333,638,245
2024,6895,Quintez Cephus,WR,15,0.0,-133.4,-1.26578990625,8.893333333333334,46.93333333333333,47.93333333333333,52.93333333333333,50.43333333333333,47.93333333333333,0.4044305552083333,639,246
2024,8114,Erik Ezukanma,WR,15,0.0,-131.4,-1.2673508671875002,8.76,46.733333333333334,47.733333333333334,52.733333333333334,50.233333333333334,47.733333333333334,0.40417801302083334,640,247
2024,8211,Tyrion Davis-Price,RB,17,1.3000000000000003,-134.65,-1.2678184765624998,7.997058823529413,36.588235294117645,37.588235294117645,42.588235294117645,40.088235294117645,37.588235294117645,0.37515783777573525,641,164
2024,12048,George Holani,RB,17,3.0,-134.5,-1.2679185703124998,8.088235294117647,36.64705882352941,37.64705882352941,42.64705882352941,40.14705882352941,37.64705882352941,0.3767118814338235,642,165
2024,11615,Ainias Smith,WR,17,18.6,-131.70000000000002,-1.26801571875,8.841176470588236,47.11764705882353,48.11764705882353,53.11764705882353,50.61764705882353,48.11764705882353,0.40546238143382357,643,248
2024,11815,Cornelius Johnson,WR,15,0.0,-133.6,-1.2699826250000001,8.906666666666666,47.13333333333333,48.13333333333333,53.13333333333333,50.63333333333333,48.13333333333333,0.4034496901041667,644,249
2024,5965,Miles Boykin,WR,15,0.0,-133.6,-1.2699826250000001,8.906666666666666,47.13333333333333,48.13333333333333,53.13333333333333,50.63333333333333,48.13333333333333,0.4034496901041667,645,250
2024,7713,Jaelon Darden,WR,15,2.1,-132.15,-1.2722008515625003,8.95,47.13333333333333,48.13333333333333,53.13333333333333,50.63333333333333,48.13333333333333,0.4035456286458333,646,251
2024,6894,Mitchell Wilcox,TE,16,0.0,-132.51,-1.2732113046874998,8.281875,23.9375,24.9375,29.9375,27.4375,24.9375,0.3941757788085937,647,154
2024,7537,Jaret Patterson,RB,17,0.0,-135.95000000000002,-1.2786844921874998,7.997058823529413,36.588235294117645,37.588235294117645,42.588235294117645,40.088235294117645,37.588235294117645,0.37515783777573525,648,166
2024,7064,Darrynton Evans,RB,17,0.9000000000000001,-135.8,-1.2800828046875,8.041176470588237,36.588235294117645,37.588235294117645,42.588235294117645,40.088235294117645,37.588235294117645,0.37778267003676475,649,167
2024,4995,Ian Thomas,TE,17,7.7,-133.46,-1.2808941171874997,8.303529411764705,24.176470588235293,25.176470588235293,30.176470588235293,27.676470588235293,25.176470588235293,0.39682980376838234,650,155
2024,8219,Jelani Woods,TE,16,0.0,-134.41,-1.28144615625,8.400625,24.0625,25.0625,30.0625,27.5625,25.0625,0.39485913330078126,651,156
2024,4080,Zay Jones,WR,17,18.900000000000002,-131.35,-1.2818383046875002,8.838235294117647,46.94117647058823,47.94117647058823,52.94117647058823,50.44117647058823,47.94117647058823,0.40386825183823527,652,252
2024,7050,Josiah Deguara,TE,17,7.4,-133.61,-1.2824979374999999,8.294705882352941,24.235294117647058,25.235294117647058,30.235294117647058,27.735294117647058,25.235294117647058,0.39611303033088235,653,157
2024,2755,Eric Tomlinson,TE,17,4.9,-134.31,-1.2834755703124998,8.188823529411765,24.294117647058822,25.294117647058822,30.294117647058822,27.794117647058822,25.294117647058822,0.3966314434742647,654,158
2024,8160,Kenny Pickett,QB,17,38.94,-158.0,-1.2844369921875,11.58470588235294,24.0,25.0,30.0,27.5,25.0,0.2869385528492647,655,78
2024,8041,Shane Zylstra,TE,17,5.2,-134.01,-1.2860794843749999,8.188823529411765,24.294117647058822,25.294117647058822,30.294117647058822,27.794117647058822,25.294117647058822,0.3966314434742647,656,159
2024,2750,DeAndre Carter,WR,17,15.7,-134.35,-1.2868185625,8.826470588235296,47.411764705882355,48.411764705882355,53.411764705882355,50.911764705882355,48.411764705882355,0.4032060799632353,657,253
2024,7561,Elijah Mitchell,RB,17,0.0,-136.70000000000002,-1.28741225,8.041176470588237,36.588235294117645,37.588235294117645,42.588235294117645,40.088235294117645,37.588235294117645,0.37778267003676475,658,168
2024,11959,Bryce Oliver,WR,17,17.5,-132.8,-1.2874673750000003,8.841176470588236,47.11764705882353,48.11764705882353,53.11764705882353,50.61764705882353,48.11764705882353,0.40546238143382357,659,254
2024,10870,Deneric Prince,RB,17,0.0,-137.15,-1.2875568515625,8.06764705882353,36.8235294117647,37.8235294117647,42.8235294117647,40.3235294117647,37.8235294117647,0.3789159278492647,660,169
2024,11299,Zavier Scott,RB,17,0.0,-137.15,-1.2875568515625,8.06764705882353,36.8235294117647,37.8235294117647,42.8235294117647,40.3235294117647,37.8235294117647,0.3789159278492647,661,170
2024,8221,Keaontay Ingram,RB,17,0.0,-137.15,-1.2875568515625,8.06764705882353,36.8235294117647,37.8235294117647,42.8235294117647,40.3235294117647,37.8235294117647,0.3789159278492647,662,171
2024,5695,Brandon Powell,WR,17,16.6,-133.95000000000002,-1.2893226640625,8.855882352941178,47.0,48.0,53.0,50.5,48.0,0.40431141176470586,663,255
2024,5880,Parris Campbell,WR,17,15.0,-135.3,-1.2907731093750001,8.841176470588236,47.11764705882353,48.11764705882353,53.11764705882353,50.61764705882353,48.11764705882353,0.40546238143382357,664,256
2024,12036,Ian Wheeler,RB,17,0.0,-137.4,-1.2927002734375,8.08235294117647,36.588235294117645,37.588235294117645,42.588235294117645,40.088235294117645,37.588235294117645,0.3785218350183823,665,172
2024,8800,Malik Davis,RB,17,0.0,-137.4,-1.2927002734375,8.08235294117647,36.588235294117645,37.588235294117645,42.588235294117645,40.088235294117645,37.588235294117645,0.3785218350183823,666,173
2024,11483,Ellis Merriweather,RB,17,0.0,-137.5,-1.2927074531249998,8.088235294117647,36.64705882352941,37.64705882352941,42.64705882352941,40.14705882352941,37.64705882352941,0.3767118814338235,667,174
2024,5347,Nyheim Miller-Hines,RB,17,0.0,-137.5,-1.2927074531249998,8.088235294117647,36.64705882352941,37.64705882352941,42.64705882352941,40.14705882352941,37.64705882352941,0.3767118814338235,668,175
2024,6828,AJ Dillon,RB,17,0.0,-137.5,-1.2927074531249998,8.088235294117647,36.64705882352941,37.64705882352941,42.64705882352941,40.14705882352941,37.64705882352941,0.3767118814338235,669,176
2024,9497,Jalin Hyatt,WR,17,15.7,-134.55,-1.2952284843750002,8.838235294117647,46.94117647058823,47.94117647058823,52.94117647058823,50.44117647058823,47.94117647058823,0.40386825183823527,670,257
2024,7565,Terrace Marshall,WR,16,7.600000000000001,-134.75,-1.2952467500000002,8.896875,47.5,48.5,53.5,51.0,48.5,0.4023451899414062,671,258
2024,111,Marcedes Lewis,TE,17,3.2,-136.51,-1.2990109999999997,8.218235294117648,24.0,25.0,30.0,27.5,25.0,0.39658098575367645,672,160
2024,7357,Dan Chisena,WR,16,7.7,-134.65,-1.2997654140625001,8.896875000000001,46.8125,47.8125,52.8125,50.3125,47.8125,0.40396830859375,673,259
2024,11989,D.J. Williams,RB,17,0.0,-137.10000000000002,-1.3000103593749999,8.064705882352943,36.88235294117647,37.88235294117647,42.88235294117647,40.38235294117647,37.88235294117647,0.37652739292279414,674,177
2024,5000,Chase Edmonds,RB,17,0.0,-137.10000000000002,-1.3000103593749999,8.064705882352943,36.88235294117647,37.88235294117647,42.88235294117647,40.38235294117647,37.88235294117647,0.37652739292279414,675,178
2024,6386,Alex Bachman,WR,16,7.1,-135.45000000000002,-1.3003766328125002,8.909375,47.0,48.0,53.0,50.5,48.0,0.40304874755859377,676,260
2024,8159,Desmond Ridder,QB,17,39.22,-161.46,-1.3029980390625,11.804705882352941,24.0,25.0,30.0,27.5,25.0,0.28654468704044117,677,79
2024,7568,Brevin Jordan,TE,17,5.699999999999999,-136.36,-1.3040632968749999,8.356470588235295,24.11764705882353,25.11764705882353,30.11764705882353,27.61764705882353,25.11764705882353,0.3947116842830882,678,161
2024,11306,Xavier Gipson,WR,17,16.099999999999998,-135.65,-1.3051846875000002,8.926470588235293,46.8235294117647,47.8235294117647,52.8235294117647,50.3235294117647,47.8235294117647,0.4036159751838235,679,261
2024,11060,Robert Burns,RB,17,0.0,-138.6,-1.3071521093749998,8.152941176470588,36.94117647058823,37.94117647058823,42.94117647058823,40.44117647058823,37.94117647058823,0.3768635174632353,680,179
2024,11573,Frank Gore,RB,17,0.0,-138.6,-1.3071521093749998,8.152941176470588,36.94117647058823,37.94117647058823,42.94117647058823,40.44117647058823,37.94117647058823,0.3768635174632353,681,180
2024,11652,Louis Rees-Zammit,RB,17,0.0,-138.6,-1.3071521093749998,8.152941176470588,36.94117647058823,37.94117647058823,42.94117647058823,40.44117647058823,37.94117647058823,0.3768635174632353,682,181
2024,11773,Keilan Robinson,RB,17,0.0,-138.6,-1.3071521093749998,8.152941176470588,36.94117647058823,37.94117647058823,42.94117647058823,40.44117647058823,37.94117647058823,0.3768635174632353,683,182
2024,6144,Trayveon Williams,RB,17,0.0,-138.6,-1.3071521093749998,8.152941176470588,36.94117647058823,37.94117647058823,42.94117647058823,40.44117647058823,37.94117647058823,0.3768635174632353,684,183
2024,7794,Chris Evans,RB,17,0.0,-138.6,-1.3071521093749998,8.152941176470588,36.94117647058823,37.94117647058823,42.94117647058823,40.44117647058823,37.94117647058823,0.3768635174632353,685,184
2024,7809,Avery Williams,RB,17,0.0,-138.6,-1.3071521093749998,8.152941176470588,36.94117647058823,37.94117647058823,42.94117647058823,40.44117647058823,37.94117647058823,0.3768635174632353,686,185
2024,7559,Ihmir Smith-Marsette,WR,16,6.0,-135.4,-1.3083657031250002,8.8375,46.75,47.75,52.75,50.25,47.75,0.4034075087890625,687,262
2024,11595,Jared Wiley,TE,17,2.7,-137.86,-1.3094193984375,8.268235294117646,24.176470588235293,25.176470588235293,30.176470588235293,27.676470588235293,25.176470588235293,0.39618247288602937,688,162
2024,12171,British Brooks,RB,17,0.4,-138.4,-1.3098538359375,8.164705882352942,36.76470588235294,37.76470588235294,42.76470588235294,40.26470588235294,37.76470588235294,0.37791430055147057,689,186
2024,11377,Tyrell Shavers,WR,17,16.9,-134.85000000000002,-1.3101579765625002,8.926470588235293,46.8235294117647,47.8235294117647,52.8235294117647,50.3235294117647,47.8235294117647,0.4036159751838235,690,263
2024,11384,Owen Wright,RB,17,0.0,-138.8,-1.3133545624999998,8.164705882352942,36.76470588235294,37.76470588235294,42.76470588235294,40.26470588235294,37.76470588235294,0.37791430055147057,691,187
2024,11943,Michael Wiley,RB,17,0.0,-138.8,-1.3133545624999998,8.164705882352942,36.76470588235294,37.76470588235294,42.76470588235294,40.26470588235294,37.76470588235294,0.37791430055147057,692,188
2024,8174,Kevin Harris,RB,17,0.0,-138.8,-1.3133545624999998,8.164705882352942,36.76470588235294,37.76470588235294,42.76470588235294,40.26470588235294,37.76470588235294,0.37791430055147057,693,189
2024,8820,Troy Hairston,RB,17,0.0,-138.8,-1.3133545624999998,8.164705882352942,36.76470588235294,37.76470588235294,42.76470588235294,40.26470588235294,37.76470588235294,0.37791430055147057,694,190
2024,2711,Taylor Heinicke,QB,15,2.02,-166.31,-1.313532,11.222000000000001,24.0,25.0,30.0,27.5,25.0,0.27989888177083333,695,80
2024,827,Tyrod Taylor,QB,17,35.66,-164.81,-1.323356234375,11.792352941176471,24.0,25.0,30.0,27.5,25.0,0.2847308704044118,696,81
2024,6957,James Proche,WR,16,3.5999999999999996,-139.25,-1.327198125,8.928125,47.0625,48.0625,53.0625,50.5625,48.0625,0.40351960498046874,697,264
2024,5285,Ross Dwelley,TE,17,2.5,-138.51,-1.3292415624999998,8.294705882352941,24.235294117647058,25.235294117647058,30.235294117647058,27.735294117647058,25.235294117647058,0.39611303033088235,698,163
2024,7943,Zach Davidson,TE,17,2.5,-138.51,-1.3292415624999998,8.294705882352941,24.235294117647058,25.235294117647058,30.235294117647058,27.735294117647058,25.235294117647058,0.39611303033088235,699,164
2024,8170,James Mitchell,TE,17,0.0,-139.21,-1.3295057265624999,8.188823529411765,24.294117647058822,25.294117647058822,30.294117647058822,27.794117647058822,25.294117647058822,0.3966314434742647,700,165
2024,6451,Stephen Carlson,TE,17,0.0,-139.71,-1.3314736328124999,8.218235294117648,24.0,25.0,30.0,27.5,25.0,0.39658098575367645,701,166
2024,5013,Anthony Miller,WR,16,3.1,-137.45000000000002,-1.3333414453125003,8.784375,47.25,48.25,53.25,50.75,48.25,0.40403618310546874,702,265
2024,7438,Kristian Wilkerson,WR,17,10.3,-140.45000000000002,-1.3347357421875001,8.867647058823529,47.1764705882353,48.1764705882353,53.1764705882353,50.6764705882353,48.1764705882353,0.40344594255514704,703,266
2024,12256,Baylor Cupp,TE,17,0.0,-140.56,-1.3348190234375,8.268235294117646,24.176470588235293,25.176470588235293,30.176470588235293,27.676470588235293,25.176470588235293,0.39618247288602937,704,167
2024,7622,Sammis Reyes,TE,17,0.0,-140.56,-1.3348190234375,8.268235294117646,24.176470588235293,25.176470588235293,30.176470588235293,27.676470588235293,25.176470588235293,0.39618247288602937,705,168
2024,8107,Nikola Kalinic,TE,17,0.0,-140.56,-1.3348190234375,8.268235294117646,24.176470588235293,25.176470588235293,30.176470588235293,27.676470588235293,25.176470588235293,0.39618247288602937,706,169
2024,12068,Mason Pline,TE,17,0.0,-140.06,-1.3358532187499998,8.238823529411764,24.11764705882353,25.11764705882353,30.11764705882353,27.61764705882353,25.11764705882353,0.39585368795955883,707,170
2024,12009,Jack Plummer,QB,15,0.0,-162.69,-1.338371828125,10.846,24.0,25.0,30.0,27.5,25.0,0.28318080937499995,708,82
2024,7131,Tyler Davis,TE,17,0.0,-140.91,-1.3419879375,8.288823529411765,24.176470588235293,25.176470588235293,30.176470588235293,27.676470588235293,25.176470588235293,0.3956265243566176,709,171
2024,8475,Montrell Washington,WR,16,0.0,-140.15,-1.3424305937500003,8.759375,47.125,48.125,53.125,50.625,48.125,0.4035789545898438,710,267
2024,11911,Jeshaun Jones,WR,16,0.0,-141.70000000000002,-1.3462408359375,8.856250000000001,46.8125,47.8125,52.8125,50.3125,47.8125,0.4038783662109375,711,268
2024,8783,Kendric Pryor,WR,16,1.9,-141.0,-1.3490952890625,8.93125,46.625,47.625,52.625,50.125,47.625,0.40313946484375,712,269
2024,3976,Mitchell Trubisky,QB,17,34.66,-165.81,-1.3497124140625,11.792352941176471,24.0,25.0,30.0,27.5,25.0,0.2847308704044118,713,83
2024,12079,Treyton Welch,TE,17,0.0,-141.01,-1.3498763124999997,8.294705882352941,24.235294117647058,25.235294117647058,30.235294117647058,27.735294117647058,25.235294117647058,0.39611303033088235,714,172
2024,12217,Shawn Bowman,TE,17,0.0,-141.01,-1.3498763124999997,8.294705882352941,24.235294117647058,25.235294117647058,30.235294117647058,27.735294117647058,25.235294117647058,0.39611303033088235,715,173
2024,8094,Michael Jacobson,TE,17,0.0,-141.01,-1.3498763124999997,8.294705882352941,24.235294117647058,25.235294117647058,30.235294117647058,27.735294117647058,25.235294117647058,0.39611303033088235,716,174
2024,9483,Zack Kuntz,TE,17,0.0,-141.01,-1.3498763124999997,8.294705882352941,24.235294117647058,25.235294117647058,30.235294117647058,27.735294117647058,25.235294117647058,0.39611303033088235,717,175
2024,11053,Antoine Green,WR,16,0.0,-141.45000000000002,-1.351175875,8.840625000000001,46.9375,47.9375,52.9375,50.4375,47.9375,0.405101271484375,718,270
2024,8176,Danny Gray,WR,16,0.0,-141.45000000000002,-1.351175875,8.840625000000001,46.9375,47.9375,52.9375,50.4375,47.9375,0.405101271484375,719,271
2024,5089,Mike White,QB,15,-0.8799999999999999,-169.24,-1.3511769921875,11.224,24.0,25.0,30.0,27.5,25.0,0.2799975234375,720,84
2024,8135,Treylon Burks,WR,17,9.4,-140.9,-1.3521390625,8.841176470588236,47.11764705882353,48.11764705882353,53.11764705882353,50.61764705882353,48.11764705882353,0.40546238143382357,721,272
2024,11415,Tanner Taula,TE,17,0.0,-141.16,-1.3550202265624998,8.303529411764705,24.176470588235293,25.176470588235293,30.176470588235293,27.676470588235293,25.176470588235293,0.39682980376838234,722,176
2024,1800,Jordan Matthews,TE,17,0.0,-141.16,-1.3550202265624998,8.303529411764705,24.176470588235293,25.176470588235293,30.176470588235293,27.676470588235293,25.176470588235293,0.39682980376838234,723,177
2024,8033,Bernhard Seikovits,TE,17,0.0,-141.16,-1.3550202265624998,8.303529411764705,24.176470588235293,25.176470588235293,30.176470588235293,27.676470588235293,25.176470588235293,0.39682980376838234,724,178
2024,8484,Ko Kieft,TE,17,0.0,-141.16,-1.3550202265624998,8.303529411764705,24.176470588235293,25.176470588235293,30.176470588235293,27.676470588235293,25.176470588235293,0.39682980376838234,725,179
2024,12113,Thomas Yassmin,TE,17,0.0,-142.06,-1.3610441484374998,8.356470588235295,24.11764705882353,25.11764705882353,30.11764705882353,27.61764705882353,25.11764705882353,0.3947116842830882,726,180
2024,6074,Donald Parham,TE,17,0.0,-142.06,-1.3610441484374998,8.356470588235295,24.11764705882353,25.11764705882353,30.11764705882353,27.61764705882353,25.11764705882353,0.3947116842830882,727,181
2024,6964,Sean McKeon,TE,17,0.0,-142.06,-1.3610441484374998,8.356470588235295,24.11764705882353,25.11764705882353,30.11764705882353,27.61764705882353,25.11764705882353,0.3947116842830882,728,182
2024,7082,Dalton Keene,TE,17,0.0,-142.06,-1.3610441484374998,8.356470588235295,24.11764705882353,25.11764705882353,30.11764705882353,27.61764705882353,25.11764705882353,0.3947116842830882,729,183
2024,8214,Cole Turner,TE,17,0.0,-142.06,-1.3610441484374998,8.356470588235295,24.11764705882353,25.11764705882353,30.11764705882353,27.61764705882353,25.11764705882353,0.3947116842830882,730,184
2024,11168,Xavier Smith,WR,17,8.0,-142.55,-1.3630640234375002,8.855882352941178,47.0,48.0,53.0,50.5,48.0,0.40431141176470586,731,273
2024,11474,Dylan Drummond,WR,16,0.0,-141.85,-1.3654079375000001,8.865625,46.625,47.625,52.625,50.125,47.625,0.4024017099609375,732,274
2024,11320,Nikko Remigio,WR,17,7.800000000000001,-142.75,-1.3671958671875002,8.855882352941178,47.0,48.0,53.0,50.5,48.0,0.40431141176470586,733,275
2024,9489,Justin Shorter,WR,16,0.0,-143.25,-1.3776372656250002,8.953125,47.1875,48.1875,53.1875,50.6875,48.1875,0.40397683349609376,734,276
2024,6234,Deonte Harty,WR,16,0.0,-142.8,-1.3783795859375,8.925,47.125,48.125,53.125,50.625,48.125,0.40611929980468753,735,277
2024,7729,Dez Fitzpatrick,WR,16,0.0,-142.8,-1.3783795859375,8.925,47.125,48.125,53.125,50.625,48.125,0.40611929980468753,736,278
2024,8013,Tim Jones,WR,17,8.6,-143.15,-1.3784870546875,8.926470588235293,46.8235294117647,47.8235294117647,52.8235294117647,50.3235294117647,47.8235294117647,0.4036159751838235,737,279
2024,1992,Allen Robinson,WR,17,7.5,-142.8,-1.3796477031250003,8.841176470588236,47.11764705882353,48.11764705882353,53.11764705882353,50.61764705882353,48.11764705882353,0.40546238143382357,738,280
2024,6154,David Sills,WR,16,0.0,-142.20000000000002,-1.3803927265625,8.887500000000001,46.75,47.75,52.75,50.25,47.75,0.4053760361328125,739,281
2024,6805,KJ Hamler,WR,16,0.0,-144.05,-1.3812812812500002,9.003125,46.875,47.875,52.875,50.375,47.875,0.4027807036132812,740,282
2024,8171,Kyle Philips,WR,16,0.0,-143.6,-1.3820236015625,8.975,46.8125,47.8125,52.8125,50.3125,47.8125,0.404923169921875,741,283
2024,8416,Jalen Virgil,WR,16,0.0,-142.9,-1.383259421875,8.93125,46.9375,47.9375,52.9375,50.4375,47.9375,0.4040988203125,742,284
2024,8118,David Bell,WR,17,6.2,-144.55,-1.3833895156250002,8.867647058823529,47.1764705882353,48.1764705882353,53.1764705882353,50.6764705882353,48.1764705882353,0.40344594255514704,743,285
2024,5128,Logan Woodside,QB,15,0.0,-171.34,-1.3834242265625,11.422666666666666,24.0,25.0,30.0,27.5,25.0,0.28148865885416663,744,85
2024,11024,Grant DuBose,WR,17,3.5999999999999996,-146.95000000000002,-1.4056025859375,8.855882352941178,47.0,48.0,53.0,50.5,48.0,0.40431141176470586,745,286
2024,7436,Mason Kinsey,WR,17,4.2,-146.10000000000002,-1.4073060000000002,8.841176470588236,47.11764705882353,48.11764705882353,53.11764705882353,50.61764705882353,48.11764705882353,0.40546238143382357,746,287
2024,7746,Austin Trammell,WR,17,5.0,-146.75,-1.4119437031250002,8.926470588235293,46.8235294117647,47.8235294117647,52.8235294117647,50.3235294117647,47.8235294117647,0.4036159751838235,747,288
2024,4435,Anthony Firkser,TE,18,0.0,-148.21,-1.4144170156249998,8.23388888888889,24.22222222222222,25.22222222222222,30.22222222222222,27.72222222222222,25.22222222222222,0.3959696966145833,748,185
2024,6857,Collin Johnson,WR,17,2.1,-147.95000000000002,-1.4190743203125,8.826470588235296,47.411764705882355,48.411764705882355,53.411764705882355,50.911764705882355,48.411764705882355,0.4032060799632353,749,289
2024,6920,Isaiah Hodgins,WR,17,3.2,-147.05,-1.4198915546875002,8.838235294117647,46.94117647058823,47.94117647058823,52.94117647058823,50.44117647058823,47.94117647058823,0.40386825183823527,750,290
2024,4218,Trent Taylor,WR,17,2.1,-147.9,-1.4209014765625,8.823529411764707,47.294117647058826,48.294117647058826,53.294117647058826,50.794117647058826,48.294117647058826,0.40457459650735295,751,291
2024,8756,Brandon Johnson,WR,17,1.9,-148.1,-1.422191421875,8.823529411764707,47.294117647058826,48.294117647058826,53.294117647058826,50.794117647058826,48.294117647058826,0.40457459650735295,752,292
2024,7521,Chris Blair,WR,17,3.2,-148.55,-1.4296801953125,8.926470588235293,46.8235294117647,47.8235294117647,52.8235294117647,50.3235294117647,47.8235294117647,0.4036159751838235,753,293
2024,11506,Jalen Moreno-Cropper,WR,17,0.0,-150.05,-1.4368785390625,8.826470588235296,47.411764705882355,48.411764705882355,53.411764705882355,50.911764705882355,48.411764705882355,0.4032060799632353,754,294
2024,5884,Kelvin Harmon,WR,17,0.0,-150.05,-1.4368785390625,8.826470588235296,47.411764705882355,48.411764705882355,53.411764705882355,50.911764705882355,48.411764705882355,0.4032060799632353,755,295
2024,6387,Nsimba Webster,WR,17,0.0,-150.05,-1.4368785390625,8.826470588235296,47.411764705882355,48.411764705882355,53.411764705882355,50.911764705882355,48.411764705882355,0.4032060799632353,756,296
2024,8235,Samori Toure,WR,17,0.0,-150.05,-1.4368785390625,8.826470588235296,47.411764705882355,48.411764705882355,53.411764705882355,50.911764705882355,48.411764705882355,0.4032060799632353,757,297
2024,11073,Thayer Thomas,WR,17,0.0,-150.55,-1.4386313203125,8.855882352941178,47.0,48.0,53.0,50.5,48.0,0.40431141176470586,758,298
2024,11520,Lucky Jackson,WR,17,0.0,-150.55,-1.4386313203125,8.855882352941178,47.0,48.0,53.0,50.5,48.0,0.40431141176470586,759,299
2024,11821,Tahj Washington,WR,17,0.0,-150.55,-1.4386313203125,8.855882352941178,47.0,48.0,53.0,50.5,48.0,0.40431141176470586,760,300
2024,12133,Drake Stoops,WR,17,0.0,-150.55,-1.4386313203125,8.855882352941178,47.0,48.0,53.0,50.5,48.0,0.40431141176470586,761,301
2024,5121,Braxton Berrios,WR,17,0.0,-150.55,-1.4386313203125,8.855882352941178,47.0,48.0,53.0,50.5,48.0,0.40431141176470586,762,302
2024,7533,Anthony Schwartz,WR,17,0.0,-150.55,-1.4386313203125,8.855882352941178,47.0,48.0,53.0,50.5,48.0,0.40431141176470586,763,303
2024,8140,Justyn Ross,WR,17,0.0,-150.55,-1.4386313203125,8.855882352941178,47.0,48.0,53.0,50.5,48.0,0.40431141176470586,764,304
2024,8168,Skyy Moore,WR,17,0.0,-150.55,-1.4386313203125,8.855882352941178,47.0,48.0,53.0,50.5,48.0,0.40431141176470586,765,305
2024,6927,Quez Watkins,WR,17,0.0,-150.0,-1.439578703125,8.823529411764707,47.294117647058826,48.294117647058826,53.294117647058826,50.794117647058826,48.294117647058826,0.40457459650735295,766,306
2024,11850,Jeff Foreman,WR,17,0.0,-150.75,-1.4428240390625002,8.867647058823529,47.1764705882353,48.1764705882353,53.1764705882353,50.6764705882353,48.1764705882353,0.40344594255514704,767,307
2024,12151,Julian Hicks,WR,17,0.0,-150.75,-1.4428240390625002,8.867647058823529,47.1764705882353,48.1764705882353,53.1764705882353,50.6764705882353,48.1764705882353,0.40344594255514704,768,308
2024,11046,Colton Dowell,WR,17,0.0,-150.3,-1.443566359375,8.841176470588236,47.11764705882353,48.11764705882353,53.11764705882353,50.61764705882353,48.11764705882353,0.40546238143382357,769,309
2024,11874,Jaylen Johnson,WR,17,0.0,-150.3,-1.443566359375,8.841176470588236,47.11764705882353,48.11764705882353,53.11764705882353,50.61764705882353,48.11764705882353,0.40546238143382357,770,310
2024,6588,Tom Kennedy,WR,17,0.0,-150.3,-1.443566359375,8.841176470588236,47.11764705882353,48.11764705882353,53.11764705882353,50.61764705882353,48.11764705882353,0.40546238143382357,771,311
2024,6824,Donovan Peoples-Jones,WR,17,0.0,-150.3,-1.443566359375,8.841176470588236,47.11764705882353,48.11764705882353,53.11764705882353,50.61764705882353,48.11764705882353,0.40546238143382357,772,312
2024,11859,John Rhys Plumlee,QB,16,0.0,-178.07,-1.447634328125,11.129375,24.0,25.0,30.0,27.5,25.0,0.28349525830078126,773,86
2024,11157,Brycen Tremayne,WR,17,0.8,-150.15,-1.448163171875,8.879411764705884,47.11764705882353,48.11764705882353,53.11764705882353,50.61764705882353,48.11764705882353,0.4047417444852941,774,313
2024,11802,Tejhaun Palmer,WR,17,0.0,-150.25,-1.4516339687500002,8.838235294117647,46.94117647058823,47.94117647058823,52.94117647058823,50.44117647058823,47.94117647058823,0.40386825183823527,775,314
2024,12370,Praise Olatoke,WR,17,0.0,-150.25,-1.4516339687500002,8.838235294117647,46.94117647058823,47.94117647058823,52.94117647058823,50.44117647058823,47.94117647058823,0.40386825183823527,776,315
2024,4319,Zach Pascal,WR,17,0.0,-150.25,-1.4516339687500002,8.838235294117647,46.94117647058823,47.94117647058823,52.94117647058823,50.44117647058823,47.94117647058823,0.40386825183823527,777,316
2024,6171,Cody Thompson,WR,17,0.0,-150.25,-1.4516339687500002,8.838235294117647,46.94117647058823,47.94117647058823,52.94117647058823,50.44117647058823,47.94117647058823,0.40386825183823527,778,317
2024,6699,Gunner Olszewski,WR,17,0.0,-150.25,-1.4516339687500002,8.838235294117647,46.94117647058823,47.94117647058823,52.94117647058823,50.44117647058823,47.94117647058823,0.40386825183823527,779,318
2024,7233,Andre Baccellia,WR,17,0.0,-150.25,-1.4516339687500002,8.838235294117647,46.94117647058823,47.94117647058823,52.94117647058823,50.44117647058823,47.94117647058823,0.40386825183823527,780,319
2024,10860,Malik Cunningham,WR,17,0.0,-150.95000000000002,-1.455472453125,8.879411764705884,47.11764705882353,48.11764705882353,53.11764705882353,50.61764705882353,48.11764705882353,0.4047417444852941,781,320
2024,11068,Mitchell Tinsley,WR,17,0.0,-150.95000000000002,-1.455472453125,8.879411764705884,47.11764705882353,48.11764705882353,53.11764705882353,50.61764705882353,48.11764705882353,0.4047417444852941,782,321
2024,11070,Kazmeir Allen,WR,17,0.0,-150.95000000000002,-1.455472453125,8.879411764705884,47.11764705882353,48.11764705882353,53.11764705882353,50.61764705882353,48.11764705882353,0.4047417444852941,783,322
2024,11940,JaQuae Jackson,WR,17,0.0,-150.95000000000002,-1.455472453125,8.879411764705884,47.11764705882353,48.11764705882353,53.11764705882353,50.61764705882353,48.11764705882353,0.4047417444852941,784,323
2024,11964,Dayton Wade,WR,17,0.0,-150.95000000000002,-1.455472453125,8.879411764705884,47.11764705882353,48.11764705882353,53.11764705882353,50.61764705882353,48.11764705882353,0.4047417444852941,785,324
2024,11969,Xavier Johnson,WR,17,0.0,-150.95000000000002,-1.455472453125,8.879411764705884,47.11764705882353,48.11764705882353,53.11764705882353,50.61764705882353,48.11764705882353,0.4047417444852941,786,325
2024,12267,Qadir Ismail,WR,17,0.0,-150.95000000000002,-1.455472453125,8.879411764705884,47.11764705882353,48.11764705882353,53.11764705882353,50.61764705882353,48.11764705882353,0.4047417444852941,787,326
2024,3155,Laquon Treadwell,WR,17,0.0,-150.95000000000002,-1.455472453125,8.879411764705884,47.11764705882353,48.11764705882353,53.11764705882353,50.61764705882353,48.11764705882353,0.4047417444852941,788,327
2024,5134,Keith Kirkwood,WR,17,0.0,-150.95000000000002,-1.455472453125,8.879411764705884,47.11764705882353,48.11764705882353,53.11764705882353,50.61764705882353,48.11764705882353,0.4047417444852941,789,328
2024,6223,Juwann Winfree,WR,17,0.0,-150.95000000000002,-1.455472453125,8.879411764705884,47.11764705882353,48.11764705882353,53.11764705882353,50.61764705882353,48.11764705882353,0.4047417444852941,790,329
2024,6453,D.J. Montgomery,WR,17,0.0,-150.95000000000002,-1.455472453125,8.879411764705884,47.11764705882353,48.11764705882353,53.11764705882353,50.61764705882353,48.11764705882353,0.4047417444852941,791,330
2024,8076,Michael Bandy,WR,17,0.0,-150.95000000000002,-1.455472453125,8.879411764705884,47.11764705882353,48.11764705882353,53.11764705882353,50.61764705882353,48.11764705882353,0.4047417444852941,792,331
2024,8185,Johnny Johnson,WR,17,0.0,-150.95000000000002,-1.455472453125,8.879411764705884,47.11764705882353,48.11764705882353,53.11764705882353,50.61764705882353,48.11764705882353,0.4047417444852941,793,332
2024,5903,Will Grier,QB,15,0.0,-180.36,-1.4566837421875,12.024000000000001,24.0,25.0,30.0,27.5,25.0,0.29118204947916665,794,87
2024,11139,Elijah Cooks,WR,17,0.0,-151.75,-1.45911646875,8.926470588235293,46.8235294117647,47.8235294117647,52.8235294117647,50.3235294117647,47.8235294117647,0.4036159751838235,795,333
2024,11311,Jason Brownlee,WR,17,0.0,-151.75,-1.45911646875,8.926470588235293,46.8235294117647,47.8235294117647,52.8235294117647,50.3235294117647,47.8235294117647,0.4036159751838235,796,334
2024,11452,Jesse Matthews,WR,17,0.0,-151.75,-1.45911646875,8.926470588235293,46.8235294117647,47.8235294117647,52.8235294117647,50.3235294117647,47.8235294117647,0.4036159751838235,797,335
2024,12114,Joshua Cephus,WR,17,0.0,-151.75,-1.45911646875,8.926470588235293,46.8235294117647,47.8235294117647,52.8235294117647,50.3235294117647,47.8235294117647,0.4036159751838235,798,336
2024,12210,Cole Burgess,WR,17,0.0,-151.75,-1.45911646875,8.926470588235293,46.8235294117647,47.8235294117647,52.8235294117647,50.3235294117647,47.8235294117647,0.4036159751838235,799,337
2024,12224,David White,WR,17,0.0,-151.75,-1.45911646875,8.926470588235293,46.8235294117647,47.8235294117647,52.8235294117647,50.3235294117647,47.8235294117647,0.4036159751838235,800,338
2024,5323,Equanimeous St. Brown,WR,17,0.0,-151.75,-1.45911646875,8.926470588235293,46.8235294117647,47.8235294117647,52.8235294117647,50.3235294117647,47.8235294117647,0.4036159751838235,801,339
2024,6239,Malik Taylor,WR,17,0.0,-151.75,-1.45911646875,8.926470588235293,46.8235294117647,47.8235294117647,52.8235294117647,50.3235294117647,47.8235294117647,0.4036159751838235,802,340
2024,7601,Rondale Moore,WR,17,0.0,-151.75,-1.45911646875,8.926470588235293,46.8235294117647,47.8235294117647,52.8235294117647,50.3235294117647,47.8235294117647,0.4036159751838235,803,341
2024,7865,Brandon Smith,WR,17,0.0,-151.75,-1.45911646875,8.926470588235293,46.8235294117647,47.8235294117647,52.8235294117647,50.3235294117647,47.8235294117647,0.4036159751838235,804,342
2024,8861,Irv Charles,WR,17,0.0,-151.75,-1.45911646875,8.926470588235293,46.8235294117647,47.8235294117647,52.8235294117647,50.3235294117647,47.8235294117647,0.4036159751838235,805,343
2024,7585,Davis Mills,QB,17,15.18,-182.35,-1.4815334765625001,11.619411764705882,24.0,25.0,30.0,27.5,25.0,0.28450298529411766,806,88
2024,10215,Jake Haener,QB,17,14.440000000000001,-186.03,-1.4930400078125,11.792352941176471,24.0,25.0,30.0,27.5,25.0,0.2847308704044118,807,89
2024,3161,Carson Wentz,QB,17,6.32,-187.55,-1.513488234375,11.404117647058824,24.0,25.0,30.0,27.5,25.0,0.28566700735294115,808,90
2024,4464,Nick Mullens,QB,17,3.92,-189.95000000000002,-1.5283556484375,11.404117647058824,24.0,25.0,30.0,27.5,25.0,0.28566700735294115,809,91
2024,11256,Tyson Bagent,QB,17,2.44,-191.47,-1.5345445703125,11.406470588235294,24.0,25.0,30.0,27.5,25.0,0.2827797959558824,810,92
2024,9998,Hendon Hooker,QB,17,6.179999999999999,-190.76,-1.542906984375,11.58470588235294,24.0,25.0,30.0,27.5,25.0,0.2869385528492647,811,93
2024,11924,Tanner Mordecai,QB,17,0.0,-192.53,-1.54607046875,11.32529411764706,24.0,25.0,30.0,27.5,25.0,0.2833163924632353,812,94
2024,7605,Kyle Trask,QB,17,1.3,-191.18,-1.54835159375,11.32235294117647,24.0,25.0,30.0,27.5,25.0,0.2836226190257353,813,95
2024,10217,Clayton Tune,QB,17,1.3199999999999996,-191.16,-1.54848725,11.32235294117647,24.0,25.0,30.0,27.5,25.0,0.2836226190257353,814,96
2024,11931,Austin Reed,QB,17,0.0,-193.91,-1.551739734375,11.406470588235294,24.0,25.0,30.0,27.5,25.0,0.2827797959558824,815,97
2024,11565,J.J. McCarthy,QB,17,0.0,-193.87,-1.556919859375,11.404117647058824,24.0,25.0,30.0,27.5,25.0,0.28566700735294115,816,98
2024,6136,Jarrett Stidham,QB,17,1.8,-195.73000000000002,-1.577083890625,11.619411764705882,24.0,25.0,30.0,27.5,25.0,0.28450298529411766,817,99
2024,260,Josh Johnson,QB,17,1.58,-195.95000000000002,-1.5782439375,11.619411764705882,24.0,25.0,30.0,27.5,25.0,0.28450298529411766,818,100
2024,6822,Jake Fromm,QB,17,0.0,-196.94,-1.5837089375,11.58470588235294,24.0,25.0,30.0,27.5,25.0,0.2869385528492647,819,101
2024,11556,Devin Leary,QB,17,0.0,-197.53,-1.58921034375,11.619411764705882,24.0,25.0,30.0,27.5,25.0,0.28450298529411766,820,102
2024,11648,Kedon Slovis,QB,17,0.0,-197.53,-1.58921034375,11.619411764705882,24.0,25.0,30.0,27.5,25.0,0.28450298529411766,821,103
2024,12190,Jason Bean,QB,17,0.0,-197.53,-1.58921034375,11.619411764705882,24.0,25.0,30.0,27.5,25.0,0.28450298529411766,822,104
2024,1737,Case Keenum,QB,17,0.0,-197.53,-1.58921034375,11.619411764705882,24.0,25.0,30.0,27.5,25.0,0.28450298529411766,823,105
2024,6111,Jake Browning,QB,17,0.2,-200.27,-1.6090001640625,11.792352941176471,24.0,25.0,30.0,27.5,25.0,0.2847308704044118,824,106
2024,11065,Adrian Martinez,QB,17,0.0,-200.47,-1.6103763515625,11.792352941176471,24.0,25.0,30.0,27.5,25.0,0.2847308704044118,825,107
2024,11567,Jordan Travis,QB,17,0.0,-200.47,-1.6103763515625,11.792352941176471,24.0,25.0,30.0,27.5,25.0,0.2847308704044118,826,108
2024,4183,Nathan Peterman,QB,17,0.0,-200.47,-1.6103763515625,11.792352941176471,24.0,25.0,30.0,27.5,25.0,0.2847308704044118,827,109
2024,8002,Shane Buechele,QB,17,0.0,-200.47,-1.6103763515625,11.792352941176471,24.0,25.0,30.0,27.5,25.0,0.2847308704044118,828,110
2024,10983,Sean Clifford,QB,17,0.0,-200.68,-1.6110163906250001,11.804705882352941,24.0,25.0,30.0,27.5,25.0,0.28654468704044117,829,111
2024,8162,Sam Howell,QB,17,-6.14,-206.82,-1.6501868750000002,11.804705882352941,24.0,25.0,30.0,27.5,25.0,0.28654468704044117,830,112
2025,421,Matthew Stafford,QB,17,618.6800000000001,430.02000000000004,4.1481885,11.09764705882353,24.0,25.0,30.0,27.5,25.0,0.29053502205882353,1,1
2025,4984,Josh Allen,QB,17,600.02,415.57,4.077815984375,10.85,24.0,25.0,30.0,27.5,25.0,0.28763215395220587,2,2
2025,11564,Drake Maye,QB,17,605.5600000000001,417.27000000000004,4.046970453125,11.075882352941177,24.0,25.0,30.0,27.5,25.0,0.2895848267463235,3,3
2025,4034,Christian McCaffrey,RB,17,534.3000000000001,398.11,3.9099457187499995,8.011176470588236,37.88235294117647,38.88235294117647,43.88235294117647,41.38235294117647,38.88235294117647,0.3805074623161765,4,1
2025,3294,Dak Prescott,QB,17,582.88,396.84,3.8491993828125,10.943529411764706,24.0,25.0,30.0,27.5,25.0,0.28796524448529415,5,4
2025,9509,Bijan Robinson,RB,17,490.2,355.25,3.5129533281249996,7.938235294117648,38.470588235294116,39.470588235294116,44.470588235294116,41.970588235294116,39.470588235294116,0.3816709921875,6,2
2025,3163,Jared Goff,QB,17,548.86,360.2,3.5126118203125003,11.09764705882353,24.0,25.0,30.0,27.5,25.0,0.29053502205882353,7,5
2025,8130,Trey McBride,TE,17,496.9,355.95,3.4263471953125,8.291176470588237,26.941176470588236,27.941176470588236,32.94117647058823,30.441176470588236,27.941176470588236,0.4014674871323529,8,1
2025,7523,Trevor Lawrence,QB,17,538.58,349.92,3.3512178671875,11.09764705882353,24.0,25.0,30.0,27.5,25.0,0.29053502205882353,9,6
2025,6813,Jonathan Taylor,RB,17,482.40000000000003,346.31,3.3433406796874996,8.00529411764706,37.8235294117647,38.8235294117647,43.8235294117647,41.3235294117647,38.8235294117647,0.3809089159007353,10,3
2025,11563,Bo Nix,QB,17,539.94,349.54,3.342593171875,11.200000000000001,24.0,25.0,30.0,27.5,25.0,0.28931075045955884,11,7
2025,11560,Caleb Williams,QB,17,517.58,336.88000000000005,3.2698038671875,10.629411764705882,24.0,25.0,30.0,27.5,25.0,0.2903598244485294,12,8
2025,9221,Jahmyr Gibbs,RB,17,466.5,330.01,3.1278908828125,8.028823529411765,38.11764705882353,39.11764705882353,44.11764705882353,41.61764705882353,39.11764705882353,0.3809686911764706,13,4
2025,6904,Jalen Hurts,QB,17,497.56,312.37,3.028104296875,10.893529411764705,24.0,25.0,30.0,27.5,25.0,0.29061405376838234,14,9
2025,6797,Justin Herbert,QB,16,487.98,304.66,2.96193009375,11.4575,24.0,25.0,30.0,27.5,25.0,0.290760232421875,15,10
2025,9493,Puka Nacua,WR,16,427.0,286.29,2.8589723828124995,8.794375,42.8125,43.8125,48.8125,46.3125,43.8125,0.41047562890625,16,1
2025,9226,De'Von Achane,RB,16,415.9,289.35999999999996,2.852615140625,7.90875,37.9375,38.9375,43.9375,41.4375,38.9375,0.37817428173828127,17,5
2025,8138,James Cook,RB,17,416.5,281.86,2.8420492656249996,7.920000000000001,38.35294117647059,39.35294117647059,44.35294117647059,41.85294117647059,39.35294117647059,0.3796566387867647,18,6
2025,4046,Patrick Mahomes,QB,17,465.98,279.94000000000005,2.8401951015625,10.943529411764706,24.0,25.0,30.0,27.5,25.0,0.28796524448529415,19,11
2025,4892,Baker Mayfield,QB,17,466.42,281.23,2.7722890625,10.893529411764705,24.0,25.0,30.0,27.5,25.0,0.29061405376838234,20,12
2025,9488,Jaxon Smith-Njigba,WR,17,418.8,269.59,2.6303236171874995,8.777058823529412,42.94117647058823,43.94117647058823,48.94117647058823,46.44117647058823,43.94117647058823,0.4109915395220588,21,2
2025,6804,Jordan Love,QB,16,430.04,261.91,2.595433328125,10.508125,24.0,25.0,30.0,27.5,25.0,0.2883968818359375,22,13
2025,4943,Sam Darnold,QB,17,452.42,263.76,2.5313260625,11.09764705882353,24.0,25.0,30.0,27.5,25.0,0.29053502205882353,23,14
2025,3198,Derrick Henry,RB,17,388.9,254.26,2.5267884375,7.920000000000001,38.35294117647059,39.35294117647059,44.35294117647059,41.85294117647059,39.35294117647059,0.3796566387867647,24,7
2025,5870,Daniel Jones,QB,17,401.44,220.83000000000004,2.2777511953125003,10.624117647058823,24.0,25.0,30.0,27.5,25.0,0.2848176465992647,25,15
2025,9224,Chase Brown,RB,17,361.5,224.45999999999998,2.2385321171875,8.061176470588236,37.94117647058823,38.94117647058823,43.94117647058823,41.44117647058823,38.94117647058823,0.38145009558823534,26,8
2025,8150,Kyren Williams,RB,17,352.6,216.10999999999999,2.177581148437499,8.028823529411765,38.11764705882353,39.11764705882353,44.11764705882353,41.61764705882353,39.11764705882353,0.3809686911764706,27,9
2025,96,Aaron Rodgers,QB,16,401.28,222.96,2.1737937656249997,11.145,24.0,25.0,30.0,27.5,25.0,0.29175201953125,28,16
2025,8183,Brock Purdy,QB,9,328.48,220.82,2.1400816015625,11.962222222222222,24.0,25.0,30.0,27.5,25.0,0.2984802925347222,29,17
2025,9758,C.J. Stroud,QB,14,379.14,220.51000000000002,2.1201924453125,11.330714285714285,24.0,25.0,30.0,27.5,25.0,0.28341424609375,30,18
2025,3257,Jacoby Brissett,QB,17,398.04,209.38000000000002,2.068596890625,11.09764705882353,24.0,25.0,30.0,27.5,25.0,0.29053502205882353,31,19
2025,7547,Amon-Ra St. Brown,WR,17,361.1,211.89,2.0556152109375,8.777058823529412,42.94117647058823,43.94117647058823,48.94117647058823,46.44117647058823,43.94117647058823,0.4109915395220588,32,3
2025,9228,Bryce Young,QB,16,392.84,208.67000000000002,2.032914703125,11.510625,24.0,25.0,30.0,27.5,25.0,0.292229373046875,33,20
2025,7564,Ja'Marr Chase,WR,17,357.7,207.89,2.026688171875,8.81235294117647,43.23529411764706,44.23529411764706,49.23529411764706,46.73529411764706,44.23529411764706,0.4111798336397059,34,4
2025,7553,Kyle Pitts,TE,17,345.8,205.14999999999998,2.02229328125,8.273529411764706,26.705882352941178,27.705882352941178,32.705882352941174,30.205882352941178,27.705882352941178,0.4032837362132353,35,2
2025,7543,Travis Etienne,RB,17,338.40000000000003,201.91000000000003,2.01129721875,8.028823529411765,38.11764705882353,39.11764705882353,44.11764705882353,41.61764705882353,39.11764705882353,0.3809686911764706,36,10
2025,4881,Lamar Jackson,QB,13,336.26,193.44,2.0046214453125004,10.986153846153845,24.0,25.0,30.0,27.5,25.0,0.2888768954326923,37,21
2025,12527,Ashton Jeanty,RB,17,332.8,196.31,1.9499276640624996,8.028823529411765,38.11764705882353,39.11764705882353,44.11764705882353,41.61764705882353,39.11764705882353,0.3809686911764706,38,11
2025,7588,Javonte Williams,RB,17,326.70000000000005,189.66000000000003,1.9493423124999998,8.061176470588236,37.94117647058823,38.94117647058823,43.94117647058823,41.44117647058823,38.94117647058823,0.38145009558823534,39,12
2025,4866,Saquon Barkley,RB,17,326.3,191.21,1.9108901953125,7.946470588235294,38.294117647058826,39.294117647058826,44.294117647058826,41.794117647058826,39.294117647058826,0.37941025965073527,40,13
2025,5850,Josh Jacobs,RB,15,310.40000000000003,191.9,1.9099905468749996,7.9,38.4,39.4,44.4,41.9,39.4,0.3792560635416667,41,14
2025,12508,Jaxson Dart,QB,15,363.28000000000003,189.54000000000002,1.8541977109374999,11.582666666666666,24.0,25.0,30.0,27.5,25.0,0.2873593255208334,42,22
2025,6790,D'Andre Swift,RB,16,312.20000000000005,185.15,1.8354082812499997,7.940625000000001,38.75,39.75,44.75,42.25,39.75,0.38050167871093754,43,15
2025,8137,George Pickens,WR,17,333.9,184.09,1.7971287109374998,8.81235294117647,43.23529411764706,44.23529411764706,49.23529411764706,46.73529411764706,44.23529411764706,0.4111798336397059,44,5
2025,8155,Breece Hall,RB,16,301.26,174.92000000000002,1.7769936171874996,7.89625,38.125,39.125,44.125,41.625,39.125,0.37798904833984376,45,16
2025,1466,Travis Kelce,TE,17,311.4,169.5,1.6880234062499997,8.347058823529412,26.823529411764707,27.823529411764707,32.8235294117647,30.323529411764707,27.823529411764707,0.40153880147058824,46,3
2025,8228,Jaylen Warren,RB,16,294.8,166.95000000000002,1.6652484687499998,7.9906250000000005,38.0625,39.0625,44.0625,41.5625,39.0625,0.3834855986328125,47,17
2025,12518,Tyler Warren,TE,17,306.2,165.0,1.6624219843749999,8.305882352941177,26.823529411764707,27.823529411764707,32.8235294117647,30.323529411764707,27.823529411764707,0.4010657931985294,48,4
2025,7002,Juwan Johnson,TE,17,295.9,154.7,1.5719501484374996,8.305882352941177,26.823529411764707,27.823529411764707,32.8235294117647,30.323529411764707,27.823529411764707,0.4010657931985294,49,5
2025,12506,Harold Fannin,TE,16,287.8,155.2,1.5447836171875,8.2875,26.1875,27.1875,32.1875,29.6875,27.1875,0.4008170087890625,50,6
2025,7021,Rico Dowdle,RB,17,298.5,162.31,1.5391252187499993,8.011176470588236,37.88235294117647,38.88235294117647,43.88235294117647,41.38235294117647,38.88235294117647,0.3805074623161765,51,18
2025,11604,Brock Bowers,TE,14,271.6,154.0,1.5357785703125,8.4,26.5,27.5,32.5,30.0,27.5,0.4034910184151786,52,7
2025,1373,Geno Smith,QB,15,318.1,153.17000000000002,1.5352746640625,10.995333333333333,24.0,25.0,30.0,27.5,25.0,0.2897168401041667,53,23
2025,8110,Jake Ferguson,TE,17,292.3,150.4,1.5323940781249996,8.347058823529412,26.823529411764707,27.823529411764707,32.8235294117647,30.323529411764707,27.823529411764707,0.40153880147058824,54,8
2025,5001,Dalton Schultz,TE,17,296.7,155.3,1.5163449374999998,8.31764705882353,26.529411764705884,27.529411764705884,32.529411764705884,30.029411764705884,27.529411764705884,0.4011619384191176,55,9
2025,8144,Chris Olave,WR,16,298.7,158.69,1.5121198125,8.750625000000001,43.75,44.75,49.75,47.25,44.75,0.4107571577148438,56,6
2025,6768,Tua Tagovailoa,QB,14,307.2,146.88000000000002,1.43892165625,11.45142857142857,24.0,25.0,30.0,27.5,25.0,0.28964367745535713,57,24
2025,5022,Dallas Goedert,TE,15,269.1,146.35,1.4303791171875,8.183333333333334,26.4,27.4,32.4,29.9,27.4,0.400283909375,58,10
2025,12529,TreVeyon Henderson,RB,17,277.2,141.01,1.3718149140624998,8.011176470588236,37.88235294117647,38.88235294117647,43.88235294117647,41.38235294117647,38.88235294117647,0.3805074623161765,59,19
2025,3214,Hunter Henry,TE,17,274.8,133.6,1.3614154765625,8.305882352941177,26.941176470588236,27.941176470588236,32.94117647058823,30.441176470588236,27.941176470588236,0.40153210891544117,60,11
2025,7567,Kenny Gainwell,RB,17,271.6,136.65,1.3463746484374994,7.938235294117648,38.470588235294116,39.470588235294116,44.470588235294116,41.970588235294116,39.470588235294116,0.3816709921875,61,20
2025,8151,Kenneth Walker,RB,17,268.6,132.11,1.3419853437499998,8.028823529411765,38.11764705882353,39.11764705882353,44.11764705882353,41.61764705882353,39.11764705882353,0.3809686911764706,62,21
2025,9997,Zay Flowers,WR,17,278.8,129.98999999999998,1.3314707968750001,8.753529411764706,43.11764705882353,44.11764705882353,49.11764705882353,46.61764705882353,44.11764705882353,0.4110855399816177,63,7
2025,5967,Tony Pollard,RB,17,267.2,130.16000000000003,1.298613734375,8.061176470588236,37.94117647058823,38.94117647058823,43.94117647058823,41.44117647058823,38.94117647058823,0.38145009558823534,64,22
2025,7569,Nico Collins,WR,15,259.6,126.94,1.2725120859375,8.844,43.333333333333336,44.333333333333336,49.333333333333336,46.833333333333336,44.333333333333336,0.41071425572916664,65,8
2025,2133,Davante Adams,WR,14,244.4,122.54,1.2288393437499998,8.704285714285714,43.357142857142854,44.357142857142854,49.357142857142854,46.857142857142854,44.357142857142854,0.4089238470982143,66,9
2025,12489,RJ Harvey,RB,17,255.3,120.00999999999999,1.2196007187499998,7.958235294117649,38.11764705882353,39.11764705882353,44.11764705882353,41.61764705882353,39.11764705882353,0.37958459696691177,67,23
2025,11584,Bucky Irving,RB,10,194.1,110.65,1.1918196874999998,8.345,39.6,40.6,45.6,43.1,40.6,0.37913400703125,68,24
2025,8112,Drake London,WR,12,229.39999999999998,122.39999999999999,1.1907105078124998,8.916666666666666,42.75,43.75,48.75,46.25,43.75,0.41300294791666664,69,10
2025,12517,Colston Loveland,TE,16,257.3,124.5,1.1884581484374999,8.3,26.6875,27.6875,32.6875,30.1875,27.6875,0.4035087626953125,70,12
2025,4217,George Kittle,TE,16,250.7,117.64999999999999,1.1413102734374996,8.315625,26.875,27.875,32.875,30.375,27.875,0.40103313720703126,71,13
2025,9753,Zach Charbonnet,RB,16,240.70000000000002,113.11,1.1307829062500003,7.974375,38.125,39.125,44.125,41.625,39.125,0.3806068330078125,72,25
2025,6786,CeeDee Lamb,WR,14,232.10000000000002,108.49000000000001,1.1127362656249997,8.829285714285716,43.285714285714285,44.285714285714285,49.285714285714285,46.785714285714285,44.285714285714285,0.41255646484375,73,11
2025,12512,Quinshon Judkins,RB,17,244.8,109.71000000000001,1.0992421328124997,7.946470588235294,38.294117647058826,39.294117647058826,44.294117647058826,41.794117647058826,39.294117647058826,0.37941025965073527,74,26
2025,7611,Rhamondre Stevenson,RB,14,223.3,107.86,1.0799074765624996,8.245714285714286,37.714285714285715,38.714285714285715,43.714285714285715,41.214285714285715,38.714285714285715,0.3805458002232143,75,27
2025,5859,A.J. Brown,WR,16,246.3,106.69,1.0617181406250003,8.725625,43.0,44.0,49.0,46.5,44.0,0.41055688085937503,76,12
2025,8148,Jameson Williams,WR,17,253.1,103.89,1.0593630234375002,8.777058823529412,42.94117647058823,43.94117647058823,48.94117647058823,46.44117647058823,43.94117647058823,0.4109915395220588,77,13
2025,12522,Cam Ward,QB,17,297.96,111.92,1.0243720937499998,10.943529411764706,24.0,25.0,30.0,27.5,25.0,0.28796524448529415,78,25
2025,12545,Tyler Shough,QB,17,272.96,92.35,1.0172852656249998,10.624117647058823,24.0,25.0,30.0,27.5,25.0,0.2848176465992647,79,26
2025,5045,Courtland Sutton,WR,17,247.20000000000002,97.65,1.0116842343749997,8.797058823529412,43.35294117647059,44.35294117647059,49.35294117647059,46.85294117647059,44.35294117647059,0.4118887789522059,80,14
2025,11566,Jayden Daniels,QB,7,177.38,102.30000000000001,0.9865393984374999,10.725714285714286,24.0,25.0,30.0,27.5,25.0,0.27124736160714286,81,27
2025,6801,Tee Higgins,WR,15,233.6,101.78999999999999,0.9835030390625001,8.787333333333333,43.53333333333333,44.53333333333333,49.53333333333333,47.03333333333333,44.53333333333333,0.41250239322916665,82,15
2025,11655,Tyrone Tracy,RB,15,222.5,101.45,0.9802702499999997,8.07,37.86666666666667,38.86666666666667,43.86666666666667,41.36666666666667,38.86666666666667,0.38360280104166666,83,28
2025,10236,Dalton Kincaid,TE,12,190.10000000000002,88.6,0.9557950390625003,8.458333333333334,26.0,27.0,32.0,29.5,27.0,0.39828462890625,84,14
2025,10232,Michael Wilson,WR,17,248.6,99.38999999999999,0.9277524687500001,8.777058823529412,42.94117647058823,43.94117647058823,48.94117647058823,46.44117647058823,43.94117647058823,0.4109915395220588,85,16
2025,12526,Tetairoa McMillan,WR,17,241.4,91.89,0.9248638828124998,8.794705882352943,43.1764705882353,44.1764705882353,49.1764705882353,46.6764705882353,44.1764705882353,0.411352546875,86,17
2025,5892,David Montgomery,RB,17,223.52,87.02999999999999,0.9232705156249996,8.028823529411765,38.11764705882353,39.11764705882353,44.11764705882353,41.61764705882353,39.11764705882353,0.3809686911764706,87,29
2025,7591,Justin Fields,QB,13,210.36,71.11000000000001,0.8834827500000001,10.711538461538462,24.0,25.0,30.0,27.5,25.0,0.2884924765625,88,28
2025,8126,Wan'Dale Robinson,WR,17,241.5,91.99,0.8815511250000003,8.794705882352943,43.1764705882353,44.1764705882353,49.1764705882353,46.6764705882353,44.1764705882353,0.411352546875,89,18
2025,11603,AJ Barner,TE,17,230.29999999999998,89.35,0.8755598515624996,8.291176470588237,26.941176470588236,27.941176470588236,32.94117647058823,30.441176470588236,27.941176470588236,0.4014674871323529,90,15
2025,2449,Stefon Diggs,WR,17,238.8,89.29,0.8670622890625,8.794705882352943,43.1764705882353,44.1764705882353,49.1764705882353,46.6764705882353,44.1764705882353,0.411352546875,91,19
2025,7527,Mac Jones,QB,17,263.24,74.95000000000002,0.8557416328124999,11.075882352941177,24.0,25.0,30.0,27.5,25.0,0.2895848267463235,92,29
2025,11565,J.J. McCarthy,QB,10,183.78,86.52,0.8461633828124999,9.726,24.0,25.0,30.0,27.5,25.0,0.280904128125,93,30
2025,12474,Woody Marks,RB,16,211.8,86.50999999999999,0.8396046562499997,7.830625,38.0625,39.0625,44.0625,41.5625,39.0625,0.3795662797851563,94,30
2025,7526,Jaylen Waddle,WR,16,222.51999999999998,81.76999999999998,0.8312565624999999,8.796875,43.75,44.75,49.75,47.25,44.75,0.41179449609375,95,20
2025,6794,Justin Jefferson,WR,17,229.4,79.84,0.820995765625,8.797647058823529,43.23529411764706,44.23529411764706,49.23529411764706,46.73529411764706,44.23529411764706,0.4114679563419118,96,21
2025,8142,Alec Pierce,WR,15,209.8,79.44,0.81471646875,8.690666666666667,43.4,44.4,49.4,46.9,44.4,0.4122660130208333,97,22
2025,19,Joe Flacco,QB,17,258.86,72.82000000000001,0.7850326953125,10.943529411764706,24.0,25.0,30.0,27.5,25.0,0.28796524448529415,98,31
2025,12493,Oronde Gadsden,TE,15,208.4,85.10000000000001,0.7753847890625001,8.22,26.866666666666667,27.866666666666667,32.86666666666667,30.366666666666667,27.866666666666667,0.4000846026041666,99,16
2025,6819,Michael Pittman,WR,17,223.4,74.58999999999999,0.7726698593749997,8.753529411764706,43.35294117647059,44.35294117647059,49.35294117647059,46.85294117647059,44.35294117647059,0.4109124604779412,100,23
2025,7525,DeVonta Smith,WR,17,229.79999999999998,82.08999999999999,0.7720984921875,8.688823529411765,43.294117647058826,44.294117647058826,49.294117647058826,46.794117647058826,44.294117647058826,0.41116201240808825,101,24
2025,12514,Emeka Egbuka,WR,17,218.1,70.38999999999999,0.7444122421874997,8.688823529411765,43.294117647058826,44.294117647058826,49.294117647058826,46.794117647058826,44.294117647058826,0.41116201240808825,102,25
2025,5872,Deebo Samuel,WR,16,207.6,66.55,0.7159196249999996,8.815625,43.25,44.25,49.25,46.75,44.25,0.41142894580078126,103,26
2025,4098,Kareem Hunt,RB,17,206.0,68.96,0.7061890859374997,8.061176470588236,37.94117647058823,38.94117647058823,43.94117647058823,41.44117647058823,38.94117647058823,0.38145009558823534,104,31
2025,6770,Joe Burrow,QB,17,232.76,46.72000000000001,0.67513553125,10.943529411764706,24.0,25.0,30.0,27.5,25.0,0.28796524448529415,105,32
2025,11597,Theo Johnson,TE,15,195.8,71.39999999999999,0.6690068984374997,8.293333333333333,26.666666666666668,27.666666666666668,32.666666666666664,30.166666666666668,27.666666666666668,0.40015697031249997,106,17
2025,8111,Cade Otton,TE,16,205.2,72.80000000000001,0.6688519765625001,8.275,26.4375,27.4375,32.4375,29.9375,27.4375,0.4034391103515625,107,18
2025,12534,Kyle Monangai,RB,17,203.5,68.55,0.6688225156249996,7.938235294117648,38.470588235294116,39.470588235294116,44.470588235294116,41.970588235294116,39.470588235294116,0.3816709921875,108,32
2025,12533,Jacory Croskey-Merritt,RB,17,199.3,64.01,0.6545006171874994,7.958235294117649,38.11764705882353,39.11764705882353,44.11764705882353,41.61764705882353,39.11764705882353,0.37958459696691177,109,33
2025,5012,Mark Andrews,TE,17,206.0,64.39999999999999,0.6522465312500001,8.329411764705881,26.529411764705884,27.529411764705884,32.529411764705884,30.029411764705884,27.529411764705884,0.4018119949448529,110,19
2025,5947,Jakobi Meyers,WR,16,199.3,58.59,0.6429849843750001,8.794375,42.8125,43.8125,48.8125,46.3125,43.8125,0.41047562890625,111,27
2025,1339,Zach Ertz,TE,17,198.4,56.5,0.6391832656249999,8.347058823529412,26.529411764705884,27.529411764705884,32.529411764705884,30.029411764705884,27.529411764705884,0.3997877817095588,112,20
2025,5846,DK Metcalf,WR,17,210.1,61.44,0.6282714062499999,8.74470588235294,42.8235294117647,43.8235294117647,48.8235294117647,46.3235294117647,43.8235294117647,0.4117469885110294,113,28
2025,12507,Omarion Hampton,RB,16,181.0,54.46000000000001,0.6242416718749999,7.90875,37.9375,38.9375,43.9375,41.4375,38.9375,0.37817428173828127,114,34
2025,8210,Chig Okonkwo,TE,17,204.0,62.1,0.6201736093749997,8.347058823529412,26.823529411764707,27.823529411764707,32.8235294117647,30.323529411764707,27.823529411764707,0.40153880147058824,115,21
2025,7594,Chuba Hubbard,RB,15,171.70000000000002,51.75,0.6129560937499998,7.996666666666667,38.53333333333333,39.53333333333333,44.53333333333333,42.03333333333333,39.53333333333333,0.381206178125,116,35
2025,5844,T.J. Hockenson,TE,15,183.0,58.39999999999999,0.6079946953125002,8.306666666666667,26.2,27.2,32.2,29.7,27.2,0.39973744375000003,117,22
2025,6865,Colby Parkinson,TE,15,188.8,65.3,0.6075958124999996,8.233333333333333,27.0,28.0,33.0,30.5,28.0,0.40056015104166665,118,23
2025,9754,Quentin Johnston,WR,15,187.1,54.5,0.6058671953124999,8.84,43.4,44.4,49.4,46.9,44.4,0.4114555447916667,119,29
2025,9487,Parker Washington,WR,16,206.60000000000002,65.19,0.6038448359375002,8.838125,42.875,43.875,48.875,46.375,43.875,0.41075932373046875,120,30
2025,8408,Jordan Mason,RB,16,181.7,55.20999999999999,0.5986755468749996,7.905625000000001,38.3125,39.3125,44.3125,41.8125,39.3125,0.3804874453125,121,36
2025,1479,Keenan Allen,WR,17,206.2,56.64999999999999,0.5940525937500001,8.797058823529412,43.35294117647059,44.35294117647059,49.35294117647059,46.85294117647059,44.35294117647059,0.4118887789522059,122,31
2025,4035,Alvin Kamara,RB,11,140.4,55.61000000000001,0.5855462109374998,7.708181818181819,36.45454545454545,37.45454545454545,42.45454545454545,39.95454545454545,37.45454545454545,0.3773786150568182,123,37
2025,9480,Brenton Strange,TE,17,189.0,48.05,0.5797798203125,8.291176470588237,26.941176470588236,27.941176470588236,32.94117647058823,30.441176470588236,27.941176470588236,0.4014674871323529,124,24
2025,2307,Marcus Mariota,QB,15,210.0,39.25,0.5693908515625001,11.383333333333333,24.0,25.0,30.0,27.5,25.0,0.2886931208333333,125,33
2025,7049,Jauan Jennings,WR,15,188.8,57.19,0.5556383046875,8.774000000000001,42.733333333333334,43.733333333333334,48.733333333333334,46.233333333333334,43.733333333333334,0.41195406562500003,126,32
2025,11620,Rome Odunze,WR,13,163.6,50.08999999999999,0.5503790312500001,8.731538461538461,43.15384615384615,44.15384615384615,49.15384615384615,46.65384615384615,44.15384615384615,0.4094668846153846,127,33
2025,8136,Rachaad White,RB,17,190.9,55.81,0.5416686406249998,7.946470588235294,38.294117647058826,39.294117647058826,44.294117647058826,41.794117647058826,39.294117647058826,0.37941025965073527,128,38
2025,11635,Ladd McConkey,WR,17,199.4,49.85,0.49319158593750007,8.797058823529412,43.35294117647059,44.35294117647059,49.35294117647059,46.85294117647059,44.35294117647059,0.4118887789522059,129,34
2025,11559,Michael Penix,QB,16,208.48,31.900000000000006,0.4818503046874998,11.03625,24.0,25.0,30.0,27.5,25.0,0.29305280810546874,130,34
2025,11647,Kimani Vidal,RB,16,172.9,45.910000000000004,0.4718938515624994,7.936875000000001,38.1875,39.1875,44.1875,41.6875,39.1875,0.3799355927734375,131,39
2025,5927,Terry McLaurin,WR,10,134.2,44.949999999999996,0.46615223437500003,8.925,43.7,44.7,49.7,47.2,44.7,0.41108188125,132,35
2025,4983,DJ Moore,WR,17,193.68,45.019999999999996,0.4300051953124998,8.74470588235294,42.8235294117647,43.8235294117647,48.8235294117647,46.3235294117647,43.8235294117647,0.4117469885110294,133,36
2025,4066,Evan Engram,TE,16,172.0,38.99999999999999,0.4155781015624999,8.3125,26.5,27.5,32.5,30.0,27.5,0.3994713930664063,134,25
2025,11627,Troy Franklin,WR,17,194.1,44.55,0.4149706328124999,8.797058823529412,43.35294117647059,44.35294117647059,49.35294117647059,46.85294117647059,44.35294117647059,0.4118887789522059,135,37
2025,12498,Mason Taylor,TE,14,154.9,40.25,0.4045477734375001,8.189285714285715,26.5,27.5,32.5,30.0,27.5,0.4020962193080357,136,26
2025,11586,Blake Corum,RB,17,174.2,37.71,0.39107390624999977,8.028823529411765,38.11764705882353,39.11764705882353,44.11764705882353,41.61764705882353,39.11764705882353,0.3809686911764706,137,40
2025,6806,J.K. Dobbins,RB,17,166.0,30.71,0.3820984921874997,7.958235294117649,38.11764705882353,39.11764705882353,44.11764705882353,41.61764705882353,39.11764705882353,0.37958459696691177,138,41
2025,4199,Aaron Jones,RB,16,162.1,36.06,0.36997221874999986,7.8775,38.0625,39.0625,44.0625,41.5625,39.0625,0.37872613427734375,139,42
2025,8121,Romeo Doubs,WR,17,184.9,36.239999999999995,0.36667211718749976,8.74470588235294,42.8235294117647,43.8235294117647,48.8235294117647,46.3235294117647,43.8235294117647,0.4117469885110294,140,38
2025,8134,Khalil Shakir,WR,17,185.6,36.78999999999999,0.3655553281249999,8.753529411764706,43.11764705882353,44.11764705882353,49.11764705882353,46.61764705882353,44.11764705882353,0.4110855399816177,141,39
2025,12524,Shedeur Sanders,QB,11,132.60000000000002,27.01000000000001,0.3518759531250001,9.59909090909091,24.0,25.0,30.0,27.5,25.0,0.2953197294034091,142,35
2025,10213,Tre Tucker,WR,17,181.9,32.69,0.3489959296874999,8.777058823529412,42.94117647058823,43.94117647058823,48.94117647058823,46.44117647058823,43.94117647058823,0.4109915395220588,143,40
2025,10859,Sam LaPorta,TE,17,168.9,27.950000000000003,0.3402098515625,8.291176470588237,26.941176470588236,27.941176470588236,32.94117647058823,30.441176470588236,27.941176470588236,0.4014674871323529,144,27
2025,8132,Tyler Allgeier,RB,17,167.1,32.15,0.3384010703124999,7.938235294117648,38.470588235294116,39.470588235294116,44.470588235294116,41.970588235294116,39.470588235294116,0.3816709921875,145,43
2025,11562,Spencer Rattler,QB,16,191.34,17.81000000000001,0.3272971874999999,10.845625,24.0,25.0,30.0,27.5,25.0,0.2859863095703125,146,36
2025,11628,Marvin Harrison,WR,13,142.8,26.85,0.3164482421874998,8.919230769230769,43.15384615384615,44.15384615384615,49.15384615384615,46.65384615384615,44.15384615384615,0.4097568179086538,147,41
2025,12481,Cam Skattebo,RB,17,163.4,27.21,0.31223212499999964,8.011176470588236,37.88235294117647,38.88235294117647,43.88235294117647,41.38235294117647,38.88235294117647,0.3805074623161765,148,44
2025,9484,Tucker Kraft,TE,17,169.4,28.75,0.29859550781250016,8.273529411764706,26.705882352941178,27.705882352941178,32.705882352941174,30.205882352941178,27.705882352941178,0.4032837362132353,149,28
2025,11631,Brian Thomas,WR,14,156.4,30.949999999999996,0.2968776249999999,8.960714285714285,43.214285714285715,44.214285714285715,49.214285714285715,46.714285714285715,44.214285714285715,0.41010239620535716,150,42
2025,4033,David Njoku,TE,12,126.3,27.699999999999992,0.29498107031250026,8.216666666666667,25.916666666666668,26.916666666666668,31.916666666666668,29.416666666666668,26.916666666666668,0.40154090625,151,29
2025,10219,Chris Rodriguez,RB,13,128.9,27.41,0.2889087109374997,7.806923076923078,38.53846153846154,39.53846153846154,44.53846153846154,42.03846153846154,39.53846153846154,0.3806551808894231,152,45
2025,7600,Pat Freiermuth,TE,17,175.6,34.95,0.28695149218749977,8.273529411764706,26.705882352941178,27.705882352941178,32.705882352941174,30.205882352941178,27.705882352941178,0.4032837362132353,153,30
2025,10229,Rashee Rice,WR,16,166.1,26.089999999999996,0.2528980468750001,8.750625000000001,43.25,44.25,49.25,46.75,44.25,0.41034177392578125,154,43
2025,12500,Quinn Ewers,QB,4,63.78,25.369999999999997,0.2425859140624999,9.6025,24.0,25.0,30.0,27.5,25.0,0.289973029296875,155,37
2025,8676,Rashid Shaheed,WR,18,177.4,20.089999999999996,0.21558707031249974,8.739444444444445,43.22222222222222,44.22222222222222,49.22222222222222,46.72222222222222,44.22222222222222,0.4115389049479167,156,44
2025,9482,Michael Mayer,TE,13,125.8,18.299999999999997,0.1986296249999996,8.26923076923077,27.307692307692307,28.307692307692307,33.30769230769231,30.807692307692307,28.307692307692307,0.4044985667067308,157,31
2025,11638,Ricky Pearsall,WR,10,106.00000000000001,15.590000000000003,0.19654277343750004,9.041,42.5,43.5,48.5,46.0,43.5,0.40765273437499994,158,45
2025,12519,Luther Burden,WR,15,149.1,19.839999999999996,0.18896943749999984,8.617333333333335,42.86666666666667,43.86666666666667,48.86666666666667,46.36666666666667,43.86666666666667,0.4104775958333333,159,46
2025,8205,Isiah Pacheco,RB,13,125.4,19.61,0.1804740468749999,8.137692307692308,37.76923076923077,38.76923076923077,43.76923076923077,41.26923076923077,38.76923076923077,0.37767714242788464,160,46
2025,5848,Marquise Brown,WR,16,152.7,12.089999999999995,0.17072268750000025,8.788125,43.25,44.25,49.25,46.75,44.25,0.4107828833007813,161,47
2025,5906,Dawson Knox,TE,17,158.7,17.099999999999998,0.1596621562499999,8.329411764705881,26.529411764705884,27.529411764705884,32.529411764705884,30.029411764705884,27.529411764705884,0.4018119949448529,162,32
2025,12502,Gunnar Helm,TE,16,150.70000000000002,17.449999999999996,0.15845127343749993,8.328125,26.625,27.625,32.625,30.125,27.625,0.4007489990234375,163,33
2025,2505,Darren Waller,TE,14,126.9,12.499999999999998,0.14952781250000002,8.171428571428573,26.857142857142858,27.857142857142858,32.857142857142854,30.357142857142858,27.857142857142858,0.39974421707589286,164,34
2025,331,Philip Rivers,QB,3,56.059999999999995,16.409999999999997,0.14632324218749998,13.216666666666667,24.0,25.0,30.0,27.5,25.0,0.30812532291666667,165,38
2025,1166,Kirk Cousins,QB,17,185.34,4.640000000000006,0.14409299999999992,10.629411764705882,24.0,25.0,30.0,27.5,25.0,0.2903598244485294,166,39
2025,4037,Chris Godwin,WR,9,94.5,15.139999999999997,0.14278341406250006,8.817777777777778,41.77777777777778,42.77777777777778,47.77777777777778,45.27777777777778,42.77777777777778,0.4095848064236111,167,48
2025,9504,Kayshon Boutte,WR,14,135.6,10.839999999999995,0.1407084609375,8.911428571428571,43.357142857142854,44.357142857142854,49.357142857142854,46.857142857142854,44.357142857142854,0.40923039285714286,168,49
2025,6130,Devin Singletary,RB,17,146.60000000000002,10.410000000000004,0.13633099999999954,8.011176470588236,37.88235294117647,38.88235294117647,43.88235294117647,41.38235294117647,38.88235294117647,0.3805074623161765,169,47
2025,9500,Josh Downs,WR,16,152.8,12.489999999999998,0.11408302343749999,8.769375,43.25,44.25,49.25,46.75,44.25,0.410391607421875,170,50
2025,4988,Nick Chubb,RB,15,121.7,5.009999999999998,0.09582959375,7.779333333333333,38.0,39.0,44.0,41.5,39.0,0.3771215713541667,171,48
2025,8698,Jake Tonges,TE,17,143.3,2.099999999999998,0.073005234375,8.305882352941177,26.941176470588236,27.941176470588236,32.94117647058823,30.441176470588236,27.941176470588236,0.40153210891544117,172,35
2025,11637,Keon Coleman,WR,13,114.4,0.40000000000000036,0.06473422656249972,8.76923076923077,43.46153846153846,44.46153846153846,49.46153846153846,46.96153846153846,44.46153846153846,0.40862689723557694,173,51
2025,8122,Zonovan Knight,RB,15,122.30000000000001,2.1599999999999966,0.05830224218749969,8.009333333333334,38.333333333333336,39.333333333333336,44.333333333333336,41.833333333333336,39.333333333333336,0.3819167333333333,174,49
2025,11624,Xavier Worthy,WR,14,125.60000000000001,4.189999999999998,0.05163275781249971,8.672142857142857,43.285714285714285,44.285714285714285,49.285714285714285,46.785714285714285,44.285714285714285,0.4119103755580357,175,52
2025,8167,Christian Watson,WR,17,150.6,1.9399999999999942,0.045285812500000244,8.74470588235294,42.8235294117647,43.8235294117647,48.8235294117647,46.3235294117647,43.8235294117647,0.4117469885110294,176,53
2025,11435,Emanuel Wilson,RB,17,137.5,2.5499999999999963,0.023118828124999602,7.938235294117648,38.470588235294116,39.470588235294116,44.470588235294116,41.970588235294116,39.470588235294116,0.3816709921875,177,50
2025,12469,Dylan Sampson,RB,15,112.60000000000001,-3.639999999999998,0.016679179687500212,7.749333333333334,38.06666666666667,39.06666666666667,44.06666666666667,41.56666666666667,39.06666666666667,0.3772315015625,178,51
2025,9756,Jordan Addison,WR,17,154.5,4.939999999999993,0.014340523437499864,8.797647058823529,43.23529411764706,44.23529411764706,49.23529411764706,46.73529411764706,44.23529411764706,0.4114679563419118,179,54
2025,9508,Tyjae Spears,RB,17,139.1,2.0599999999999987,0.006834828124999748,8.061176470588236,37.94117647058823,38.94117647058823,43.94117647058823,41.44117647058823,38.94117647058823,0.38145009558823534,180,52
2025,2306,Jameis Winston,QB,7,65.17999999999999,-7.990000000000011,-0.005322289062499874,10.452857142857143,24.0,25.0,30.0,27.5,25.0,0.2974935613839286,181,40
2025,5849,Kyler Murray,QB,14,137.58,-22.29999999999999,-0.01883703906249995,11.42,24.0,25.0,30.0,27.5,25.0,0.29153488895089286,182,41
2025,12490,Bhayshul Tuten,RB,15,114.7,-3.9900000000000038,-0.024459523437500408,7.9126666666666665,38.0,39.0,44.0,41.5,39.0,0.3809194515625,183,53
2025,5857,Noah Fant,TE,15,118.8,-5.650000000000004,-0.04045286718750013,8.296666666666667,27.0,28.0,33.0,30.5,28.0,0.4006875515625,184,36
2025,7607,Michael Carter,RB,17,132.4,-4.090000000000005,-0.04072899218750026,8.028823529411765,38.11764705882353,39.11764705882353,44.11764705882353,41.61764705882353,39.11764705882353,0.3809686911764706,185,54
2025,12484,Jayden Higgins,WR,17,143.5,-6.060000000000002,-0.04614746874999992,8.797647058823529,43.23529411764706,44.23529411764706,49.23529411764706,46.73529411764706,44.23529411764706,0.4114679563419118,186,55
2025,4144,Jonnu Smith,TE,17,135.0,-5.6499999999999995,-0.04819115624999992,8.273529411764706,26.705882352941178,27.705882352941178,32.705882352941174,30.205882352941178,27.705882352941178,0.4032837362132353,187,37
2025,11783,Ryan Flournoy,WR,16,134.3,-6.760000000000007,-0.04950586718750016,8.81625,43.25,44.25,49.25,46.75,44.25,0.4103825595703125,188,56
2025,6826,Cole Kmet,TE,16,123.2,-9.400000000000002,-0.06518047656250003,8.2875,26.9375,27.9375,32.9375,30.4375,27.9375,0.4033303955078125,189,38
2025,12457,Jaydon Blue,RB,5,31.0,-8.84,-0.06684295312500005,7.968000000000001,35.4,36.4,41.4,38.9,36.4,0.3845524125,190,55
2025,11808,Jha'Quan Jackson,WR,1,0.0,-7.76,-0.07005746874999996,7.76,41.0,42.0,47.0,44.5,42.0,0.40559104687499997,191,57
2025,6783,Jerry Jeudy,WR,17,138.9,-8.81,-0.07043010156250029,8.688823529411765,43.294117647058826,44.294117647058826,49.294117647058826,46.794117647058826,44.294117647058826,0.41116201240808825,192,58
2025,7082,Dalton Keene,TE,1,0.0,-7.75,-0.072275453125,7.75,32.0,33.0,38.0,35.5,33.0,0.4002366875,193,39
2025,8416,Jalen Virgil,WR,1,0.0,-8.5,-0.076825453125,8.5,41.0,42.0,47.0,44.5,42.0,0.42218846093749995,194,59
2025,12863,Andrew Armstrong,WR,1,0.0,-7.800000000000001,-0.07688904687500003,7.800000000000001,44.0,45.0,50.0,47.5,45.0,0.4147069921875,195,60
2025,8131,Isaiah Likely,TE,14,99.7,-14.400000000000004,-0.08759346875000024,8.15,26.857142857142858,27.857142857142858,32.857142857142854,30.357142857142858,27.857142857142858,0.40220219029017856,196,40
2025,13199,Montorie Foster,WR,1,0.0,-8.8,-0.09108423437499996,8.8,37.0,38.0,43.0,40.5,38.0,0.41339730468749997,197,61
2025,12036,Ian Wheeler,RB,1,0.0,-8.600000000000001,-0.09344218750000005,8.600000000000001,43.0,44.0,49.0,46.5,44.0,0.374939046875,198,56
2025,7541,Cornell Powell,WR,1,0.0,-8.8,-0.09797576562500004,8.8,39.0,40.0,45.0,42.5,40.0,0.384990234375,199,62
2025,4039,Cooper Kupp,WR,16,128.8,-10.810000000000002,-0.10425972656250021,8.725625,43.0,44.0,49.0,46.5,44.0,0.41055688085937503,200,63
2025,9495,Rakim Jarrett,WR,1,0.0,-10.350000000000001,-0.10450051562499996,10.350000000000001,49.0,50.0,55.0,52.5,50.0,0.40423378125,201,64
2025,6039,Ty Johnson,RB,17,122.80000000000001,-11.839999999999996,-0.10507625781250052,7.920000000000001,38.35294117647059,39.35294117647059,44.35294117647059,41.85294117647059,39.35294117647059,0.3796566387867647,202,57
2025,4147,Samaje Perine,RB,15,111.7,-10.74,-0.10801759375000014,8.162666666666667,37.733333333333334,38.733333333333334,43.733333333333334,41.233333333333334,38.733333333333334,0.3808221666666667,203,58
2025,10220,Will Mallory,TE,2,4.6,-11.900000000000002,-0.11278628906250004,8.25,27.5,28.5,33.5,31.0,28.5,0.3905883046875,204,41
2025,10857,Stetson Bennett,QB,2,0.0,-14.67,-0.11663298437500003,7.335,24.0,25.0,30.0,27.5,25.0,0.25602379296875,205,42
2025,12499,Elic Ayomanor,WR,16,129.5,-12.550000000000004,-0.11852501562500006,8.878125,43.375,44.375,49.375,46.875,44.375,0.41152913281250003,206,65
2025,1737,Case Keenum,QB,1,0.0,-16.65,-0.12127937500000002,16.65,24.0,25.0,30.0,27.5,25.0,0.327223734375,207,43
2025,8146,Garrett Wilson,WR,15,106.5,-24.610000000000003,-0.1308149218750001,8.740666666666668,42.86666666666667,43.86666666666667,48.86666666666667,46.36666666666667,43.86666666666667,0.4099775989583333,208,66
2025,6149,Darius Slayton,WR,14,110.80000000000001,-13.960000000000004,-0.1404383046875004,8.911428571428571,43.214285714285715,44.214285714285715,49.214285714285715,46.714285714285715,44.214285714285715,0.4099152639508929,209,67
2025,12460,Antwane Wells,WR,2,0.0,-16.6,-0.14584253906249994,8.3,46.5,47.5,52.5,50.0,47.5,0.42004511328125,210,68
2025,5955,Hunter Renfrow,WR,6,38.900000000000006,-15.300000000000002,-0.146816109375,9.033333333333333,44.833333333333336,45.833333333333336,50.833333333333336,48.333333333333336,45.833333333333336,0.40418179687500005,211,69
2025,7809,Avery Williams,RB,2,0.0,-16.240000000000002,-0.14934417968749997,8.120000000000001,33.0,34.0,39.0,36.5,34.0,0.37526709375,212,59
2025,11605,Jaheim Bell,TE,2,0.0,-16.049999999999997,-0.15000011718749995,8.024999999999999,30.0,31.0,36.0,33.5,31.0,0.40542809765625,213,42
2025,13242,Lawrance Toafili,RB,2,0.0,-14.55,-0.15271514843750006,7.275,40.0,41.0,46.0,43.5,41.0,0.35679780859375,214,60
2025,13249,Thomas Gordon,TE,2,0.0,-16.799999999999997,-0.16308278906249996,8.399999999999999,29.0,30.0,35.0,32.5,30.0,0.41184564843750004,215,43
2025,6798,Jalen Reagor,WR,2,0.0,-16.15,-0.16813065625,8.075,45.5,46.5,51.5,49.0,46.5,0.40682726953125004,216,70
2025,12705,Graham Mertz,QB,3,0.0,-21.29,-0.17297455468749998,7.096666666666667,24.0,25.0,30.0,27.5,25.0,0.30117015885416665,217,44
2025,12540,Chimere Dike,WR,17,136.3,-13.510000000000005,-0.17411289062499996,8.81235294117647,43.23529411764706,44.23529411764706,49.23529411764706,46.73529411764706,44.23529411764706,0.4111798336397059,218,71
2025,9506,Sean Tucker,RB,17,119.10000000000001,-15.989999999999995,-0.18735735937499992,7.946470588235294,38.294117647058826,39.294117647058826,44.294117647058826,41.794117647058826,39.294117647058826,0.37941025965073527,219,61
2025,5121,Braxton Berrios,WR,4,11.200000000000001,-22.5,-0.19622375781249995,8.425,44.5,45.5,50.5,48.0,45.5,0.41891985546875,220,72
2025,12975,JJ Galbreath,TE,2,0.0,-18.6,-0.20034939062500007,9.3,24.0,25.0,30.0,27.5,25.0,0.39756162500000003,221,44
2025,11610,Malik Washington,WR,17,128.6,-20.950000000000006,-0.20260939843750014,8.797058823529412,43.35294117647059,44.35294117647059,49.35294117647059,46.85294117647059,44.35294117647059,0.4118887789522059,222,73
2025,12880,Silas Bolden,WR,2,0.0,-18.75,-0.20355801562499998,9.375,48.5,49.5,54.5,52.0,49.5,0.40257164453125,223,74
2025,6111,Jake Browning,QB,11,88.54,-34.38999999999998,-0.20639940624999986,11.175454545454546,24.0,25.0,30.0,27.5,25.0,0.2874619083806818,224,45
2025,11439,Jaleel McLaughlin,RB,8,43.3,-23.1,-0.20831373437500006,8.3,39.875,40.875,45.875,43.375,40.875,0.3859720361328125,225,62
2025,3271,Tyler Higbee,TE,16,110.1,-22.5,-0.21069967968750009,8.2875,26.9375,27.9375,32.9375,30.4375,27.9375,0.4033303955078125,226,45
2025,2216,Mike Evans,WR,14,96.80000000000001,-24.71,-0.21889315625,8.679285714285715,43.357142857142854,44.357142857142854,49.357142857142854,46.857142857142854,44.357142857142854,0.41253482477678577,227,75
2025,13032,Marshall Lang,TE,3,0.0,-23.549999999999997,-0.22285872656249983,7.849999999999999,26.666666666666668,27.666666666666668,32.666666666666664,30.166666666666668,27.666666666666668,0.4082888229166666,228,46
2025,7561,Elijah Mitchell,RB,3,0.0,-23.950000000000003,-0.22506857031250005,7.983333333333334,40.0,41.0,46.0,43.5,41.0,0.38367371875000006,229,63
2025,9511,Keaton Mitchell,RB,13,76.7,-25.790000000000003,-0.23393156250000025,7.883846153846155,38.30769230769231,39.30769230769231,44.30769230769231,41.80769230769231,39.30769230769231,0.3836238149038461,230,64
2025,4177,Mack Hollins,WR,17,128.6,-20.910000000000004,-0.23589842187500004,8.794705882352943,43.1764705882353,44.1764705882353,49.1764705882353,46.6764705882353,44.1764705882353,0.411352546875,231,76
2025,4993,Mike Gesicki,TE,17,115.7,-26.200000000000003,-0.24135606250000008,8.347058823529412,26.823529411764707,27.823529411764707,32.8235294117647,30.323529411764707,27.823529411764707,0.40153880147058824,232,47
2025,9479,Darnell Washington,TE,17,119.39999999999999,-21.250000000000007,-0.24725875000000003,8.273529411764706,26.705882352941178,27.705882352941178,32.705882352941174,30.205882352941178,27.705882352941178,0.4032837362132353,233,48
2025,13128,Rushawn Baker,RB,4,0.0,-28.45,-0.255355875,7.1125,38.25,39.25,44.25,41.75,39.25,0.384600482421875,234,65
2025,7535,Hunter Long,TE,9,47.5,-26.750000000000004,-0.25836226562500003,8.25,27.11111111111111,28.11111111111111,33.111111111111114,30.61111111111111,28.11111111111111,0.39748943229166667,235,49
2025,11600,Ja'Tavion Sanders,TE,14,90.0,-27.400000000000006,-0.2584596562499999,8.385714285714286,26.714285714285715,27.714285714285715,32.714285714285715,30.214285714285715,27.714285714285715,0.40335500502232147,236,50
2025,8159,Desmond Ridder,QB,3,0.0,-31.049999999999997,-0.2595202109375,10.35,24.0,25.0,30.0,27.5,25.0,0.265259078125,237,46
2025,12462,Damien Martinez,RB,3,0.0,-24.9,-0.25974491406250017,8.299999999999999,37.333333333333336,38.333333333333336,43.333333333333336,40.833333333333336,38.333333333333336,0.3766023984375,238,66
2025,8125,Calvin Austin,WR,14,92.2,-31.460000000000004,-0.26146416406250006,8.832857142857144,42.642857142857146,43.642857142857146,48.642857142857146,46.142857142857146,43.642857142857146,0.4102693889508929,239,77
2025,10861,Xazavian Valladay,RB,3,0.0,-25.05,-0.2618731250000002,8.35,36.333333333333336,37.333333333333336,42.333333333333336,39.833333333333336,37.333333333333336,0.37147199218750004,240,67
2025,827,Tyrod Taylor,QB,13,96.36,-48.41,-0.2629722421874998,11.136153846153848,24.0,25.0,30.0,27.5,25.0,0.2906197806490385,241,47
2025,1234,Russell Wilson,QB,12,83.44,-46.22999999999999,-0.265241328125,10.805833333333332,24.0,25.0,30.0,27.5,25.0,0.28775327473958334,242,48
2025,3200,Sterling Shepard,WR,14,91.80000000000001,-28.560000000000002,-0.269959,8.597142857142858,43.785714285714285,44.785714285714285,49.785714285714285,47.285714285714285,44.785714285714285,0.4091308498883928,243,78
2025,11643,Jaylen Wright,RB,13,71.7,-31.200000000000003,-0.2753846484375003,7.915384615384616,39.30769230769231,40.30769230769231,45.30769230769231,42.80769230769231,40.30769230769231,0.38267280048076924,244,68
2025,9486,Dontayvion Wicks,WR,14,85.5,-36.660000000000004,-0.28861746875000005,8.725714285714286,42.92857142857143,43.92857142857143,48.92857142857143,46.42857142857143,43.92857142857143,0.4105365217633929,245,79
2025,4454,Kendrick Bourne,WR,16,109.60000000000001,-31.509999999999998,-0.2921118984375002,8.819375,42.875,43.875,48.875,46.375,43.875,0.4120052368164063,246,80
2025,12472,Raheim Sanders,RB,7,28.7,-30.950000000000003,-0.29503096875000007,8.521428571428572,39.0,40.0,45.0,42.5,40.0,0.38584769196428575,247,69
2025,11199,Emari Demercado,RB,13,74.60000000000001,-30.439999999999998,-0.2980566093750003,8.08,38.0,39.0,44.0,41.5,39.0,0.37893794651442314,248,70
2025,8917,KaVontae Turpin,WR,15,100.4,-33.010000000000005,-0.2985057890625,8.894,42.8,43.8,48.8,46.3,43.8,0.41128737708333335,249,81
2025,12476,Devin Neal,RB,14,77.9,-34.150000000000006,-0.2994257265625001,8.00357142857143,37.785714285714285,38.785714285714285,43.785714285714285,41.285714285714285,38.785714285714285,0.38386487890625,250,71
2025,11520,Lucky Jackson,WR,3,0.0,-28.0,-0.2997371953125,9.333333333333334,46.666666666666664,47.666666666666664,52.666666666666664,50.166666666666664,47.666666666666664,0.40360803906250003,251,82
2025,5013,Anthony Miller,WR,3,0.0,-28.0,-0.2997371953125,9.333333333333334,46.666666666666664,47.666666666666664,52.666666666666664,50.166666666666664,47.666666666666664,0.40360803906250003,252,83
2025,7009,Trishton Jackson,WR,3,0.0,-28.0,-0.2997371953125,9.333333333333334,46.666666666666664,47.666666666666664,52.666666666666664,50.166666666666664,47.666666666666664,0.40360803906250003,253,84
2025,8250,Tay Martin,WR,4,4.800000000000001,-30.65,-0.3003890859375,8.8625,43.0,44.0,49.0,46.5,44.0,0.40498687304687503,254,85
2025,5046,Royce Freeman,RB,4,0.0,-33.2,-0.3076053437500001,8.3,39.5,40.5,45.5,43.0,40.5,0.390160111328125,255,72
2025,12470,Riley Leonard,QB,12,50.70000000000001,-54.429999999999986,-0.3089889453125,8.760833333333332,24.0,25.0,30.0,27.5,25.0,0.2831041822916667,256,49
2025,8202,Michael Woods,WR,4,0.0,-32.56,-0.3103513828125,8.14,41.0,42.0,47.0,44.5,42.0,0.40760321484375,257,86
2025,8170,James Mitchell,TE,5,10.8,-31.099999999999998,-0.315852578125,8.379999999999999,28.0,29.0,34.0,31.5,29.0,0.397386890625,258,51
2025,11598,Tanner McLachlan,TE,4,0.0,-35.25,-0.32312562500000014,8.8125,27.0,28.0,33.0,30.5,28.0,0.403019087890625,259,52
2025,8214,Cole Turner,TE,4,0.0,-35.25,-0.32312562500000014,8.8125,27.0,28.0,33.0,30.5,28.0,0.403019087890625,260,53
2025,11644,Cody Schrader,RB,4,0.0,-32.540000000000006,-0.32616402343750006,8.135000000000002,36.0,37.0,42.0,39.5,37.0,0.37475604687499997,261,73
2025,11969,Xavier Johnson,WR,4,0.0,-36.550000000000004,-0.33733384375000003,9.137500000000001,41.5,42.5,47.5,45.0,42.5,0.419863337890625,262,87
2025,6402,Steven Sims,WR,4,0.0,-36.550000000000004,-0.33733384375000003,9.137500000000001,41.5,42.5,47.5,45.0,42.5,0.419863337890625,263,88
2025,12467,Jordan James,RB,4,0.0,-35.45,-0.3392913046875001,8.8625,39.25,40.25,45.25,42.75,40.25,0.387896009765625,264,74
2025,12868,Montrell Johnson,RB,4,0.0,-35.150000000000006,-0.34097373437500006,8.787500000000001,40.5,41.5,46.5,44.0,41.5,0.384941166015625,265,75
2025,12062,Cam Grandy,TE,5,4.7,-37.900000000000006,-0.3466319140625002,8.52,26.8,27.8,32.8,30.3,27.8,0.39791978437500003,266,54
2025,11626,Xavier Legette,WR,15,97.0,-33.46,-0.35028208593749977,8.697333333333335,43.666666666666664,44.666666666666664,49.666666666666664,47.166666666666664,44.666666666666664,0.41291948802083334,267,89
2025,8255,Raheem Blackshear,RB,5,0.0,-38.9,-0.3575500390625001,7.779999999999999,38.2,39.2,44.2,41.7,39.2,0.382690359375,268,76
2025,11139,Elijah Cooks,WR,4,0.0,-35.75,-0.35841443750000007,8.9375,42.75,43.75,48.75,46.25,43.75,0.415707955078125,269,90
2025,7090,Darnell Mooney,WR,15,96.3,-36.21000000000001,-0.3595925625,8.834000000000001,42.46666666666667,43.46666666666667,48.46666666666667,45.96666666666667,43.46666666666667,0.4124029510416667,270,91
2025,11806,Casey Washington,WR,7,18.400000000000002,-40.150000000000006,-0.365152515625,8.364285714285716,43.42857142857143,44.42857142857143,49.42857142857143,46.92857142857143,44.42857142857143,0.41244235602678575,271,92
2025,10231,Elijah Higgins,TE,17,103.10000000000001,-37.85,-0.3674481875,8.291176470588237,26.941176470588236,27.941176470588236,32.94117647058823,30.441176470588236,27.941176470588236,0.4014674871323529,272,55
2025,9501,DeMario Douglas,WR,17,111.2,-38.31,-0.3688392500000004,8.794705882352943,43.1764705882353,44.1764705882353,49.1764705882353,46.6764705882353,44.1764705882353,0.411352546875,273,93
2025,4219,Jeremy McNichols,RB,17,95.5,-39.790000000000006,-0.3697284453125003,7.958235294117649,38.11764705882353,39.11764705882353,44.11764705882353,41.61764705882353,39.11764705882353,0.37958459696691177,274,77
2025,6126,Irv Smith,TE,4,0.0,-35.35,-0.37147538281250014,8.8375,25.5,26.5,31.5,29.0,26.5,0.399914140625,275,56
2025,8180,Jalen Nailor,WR,17,113.1,-36.46000000000001,-0.3750447656250001,8.797647058823529,43.23529411764706,44.23529411764706,49.23529411764706,46.73529411764706,44.23529411764706,0.4114679563419118,276,94
2025,11625,Adonai Mitchell,WR,16,99.60000000000001,-42.46,-0.3770726796875001,8.87875,43.25,44.25,49.25,46.75,44.25,0.4110820087890625,277,95
2025,8139,Zamir White,RB,6,12.5,-37.64,-0.3791935781250001,8.356666666666667,36.333333333333336,37.333333333333336,42.333333333333336,39.833333333333336,37.333333333333336,0.37541363932291666,278,78
2025,10218,Xavier Hutchinson,WR,17,107.6,-41.96000000000001,-0.3800684453124998,8.797647058823529,43.23529411764706,44.23529411764706,49.23529411764706,46.73529411764706,44.23529411764706,0.4114679563419118,279,96
2025,7694,Tommy Tremble,TE,17,99.9,-41.300000000000004,-0.3807894218750004,8.305882352941177,26.941176470588236,27.941176470588236,32.94117647058823,30.441176470588236,27.941176470588236,0.40153210891544117,280,57
2025,5010,Will Dissly,TE,9,36.7,-39.95,-0.3811941093750002,8.516666666666667,26.555555555555557,27.555555555555557,32.55555555555556,30.055555555555557,27.555555555555557,0.4014500321180556,281,58
2025,12485,Tez Johnson,WR,16,101.30000000000001,-36.06,-0.389407984375,8.585,42.9375,43.9375,48.9375,46.4375,43.9375,0.4115950268554688,282,97
2025,12356,Jabari Small,RB,5,0.0,-42.7,-0.3907960859375001,8.540000000000001,39.8,40.8,45.8,43.3,40.8,0.3898695515625,283,79
2025,11595,Jared Wiley,TE,5,3.4,-40.25,-0.3928882265625,8.73,26.2,27.2,32.2,29.7,27.2,0.40699519687499996,284,59
2025,11569,Jarquez Hunter,RB,5,0.0,-40.94,-0.3933901250000001,8.187999999999999,37.0,38.0,43.0,40.5,38.0,0.371325825,285,80
2025,8172,Greg Dulcich,TE,17,102.0,-39.900000000000006,-0.3966711484375002,8.347058823529412,26.529411764705884,27.529411764705884,32.529411764705884,30.029411764705884,27.529411764705884,0.3997877817095588,286,60
2025,9494,Marvin Mims,WR,16,102.9,-39.150000000000006,-0.3986712734374998,8.878125,43.375,44.375,49.375,46.875,44.375,0.41152913281250003,287,98
2025,4435,Anthony Firkser,TE,8,25.3,-42.1,-0.3991421015625001,8.425,26.5,27.5,32.5,30.0,27.5,0.4059570205078125,288,61
2025,3161,Carson Wentz,QB,17,118.53999999999999,-61.379999999999995,-0.4079389609375001,10.583529411764705,24.0,25.0,30.0,27.5,25.0,0.2865476424632353,289,50
2025,8225,Daniel Bellinger,TE,16,92.6,-40.85000000000001,-0.41267967187499993,8.340625000000001,26.625,27.625,32.625,30.125,27.625,0.40161307275390623,290,62
2025,8660,Leroy Watson,TE,6,0.0,-46.0,-0.41329554687499986,7.666666666666667,28.166666666666668,29.166666666666668,34.166666666666664,31.666666666666668,29.166666666666668,0.3978334231770833,291,63
2025,7537,Jaret Patterson,RB,11,37.400000000000006,-49.5,-0.41401312500000026,7.9,38.90909090909091,39.90909090909091,44.90909090909091,42.40909090909091,39.90909090909091,0.38503188139204547,292,81
2025,12777,Joaquin Davis,WR,5,0.0,-44.35,-0.41422289062500006,8.870000000000001,42.0,43.0,48.0,45.5,43.0,0.41883206875,293,99
2025,12501,Matthew Golden,WR,14,82.5,-42.10000000000001,-0.4149572343750001,8.9,43.214285714285715,44.214285714285715,49.214285714285715,46.714285714285715,44.214285714285715,0.4136767433035714,294,100
2025,3202,Austin Hooper,TE,16,91.3,-42.1,-0.4211312265625003,8.3375,27.0625,28.0625,33.0625,30.5625,28.0625,0.40104249169921874,295,64
2025,11575,Ray Davis,RB,17,86.69999999999999,-47.94000000000001,-0.42465567187500014,7.920000000000001,38.35294117647059,39.35294117647059,44.35294117647059,41.85294117647059,39.35294117647059,0.3796566387867647,296,82
2025,5806,John Wolford,QB,6,0.0,-53.34,-0.4365966406249999,8.89,24.0,25.0,30.0,27.5,25.0,0.29176894661458336,297,51
2025,6271,Olamide Zaccheaus,WR,16,92.6,-47.31,-0.4371287968749997,8.744375,42.8125,43.8125,48.8125,46.3125,43.8125,0.4109851616210938,298,101
2025,8162,Sam Howell,QB,4,0.0,-51.18,-0.43787471875000006,12.795,24.0,25.0,30.0,27.5,25.0,0.279392509765625,299,52
2025,7670,Joshua Palmer,WR,12,60.300000000000004,-46.71000000000001,-0.4395026484375,8.9175,43.083333333333336,44.083333333333336,49.083333333333336,46.583333333333336,44.083333333333336,0.4110269700520834,300,102
2025,12634,Jordan Watkins,WR,6,5.1000000000000005,-47.900000000000006,-0.4419602265625,8.833333333333334,42.666666666666664,43.666666666666664,48.666666666666664,46.166666666666664,43.666666666666664,0.41865840755208333,301,103
2025,8154,Brian Robinson,RB,17,90.4,-45.790000000000006,-0.4435054140625002,8.011176470588236,37.88235294117647,38.88235294117647,43.88235294117647,41.38235294117647,38.88235294117647,0.3805074623161765,302,83
2025,10214,Davis Allen,TE,17,95.8,-45.150000000000006,-0.44496742187500005,8.291176470588237,26.941176470588236,27.941176470588236,32.94117647058823,30.441176470588236,27.941176470588236,0.4014674871323529,303,65
2025,12492,Pat Bryant,WR,15,87.3,-44.30000000000001,-0.45006033593750017,8.773333333333333,43.4,44.4,49.4,46.9,44.4,0.410709465625,304,104
2025,8219,Jelani Woods,TE,6,4.4,-47.800000000000004,-0.4514706328125001,8.700000000000001,26.333333333333332,27.333333333333332,32.333333333333336,29.833333333333332,27.333333333333332,0.4032439231770833,305,66
2025,11646,Jalen Coker,WR,17,99.9,-49.610000000000014,-0.4583772265625001,8.794705882352943,43.1764705882353,44.1764705882353,49.1764705882353,46.6764705882353,44.1764705882353,0.411352546875,306,105
2025,8188,Tyquan Thornton,WR,16,89.8,-50.21,-0.45875523437500015,8.750625000000001,43.25,44.25,49.25,46.75,44.25,0.41034177392578125,307,106
2025,12487,Terrance Ferguson,TE,14,69.3,-46.25000000000001,-0.4674916953125,8.25357142857143,26.714285714285715,27.714285714285715,32.714285714285715,30.214285714285715,27.714285714285715,0.40044559486607145,308,67
2025,12981,Gee Scott,TE,6,0.0,-50.2,-0.47262130468750013,8.366666666666667,27.666666666666668,28.666666666666668,33.666666666666664,31.166666666666668,28.666666666666668,0.40315501953125005,309,68
2025,12542,Efton Chism,WR,8,17.5,-50.7,-0.4735398203125,8.525,41.625,42.625,47.625,45.125,42.625,0.4140115693359375,310,107
2025,11571,Isaiah Davis,RB,17,87.8,-47.290000000000006,-0.4751196796875001,7.946470588235294,38.294117647058826,39.294117647058826,44.294117647058826,41.794117647058826,39.294117647058826,0.37941025965073527,311,84
2025,10226,Andrei Iosivas,WR,17,101.5,-48.31,-0.47560572656249994,8.81235294117647,43.23529411764706,44.23529411764706,49.23529411764706,46.73529411764706,44.23529411764706,0.4111798336397059,312,108
2025,9227,Israel Abanikanda,RB,6,0.0,-50.150000000000006,-0.47606725000000016,8.358333333333334,39.0,40.0,45.0,42.5,40.0,0.38505101432291666,313,85
2025,12690,Tommy Mellott,WR,5,0.0,-46.45,-0.48012200000000005,9.290000000000001,45.2,46.2,51.2,48.7,46.2,0.40246915000000005,314,109
2025,8114,Erik Ezukanma,WR,5,0.0,-46.45,-0.48012200000000005,9.290000000000001,45.2,46.2,51.2,48.7,46.2,0.40246915000000005,315,110
2025,4950,Christian Kirk,WR,13,64.39999999999999,-49.81,-0.48132810156250017,8.785384615384617,41.92307692307692,42.92307692307692,47.92307692307692,45.42307692307692,42.92307692307692,0.4115170570913461,316,111
2025,11433,Nate Adkins,TE,9,24.8,-50.45,-0.4828546796875002,8.36111111111111,27.11111111111111,28.11111111111111,33.111111111111114,30.61111111111111,28.11111111111111,0.39841157986111114,317,69
2025,12799,Bryson Green,WR,6,0.0,-52.85,-0.4844121015625,8.808333333333334,42.5,43.5,48.5,46.0,43.5,0.41890107552083333,318,112
2025,5995,Justice Hill,RB,16,75.30000000000001,-52.44,-0.4860917890625004,7.983750000000001,38.125,39.125,44.125,41.625,39.125,0.3799537504882813,319,86
2025,5973,Josh Oliver,TE,15,75.0,-51.55000000000001,-0.49748184375000026,8.436666666666667,26.266666666666666,27.266666666666666,32.266666666666666,29.766666666666666,27.266666666666666,0.4012127614583333,320,70
2025,6828,AJ Dillon,RB,8,13.5,-50.14,-0.4999706796875002,7.955,37.25,38.25,43.25,40.75,38.25,0.374202970703125,321,87
2025,2749,Raheem Mostert,RB,12,39.3,-55.09,-0.5022863281250003,7.865833333333334,38.416666666666664,39.416666666666664,44.416666666666664,41.916666666666664,39.416666666666664,0.3821611223958334,322,88
2025,11821,Tahj Washington,WR,7,5.199999999999999,-54.35,-0.5033875703125001,8.507142857142856,42.714285714285715,43.714285714285715,48.714285714285715,46.214285714285715,43.714285714285715,0.4165510993303571,323,113
2025,12486,Dillon Gabriel,QB,15,106.38,-63.86,-0.5054319140625001,11.349333333333334,24.0,25.0,30.0,27.5,25.0,0.2900391536458333,324,53
2025,4854,River Cracraft,WR,6,0.0,-52.45,-0.5110472031250002,8.741666666666667,41.166666666666664,42.166666666666664,47.166666666666664,44.666666666666664,42.166666666666664,0.41396799999999995,325,114
2025,7066,K.J. Osborn,WR,6,0.0,-53.150000000000006,-0.51219865625,8.858333333333334,41.5,42.5,47.5,45.0,42.5,0.4131917630208333,326,115
2025,260,Josh Johnson,QB,10,46.28,-69.03999999999999,-0.514499515625,11.532,24.0,25.0,30.0,27.5,25.0,0.30195512265625,327,54
2025,13212,Cade McDonald,WR,6,0.0,-54.300000000000004,-0.5203268671874999,9.05,44.333333333333336,45.333333333333336,50.333333333333336,47.833333333333336,45.333333333333336,0.4072378971354167,328,116
2025,7585,Davis Mills,QB,17,107.7,-72.22,-0.5210237578124999,10.583529411764705,24.0,25.0,30.0,27.5,25.0,0.2865476424632353,329,55
2025,7605,Kyle Trask,QB,7,0.0,-65.49,-0.523281953125,9.355714285714285,24.0,25.0,30.0,27.5,25.0,0.2859161238839286,330,56
2025,13079,Jahdae Walker,WR,9,27.7,-52.60000000000001,-0.5245296640625002,8.922222222222224,42.666666666666664,43.666666666666664,48.666666666666664,46.166666666666664,43.666666666666664,0.4128366649305556,331,117
2025,7571,Rashod Bateman,WR,13,60.400000000000006,-54.150000000000006,-0.5266917734375003,8.811538461538463,43.92307692307692,44.92307692307692,49.92307692307692,47.42307692307692,44.92307692307692,0.4099804867788462,332,118
2025,12471,DJ Giddens,RB,9,17.3,-56.49,-0.5292883046875001,8.19888888888889,36.77777777777778,37.77777777777778,42.77777777777778,40.27777777777778,37.77777777777778,0.3766552578125,333,89
2025,11579,Audric Estime,RB,15,64.3,-55.74,-0.5311968046875002,8.002666666666666,38.2,39.2,44.2,41.7,39.2,0.3787895822916667,334,90
2025,5347,Nyheim Miller-Hines,RB,7,0.2,-56.85,-0.5315268046875001,8.15,37.0,38.0,43.0,40.5,38.0,0.3834926875,335,91
2025,5409,Tanner Hudson,TE,15,72.8,-52.800000000000004,-0.5329820390625001,8.373333333333333,26.6,27.6,32.6,30.1,27.6,0.4016419380208333,336,71
2025,12495,Ollie Gordon,RB,17,77.1,-58.190000000000005,-0.5369693750000004,7.958235294117649,38.11764705882353,39.11764705882353,44.11764705882353,41.61764705882353,39.11764705882353,0.37958459696691177,337,92
2025,12510,Jalen Milroe,QB,5,-1.0,-64.32,-0.5422892890625,12.663999999999998,24.0,25.0,30.0,27.5,25.0,0.2892410203125,338,57
2025,11633,Jamari Thrash,WR,9,23.2,-55.10000000000001,-0.5442649140625001,8.700000000000001,45.0,46.0,51.0,48.5,46.0,0.4092026805555556,339,119
2025,11073,Thayer Thomas,WR,6,0.0,-54.2,-0.54919515625,9.033333333333333,44.833333333333336,45.833333333333336,50.833333333333336,48.333333333333336,45.833333333333336,0.40418179687500005,340,120
2025,8118,David Bell,WR,6,0.0,-54.2,-0.54919515625,9.033333333333333,44.833333333333336,45.833333333333336,50.833333333333336,48.333333333333336,45.833333333333336,0.40418179687500005,341,121
2025,9225,Tank Bigsby,RB,17,75.9,-59.190000000000005,-0.5511655,7.946470588235294,38.294117647058826,39.294117647058826,44.294117647058826,41.794117647058826,39.294117647058826,0.37941025965073527,342,93
2025,7608,Khalil Herbert,RB,9,10.800000000000002,-61.89,-0.5550879687500001,8.076666666666666,38.333333333333336,39.333333333333336,44.333333333333336,41.833333333333336,39.333333333333336,0.3815567595486111,343,94
2025,3634,Kalif Raymond,WR,15,74.2,-58.410000000000004,-0.5610171171874998,8.840666666666667,43.13333333333333,44.13333333333333,49.13333333333333,46.63333333333333,44.13333333333333,0.4124772630208334,344,122
2025,9481,Luke Musgrave,TE,17,84.2,-56.45,-0.561952671875,8.273529411764706,26.705882352941178,27.705882352941178,32.705882352941174,30.205882352941178,27.705882352941178,0.4032837362132353,345,72
2025,7943,Zach Davidson,TE,7,0.0,-59.6,-0.5632310546875,8.514285714285714,27.0,28.0,33.0,30.5,28.0,0.4066025066964286,346,73
2025,11834,Devaughn Vele,WR,16,74.8,-64.76,-0.5737264453125002,8.7225,43.375,44.375,49.375,46.875,44.375,0.4112394375,347,123
2025,9220,Evan Hull,RB,9,11.2,-61.650000000000006,-0.573801609375,8.094444444444445,39.22222222222222,40.22222222222222,45.22222222222222,42.72222222222222,40.22222222222222,0.38753176475694445,348,95
2025,13261,Layne Pryor,TE,7,0.0,-60.300000000000004,-0.5740621328125,8.614285714285716,26.0,27.0,32.0,29.5,27.0,0.4023662834821429,349,74
2025,7583,Sam Ehlinger,QB,8,0.0,-70.86,-0.5769512734375,8.8575,24.0,25.0,30.0,27.5,25.0,0.288586783203125,350,58
2025,11859,John Rhys Plumlee,QB,8,0.0,-73.08,-0.5790421796875,9.135,24.0,25.0,30.0,27.5,25.0,0.2809176767578125,351,59
2025,12909,Eli Pancol,WR,7,0.0,-60.910000000000004,-0.582256125,8.701428571428572,41.42857142857143,42.42857142857143,47.42857142857143,44.92857142857143,42.42857142857143,0.41210594642857146,352,124
2025,12455,Brashard Smith,RB,17,77.60000000000001,-59.44,-0.5833861796875001,8.061176470588236,37.94117647058823,38.94117647058823,43.94117647058823,41.44117647058823,38.94117647058823,0.38145009558823534,353,96
2025,7087,Jonathan Ward,RB,8,0.0,-65.2,-0.5947024218750001,8.15,39.0,40.0,45.0,42.5,40.0,0.390255861328125,354,97
2025,4381,Taysom Hill,TE,17,82.18,-59.02,-0.598014234375,8.305882352941177,26.823529411764707,27.823529411764707,32.8235294117647,30.323529411764707,27.823529411764707,0.4010657931985294,355,75
2025,12898,Seth Henigan,QB,5,0.0,-70.48,-0.6012101328125,14.096,24.0,25.0,30.0,27.5,25.0,0.2921036796875,356,60
2025,8129,Dameon Pierce,RB,9,6.9,-62.24000000000001,-0.6025122265625,7.682222222222222,38.22222222222222,39.22222222222222,44.22222222222222,41.72222222222222,39.22222222222222,0.38016916145833335,357,98
2025,7828,Noah Gray,TE,16,68.8,-63.650000000000006,-0.6050115156250004,8.278125000000001,26.875,27.875,32.875,30.375,27.875,0.402029787109375,358,76
2025,12897,Nate Carter,RB,9,7.300000000000001,-64.7,-0.6070203359375004,8.0,38.77777777777778,39.77777777777778,44.77777777777778,42.27777777777778,39.77777777777778,0.382669421875,359,99
2025,12658,Jackson Hawes,TE,17,78.7,-62.900000000000006,-0.6130652890624999,8.329411764705881,26.529411764705884,27.529411764705884,32.529411764705884,30.029411764705884,27.529411764705884,0.4018119949448529,360,77
2025,6960,Tyler Johnson,WR,12,41.2,-63.150000000000006,-0.6144783515625001,8.695833333333335,44.583333333333336,45.583333333333336,50.583333333333336,48.083333333333336,45.583333333333336,0.4120839733072917,361,125
2025,8145,Jeremy Ruckert,TE,17,76.9,-64.35,-0.6153153828125,8.308823529411764,26.41176470588235,27.41176470588235,32.411764705882355,29.91176470588235,27.41176470588235,0.4016028106617647,362,78
2025,6869,Adam Trautman,TE,17,75.5,-66.4,-0.6174871406250002,8.347058823529412,26.529411764705884,27.529411764705884,32.529411764705884,30.029411764705884,27.529411764705884,0.3997877817095588,363,79
2025,111,Marcedes Lewis,TE,8,0.0,-66.5,-0.6194545781249999,8.3125,26.125,27.125,32.125,29.625,27.125,0.400493734375,364,80
2025,6144,Trayveon Williams,RB,11,21.6,-64.4,-0.6231495703125003,7.818181818181818,39.09090909090909,40.09090909090909,45.09090909090909,42.59090909090909,40.09090909090909,0.3818288600852273,365,100
2025,12497,Tory Horton,WR,15,66.1,-67.11000000000001,-0.62578096875,8.880666666666666,43.06666666666667,44.06666666666667,49.06666666666667,46.56666666666667,44.06666666666667,0.4098016395833334,366,126
2025,5980,Myles Gaskin,RB,9,1.2000000000000002,-68.89,-0.6269503203125002,7.787777777777778,37.55555555555556,38.55555555555556,43.55555555555556,41.05555555555556,38.55555555555556,0.38301917708333333,367,101
2025,8117,Jalen Tolbert,WR,13,51.8,-63.45,-0.6336525156249999,8.865384615384615,43.38461538461539,44.38461538461539,49.38461538461539,46.88461538461539,44.38461538461539,0.4098184080528846,368,127
2025,12535,Isaac TeSlaa,WR,17,79.9,-69.31,-0.6340697343749999,8.777058823529412,42.94117647058823,43.94117647058823,48.94117647058823,46.44117647058823,43.94117647058823,0.4109915395220588,369,128
2025,12473,Mitchell Evans,TE,17,75.4,-65.8,-0.6354515781250003,8.305882352941177,26.941176470588236,27.941176470588236,32.94117647058823,30.441176470588236,27.941176470588236,0.40153210891544117,370,81
2025,4040,JuJu Smith-Schuster,WR,17,82.5,-67.31,-0.6364387500000002,8.81235294117647,43.23529411764706,44.23529411764706,49.23529411764706,46.73529411764706,44.23529411764706,0.4111798336397059,371,129
2025,4981,Calvin Ridley,WR,14,55.8,-67.81,-0.6431889531249999,8.829285714285716,42.857142857142854,43.857142857142854,48.857142857142854,46.357142857142854,43.857142857142854,0.4094300619419643,372,130
2025,11621,Brenden Rice,WR,8,0.0,-68.41,-0.6477488203125001,8.55125,41.625,42.625,47.625,45.125,42.625,0.4127980927734375,373,131
2025,7597,Kenny Yeboah,TE,8,0.0,-66.45,-0.6515987578125002,8.30625,27.625,28.625,33.625,31.125,28.625,0.3969957841796875,374,82
2025,7587,Dyami Brown,WR,15,57.9,-72.71000000000001,-0.6543584140625001,8.707333333333334,43.666666666666664,44.666666666666664,49.666666666666664,47.166666666666664,44.666666666666664,0.41388971927083335,375,132
2025,11629,Devontez Walker,WR,12,38.6,-69.46000000000001,-0.6685617656250002,9.005,42.75,43.75,48.75,46.25,43.75,0.4087140703125,376,133
2025,11371,Julian Hill,TE,14,52.0,-67.0,-0.6743121953125001,8.5,26.5,27.5,32.5,30.0,27.5,0.39944954073660716,377,83
2025,8147,John Metchie,WR,17,79.0,-68.71000000000001,-0.6756338359375,8.688823529411765,43.294117647058826,44.294117647058826,49.294117647058826,46.794117647058826,44.294117647058826,0.41116201240808825,378,134
2025,8799,Zaire Mitchell-Paden,TE,9,6.7,-67.45,-0.6758782812499999,8.238888888888889,27.11111111111111,28.11111111111111,33.111111111111114,30.61111111111111,28.11111111111111,0.4028490772569444,379,84
2025,8161,Malik Willis,QB,16,83.58000000000001,-90.03999999999999,-0.676016625,10.85125,24.0,25.0,30.0,27.5,25.0,0.29187487353515623,380,61
2025,2197,Brandin Cooks,WR,15,60.900000000000006,-71.35000000000001,-0.6799894218750002,8.816666666666666,43.93333333333333,44.93333333333333,49.93333333333333,47.43333333333333,44.93333333333333,0.4111015651041667,381,135
2025,13151,Nick Kallerup,TE,9,0.0,-73.60000000000001,-0.6836927187499999,8.177777777777779,26.555555555555557,27.555555555555557,32.55555555555556,30.055555555555557,27.555555555555557,0.40389356163194445,382,85
2025,11299,Zavier Scott,RB,16,51.6,-75.74000000000001,-0.6854670859375003,7.95875,38.4375,39.4375,44.4375,41.9375,39.4375,0.3813005913085938,383,102
2025,5970,Greg Dortch,WR,17,80.00000000000001,-69.21,-0.6861129140625,8.777058823529412,42.94117647058823,43.94117647058823,48.94117647058823,46.44117647058823,43.94117647058823,0.4109915395220588,384,136
2025,2374,Tyler Lockett,WR,17,79.6,-69.61000000000001,-0.6907970937500001,8.777058823529412,42.94117647058823,43.94117647058823,48.94117647058823,46.44117647058823,43.94117647058823,0.4109915395220588,385,137
2025,5185,Allen Lazard,WR,11,24.5,-72.21000000000001,-0.69276425,8.791818181818183,43.54545454545455,44.54545454545455,49.54545454545455,47.04545454545455,44.54545454545455,0.40877584019886365,386,138
2025,5096,Ray-Ray McCloud,WR,10,15.900000000000002,-72.16,-0.6942689375000002,8.806000000000001,43.0,44.0,49.0,46.5,44.0,0.40735473203124994,387,139
2025,5965,Miles Boykin,WR,8,0.0,-71.75,-0.698879515625,8.96875,44.25,45.25,50.25,47.75,45.25,0.4093907001953125,388,140
2025,1426,DeAndre Hopkins,WR,17,74.5,-74.31,-0.6995848750000002,8.753529411764706,43.11764705882353,44.11764705882353,49.11764705882353,46.61764705882353,44.11764705882353,0.4110855399816177,389,141
2025,12070,McCallan Castles,TE,9,0.0,-74.5,-0.7011038203124998,8.277777777777779,26.333333333333332,27.333333333333332,32.333333333333336,29.833333333333332,27.333333333333332,0.40544233420138887,390,86
2025,11943,Michael Wiley,RB,10,0.0,-77.95,-0.7044760234375003,7.795,39.0,40.0,45.0,42.5,40.0,0.38302373203125,391,103
2025,12509,Tre' Harris,WR,17,78.3,-71.25,-0.7057476796875002,8.797058823529412,43.35294117647059,44.35294117647059,49.35294117647059,46.85294117647059,44.35294117647059,0.4118887789522059,392,142
2025,8756,Brandon Johnson,WR,9,0.0,-75.21000000000001,-0.7113396875000001,8.356666666666667,42.111111111111114,43.111111111111114,48.111111111111114,45.611111111111114,43.111111111111114,0.4134253923611111,393,143
2025,8235,Samori Toure,WR,9,1.3,-76.2,-0.7141266640625,8.61111111111111,42.77777777777778,43.77777777777778,48.77777777777778,46.27777777777778,43.77777777777778,0.4146650928819444,394,144
2025,12536,Jaylin Noel,WR,17,78.1,-71.46000000000001,-0.7167367578124999,8.797647058823529,43.23529411764706,44.23529411764706,49.23529411764706,46.73529411764706,44.23529411764706,0.4114679563419118,395,145
2025,7891,Brock Wright,TE,16,55.8,-75.7,-0.7230071171875001,8.21875,27.0,28.0,33.0,30.5,28.0,0.401954015625,396,87
2025,6853,Van Jefferson,WR,17,79.0,-70.81,-0.7240293984375,8.81235294117647,43.23529411764706,44.23529411764706,49.23529411764706,46.73529411764706,44.23529411764706,0.4111798336397059,397,146
2025,7237,Scotty Washington,WR,9,0.0,-76.91,-0.7245742734375,8.545555555555556,41.55555555555556,42.55555555555556,47.55555555555556,45.05555555555556,42.55555555555556,0.41384146701388885,398,147
2025,8176,Danny Gray,WR,9,0.0,-76.91,-0.7245742734375,8.545555555555556,41.55555555555556,42.55555555555556,47.55555555555556,45.05555555555556,42.55555555555556,0.41384146701388885,399,148
2025,12670,KeAndre Lambert-Smith,WR,10,17.1,-74.0,-0.7252496562500002,9.110000000000001,43.4,44.4,49.4,46.9,44.4,0.41168093828124996,400,149
2025,5128,Logan Woodside,QB,7,0.0,-89.05,-0.7253089921875,12.721428571428572,24.0,25.0,30.0,27.5,25.0,0.3047206205357143,401,62
2025,12374,Brenden Bates,TE,11,15.8,-76.55000000000001,-0.7254399296875002,8.395454545454546,26.818181818181817,27.818181818181817,32.81818181818182,30.318181818181817,27.818181818181817,0.4014256896306818,402,88
2025,4443,Pharaoh Brown,TE,10,4.1,-77.4,-0.7267026015624998,8.15,27.1,28.1,33.1,30.6,28.1,0.403638259375,403,89
2025,11921,Xavier Weaver,WR,10,14.700000000000001,-74.01,-0.7269335937499999,8.871,41.5,42.5,47.5,45.0,42.5,0.41063138984374997,404,150
2025,12505,Jalen Royals,WR,9,2.4,-78.10000000000001,-0.72906040625,8.944444444444445,42.55555555555556,43.55555555555556,48.55555555555556,46.05555555555556,43.55555555555556,0.41318299479166665,405,151
2025,12523,Jimmy Horn,WR,13,33.8,-77.91,-0.7306327968750002,8.593076923076923,42.92307692307692,43.92307692307692,48.92307692307692,46.42307692307692,43.92307692307692,0.4145114639423077,406,152
2025,11608,Isaiah Williams,WR,16,64.30000000000001,-74.76,-0.7375854765625,8.69125,42.875,43.875,48.875,46.375,43.875,0.41135954541015624,407,153
2025,4574,Cooper Rush,QB,8,17.020000000000003,-88.00999999999999,-0.7377836484375,13.12875,24.0,25.0,30.0,27.5,25.0,0.29109329199218753,408,63
2025,12521,Elijah Arroyo,TE,16,57.9,-74.2,-0.7384551171875002,8.25625,27.0,28.0,33.0,30.5,28.0,0.4032953291015625,409,90
2025,10444,Cedric Tillman,WR,17,66.5,-81.21000000000001,-0.7398166796875001,8.688823529411765,43.294117647058826,44.294117647058826,49.294117647058826,46.794117647058826,44.294117647058826,0.41116201240808825,410,154
2025,13208,Kyrese Rowan,WR,9,0.0,-79.05000000000001,-0.7423420703125001,8.783333333333335,42.111111111111114,43.111111111111114,48.111111111111114,45.611111111111114,43.111111111111114,0.41589615104166666,411,155
2025,8800,Malik Davis,RB,17,58.5,-78.54,-0.7442245390625002,8.061176470588236,37.94117647058823,38.94117647058823,43.94117647058823,41.44117647058823,38.94117647058823,0.38145009558823534,412,104
2025,12503,Isaiah Bond,WR,16,64.7,-75.51,-0.7454886406249998,8.763125,43.3125,44.3125,49.3125,46.8125,44.3125,0.410756943359375,413,156
2025,11632,Malik Nabers,WR,17,64.60000000000001,-84.91,-0.74572621875,8.794705882352943,43.1764705882353,44.1764705882353,49.1764705882353,46.6764705882353,44.1764705882353,0.411352546875,414,157
2025,8207,Tyler Goodson,RB,11,7.0,-80.05000000000001,-0.7601786406250003,7.913636363636365,39.63636363636363,40.63636363636363,45.63636363636363,43.13636363636363,40.63636363636363,0.3842817819602273,415,105
2025,7720,Kene Nwangwu,RB,12,14.5,-81.35000000000001,-0.7616426171875001,7.987500000000001,38.666666666666664,39.666666666666664,44.666666666666664,42.166666666666664,39.666666666666664,0.3840037708333333,416,106
2025,11384,Owen Wright,RB,11,1.2000000000000002,-85.10000000000001,-0.7628801718750001,7.845454545454547,38.45454545454545,39.45454545454545,44.45454545454545,41.95454545454545,39.45454545454545,0.386003140625,417,107
2025,11082,Ben Sims,TE,11,11.0,-80.05,-0.7631594531250001,8.277272727272727,26.90909090909091,27.90909090909091,32.90909090909091,30.40909090909091,27.90909090909091,0.4047163501420455,418,91
2025,3321,Tyreek Hill,WR,17,63.5,-86.05000000000001,-0.76430665625,8.797058823529412,43.35294117647059,44.35294117647059,49.35294117647059,46.85294117647059,44.35294117647059,0.4118887789522059,419,158
2025,8143,Jerome Ford,RB,17,52.900000000000006,-82.19,-0.7650364453125003,7.946470588235294,38.294117647058826,39.294117647058826,44.294117647058826,41.794117647058826,39.294117647058826,0.37941025965073527,420,108
2025,8523,Nick Muse,TE,10,0.0,-82.4,-0.7659715781249999,8.24,27.2,28.2,33.2,30.7,28.2,0.4052068234375,421,92
2025,6938,Cam Akers,RB,12,11.18,-84.36,-0.7670210312500003,7.961666666666667,38.166666666666664,39.166666666666664,44.166666666666664,41.666666666666664,39.166666666666664,0.3816689459635417,422,109
2025,11210,Malik Heath,WR,11,16.6,-79.21000000000001,-0.7761507968750001,8.71,43.36363636363637,44.36363636363637,49.36363636363637,46.86363636363637,44.36363636363637,0.4075772727272727,423,159
2025,7716,John Bates,TE,15,43.3,-81.85000000000001,-0.7774843281249999,8.343333333333334,26.466666666666665,27.466666666666665,32.46666666666667,29.966666666666665,27.466666666666665,0.3994572651041667,424,93
2025,11630,Roman Wilson,WR,14,42.1,-78.76,-0.7812575000000004,8.632857142857143,43.214285714285715,44.214285714285715,49.214285714285715,46.714285714285715,44.214285714285715,0.4102986908482143,425,160
2025,4082,Curtis Samuel,WR,12,23.1,-82.2,-0.7824720000000003,8.775,42.416666666666664,43.416666666666664,48.416666666666664,45.916666666666664,43.416666666666664,0.41327449869791666,426,161
2025,6529,Chris Myarick,TE,10,0.0,-83.2,-0.7838264140624999,8.32,26.2,27.2,32.2,29.7,27.2,0.4020662703125,427,94
2025,12267,Qadir Ismail,WR,9,0.0,-79.65,-0.7848298281250001,8.850000000000001,43.22222222222222,44.22222222222222,49.22222222222222,46.72222222222222,44.22222222222222,0.4107820998263889,428,162
2025,12787,Josh Williams,RB,11,1.9000000000000001,-84.49000000000001,-0.7856995703125002,7.8536363636363635,39.0,40.0,45.0,42.5,40.0,0.381649359375,429,110
2025,8194,Jashaun Corbin,RB,11,0.0,-87.25,-0.7857887421875003,7.931818181818182,38.0,39.0,44.0,41.5,39.0,0.3852251271306818,430,111
2025,4995,Ian Thomas,TE,15,42.4,-80.1,-0.7946703906249999,8.166666666666666,27.2,28.2,33.2,30.7,28.2,0.4024374817708333,431,95
2025,11511,John Stephens,TE,10,0.0,-82.30000000000001,-0.7966526640625,8.23,26.9,27.9,32.9,30.4,27.9,0.39878694453125,432,96
2025,11588,Jawhar Jordan,RB,16,45.300000000000004,-81.59,-0.7989312265625005,7.930625000000001,38.5,39.5,44.5,42.0,39.5,0.37883673632812503,433,112
2025,4137,James Conner,RB,17,44.2,-92.29,-0.8010033437500002,8.028823529411765,38.11764705882353,39.11764705882353,44.11764705882353,41.61764705882353,39.11764705882353,0.3809686911764706,434,113
2025,8208,Tyler Badie,RB,16,42.0,-85.09,-0.8033837968750004,7.943125,38.3125,39.3125,44.3125,41.8125,39.3125,0.3790219697265625,435,114
2025,11306,Xavier Gipson,WR,10,-1.4,-86.71000000000001,-0.810661515625,8.531,43.2,44.2,49.2,46.7,44.2,0.41658757109375,436,163
2025,7989,DJ Turner,WR,10,0.0,-86.51,-0.8136352578125001,8.651,41.6,42.6,47.6,45.1,42.6,0.414251928125,437,164
2025,11589,Trey Benson,RB,17,45.2,-91.29,-0.8136649453125003,8.028823529411765,38.11764705882353,39.11764705882353,44.11764705882353,41.61764705882353,39.11764705882353,0.3809686911764706,438,115
2025,11168,Xavier Smith,WR,16,55.8,-85.65,-0.81503359375,8.840625000000001,43.0625,44.0625,49.0625,46.5625,44.0625,0.4113290703125,439,165
2025,4351,Tim Patrick,WR,16,55.2,-84.41000000000001,-0.8183092656250002,8.725625,43.0,44.0,49.0,46.5,44.0,0.41055688085937503,440,166
2025,12482,Savion Williams,WR,13,29.200000000000003,-84.91,-0.8199091875,8.777692307692307,43.0,44.0,49.0,46.5,44.0,0.4121949477163461,441,167
2025,4992,Dante Pettis,WR,13,21.700000000000003,-89.31,-0.8234422343750001,8.53923076923077,43.15384615384615,44.15384615384615,49.15384615384615,46.65384615384615,44.15384615384615,0.4139359663461538,442,168
2025,9757,Kendre Miller,RB,17,47.2,-88.89000000000001,-0.8242541250000002,8.00529411764706,37.8235294117647,38.8235294117647,43.8235294117647,41.3235294117647,38.8235294117647,0.3809089159007353,443,116
2025,11729,Sione Vaki,RB,11,0.6000000000000001,-88.05000000000001,-0.8263286328125004,8.05909090909091,39.36363636363637,40.36363636363637,45.36363636363637,42.86363636363637,40.36363636363637,0.38631337784090913,444,117
2025,2359,Ameer Abdullah,RB,16,41.7,-86.94,-0.8278649453125,8.040000000000001,38.0,39.0,44.0,41.5,39.0,0.38215582763671874,445,118
2025,5133,Tyler Conklin,TE,14,28.5,-87.85000000000001,-0.8293308125,8.310714285714287,26.857142857142858,27.857142857142858,32.857142857142854,30.357142857142858,27.857142857142858,0.39780535546875,446,97
2025,3286,Demarcus Robinson,WR,17,65.4,-84.11,-0.8317478515625001,8.794705882352943,43.1764705882353,44.1764705882353,49.1764705882353,46.6764705882353,44.1764705882353,0.411352546875,447,169
2025,5032,Jordan Akins,TE,11,0.0,-89.65,-0.8336928359374998,8.15,27.181818181818183,28.181818181818183,33.18181818181818,30.681818181818183,28.181818181818183,0.4041725681818182,448,98
2025,11959,Bryce Oliver,WR,10,1.8,-86.36000000000001,-0.8422972578125,8.816,42.8,43.8,48.8,46.3,43.8,0.41120733749999994,449,170
2025,8119,Jahan Dotson,WR,17,57.7,-90.01,-0.8444413437499999,8.688823529411765,43.294117647058826,44.294117647058826,49.294117647058826,46.794117647058826,44.294117647058826,0.41116201240808825,450,171
2025,8745,Lance McCutcheon,WR,10,0.0,-87.01,-0.8460279375000002,8.701,42.8,43.8,48.8,46.3,43.8,0.41244413281250003,451,172
2025,12757,Hal Presley,WR,10,0.0,-89.36,-0.8526430781250001,8.936,42.2,43.2,48.2,45.7,43.2,0.41291099453125,452,173
2025,7596,Elijah Moore,WR,14,32.800000000000004,-90.06,-0.8542764531250002,8.775714285714287,43.07142857142857,44.07142857142857,49.07142857142857,46.57142857142857,44.07142857142857,0.41237671428571426,453,174
2025,12511,Will Howard,QB,10,0.0,-105.42,-0.85703753125,10.542,24.0,25.0,30.0,27.5,25.0,0.28583213828125,454,64
2025,8127,Charlie Kolar,TE,17,53.2,-88.4,-0.8572905859375002,8.329411764705881,26.529411764705884,27.529411764705884,32.529411764705884,30.029411764705884,27.529411764705884,0.4018119949448529,455,99
2025,6001,Drew Sample,TE,17,51.099999999999994,-90.80000000000001,-0.8640300390625001,8.347058823529412,26.823529411764707,27.823529411764707,32.8235294117647,30.323529411764707,27.823529411764707,0.40153880147058824,456,100
2025,7083,Tyler Huntley,QB,17,73.44,-111.01,-0.8672679609375,10.85,24.0,25.0,30.0,27.5,25.0,0.28763215395220587,457,65
2025,6920,Isaiah Hodgins,WR,14,30.0,-92.11000000000001,-0.8681553828125,8.722142857142858,41.92857142857143,42.92857142857143,47.92857142857143,45.42857142857143,42.92857142857143,0.41284632310267855,458,175
2025,11370,Chris Brooks,RB,17,42.1,-92.85000000000001,-0.8694486718750003,7.938235294117648,38.470588235294116,39.470588235294116,44.470588235294116,41.970588235294116,39.470588235294116,0.3816709921875,459,119
2025,12803,Luke Grimm,WR,10,0.0,-88.10000000000001,-0.8698389140625,8.81,44.2,45.2,50.2,47.7,45.2,0.4072359703125,460,176
2025,6598,Trenton Irwin,WR,11,0.0,-93.51,-0.8704168125,8.500909090909092,42.45454545454545,43.45454545454545,48.45454545454545,45.95454545454545,43.45454545454545,0.4149694026988637,461,177
2025,5285,Ross Dwelley,TE,12,4.699999999999999,-91.05,-0.8719335468749998,7.979166666666667,27.666666666666668,28.666666666666668,33.666666666666664,31.166666666666668,28.666666666666668,0.4026602766927083,462,101
2025,6151,Miles Sanders,RB,16,33.7,-95.3,-0.8721838281250004,8.0625,38.375,39.375,44.375,41.875,39.375,0.3826690043945313,463,120
2025,11577,Will Shipley,RB,15,23.3,-94.19000000000001,-0.873803875,7.832666666666667,38.46666666666667,39.46666666666667,44.46666666666667,41.96666666666667,39.46666666666667,0.379767784375,464,121
2025,3423,Robbie Chosen,WR,12,11.3,-91.95,-0.8748859375,8.604166666666666,43.5,44.5,49.5,47.0,44.5,0.4160700110677083,465,178
2025,13210,Drake Dabney,TE,11,2.3,-90.8,-0.8782838671875,8.463636363636365,25.90909090909091,26.90909090909091,31.90909090909091,29.40909090909091,26.90909090909091,0.4040094779829545,466,102
2025,8181,Connor Heyward,RB,17,42.4,-92.55000000000001,-0.8813892109375003,7.938235294117648,38.470588235294116,39.470588235294116,44.470588235294116,41.970588235294116,39.470588235294116,0.3816709921875,467,122
2025,12504,Kaleb Johnson,RB,14,15.4,-93.0,-0.8839723437500004,7.742857142857143,38.214285714285715,39.214285714285715,44.214285714285715,41.714285714285715,39.214285714285715,0.3802558035714286,468,123
2025,11645,Javon Baker,WR,10,0.0,-90.75,-0.8865290000000001,9.075,43.5,44.5,49.5,47.0,44.5,0.41045441328125004,469,179
2025,11650,Luke McCaffrey,WR,17,55.8,-93.75,-0.8891184062500002,8.797058823529412,43.35294117647059,44.35294117647059,49.35294117647059,46.85294117647059,44.35294117647059,0.4118887789522059,470,180
2025,12483,Jack Bech,WR,16,47.9,-92.56,-0.8895356171875,8.77875,42.9375,43.9375,48.9375,46.4375,43.9375,0.4101824970703125,471,181
2025,8177,Grant Calcaterra,TE,15,34.599999999999994,-91.65,-0.8936477812500001,8.416666666666666,25.933333333333334,26.933333333333334,31.933333333333334,29.433333333333334,26.933333333333334,0.40152238072916663,472,103
2025,10222,Jayden Reed,WR,17,53.1,-95.56,-0.8961704218750001,8.74470588235294,42.8235294117647,43.8235294117647,48.8235294117647,46.3235294117647,43.8235294117647,0.4117469885110294,473,182
2025,13121,Ben Yurosek,TE,12,6.4,-94.45,-0.896534515625,8.404166666666667,26.5,27.5,32.5,30.0,27.5,0.40184957161458335,474,104
2025,5917,Mecole Hardman,WR,10,-2.0,-90.66000000000001,-0.8967232890624999,8.866000000000001,42.8,43.8,48.8,46.3,43.8,0.4093817984375,475,183
2025,11596,Ben Sinnott,TE,16,43.4,-90.7,-0.8987487421875002,8.38125,26.625,27.625,32.625,30.125,27.625,0.39918914404296874,476,105
2025,11820,Devin Culp,TE,13,8.6,-95.55,-0.9020739218749997,8.011538461538462,26.923076923076923,27.923076923076923,32.92307692307692,30.423076923076923,27.923076923076923,0.40085473016826917,477,106
2025,9230,Tanner McKee,QB,14,24.86,-116.22999999999999,-0.9057262890625001,10.077857142857143,24.0,25.0,30.0,27.5,25.0,0.29207056529017855,478,66
2025,4198,Jamal Agnew,WR,11,-2.0,-94.51,-0.9059500390624999,8.41,42.72727272727273,43.72727272727273,48.72727272727273,46.22727272727273,43.72727272727273,0.4100300767045455,479,184
2025,12547,Kyle Williams,WR,17,54.6,-94.91,-0.9086356171875,8.794705882352943,43.1764705882353,44.1764705882353,49.1764705882353,46.6764705882353,44.1764705882353,0.411352546875,480,185
2025,4054,Mo Alie-Cox,TE,17,46.7,-94.5,-0.9129611015625001,8.305882352941177,26.823529411764707,27.823529411764707,32.8235294117647,30.323529411764707,27.823529411764707,0.4010657931985294,481,107
2025,9497,Jalin Hyatt,WR,12,9.5,-95.76,-0.9146073437499999,8.771666666666667,43.666666666666664,44.666666666666664,49.666666666666664,47.166666666666664,44.666666666666664,0.4104363860677083,482,186
2025,10871,Luke Schoonmaker,TE,17,48.2,-93.7,-0.9161894375000001,8.347058823529412,26.823529411764707,27.823529411764707,32.8235294117647,30.323529411764707,27.823529411764707,0.40153880147058824,483,108
2025,6659,Craig Reynolds,RB,12,1.0,-97.29,-0.9165349140625003,8.190833333333334,38.0,39.0,44.0,41.5,39.0,0.37794021940104167,484,124
2025,11570,Rasheen Ali,RB,15,26.6,-94.39,-0.9195346562500002,8.066,38.333333333333336,39.333333333333336,44.333333333333336,41.833333333333336,39.333333333333336,0.37940291927083336,485,125
2025,1689,Adam Thielen,WR,16,44.6,-96.16000000000001,-0.9232148125000001,8.797500000000001,43.5,44.5,49.5,47.0,44.5,0.41312281396484374,486,187
2025,10234,Derius Davis,WR,11,1.9000000000000001,-93.7,-0.9248095390625,8.690909090909091,43.54545454545455,44.54545454545455,49.54545454545455,47.04545454545455,44.54545454545455,0.4110715028409091,487,188
2025,12933,Caden Prieskorn,TE,12,0.0,-98.3,-0.9249275312499999,8.191666666666666,26.75,27.75,32.75,30.25,27.75,0.4023380657552083,488,109
2025,5110,Russell Gage,WR,11,0.0,-96.4,-0.926416828125,8.763636363636364,44.36363636363637,45.36363636363637,50.36363636363637,47.86363636363637,45.36363636363637,0.4111780603693182,489,189
2025,5086,Marquez Valdes-Scantling,WR,15,34.5,-95.31,-0.9287781484375,8.654,43.46666666666667,44.46666666666667,49.46666666666667,46.96666666666667,44.46666666666667,0.41169266302083335,490,190
2025,6154,David Sills,WR,17,52.6,-96.06,-0.9299691718750001,8.74470588235294,42.8235294117647,43.8235294117647,48.8235294117647,46.3235294117647,43.8235294117647,0.4117469885110294,491,191
2025,6943,Gabe Davis,WR,15,34.400000000000006,-95.41,-0.9311203984375,8.654,43.13333333333333,44.13333333333333,49.13333333333333,46.63333333333333,44.13333333333333,0.40975562343750005,492,192
2025,7842,Luke Farrell,TE,17,44.5,-96.7,-0.9317504453125001,8.305882352941177,26.941176470588236,27.941176470588236,32.94117647058823,30.441176470588236,27.941176470588236,0.40153210891544117,493,110
2025,5000,Chase Edmonds,RB,13,0.0,-100.89,-0.9329925546875003,7.760769230769231,38.07692307692308,39.07692307692308,44.07692307692308,41.57692307692308,39.07692307692308,0.37957104927884616,494,126
2025,12641,Jaylin Lane,WR,17,55.4,-94.15,-0.9343601875,8.797058823529412,43.35294117647059,44.35294117647059,49.35294117647059,46.85294117647059,44.35294117647059,0.4118887789522059,495,193
2025,3976,Mitchell Trubisky,QB,17,55.92,-128.53,-0.93739146875,10.85,24.0,25.0,30.0,27.5,25.0,0.28763215395220587,496,67
2025,6290,Scotty Miller,WR,13,17.2,-97.46000000000001,-0.939436,8.82,42.76923076923077,43.76923076923077,48.76923076923077,46.26923076923077,43.76923076923077,0.41217501983173077,497,194
2025,4234,Noah Brown,WR,13,14.8,-99.30000000000001,-0.9458758671874999,8.776923076923078,43.46153846153846,44.46153846153846,49.46153846153846,46.96153846153846,44.46153846153846,0.4140124423076923,498,195
2025,3269,Chris Moore,WR,16,44.300000000000004,-97.45,-0.9503539453125001,8.859375,43.3125,44.3125,49.3125,46.8125,44.3125,0.411712640625,499,196
2025,12939,Anthony Tyus,RB,13,0.0,-104.04,-0.9519723437500003,8.003076923076923,37.69230769230769,38.69230769230769,43.69230769230769,41.19230769230769,38.69230769230769,0.38473643028846155,500,127
2025,11377,Tyrell Shavers,WR,17,52.5,-96.31,-0.9542721718750001,8.753529411764706,43.11764705882353,44.11764705882353,49.11764705882353,46.61764705882353,44.11764705882353,0.4110855399816177,501,197
2025,7599,Jermar Jefferson,RB,13,0.0,-104.34,-0.9567948750000002,8.026153846153846,38.0,39.0,44.0,41.5,39.0,0.38533957572115385,502,128
2025,4314,Johnny Mundt,TE,16,35.1,-98.05000000000001,-0.9581938671875001,8.321875,27.1875,28.1875,33.1875,30.6875,28.1875,0.40146929150390626,503,111
2025,12171,British Brooks,RB,15,13.7,-104.74000000000001,-0.9584037421875002,7.896,38.46666666666667,39.46666666666667,44.46666666666667,41.96666666666667,39.46666666666667,0.38093673593750005,504,129
2025,6699,Gunner Olszewski,WR,16,39.82000000000001,-100.49000000000001,-0.960289296875,8.769375,43.1875,44.1875,49.1875,46.6875,44.1875,0.41096639111328126,505,198
2025,11599,Cade Stover,TE,17,38.699999999999996,-102.7,-0.9628522656249998,8.31764705882353,26.529411764705884,27.529411764705884,32.529411764705884,30.029411764705884,27.529411764705884,0.4011619384191176,506,112
2025,11568,Blake Watson,RB,13,0.0,-104.89,-0.9651711718750002,8.068461538461538,37.76923076923077,38.76923076923077,43.76923076923077,41.26923076923077,38.76923076923077,0.3859691045673077,507,130
2025,8500,John FitzPatrick,TE,17,40.2,-100.45,-0.9667995625,8.273529411764706,26.705882352941178,27.705882352941178,32.705882352941174,30.205882352941178,27.705882352941178,0.4032837362132353,508,113
2025,7536,Quintin Morris,TE,15,26.5,-99.30000000000001,-0.9681117109375,8.386666666666667,26.4,27.4,32.4,29.9,27.4,0.40186866927083337,509,114
2025,10867,Jake Bobo,WR,12,4.5,-100.91000000000001,-0.9732701484374999,8.784166666666668,42.75,43.75,48.75,46.25,43.75,0.40863168489583335,510,199
2025,12715,Thomas Fidone,TE,13,0.0,-105.85000000000001,-0.9808432578124999,8.142307692307693,27.384615384615383,28.384615384615383,33.38461538461539,30.884615384615383,28.384615384615383,0.4020299453125,511,115
2025,6945,Antonio Gibson,RB,17,30.7,-105.49000000000001,-0.9818247421875004,8.011176470588236,37.88235294117647,38.88235294117647,43.88235294117647,41.38235294117647,38.88235294117647,0.3805074623161765,512,131
2025,4171,Josh Reynolds,WR,15,25.1,-103.01,-0.9824954375000001,8.540666666666668,42.93333333333333,43.93333333333333,48.93333333333333,46.43333333333333,43.93333333333333,0.4119893067708333,513,200
2025,11851,Carter Bradley,QB,13,0.0,-125.26,-0.9842331328125,9.635384615384616,24.0,25.0,30.0,27.5,25.0,0.28805353966346153,514,68
2025,12541,Dont'e Thornton,WR,15,27.0,-104.81,-0.9918838359375,8.787333333333333,42.93333333333333,43.93333333333333,48.93333333333333,46.43333333333333,43.93333333333333,0.4102802067708333,515,201
2025,12776,Connor Bazelak,QB,11,0.0,-122.08,-0.995156109375,11.098181818181818,24.0,25.0,30.0,27.5,25.0,0.29155552272727275,516,69
2025,8135,Treylon Burks,WR,15,31.0,-102.30000000000001,-0.996909984375,8.886666666666667,43.53333333333333,44.53333333333333,49.53333333333333,47.03333333333333,44.53333333333333,0.41114505,517,202
2025,12797,Ahmani Marshall,RB,13,0.0,-105.94,-0.9971397578125003,8.149230769230769,37.61538461538461,38.61538461538461,43.61538461538461,41.11538461538461,38.61538461538461,0.3797702650240385,518,132
2025,12544,LeQuint Allen,RB,17,31.9,-104.59,-0.9982412109375003,8.028823529411765,38.11764705882353,39.11764705882353,44.11764705882353,41.61764705882353,39.11764705882353,0.3809686911764706,519,133
2025,8583,Stone Smartt,TE,15,22.2,-102.65,-0.999597875,8.323333333333334,26.6,27.6,32.6,30.1,27.6,0.40353664270833334,520,116
2025,5089,Mike White,QB,11,0.0,-123.03999999999999,-1.0028354296875,11.185454545454546,24.0,25.0,30.0,27.5,25.0,0.2951752791193182,521,70
2025,7562,Tutu Atwell,WR,16,35.699999999999996,-105.76,-1.008504546875,8.84125,42.9375,43.9375,48.9375,46.4375,43.9375,0.4108819462890625,522,203
2025,13202,Dalevon Campbell,WR,12,0.0,-106.05000000000001,-1.0111183593750002,8.8375,42.5,43.5,48.5,46.0,43.5,0.41266524088541673,523,204
2025,5113,Cedrick Wilson,WR,13,10.9,-104.5,-1.0153421718750002,8.876923076923077,42.76923076923077,43.76923076923077,48.76923076923077,46.26923076923077,43.76923076923077,0.41203352223557693,524,205
2025,4718,Dare Ogunbowale,RB,17,27.8,-106.99000000000001,-1.0170670625000002,7.9288235294117655,38.23529411764706,39.23529411764706,44.23529411764706,41.73529411764706,39.23529411764706,0.3801039875919118,525,134
2025,7595,Tylan Wallace,WR,14,15.5,-105.96000000000001,-1.019201125,8.675714285714287,43.42857142857143,44.42857142857143,49.42857142857143,46.92857142857143,44.42857142857143,0.41106706696428574,526,206
2025,4080,Zay Jones,WR,16,34.8,-104.61000000000001,-1.0202047890625001,8.713125,43.375,44.375,49.375,46.875,44.375,0.41208350146484374,527,207
2025,12984,CJ Dippre,TE,13,0.0,-106.2,-1.0225389999999999,8.169230769230769,27.076923076923077,28.076923076923077,33.07692307692308,30.576923076923077,28.076923076923077,0.40099119891826923,528,117
2025,12048,George Holani,RB,17,27.7,-108.79,-1.0259346718750004,8.028823529411765,38.11764705882353,39.11764705882353,44.11764705882353,41.61764705882353,39.11764705882353,0.3809686911764706,529,135
2025,11593,Brevyn Spann-Ford,TE,17,36.0,-105.9,-1.0263074687500002,8.347058823529412,26.823529411764707,27.823529411764707,32.8235294117647,30.323529411764707,27.823529411764707,0.40153880147058824,530,118
2025,7438,Kristian Wilkerson,WR,12,0.0,-106.46000000000001,-1.0277208046875002,8.871666666666668,44.166666666666664,45.166666666666664,50.166666666666664,47.666666666666664,45.166666666666664,0.41052490364583333,531,208
2025,10235,Roschon Johnson,RB,14,2.6,-110.5,-1.0299797343750003,8.07857142857143,39.142857142857146,40.142857142857146,45.142857142857146,42.642857142857146,40.142857142857146,0.3823701328125,532,136
2025,11651,Isaac Guerendo,RB,14,0.0,-109.64,-1.0337579062500004,7.831428571428572,37.5,38.5,43.5,41.0,38.5,0.37884294587053574,533,137
2025,8204,Bo Melton,WR,16,29.700000000000003,-108.61,-1.03674859375,8.644375,42.4375,43.4375,48.4375,45.9375,43.4375,0.41221656396484374,534,209
2025,9492,Trey Palmer,WR,13,0.0,-111.01,-1.0369446640625,8.53923076923077,43.15384615384615,44.15384615384615,49.15384615384615,46.65384615384615,44.15384615384615,0.4139359663461538,535,210
2025,8116,Pierre Strong,RB,14,0.0,-109.8,-1.0376418828125002,7.8428571428571425,39.07142857142857,40.07142857142857,45.07142857142857,42.57142857142857,40.07142857142857,0.38060445703125,536,138
2025,6323,Andrew Beck,RB,17,24.7,-110.39,-1.0396914140625002,7.946470588235294,38.294117647058826,39.294117647058826,44.294117647058826,41.794117647058826,39.294117647058826,0.37941025965073527,537,139
2025,11157,Brycen Tremayne,WR,16,33.5,-108.51,-1.040387109375,8.875625000000001,43.1875,44.1875,49.1875,46.6875,44.1875,0.41095938623046874,538,211
2025,7039,Cody White,WR,15,21.5,-109.26,-1.044368546875,8.717333333333332,42.93333333333333,43.93333333333333,48.93333333333333,46.43333333333333,43.93333333333333,0.41235563593749996,539,212
2025,11623,Jordan Whittington,WR,17,41.400000000000006,-107.81,-1.0463604609375001,8.777058823529412,42.94117647058823,43.94117647058823,48.94117647058823,46.44117647058823,43.94117647058823,0.4109915395220588,540,213
2025,5880,Parris Campbell,WR,13,0.0,-112.01,-1.048277421875,8.616153846153846,43.0,44.0,49.0,46.5,44.0,0.4142856081730769,541,214
2025,7496,Nick Westbrook-Ikhine,WR,15,23.9,-107.10000000000001,-1.0501726015625001,8.733333333333333,43.4,44.4,49.4,46.9,44.4,0.4102389489583333,542,215
2025,8253,Deven Thompkins,WR,14,6.9,-113.76,-1.0503962421875,8.61857142857143,42.0,43.0,48.0,45.5,43.0,0.41349104910714285,543,216
2025,11576,Braelon Allen,RB,17,20.9,-114.19000000000001,-1.0517916796875002,7.946470588235294,38.294117647058826,39.294117647058826,44.294117647058826,41.794117647058826,39.294117647058826,0.37941025965073527,544,140
2025,11421,Ryan Miller,WR,14,11.4,-108.51,-1.0520097265625001,8.565000000000001,43.785714285714285,44.785714285714285,49.785714285714285,47.285714285714285,44.785714285714285,0.4095883627232143,545,217
2025,6931,DeeJay Dallas,RB,14,3.2,-110.24000000000001,-1.0525420859375003,8.102857142857143,38.57142857142857,39.57142857142857,44.57142857142857,42.07142857142857,39.57142857142857,0.37844061551339286,546,141
2025,11942,Colson Yankoff,TE,14,7.800000000000001,-108.7,-1.0527917265625,8.321428571428571,26.571428571428573,27.571428571428573,32.57142857142857,30.071428571428573,27.571428571428573,0.39838966964285716,547,119
2025,11617,Malachi Corley,WR,17,39.7,-108.01,-1.0577333046875,8.688823529411765,43.294117647058826,44.294117647058826,49.294117647058826,46.794117647058826,44.294117647058826,0.41116201240808825,548,218
2025,7946,Jack Stoll,TE,16,23.6,-110.5,-1.0623923124999999,8.38125,26.9375,27.9375,32.9375,30.4375,27.9375,0.4010496025390625,549,120
2025,12412,Terrell Jennings,RB,17,23.3,-112.89,-1.0682670078125005,8.011176470588236,37.88235294117647,38.88235294117647,43.88235294117647,41.38235294117647,38.88235294117647,0.3805074623161765,550,142
2025,8423,Brittain Brown,RB,16,11.2,-115.15,-1.0709788281250003,7.8968750000000005,38.1875,39.1875,44.1875,41.6875,39.1875,0.3820917387695313,551,143
2025,10212,Josh Whyle,TE,16,20.599999999999998,-110.45,-1.071506296875,8.190625,26.875,27.875,32.875,30.375,27.875,0.4024787797851562,552,121
2025,8849,Tanner Conner,TE,17,30.1,-111.80000000000001,-1.0715651171875,8.347058823529412,26.529411764705884,27.529411764705884,32.529411764705884,30.029411764705884,27.529411764705884,0.3997877817095588,553,122
2025,4663,Austin Ekeler,RB,17,18.4,-116.89,-1.0744671015625005,7.958235294117649,38.11764705882353,39.11764705882353,44.11764705882353,41.61764705882353,39.11764705882353,0.37958459696691177,554,144
2025,10983,Sean Clifford,QB,12,0.0,-134.17,-1.07833178125,11.180833333333332,24.0,25.0,30.0,27.5,25.0,0.292456640625,555,71
2025,6037,Brett Rypien,QB,13,-1.0,-132.45,-1.0797056796875,10.11153846153846,24.0,25.0,30.0,27.5,25.0,0.27782559795673073,556,72
2025,8123,Hassan Haskins,RB,16,15.400000000000002,-113.39,-1.0812979765625004,8.049375000000001,38.1875,39.1875,44.1875,41.6875,39.1875,0.37994071728515627,557,145
2025,13101,Gage Larvadain,WR,15,14.100000000000001,-114.86,-1.08254790625,8.597333333333333,42.6,43.6,48.6,46.1,43.6,0.4123073947916667,558,219
2025,11762,Anthony Gould,WR,13,2.6,-110.11000000000001,-1.087471625,8.67,43.53846153846154,44.53846153846154,49.53846153846154,47.03846153846154,44.53846153846154,0.4082925234375,559,220
2025,12935,Jakobie Keeney-James,WR,14,3.5,-117.16000000000001,-1.0883831328125,8.61857142857143,42.0,43.0,48.0,45.5,43.0,0.41349104910714285,560,221
2025,12491,Corey Kiner,RB,16,14.200000000000001,-114.64,-1.0907250156250003,8.0525,38.125,39.125,44.125,41.625,39.125,0.38100406201171877,561,146
2025,5938,Lil'Jordan Humphrey,WR,17,38.6,-110.95,-1.0923343046875003,8.797058823529412,43.35294117647059,44.35294117647059,49.35294117647059,46.85294117647059,44.35294117647059,0.4118887789522059,562,222
2025,12732,Dominic Lovett,WR,13,0.0,-112.66,-1.09568578125,8.666153846153845,43.38461538461539,44.38461538461539,49.38461538461539,46.88461538461539,44.38461538461539,0.4082617554086539,563,223
2025,8200,Kevin Austin,WR,17,36.0,-112.81,-1.097018640625,8.753529411764706,43.35294117647059,44.35294117647059,49.35294117647059,46.85294117647059,44.35294117647059,0.4109124604779412,564,224
2025,11618,Jalen McMillan,WR,17,35.1,-112.61000000000001,-1.098600171875,8.688823529411765,43.294117647058826,44.294117647058826,49.294117647058826,46.794117647058826,44.294117647058826,0.41116201240808825,565,225
2025,8885,Tucker Fisk,TE,15,6.9,-116.4,-1.1008429765625,8.22,26.866666666666667,27.866666666666667,32.86666666666667,30.366666666666667,27.866666666666667,0.4000846026041666,566,123
2025,12531,Trevor Etienne,RB,17,19.2,-116.99000000000001,-1.1032810859375002,8.011176470588236,37.88235294117647,38.88235294117647,43.88235294117647,41.38235294117647,38.88235294117647,0.3805074623161765,567,147
2025,6694,D'Ernest Johnson,RB,15,5.3,-117.29,-1.1056088125000003,8.172666666666666,37.46666666666667,38.46666666666667,43.46666666666667,40.96666666666667,38.46666666666667,0.38280685989583335,568,148
2025,7565,Terrace Marshall,WR,13,0.0,-115.15,-1.1092605859375,8.857692307692307,44.0,45.0,50.0,47.5,45.0,0.4122570270432692,569,226
2025,7528,Najee Harris,RB,17,16.6,-118.69,-1.1094010703125003,7.958235294117649,38.11764705882353,39.11764705882353,44.11764705882353,41.61764705882353,39.11764705882353,0.37958459696691177,570,149
2025,12543,Tahj Brooks,RB,16,10.1,-118.34,-1.1099313750000004,8.0275,37.625,38.625,43.625,41.125,38.625,0.3818570361328125,571,150
2025,11654,Dante Miller,RB,15,0.0,-119.14,-1.1169486484375004,7.942666666666667,37.733333333333334,38.733333333333334,43.733333333333334,41.233333333333334,38.733333333333334,0.3795005703125,572,151
2025,9998,Hendon Hooker,QB,12,0.0,-138.46,-1.1172535546875,11.538333333333334,24.0,25.0,30.0,27.5,25.0,0.2844000078125,573,73
2025,13189,Luke Floriea,WR,14,0.0,-119.71000000000001,-1.1198747734375,8.550714285714287,42.57142857142857,43.57142857142857,48.57142857142857,46.07142857142857,43.57142857142857,0.41278072098214286,574,227
2025,6927,Quez Watkins,WR,14,0.0,-119.71000000000001,-1.1198747734375,8.550714285714287,42.57142857142857,43.57142857142857,48.57142857142857,46.07142857142857,43.57142857142857,0.41278072098214286,575,228
2025,6012,Travis Homer,RB,15,0.0,-117.9,-1.1207599843750005,7.86,38.53333333333333,39.53333333333333,44.53333333333333,42.03333333333333,39.53333333333333,0.37921306770833335,576,152
2025,8220,Sincere McCormick,RB,15,0.0,-118.39,-1.1233894531250004,7.892666666666667,37.733333333333334,38.733333333333334,43.733333333333334,41.233333333333334,38.733333333333334,0.3803967255208333,577,153
2025,11068,Mitchell Tinsley,WR,17,33.6,-116.21000000000001,-1.1236794765625,8.81235294117647,43.23529411764706,44.23529411764706,49.23529411764706,46.73529411764706,44.23529411764706,0.4111798336397059,578,229
2025,11895,Mason Tipton,WR,16,24.200000000000003,-115.86000000000001,-1.1241409765625001,8.75375,43.375,44.375,49.375,46.875,44.375,0.4100984755859375,579,230
2025,4972,Mason Rudolph,QB,17,38.89999999999999,-141.79999999999998,-1.1277415703125,10.629411764705882,24.0,25.0,30.0,27.5,25.0,0.2903598244485294,580,74
2025,6427,Ashton Dulin,WR,16,24.6,-115.71000000000001,-1.1277500546875001,8.769375,43.25,44.25,49.25,46.75,44.25,0.410391607421875,581,231
2025,10228,Charlie Jones,WR,14,6.0,-116.46000000000001,-1.1289332890625001,8.747142857142858,43.714285714285715,44.714285714285715,49.714285714285715,47.214285714285715,44.714285714285715,0.4091524899553572,582,232
2025,7357,Dan Chisena,WR,14,0.0,-121.51,-1.1320467109375,8.679285714285715,42.42857142857143,43.42857142857143,48.42857142857143,45.92857142857143,43.42857142857143,0.41301208426339286,583,233
2025,12538,Brady Cook,QB,17,46.06,-139.13,-1.133248953125,10.893529411764705,24.0,25.0,30.0,27.5,25.0,0.29061405376838234,584,75
2025,10866,Aidan O'Connell,QB,12,5.48,-141.42,-1.1371417343749999,12.241666666666667,24.0,25.0,30.0,27.5,25.0,0.2942521067708333,585,76
2025,6895,Quintez Cephus,WR,14,0.0,-121.56,-1.1398626015625002,8.682857142857143,42.5,43.5,48.5,46.0,43.5,0.41315222433035714,586,234
2025,12860,Theo Wease,WR,17,31.4,-118.15,-1.1400652890625,8.797058823529412,43.35294117647059,44.35294117647059,49.35294117647059,46.85294117647059,44.35294117647059,0.4118887789522059,587,235
2025,12775,Max Brosmer,QB,15,8.620000000000001,-141.57,-1.1416463749999999,10.012666666666666,24.0,25.0,30.0,27.5,25.0,0.2895907447916667,588,77
2025,7602,Kylen Granson,TE,17,21.0,-120.25,-1.141985515625,8.308823529411764,26.41176470588235,27.41176470588235,32.411764705882355,29.91176470588235,27.41176470588235,0.4016028106617647,589,124
2025,8230,Ty Chandler,RB,17,13.200000000000001,-121.59,-1.1439955625000005,7.9288235294117655,38.23529411764706,39.23529411764706,44.23529411764706,41.73529411764706,39.23529411764706,0.3801039875919118,590,154
2025,7075,Charlie Woerner,TE,17,22.8,-117.85000000000001,-1.1449453828124998,8.273529411764706,26.705882352941178,27.705882352941178,32.705882352941174,30.205882352941178,27.705882352941178,0.4032837362132353,591,125
2025,10225,Jonathan Mingo,WR,14,4.0,-118.91000000000001,-1.1460343671875002,8.779285714285715,43.785714285714285,44.785714285714285,49.785714285714285,47.285714285714285,44.785714285714285,0.41178088560267856,592,236
2025,6233,Matt Sokol,TE,15,0.0,-122.05,-1.1468618515625,8.136666666666667,27.066666666666666,28.066666666666666,33.06666666666667,30.566666666666666,28.066666666666666,0.404046684375,593,126
2025,5985,Foster Moreau,TE,17,21.9,-119.30000000000001,-1.1505820703125,8.305882352941177,26.823529411764707,27.823529411764707,32.8235294117647,30.323529411764707,27.823529411764707,0.4010657931985294,594,127
2025,8223,Velus Jones,WR,14,4.5,-119.11000000000001,-1.1579041328125,8.829285714285716,43.142857142857146,44.142857142857146,49.142857142857146,46.642857142857146,44.142857142857146,0.4092198939732143,595,237
2025,12738,Phil Mafah,RB,17,12.9,-124.14,-1.1601210546875005,8.061176470588236,37.94117647058823,38.94117647058823,43.94117647058823,41.44117647058823,38.94117647058823,0.38145009558823534,596,155
2025,12154,Messiah Swinson,TE,15,0.0,-123.55000000000001,-1.1612848203125,8.236666666666668,26.866666666666667,27.866666666666667,32.86666666666667,30.366666666666667,27.866666666666667,0.40163079270833335,597,128
2025,6386,Alex Bachman,WR,14,4.2,-119.51,-1.1625177578125,8.836428571428572,43.0,44.0,49.0,46.5,44.0,0.4094592628348214,598,238
2025,11113,Joel Wilson,TE,15,0.0,-123.30000000000001,-1.1642349218749999,8.22,27.2,28.2,33.2,30.7,28.2,0.40206909166666666,599,129
2025,5773,KhaDarel Hodge,WR,15,7.1,-122.96000000000001,-1.1642378125,8.670666666666667,43.53333333333333,44.53333333333333,49.53333333333333,47.03333333333333,44.53333333333333,0.4147458947916667,600,239
2025,12539,Arian Smith,WR,16,16.8,-122.11,-1.1663191484375002,8.681875,43.5625,44.5625,49.5625,47.0625,44.5625,0.4127977485351563,601,240
2025,8527,Dareke Young,WR,15,7.8,-123.41000000000001,-1.1684420078125,8.747333333333334,42.666666666666664,43.666666666666664,48.666666666666664,46.166666666666664,43.666666666666664,0.4112000390625,602,241
2025,7865,Brandon Smith,WR,14,0.0,-120.91000000000001,-1.1758581015625,8.636428571428572,43.285714285714285,44.285714285714285,49.285714285714285,46.785714285714285,44.285714285714285,0.40949481361607143,603,242
2025,12389,Hayden Rucci,TE,15,0.0,-124.65,-1.1825818359375,8.31,26.8,27.8,32.8,30.3,27.8,0.400084709375,604,130
2025,9490,Tyler Scott,WR,14,0.0,-123.01,-1.1835616640625,8.786428571428571,42.92857142857143,43.92857142857143,48.92857142857143,46.42857142857143,43.92857142857143,0.4123278219866071,605,243
2025,12718,Konata Mumpfield,WR,17,28.2,-121.01,-1.1851814609375,8.777058823529412,42.94117647058823,43.94117647058823,48.94117647058823,46.44117647058823,43.94117647058823,0.4109915395220588,606,244
2025,11773,Keilan Robinson,RB,16,0.0,-127.64,-1.1874976953125003,7.9775,38.5,39.5,44.5,42.0,39.5,0.38056350537109374,607,156
2025,12357,David Martin-Robinson,TE,17,19.0,-122.9,-1.1898027734375,8.347058823529412,26.823529411764707,27.823529411764707,32.8235294117647,30.323529411764707,27.823529411764707,0.40153880147058824,608,131
2025,12516,Kalel Mullings,RB,16,2.3,-126.04,-1.1904108203125001,8.02125,38.0625,39.0625,44.0625,41.5625,39.0625,0.3823720249023438,609,157
2025,9505,Deuce Vaughn,RB,16,0.0,-127.84,-1.1906570468750004,7.99,38.3125,39.3125,44.3125,41.8125,39.3125,0.38074873876953125,610,158
2025,7593,Trey Sermon,RB,16,0.0,-125.60000000000001,-1.1907695937500002,7.8500000000000005,38.4375,39.4375,44.4375,41.9375,39.4375,0.3803507680664063,611,159
2025,8489,Drew Ogletree,TE,17,17.7,-123.5,-1.1925934687500002,8.305882352941177,26.823529411764707,27.823529411764707,32.8235294117647,30.323529411764707,27.823529411764707,0.4010657931985294,612,132
2025,6843,Albert Okwuegbunam,TE,17,15.6,-125.35000000000001,-1.1980340859374998,8.291176470588237,26.941176470588236,27.941176470588236,32.94117647058823,30.441176470588236,27.941176470588236,0.4014674871323529,613,133
2025,7050,Josiah Deguara,TE,17,15.1,-125.85000000000001,-1.19822553125,8.291176470588237,26.941176470588236,27.941176470588236,32.94117647058823,30.441176470588236,27.941176470588236,0.4014674871323529,614,134
2025,7612,Dee Eskridge,WR,15,10.7,-122.85000000000001,-1.1984168046875001,8.903333333333334,43.53333333333333,44.53333333333333,49.53333333333333,47.03333333333333,44.53333333333333,0.41081851093750005,615,245
2025,4189,Eric Saubert,TE,17,15.1,-125.85000000000001,-1.2066876640625,8.291176470588237,26.941176470588236,27.941176470588236,32.94117647058823,30.441176470588236,27.941176470588236,0.4014674871323529,616,135
2025,12656,Robbie Ouzts,RB,16,0.0,-127.14,-1.2074958125000004,7.94625,38.0625,39.0625,44.0625,41.5625,39.0625,0.3796045732421875,617,160
2025,11963,Chris Collier,RB,16,0.0,-128.19,-1.2114027265625005,8.011875,38.1875,39.1875,44.1875,41.6875,39.1875,0.3814061928710938,618,161
2025,8195,Ronnie Rivers,RB,17,7.900000000000001,-128.59,-1.2121912578125003,8.028823529411765,38.11764705882353,39.11764705882353,44.11764705882353,41.61764705882353,39.11764705882353,0.3809686911764706,619,162
2025,11237,Jacob Saylors,RB,16,2.0,-128.54000000000002,-1.2162560468750003,8.158750000000001,38.0,39.0,44.0,41.5,39.0,0.3819228095703125,620,163
2025,8254,Julius Chestnut,RB,17,8.200000000000001,-128.84,-1.2168152656250002,8.061176470588236,37.94117647058823,38.94117647058823,43.94117647058823,41.44117647058823,38.94117647058823,0.38145009558823534,621,164
2025,7204,Reggie Gilliam,RB,17,6.2,-128.44,-1.2172027187500003,7.920000000000001,38.35294117647059,39.35294117647059,44.35294117647059,41.85294117647059,39.35294117647059,0.3796566387867647,622,165
2025,13162,Maximilian Mang,TE,15,0.0,-126.30000000000001,-1.217711875,8.42,26.866666666666667,27.866666666666667,32.86666666666667,30.366666666666667,27.866666666666667,0.39903917916666665,623,136
2025,12480,Moliki Matavao,TE,16,5.0,-127.30000000000001,-1.2177532109375,8.26875,26.8125,27.8125,32.8125,30.3125,27.8125,0.4008292802734375,624,137
2025,12765,Keleki Latu,TE,17,14.5,-127.10000000000001,-1.2189465859375002,8.329411764705881,26.529411764705884,27.529411764705884,32.529411764705884,30.029411764705884,27.529411764705884,0.4018119949448529,625,138
2025,13150,Darius Cooper,WR,17,21.200000000000003,-126.51,-1.22071528125,8.688823529411765,43.294117647058826,44.294117647058826,49.294117647058826,46.794117647058826,44.294117647058826,0.41116201240808825,626,246
2025,11378,Jordan Mims,RB,16,0.0,-128.84,-1.2216961562500004,8.0525,38.125,39.125,44.125,41.625,39.125,0.38100406201171877,627,166
2025,8013,Tim Jones,WR,15,3.0,-128.31,-1.2245558984375,8.754,42.46666666666667,43.46666666666667,48.46666666666667,45.96666666666667,43.46666666666667,0.4115449239583333,628,247
2025,10860,Malik Cunningham,WR,15,0.30000000000000004,-130.16,-1.226569453125,8.697333333333335,42.2,43.2,48.2,45.7,43.2,0.41211419218749995,629,248
2025,8249,Lucas Krull,TE,16,5.5,-128.55,-1.2281291640625,8.378125,26.5,27.5,32.5,30.0,27.5,0.3997943110351563,630,139
2025,12888,Dalen Cambre,WR,15,0.0,-130.76,-1.228225890625,8.717333333333332,42.46666666666667,43.46666666666667,48.46666666666667,45.96666666666667,43.46666666666667,0.4125233338541667,631,249
2025,7757,Ben Skowronek,WR,17,18.4,-130.26000000000002,-1.2299792578125,8.74470588235294,42.8235294117647,43.8235294117647,48.8235294117647,46.3235294117647,43.8235294117647,0.4117469885110294,632,250
2025,6957,James Proche,WR,16,13.5,-127.66000000000001,-1.2311150859375,8.8225,42.8125,43.8125,48.8125,46.3125,43.8125,0.41137848046875003,633,251
2025,11574,Dylan Laube,RB,17,5.6000000000000005,-130.89000000000001,-1.2368957187500005,8.028823529411765,38.11764705882353,39.11764705882353,44.11764705882353,41.61764705882353,39.11764705882353,0.3809686911764706,634,167
2025,10221,Ronnie Bell,WR,16,10.3,-129.86,-1.239420734375,8.76,42.9375,43.9375,48.9375,46.4375,43.9375,0.411094396484375,635,252
2025,8783,Kendric Pryor,WR,15,0.0,-131.06,-1.2396222421875,8.737333333333334,42.53333333333333,43.53333333333333,48.53333333333333,46.03333333333333,43.53333333333333,0.41232759218750004,636,253
2025,6820,Clyde Edwards-Helaire,RB,17,6.1000000000000005,-130.94,-1.2396330703125005,8.061176470588236,37.94117647058823,38.94117647058823,43.94117647058823,41.44117647058823,38.94117647058823,0.38145009558823534,637,168
2025,11994,Kameron Johnson,WR,17,19.599999999999998,-128.11,-1.2416544375,8.688823529411765,43.294117647058826,44.294117647058826,49.294117647058826,46.794117647058826,44.294117647058826,0.41116201240808825,638,254
2025,5008,Durham Smythe,TE,17,11.5,-129.15,-1.2442081171875001,8.273529411764706,26.705882352941178,27.705882352941178,32.705882352941174,30.205882352941178,27.705882352941178,0.4032837362132353,639,140
2025,13047,Jacardia Wright,RB,17,3.5,-132.99,-1.2511949531250004,8.028823529411765,38.11764705882353,39.11764705882353,44.11764705882353,41.61764705882353,39.11764705882353,0.3809686911764706,640,169
2025,11716,Tip Reiman,TE,17,8.8,-132.15,-1.25763846875,8.291176470588237,26.941176470588236,27.941176470588236,32.94117647058823,30.441176470588236,27.941176470588236,0.4014674871323529,641,141
2025,6588,Tom Kennedy,WR,16,8.6,-132.11,-1.26062396875,8.794375,43.0625,44.0625,49.0625,46.5625,44.0625,0.41029173193359375,642,255
2025,12901,Patrick Herbert,TE,16,0.0,-132.3,-1.2630160234375,8.26875,26.75,27.75,32.75,30.25,27.75,0.4006732275390625,643,142
2025,7106,Lawrence Cager,TE,16,0.0,-132.05,-1.2645315312499998,8.253125,26.75,27.75,32.75,30.25,27.75,0.39922367431640626,644,143
2025,3258,Nick Vannett,TE,16,0.0,-132.5,-1.2651934765625,8.28125,26.5,27.5,32.5,30.0,27.5,0.4009314345703125,645,144
2025,12928,Amar Johnson,RB,17,1.2000000000000002,-134.09,-1.2657100234375005,7.958235294117649,38.11764705882353,39.11764705882353,44.11764705882353,41.61764705882353,39.11764705882353,0.37958459696691177,646,170
2025,11186,Carlos Washington,RB,17,0.0,-134.95000000000002,-1.2693857656250005,7.938235294117648,38.470588235294116,39.470588235294116,44.470588235294116,41.970588235294116,39.470588235294116,0.3816709921875,647,171
2025,11581,MarShawn Lloyd,RB,17,0.0,-134.95000000000002,-1.2693857656250005,7.938235294117648,38.470588235294116,39.470588235294116,44.470588235294116,41.970588235294116,39.470588235294116,0.3816709921875,648,172
2025,13080,Deion Hankins,RB,17,0.0,-134.95000000000002,-1.2693857656250005,7.938235294117648,38.470588235294116,39.470588235294116,44.470588235294116,41.970588235294116,39.470588235294116,0.3816709921875,649,173
2025,9510,Lew Nichols,RB,17,0.0,-134.95000000000002,-1.2693857656250005,7.938235294117648,38.470588235294116,39.470588235294116,44.470588235294116,41.970588235294116,39.470588235294116,0.3816709921875,650,174
2025,10210,Cameron Latu,TE,16,0.0,-131.65,-1.2693976015625,8.228125,26.5625,27.5625,32.5625,30.0625,27.5625,0.40069279638671873,651,145
2025,8168,Skyy Moore,WR,17,18.2,-131.31,-1.269928984375,8.794705882352943,43.1764705882353,44.1764705882353,49.1764705882353,46.6764705882353,44.1764705882353,0.411352546875,652,256
2025,13122,Carter Runyon,TE,16,2.3,-131.55,-1.271468171875,8.365625,27.0625,28.0625,33.0625,30.5625,28.0625,0.40147640234375004,653,146
2025,11257,Shedrick Jackson,WR,17,16.6,-132.61,-1.272034484375,8.777058823529412,42.94117647058823,43.94117647058823,48.94117647058823,46.44117647058823,43.94117647058823,0.4109915395220588,654,257
2025,8041,Shane Zylstra,TE,17,9.0,-131.95000000000002,-1.2725131640625,8.291176470588237,26.941176470588236,27.941176470588236,32.94117647058823,30.441176470588236,27.941176470588236,0.4014674871323529,655,147
2025,4018,Joe Mixon,RB,17,0.0,-134.79000000000002,-1.2731456953125004,7.9288235294117655,38.23529411764706,39.23529411764706,44.23529411764706,41.73529411764706,39.23529411764706,0.3801039875919118,656,175
2025,12851,Rivaldo Fairweather,TE,16,0.0,-133.25,-1.2748977578125,8.328125,26.625,27.625,32.625,30.125,27.625,0.4007489990234375,657,148
2025,7436,Mason Kinsey,WR,16,7.800000000000001,-133.21,-1.2757182578124997,8.813125000000001,43.5,44.5,49.5,47.0,44.5,0.41281668359375,658,258
2025,12515,Donovan Edwards,RB,17,0.0,-135.29000000000002,-1.2759282109375005,7.958235294117649,38.11764705882353,39.11764705882353,44.11764705882353,41.61764705882353,39.11764705882353,0.37958459696691177,659,176
2025,5284,Jeff Wilson,RB,17,0.0,-135.29000000000002,-1.2759282109375005,7.958235294117649,38.11764705882353,39.11764705882353,44.11764705882353,41.61764705882353,39.11764705882353,0.37958459696691177,660,177
2025,5987,Alexander Mattison,RB,17,0.0,-135.29000000000002,-1.2759282109375005,7.958235294117649,38.11764705882353,39.11764705882353,44.11764705882353,41.61764705882353,39.11764705882353,0.37958459696691177,661,178
2025,6996,JaMycal Hasty,RB,17,0.0,-135.29000000000002,-1.2759282109375005,7.958235294117649,38.11764705882353,39.11764705882353,44.11764705882353,41.61764705882353,39.11764705882353,0.37958459696691177,662,179
2025,11381,Travis Vokolek,TE,16,0.0,-133.1,-1.2764132265625,8.31875,26.9375,27.9375,32.9375,30.4375,27.9375,0.401578998046875,663,149
2025,11573,Frank Gore,RB,17,0.0,-134.64000000000001,-1.2780812734375004,7.920000000000001,38.35294117647059,39.35294117647059,44.35294117647059,41.85294117647059,39.35294117647059,0.3796566387867647,664,180
2025,10223,Eric Gray,RB,17,0.0,-136.19,-1.2812894531250003,8.011176470588236,37.88235294117647,38.88235294117647,43.88235294117647,41.38235294117647,38.88235294117647,0.3805074623161765,665,181
2025,10870,Deneric Prince,RB,17,0.0,-136.19,-1.2812894531250003,8.011176470588236,37.88235294117647,38.88235294117647,43.88235294117647,41.38235294117647,38.88235294117647,0.3805074623161765,666,182
2025,11583,Jonathon Brooks,RB,17,0.0,-136.19,-1.2812894531250003,8.011176470588236,37.88235294117647,38.88235294117647,43.88235294117647,41.38235294117647,38.88235294117647,0.3805074623161765,667,183
2025,12969,Lan Larison,RB,17,0.0,-136.19,-1.2812894531250003,8.011176470588236,37.88235294117647,38.88235294117647,43.88235294117647,41.38235294117647,38.88235294117647,0.3805074623161765,668,184
2025,6963,Patrick Taylor,RB,17,0.0,-136.19,-1.2812894531250003,8.011176470588236,37.88235294117647,38.88235294117647,43.88235294117647,41.38235294117647,38.88235294117647,0.3805074623161765,669,185
2025,12826,Ulysses Bentley,RB,17,0.2,-135.89000000000001,-1.2831036953125003,8.00529411764706,37.8235294117647,38.8235294117647,43.8235294117647,41.3235294117647,38.8235294117647,0.3809089159007353,670,186
2025,6451,Stephen Carlson,TE,16,0.0,-133.55,-1.2844076953125,8.346875,26.8125,27.8125,32.8125,30.3125,27.8125,0.4034061669921875,671,150
2025,8924,Thomas Odukoya,TE,16,0.0,-133.6,-1.2849608984375,8.35,26.75,27.75,32.75,30.25,27.75,0.40114464599609373,672,151
2025,6918,Salvon Ahmed,RB,17,0.0,-136.09,-1.2852100546875005,8.00529411764706,37.8235294117647,38.8235294117647,43.8235294117647,41.3235294117647,38.8235294117647,0.3809089159007353,673,187
2025,10216,Kenny McIntosh,RB,17,0.0,-136.49,-1.2861119843750004,8.028823529411765,38.11764705882353,39.11764705882353,44.11764705882353,41.61764705882353,39.11764705882353,0.3809686911764706,674,188
2025,11280,Brady Russell,RB,17,0.0,-136.49,-1.2861119843750004,8.028823529411765,38.11764705882353,39.11764705882353,44.11764705882353,41.61764705882353,39.11764705882353,0.3809686911764706,675,189
2025,12479,Ja'Quinden Jackson,RB,17,0.0,-136.49,-1.2861119843750004,8.028823529411765,38.11764705882353,39.11764705882353,44.11764705882353,41.61764705882353,39.11764705882353,0.3809686911764706,676,190
2025,12954,Kye Robichaux,RB,17,0.0,-136.49,-1.2861119843750004,8.028823529411765,38.11764705882353,39.11764705882353,44.11764705882353,41.61764705882353,39.11764705882353,0.3809686911764706,677,191
2025,11649,Kendall Milton,RB,17,0.6000000000000001,-136.44,-1.2894034375000003,8.061176470588236,37.94117647058823,38.94117647058823,43.94117647058823,41.44117647058823,38.94117647058823,0.38145009558823534,678,192
2025,10224,Brayden Willis,TE,16,0.0,-133.8,-1.292005078125,8.3625,26.75,27.75,32.75,30.25,27.75,0.4018353310546875,679,152
2025,11582,Carson Steele,RB,17,0.0,-137.04000000000002,-1.2944882812500005,8.061176470588236,37.94117647058823,38.94117647058823,43.94117647058823,41.44117647058823,38.94117647058823,0.38145009558823534,680,193
2025,7529,Gary Brightwell,RB,17,0.0,-137.04000000000002,-1.2944882812500005,8.061176470588236,37.94117647058823,38.94117647058823,43.94117647058823,41.44117647058823,38.94117647058823,0.38145009558823534,681,194
2025,8221,Keaontay Ingram,RB,17,0.0,-137.04000000000002,-1.2944882812500005,8.061176470588236,37.94117647058823,38.94117647058823,43.94117647058823,41.44117647058823,38.94117647058823,0.38145009558823534,682,195
2025,13173,Jimmy Holiday,WR,15,0.0,-133.55,-1.2962973359375,8.903333333333334,43.53333333333333,44.53333333333333,49.53333333333333,47.03333333333333,44.53333333333333,0.41081851093750005,683,259
2025,8089,Sal Cannella,TE,17,6.1,-135.15,-1.3006535625,8.308823529411764,26.41176470588235,27.41176470588235,32.411764705882355,29.91176470588235,27.41176470588235,0.4016028106617647,684,153
2025,11474,Dylan Drummond,WR,17,12.2,-136.46,-1.3068406171875,8.74470588235294,42.8235294117647,43.8235294117647,48.8235294117647,46.3235294117647,43.8235294117647,0.4117469885110294,685,260
2025,6850,Harrison Bryant,TE,17,5.7,-135.70000000000002,-1.307381671875,8.31764705882353,26.529411764705884,27.529411764705884,32.529411764705884,30.029411764705884,27.529411764705884,0.4011619384191176,686,154
2025,11256,Tyson Bagent,QB,16,4.98,-159.07,-1.3093315,10.253125,24.0,25.0,30.0,27.5,25.0,0.288055830078125,687,78
2025,3362,Jeff Driskel,QB,14,0.0,-159.88,-1.3097092890625,11.42,24.0,25.0,30.0,27.5,25.0,0.29153488895089286,688,79
2025,10227,Payne Durham,TE,17,4.1,-137.15,-1.310959171875,8.308823529411764,26.41176470588235,27.41176470588235,32.411764705882355,29.91176470588235,27.41176470588235,0.4016028106617647,689,155
2025,11320,Nikko Remigio,WR,16,5.4,-136.61,-1.3133719609374999,8.875625000000001,43.1875,44.1875,49.1875,46.6875,44.1875,0.41095938623046874,690,261
2025,12907,Quentin Skinner,WR,16,2.5,-136.46,-1.3151265625000002,8.685,43.3125,44.3125,49.3125,46.8125,44.3125,0.41036362451171876,691,262
2025,8076,Michael Bandy,WR,17,14.0,-135.55,-1.317812609375,8.797058823529412,43.35294117647059,44.35294117647059,49.35294117647059,46.85294117647059,44.35294117647059,0.4118887789522059,692,263
2025,10215,Jake Haener,QB,16,0.0,-165.42,-1.3178264609374999,10.33875,24.0,25.0,30.0,27.5,25.0,0.2863112905273438,693,80
2025,13217,Hunter Dekkers,QB,16,0.0,-165.42,-1.3178264609374999,10.33875,24.0,25.0,30.0,27.5,25.0,0.2863112905273438,694,81
2025,11201,Blake Whiteheart,TE,17,4.4,-136.85,-1.3185590390625002,8.308823529411764,26.41176470588235,27.41176470588235,32.411764705882355,29.91176470588235,27.41176470588235,0.4016028106617647,695,156
2025,7531,Feleipe Franks,TE,17,2.8,-137.85,-1.3226420703125,8.273529411764706,26.705882352941178,27.705882352941178,32.705882352941174,30.205882352941178,27.705882352941178,0.4032837362132353,696,157
2025,9229,Anthony Richardson,QB,16,4.46,-163.29,-1.323376953125,10.484375,24.0,25.0,30.0,27.5,25.0,0.2829276533203125,697,82
2025,3048,Chris Manhertz,TE,17,2.7,-138.5,-1.324618859375,8.305882352941177,26.941176470588236,27.941176470588236,32.94117647058823,30.441176470588236,27.941176470588236,0.40153210891544117,698,158
2025,8206,Skylar Thompson,QB,16,0.0,-165.51,-1.328921484375,10.344375,24.0,25.0,30.0,27.5,25.0,0.2921998544921875,699,83
2025,11557,Joe Milton,QB,17,20.82,-165.22,-1.33202746875,10.943529411764706,24.0,25.0,30.0,27.5,25.0,0.28796524448529415,700,84
2025,12045,Jack Westover,TE,17,2.0,-139.20000000000002,-1.3322364296875,8.305882352941177,26.941176470588236,27.941176470588236,32.94117647058823,30.441176470588236,27.941176470588236,0.40153210891544117,701,159
2025,12892,Da'Quan Felton,WR,16,0.0,-141.11,-1.33272640625,8.819375,42.875,43.875,48.875,46.375,43.875,0.4120052368164063,702,264
2025,12971,Ke'Shawn Williams,WR,16,0.9000000000000001,-139.96,-1.3365367031250002,8.80375,42.75,43.75,48.75,46.25,43.75,0.41156198828125,703,265
2025,11815,Cornelius Johnson,WR,16,0.0,-140.41,-1.3394262421875,8.775625,42.8125,43.8125,48.8125,46.3125,43.8125,0.4117215419921875,704,266
2025,4602,Robert Tonyan,TE,17,2.1,-139.8,-1.3460947031250001,8.347058823529412,26.823529411764707,27.823529411764707,32.8235294117647,30.323529411764707,27.823529411764707,0.40153880147058824,705,160
2025,12883,Joshua Simon,TE,17,0.0,-140.65,-1.3472112421875,8.273529411764706,26.705882352941178,27.705882352941178,32.705882352941174,30.205882352941178,27.705882352941178,0.4032837362132353,706,161
2025,6074,Donald Parham,TE,17,0.0,-140.65,-1.3472112421875,8.273529411764706,26.705882352941178,27.705882352941178,32.705882352941174,30.205882352941178,27.705882352941178,0.4032837362132353,707,162
2025,8107,Nikola Kalinic,TE,17,0.0,-140.65,-1.3472112421875,8.273529411764706,26.705882352941178,27.705882352941178,32.705882352941174,30.205882352941178,27.705882352941178,0.4032837362132353,708,163
2025,8227,Teagan Quitoriano,TE,17,0.0,-140.65,-1.3472112421875,8.273529411764706,26.705882352941178,27.705882352941178,32.705882352941174,30.205882352941178,27.705882352941178,0.4032837362132353,709,164
2025,5134,Keith Kirkwood,WR,16,0.0,-140.01000000000002,-1.3473995078125003,8.750625000000001,43.5,44.5,49.5,47.0,44.5,0.41094105468750003,710,267
2025,11311,Jason Brownlee,WR,16,0.0,-140.01000000000002,-1.3480146171875,8.750625000000001,43.6875,44.6875,49.6875,47.1875,44.6875,0.4122835639648437,711,268
2025,12959,Bryce Pierre,TE,17,0.0,-141.20000000000002,-1.352318640625,8.305882352941177,26.941176470588236,27.941176470588236,32.94117647058823,30.441176470588236,27.941176470588236,0.40153210891544117,712,165
2025,12938,Jackson Meeks,TE,17,0.0,-140.95000000000002,-1.352702578125,8.291176470588237,26.941176470588236,27.941176470588236,32.94117647058823,30.441176470588236,27.941176470588236,0.4014674871323529,713,166
2025,13013,Mark Redman,TE,17,0.0,-140.95000000000002,-1.352702578125,8.291176470588237,26.941176470588236,27.941176470588236,32.94117647058823,30.441176470588236,27.941176470588236,0.4014674871323529,714,167
2025,13110,Zach Horton,TE,17,0.0,-140.95000000000002,-1.352702578125,8.291176470588237,26.941176470588236,27.941176470588236,32.94117647058823,30.441176470588236,27.941176470588236,0.4014674871323529,715,168
2025,2334,Phillip Dorsett,WR,16,0.0,-140.46,-1.3536348359375,8.77875,42.9375,43.9375,48.9375,46.4375,43.9375,0.4101824970703125,716,269
2025,11304,E.J. Jenkins,TE,17,0.0,-141.25,-1.35511240625,8.308823529411764,26.41176470588235,27.41176470588235,32.411764705882355,29.91176470588235,27.41176470588235,0.4016028106617647,717,169
2025,11415,Tanner Taula,TE,17,0.0,-141.25,-1.35511240625,8.308823529411764,26.41176470588235,27.41176470588235,32.411764705882355,29.91176470588235,27.41176470588235,0.4016028106617647,718,170
2025,8484,Ko Kieft,TE,17,0.0,-141.25,-1.35511240625,8.308823529411764,26.41176470588235,27.41176470588235,32.411764705882355,29.91176470588235,27.41176470588235,0.4016028106617647,719,171
2025,12068,Mason Pline,TE,17,0.0,-141.20000000000002,-1.357019234375,8.305882352941177,26.823529411764707,27.823529411764707,32.8235294117647,30.323529411764707,27.823529411764707,0.4010657931985294,720,172
2025,12079,Treyton Welch,TE,17,0.0,-141.20000000000002,-1.357019234375,8.305882352941177,26.823529411764707,27.823529411764707,32.8235294117647,30.323529411764707,27.823529411764707,0.4010657931985294,721,173
2025,6964,Sean McKeon,TE,17,0.0,-141.20000000000002,-1.357019234375,8.305882352941177,26.823529411764707,27.823529411764707,32.8235294117647,30.323529411764707,27.823529411764707,0.4010657931985294,722,174
2025,7746,Austin Trammell,WR,17,8.600000000000001,-140.61,-1.3578632734375,8.777058823529412,42.94117647058823,43.94117647058823,48.94117647058823,46.44117647058823,43.94117647058823,0.4109915395220588,723,270
2025,12700,Gavin Bartholomew,TE,17,0.0,-141.4,-1.3600301171875,8.31764705882353,26.529411764705884,27.529411764705884,32.529411764705884,30.029411764705884,27.529411764705884,0.4011619384191176,724,175
2025,12725,Luke Lachey,TE,17,0.0,-141.4,-1.3600301171875,8.31764705882353,26.529411764705884,27.529411764705884,32.529411764705884,30.029411764705884,27.529411764705884,0.4011619384191176,725,176
2025,12941,Bryson Nesbit,TE,17,0.0,-141.4,-1.3600301171875,8.31764705882353,26.529411764705884,27.529411764705884,32.529411764705884,30.029411764705884,27.529411764705884,0.4011619384191176,726,177
2025,7568,Brevin Jordan,TE,17,0.0,-141.4,-1.3600301171875,8.31764705882353,26.529411764705884,27.529411764705884,32.529411764705884,30.029411764705884,27.529411764705884,0.4011619384191176,727,178
2025,11034,Jalen Brooks,WR,17,7.6000000000000005,-141.61,-1.3608194375,8.777058823529412,42.94117647058823,43.94117647058823,48.94117647058823,46.44117647058823,43.94117647058823,0.4109915395220588,728,271
2025,12520,Xavier Restrepo,WR,17,8.6,-141.21,-1.3609930703125,8.81235294117647,43.23529411764706,44.23529411764706,49.23529411764706,46.73529411764706,44.23529411764706,0.4111798336397059,729,272
2025,13034,Tyrone Broden,WR,16,0.0,-140.71,-1.3628304140625,8.794375,42.8125,43.8125,48.8125,46.3125,43.8125,0.41047562890625,730,273
2025,8413,Chris Oladokun,QB,17,18.2,-167.84,-1.3630208828125,10.943529411764706,24.0,25.0,30.0,27.5,25.0,0.28796524448529415,731,85
2025,11245,Patrick Murtagh,TE,17,0.0,-141.9,-1.36314971875,8.347058823529412,26.529411764705884,27.529411764705884,32.529411764705884,30.029411764705884,27.529411764705884,0.3997877817095588,732,179
2025,12113,Thomas Yassmin,TE,17,0.0,-141.9,-1.36314971875,8.347058823529412,26.529411764705884,27.529411764705884,32.529411764705884,30.029411764705884,27.529411764705884,0.3997877817095588,733,180
2025,12735,Caleb Lohner,TE,17,0.0,-141.9,-1.36314971875,8.347058823529412,26.529411764705884,27.529411764705884,32.529411764705884,30.029411764705884,27.529411764705884,0.3997877817095588,734,181
2025,12866,Jalin Conyers,TE,17,0.0,-141.9,-1.36314971875,8.347058823529412,26.529411764705884,27.529411764705884,32.529411764705884,30.029411764705884,27.529411764705884,0.3997877817095588,735,182
2025,6040,Tyree Jackson,TE,17,0.0,-141.9,-1.36314971875,8.347058823529412,26.529411764705884,27.529411764705884,32.529411764705884,30.029411764705884,27.529411764705884,0.3997877817095588,736,183
2025,11508,Princeton Fant,TE,17,0.0,-141.9,-1.3645843125000001,8.347058823529412,26.823529411764707,27.823529411764707,32.8235294117647,30.323529411764707,27.823529411764707,0.40153880147058824,737,184
2025,11592,Erick All,TE,17,0.0,-141.9,-1.3645843125000001,8.347058823529412,26.823529411764707,27.823529411764707,32.8235294117647,30.323529411764707,27.823529411764707,0.40153880147058824,738,185
2025,12817,Jake Briningstool,TE,17,0.0,-141.9,-1.3645843125000001,8.347058823529412,26.823529411764707,27.823529411764707,32.8235294117647,30.323529411764707,27.823529411764707,0.40153880147058824,739,186
2025,13116,Tre Watson,TE,17,0.0,-141.9,-1.3645843125000001,8.347058823529412,26.823529411764707,27.823529411764707,32.8235294117647,30.323529411764707,27.823529411764707,0.40153880147058824,740,187
2025,5374,Justin Watson,WR,17,6.5,-143.06,-1.3670334453125,8.797647058823529,43.23529411764706,44.23529411764706,49.23529411764706,46.73529411764706,44.23529411764706,0.4114679563419118,741,274
2025,8414,Britain Covey,WR,17,5.0,-142.71,-1.3687577734375,8.688823529411765,43.294117647058826,44.294117647058826,49.294117647058826,46.794117647058826,44.294117647058826,0.41116201240808825,742,275
2025,829,Andy Dalton,QB,17,19.02,-169.26999999999998,-1.3722391015625,11.075882352941177,24.0,25.0,30.0,27.5,25.0,0.2895848267463235,743,86
2025,6847,Devin Duvernay,WR,17,5.1000000000000005,-143.56,-1.37477034375,8.74470588235294,42.8235294117647,43.8235294117647,48.8235294117647,46.3235294117647,43.8235294117647,0.4117469885110294,744,276
2025,5154,Trent Sherfield,WR,17,5.6,-143.21,-1.375924328125,8.753529411764706,43.35294117647059,44.35294117647059,49.35294117647059,46.85294117647059,44.35294117647059,0.4109124604779412,745,277
2025,11558,Sam Hartman,QB,15,0.0,-170.75,-1.376166265625,11.383333333333333,24.0,25.0,30.0,27.5,25.0,0.2886931208333333,746,87
2025,12496,Tai Felton,WR,17,6.5,-143.06,-1.378148484375,8.797647058823529,43.23529411764706,44.23529411764706,49.23529411764706,46.73529411764706,44.23529411764706,0.4114679563419118,747,278
2025,12889,Beaux Collins,WR,17,5.0,-144.51000000000002,-1.3853011718750001,8.794705882352943,43.1764705882353,44.1764705882353,49.1764705882353,46.6764705882353,44.1764705882353,0.411352546875,748,279
2025,11056,Jared Wayne,WR,17,4.5,-145.06,-1.3981035546875,8.797647058823529,43.23529411764706,44.23529411764706,49.23529411764706,46.73529411764706,44.23529411764706,0.4114679563419118,749,280
2025,4274,David Moore,WR,17,3.4000000000000004,-146.11,-1.3992422421875,8.794705882352943,43.1764705882353,44.1764705882353,49.1764705882353,46.6764705882353,44.1764705882353,0.411352546875,750,281
2025,13075,Myles Price,WR,16,-6.0,-146.76000000000002,-1.4011989843750001,8.797500000000001,43.625,44.625,49.625,47.125,44.625,0.4113473720703125,751,282
2025,13120,Jacoby Jones,WR,17,4.0,-145.55,-1.4030796484375,8.797058823529412,43.35294117647059,44.35294117647059,49.35294117647059,46.85294117647059,44.35294117647059,0.4118887789522059,752,283
2025,7233,Andre Baccellia,WR,17,2.8,-146.41,-1.4073797343749999,8.777058823529412,42.94117647058823,43.94117647058823,48.94117647058823,46.44117647058823,43.94117647058823,0.4109915395220588,753,284
2025,8160,Kenny Pickett,QB,17,13.22,-175.44,-1.407811546875,11.09764705882353,24.0,25.0,30.0,27.5,25.0,0.29053502205882353,754,88
2025,11065,Adrian Martinez,QB,16,0.1,-176.02,-1.4156132734375,11.0075,24.0,25.0,30.0,27.5,25.0,0.28615466162109376,755,89
2025,11636,Johnny Wilson,WR,17,0.0,-147.71,-1.41961196875,8.688823529411765,43.294117647058826,44.294117647058826,49.294117647058826,46.794117647058826,44.294117647058826,0.41116201240808825,756,285
2025,12925,Jamaal Pritchett,WR,17,0.0,-147.71,-1.41961196875,8.688823529411765,43.294117647058826,44.294117647058826,49.294117647058826,46.794117647058826,44.294117647058826,0.41116201240808825,757,286
2025,2750,DeAndre Carter,WR,17,0.0,-147.71,-1.41961196875,8.688823529411765,43.294117647058826,44.294117647058826,49.294117647058826,46.794117647058826,44.294117647058826,0.41116201240808825,758,287
2025,8755,Kaden Davis,WR,17,0.0,-147.71,-1.41961196875,8.688823529411765,43.294117647058826,44.294117647058826,49.294117647058826,46.794117647058826,44.294117647058826,0.41116201240808825,759,288
2025,8801,Dennis Houston,WR,17,0.0,-147.71,-1.41961196875,8.688823529411765,43.294117647058826,44.294117647058826,49.294117647058826,46.794117647058826,44.294117647058826,0.41116201240808825,760,289
2025,8861,Irv Charles,WR,17,0.0,-147.71,-1.41961196875,8.688823529411765,43.294117647058826,44.294117647058826,49.294117647058826,46.794117647058826,44.294117647058826,0.41116201240808825,761,290
2025,12478,Nick Nash,WR,17,0.0,-148.66,-1.4234537890625,8.74470588235294,42.8235294117647,43.8235294117647,48.8235294117647,46.3235294117647,43.8235294117647,0.4117469885110294,762,291
2025,12746,JP Richardson,WR,17,0.0,-148.66,-1.4234537890625,8.74470588235294,42.8235294117647,43.8235294117647,48.8235294117647,46.3235294117647,43.8235294117647,0.4117469885110294,763,292
2025,12788,Will Sheppard,WR,17,0.0,-148.66,-1.4234537890625,8.74470588235294,42.8235294117647,43.8235294117647,48.8235294117647,46.3235294117647,43.8235294117647,0.4117469885110294,764,293
2025,13074,Isaiah Neyor,WR,17,0.0,-148.66,-1.4234537890625,8.74470588235294,42.8235294117647,43.8235294117647,48.8235294117647,46.3235294117647,43.8235294117647,0.4117469885110294,765,294
2025,7521,Chris Blair,WR,17,0.0,-148.66,-1.4234537890625,8.74470588235294,42.8235294117647,43.8235294117647,48.8235294117647,46.3235294117647,43.8235294117647,0.4117469885110294,766,295
2025,8921,Maurice Alexander,WR,17,0.0,-148.66,-1.4234537890625,8.74470588235294,42.8235294117647,43.8235294117647,48.8235294117647,46.3235294117647,43.8235294117647,0.4117469885110294,767,296
2025,11615,Ainias Smith,WR,17,0.0,-149.51000000000002,-1.43178390625,8.794705882352943,43.1764705882353,44.1764705882353,49.1764705882353,46.6764705882353,44.1764705882353,0.411352546875,768,297
2025,11616,Jacob Cowing,WR,17,0.0,-149.51000000000002,-1.43178390625,8.794705882352943,43.1764705882353,44.1764705882353,49.1764705882353,46.6764705882353,44.1764705882353,0.411352546875,769,298
2025,12383,John Jiles,WR,17,0.0,-149.51000000000002,-1.43178390625,8.794705882352943,43.1764705882353,44.1764705882353,49.1764705882353,46.6764705882353,44.1764705882353,0.411352546875,770,299
2025,12743,Junior Bergen,WR,17,0.0,-149.51000000000002,-1.43178390625,8.794705882352943,43.1764705882353,44.1764705882353,49.1764705882353,46.6764705882353,44.1764705882353,0.411352546875,771,300
2025,13124,Jeremiah Webb,WR,17,0.0,-149.51000000000002,-1.43178390625,8.794705882352943,43.1764705882353,44.1764705882353,49.1764705882353,46.6764705882353,44.1764705882353,0.411352546875,772,301
2025,13179,Ja'seem Reed,WR,17,0.0,-149.51000000000002,-1.43178390625,8.794705882352943,43.1764705882353,44.1764705882353,49.1764705882353,46.6764705882353,44.1764705882353,0.411352546875,773,302
2025,4218,Trent Taylor,WR,17,0.0,-149.51000000000002,-1.43178390625,8.794705882352943,43.1764705882353,44.1764705882353,49.1764705882353,46.6764705882353,44.1764705882353,0.411352546875,774,303
2025,5781,Malik Turner,WR,17,0.0,-149.51000000000002,-1.43178390625,8.794705882352943,43.1764705882353,44.1764705882353,49.1764705882353,46.6764705882353,44.1764705882353,0.411352546875,775,304
2025,6803,Brandon Aiyuk,WR,17,0.0,-149.51000000000002,-1.43178390625,8.794705882352943,43.1764705882353,44.1764705882353,49.1764705882353,46.6764705882353,44.1764705882353,0.411352546875,776,305
2025,7559,Ihmir Smith-Marsette,WR,17,0.0,-149.51000000000002,-1.43178390625,8.794705882352943,43.1764705882353,44.1764705882353,49.1764705882353,46.6764705882353,44.1764705882353,0.411352546875,777,306
2025,9499,Bryce Ford-Wheaton,WR,17,0.0,-149.51000000000002,-1.43178390625,8.794705882352943,43.1764705882353,44.1764705882353,49.1764705882353,46.6764705882353,44.1764705882353,0.411352546875,778,307
2025,11619,Ja'Lynn Polk,WR,17,0.0,-148.81,-1.4318475,8.753529411764706,43.35294117647059,44.35294117647059,49.35294117647059,46.85294117647059,44.35294117647059,0.4109124604779412,779,308
2025,11748,Bub Means,WR,17,0.0,-148.81,-1.4318475,8.753529411764706,43.35294117647059,44.35294117647059,49.35294117647059,46.85294117647059,44.35294117647059,0.4109124604779412,780,309
2025,12829,Coleman Owen,WR,17,0.0,-148.81,-1.4318475,8.753529411764706,43.35294117647059,44.35294117647059,49.35294117647059,46.85294117647059,44.35294117647059,0.4109124604779412,781,310
2025,3155,Laquon Treadwell,WR,17,0.0,-148.81,-1.4318475,8.753529411764706,43.35294117647059,44.35294117647059,49.35294117647059,46.85294117647059,44.35294117647059,0.4109124604779412,782,311
2025,6453,D.J. Montgomery,WR,17,0.0,-148.81,-1.4318475,8.753529411764706,43.35294117647059,44.35294117647059,49.35294117647059,46.85294117647059,44.35294117647059,0.4109124604779412,783,312
2025,11802,Tejhaun Palmer,WR,17,0.0,-149.21,-1.433019625,8.777058823529412,42.94117647058823,43.94117647058823,48.94117647058823,46.44117647058823,43.94117647058823,0.4109915395220588,784,313
2025,12114,Joshua Cephus,WR,17,0.0,-149.21,-1.433019625,8.777058823529412,42.94117647058823,43.94117647058823,48.94117647058823,46.44117647058823,43.94117647058823,0.4109915395220588,785,314
2025,12475,Ricky White,WR,17,0.0,-149.21,-1.433019625,8.777058823529412,42.94117647058823,43.94117647058823,48.94117647058823,46.44117647058823,43.94117647058823,0.4109915395220588,786,315
2025,12772,Courtney Jackson,WR,17,0.0,-149.21,-1.433019625,8.777058823529412,42.94117647058823,43.94117647058823,48.94117647058823,46.44117647058823,43.94117647058823,0.4109915395220588,787,316
2025,12908,Chandler Brayboy,WR,17,0.0,-149.21,-1.433019625,8.777058823529412,42.94117647058823,43.94117647058823,48.94117647058823,46.44117647058823,43.94117647058823,0.4109915395220588,788,317
2025,13003,Tru Edwards,WR,17,0.0,-149.21,-1.433019625,8.777058823529412,42.94117647058823,43.94117647058823,48.94117647058823,46.44117647058823,43.94117647058823,0.4109915395220588,789,318
2025,13011,Brennan Presley,WR,17,0.0,-149.21,-1.433019625,8.777058823529412,42.94117647058823,43.94117647058823,48.94117647058823,46.44117647058823,43.94117647058823,0.4109915395220588,790,319
2025,7812,Simi Fehoko,WR,17,0.0,-149.21,-1.433019625,8.777058823529412,42.94117647058823,43.94117647058823,48.94117647058823,46.44117647058823,43.94117647058823,0.4109915395220588,791,320
2025,9489,Justin Shorter,WR,17,0.0,-149.21,-1.433019625,8.777058823529412,42.94117647058823,43.94117647058823,48.94117647058823,46.44117647058823,43.94117647058823,0.4109915395220588,792,321
2025,7610,Trey Lance,QB,17,12.940000000000001,-177.46,-1.4362498984375,11.200000000000001,24.0,25.0,30.0,27.5,25.0,0.28931075045955884,793,90
2025,11964,Dayton Wade,WR,17,0.0,-148.81,-1.4384837421875,8.753529411764706,43.11764705882353,44.11764705882353,49.11764705882353,46.61764705882353,44.11764705882353,0.4110855399816177,794,322
2025,12756,Stephen Gosnell,WR,17,0.0,-148.81,-1.4384837421875,8.753529411764706,43.11764705882353,44.11764705882353,49.11764705882353,46.61764705882353,44.11764705882353,0.4110855399816177,795,323
2025,10863,A.T. Perry,WR,17,0.0,-149.55,-1.438615484375,8.797058823529412,43.35294117647059,44.35294117647059,49.35294117647059,46.85294117647059,44.35294117647059,0.4118887789522059,796,324
2025,11940,JaQuae Jackson,WR,17,0.0,-149.55,-1.438615484375,8.797058823529412,43.35294117647059,44.35294117647059,49.35294117647059,46.85294117647059,44.35294117647059,0.4118887789522059,797,325
2025,12532,Ja'Corey Brooks,WR,17,0.0,-149.55,-1.438615484375,8.797058823529412,43.35294117647059,44.35294117647059,49.35294117647059,46.85294117647059,44.35294117647059,0.4118887789522059,798,326
2025,12865,AJ Henning,WR,17,0.0,-149.55,-1.438615484375,8.797058823529412,43.35294117647059,44.35294117647059,49.35294117647059,46.85294117647059,44.35294117647059,0.4118887789522059,799,327
2025,11911,Jeshaun Jones,WR,17,0.0,-149.56,-1.439599796875,8.797647058823529,43.23529411764706,44.23529411764706,49.23529411764706,46.73529411764706,44.23529411764706,0.4114679563419118,800,328
2025,12848,Josh Kelly,WR,17,0.0,-149.56,-1.439599796875,8.797647058823529,43.23529411764706,44.23529411764706,49.23529411764706,46.73529411764706,44.23529411764706,0.4114679563419118,801,329
2025,12946,Dontae Fleming,WR,17,0.0,-149.56,-1.439599796875,8.797647058823529,43.23529411764706,44.23529411764706,49.23529411764706,46.73529411764706,44.23529411764706,0.4114679563419118,802,330
2025,7601,Rondale Moore,WR,17,0.0,-149.56,-1.439599796875,8.797647058823529,43.23529411764706,44.23529411764706,49.23529411764706,46.73529411764706,44.23529411764706,0.4114679563419118,803,331
2025,9502,Tank Dell,WR,17,0.0,-149.56,-1.439599796875,8.797647058823529,43.23529411764706,44.23529411764706,49.23529411764706,46.73529411764706,44.23529411764706,0.4114679563419118,804,332
2025,11506,Jalen Moreno-Cropper,WR,17,0.0,-149.81,-1.4431802578125001,8.81235294117647,43.23529411764706,44.23529411764706,49.23529411764706,46.73529411764706,44.23529411764706,0.4111798336397059,805,333
2025,12761,Jordan Moore,WR,17,0.0,-149.81,-1.4431802578125001,8.81235294117647,43.23529411764706,44.23529411764706,49.23529411764706,46.73529411764706,44.23529411764706,0.4111798336397059,806,334
2025,12849,Traeshon Holden,WR,17,0.0,-149.81,-1.4431802578125001,8.81235294117647,43.23529411764706,44.23529411764706,49.23529411764706,46.73529411764706,44.23529411764706,0.4111798336397059,807,335
2025,7538,Zach Wilson,QB,16,3.9800000000000004,-178.09,-1.4476493046875,11.379375,24.0,25.0,30.0,27.5,25.0,0.28885386962890625,808,91
2025,12699,LaJohntay Wester,WR,17,-2.0,-150.81,-1.455773046875,8.753529411764706,43.11764705882353,44.11764705882353,49.11764705882353,46.61764705882353,44.11764705882353,0.4110855399816177,809,336
2025,4179,Joshua Dobbs,QB,17,7.6,-180.69,-1.4606789062499999,11.075882352941177,24.0,25.0,30.0,27.5,25.0,0.2895848267463235,810,92
2025,12688,Cam Miller,QB,16,0.0,-181.57999999999998,-1.46369775,11.348749999999999,24.0,25.0,30.0,27.5,25.0,0.29206102099609377,811,93
2025,11961,Emory Jones,QB,17,0.0,-180.7,-1.4645299140625,10.629411764705882,24.0,25.0,30.0,27.5,25.0,0.2903598244485294,812,94
2025,6185,Easton Stick,QB,17,0.0,-180.7,-1.4645299140625,10.629411764705882,24.0,25.0,30.0,27.5,25.0,0.2903598244485294,813,95
2025,10217,Clayton Tune,QB,17,-0.5199999999999987,-181.22,-1.4651949609375,10.629411764705882,24.0,25.0,30.0,27.5,25.0,0.2903598244485294,814,96
2025,2152,Teddy Bridgewater,QB,17,2.9799999999999995,-182.21,-1.4773161875,10.893529411764705,24.0,25.0,30.0,27.5,25.0,0.29061405376838234,815,97
2025,8002,Shane Buechele,QB,17,2.120000000000001,-182.32999999999998,-1.4780373515625,10.85,24.0,25.0,30.0,27.5,25.0,0.28763215395220587,816,98
2025,4464,Nick Mullens,QB,17,4.86,-183.8,-1.4857327890625,11.09764705882353,24.0,25.0,30.0,27.5,25.0,0.29053502205882353,817,99
2025,6011,Gardner Minshew,QB,17,1.3800000000000006,-184.66,-1.494219390625,10.943529411764706,24.0,25.0,30.0,27.5,25.0,0.28796524448529415,818,100
2025,12494,Kyle McCord,QB,17,0.0,-185.19,-1.500161578125,10.893529411764705,24.0,25.0,30.0,27.5,25.0,0.29061405376838234,819,101
2025,12792,Garrett Greene,QB,17,0.0,-185.19,-1.500161578125,10.893529411764705,24.0,25.0,30.0,27.5,25.0,0.29061405376838234,820,102
2025,4017,Deshaun Watson,QB,17,0.0,-185.19,-1.500161578125,10.893529411764705,24.0,25.0,30.0,27.5,25.0,0.29061405376838234,821,103
2025,8157,Bailey Zappe,QB,17,0.0,-185.19,-1.500161578125,10.893529411764705,24.0,25.0,30.0,27.5,25.0,0.29061405376838234,822,104
2025,2549,Trevor Siemian,QB,17,0.0,-186.04,-1.5037106484375,10.943529411764706,24.0,25.0,30.0,27.5,25.0,0.28796524448529415,823,105
2025,5903,Will Grier,QB,17,0.0,-186.04,-1.5037106484375,10.943529411764706,24.0,25.0,30.0,27.5,25.0,0.28796524448529415,824,106
2025,9999,Will Levis,QB,17,0.0,-186.04,-1.5037106484375,10.943529411764706,24.0,25.0,30.0,27.5,25.0,0.28796524448529415,825,107
2025,5854,Drew Lock,QB,17,2.3,-186.35999999999999,-1.506769078125,11.09764705882353,24.0,25.0,30.0,27.5,25.0,0.29053502205882353,826,108
2025,3357,Brandon Allen,QB,17,-0.6200000000000001,-186.66,-1.508585765625,10.943529411764706,24.0,25.0,30.0,27.5,25.0,0.28796524448529415,827,109
2025,1837,Jimmy Garoppolo,QB,17,0.8000000000000002,-187.85999999999999,-1.518509765625,11.09764705882353,24.0,25.0,30.0,27.5,25.0,0.29053502205882353,828,110
2025,12477,Kurtis Rourke,QB,17,0.0,-188.29,-1.518763046875,11.075882352941177,24.0,25.0,30.0,27.5,25.0,0.2895848267463235,829,111
2025,4127,C.J. Beathard,QB,17,0.0,-188.66,-1.5245705078125,11.09764705882353,24.0,25.0,30.0,27.5,25.0,0.29053502205882353,830,112
2025,11648,Kedon Slovis,QB,17,-0.08000000000000002,-188.74,-1.525107796875,11.09764705882353,24.0,25.0,30.0,27.5,25.0,0.29053502205882353,831,113
2025,5127,Kyle Allen,QB,17,-0.7000000000000001,-189.35999999999999,-1.529740296875,11.09764705882353,24.0,25.0,30.0,27.5,25.0,0.29053502205882353,832,114
2025,6136,Jarrett Stidham,QB,17,0.1,-190.3,-1.5369250390625,11.200000000000001,24.0,25.0,30.0,27.5,25.0,0.28931075045955884,833,115
2025,12773,DJ Uiagalelei,QB,17,0.0,-190.4,-1.5376453203125,11.200000000000001,24.0,25.0,30.0,27.5,25.0,0.28931075045955884,834,116
