season,player_id,player_name,position,games,fantasy_points,porp,worp,avg_replacement_points,avg_starter_cutoff_rank,avg_replacement_pool_start,avg_replacement_pool_end,avg_replacement_effective_rank,avg_replacement_rank,avg_replacement_win_prob,overall_rank,pos_rank
2016,00-0032187,David Johnson,RB,16,367.8,266.35,3.7480448984375,6.340625,32.9375,33.9375,38.9375,36.4375,33.9375,0.3750526176757812,1,1
2016,00-0023459,Aaron Rodgers,QB,16,394.02,247.66000000000005,3.4644391015625,9.1475,24.0,25.0,30.0,27.5,25.0,0.3477889873046875,2,1
2016,00-0033045,Ezekiel Elliott,RB,15,309.4,214.5,3.0046238828125,6.326666666666667,32.4,33.4,38.4,35.9,33.4,0.3775007375,3,2
2016,00-0026143,Matt Ryan,QB,16,361.46,211.82,2.9760381796875004,9.3525,24.0,25.0,30.0,27.5,25.0,0.3518304384765625,4,2
2016,00-0020531,Drew Brees,QB,16,362.32,214.12,2.97181365625,9.2625,24.0,25.0,30.0,27.5,25.0,0.3480596826171875,5,3
2016,00-0030496,Le'Veon Bell,RB,12,279.90000000000003,206.85,2.8799033046875,6.0875,33.083333333333336,34.083333333333336,39.083333333333336,36.583333333333336,34.083333333333336,0.3762132962239583,6,3
2016,00-0029668,Andrew Luck,QB,15,333.7,199.26,2.7823840078125,8.962666666666667,24.0,25.0,30.0,27.5,25.0,0.3475285567708333,7,4
2016,00-0027029,LeSean McCoy,RB,15,273.3,178.6,2.5226892968750003,6.3133333333333335,33.13333333333333,34.13333333333333,39.13333333333333,36.63333333333333,34.13333333333333,0.3762040723958333,8,4
2016,00-0030506,Travis Kelce,TE,16,265.5,176.15,2.4932263203125,5.584375,26.4375,27.4375,32.4375,29.9375,27.4375,0.3793791284179687,9,1
2016,00-0029604,Kirk Cousins,QB,16,324.28,171.70999999999998,2.445598265625,9.535625,24.0,25.0,30.0,27.5,25.0,0.3519983984375,10,5
2016,00-0028009,DeMarco Murray,RB,16,267.3,165.60000000000002,2.41056528125,6.35625,32.875,33.875,38.875,36.375,33.875,0.3768201201171875,11,5
2016,00-0027981,Kyle Rudolph,TE,16,250.5,162.4,2.3178721953125003,5.50625,26.375,27.375,32.375,29.875,27.375,0.3776346108398437,12,2
2016,00-0025418,Greg Olsen,TE,16,247.3,157.45000000000002,2.242141671875,5.615625,26.4375,27.4375,32.4375,29.9375,27.4375,0.3769794140625,13,3
2016,00-0031285,Devonta Freeman,RB,16,257.1,154.9,2.179736484375,6.3875,32.4375,33.4375,38.4375,35.9375,33.4375,0.378087025390625,14,6
2016,00-0019596,Tom Brady,QB,12,262.56,153.96,2.1765522265625,9.05,24.0,25.0,30.0,27.5,25.0,0.3491783971354167,15,6
2016,00-0031407,Blake Bortles,QB,16,302.6,154.4,2.175532375,9.2625,24.0,25.0,30.0,27.5,25.0,0.3480596826171875,16,7
2016,00-0027793,Antonio Brown,WR,15,254.3,155.9,2.1604821875,6.5600000000000005,49.0,50.0,55.0,52.5,50.0,0.3991838885416667,17,1
2016,00-0022942,Philip Rivers,QB,16,300.94,151.29999999999998,2.1035201484375,9.3525,24.0,25.0,30.0,27.5,25.0,0.3518304384765625,18,8
2016,00-0026176,Jordy Nelson,WR,16,256.2,149.9,2.0989155703125,6.643750000000001,48.875,49.875,54.875,52.375,49.875,0.401140685546875,19,2
2016,00-0031408,Mike Evans,WR,16,256.1,149.9,2.0809067265625,6.6375,48.625,49.625,54.625,52.125,49.625,0.3994181484375,20,3
2016,00-0033077,Dak Prescott,QB,16,294.88,146.70000000000002,2.07726203125,9.26125,24.0,25.0,30.0,27.5,25.0,0.3475959047851562,21,9
2016,00-0032144,Melvin Gordon,RB,13,230.1,148.25,2.073721078125,6.296153846153847,32.0,33.0,38.0,35.5,33.0,0.3787235354567307,22,7
2016,00-0026498,Matthew Stafford,QB,16,299.78,150.82,2.0616010468750003,9.31,24.0,25.0,30.0,27.5,25.0,0.3501506127929688,23,10
2016,00-0030061,Zach Ertz,TE,14,222.6,145.0,2.0517034453125005,5.542857142857143,26.071428571428573,27.071428571428573,32.07142857142857,29.571428571428573,27.071428571428573,0.3809856623883929,24,4
2016,00-0031280,Derek Carr,QB,15,280.48,140.37,2.031454640625,9.340666666666667,24.0,25.0,30.0,27.5,25.0,0.3505370317708333,25,11
2016,00-0022924,Ben Roethlisberger,QB,14,278.16,144.95,2.0139224609375,9.515,24.0,25.0,30.0,27.5,25.0,0.35275238671875,26,12
2016,00-0029263,Russell Wilson,QB,16,291.06,142.86,2.0120855546875,9.2625,24.0,25.0,30.0,27.5,25.0,0.3480596826171875,27,13
2016,00-0027939,Cam Newton,QB,15,282.26,142.66,2.011574109375,9.306666666666668,24.0,25.0,30.0,27.5,25.0,0.3468060244791667,28,14
2016,00-0031503,Jameis Winston,QB,16,292.1,144.94,2.00439809375,9.1975,24.0,25.0,30.0,27.5,25.0,0.3482472778320312,29,15
2016,00-0028118,Tyrod Taylor,QB,15,282.92,142.81,1.983676578125,9.340666666666667,24.0,25.0,30.0,27.5,25.0,0.3505370317708333,30,16
2016,00-0024389,Delanie Walker,TE,15,220.6,137.75,1.97343734375,5.5233333333333325,26.6,27.6,32.6,30.1,27.6,0.3791509213541666,31,5
2016,00-0030472,Jordan Reed,TE,12,201.6,135.65,1.9387241015625003,5.495833333333334,26.666666666666668,27.666666666666668,32.666666666666664,30.166666666666668,27.666666666666668,0.3742666796875,32,6
2016,00-0032268,Marcus Mariota,QB,15,277.94,138.7,1.9216947890625,9.282666666666668,24.0,25.0,30.0,27.5,25.0,0.3476461895833333,33,17
2016,00-0031235,Odell Beckham Jr.,WR,16,246.1,140.45000000000002,1.9061360625,6.603125,48.9375,49.9375,54.9375,52.4375,49.9375,0.4003813876953125,34,4
2016,00-0031299,Jordan Matthews,TE,14,207.9,129.35,1.8909896796875,5.610714285714286,26.642857142857142,27.642857142857142,32.642857142857146,30.142857142857142,27.642857142857142,0.3825227873883928,35,7
2016,00-0021429,Carson Palmer,QB,15,271.12,127.13,1.8507744375,9.599333333333334,24.0,25.0,30.0,27.5,25.0,0.3515020177083333,36,18
2016,00-0027696,Jimmy Graham,TE,16,221.8,132.45,1.8246413515625,5.584375,26.4375,27.4375,32.4375,29.9375,27.4375,0.3793791284179687,37,8
2016,00-0027325,LeGarrette Blount,RB,16,229.4,127.95,1.8207113671875,6.340625,32.9375,33.9375,38.9375,36.4375,33.9375,0.3750526176757812,38,8
2016,00-0027973,Andy Dalton,QB,16,276.64,124.07,1.7563231171874998,9.535625,24.0,25.0,30.0,27.5,25.0,0.3519983984375,39,19
2016,00-0032780,Jordan Howard,RB,15,215.6,121.25,1.7339536015625,6.290000000000001,32.93333333333333,33.93333333333333,38.93333333333333,36.43333333333333,33.93333333333333,0.3750185880208333,40,9
2016,00-0027714,Dennis Pitta,TE,16,211.9,123.3,1.7322154765625,5.5375,26.1875,27.1875,32.1875,29.6875,27.1875,0.3797192504882812,41,9
2016,00-0026158,Joe Flacco,QB,16,272.48,121.82,1.7084923515625,9.41625,24.0,25.0,30.0,27.5,25.0,0.3531095185546875,42,20
2016,00-0029608,T.Y. Hilton,WR,16,228.3,122.15,1.7052673203124995,6.634375,49.0,50.0,55.0,52.5,50.0,0.4002301342773438,43,5
2016,00-0027944,Julio Jones,WR,14,218.4,123.95000000000002,1.7016596328125,6.746428571428572,49.285714285714285,50.285714285714285,55.285714285714285,52.785714285714285,50.285714285714285,0.4019569458705357,44,6
2016,00-0031273,Cameron Brate,TE,15,199.5,116.35,1.638230328125,5.543333333333334,26.4,27.4,32.4,29.9,27.4,0.3789105932291666,45,10
2016,00-0027966,Mark Ingram,RB,16,219.2,116.6,1.6070257421875005,6.4125000000000005,32.5,33.5,38.5,36.0,33.5,0.375811287109375,46,10
2016,00-0027974,Colin Kaepernick,QB,11,208.44,110.33,1.536744578125,8.91909090909091,24.0,25.0,30.0,27.5,25.0,0.3498613252840909,47,21
2016,00-0026201,Martellus Bennett,TE,16,195.6,106.6,1.5178724453125,5.5625,26.1875,27.1875,32.1875,29.6875,27.1875,0.3786541293945312,48,11
2016,00-0031236,Brandin Cooks,WR,15,207.3,107.1,1.5044312109374998,6.680000000000001,49.0,50.0,55.0,52.5,50.0,0.4014590494791666,49,7
2016,00-0032765,Michael Thomas,WR,15,209.7,107.95,1.50296434375,6.783333333333333,49.06666666666667,50.06666666666667,55.06666666666667,52.56666666666667,50.06666666666667,0.4014392229166666,50,8
2016,00-0030513,Latavius Murray,RB,14,191.7,101.6,1.4905710703125,6.435714285714286,33.0,34.0,39.0,36.5,34.0,0.3760533002232143,51,11
2016,00-0031387,Eric Ebron,TE,13,174.7,100.8,1.4687483906249998,5.684615384615385,26.384615384615383,27.384615384615383,32.38461538461539,29.884615384615383,27.384615384615383,0.3760136280048077,52,12
2016,00-0022127,Jason Witten,TE,15,186.8,102.4,1.4640041875,5.626666666666667,26.6,27.6,32.6,30.1,27.6,0.3780178739583333,53,13
2016,00-0022803,Eli Manning,QB,16,256.18,105.52,1.433473078125,9.41625,24.0,25.0,30.0,27.5,25.0,0.3531095185546875,54,22
2016,00-0031590,Jay Ajayi,RB,15,201.8,107.85,1.4308383906250004,6.263333333333334,32.86666666666667,33.86666666666667,38.86666666666667,36.36666666666667,33.86666666666667,0.3766924098958333,55,12
2016,00-0031381,Davante Adams,WR,16,209.2,102.9,1.4236935859375,6.643750000000001,48.875,49.875,54.875,52.375,49.875,0.401140685546875,56,9
2016,00-0021547,Antonio Gates,TE,13,174.3,101.9,1.4198619765624998,5.56923076923077,26.615384615384617,27.615384615384617,32.61538461538461,30.115384615384617,27.615384615384617,0.3789090769230769,57,14
2016,00-0023436,Alex Smith,QB,15,240.28,96.29,1.38609434375,9.599333333333334,24.0,25.0,30.0,27.5,25.0,0.3515020177083333,58,23
2016,00-0031045,Carlos Hyde,RB,13,178.60000000000002,96.1,1.3840124140625,6.346153846153846,32.69230769230769,33.69230769230769,38.69230769230769,36.19230769230769,33.69230769230769,0.3764780576923077,59,13
2016,00-0023500,Frank Gore,RB,16,195.2,94.1,1.3824292968750005,6.3187500000000005,33.0,34.0,39.0,36.5,34.0,0.3759159736328125,60,14
2016,00-0028434,Doug Baldwin,WR,16,206.6,98.8,1.3595939921875,6.737500000000001,49.0625,50.0625,55.0625,52.5625,50.0625,0.401294466796875,61,10
2016,00-0029701,Ryan Tannehill,QB,13,214.2,92.27,1.3372852734374998,9.37923076923077,24.0,25.0,30.0,27.5,25.0,0.3529127367788461,62,24
2016,00-0032950,Carson Wentz,QB,16,241.48,95.12,1.3358113671875,9.1475,24.0,25.0,30.0,27.5,25.0,0.3477889873046875,63,25
2016,00-0027854,Sam Bradford,QB,15,231.38,95.88,1.3153703203125002,9.033333333333331,24.0,25.0,30.0,27.5,25.0,0.3472530098958333,64,26
2016,00-0029615,Lamar Miller,RB,14,175.6,88.35,1.3027630703125,6.232142857142857,32.714285714285715,33.714285714285715,38.71428571428572,36.21428571428572,33.714285714285715,0.3739991082589285,65,15
2016,00-0032058,Tevin Coleman,RB,13,175.6,92.15,1.2840706328125,6.4192307692307695,33.0,34.0,39.0,36.5,34.0,0.3767852283653846,66,16
2016,00-0026986,Michael Crabtree,WR,16,194.8,88.64999999999999,1.2679600937499995,6.634375,49.0,50.0,55.0,52.5,50.0,0.4002301342773438,67,11
2016,00-0027125,Zach Miller,TE,10,143.1,89.2,1.2484908750000003,5.39,26.3,27.3,32.3,29.8,27.3,0.37703928046875,68,15
2016,00-0030414,Spencer Ware,RB,14,177.3,87.5,1.2409633984375,6.414285714285716,32.57142857142857,33.57142857142857,38.57142857142857,36.07142857142857,33.57142857142857,0.3747614760044642,69,17
2016,00-0030656,Isaiah Crowell,RB,16,185.1,83.39999999999999,1.2247254062499997,6.35625,32.875,33.875,38.875,36.375,33.875,0.3768201201171875,70,18
2016,00-0027942,A.J. Green,WR,10,153.4,87.2,1.2002038984375,6.62,48.7,49.7,54.7,52.2,49.7,0.3981788296875,71,12
2016,00-0026184,Matt Forte,RB,14,168.6,80.60000000000001,1.194445578125,6.285714285714286,32.142857142857146,33.142857142857146,38.142857142857146,35.642857142857146,33.142857142857146,0.3774670027901786,72,19
2016,00-0030181,Jack Doyle,TE,16,174.9,86.45,1.191715625,5.528125,26.0,27.0,32.0,29.5,27.0,0.3773281943359375,73,16
2016,00-0022921,Larry Fitzgerald,WR,16,190.3,83.15,1.191562140625,6.696875,48.875,49.875,54.875,52.375,49.875,0.4001362670898437,74,13
2016,00-0031544,Amari Cooper,WR,16,190.8,84.65,1.1852022578124997,6.634375,49.0,50.0,55.0,52.5,50.0,0.4002301342773438,75,14
2016,00-0031382,Jarvis Landry,WR,16,186.3,80.65,1.180137140625,6.603125,48.9375,49.9375,54.9375,52.4375,49.9375,0.4003813876953125,76,15
2016,00-0028112,Charles Clay,TE,15,164.7,81.7,1.1713017500000005,5.533333333333333,26.133333333333333,27.133333333333333,32.13333333333333,29.633333333333333,27.133333333333333,0.3783899062499999,77,17
2016,00-0031302,C.J. Fiedorowicz,TE,15,160.9,78.05,1.1243221484375003,5.5233333333333325,26.2,27.2,32.2,29.7,27.2,0.3788865963541666,78,18
2016,00-0027150,Julian Edelman,WR,16,183.3,76.15,1.1237857890625,6.696875,48.875,49.875,54.875,52.375,49.875,0.4001362670898437,79,16
2016,00-0027874,Demaryius Thomas,WR,16,181.3,74.75,1.086913375,6.659375000000001,49.1875,50.1875,55.1875,52.6875,50.1875,0.4006772094726563,80,17
2016,00-0032156,Trevor Siemian,QB,14,211.74,79.37,1.0736609140625002,9.455,24.0,25.0,30.0,27.5,25.0,0.3500350747767857,81,27
2016,00-0033090,Hunter Henry,TE,13,147.8,77.55,1.0732181953125002,5.403846153846154,25.692307692307693,26.692307692307693,31.692307692307693,29.192307692307693,26.692307692307693,0.3772383762019231,82,19
2016,00-0032241,Todd Gurley,RB,16,176.70000000000002,75.65,1.0578293203125002,6.315625000000001,32.875,33.875,38.875,36.375,33.875,0.3766218256835937,83,20
2016,00-0030107,Theo Riddick,RB,10,135.3,72.8,1.0553765078125,6.25,32.6,33.6,38.6,36.1,33.6,0.37926572109375,84,21
2016,00-0032160,Tyrell Williams,WR,16,182.4,75.85,1.0487878593749995,6.659375000000001,49.1875,50.1875,55.1875,52.6875,50.1875,0.4006772094726563,85,18
2016,00-0031301,Jeremy Hill,RB,15,165.8,71.15,1.0475698828125002,6.3100000000000005,32.86666666666667,33.86666666666667,38.86666666666667,36.36666666666667,33.86666666666667,0.3754149182291666,86,22
2016,00-0027685,Emmanuel Sanders,WR,15,173.1,73.8,1.033571734375,6.620000000000001,49.266666666666666,50.266666666666666,55.266666666666666,52.766666666666666,50.266666666666666,0.3994994317708333,87,19
2016,00-0030549,Tyler Eifert,TE,8,112.9,70.05,1.0278706640625002,5.35625,26.5,27.5,32.5,30.0,27.5,0.3797452275390625,88,20
2016,00-0029580,Rishard Matthews,WR,16,179.0,72.4,1.0229207968749998,6.6625000000000005,48.6875,49.6875,54.6875,52.1875,49.6875,0.39951756640625,89,20
2016,00-0027902,Dez Bryant,WR,13,155.0,66.45,0.9904529765625,6.811538461538462,48.76923076923077,49.76923076923077,54.76923076923077,52.26923076923077,49.76923076923077,0.4017781730769231,90,21
2016,00-0028064,Bilal Powell,RB,16,168.0,65.8,0.987070875,6.3875,32.4375,33.4375,38.4375,35.9375,33.4375,0.378087025390625,91,23
2016,00-0026281,Gary Barnidge,TE,16,157.7,69.2,0.9833670937500004,5.53125,26.4375,27.4375,32.4375,29.9375,27.4375,0.3793491010742187,92,21
2016,00-0029697,Coby Fleener,TE,16,162.3,72.95,0.9734818671875002,5.584375,26.4375,27.4375,32.4375,29.9375,27.4375,0.3793791284179687,93,22
2016,00-0031588,Stefon Diggs,WR,13,151.3,65.0,0.9555694999999998,6.63846153846154,48.69230769230769,49.69230769230769,54.69230769230769,52.19230769230769,49.69230769230769,0.3988762950721153,94,22
2016,00-0027891,Golden Tate,WR,16,177.6,71.45,0.95196603125,6.634375,49.0,50.0,55.0,52.5,50.0,0.4002301342773438,95,23
2016,00-0033040,Tyreek Hill,WR,16,170.5,62.7,0.9201868749999996,6.737500000000001,49.0625,50.0625,55.0625,52.5625,50.0625,0.401294466796875,96,24
2016,00-0027656,Rob Gronkowski,TE,8,109.5,67.95,0.9199679140625,5.19375,26.0,27.0,32.0,29.5,27.0,0.378237615234375,97,23
2016,00-0028825,Terrelle Pryor,WR,16,174.94,68.34,0.9149542109374996,6.6625000000000005,48.6875,49.6875,54.6875,52.1875,49.6875,0.39951756640625,98,25
2016,00-0026901,Mike Wallace,WR,16,166.8,61.15,0.895001546875,6.603125,48.9375,49.9375,54.9375,52.4375,49.9375,0.4003813876953125,99,26
2016,00-0027006,Kenny Britt,WR,15,162.2,63.8,0.8792297578125001,6.5600000000000005,49.0,50.0,55.0,52.5,50.0,0.3991838885416667,100,27
2016,00-0031359,Kelvin Benjamin,WR,16,165.60000000000002,58.8,0.8742145781249998,6.675000000000001,49.0625,50.0625,55.0625,52.5625,50.0625,0.401249041015625,101,28
2016,00-0026153,Jonathan Stewart,RB,13,142.4,58.2,0.8588240312500002,6.476923076923077,31.76923076923077,32.76923076923077,37.76923076923077,35.26923076923077,32.76923076923077,0.3749298864182692,102,24
2016,00-0027864,Ryan Mathews,RB,13,138.1,56.24999999999999,0.8428436015625,6.296153846153847,32.92307692307692,33.92307692307692,38.92307692307692,36.42307692307692,33.92307692307692,0.375234665264423,103,25
2016,00-0020337,Steve Smith,WR,14,148.9,55.95,0.8238345625000001,6.639285714285714,48.71428571428572,49.71428571428572,54.71428571428572,52.21428571428572,49.71428571428572,0.3999354587053571,104,29
2016,00-0029682,Brock Osweiler,QB,15,200.48,57.77,0.8131121093749999,9.514,24.0,25.0,30.0,27.5,25.0,0.3531819942708333,105,28
2016,00-0030663,Willie Snead,WR,15,155.5,53.85,0.8010618749999998,6.776666666666667,49.13333333333333,50.13333333333333,55.13333333333333,52.63333333333333,50.13333333333333,0.4013057802083333,106,30
2016,00-0026345,Pierre Garcon,WR,16,161.60000000000002,54.45,0.8004596874999999,6.696875,48.875,49.875,54.875,52.375,49.875,0.4001362670898437,107,31
2016,00-0026189,DeSean Jackson,WR,15,152.5,52.05,0.7676913828124998,6.696666666666667,48.93333333333333,49.93333333333333,54.93333333333333,52.43333333333333,49.93333333333333,0.3998014677083333,108,32
2016,00-0030564,DeAndre Hopkins,WR,16,158.4,51.25000000000001,0.7643803281249999,6.696875,48.875,49.875,54.875,52.375,49.875,0.4001362670898437,109,33
2016,00-0031375,Terrance West,RB,16,154.0,52.95,0.763514828125,6.315625000000001,32.875,33.875,38.875,36.375,33.875,0.3766218256835937,110,26
2016,00-0031912,Cameron Meredith,WR,14,146.48000000000002,54.88,0.7629142578125,6.542857142857144,48.785714285714285,49.785714285714285,54.785714285714285,52.285714285714285,49.785714285714285,0.4009387438616071,111,34
2016,00-0031941,Jamison Crowder,WR,16,158.0,50.85,0.7613693046874999,6.696875,48.875,49.875,54.875,52.375,49.875,0.4001362670898437,112,35
2016,00-0024221,Vernon Davis,TE,15,136.3,52.95,0.7563740546875002,5.556666666666667,26.33333333333333,27.33333333333333,32.333333333333336,29.83333333333333,27.33333333333333,0.3784096182291667,113,24
2016,00-0030035,Adam Thielen,WR,16,162.70000000000002,56.5,0.7465677968749997,6.6375,48.625,49.625,54.625,52.125,49.625,0.3994181484375,114,36
2016,00-0029854,C.J. Anderson,RB,7,94.5,50.45,0.7438014531249999,6.292857142857144,33.142857142857146,34.142857142857146,39.142857142857146,36.642857142857146,34.142857142857146,0.3767080747767857,115,27
2016,00-0031428,Allen Robinson,WR,16,162.8,55.00000000000001,0.7371463203124997,6.737500000000001,49.0625,50.0625,55.0625,52.5625,50.0625,0.401294466796875,116,37
2016,00-0029689,Dwayne Allen,TE,14,131.1,52.1,0.71683909375,5.642857142857143,26.0,27.0,32.0,29.5,27.0,0.37731810546875,117,25
2016,00-0028067,Julius Thomas,TE,9,97.1,47.85,0.7066571328125002,5.472222222222222,27.0,28.0,33.0,30.5,28.0,0.3806912300347222,118,26
2016,00-0032385,Sterling Shepard,WR,16,151.9,46.25,0.6914438749999999,6.603125,48.9375,49.9375,54.9375,52.4375,49.9375,0.4003813876953125,119,38
2016,00-0032371,Rob Kelley,RB,14,126.6,39.8,0.6794329609375004,6.2,33.42857142857143,34.42857142857143,39.42857142857143,36.92857142857143,34.42857142857143,0.3751919146205357,120,28
2016,00-0030470,Vance McDonald,TE,10,99.1,44.25,0.6753803671875003,5.485,26.7,27.7,32.7,30.2,27.7,0.38216597734375,121,27
2016,00-0027985,Lance Kendricks,TE,16,134.9,46.3,0.6638908203125,5.5375,26.1875,27.1875,32.1875,29.6875,27.1875,0.3797192504882812,122,28
2016,00-0030085,Kenny Stills,WR,16,147.6,41.95,0.642077,6.603125,48.9375,49.9375,54.9375,52.4375,49.9375,0.4003813876953125,123,39
2016,00-0024242,DeAngelo Williams,RB,8,91.1,40.0,0.6377759921874999,6.3875,32.375,33.375,38.375,35.875,33.375,0.379732740234375,124,29
2016,00-0027681,Brandon LaFell,WR,16,154.0,46.85,0.6372956249999999,6.696875,48.875,49.875,54.875,52.375,49.875,0.4001362670898437,125,40
2016,00-0031228,Taylor Gabriel,WR,12,122.5,42.150000000000006,0.6337389296875001,6.695833333333334,49.5,50.5,55.5,53.0,50.5,0.400604806640625,126,41
2016,00-0029000,Cole Beasley,WR,16,151.5,44.7,0.6279260937499997,6.675000000000001,49.0625,50.0625,55.0625,52.5625,50.0625,0.401249041015625,127,42
2016,00-0030456,Giovani Bernard,RB,10,102.8,40.75,0.608927625,6.205,33.0,34.0,39.0,36.5,34.0,0.37395904375,128,30
2016,00-0029293,Marvin Jones,WR,15,144.8,44.9,0.597616640625,6.66,48.73333333333333,49.73333333333333,54.73333333333333,52.23333333333333,49.73333333333333,0.3991415203125,129,43
2016,00-0030108,Ryan Griffin,TE,16,129.2,40.2,0.5922081718750001,5.5625,26.1875,27.1875,32.1875,29.6875,27.1875,0.3786541293945312,130,29
2016,00-0027155,Rashad Jennings,RB,13,120.9,37.35,0.5765781171875002,6.426923076923078,32.23076923076923,33.23076923076923,38.23076923076923,35.73076923076923,33.23076923076923,0.3744545048076923,131,31
2016,00-0029137,Alshon Jeffery,WR,12,120.1,39.15,0.5725945234375001,6.745833333333334,48.75,49.75,54.75,52.25,49.75,0.3991389186197916,132,44
2016,00-0023564,Darren Sproles,RB,15,136.5,41.3,0.5562200468750003,6.346666666666667,32.6,33.6,38.6,36.1,33.6,0.3771033703124999,133,32
2016,00-0031023,Quincy Enunwa,WR,16,139.9,33.349999999999994,0.5230363828125,6.659375000000001,49.1875,50.1875,55.1875,52.6875,50.1875,0.4006772094726563,134,45
2016,00-0031431,Marqise Lee,WR,16,142.9,35.1,0.5092572499999999,6.737500000000001,49.0625,50.0625,55.0625,52.5625,50.0625,0.401294466796875,135,46
2016,00-0023682,Ryan Fitzpatrick,QB,14,167.4,34.36,0.5020845390624998,9.502857142857142,24.0,25.0,30.0,27.5,25.0,0.3514554486607143,136,29
2016,00-0028986,Case Keenum,QB,10,133.14,40.31999999999999,0.5005140156249999,9.282,24.0,25.0,30.0,27.5,25.0,0.3530286671875,137,30
2016,00-0027061,Jared Cook,TE,10,86.7,28.1,0.4827147500000001,5.86,26.3,27.3,32.3,29.8,27.3,0.38044032578125,138,30
2016,00-0022084,Anquan Boldin,WR,16,139.9,33.74999999999999,0.4744169062499999,6.634375,49.0,50.0,55.0,52.5,50.0,0.4002301342773438,139,47
2016,00-0031376,Jerick McKinnon,RB,15,126.9,32.0,0.4708934843750002,6.326666666666667,33.13333333333333,34.13333333333333,39.13333333333333,36.63333333333333,34.13333333333333,0.3773735296875,140,33
2016,00-0028002,Randall Cobb,WR,13,118.3,34.2,0.4646298828124998,6.46923076923077,49.07692307692308,50.07692307692308,55.07692307692308,52.57692307692308,50.07692307692308,0.3995341514423077,141,48
2016,00-0026267,Jacob Tamme,TE,8,72.0,29.000000000000004,0.4594107421875001,5.375,25.875,26.875,31.875,29.375,26.875,0.3748869345703124,142,31
2016,00-0025396,Ted Ginn,WR,16,136.0,29.2,0.4522181796874998,6.675000000000001,49.0625,50.0625,55.0625,52.5625,50.0625,0.401249041015625,143,49
2016,00-0031547,DeVante Parker,WR,15,126.4,28.6,0.4355732187499999,6.5200000000000005,48.8,49.8,54.8,52.3,49.8,0.3998568729166666,145,50
2016,00-0032112,J.J. Nelson,WR,14,122.1,28.8,0.4333540078124998,6.664285714285716,49.0,50.0,55.0,52.5,50.0,0.4014476255580357,146,51
2016,00-0028411,Dontrelle Inman,WR,16,134.0,27.45,0.4332048046874999,6.659375000000001,49.1875,50.1875,55.1875,52.6875,50.1875,0.4006772094726563,147,52
2016,00-0031062,James White,RB,16,131.70000000000002,30.25,0.4324565078125001,6.340625,32.9375,33.9375,38.9375,36.4375,33.9375,0.3750526176757812,148,34
2016,00-0029275,Ladarius Green,TE,6,63.4,30.0,0.4286751562500002,5.566666666666666,26.666666666666668,27.666666666666668,32.666666666666664,30.166666666666668,27.666666666666668,0.3805273645833333,149,32
2016,00-0029613,Doug Martin,RB,8,78.50000000000001,27.050000000000008,0.4109920625000001,6.43125,31.75,32.75,37.75,35.25,32.75,0.371948947265625,151,35
2016,00-0030433,Mike Gillislee,RB,15,121.2,27.049999999999997,0.4005321249999999,6.276666666666667,33.2,34.2,39.2,36.7,34.2,0.3742042322916666,152,36
2016,00-0024334,Brandon Marshall,WR,15,126.3,26.999999999999996,0.396081640625,6.620000000000001,49.266666666666666,50.266666666666666,55.266666666666666,52.766666666666666,50.266666666666666,0.3994994317708333,153,53
2016,00-0030432,Christine Michael,RB,15,126.0,28.649999999999995,0.3951171328125,6.49,32.13333333333333,33.13333333333333,38.13333333333333,35.63333333333333,33.13333333333333,0.3776552864583333,154,37
2016,00-0031939,Matt Jones,RB,7,71.30000000000001,27.250000000000004,0.3897405703125,6.292857142857144,33.142857142857146,34.142857142857146,39.142857142857146,36.642857142857146,34.142857142857146,0.3767080747767857,155,38
2016,00-0031339,Donte Moncrief,WR,9,87.6,25.2,0.3638580156250002,6.933333333333334,49.11111111111112,50.11111111111112,55.11111111111112,52.61111111111112,50.11111111111112,0.4015749296875,157,54
2016,00-0029269,Travis Benjamin,WR,14,110.9,18.300000000000004,0.3218761093749998,6.614285714285715,49.35714285714285,50.35714285714285,55.35714285714285,52.85714285714285,50.35714285714285,0.3990952299107143,161,55
2017,00-0032241,Todd Gurley,RB,15,351.3,263.85,3.6811077343750007,5.83,36.333333333333336,37.333333333333336,42.333333333333336,39.833333333333336,37.333333333333336,0.3826657026041666,1,1
2017,00-0029263,Russell Wilson,QB,16,369.92,238.69,3.3503965625000003,8.201875000000001,24.0,25.0,29.9375,27.46875,25.0,0.3425964838867187,2,1
2017,00-0030496,Le'Veon Bell,RB,15,300.40000000000003,214.95,3.069789078125,5.696666666666667,37.0,38.0,43.0,40.5,38.0,0.3828786026041666,3,2
2017,00-0027939,Cam Newton,QB,16,331.48,198.98,2.8853254375,8.28125,24.0,25.0,29.9375,27.46875,25.0,0.3432097470703125,4,2
2017,00-0030506,Travis Kelce,TE,15,277.0,197.45,2.85768328125,5.303333333333333,25.6,26.6,31.6,29.1,26.6,0.3838317588541667,5,1
2017,00-0032950,Carson Wentz,QB,13,295.74,192.49,2.741134859375,7.9423076923076925,24.0,25.0,29.923076923076923,27.46153846153846,25.0,0.3396316099759616,6,3
2017,00-0027656,Rob Gronkowski,TE,13,261.9,191.9,2.7233038984375,5.384615384615385,25.307692307692307,26.307692307692307,31.307692307692307,28.807692307692307,26.307692307692307,0.3831206514423077,7,2
2017,00-0033906,Alvin Kamara,RB,16,273.9,184.2,2.6465961640625,5.60625,37.0,38.0,43.0,40.5,38.0,0.3800877963867187,8,3
2017,00-0023436,Alex Smith,QB,15,305.18,180.91,2.5986301796874995,8.284666666666668,24.0,25.0,29.933333333333334,27.466666666666665,25.0,0.3454448046875,9,4
2017,00-0033923,Kareem Hunt,RB,16,268.70000000000005,180.15,2.5386043828125,5.534375000000001,36.9375,37.9375,42.9375,40.4375,37.9375,0.3805652719726562,10,4
2017,00-0019596,Tom Brady,QB,16,311.88,173.13,2.47306559375,8.671875,24.0,25.0,29.9375,27.46875,25.0,0.3490637788085937,11,5
2017,00-0032144,Melvin Gordon,RB,16,259.1,168.75,2.4615563828125,5.6468750000000005,37.0625,38.0625,43.0625,40.5625,38.0625,0.3812602416992187,12,5
2017,00-0029604,Kirk Cousins,QB,16,303.62,169.3,2.4559577734375,8.395,24.0,25.0,29.9375,27.46875,25.0,0.34507857421875,13,6
2017,00-0030564,DeAndre Hopkins,WR,15,261.8,172.5,2.4437173359375,5.953333333333334,45.93333333333333,46.93333333333333,51.93333333333333,49.43333333333333,46.93333333333333,0.4002439973958333,14,1
2017,00-0027793,Antonio Brown,WR,14,259.8,175.75,2.43117775,6.003571428571429,45.642857142857146,46.642857142857146,51.642857142857146,49.142857142857146,46.642857142857146,0.3992760100446428,15,2
2017,00-0030061,Zach Ertz,TE,14,239.4,164.65,2.3600207734375003,5.339285714285714,25.5,26.5,31.5,29.0,26.5,0.3841255926339286,16,3
2017,00-0026498,Matthew Stafford,QB,16,293.64,160.67,2.34471775,8.310625,24.0,25.0,29.9375,27.46875,25.0,0.3446840483398438,17,7
2017,00-0027966,Mark Ingram,RB,16,249.0,159.29999999999998,2.3230639609375,5.60625,37.0,38.0,43.0,40.5,38.0,0.3800877963867187,18,6
2017,00-0033077,Dak Prescott,QB,16,286.66,155.43,2.2293100546875,8.201875000000001,24.0,25.0,29.9375,27.46875,25.0,0.3425964838867187,19,8
2017,00-0022924,Ben Roethlisberger,QB,15,289.06,158.53,2.2195212890625,8.702,24.0,25.0,29.933333333333334,27.466666666666665,25.0,0.3490189963541666,20,9
2017,00-0022942,Philip Rivers,QB,16,290.4,151.64999999999998,2.200454703125,8.671875,24.0,25.0,29.9375,27.46875,25.0,0.3490637788085937,21,10
2017,00-0020531,Drew Brees,QB,16,278.56,144.23999999999998,2.0600031796875,8.395,24.0,25.0,29.9375,27.46875,25.0,0.34507857421875,22,11
2017,00-0033106,Jared Goff,QB,15,269.26,141.49,2.0446586875,8.518,24.0,25.0,30.0,27.5,25.0,0.3437232276041667,23,12
2017,00-0027029,LeSean McCoy,RB,16,234.1,144.05,2.0422727890625,5.628125000000001,36.6875,37.6875,42.6875,40.1875,37.6875,0.3828518081054687,24,7
2017,00-0033856,Leonard Fournette,RB,13,212.2,135.4,2.0302635703125,5.907692307692309,36.69230769230769,37.69230769230769,42.69230769230769,40.19230769230769,37.69230769230769,0.3810812626201922,25,8
2017,00-0031407,Blake Bortles,QB,16,275.68,139.69,1.97853228125,8.499375,24.0,25.0,30.0,27.5,25.0,0.3440989956054687,26,13
2017,00-0033045,Ezekiel Elliott,RB,10,190.2,136.5,1.9316003984375,5.37,36.1,37.1,42.1,39.6,37.1,0.37963178203125,27,9
2017,00-0030279,Keenan Allen,WR,16,227.2,131.85,1.8856884687500004,5.9593750000000005,45.625,46.625,51.625,49.125,46.625,0.3986868754882812,28,3
2017,00-0024389,Delanie Walker,TE,16,211.5,128.0,1.86982871875,5.21875,25.5,26.5,31.5,29.0,26.5,0.383548095703125,29,4
2017,00-0033881,Evan Engram,TE,15,205.6,126.4,1.8659220390625,5.28,25.6,26.6,31.6,29.1,26.6,0.3824788458333333,30,5
2017,00-0030181,Jack Doyle,TE,15,209.0,130.3,1.858732015625,5.246666666666667,25.33333333333333,26.33333333333333,31.33333333333333,28.83333333333333,26.33333333333333,0.3844776947916666,31,6
2017,00-0033537,Deshaun Watson,QB,7,184.86,126.77,1.7833143671874998,8.29857142857143,24.0,25.0,29.857142857142858,27.428571428571427,25.0,0.3413691127232143,32,14
2017,00-0031045,Carlos Hyde,RB,16,204.3,114.3,1.7200828359375002,5.625,36.6875,37.6875,42.6875,40.1875,37.6875,0.381416982421875,33,10
2017,00-0021206,Josh McCown,QB,13,223.44,120.18,1.7168293437500002,7.943076923076924,24.0,25.0,29.923076923076923,27.46153846153846,25.0,0.3365507151442308,34,15
2017,00-0026143,Matt Ryan,QB,16,252.1,117.78,1.6873969375,8.395,24.0,25.0,29.9375,27.46875,25.0,0.34507857421875,35,16
2017,00-0027696,Jimmy Graham,TE,16,199.5,115.25,1.6737262578125005,5.265625,25.25,26.25,31.25,28.75,26.25,0.3853556977539062,36,7
2017,00-0022921,Larry Fitzgerald,WR,16,206.94,111.49,1.6611290000000003,5.965625,46.0625,47.0625,52.0625,49.5625,47.0625,0.3987096059570312,37,4
2017,00-0028986,Case Keenum,QB,15,251.88,119.63,1.6520297343749997,8.816666666666666,24.0,25.0,29.933333333333334,27.466666666666665,25.0,0.3509064651041667,38,17
2017,00-0031503,Jameis Winston,QB,13,223.66,114.62,1.6442347109375,8.387692307692308,24.0,25.0,29.923076923076923,27.46153846153846,25.0,0.3460818149038461,39,18
2017,00-0033040,Tyreek Hill,WR,15,203.7,114.65,1.637892390625,5.936666666666667,45.53333333333333,46.53333333333333,51.53333333333333,49.03333333333333,46.53333333333333,0.4009687536458333,40,5
2017,00-0032268,Marcus Mariota,QB,15,240.48,110.66,1.621433015625,8.654666666666666,24.0,25.0,30.0,27.5,25.0,0.3458029880208333,41,19
2017,00-0031382,Jarvis Landry,WR,16,204.0,110.0,1.6096627734375002,5.875,45.6875,46.6875,51.6875,49.1875,46.6875,0.3981735551757812,42,6
2017,00-0032765,Michael Thomas,WR,16,206.5,112.0,1.606088875,5.90625,45.75,46.75,51.75,49.25,46.75,0.3981473364257812,43,7
2017,00-0028118,Tyrod Taylor,QB,15,230.66000000000005,108.41,1.5390673984374996,8.15,24.0,25.0,29.933333333333334,27.466666666666665,25.0,0.3412265302083333,44,20
2017,00-0027944,Julio Jones,WR,16,207.9,113.4,1.5387163281250005,5.90625,45.75,46.75,51.75,49.25,46.75,0.3981473364257812,45,8
2017,00-0031285,Devonta Freeman,RB,14,182.2,103.6,1.5012588515625,5.614285714285715,37.0,38.0,43.0,40.5,38.0,0.3774520837053571,46,11
2017,00-0031280,Derek Carr,QB,15,232.44,106.12,1.4975314765625,8.421333333333333,24.0,25.0,29.933333333333334,27.466666666666665,25.0,0.3475245651041667,47,21
2017,00-0027973,Andy Dalton,QB,16,234.7,103.47,1.4919367265625,8.201875000000001,24.0,25.0,29.9375,27.46875,25.0,0.3425964838867187,48,22
2017,00-0031381,Davante Adams,WR,14,185.5,101.35,1.4649558984375004,6.010714285714286,46.142857142857146,47.142857142857146,52.142857142857146,49.642857142857146,47.142857142857146,0.3993019877232143,49,9
2017,00-0027981,Kyle Rudolph,TE,16,186.7,103.2,1.4632063359375,5.21875,25.3125,26.3125,31.3125,28.8125,26.3125,0.383406056640625,50,8
2017,00-0029293,Marvin Jones,WR,16,194.6,100.0,1.4469389765625,5.9125000000000005,45.9375,46.9375,51.9375,49.4375,46.9375,0.3982247456054687,51,10
2017,00-0033280,Christian McCaffrey,RB,16,188.6,98.6,1.4406896406250005,5.625,36.6875,37.6875,42.6875,40.1875,37.6875,0.381416982421875,52,12
2017,00-0030035,Adam Thielen,WR,16,194.2,98.85,1.434687796875,5.9593750000000005,45.625,46.625,51.625,49.125,46.625,0.3986868754882812,53,11
2017,00-0022127,Jason Witten,TE,16,180.5,96.25,1.4273206250000003,5.265625,25.25,26.25,31.25,28.75,26.25,0.3853556977539062,54,9
2017,00-0032780,Jordan Howard,RB,16,188.2,97.85,1.415350875,5.6468750000000005,37.0625,38.0625,43.0625,40.5625,38.0625,0.3812602416992187,55,13
2017,00-0027942,A.J. Green,WR,16,189.3,94.55,1.3759685000000004,5.921875,46.0625,47.0625,52.0625,49.5625,47.0625,0.3989293950195312,56,12
2017,00-0028087,Dion Lewis,RB,16,181.0,90.65,1.3578185781250005,5.6468750000000005,37.0625,38.0625,43.0625,40.5625,38.0625,0.3812602416992187,57,14
2017,00-0028434,Doug Baldwin,WR,16,185.8,91.05,1.3531626953125002,5.921875,46.0625,47.0625,52.0625,49.5625,47.0625,0.3989293950195312,58,13
2017,00-0031236,Brandin Cooks,WR,16,188.7,93.35,1.325081671875,5.9593750000000005,45.625,46.625,51.625,49.125,46.625,0.3986868754882812,59,14
2017,00-0033899,DeShone Kizer,QB,15,219.66,90.17,1.3080168203124998,8.632666666666667,24.0,25.0,29.933333333333334,27.466666666666665,25.0,0.34845119375,60,23
2017,00-0032257,Duke Johnson,RB,16,179.1,88.75,1.2980287031250004,5.6468750000000005,37.0625,38.0625,43.0625,40.5625,38.0625,0.3812602416992187,61,15
2017,00-0027891,Golden Tate,WR,16,178.5,83.9,1.2682678203125002,5.9125000000000005,45.9375,46.9375,51.9375,49.4375,46.9375,0.3982247456054687,62,15
2017,00-0022943,Benjamin Watson,TE,16,167.7,83.85000000000001,1.251883453125,5.240625,25.5,26.5,31.5,29.0,26.5,0.3848164516601562,63,10
2017,00-0033090,Hunter Henry,TE,12,149.4,86.60000000000001,1.2473462265625,5.233333333333333,25.75,26.75,31.75,29.25,26.75,0.3811342643229167,64,11
2017,00-0031273,Cameron Brate,TE,16,167.1,84.05,1.2429748984375,5.190625,25.5,26.5,31.5,29.0,26.5,0.3845196196289062,65,12
2017,00-0033119,Jacoby Brissett,QB,16,219.92,87.42,1.241128609375,8.28125,24.0,25.0,29.9375,27.46875,25.0,0.3432097470703125,66,24
2017,00-0029615,Lamar Miller,RB,16,175.5,85.25,1.240094328125,5.640625,36.75,37.75,42.75,40.25,37.75,0.3807722250976562,67,16
2017,00-0022803,Eli Manning,QB,15,213.32,87.3,1.2395833828125,8.401333333333334,24.0,25.0,30.0,27.5,25.0,0.3422433630208333,68,25
2017,00-0031588,Stefon Diggs,WR,14,166.2,81.89999999999999,1.1943011015625002,6.021428571428572,46.0,47.0,52.0,49.5,47.0,0.3988697829241071,69,16
2017,00-0030404,Chris Thompson,RB,10,135.9,81.45,1.1816004218750005,5.445,36.1,37.1,42.1,39.6,37.1,0.3791547078125,70,17
2017,00-0031408,Mike Evans,WR,15,167.6,79.45,1.17342496875,5.876666666666667,45.4,46.4,51.4,48.9,46.4,0.3985736338541666,71,17
2017,00-0033857,JuJu Smith-Schuster,WR,14,162.70000000000002,79.65,1.1673915,5.932142857142858,45.35714285714285,46.35714285714285,51.35714285714285,48.85714285714285,46.35714285714285,0.3978205652901785,72,18
2017,00-0026158,Joe Flacco,QB,16,211.04,78.54999999999998,1.1512180078125,8.280625,24.0,25.0,29.9375,27.46875,25.0,0.3457129741210937,73,26
2017,00-0023459,Aaron Rodgers,QB,7,141.6,76.34,1.102550546875,9.322857142857144,24.0,25.0,30.0,27.5,25.0,0.3479924620535714,74,27
2017,00-0031387,Eric Ebron,TE,16,158.9,75.85,1.1018714296875,5.190625,25.3125,26.3125,31.3125,28.8125,26.3125,0.3848409516601562,75,13
2017,00-0032426,Alex Collins,RB,15,159.5,76.7,1.0945534609375005,5.5200000000000005,37.0,38.0,43.0,40.5,38.0,0.3796863463541667,76,18
2017,00-0027061,Jared Cook,TE,16,159.8,75.95,1.0944475078125002,5.240625,25.5,26.5,31.5,29.0,26.5,0.3848164516601562,77,14
2017,00-0029854,C.J. Anderson,RB,16,161.1,71.39999999999999,1.0822751093749998,5.60625,37.0,38.0,43.0,40.5,38.0,0.3800877963867187,78,19
2017,00-0028112,Charles Clay,TE,13,141.3,72.5,1.0644084609375,5.292307692307692,25.07692307692308,26.07692307692308,31.07692307692308,28.57692307692308,26.07692307692308,0.3848842229567308,79,15
2017,00-0027874,Demaryius Thomas,WR,16,164.4,69.9,1.0460538828125,5.90625,45.75,46.75,51.75,49.25,46.75,0.3981473364257812,80,19
2017,00-0029137,Alshon Jeffery,WR,16,167.4,73.05,1.0410949531250004,5.8968750000000005,45.5625,46.5625,51.5625,49.0625,46.5625,0.3989042045898437,81,20
2017,00-0032058,Tevin Coleman,RB,15,154.20000000000002,70.45,1.0343896328125,5.583333333333333,37.0,38.0,43.0,40.5,38.0,0.3802801786458333,82,20
2017,00-0032055,Devin Funchess,WR,16,163.5,68.6,1.01988515625,5.93125,45.8125,46.8125,51.8125,49.3125,46.8125,0.3991454892578125,83,21
2017,00-0032688,Robbie Chosen,WR,16,168.5,73.6,1.0106634140625006,5.93125,45.8125,46.8125,51.8125,49.3125,46.8125,0.3991454892578125,84,22
2017,00-0025399,Marshawn Lynch,RB,15,154.20000000000002,68.4,1.0104502656250005,5.720000000000001,36.6,37.6,42.6,40.1,37.6,0.3804599359375,85,21
2017,00-0023500,Frank Gore,RB,16,159.1,69.1,0.99874446875,5.625,36.6875,37.6875,42.6875,40.1875,37.6875,0.381416982421875,86,22
2017,00-0026986,Michael Crabtree,WR,13,142.8,67.4,0.9798452578125004,5.800000000000001,46.0,47.0,52.0,49.5,47.0,0.3971406219951923,87,23
2017,00-0028009,DeMarco Murray,RB,15,152.0,64.55,0.9621932265625,5.83,36.333333333333336,37.333333333333336,42.333333333333336,39.833333333333336,37.333333333333336,0.3826657026041666,88,23
2017,00-0024226,Jay Cutler,QB,14,185.84,65.30999999999999,0.9436383359375,8.609285714285715,24.0,25.0,30.0,27.5,25.0,0.344405734375,89,28
2017,00-0032392,Austin Hooper,TE,16,144.1,60.7,0.93988303125,5.2125,25.25,26.25,31.25,28.75,26.25,0.3849662651367187,90,16
2017,00-0031549,Nelson Agholor,WR,16,156.5,62.15,0.9127617656250004,5.8968750000000005,45.5625,46.5625,51.5625,49.0625,46.5625,0.3989042045898437,91,24
2017,00-0030431,Robert Woods,WR,12,135.3,63.5,0.910770203125,5.983333333333333,46.333333333333336,47.333333333333336,52.333333333333336,49.833333333333336,47.333333333333336,0.4008678561197916,92,25
2017,00-0024221,Vernon Davis,TE,16,143.3,59.9,0.9063459609375,5.2125,25.25,26.25,31.25,28.75,26.25,0.3849662651367187,93,17
2017,00-0031376,Jerick McKinnon,RB,16,152.6,62.25,0.905049515625,5.6468750000000005,37.0625,38.0625,43.0625,40.5625,38.0625,0.3812602416992187,94,24
2017,00-0032214,Tyler Kroft,TE,16,145.4,61.150000000000006,0.8978209921875001,5.265625,25.25,26.25,31.25,28.75,26.25,0.3853556977539062,95,18
2017,00-0030513,Latavius Murray,RB,16,150.0,59.65,0.8841097656250001,5.6468750000000005,37.0625,38.0625,43.0625,40.5625,38.0625,0.3812602416992187,96,25
2017,00-0031418,Austin Seferian-Jenkins,TE,13,126.7,58.5,0.8824861796875003,5.246153846153846,25.53846153846154,26.53846153846154,31.53846153846154,29.03846153846154,26.53846153846154,0.3845833641826923,97,19
2017,00-0033936,C.J. Beathard,QB,6,100.8,60.81999999999999,0.8756266171874998,6.663333333333334,24.0,25.0,29.83333333333333,27.416666666666668,25.0,0.323826859375,98,29
2017,00-0027902,Dez Bryant,WR,16,151.9,57.15,0.8277005468750002,5.921875,46.0625,47.0625,52.0625,49.5625,47.0625,0.3989293950195312,100,26
2017,00-0033908,Cooper Kupp,WR,15,145.9,55.75,0.8238983046875001,6.010000000000001,46.06666666666667,47.06666666666667,52.06666666666667,49.56666666666667,47.06666666666667,0.4007611817708333,102,27
2017,00-0030288,Rex Burkhead,RB,10,114.8,58.75,0.8234568124999999,5.605,37.5,38.5,43.5,41.0,38.5,0.3870351546875,103,26
2017,00-0031577,Javorius Allen,RB,16,143.1,54.55,0.7965866328125002,5.534375000000001,36.9375,37.9375,42.9375,40.4375,37.9375,0.3805652719726562,105,27
2017,00-0033288,George Kittle,TE,15,128.0,48.85,0.7620150703125003,5.276666666666667,25.6,26.6,31.6,29.1,26.6,0.38431789375,106,20
2017,00-0031544,Amari Cooper,WR,14,134.4,52.0,0.7590876250000002,5.885714285714286,45.92857142857143,46.92857142857143,51.92857142857143,49.42857142857143,46.92857142857143,0.39951175,107,28
2017,00-0030085,Kenny Stills,WR,16,145.7,51.69999999999999,0.758559890625,5.875,45.6875,46.6875,51.6875,49.1875,46.6875,0.3981735551757812,108,29
2017,00-0029608,T.Y. Hilton,WR,16,147.1,52.2,0.7516713593750002,5.93125,45.8125,46.8125,51.8125,49.3125,46.8125,0.3991454892578125,109,30
2017,00-0028064,Bilal Powell,RB,15,133.7,48.75,0.7408613359374998,5.663333333333333,36.6,37.6,42.6,40.1,37.6,0.3832789979166666,110,28
2017,00-0029159,Jermaine Kearse,WR,16,143.5,48.6,0.728737765625,5.93125,45.8125,46.8125,51.8125,49.3125,46.8125,0.3991454892578125,111,31
2017,00-0029632,Mohamed Sanu,WR,15,140.84,51.79,0.7213910312500003,5.936666666666667,46.0,47.0,52.0,49.5,47.0,0.3985725369791666,112,32
2017,00-0031590,Jay Ajayi,RB,14,123.1,45.2,0.6853417109375004,5.564285714285715,36.92857142857143,37.92857142857143,42.92857142857143,40.42857142857143,37.92857142857143,0.3813078833705357,113,29
2017,00-0032385,Sterling Shepard,WR,11,115.0,47.25,0.6696266406250002,6.159090909090909,46.45454545454545,47.45454545454545,52.45454545454545,49.95454545454545,47.45454545454545,0.4014905511363636,115,33
2017,00-0030860,Orleans Darkwa,RB,15,128.2,42.65,0.665619671875,5.703333333333334,36.46666666666667,37.46666666666667,42.46666666666667,39.96666666666667,37.46666666666667,0.3821744322916666,116,30
2017,00-0029580,Rishard Matthews,WR,14,129.70000000000002,46.35,0.6645835625000002,5.953571428571429,46.35714285714285,47.35714285714285,52.35714285714285,49.85714285714285,47.35714285714285,0.3982825385044642,117,34
2017,00-0033897,Joe Mixon,RB,14,126.3,48.85,0.6638164531249999,5.5321428571428575,36.642857142857146,37.642857142857146,42.642857142857146,40.142857142857146,37.642857142857146,0.3841891612723214,118,31
2017,00-0025396,Ted Ginn,WR,15,133.10000000000002,44.5,0.6636785937500005,5.906666666666667,45.73333333333333,46.73333333333333,51.73333333333333,49.23333333333333,46.73333333333333,0.3981703979166667,119,35
2017,00-0032135,Jesse James,TE,14,119.7,45.900000000000006,0.661919671875,5.271428571428571,25.0,26.0,31.0,28.5,26.0,0.3855022388392857,120,21
2017,00-0028067,Julius Thomas,TE,14,118.3,45.2,0.66113746875,5.221428571428571,25.714285714285715,26.714285714285715,31.714285714285715,29.214285714285715,26.714285714285715,0.3822486891741071,121,22
2017,00-0030068,Marquise Goodwin,WR,16,140.6,45.7,0.6573371875,5.93125,45.8125,46.8125,51.8125,49.3125,46.8125,0.3991454892578125,122,36
2017,00-0028002,Randall Cobb,WR,14,126.4,44.6,0.6530730781250003,5.842857142857143,46.21428571428572,47.21428571428572,52.21428571428572,49.71428571428572,47.21428571428572,0.3992766540178571,123,37
2017,00-0031431,Marqise Lee,WR,13,119.9,41.64999999999999,0.6367699687499999,6.019230769230769,46.15384615384615,47.15384615384615,52.15384615384615,49.65384615384615,47.15384615384615,0.3994174164663461,124,38
2017,00-0033879,O.J. Howard,TE,13,114.2,45.75,0.633340515625,5.265384615384615,25.846153846153847,26.846153846153847,31.846153846153847,29.346153846153847,26.846153846153847,0.3829414537259615,125,23
2017,00-0030456,Giovani Bernard,RB,16,130.2,40.15,0.6316238593750002,5.628125000000001,36.6875,37.6875,42.6875,40.1875,37.6875,0.3828518081054687,126,32
2017,00-0033948,Jamaal Williams,RB,15,130.3,42.99999999999999,0.6013384218750002,5.820000000000001,36.333333333333336,37.333333333333336,42.333333333333336,39.833333333333336,37.333333333333336,0.3828989078124999,128,33
2017,00-0030472,Jordan Reed,TE,6,73.6,41.15,0.60107440625,5.408333333333334,26.666666666666668,27.666666666666668,32.666666666666664,30.166666666666668,27.666666666666668,0.3778811471354166,129,24
2017,00-0032764,Derrick Henry,RB,16,129.5,37.15,0.59709821875,5.7718750000000005,36.4375,37.4375,42.4375,39.9375,37.4375,0.3810606479492187,130,34
2017,00-0033127,Will Fuller,WR,10,99.2,42.3,0.5927300703125002,5.69,45.7,46.7,51.7,49.2,46.7,0.3979933171875,131,39
2017,00-0031941,Jamison Crowder,WR,15,133.3,43.65,0.5881271171875002,5.976666666666668,45.53333333333333,46.53333333333333,51.53333333333333,49.03333333333333,46.53333333333333,0.3983138494791666,132,40
2017,00-0033118,Kenyan Drake,RB,16,126.3,36.95,0.5551053593750002,5.5843750000000005,36.8125,37.8125,42.8125,40.3125,37.8125,0.3803354077148437,133,35
2017,00-0030107,Theo Riddick,RB,16,127.5,37.24999999999999,0.5496722109375,5.640625,36.75,37.75,42.75,40.25,37.75,0.3807722250976562,134,36
2017,00-0028237,Chris Hogan,WR,9,92.6,37.7,0.5479977343749999,6.1,45.44444444444444,46.44444444444444,51.44444444444444,48.94444444444444,46.44444444444444,0.4009089305555555,135,41
2017,00-0026184,Matt Forte,RB,12,101.9,35.55,0.5468541875000001,5.529166666666668,37.16666666666666,38.16666666666666,43.16666666666666,40.66666666666666,38.16666666666666,0.3827958951822916,136,37
2017,00-0030656,Isaiah Crowell,RB,16,129.5,39.15,0.5464579531250002,5.6468750000000005,37.0625,38.0625,43.0625,40.5625,38.0625,0.3812602416992187,137,38
2017,00-0026901,Mike Wallace,WR,15,125.2,35.6,0.5405349062500002,5.973333333333334,45.8,46.8,51.8,49.3,46.8,0.3991454213541666,138,42
2017,00-0032104,Ameer Abdullah,RB,14,111.9,34.4,0.5174877109375,5.535714285714286,36.21428571428572,37.21428571428572,42.21428571428572,39.71428571428572,37.21428571428572,0.3805281037946428,139,39
2017,00-0031325,Sammy Watkins,WR,15,126.8,36.65,0.5168123984375,6.010000000000001,46.06666666666667,47.06666666666667,52.06666666666667,49.56666666666667,47.06666666666667,0.4007611817708333,140,43
2017,00-0033893,Dalvin Cook,RB,4,59.900000000000006,34.5,0.4964774062500001,6.3500000000000005,35.0,36.0,41.0,38.5,36.0,0.380921958984375,141,40
2017,00-0032200,Ty Montgomery,WR,8,80.10000000000001,31.200000000000003,0.4918901250000001,6.112500000000001,46.5,47.5,52.5,50.0,47.5,0.399853609375,143,44
2017,00-0031235,Odell Beckham Jr.,WR,4,61.5,34.849999999999994,0.4904248281250001,6.6625,46.5,47.5,52.5,50.0,47.5,0.404153328125,144,45
2017,00-0033556,Tarik Cohen,RB,16,119.64,29.29,0.4465438359375001,5.6468750000000005,37.0625,38.0625,43.0625,40.5625,38.0625,0.3812602416992187,145,41
2017,00-0026189,DeSean Jackson,WR,14,113.6,30.9,0.4454504531250002,5.9071428571428575,45.71428571428572,46.71428571428572,51.71428571428572,49.21428571428572,46.71428571428572,0.3986893582589285,146,46
2017,00-0031257,Paul Richardson,WR,16,128.3,33.55,0.4439272734375,5.921875,46.0625,47.0625,52.0625,49.5625,47.0625,0.3989293950195312,147,47
2017,00-0026176,Jordy Nelson,WR,14,110.7,27.05,0.4196671015625001,5.9750000000000005,46.07142857142857,47.07142857142857,52.07142857142857,49.57142857142857,47.07142857142857,0.4009504921875,148,48
2017,00-0033885,David Njoku,TE,16,110.7,27.2,0.4047349531250001,5.21875,25.3125,26.3125,31.3125,28.8125,26.3125,0.383406056640625,150,25
2017,00-0031062,James White,RB,14,106.0,26.199999999999992,0.4035739453125002,5.700000000000001,36.85714285714285,37.85714285714285,42.85714285714285,40.35714285714285,37.85714285714285,0.3837930016741072,151,42
2017,00-0026201,Martellus Bennett,TE,9,73.60000000000001,26.4,0.3998311093749999,5.2444444444444445,26.22222222222222,27.22222222222222,32.22222222222222,29.72222222222222,27.22222222222222,0.3769105720486111,152,26
2017,00-0031359,Kelvin Benjamin,WR,14,108.6,25.35,0.3941479843749999,5.946428571428571,45.85714285714285,46.85714285714285,51.85714285714285,49.35714285714285,46.85714285714285,0.3982565608258928,153,49
2017,00-0027125,Zach Miller,TE,8,65.6,22.75,0.3643006484374999,5.35625,26.5,27.5,32.5,30.0,27.5,0.3775242529296875,157,27
2017,00-0031547,DeVante Parker,WR,13,101.5,23.3,0.3569811718750003,6.015384615384615,46.38461538461539,47.38461538461539,52.38461538461539,49.88461538461539,47.38461538461539,0.3985136832932692,158,50
2017,00-0027675,Ed Dickson,TE,14,94.7,22.05,0.3539593749999999,5.189285714285715,25.642857142857142,26.642857142857142,31.642857142857142,29.142857142857142,26.642857142857142,0.3830313091517857,159,28
2017,00-0027873,Jermaine Gresham,TE,14,93.7,21.55,0.3347800234374998,5.153571428571429,25.357142857142858,26.357142857142858,31.357142857142858,28.857142857142858,26.357142857142858,0.3858281149553572,160,29
2017,00-0032160,Tyrell Williams,WR,16,116.3,20.95,0.3291254453125004,5.9593750000000005,45.625,46.625,51.625,49.125,46.625,0.3986868754882812,161,51
2017,00-0029697,Coby Fleener,TE,11,74.5,16.5,0.2818979843749999,5.2727272727272725,25.727272727272727,26.727272727272727,31.727272727272727,29.227272727272727,26.727272727272727,0.383695073153409,169,30
2017,00-0030710,Trey Burton,TE,14,91.3,19.8,0.2603416562499998,5.107142857142857,25.357142857142858,26.357142857142858,31.357142857142858,28.857142857142858,26.357142857142858,0.3821191467633928,172,31
2018,00-0033873,Patrick Mahomes,QB,16,441.08,305.46000000000004,3.982965070312501,8.47625,24.0,25.0,30.0,27.5,25.0,0.3364407934570312,1,1
2018,00-0032241,Todd Gurley,RB,14,342.6,259.15,3.4748662890625,5.960714285714286,34.642857142857146,35.642857142857146,40.642857142857146,38.142857142857146,35.642857142857146,0.3733179475446428,2,1
2018,00-0030506,Travis Kelce,TE,16,346.1,258.05,3.3427600234375,5.503125,24.625,25.625,30.625,28.125,25.625,0.3942114194335937,3,1
2018,00-0034844,Saquon Barkley,RB,16,340.3,243.55,3.2411935390625,6.046875,34.6875,35.6875,40.6875,38.1875,35.6875,0.3738901284179687,4,2
2018,00-0030061,Zach Ertz,TE,16,338.3,248.25,3.1775043984375,5.628125,24.6875,25.6875,30.6875,28.1875,25.6875,0.3950948969726562,5,2
2018,00-0033280,Christian McCaffrey,RB,16,332.0,236.45,3.1261416796875,5.971875,35.0625,36.0625,41.0625,38.5625,36.0625,0.3764572861328125,6,3
2018,00-0026143,Matt Ryan,QB,16,368.46,231.40000000000003,3.076003671875,8.56625,24.0,25.0,30.0,27.5,25.0,0.3370222573242187,7,2
2018,00-0022924,Ben Roethlisberger,QB,16,373.36,234.86,3.0603107578125,8.65625,24.0,25.0,30.0,27.5,25.0,0.3369519301757812,8,3
2018,00-0033906,Alvin Kamara,RB,15,313.70000000000005,223.15,2.8996039453125,6.036666666666666,35.0,36.0,41.0,38.5,36.0,0.3745262890624999,9,4
2018,00-0033537,Deshaun Watson,QB,16,349.7,210.29,2.8377136875,8.713125,24.0,25.0,30.0,27.5,25.0,0.3362537202148437,10,4
2018,00-0033288,George Kittle,TE,16,302.7,212.4,2.7611814296875,5.64375,24.625,25.625,30.625,28.125,25.625,0.3940196264648437,11,3
2018,00-0029668,Andrew Luck,QB,16,357.42,211.97,2.7533139765625,9.090625,24.0,25.0,30.0,27.5,25.0,0.3397637763671875,12,5
2018,00-0033045,Ezekiel Elliott,RB,15,290.6,198.75,2.568514640625,6.123333333333334,34.86666666666667,35.86666666666667,40.86666666666667,38.36666666666667,35.86666666666667,0.37749433125,13,5
2018,00-0033106,Jared Goff,QB,16,334.32,198.7,2.5631091796874994,8.47625,24.0,25.0,30.0,27.5,25.0,0.3364407934570312,14,6
2018,00-0027939,Cam Newton,QB,14,308.6,185.68,2.4905480312500003,8.78,24.0,25.0,30.0,27.5,25.0,0.3427022427455357,15,7
2018,00-0020531,Drew Brees,QB,15,314.48,182.8,2.3692713671875,8.778666666666668,24.0,25.0,30.0,27.5,25.0,0.3405988041666666,16,8
2018,00-0031381,Davante Adams,WR,15,274.1,175.95000000000002,2.3313523750000003,6.543333333333334,48.4,49.4,54.4,51.9,49.4,0.4013617640625,17,1
2018,00-0033553,James Conner,RB,13,252.5,175.45000000000002,2.317574921875,5.926923076923076,34.53846153846154,35.53846153846154,40.53846153846154,38.03846153846154,35.53846153846154,0.3743545372596154,18,6
2018,00-0032144,Melvin Gordon,RB,12,250.5,177.65,2.3086267109375003,6.070833333333334,34.25,35.25,40.25,37.75,35.25,0.37793475390625,19,7
2018,00-0030564,DeAndre Hopkins,WR,16,276.0,170.85000000000002,2.294622109375,6.571875,48.6875,49.6875,54.6875,52.1875,49.6875,0.3995525170898437,20,2
2018,00-0023459,Aaron Rodgers,QB,16,316.58,178.07999999999998,2.2824931953125,8.65625,24.0,25.0,30.0,27.5,25.0,0.3369519301757812,21,9
2018,00-0027793,Antonio Brown,WR,15,271.7,173.55,2.2668804296875003,6.543333333333334,48.4,49.4,54.4,51.9,49.4,0.4013617640625,22,3
2018,00-0029263,Russell Wilson,QB,16,312.92,174.42000000000002,2.2661123984375,8.65625,24.0,25.0,30.0,27.5,25.0,0.3369519301757812,23,10
2018,00-0022942,Philip Rivers,QB,16,309.02,171.96,2.2435870390625,8.56625,24.0,25.0,30.0,27.5,25.0,0.3370222573242187,24,11
2018,00-0033040,Tyreek Hill,WR,16,284.5,180.25,2.2266616484375,6.515625,48.6875,49.6875,54.6875,52.1875,49.6875,0.4019200869140625,25,4
2018,00-0029604,Kirk Cousins,QB,16,302.62,163.21,2.1682631796875,8.713125,24.0,25.0,30.0,27.5,25.0,0.3362537202148437,26,12
2018,00-0031387,Eric Ebron,TE,16,255.2,165.15,2.165869703125,5.628125,24.6875,25.6875,30.6875,28.1875,25.6875,0.3950948969726562,27,4
2018,00-0033869,Mitchell Trubisky,QB,14,287.02,171.76,2.153891796875,8.232857142857144,24.0,25.0,30.0,27.5,25.0,0.3321721077008929,28,13
2018,00-0027944,Julio Jones,WR,16,269.40000000000003,164.9,2.1414073515625,6.53125,48.5625,49.5625,54.5625,52.0625,49.5625,0.4023511430664062,29,5
2018,00-0019596,Tom Brady,QB,16,302.8,162.14,2.111843078125,8.79125,24.0,25.0,30.0,27.5,25.0,0.3370496118164062,30,14
2018,00-0033077,Dak Prescott,QB,16,301.90000000000003,164.84,2.1102710156249995,8.56625,24.0,25.0,30.0,27.5,25.0,0.3370222573242187,31,15
2018,00-0033923,Kareem Hunt,RB,11,217.2,152.8,1.99431934375,5.854545454545455,33.81818181818182,34.81818181818182,39.81818181818182,37.31818181818182,34.81818181818182,0.3704965653409091,32,8
2018,00-0030035,Adam Thielen,WR,16,250.8,145.65,1.9848284375,6.571875,48.6875,49.6875,54.6875,52.1875,49.6875,0.3995525170898437,33,6
2018,00-0034855,Baker Mayfield,QB,14,268.1,151.5,1.9703395859375,8.32857142857143,24.0,25.0,30.0,27.5,25.0,0.3345484983258928,34,16
2018,00-0032765,Michael Thomas,WR,16,253.0,148.9,1.91343996875,6.5062500000000005,48.3125,49.3125,54.3125,51.8125,49.3125,0.4016020825195312,35,7
2018,00-0031408,Mike Evans,WR,16,241.4,138.05,1.9120736484375005,6.4593750000000005,48.5,49.5,54.5,52.0,49.5,0.4002923569335937,36,8
2018,00-0033897,Joe Mixon,RB,14,221.9,138.3,1.8992593984375,5.971428571428572,35.142857142857146,36.142857142857146,41.142857142857146,38.642857142857146,36.142857142857146,0.3757517036830357,37,9
2018,00-0031062,James White,RB,16,233.1,135.8,1.8214400546875,6.08125,35.0,36.0,41.0,38.5,36.0,0.3752920380859375,38,10
2018,00-0033857,JuJu Smith-Schuster,WR,16,241.4,136.45000000000002,1.8008863984375003,6.559375,48.4375,49.4375,54.4375,51.9375,49.4375,0.4009281953125,39,9
2018,00-0027061,Jared Cook,TE,16,227.6,137.15,1.7672421953125002,5.653125,24.6875,25.6875,30.6875,28.1875,25.6875,0.3959859321289062,40,5
2018,00-0031503,Jameis Winston,QB,11,223.78,130.06,1.7172622578125,8.52,24.0,25.0,30.0,27.5,25.0,0.3385376086647727,41,17
2018,00-0023682,Ryan Fitzpatrick,QB,8,189.84,123.75,1.6285750625,8.26125,24.0,25.0,30.0,27.5,25.0,0.32723246875,42,18
2018,00-0034857,Josh Allen,QB,12,230.86,116.3,1.6269396718749998,9.546666666666669,24.0,25.0,30.0,27.5,25.0,0.3402346940104166,43,19
2018,00-0032187,David Johnson,RB,16,221.6,124.85,1.6174904296875,6.046875,34.6875,35.6875,40.6875,38.1875,35.6875,0.3738901284179687,44,11
2018,00-0030431,Robert Woods,WR,16,222.6,118.35,1.593299375,6.515625,48.6875,49.6875,54.6875,52.1875,49.6875,0.4019200869140625,45,10
2018,00-0031588,Stefon Diggs,WR,15,215.3,115.55,1.5702258828124998,6.65,48.8,49.8,54.8,52.3,49.8,0.3979626395833333,46,11
2018,00-0031235,Odell Beckham Jr.,WR,12,193.84,115.99,1.537404296875,6.487500000000001,49.0,50.0,55.0,52.5,50.0,0.3966653320312499,47,12
2018,00-0022803,Eli Manning,QB,16,261.96,116.51,1.51630875,9.090625,24.0,25.0,30.0,27.5,25.0,0.3397637763671875,48,20
2018,00-0034109,Phillip Lindsay,RB,15,205.3,113.85,1.5141872968749996,6.096666666666667,34.6,35.6,40.6,38.1,35.6,0.3746961526041666,49,12
2018,00-0033594,Chris Carson,RB,14,191.4,106.2,1.4946100781249998,6.085714285714286,34.92857142857143,35.92857142857143,40.92857142857143,38.42857142857143,35.92857142857143,0.3780465831473214,50,13
2018,00-0030279,Keenan Allen,WR,15,211.6,113.25,1.4507451796875,6.556666666666668,48.73333333333333,49.73333333333333,54.73333333333333,52.23333333333333,49.73333333333333,0.4019135557291667,51,13
2018,00-0029608,T.Y. Hilton,WR,14,201.0,109.6,1.4284923203125002,6.528571428571429,48.35714285714285,49.35714285714285,54.35714285714285,51.85714285714285,49.35714285714285,0.3992788080357142,52,14
2018,00-0032392,Austin Hooper,TE,16,198.5,108.3,1.4071604218749998,5.6375,24.5625,25.5625,30.5625,28.0625,25.5625,0.3957870556640625,53,6
2018,00-0033556,Tarik Cohen,RB,16,198.44,103.49,1.395920078125,5.934375,34.8125,35.8125,40.8125,38.3125,35.8125,0.3745698764648437,54,14
2018,00-0032950,Carson Wentz,QB,11,207.16,107.82,1.3915804296874998,9.030909090909091,24.0,25.0,30.0,27.5,25.0,0.3402631328125,55,21
2018,00-0033951,Marlon Mack,RB,12,169.6,99.55,1.3872412578125002,5.8375,35.166666666666664,36.16666666666666,41.16666666666666,38.66666666666666,36.16666666666666,0.3742560924479166,56,15
2018,00-0031236,Brandin Cooks,WR,15,203.2,106.25,1.3744721953125,6.463333333333334,48.66666666666666,49.66666666666666,54.66666666666666,52.16666666666666,49.66666666666666,0.4012261375,57,15
2018,00-0028986,Case Keenum,QB,16,244.9,105.49,1.37013965625,8.713125,24.0,25.0,30.0,27.5,25.0,0.3362537202148437,58,22
2018,00-0033009,Tyler Boyd,WR,14,183.1,92.2,1.302928953125,6.492857142857143,48.57142857142857,49.57142857142857,54.57142857142857,52.07142857142857,49.57142857142857,0.3986433789062499,59,16
2018,00-0031280,Derek Carr,QB,16,236.26,97.76,1.2856381875,8.65625,24.0,25.0,30.0,27.5,25.0,0.3369519301757812,60,23
2018,00-0027981,Kyle Rudolph,TE,16,183.4,93.95,1.2727537890624998,5.590625,24.6875,25.6875,30.6875,28.1875,25.6875,0.3943700854492187,61,7
2018,00-0026498,Matthew Stafford,QB,16,234.18,95.78,1.261551140625,8.65,24.0,25.0,30.0,27.5,25.0,0.3381850327148437,62,24
2018,00-0027150,Julian Edelman,WR,12,170.42000000000002,93.12,1.2405166953125,6.441666666666667,47.75,48.75,53.75,51.25,48.75,0.405462171875,63,17
2018,00-0027973,Andy Dalton,QB,11,196.54,93.12,1.2253428515625,9.401818181818182,24.0,25.0,30.0,27.5,25.0,0.3351637812499999,64,25
2018,00-0032211,Tyler Lockett,WR,16,193.9,88.94999999999999,1.2077908593750002,6.559375,48.4375,49.4375,54.4375,51.9375,49.4375,0.4009281953125,65,18
2018,00-0032764,Derrick Henry,RB,16,193.86,96.61,1.205330171875,6.078125,34.875,35.875,40.875,38.375,35.875,0.3781012509765625,66,16
2018,00-0033881,Evan Engram,TE,11,148.8,87.5,1.1961151640625,5.572727272727273,24.727272727272727,25.727272727272727,30.727272727272727,28.227272727272727,25.727272727272727,0.3972164644886364,67,8
2018,00-0033118,Kenyan Drake,RB,16,179.70000000000002,82.4,1.168673234375,6.08125,35.0,36.0,41.0,38.5,36.0,0.3752920380859375,68,17
2018,00-0033885,David Njoku,TE,15,171.9,86.3,1.167579125,5.706666666666667,24.53333333333333,25.53333333333333,30.53333333333333,28.03333333333333,25.53333333333333,0.39488431875,69,9
2018,00-0025394,Adrian Peterson,RB,16,179.0,83.45,1.1660307343749996,5.971875,35.0625,36.0625,41.0625,38.5625,36.0625,0.3764572861328125,70,18
2018,00-0027685,Emmanuel Sanders,WR,12,162.72,84.97,1.1610427734375002,6.479166666666667,49.083333333333336,50.083333333333336,55.083333333333336,52.583333333333336,50.083333333333336,0.3966014915364583,71,19
2018,00-0030710,Trey Burton,TE,16,174.1,84.5,1.1371510312500002,5.6000000000000005,24.6875,25.6875,30.6875,28.1875,25.6875,0.3960648447265625,72,10
2018,00-0033879,O.J. Howard,TE,10,137.5,82.4,1.1311668828125006,5.51,24.8,25.8,30.8,28.3,25.8,0.39360863515625,73,11
2018,00-0034869,Sam Darnold,QB,13,198.1,84.89,1.1183299296875,8.708461538461538,24.0,25.0,30.0,27.5,25.0,0.3331833798076923,74,26
2018,00-0034791,Nick Chubb,RB,16,184.5,87.2,1.11250034375,6.08125,35.0,36.0,41.0,38.5,36.0,0.3752920380859375,75,19
2018,00-0033293,Aaron Jones,RB,12,158.4,88.39999999999999,1.1080993515625002,5.833333333333333,35.083333333333336,36.083333333333336,41.083333333333336,38.583333333333336,36.083333333333336,0.3698216953125,76,20
2018,00-0029615,Lamar Miller,RB,14,160.1,77.4,1.0794163828124996,5.9071428571428575,34.57142857142857,35.57142857142857,40.57142857142857,38.07142857142857,35.57142857142857,0.3730565401785714,77,21
2018,00-0032058,Tevin Coleman,RB,16,177.6,80.35,1.076005671875,6.078125,34.875,35.875,40.875,38.375,35.875,0.3781012509765625,78,22
2018,00-0033319,Nick Mullens,QB,8,143.48000000000002,82.03999999999999,1.0523086328124998,7.68,24.0,25.0,30.0,27.5,25.0,0.3415586865234375,79,27
2018,00-0027656,Rob Gronkowski,TE,13,154.70000000000002,79.15,1.0460537890625,5.811538461538461,24.76923076923077,25.76923076923077,30.76923076923077,28.26923076923077,25.76923076923077,0.3946617121394231,80,12
2018,00-0032780,Jordan Howard,RB,16,170.0,75.05000000000001,1.0307890468749998,5.934375,34.8125,35.8125,40.8125,38.3125,35.8125,0.3745698764648437,81,23
2018,00-0033932,Kenny Golladay,WR,15,172.1,74.8,1.0114495859375,6.486666666666667,48.266666666666666,49.266666666666666,54.266666666666666,51.766666666666666,49.266666666666666,0.4020805770833333,82,20
2018,00-0031407,Blake Bortles,QB,13,195.22,76.87,1.0104277968750002,9.103846153846153,24.0,25.0,30.0,27.5,25.0,0.3314498407451923,83,28
2018,00-0030472,Jordan Reed,TE,13,146.8,73.85000000000001,0.9882128515624996,5.611538461538462,24.615384615384617,25.615384615384617,30.615384615384617,28.115384615384617,25.615384615384617,0.3941729735576923,84,13
2018,00-0034837,Calvin Ridley,WR,16,174.8,70.3,0.982702,6.53125,48.5625,49.5625,54.5625,52.0625,49.5625,0.4023511430664062,85,21
2018,00-0030470,Vance McDonald,TE,15,158.0,73.0,0.97541990625,5.666666666666667,24.73333333333333,25.73333333333333,30.73333333333333,28.23333333333333,25.73333333333333,0.3947890744791667,86,14
2018,00-0031544,Amari Cooper,WR,15,178.0,79.20000000000002,0.9743732734375,6.586666666666668,48.46666666666667,49.46666666666667,54.46666666666667,51.96666666666667,49.46666666666667,0.4023641583333333,87,22
2018,00-0031382,Jarvis Landry,WR,16,176.62,71.12,0.9698882656250004,6.59375,48.375,49.375,54.375,51.875,49.375,0.4010206254882812,88,23
2018,00-0032268,Marcus Mariota,QB,14,191.42,76.21000000000001,0.963093171875,8.229285714285714,24.0,25.0,30.0,27.5,25.0,0.3372367924107143,89,29
2018,00-0027696,Jimmy Graham,TE,16,158.1,67.65,0.9214000781249998,5.653125,24.6875,25.6875,30.6875,28.1875,25.6875,0.3959859321289062,90,15
2018,00-0033893,Dalvin Cook,RB,11,132.0,64.75,0.9188907031249998,6.113636363636363,35.18181818181818,36.18181818181818,41.18181818181818,38.68181818181818,36.18181818181818,0.3815673089488636,91,24
2018,00-0029137,Alshon Jeffery,WR,13,152.8,68.5,0.9165997421874998,6.484615384615386,48.30769230769231,49.30769230769231,54.30769230769231,51.80769230769231,49.30769230769231,0.4032406075721154,92,24
2018,00-0027942,A.J. Green,WR,9,126.4,65.60000000000001,0.89991609375,6.755555555555556,49.44444444444444,50.44444444444444,55.44444444444444,52.94444444444444,50.44444444444444,0.3943171710069444,93,25
2018,00-0026158,Joe Flacco,QB,9,149.1,68.69999999999999,0.8903157734375,8.933333333333334,24.0,25.0,30.0,27.5,25.0,0.3279516640625,94,30
2018,00-0033699,Austin Ekeler,RB,14,149.3,65.45,0.8902504999999998,5.989285714285715,34.714285714285715,35.714285714285715,40.71428571428572,38.21428571428572,35.714285714285715,0.3781507712053572,95,25
2018,00-0033308,Matt Breida,RB,14,149.0,63.15000000000001,0.85096534375,6.132142857142857,34.857142857142854,35.857142857142854,40.85714285714285,38.35714285714285,35.857142857142854,0.3734358470982143,96,26
2018,00-0034349,Kerryon Johnson,RB,10,123.4,64.9,0.8375143828125,5.85,34.0,35.0,40.0,37.5,35.0,0.37056637734375,97,27
2018,00-0033536,Mike Williams,WR,16,158.7,54.2,0.8268232812499998,6.53125,48.5625,49.5625,54.5625,52.0625,49.5625,0.4023511430664062,98,26
2018,00-0032209,T.J. Yeldon,RB,14,145.6,61.5,0.8253762812499998,6.007142857142858,34.642857142857146,35.642857142857146,40.642857142857146,38.142857142857146,35.642857142857146,0.3708543599330357,99,28
2018,00-0033908,Cooper Kupp,WR,8,115.1,62.150000000000006,0.806233703125,6.61875,49.375,50.375,55.375,52.875,50.375,0.4002568046874999,100,27
2018,00-0027966,Mark Ingram,RB,12,132.0,63.05,0.7978379374999998,5.745833333333334,35.833333333333336,36.833333333333336,41.833333333333336,39.333333333333336,36.833333333333336,0.3750032194010417,101,29
2018,00-0033856,Leonard Fournette,RB,8,109.4,61.7,0.7954648203124998,5.9625,35.25,36.25,41.25,38.75,36.25,0.3724710458984375,103,30
2018,00-0034845,Sony Michel,RB,13,135.60000000000002,54.650000000000006,0.7443348671875001,6.226923076923077,34.92307692307692,35.92307692307692,40.92307692307692,38.42307692307692,35.92307692307692,0.3768513912259615,105,31
2018,00-0034766,Chris Herndon,TE,14,132.7,53.15,0.7236697109374998,5.682142857142857,24.714285714285715,25.714285714285715,30.714285714285715,28.214285714285715,25.714285714285715,0.3938407578125,106,16
2018,00-0030656,Isaiah Crowell,RB,13,130.20000000000002,51.70000000000001,0.7190362890624998,6.038461538461538,34.84615384615385,35.84615384615385,40.84615384615385,38.34615384615385,35.84615384615385,0.373996795673077,107,32
2018,00-0026189,DeSean Jackson,WR,12,130.8,54.2,0.7155163906250004,6.383333333333334,49.16666666666666,50.16666666666666,55.16666666666666,52.66666666666666,50.16666666666666,0.3980339036458333,108,28
2018,00-0033921,Chris Godwin Jr.,WR,16,155.70000000000002,52.35,0.7005314687499996,6.4593750000000005,48.5,49.5,54.5,52.0,49.5,0.4002923569335937,109,29
2018,00-0027891,Golden Tate,WR,15,145.9,47.2,0.6360208515625001,6.58,48.4,49.4,54.4,51.9,49.4,0.4001488427083333,110,30
2018,00-0033127,Will Fuller,WR,7,90.3,42.900000000000006,0.6308392812500003,6.771428571428572,50.142857142857146,51.142857142857146,56.142857142857146,53.642857142857146,51.142857142857146,0.3923627723214285,111,31
2018,00-0022921,Larry Fitzgerald,WR,16,151.18,45.93000000000001,0.6286436015625001,6.578125,48.625,49.625,54.625,52.125,49.625,0.3996003974609375,112,32
2018,00-0032741,Peyton Barber,RB,16,140.3,45.35,0.6256937890625001,5.934375,34.8125,35.8125,40.8125,38.3125,35.8125,0.3745698764648437,113,33
2018,00-0032009,Adam Humphries,WR,16,150.70000000000002,47.35,0.6073280624999999,6.4593750000000005,48.5,49.5,54.5,52.0,49.5,0.4002923569335937,114,33
2018,00-0029632,Mohamed Sanu,WR,16,149.4,44.9,0.6051792031250001,6.53125,48.5625,49.5625,54.5625,52.0625,49.5625,0.4023511430664062,115,34
2018,00-0032385,Sterling Shepard,WR,16,149.5,44.24999999999999,0.5935869140625001,6.578125,48.625,49.625,54.625,52.125,49.625,0.3996003974609375,116,35
2018,00-0025418,Greg Olsen,TE,9,93.6,46.25,0.5916343046875001,5.261111111111111,24.444444444444443,25.444444444444443,30.444444444444443,27.944444444444443,25.444444444444443,0.3962502456597222,117,17
2018,00-0033871,Corey Davis,WR,16,151.1,46.6,0.5836773828124999,6.53125,48.5625,49.5625,54.5625,52.0625,49.5625,0.4023511430664062,118,36
2018,00-0029293,Marvin Jones,WR,9,98.3,40.05,0.5708128437500001,6.472222222222222,49.0,50.0,55.0,52.5,50.0,0.3991361536458333,119,37
2018,00-0032426,Alex Collins,RB,10,101.1,41.7,0.5655478046874999,5.94,33.4,34.4,39.4,36.9,34.4,0.37082117265625,120,34
2018,00-0034365,Ian Thomas,TE,10,99.3,42.25,0.55972459375,5.705,24.7,25.7,30.7,28.2,25.7,0.39408164609375,121,18
2018,00-0030181,Jack Doyle,TE,6,73.5,39.05,0.5321482343749999,5.741666666666667,24.666666666666668,25.666666666666668,30.666666666666668,28.166666666666668,25.666666666666668,0.39955916796875,123,19
2018,00-0029664,Josh Gordon,WR,12,118.2,41.5,0.5256277421875002,6.391666666666667,47.91666666666666,48.91666666666666,53.91666666666666,51.41666666666666,48.91666666666666,0.403478728515625,124,38
2018,00-0032688,Robbie Chosen,WR,14,131.4,37.55,0.5163784687499999,6.703571428571429,48.57142857142857,49.57142857142857,54.57142857142857,52.07142857142857,49.57142857142857,0.4009124637276785,125,39
2018,00-0030669,Albert Wilson,WR,7,83.78,36.03,0.5040696015625001,6.821428571428571,50.285714285714285,51.285714285714285,56.285714285714285,53.785714285714285,51.285714285714285,0.3938061294642856,126,40
2018,00-0033839,Dede Westbrook,WR,16,142.5,37.25,0.5017962578124999,6.578125,48.625,49.625,54.625,52.125,49.625,0.3996003974609375,127,41
2018,00-0032134,C.J. Uzomah,TE,16,126.4,36.35,0.5013692578124996,5.628125,24.6875,25.6875,30.6875,28.1875,25.6875,0.3950948969726562,129,20
2018,00-0034753,Mark Andrews,TE,16,124.2,34.75,0.4901550078125,5.590625,24.6875,25.6875,30.6875,28.1875,25.6875,0.3943700854492187,130,21
2018,00-0031325,Sammy Watkins,WR,10,95.1,30.65000000000001,0.4839293437500001,6.445,49.8,50.8,55.8,53.3,50.8,0.39601093671875,131,42
2018,00-0031428,Allen Robinson,WR,13,125.8,40.8,0.4818763046875,6.538461538461538,48.61538461538461,49.61538461538461,54.61538461538461,52.11538461538461,49.61538461538461,0.4005741243990384,132,43
2018,00-0033282,Curtis Samuel,WR,13,119.3,36.85,0.4802673515625,6.342307692307693,48.0,49.0,54.0,51.5,49.0,0.4050940841346154,133,44
2018,00-0028434,Doug Baldwin,WR,13,116.8,33.2,0.4564967031249999,6.430769230769231,48.30769230769231,49.30769230769231,54.30769230769231,51.80769230769231,49.30769230769231,0.4031351189903845,134,45
2018,00-0034367,Nyheim Hines,RB,16,129.4,32.65,0.4343995859374998,6.046875,34.6875,35.6875,40.6875,38.1875,35.6875,0.3738901284179687,135,35
2018,00-0025399,Marshawn Lynch,RB,6,71.5,31.700000000000003,0.4336803437499998,6.633333333333334,32.833333333333336,33.833333333333336,38.833333333333336,36.333333333333336,33.833333333333336,0.3761064999999999,136,36
2018,00-0028087,Dion Lewis,RB,16,131.20000000000002,33.95,0.4327123671874998,6.078125,34.875,35.875,40.875,38.375,35.875,0.3781012509765625,137,37
2018,00-0022943,Benjamin Watson,TE,13,104.5,29.9,0.423858453125,5.738461538461539,24.615384615384617,25.615384615384617,30.615384615384617,28.115384615384617,25.615384615384617,0.3954846081730769,138,22
2018,00-0027874,Demaryius Thomas,WR,15,127.2,28.85,0.4185582421875005,6.556666666666668,48.66666666666666,49.66666666666666,54.66666666666666,52.16666666666666,49.66666666666666,0.3998943739583333,139,46
2018,00-0026176,Jordy Nelson,WR,15,125.2,25.4,0.4087690781250002,6.653333333333334,48.266666666666666,49.266666666666666,54.266666666666666,51.766666666666666,49.266666666666666,0.4009449395833332,141,47
2018,00-0034351,Dallas Goedert,TE,15,106.9,24.25,0.401110515625,5.510000000000001,24.73333333333333,25.73333333333333,30.73333333333333,28.23333333333333,25.73333333333333,0.3958973119791666,142,23
2018,00-0033891,Zay Jones,WR,16,137.2,31.7,0.3854384765625002,6.59375,48.375,49.375,54.375,51.875,49.375,0.4010206254882812,143,48
2018,00-0034827,DJ Moore,WR,16,131.5,28.1,0.3747187031250001,6.4625,48.375,49.375,54.375,51.875,49.375,0.4011063471679687,144,49
2018,00-0033295,Elijah McGuire,RB,8,76.4,28.85,0.3729846171874999,5.9437500000000005,36.875,37.875,42.875,40.375,37.875,0.382417734375,145,38
2018,00-0030513,Latavius Murray,RB,16,120.9,24.049999999999997,0.3712505234374998,6.0531250000000005,34.625,35.625,40.625,38.125,35.625,0.3754779584960938,146,39
2018,00-0031549,Nelson Agholor,WR,16,133.4,28.15,0.3689407265625002,6.578125,48.625,49.625,54.625,52.125,49.625,0.3996003974609375,147,50
2018,00-0034184,Gus Edwards,RB,11,88.80000000000001,25.85,0.3663220078125,5.722727272727273,35.36363636363637,36.36363636363637,41.36363636363637,38.86363636363637,36.36363636363637,0.3746187982954545,148,40
2018,00-0031273,Cameron Brate,TE,15,107.9,25.7,0.3576236093749998,5.48,24.73333333333333,25.73333333333333,30.73333333333333,28.23333333333333,25.73333333333333,0.3969319229166667,150,24
2018,00-0034775,Christian Kirk,WR,12,102.0,24.149999999999995,0.3483822109375002,6.487500000000001,49.0,50.0,55.0,52.5,50.0,0.3966653320312499,151,51
2018,00-0030549,Tyler Eifert,TE,4,46.400000000000006,21.4,0.2962229609375,6.25,25.25,26.25,31.25,28.75,26.25,0.393944796875,158,25
2018,00-0032227,Jeff Heuerman,TE,11,86.6,24.8,0.285041765625,5.618181818181818,24.818181818181817,25.818181818181817,30.818181818181817,28.318181818181817,25.818181818181817,0.3922936022727272,160,26
2018,00-0032160,Tyrell Williams,WR,15,117.3,19.200000000000003,0.2641540781250001,6.540000000000001,48.73333333333333,49.73333333333333,54.73333333333333,52.23333333333333,49.73333333333333,0.4034221760416666,162,52
2018,00-0031051,John Brown,WR,16,122.9,17.75,0.2547213828125001,6.571875,48.6875,49.6875,54.6875,52.1875,49.6875,0.3995525170898437,163,53
2018,00-0032626,Geronimo Allison,WR,5,52.3,17.950000000000003,0.25020540625,6.87,49.8,50.8,55.8,53.3,50.8,0.3860345390624999,164,54
2018,00-0032141,Geoff Swaim,TE,9,69.2,18.35,0.2476963203124999,5.65,24.666666666666668,25.666666666666668,30.666666666666668,28.166666666666668,25.666666666666668,0.3932797717013889,165,27
2018,00-0033895,Gerald Everett,TE,15,103.1,20.5,0.24341565625,5.506666666666667,24.666666666666668,25.666666666666668,30.666666666666668,28.166666666666668,25.666666666666668,0.3928962609375,166,28
2018,00-0024221,Vernon Davis,TE,13,88.2,14.15,0.2119982187499999,5.696153846153846,24.692307692307693,25.692307692307693,30.692307692307693,28.192307692307693,25.692307692307693,0.3979000180288461,169,29
2018,00-0033658,Blake Jarwin,TE,13,89.19999999999999,16.45,0.2024914062500001,5.596153846153846,24.615384615384617,25.615384615384617,30.615384615384617,28.115384615384617,25.615384615384617,0.3951142572115384,170,30
2018,00-0034159,Will Dissly,TE,4,39.6,14.599999999999998,0.19287096875,6.25,25.25,26.25,31.25,28.75,26.25,0.393944796875,173,31
2019,00-0033280,Christian McCaffrey,RB,16,413.2,317.6,4.0194599843750005,5.9750000000000005,35.4375,36.4375,41.4375,38.9375,36.4375,0.3816824072265625,1,1
2019,00-0034796,Lamar Jackson,QB,15,427.68,295.73,3.884577,8.796666666666665,24.0,25.0,29.8,27.4,25.0,0.3449860776041667,2,1
2019,00-0033077,Dak Prescott,QB,16,359.78000000000003,219.97,2.9310850078125004,8.738125,24.0,25.0,29.8125,27.40625,25.0,0.3445488588867187,3,2
2019,00-0031503,Jameis Winston,QB,16,365.36,223.03,2.9032058125,8.895625,24.0,25.0,29.8125,27.40625,25.0,0.3473062006835937,4,3
2019,00-0030506,Travis Kelce,TE,16,302.8,212.05,2.852032265625,5.671875,25.5,26.5,31.5,29.0,26.5,0.3888560131835937,5,1
2019,00-0033537,Deshaun Watson,QB,15,344.48,208.75,2.6356538984375,9.048666666666666,24.0,25.0,29.933333333333334,27.466666666666665,25.0,0.3482542567708334,6,4
2019,00-0032764,Derrick Henry,RB,15,285.6,196.25,2.605770953125,5.956666666666667,35.06666666666667,36.06666666666667,41.06666666666667,38.56666666666667,36.06666666666667,0.382832646875,7,2
2019,00-0033045,Ezekiel Elliott,RB,16,284.70000000000005,189.75,2.5674030078125,5.934375,35.25,36.25,41.25,38.75,36.25,0.3829208427734375,8,3
2019,00-0029263,Russell Wilson,QB,16,338.6,196.89,2.518540296875,8.856875,24.0,25.0,29.8125,27.40625,25.0,0.3491809213867187,9,5
2019,00-0032765,Michael Thomas,WR,16,300.1,197.75,2.5167979765625,6.3968750000000005,47.5625,48.5625,53.5625,51.0625,48.5625,0.401799609375,10,1
2019,00-0033293,Aaron Jones,RB,16,290.3,194.6,2.4423162109375003,5.98125,35.0,36.0,41.0,38.5,36.0,0.382595224609375,11,4
2019,00-0033893,Dalvin Cook,RB,14,265.90000000000003,181.9,2.3904663671875,6.000000000000001,35.214285714285715,36.21428571428572,41.21428571428572,38.71428571428572,36.21428571428572,0.3836534899553571,12,5
2019,00-0033288,George Kittle,TE,14,265.0,187.4,2.3758645546875,5.542857142857143,25.142857142857142,26.142857142857142,31.142857142857142,28.642857142857142,26.142857142857142,0.3914598041294643,13,2
2019,00-0031610,Darren Waller,TE,16,266.0,176.15,2.3270165781249994,5.615625,25.375,26.375,31.375,28.875,26.375,0.3903610629882812,14,3
2019,00-0030061,Zach Ertz,TE,15,259.6,176.15,2.297266890625,5.5633333333333335,25.33333333333333,26.33333333333333,31.33333333333333,28.83333333333333,26.33333333333333,0.3913980869791666,15,4
2019,00-0033873,Patrick Mahomes,QB,14,297.04,170.57999999999998,2.2313676640625,9.032857142857145,24.0,25.0,29.857142857142858,27.428571428571427,25.0,0.3452962427455356,16,6
2019,00-0033699,Austin Ekeler,RB,16,263.0,166.25,2.2220354296875,6.046875000000001,35.3125,36.3125,41.3125,38.8125,36.3125,0.3811856079101562,17,6
2019,00-0035228,Kyler Murray,QB,16,309.28,167.17,2.1954591328125,8.881875,24.0,25.0,29.8125,27.40625,25.0,0.3446835112304687,18,7
2019,00-0034857,Josh Allen,QB,16,306.56,163.14,2.1710335703125,8.963750000000001,24.0,25.0,29.8125,27.40625,25.0,0.3484385405273437,19,8
2019,00-0026143,Matt Ryan,QB,15,295.34000000000003,162.69,2.1004600234375,8.843333333333334,24.0,25.0,29.866666666666667,27.433333333333334,25.0,0.3457620588541666,20,9
2019,00-0034753,Mark Andrews,TE,15,239.2,155.85,2.0712238125,5.556666666666667,25.6,26.6,31.6,29.1,26.6,0.3911160640625,21,5
2019,00-0032392,Austin Hooper,TE,13,229.2,155.65,1.9873962890625,5.657692307692307,25.46153846153846,26.46153846153846,31.46153846153846,28.96153846153846,26.46153846153846,0.3916901159855769,22,6
2019,00-0032950,Carson Wentz,QB,16,289.86,146.27,1.938344328125,8.974375,24.0,25.0,29.9375,27.46875,25.0,0.3476127768554687,23,10
2019,00-0023459,Aaron Rodgers,QB,16,286.38,144.67,1.9131374296875,8.856875,24.0,25.0,29.8125,27.40625,25.0,0.3491809213867187,24,11
2019,00-0033106,Jared Goff,QB,16,279.52,138.38,1.8469456406250004,8.821250000000001,24.0,25.0,29.875,27.4375,25.0,0.3463043002929687,25,12
2019,00-0034791,Nick Chubb,RB,16,237.2,141.6,1.84632640625,5.9750000000000005,35.4375,36.4375,41.4375,38.9375,36.4375,0.3816824072265625,26,7
2019,00-0034844,Saquon Barkley,RB,13,218.1,139.95000000000002,1.833278546875,6.011538461538462,34.23076923076923,35.23076923076923,40.23076923076923,37.73076923076923,35.23076923076923,0.3816450126201923,27,8
2019,00-0033921,Chris Godwin Jr.,WR,14,233.1,142.65,1.810158765625,6.460714285714286,47.142857142857146,48.142857142857146,53.142857142857146,50.642857142857146,48.142857142857146,0.4007376171875,28,2
2019,00-0027966,Mark Ingram,RB,15,229.5,140.95,1.7946422265625,5.903333333333334,35.06666666666667,36.06666666666667,41.06666666666667,38.56666666666667,36.06666666666667,0.3851964338541666,29,9
2019,00-0023682,Ryan Fitzpatrick,QB,15,267.46000000000004,132.42000000000002,1.788394640625,9.002666666666666,24.0,25.0,29.8,27.4,25.0,0.3450941807291666,30,13
2019,00-0022942,Philip Rivers,QB,16,275.5,133.39,1.7784807578125,8.881875,24.0,25.0,29.8125,27.40625,25.0,0.3446835112304687,31,14
2019,00-0031345,Jimmy Garoppolo,QB,16,273.32,131.16000000000005,1.776420875,8.885,24.0,25.0,29.8125,27.40625,25.0,0.3462631015625,32,15
2019,00-0019596,Tom Brady,QB,16,279.68,136.09,1.765512828125,8.974375,24.0,25.0,29.9375,27.46875,25.0,0.3476127768554687,33,16
2019,00-0029701,Ryan Tannehill,QB,12,236.18,132.17000000000002,1.7568319843749998,8.6675,24.0,25.0,29.75,27.375,25.0,0.3451297805989583,34,17
2019,00-0034855,Baker Mayfield,QB,16,271.18,128.85000000000002,1.7364133984375,8.895625,24.0,25.0,29.8125,27.40625,25.0,0.3473062006835937,35,18
2019,00-0035710,Daniel Jones,QB,13,238.98,134.3,1.723614125,8.052307692307693,24.0,25.0,29.76923076923077,27.384615384615383,25.0,0.3430124513221154,36,19
2019,00-0027944,Julio Jones,WR,15,224.6,129.7,1.6970651874999998,6.326666666666667,47.6,48.6,53.6,51.1,48.6,0.40241685625,37,3
2019,00-0020531,Drew Brees,QB,11,232.76,128.08,1.67944171875,9.516363636363636,24.0,25.0,29.818181818181817,27.40909090909091,25.0,0.3516104552556818,38,20
2019,00-0033856,Leonard Fournette,RB,15,221.4,130.6,1.6747365156249998,6.053333333333334,35.13333333333333,36.13333333333333,41.13333333333333,38.63333333333333,36.13333333333333,0.3849373859375,39,10
2019,00-0033594,Chris Carson,RB,15,214.1,124.8,1.6367170624999998,5.953333333333334,34.8,35.8,40.8,38.3,35.8,0.3848491078125,40,11
2019,00-0029604,Kirk Cousins,QB,15,256.42,122.17,1.6156247812499998,8.95,24.0,25.0,29.8,27.4,25.0,0.3451297067708333,41,21
2019,00-0033906,Alvin Kamara,RB,14,208.02,123.47,1.5869850468749995,6.039285714285716,35.5,36.5,41.5,39.0,36.5,0.3833829319196428,42,12
2019,00-0033908,Cooper Kupp,WR,16,223.5,121.15,1.5840451328124994,6.3968750000000005,47.5625,48.5625,53.5625,51.0625,48.5625,0.401799609375,43,4
2019,00-0033932,Kenny Golladay,WR,16,215.5,112.9,1.5704395078124995,6.4125000000000005,47.5,48.5,53.5,51.0,48.5,0.4013331977539062,44,5
2019,00-0033110,Tyler Higbee,TE,14,194.9,116.35,1.5696029218749996,5.610714285714286,25.357142857142858,26.357142857142858,31.357142857142858,28.857142857142858,26.357142857142858,0.3932586936383929,45,7
2019,00-0030564,DeAndre Hopkins,WR,15,218.54,121.04,1.56678365625,6.5,47.53333333333333,48.53333333333333,53.53333333333333,51.03333333333333,48.53333333333333,0.402661609375,46,6
2019,00-0031280,Derek Carr,QB,16,260.36,116.94,1.5624342031249998,8.963750000000001,24.0,25.0,29.8125,27.40625,25.0,0.3484385405273437,47,22
2019,00-0032241,Todd Gurley,RB,15,203.9,112.7,1.548434125,6.08,35.06666666666667,36.06666666666667,41.06666666666667,38.56666666666667,36.06666666666667,0.384344634375,48,13
2019,00-0033897,Joe Mixon,RB,16,207.9,111.6,1.5387255781249995,6.018750000000001,35.125,36.125,41.125,38.625,36.125,0.3837662880859375,49,14
2019,00-0031547,DeVante Parker,WR,16,210.2,107.6,1.4876174999999996,6.4125000000000005,47.5,48.5,53.5,51.0,48.5,0.4013331977539062,50,7
2019,00-0031408,Mike Evans,WR,13,199.2,115.25,1.471051484375,6.457692307692308,47.15384615384615,48.15384615384615,53.15384615384615,50.65384615384615,48.15384615384615,0.4015969777644231,51,8
2019,00-0033090,Hunter Henry,TE,12,177.7,109.2,1.4636992031249998,5.708333333333333,25.83333333333333,26.83333333333333,31.83333333333333,29.33333333333333,26.83333333333333,0.3876945026041666,52,8
2019,00-0027061,Jared Cook,TE,14,189.0,109.3,1.4275466875,5.692857142857143,25.357142857142858,26.357142857142858,31.357142857142858,28.857142857142858,26.357142857142858,0.3908525217633928,53,9
2019,00-0035289,Gardner Minshew,QB,14,241.24,110.43,1.4150577265625,9.343571428571428,24.0,25.0,29.928571428571427,27.464285714285715,25.0,0.3520854302455357,54,23
2019,00-0030279,Keenan Allen,WR,16,209.5,105.70000000000002,1.4082530078124995,6.487500000000001,47.1875,48.1875,53.1875,50.6875,48.1875,0.4010792280273437,55,9
2019,00-0026498,Matthew Stafford,QB,8,176.56,107.16,1.4058072421875,8.675,24.0,25.0,29.875,27.4375,25.0,0.343339041015625,56,24
2019,00-0034869,Sam Darnold,QB,13,215.16,104.56,1.3942578515624997,8.507692307692308,24.0,25.0,29.76923076923077,27.384615384615383,25.0,0.3401447914663462,57,25
2019,00-0035700,Josh Jacobs,RB,13,181.6,105.95,1.368847734375,5.81923076923077,35.15384615384615,36.15384615384615,41.15384615384615,38.65384615384615,36.15384615384615,0.3852431243990384,58,15
2019,00-0033118,Kenyan Drake,RB,14,189.2,104.75,1.3675315546875,6.0321428571428575,35.214285714285715,36.21428571428572,41.21428571428572,38.71428571428572,36.21428571428572,0.3799978482142857,59,16
2019,00-0027973,Andy Dalton,QB,13,231.16,107.51,1.36222359375,9.511538461538462,24.0,25.0,30.0,27.5,25.0,0.3540650126201923,60,26
2019,00-0034577,Kyle Allen,QB,13,209.48,102.06,1.3513365390624998,8.263076923076923,24.0,25.0,29.76923076923077,27.384615384615383,25.0,0.3400138786057692,61,27
2019,00-0027150,Julian Edelman,WR,16,206.28,102.38,1.3425690546875,6.49375,47.4375,48.4375,53.4375,50.9375,48.4375,0.4020367104492187,62,10
2019,00-0031544,Amari Cooper,WR,16,207.0,104.85,1.3316856015624996,6.384375,47.25,48.25,53.25,50.75,48.25,0.4013782534179687,63,11
2019,00-0031428,Allen Robinson,WR,16,205.9,102.6,1.3104310390624998,6.456250000000001,47.5,48.5,53.5,51.0,48.5,0.4013253540039062,64,12
2019,00-0031381,Davante Adams,WR,12,171.20000000000002,92.6,1.2807884843750004,6.550000000000001,47.41666666666666,48.41666666666666,53.41666666666666,50.91666666666666,48.41666666666666,0.39904802734375,65,13
2019,00-0030431,Robert Woods,WR,15,187.9,91.95,1.2706489375,6.3966666666666665,47.8,48.8,53.8,51.3,48.8,0.4015563536458333,66,14
2019,00-0035243,Miles Sanders,RB,16,193.7,96.5,1.2688097421875,6.075,35.3125,36.3125,41.3125,38.8125,36.3125,0.3826779853515625,67,17
2019,00-0030496,Le'Veon Bell,RB,15,182.0,94.85,1.2598043671875,5.8100000000000005,34.93333333333333,35.93333333333333,40.93333333333333,38.43333333333333,35.93333333333333,0.381898853125,68,18
2019,00-0032144,Melvin Gordon,RB,12,159.8,89.8,1.249864703125,5.833333333333333,35.25,36.25,41.25,38.75,36.25,0.3777285638020833,69,19
2019,00-0034764,Michael Gallup,WR,14,179.70000000000002,91.5,1.2259578671875002,6.3,47.5,48.5,53.5,51.0,48.5,0.4007387890625,70,15
2019,00-0034351,Dallas Goedert,TE,15,173.7,89.4,1.2226984140625,5.62,25.33333333333333,26.33333333333333,31.33333333333333,28.83333333333333,26.33333333333333,0.3921997979166666,71,10
2019,00-0031382,Jarvis Landry,WR,16,195.9,93.0,1.2224626171875002,6.43125,47.1875,48.1875,53.1875,50.6875,48.1875,0.4010794252929687,72,16
2019,00-0033119,Jacoby Brissett,QB,15,229.18,90.47,1.2086363828124995,9.247333333333334,24.0,25.0,29.933333333333334,27.466666666666665,25.0,0.3513067609374999,73,28
2019,00-0034827,DJ Moore,WR,15,187.0,90.5,1.1990900859374998,6.433333333333334,47.266666666666666,48.266666666666666,53.266666666666666,50.766666666666666,48.266666666666666,0.4016405052083333,74,17
2019,00-0035676,A.J. Brown,WR,16,191.1,88.85,1.1895241406249994,6.390625,47.625,48.625,53.625,51.125,48.625,0.4014893662109375,75,18
2019,00-0032211,Tyler Lockett,WR,16,194.2,91.95,1.1781478906249998,6.390625,47.625,48.625,53.625,51.125,48.625,0.4014893662109375,76,19
2019,00-0033869,Mitchell Trubisky,QB,15,222.82,86.52000000000001,1.1658246953125002,9.086666666666668,24.0,25.0,29.8,27.4,25.0,0.3474146489583333,77,29
2019,00-0033951,Marlon Mack,RB,14,174.3,89.05,1.163291125,6.089285714285714,35.142857142857146,36.142857142857146,41.142857142857146,38.642857142857146,36.142857142857146,0.3825228962053572,78,20
2019,00-0034777,DJ Chark,WR,15,189.3,91.9,1.1623745390624998,6.493333333333334,47.46666666666667,48.46666666666667,53.46666666666667,50.96666666666667,48.46666666666667,0.4028680958333333,79,20
2019,00-0031051,John Brown,WR,15,183.82,86.92,1.153945484375,6.46,47.6,48.6,53.6,51.1,48.6,0.4019028291666667,80,21
2019,00-0022127,Jason Witten,TE,16,171.4,81.7,1.1427694921874998,5.60625,25.5,26.5,31.5,29.0,26.5,0.3907842924804687,81,11
2019,00-0034348,Courtland Sutton,WR,16,186.42,82.52,1.1242430546875002,6.49375,47.4375,48.4375,53.4375,50.9375,48.4375,0.4020367104492187,82,22
2019,00-0034837,Calvin Ridley,WR,13,165.5,82.1,1.1231615234375,6.415384615384616,47.61538461538461,48.61538461538461,53.61538461538461,51.11538461538461,48.61538461538461,0.4024833581730769,83,23
2019,00-0031588,Stefon Diggs,WR,15,182.6,85.2,1.1228055781249997,6.493333333333334,47.266666666666666,48.266666666666666,53.266666666666666,50.766666666666666,48.266666666666666,0.4016402947916667,84,24
2019,00-0033881,Evan Engram,TE,8,131.4,87.65,1.0934724921875,5.46875,24.875,25.875,30.875,28.375,25.875,0.3913902119140625,85,12
2019,00-0033040,Tyreek Hill,WR,12,159.3,82.55,1.0802975468750002,6.395833333333333,47.333333333333336,48.333333333333336,53.333333333333336,50.833333333333336,48.333333333333336,0.4008808098958333,86,25
2019,00-0034829,Mike Gesicki,TE,15,161.5,78.2,1.0652021015625,5.553333333333333,25.466666666666665,26.466666666666665,31.466666666666665,28.966666666666665,26.466666666666665,0.3884274453125,87,13
2019,00-0031062,James White,RB,15,166.20000000000002,75.60000000000001,1.0622885546875005,6.040000000000001,35.4,36.4,41.4,38.9,36.4,0.3813586916666666,88,21
2019,00-0031285,Devonta Freeman,RB,14,168.1,81.64999999999999,1.0604116875,6.175,35.07142857142857,36.07142857142857,41.07142857142857,38.57142857142857,36.07142857142857,0.3824430262276785,89,22
2019,00-0029293,Marvin Jones,WR,13,162.9,79.25,1.043647015625,6.434615384615385,47.53846153846154,48.53846153846154,53.53846153846154,51.03846153846154,48.53846153846154,0.4019093131009615,90,26
2019,00-0034109,Phillip Lindsay,RB,16,180.2,83.0,1.041704046875,6.075,35.3125,36.3125,41.3125,38.8125,36.3125,0.3826779853515625,91,23
2019,00-0025418,Greg Olsen,TE,14,149.7,72.95,0.9852941562499996,5.482142857142857,25.0,26.0,31.0,28.5,26.0,0.3897756356026786,92,14
2019,00-0031687,Raheem Mostert,RB,16,160.2,65.39999999999999,0.9684475703125002,5.925000000000001,34.8125,35.8125,40.8125,38.3125,35.8125,0.382542875,93,24
2019,00-0033009,Tyler Boyd,WR,16,177.9,75.55000000000001,0.9495742343750002,6.3968750000000005,47.5625,48.5625,53.5625,51.0625,48.5625,0.401799609375,94,27
2019,00-0035719,Deebo Samuel Sr.,WR,15,160.6,64.14999999999999,0.9467151640625,6.430000000000001,47.6,48.6,53.6,51.1,48.6,0.4009738192708333,95,28
2019,00-0035659,Terry McLaurin,WR,14,162.9,71.85,0.9165979453124998,6.503571428571429,48.0,49.0,54.0,51.5,49.0,0.4026614732142857,96,29
2019,00-0035250,Devin Singletary,RB,12,133.4,62.8,0.8762238437499998,5.883333333333334,34.25,35.25,40.25,37.75,35.25,0.3826569153645833,97,25
2019,00-0033553,James Conner,RB,10,128.5,66.55,0.8752736640625001,6.195,35.7,36.7,41.7,39.2,36.7,0.38496210078125,98,26
2019,00-0035685,David Montgomery,RB,16,157.9,61.85,0.8750215390625,6.003125000000001,35.125,36.125,41.125,38.625,36.125,0.38301154296875,99,27
2019,00-0031235,Odell Beckham Jr.,WR,16,166.3,63.4,0.8534263828124996,6.43125,47.1875,48.1875,53.1875,50.6875,48.1875,0.4010794252929687,100,30
2019,00-0030874,Damien Williams,RB,11,126.1,62.35,0.8481424765625001,5.795454545454546,35.0,36.0,41.0,38.5,36.0,0.3804212947443182,101,28
2019,00-0027891,Golden Tate,WR,11,129.70000000000002,63.85000000000001,0.8460784999999997,5.986363636363637,47.54545454545455,48.54545454545455,53.54545454545455,51.04545454545455,48.54545454545455,0.4031386981534091,102,31
2019,00-0033387,Jacob Hollister,TE,10,114.4,58.95,0.8040124609374999,5.545,25.8,26.8,31.8,29.3,26.8,0.39109649375,103,15
2019,00-0031941,Jamison Crowder,WR,16,158.70000000000002,56.5,0.7809819140625,6.3875,47.8125,48.8125,53.8125,51.3125,48.8125,0.4016634243164062,104,32
2019,00-0035640,DK Metcalf,WR,16,158.10000000000002,55.85,0.7649085625,6.390625,47.625,48.625,53.625,51.125,48.625,0.4014893662109375,105,33
2019,00-0029000,Cole Beasley,WR,15,151.3,54.400000000000006,0.7556368984375001,6.46,47.6,48.6,53.6,51.1,48.6,0.4019028291666667,106,34
2019,00-0035535,Darius Slayton,WR,14,146.0,58.74999999999999,0.7484374609375,6.232142857142857,47.21428571428572,48.21428571428572,53.21428571428572,50.71428571428572,48.21428571428572,0.4027696852678571,107,35
2019,00-0027981,Kyle Rudolph,TE,15,133.2,48.8,0.735453515625,5.626666666666667,25.6,26.6,31.6,29.1,26.6,0.3890592328125,108,16
2019,00-0027685,Emmanuel Sanders,WR,17,157.3,48.650000000000006,0.7078623906249998,6.391176470588236,47.41176470588236,48.41176470588236,53.41176470588236,50.91176470588236,48.41176470588236,0.4017222532169118,109,36
2019,00-0034816,Ronald Jones,RB,16,150.8,55.2,0.7027698984374999,5.9750000000000005,35.4375,36.4375,41.4375,38.9375,36.4375,0.3816824072265625,110,29
2019,00-0034159,Will Dissly,TE,6,85.39999999999999,51.8,0.6983352578124998,5.6000000000000005,24.666666666666668,25.666666666666668,30.666666666666668,28.166666666666668,25.666666666666668,0.3928799986979167,111,17
2019,00-0034988,Kaden Smith,TE,7,91.3,50.75,0.6918871484374999,5.792857142857143,25.857142857142858,26.857142857142858,31.857142857142858,29.357142857142858,26.857142857142858,0.3914209888392857,112,18
2019,00-0032780,Jordan Howard,RB,9,106.4,51.85,0.6791844687500003,6.061111111111112,35.22222222222222,36.22222222222222,41.22222222222222,38.72222222222222,36.22222222222222,0.3866322604166666,113,30
2019,00-0025394,Adrian Peterson,RB,15,138.5,47.9,0.6741817187500001,6.040000000000001,35.46666666666667,36.46666666666667,41.46666666666667,38.96666666666667,36.46666666666667,0.3822847026041666,114,31
2019,00-0030108,Ryan Griffin,TE,13,115.0,46.35,0.6623047734374998,5.280769230769232,25.46153846153846,26.46153846153846,31.46153846153846,28.96153846153846,26.46153846153846,0.3898859891826923,115,19
2019,00-0031045,Carlos Hyde,RB,16,148.2,50.99999999999999,0.6611353750000002,6.075,35.3125,36.3125,41.3125,38.8125,36.3125,0.3826779853515625,116,32
2019,00-0034845,Sony Michel,RB,16,146.6,49.39999999999999,0.6300196953125001,6.075,35.3125,36.3125,41.3125,38.8125,36.3125,0.3826779853515625,118,33
2019,00-0032187,David Johnson,RB,12,123.5,49.65,0.6290902343749998,6.154166666666668,34.916666666666664,35.916666666666664,40.91666666666666,38.41666666666666,35.916666666666664,0.3857394244791667,119,34
2019,00-0034775,Christian Kirk,WR,13,134.20000000000002,47.55,0.6157780859374999,6.665384615384616,47.07692307692308,48.07692307692308,53.07692307692308,50.57692307692308,48.07692307692308,0.3991723359375,120,37
2019,00-0030181,Jack Doyle,TE,16,133.3,43.45,0.6075123749999998,5.615625,25.375,26.375,31.375,28.875,26.375,0.3903610629882812,121,20
2019,00-0031387,Eric Ebron,TE,11,102.0,44.05,0.6063584843749998,5.2681818181818185,25.181818181818183,26.181818181818183,31.181818181818183,28.681818181818183,26.181818181818183,0.3921146811079545,122,21
2019,00-0032385,Sterling Shepard,WR,10,113.3,46.75,0.6001173124999998,6.655000000000001,47.3,48.3,53.3,50.8,48.3,0.40123061953125,123,38
2019,00-0033948,Jamaal Williams,RB,14,126.8,43.6,0.5910175703125002,5.942857142857143,34.57142857142857,35.57142857142857,40.57142857142857,38.07142857142857,35.57142857142857,0.3835913616071428,125,35
2019,00-0035644,Noah Fant,TE,16,131.0,41.2,0.5875490703124999,5.6125,25.25,26.25,31.25,28.75,26.25,0.3910486889648437,126,22
2019,00-0029137,Alshon Jeffery,WR,9,100.7,41.55,0.5765005859374999,6.572222222222223,46.888888888888886,47.888888888888886,52.888888888888886,50.388888888888886,47.888888888888886,0.4025034331597222,127,39
2019,00-0033282,Curtis Samuel,WR,16,144.7,41.8,0.5723633828124999,6.43125,47.1875,48.1875,53.1875,50.6875,48.1875,0.4010794252929687,128,40
2019,00-0033895,Gerald Everett,TE,12,108.3,44.6,0.5613537421874998,5.308333333333334,25.08333333333333,26.08333333333333,31.08333333333333,28.58333333333333,26.08333333333333,0.3927552923177084,129,23
2019,00-0030513,Latavius Murray,RB,16,140.2,43.9,0.54837346875,6.018750000000001,35.125,36.125,41.125,38.625,36.125,0.3837662880859375,130,36
2019,00-0029738,Darren Fells,TE,15,127.1,43.65,0.5453994609375001,5.5633333333333335,25.33333333333333,26.33333333333333,31.33333333333333,28.83333333333333,26.33333333333333,0.3913980869791666,131,24
2019,00-0033536,Mike Williams,WR,15,136.8,39.45,0.5450146015624999,6.49,47.6,48.6,53.6,51.1,48.6,0.4009736088541666,132,41
2019,00-0032058,Tevin Coleman,RB,14,124.9,43.89999999999999,0.5271356093749999,5.785714285714286,34.92857142857143,35.92857142857143,40.92857142857143,38.42857142857143,35.92857142857143,0.3804018604910714,133,37
2019,00-0032257,Duke Johnson,RB,16,132.0,34.8,0.5156472109375001,6.075,35.3125,36.3125,41.3125,38.8125,36.3125,0.3826779853515625,134,38
2019,00-0030549,Tyler Eifert,TE,16,128.1,38.55,0.5056269687499996,5.596875,25.3125,26.3125,31.3125,28.8125,26.3125,0.3912105366210937,135,25
2019,00-0033923,Kareem Hunt,RB,8,82.9,36.3,0.5023351093749999,5.825,35.125,36.125,41.125,38.625,36.125,0.3779481796875,136,39
2019,00-0033858,Jonnu Smith,TE,15,122.2,38.65,0.4943803046875001,5.569999999999999,25.466666666666665,26.466666666666665,31.466666666666665,28.966666666666665,26.466666666666665,0.3929641916666667,137,26
2019,00-0034414,Boston Scott,RB,9,86.9,33.8,0.492647046875,5.9,34.666666666666664,35.666666666666664,40.66666666666666,38.16666666666666,35.666666666666664,0.3802877769097222,138,40
2019,00-0029608,T.Y. Hilton,WR,10,102.6,38.0,0.4902774921875,6.460000000000001,49.1,50.1,55.1,52.6,50.1,0.40298013984375,139,42
2019,00-0032688,Robbie Chosen,WR,16,136.3,34.1,0.4886261718749998,6.3875,47.8125,48.8125,53.8125,51.3125,48.8125,0.4016634243164062,140,43
2019,00-0032160,Tyrell Williams,WR,13,122.1,37.0,0.4767311015625,6.546153846153847,47.46153846153846,48.46153846153846,53.46153846153846,50.96153846153846,48.46153846153846,0.4006605997596154,141,44
2019,00-0022921,Larry Fitzgerald,WR,16,139.9,36.1,0.4726095937499998,6.487500000000001,47.1875,48.1875,53.1875,50.6875,48.1875,0.4010792280273437,142,45
2019,00-0031273,Cameron Brate,TE,14,109.1,29.3,0.4445849843750001,5.7,25.071428571428573,26.071428571428573,31.071428571428573,28.571428571428573,26.071428571428573,0.3911546891741072,143,27
2019,00-0028002,Randall Cobb,WR,15,127.4,30.6,0.4309158984374999,6.453333333333334,47.333333333333336,48.333333333333336,53.333333333333336,50.833333333333336,48.333333333333336,0.4009319609375,144,46
2019,00-0034349,Kerryon Johnson,RB,8,80.0,29.849999999999994,0.4202872109375001,6.268750000000001,35.125,36.125,41.125,38.625,36.125,0.3831870234375,145,41
2019,00-0035229,T.J. Hockenson,TE,12,96.7,32.05,0.4129336562499998,5.3875,25.25,26.25,31.25,28.75,26.25,0.3889134264322917,146,28
2019,00-0027696,Jimmy Graham,TE,16,119.7,30.65000000000001,0.4098261171874998,5.565625,25.375,26.375,31.375,28.875,26.375,0.3917653081054688,147,29
2019,00-0032054,Breshad Perriman,WR,14,120.1,28.6,0.4053274062499999,6.535714285714286,47.35714285714285,48.35714285714285,53.35714285714285,50.85714285714285,48.35714285714285,0.4000893588169643,148,47
2019,00-0034983,Hunter Renfrow,WR,13,109.0,27.000000000000004,0.4008515312499998,6.307692307692308,47.76923076923077,48.76923076923077,53.76923076923077,51.26923076923077,48.76923076923077,0.4035017632211538,149,48
2019,00-0030470,Vance McDonald,TE,14,102.5,26.4,0.3957167890624998,5.435714285714285,25.285714285714285,26.285714285714285,31.285714285714285,28.785714285714285,26.285714285714285,0.3888219553571428,150,30
2019,00-0030035,Adam Thielen,WR,10,99.4,34.45,0.3926198593749999,6.495,47.6,48.6,53.6,51.1,48.6,0.40291219765625,152,49
2019,00-0032128,Chris Conley,WR,16,133.0,29.1,0.3759909062500002,6.49375,47.4375,48.4375,53.4375,50.9375,48.4375,0.4020367104492187,155,50
2019,00-0033839,Dede Westbrook,WR,15,123.7,26.1,0.3717244765625001,6.506666666666667,47.6,48.6,53.6,51.1,48.6,0.4021401874999999,156,51
2019,00-0035662,Marquise Brown,WR,14,123.4,32.349999999999994,0.369735140625,6.503571428571429,47.07142857142857,48.07142857142857,53.07142857142857,50.57142857142857,48.07142857142857,0.4001408510044643,157,52
2019,00-0033127,Will Fuller,WR,11,109.5,38.55,0.3500805078125001,6.45,48.09090909090909,49.09090909090909,54.09090909090909,51.59090909090909,49.09090909090909,0.4030171803977273,160,53
2020,00-0030506,Travis Kelce,TE,15,365.26,275.05,3.795892476562501,6.014,26.33333333333333,27.33333333333333,32.333333333333336,29.83333333333333,27.33333333333333,0.38806781875,1,1
2020,00-0034857,Josh Allen,QB,16,415.56,259.19,3.5348196875,9.773125,24.0,25.0,30.0,27.5,25.0,0.3328430151367187,2,1
2020,00-0035228,Kyler Murray,QB,16,402.74,246.27,3.4480045625000004,9.779375,24.0,25.0,30.0,27.5,25.0,0.3323379584960937,3,2
2020,00-0033873,Patrick Mahomes,QB,15,386.4,243.3,3.3446034062500005,9.54,24.0,25.0,30.0,27.5,25.0,0.3298978432291666,4,3
2020,00-0023459,Aaron Rodgers,QB,16,392.76,236.77,3.2733354140625006,9.749375,24.0,25.0,30.0,27.5,25.0,0.332761361328125,5,4
2020,00-0033906,Alvin Kamara,RB,15,336.3,241.4,3.202304390625,6.326666666666667,33.333333333333336,34.333333333333336,39.333333333333336,36.833333333333336,34.333333333333336,0.3797765682291666,6,1
2020,00-0029263,Russell Wilson,QB,16,385.78,231.2,3.1884071328125003,9.66125,24.0,25.0,30.0,27.5,25.0,0.3316091166992187,7,5
2020,00-0031610,Darren Waller,TE,16,332.1,236.79,3.1608926953125,5.956875,26.0,27.0,32.0,29.5,27.0,0.3906004970703125,8,2
2020,00-0033537,Deshaun Watson,QB,16,383.32,226.85,3.0954652578125,9.779375,24.0,25.0,30.0,27.5,25.0,0.3323379584960937,9,6
2020,00-0033893,Dalvin Cook,RB,14,315.8,227.05,3.0947659921875,6.339285714285714,33.57142857142857,34.57142857142857,39.57142857142857,37.07142857142857,34.57142857142857,0.37934860546875,10,2
2020,00-0032764,Derrick Henry,RB,16,323.6,223.40000000000003,3.0204007343750003,6.2625,33.375,34.375,39.375,36.875,34.375,0.379104087890625,11,3
2020,00-0036355,Justin Herbert,QB,15,352.84000000000003,211.24,2.9327065390625,9.44,24.0,25.0,30.0,27.5,25.0,0.3295321546874999,12,7
2020,00-0029701,Ryan Tannehill,QB,16,357.86,207.28,2.8514320859375,9.41125,24.0,25.0,30.0,27.5,25.0,0.3285168862304687,13,8
2020,00-0019596,Tom Brady,QB,16,361.92,210.3,2.8473070781250005,9.47625,24.0,25.0,30.0,27.5,25.0,0.3296112377929687,14,9
2020,00-0034796,Lamar Jackson,QB,15,350.78000000000003,202.47,2.8079693125,9.887333333333334,24.0,25.0,30.0,27.5,25.0,0.3325363307291666,15,10
2020,00-0031381,Davante Adams,WR,14,300.90000000000003,204.25,2.7770520703125,6.903571428571429,48.35714285714285,49.35714285714285,54.35714285714285,51.85714285714285,49.35714285714285,0.3998564157366071,16,1
2020,00-0029604,Kirk Cousins,QB,16,332.2,175.48,2.42415771875,9.795,24.0,25.0,30.0,27.5,25.0,0.3348942661132812,17,11
2020,00-0033040,Tyreek Hill,WR,15,285.40000000000003,181.2,2.41894665625,6.946666666666667,48.4,49.4,54.4,51.9,49.4,0.3994439479166666,18,2
2020,00-0031588,Stefon Diggs,WR,16,265.1,155.60000000000002,2.107629765625,6.84375,48.5,49.5,54.5,52.0,49.5,0.3985384047851562,19,3
2020,00-0022924,Ben Roethlisberger,QB,15,287.22,149.78,2.077863421875,9.162666666666668,24.0,25.0,30.0,27.5,25.0,0.3258413994791666,20,12
2020,00-0026143,Matt Ryan,QB,16,304.44,148.20000000000002,1.9978109765625005,9.765,24.0,25.0,30.0,27.5,25.0,0.3323198022460937,21,13
2020,00-0033293,Aaron Jones,RB,14,235.4,146.75,1.9909299453125,6.332142857142857,33.785714285714285,34.785714285714285,39.785714285714285,37.285714285714285,34.785714285714285,0.3793276573660714,22,4
2020,00-0035685,David Montgomery,RB,15,237.8,142.0,1.933129859375,6.386666666666667,33.46666666666667,34.46666666666667,39.46666666666667,36.96666666666667,34.46666666666667,0.3814597296875,23,5
2020,00-0036223,Jonathan Taylor,RB,15,234.8,140.6,1.91408053125,6.28,33.93333333333333,34.93333333333333,39.93333333333333,37.43333333333333,34.93333333333333,0.378363925,24,6
2020,00-0035831,James Robinson,RB,14,225.9,138.35,1.906821796875,6.253571428571428,33.07142857142857,34.07142857142857,39.07142857142857,36.57142857142857,34.07142857142857,0.3796464129464286,25,7
2020,00-0031280,Derek Carr,QB,16,290.12,135.54000000000002,1.8780466328125005,9.66125,24.0,25.0,30.0,27.5,25.0,0.3316091166992187,26,14
2020,00-0027939,Cam Newton,QB,15,279.98,135.44,1.8731706484375004,9.636,24.0,25.0,30.0,27.5,25.0,0.3310403468749999,27,15
2020,00-0034837,Calvin Ridley,WR,15,236.5,132.75,1.846860234375,6.916666666666667,47.86666666666667,48.86666666666667,53.86666666666667,51.36666666666667,48.86666666666667,0.3974578838541667,28,4
2020,00-0033106,Jared Goff,QB,15,265.98,125.81,1.7669699609375005,9.344666666666669,24.0,25.0,30.0,27.5,25.0,0.3298203999999999,29,16
2020,00-0026498,Matthew Stafford,QB,16,280.56,124.57,1.7268441953125009,9.749375,24.0,25.0,30.0,27.5,25.0,0.332761361328125,30,17
2020,00-0035700,Josh Jacobs,RB,15,214.8,120.05,1.7177001093750004,6.316666666666666,34.0,35.0,40.0,37.5,35.0,0.3788023265625,31,8
2020,00-0030564,DeAndre Hopkins,WR,16,230.3,120.0,1.704326546875,6.89375,48.375,49.375,54.375,51.875,49.375,0.3992615942382812,32,5
2020,00-0034791,Nick Chubb,RB,12,199.7,122.75,1.7012257109375002,6.4125000000000005,34.166666666666664,35.166666666666664,40.16666666666666,37.66666666666666,35.166666666666664,0.3756297799479167,33,9
2020,00-0032950,Carson Wentz,QB,12,228.4,123.77,1.6892105625,8.719166666666666,24.0,25.0,30.0,27.5,25.0,0.3225120130208333,34,18
2020,00-0035640,DK Metcalf,WR,16,229.8,118.7,1.6648995468749994,6.9437500000000005,48.3125,49.3125,54.3125,51.8125,49.3125,0.3978489741210937,35,6
2020,00-0034753,Mark Andrews,TE,14,199.1,115.74,1.65802990625,5.954285714285715,26.0,27.0,32.0,29.5,27.0,0.3918665435267857,36,3
2020,00-0036322,Justin Jefferson,WR,16,230.2,121.0,1.6443570000000003,6.825,48.125,49.125,54.125,51.625,49.125,0.3981082768554687,37,7
2020,00-0030035,Adam Thielen,WR,15,217.0,113.8,1.6192227500000005,6.88,48.0,49.0,54.0,51.5,49.0,0.3976541463541666,38,8
2020,00-0031237,Teddy Bridgewater,QB,15,263.22,117.26,1.6170026718750004,9.730666666666668,24.0,25.0,30.0,27.5,25.0,0.3322947526041666,39,19
2020,00-0031260,Logan Thomas,TE,16,212.62,117.11,1.6148077890624997,5.969375,26.1875,27.1875,32.1875,29.6875,27.1875,0.39069161328125,40,4
2020,00-0035229,T.J. Hockenson,TE,16,208.8,112.74,1.582057515625,6.00375,26.1875,27.1875,32.1875,29.6875,27.1875,0.39141387109375,41,5
2020,00-0035676,A.J. Brown,WR,14,206.5,111.8,1.551769015625,6.764285714285714,48.785714285714285,49.785714285714285,54.785714285714285,52.285714285714285,49.785714285714285,0.3973481925223214,42,9
2020,00-0033757,Robert Tonyan,TE,15,202.6,112.2,1.5393008984374998,6.026666666666667,26.33333333333333,27.33333333333333,32.333333333333336,29.83333333333333,27.33333333333333,0.392756984375,43,6
2020,00-0034855,Baker Mayfield,QB,16,264.12,110.81,1.5146589375000006,9.581875,24.0,25.0,30.0,27.5,25.0,0.33224719921875,44,20
2020,00-0022942,Philip Rivers,QB,16,261.96,105.24,1.4872420078125002,9.795,24.0,25.0,30.0,27.5,25.0,0.3348942661132812,45,21
2020,00-0033045,Ezekiel Elliott,RB,15,197.7,103.95,1.458162796875,6.25,33.46666666666667,34.46666666666667,39.46666666666667,36.96666666666667,34.46666666666667,0.3816050427083333,46,10
2020,00-0030279,Keenan Allen,WR,14,195.1,98.5,1.418240421875,6.9,48.92857142857143,49.92857142857143,54.92857142857143,52.42857142857143,49.92857142857143,0.3990806277901785,47,10
2020,00-0031428,Allen Robinson,WR,16,211.9,102.4,1.4091485078125,6.84375,48.5,49.5,54.5,52.0,49.5,0.3985384047851562,48,11
2020,00-0033923,Kareem Hunt,RB,16,199.5,100.15,1.3957617265624995,6.2093750000000005,33.75,34.75,39.75,37.25,34.75,0.3769370483398437,49,11
2020,00-0031408,Mike Evans,WR,16,213.6,104.1,1.395136453125,6.84375,48.125,49.125,54.125,51.625,49.125,0.3981316469726562,50,12
2020,00-0020531,Drew Brees,QB,12,221.48,101.19,1.377897890625,10.024166666666666,24.0,25.0,30.0,27.5,25.0,0.3301682428385417,51,22
2020,00-0032211,Tyler Lockett,WR,16,215.4,104.3,1.374360140625,6.9437500000000005,48.3125,49.3125,54.3125,51.8125,49.3125,0.3978489741210937,52,13
2020,00-0034829,Mike Gesicki,TE,15,185.8,97.74,1.3528351328125,5.870666666666667,26.066666666666663,27.066666666666663,32.06666666666667,29.566666666666663,27.066666666666663,0.3910677270833333,53,7
2020,00-0035644,Noah Fant,TE,14,180.3,96.14,1.3435457734375,6.011428571428572,26.0,27.0,32.0,29.5,27.0,0.3910112176339285,54,8
2020,00-0033090,Hunter Henry,TE,14,175.3,93.19,1.3333653671875,5.865,25.714285714285715,26.714285714285715,31.714285714285715,29.214285714285715,26.714285714285715,0.3872639129464286,55,9
2020,00-0030431,Robert Woods,WR,16,200.1,91.1,1.3303732812499998,6.8125,48.0625,49.0625,54.0625,51.5625,49.0625,0.3977514663085937,56,14
2020,00-0036442,Joe Burrow,QB,10,183.72,97.91,1.3259947734375002,8.581,24.0,25.0,30.0,27.5,25.0,0.315881390625,57,23
2020,00-0036328,Antonio Gibson,RB,14,184.2,96.85,1.3259543359375,6.239285714285715,33.5,34.5,39.5,37.0,34.5,0.3817306116071428,58,12
2020,00-0033288,George Kittle,TE,8,149.1,102.14,1.2659026953125,5.87,25.875,26.875,31.875,29.375,26.875,0.395515435546875,59,10
2020,00-0035704,Drew Lock,QB,13,211.32,88.49000000000001,1.2644376406250002,9.448461538461538,24.0,25.0,30.0,27.5,25.0,0.3254792830528846,60,24
2020,00-0033594,Chris Carson,RB,12,169.3,90.4,1.243285875,6.575,33.583333333333336,34.583333333333336,39.583333333333336,37.083333333333336,34.583333333333336,0.3787162324218749,61,13
2020,00-0032144,Melvin Gordon,RB,15,182.4,87.2,1.220847703125,6.346666666666667,33.8,34.8,39.8,37.3,34.8,0.3792045682291666,62,14
2020,00-0033127,Will Fuller,WR,11,162.4,88.35,1.2031991328125002,6.7318181818181815,48.90909090909091,49.90909090909091,54.90909090909091,52.40909090909091,49.90909090909091,0.3991340198863636,63,15
2020,00-0034816,Ronald Jones,RB,14,172.3,86.65,1.191941796875,6.117857142857143,33.785714285714285,34.785714285714285,39.785714285714285,37.285714285714285,34.785714285714285,0.3789717723214286,64,15
2020,00-0033118,Kenyan Drake,RB,15,179.7,85.55,1.188351984375,6.276666666666667,33.6,34.6,39.6,37.1,34.6,0.3771147640625,65,16
2020,00-0032063,Mike Davis,RB,15,177.0,84.0,1.1880220703125002,6.2,33.53333333333333,34.53333333333333,39.53333333333333,37.03333333333333,34.53333333333333,0.3794889947916667,66,17
2020,00-0031236,Brandin Cooks,WR,15,191.5,88.3,1.1848296640625,6.88,48.266666666666666,49.266666666666666,54.266666666666666,51.766666666666666,49.266666666666666,0.398467190625,67,16
2020,00-0036275,D'Andre Swift,RB,13,166.8,84.3,1.1812310000000004,6.346153846153846,34.0,35.0,40.0,37.5,35.0,0.3786334549278846,68,18
2020,00-0031387,Eric Ebron,TE,15,169.8,81.44,1.140883390625,5.890666666666666,26.2,27.2,32.2,29.7,27.2,0.3894218375,69,11
2020,00-0033077,Dak Prescott,QB,5,143.14,87.1,1.1401483828125,11.208,24.0,25.0,30.0,27.5,25.0,0.34172933125,70,25
2020,00-0032187,David Johnson,RB,12,163.0,85.05,1.137584875,6.495833333333334,33.666666666666664,34.666666666666664,39.66666666666666,37.16666666666666,34.666666666666664,0.382793744140625,71,19
2020,00-0035243,Miles Sanders,RB,12,156.4,81.65,1.1375462421875,6.229166666666667,33.083333333333336,34.083333333333336,39.083333333333336,36.583333333333336,34.083333333333336,0.3762199088541667,72,20
2020,00-0029293,Marvin Jones,WR,16,189.8,79.35,1.1245744999999998,6.903125,48.125,49.125,54.125,51.625,49.125,0.3988888540039062,73,17
2020,00-0034383,Dalton Schultz,TE,16,178.0,81.64,1.1194186953124996,6.0225,26.1875,27.1875,32.1875,29.6875,27.1875,0.388888849609375,74,12
2020,00-0036360,Clyde Edwards-Helaire,RB,13,158.0,77.5,1.1123396093749998,6.1923076923076925,33.61538461538461,34.61538461538461,39.61538461538461,37.11538461538461,34.61538461538461,0.3803202439903846,75,21
2020,00-0033858,Jonnu Smith,TE,14,160.7,77.14,1.0971337109374997,5.968571428571429,26.0,27.0,32.0,29.5,27.0,0.3925524095982143,76,13
2020,00-0034827,DJ Moore,WR,15,178.5,76.10000000000001,1.090957484375,6.826666666666667,48.0,49.0,54.0,51.5,49.0,0.3972619135416667,77,18
2020,00-0035216,Diontae Johnson,WR,15,179.8,75.55000000000001,1.071603421875,6.95,48.53333333333333,49.53333333333333,54.53333333333333,52.03333333333333,49.53333333333333,0.3977344286458333,78,19
2020,00-0023682,Ryan Fitzpatrick,QB,9,169.24,80.01,1.0678190859375003,9.914444444444444,24.0,25.0,30.0,27.5,25.0,0.3396272986111111,79,26
2020,00-0035311,Myles Gaskin,RB,10,143.7,80.55000000000001,1.0677841796875,6.315,34.3,35.3,40.3,37.8,35.3,0.3792453734375,80,22
2020,00-0034830,Hayden Hurst,TE,16,177.1,80.74,1.0673264375,6.0225,26.1875,27.1875,32.1875,29.6875,27.1875,0.388888849609375,81,14
2020,00-0035659,Terry McLaurin,WR,15,180.3,77.4,1.0640473515625002,6.86,48.73333333333333,49.73333333333333,54.73333333333333,52.23333333333333,49.73333333333333,0.3989204697916666,82,20
2020,00-0031544,Amari Cooper,WR,16,190.8,79.5,1.0632959921875,6.95625,48.1875,49.1875,54.1875,51.6875,49.1875,0.3978584721679687,83,21
2020,00-0036261,Brandon Aiyuk,WR,12,154.5,73.1,1.05971659375,6.783333333333334,48.5,49.5,54.5,52.0,49.5,0.3997205052083333,84,22
2020,00-0034351,Dallas Goedert,TE,11,139.4,74.64,1.0592379765625002,5.887272727272728,26.545454545454547,27.545454545454547,32.54545454545455,30.045454545454547,27.545454545454547,0.3860149367897728,85,15
2020,00-0027656,Rob Gronkowski,TE,16,171.8,77.24000000000001,1.0550778046875,5.91,26.0,27.0,32.0,29.5,27.0,0.3930898388671875,86,16
2020,00-0033857,JuJu Smith-Schuster,WR,16,185.6,75.9,1.0541103046874998,6.85625,48.5625,49.5625,54.5625,52.0625,49.5625,0.3980202250976562,87,23
2020,00-0033881,Evan Engram,TE,16,172.5,78.24,1.0485777499999995,5.89125,26.0625,27.0625,32.0625,29.5625,27.0625,0.3913985693359375,88,17
2020,00-0033921,Chris Godwin Jr.,WR,12,158.5,76.25,1.0392079921875,6.854166666666667,48.25,49.25,54.25,51.75,49.25,0.3986983860677083,89,24
2020,00-0036326,Chase Claypool,WR,16,183.9,74.2,1.0308431875,6.85625,48.5625,49.5625,54.5625,52.0625,49.5625,0.3980202250976562,90,25
2020,00-0035289,Gardner Minshew,QB,9,170.16,77.49,1.0264993906250002,10.296666666666669,24.0,25.0,30.0,27.5,25.0,0.3302412847222222,91,27
2020,00-0033357,Taysom Hill,TE,16,164.62,69.31,1.0197635156249998,5.956875,26.0,27.0,32.0,29.5,27.0,0.3906004970703125,92,18
2020,00-0027696,Jimmy Graham,TE,16,168.6,74.34,1.0036565703125,5.89125,26.0625,27.0625,32.0625,29.5625,27.0625,0.3913985693359375,93,19
2020,00-0033282,Curtis Samuel,WR,15,173.6,69.55,0.98253378125,6.9366666666666665,48.06666666666667,49.06666666666667,54.06666666666667,51.56666666666667,49.06666666666667,0.3978532786458333,94,26
2020,00-0033699,Austin Ekeler,RB,10,138.3,71.80000000000001,0.9745682109375,6.65,34.1,35.1,40.1,37.6,35.1,0.37779887265625,95,23
2020,00-0035710,Daniel Jones,QB,14,200.02,68.12,0.9445196484375,9.421428571428573,24.0,25.0,30.0,27.5,25.0,0.3306838543526785,96,28
2020,00-0036158,J.K. Dobbins,RB,15,159.5,65.3,0.92573484375,6.28,33.93333333333333,34.93333333333333,39.93333333333333,37.43333333333333,34.93333333333333,0.378363925,97,24
2020,00-0033553,James Conner,RB,13,147.1,66.45,0.9229831875,6.203846153846154,33.61538461538461,34.61538461538461,39.61538461538461,37.11538461538461,34.61538461538461,0.3784194963942307,98,25
2020,00-0032688,Robbie Chosen,WR,16,176.6,67.1,0.9213207734375,6.84375,48.125,49.125,54.125,51.625,49.125,0.3981316469726562,99,27
2020,00-0029000,Cole Beasley,WR,15,166.5,64.1,0.913129546875,6.826666666666667,48.73333333333333,49.73333333333333,54.73333333333333,52.23333333333333,49.73333333333333,0.400169209375,100,28
2020,00-0034367,Nyheim Hines,RB,16,161.7,61.6,0.9104620078125,6.2562500000000005,33.8125,34.8125,39.8125,37.3125,34.8125,0.3791060332031249,101,26
2020,00-0033871,Corey Davis,WR,14,158.9,60.75,0.9015407265625,7.010714285714286,48.285714285714285,49.285714285714285,54.285714285714285,51.785714285714285,49.285714285714285,0.3985962382812499,102,29
2020,00-0033908,Cooper Kupp,WR,15,164.70000000000002,62.8,0.9013841953124996,6.793333333333334,48.266666666666666,49.266666666666666,54.266666666666666,51.766666666666666,49.266666666666666,0.3993298083333333,103,30
2020,00-0033110,Tyler Higbee,TE,15,150.2,62.89,0.872326078125,5.820666666666667,26.2,27.2,32.2,29.7,27.2,0.3876551421874999,104,20
2020,00-0036358,CeeDee Lamb,WR,16,174.70000000000002,63.4,0.8685687656249999,6.95625,48.1875,49.1875,54.1875,51.6875,49.1875,0.3978584721679687,105,31
2020,00-0034115,Jeff Wilson,RB,11,135.8,63.6,0.8424110312500002,6.563636363636364,33.18181818181818,34.18181818181818,39.18181818181818,36.68181818181818,34.18181818181818,0.3782307542613636,106,27
2020,00-0033280,Christian McCaffrey,RB,3,81.9,61.2,0.8403186874999999,6.900000000000001,34.666666666666664,35.666666666666664,40.66666666666666,38.16666666666666,35.666666666666664,0.3912215833333333,107,28
2020,00-0036410,Tee Higgins,WR,15,161.1,59.55,0.8233620156249999,6.7700000000000005,48.2,49.2,54.2,51.7,49.2,0.3977945942708333,108,32
2020,00-0031941,Jamison Crowder,WR,12,142.52,59.82,0.8139584296875,6.891666666666667,48.083333333333336,49.083333333333336,54.083333333333336,51.583333333333336,49.083333333333336,0.398535255859375,109,33
2020,00-0032392,Austin Hooper,TE,13,136.5,60.89,0.808427453125,5.816153846153847,26.23076923076923,27.23076923076923,32.23076923076923,29.73076923076923,27.23076923076923,0.3867553924278846,110,21
2020,00-0027944,Julio Jones,WR,9,120.6,57.55000000000001,0.8072189843749998,7.005555555555556,48.55555555555556,49.55555555555556,54.55555555555556,52.05555555555556,49.55555555555556,0.3989505173611111,111,34
2020,00-0032241,Todd Gurley,RB,15,150.7,55.9,0.7871558828124999,6.319999999999999,33.733333333333334,34.733333333333334,39.73333333333333,37.23333333333333,34.733333333333334,0.3801960427083333,112,29
2020,00-0027061,Jared Cook,TE,15,145.9,56.84,0.7848618437499997,5.937333333333333,26.0,27.0,32.0,29.5,27.0,0.390093315625,113,22
2020,00-0033869,Mitchell Trubisky,QB,10,169.70000000000002,58.09,0.7770547187500003,11.161,24.0,25.0,30.0,27.5,25.0,0.3513985804687499,114,29
2020,00-0036212,Tua Tagovailoa,QB,10,145.46,53.19,0.7718244765625002,9.227,24.0,25.0,30.0,27.5,25.0,0.3279398304687499,115,30
2020,00-0033009,Tyler Boyd,WR,15,153.14,51.54,0.7390313906249997,6.773333333333334,48.4,49.4,54.4,51.9,49.4,0.3973096666666666,116,35
2020,00-0032602,J.D. McKissic,RB,16,151.4,50.35,0.7192990546874998,6.315625,33.4375,34.4375,39.4375,36.9375,34.4375,0.3798245791015625,117,30
2020,00-0031549,Nelson Agholor,WR,16,161.6,50.5,0.7108885703124999,6.9437500000000005,48.3125,49.3125,54.3125,51.8125,49.3125,0.3978489741210937,118,36
2020,00-0031382,Jarvis Landry,WR,15,151.96,50.36,0.6736580468749999,6.773333333333334,48.4,49.4,54.4,51.9,49.4,0.3973096666666666,120,37
2020,00-0033897,Joe Mixon,RB,6,89.10000000000001,51.35000000000001,0.6471593984374999,6.291666666666667,34.333333333333336,35.333333333333336,40.333333333333336,37.833333333333336,35.333333333333336,0.3781945494791667,121,31
2020,00-0034681,Chase Edmonds,RB,16,141.5,40.45,0.6130467031250002,6.315625,33.4375,34.4375,39.4375,36.9375,34.4375,0.3798245791015625,123,32
2020,00-0035662,Marquise Brown,WR,16,154.0,44.8,0.6025275156250001,6.825,48.125,49.125,54.125,51.625,49.125,0.3981082768554687,124,38
2020,00-0032385,Sterling Shepard,WR,12,129.5,45.35,0.5907334843750001,7.0125,48.5,49.5,54.5,52.0,49.5,0.400367197265625,126,39
2020,00-0031687,Raheem Mostert,RB,8,91.7,40.55,0.5627047656249999,6.39375,33.0,34.0,39.0,36.5,34.0,0.378332875,127,33
2020,00-0031547,DeVante Parker,WR,14,134.8,40.6,0.5557838046875001,6.728571428571429,48.642857142857146,49.642857142857146,54.642857142857146,52.142857142857146,49.642857142857146,0.3967899665178572,128,40
2020,00-0033950,Wayne Gallman,RB,14,126.1,36.650000000000006,0.5414601874999998,6.389285714285714,33.42857142857143,34.42857142857143,39.42857142857143,36.92857142857143,34.42857142857143,0.3806062667410714,129,34
2020,00-0027793,Antonio Brown,WR,8,94.6,39.55,0.5348680000000003,6.8812500000000005,48.0,49.0,54.0,51.5,49.0,0.4002682373046874,130,41
2020,00-0033856,Leonard Fournette,RB,12,114.0,38.3,0.5315363750000001,6.308333333333334,34.25,35.25,40.25,37.75,35.25,0.3792946386718749,131,35
2020,00-0030456,Giovani Bernard,RB,16,134.6,35.25,0.5244629140624998,6.2093750000000005,33.75,34.75,39.75,37.25,34.75,0.3769370483398437,132,36
2020,00-0031384,Richard Rodgers,TE,8,82.5,36.8,0.5199803828124999,5.7125,25.875,26.875,31.875,29.375,26.875,0.3986983994140625,133,23
2020,00-0027685,Emmanuel Sanders,WR,14,134.3,36.80000000000001,0.5164306562500001,6.964285714285714,48.07142857142857,49.07142857142857,54.07142857142857,51.57142857142857,49.07142857142857,0.3991228577008928,134,42
2020,00-0030288,Rex Burkhead,RB,10,95.1,34.9,0.5088946328124997,6.0200000000000005,34.0,35.0,40.0,37.5,35.0,0.3798409078125,135,37
2020,00-0033536,Mike Williams,WR,14,129.7,32.55,0.5015241874999997,6.939285714285715,48.42857142857143,49.42857142857143,54.42857142857143,51.92857142857143,49.42857142857143,0.3967741986607143,136,43
2020,00-0034411,Russell Gage,WR,16,145.06,33.760000000000005,0.4886897499999998,6.95625,48.1875,49.1875,54.1875,51.6875,49.1875,0.3978584721679687,137,44
2020,00-0034777,DJ Chark,WR,13,127.1,36.85,0.4882501484375001,6.9423076923076925,48.53846153846154,49.53846153846154,54.53846153846154,52.03846153846154,49.53846153846154,0.4018864807692308,138,45
2020,00-0029608,T.Y. Hilton,WR,15,136.20000000000002,34.550000000000004,0.4878345312500001,6.776666666666667,47.8,48.8,53.8,51.3,48.8,0.3977243421874999,139,46
2020,00-0033375,Tim Patrick,WR,15,135.70000000000002,31.5,0.4705491328125001,6.946666666666667,48.13333333333333,49.13333333333333,54.13333333333333,51.63333333333333,49.13333333333333,0.4001677609375,140,47
2020,00-0034970,Irv Smith,TE,13,113.5,34.54,0.4683511718749999,6.073846153846154,26.153846153846157,27.153846153846157,32.15384615384615,29.653846153846157,27.153846153846157,0.3898163930288462,141,24
2020,00-0035657,Damien Harris,RB,10,88.80000000000001,29.9,0.4497901640625002,5.890000000000001,32.6,33.6,38.6,36.1,33.6,0.38194083515625,142,38
2020,00-0035664,Darrell Henderson,RB,15,122.3,29.500000000000004,0.4337941718750001,6.1866666666666665,33.4,34.4,39.4,36.9,34.4,0.3772489838541666,143,39
2020,00-0034764,Michael Gallup,WR,16,143.8,32.50000000000001,0.4317478437499999,6.95625,48.1875,49.1875,54.1875,51.6875,49.1875,0.3978584721679687,144,48
2020,00-0034960,Jakobi Meyers,WR,12,113.02,29.270000000000003,0.42893053125,6.979166666666667,48.5,49.5,54.5,52.0,49.5,0.3998815084635416,145,49
2020,00-0036268,Laviska Shenault Jr.,WR,14,128.1,30.1,0.4041826953124999,7.0,48.35714285714285,49.35714285714285,54.35714285714285,51.85714285714285,49.35714285714285,0.3996252873883928,146,50
2020,00-0036414,Cam Akers,RB,11,96.3,27.750000000000004,0.4036729609375,6.2318181818181815,34.18181818181818,35.18181818181818,40.18181818181818,37.68181818181818,35.18181818181818,0.3745639019886363,147,40
2020,00-0030710,Trey Burton,TE,12,97.3,27.35,0.3985323281249999,5.829166666666667,25.83333333333333,26.83333333333333,31.83333333333333,29.33333333333333,26.83333333333333,0.3928118378906249,148,25
2020,00-0030061,Zach Ertz,TE,11,95.5,29.09,0.3956817265624996,6.037272727272727,26.63636363636364,27.63636363636364,32.63636363636363,30.13636363636364,27.63636363636364,0.3847978089488637,150,26
2020,00-0030472,Jordan Reed,TE,10,86.1,26.09,0.3811483281249999,6.001,26.6,27.6,32.6,30.1,27.6,0.389622965625,152,27
2020,00-0034272,Marquez Valdes-Scantling,WR,14,120.8,23.75,0.3778679765625,6.932142857142857,48.35714285714285,49.35714285714285,54.35714285714285,51.85714285714285,49.35714285714285,0.3980659263392856,153,51
2020,00-0033895,Gerald Everett,TE,15,113.4,24.69,0.3684953046874999,5.914000000000001,26.133333333333333,27.133333333333333,32.13333333333333,29.633333333333333,27.133333333333333,0.3929327390625,154,28
2020,00-0034775,Christian Kirk,WR,14,122.4,26.15,0.361252671875,6.875,48.642857142857146,49.642857142857146,54.642857142857146,52.142857142857146,49.642857142857146,0.4021031774553571,156,52
2020,00-0034364,Jordan Akins,TE,13,102.2,23.290000000000003,0.3456590781249999,6.069999999999999,26.307692307692307,27.307692307692307,32.30769230769231,29.807692307692307,27.307692307692307,0.3903080901442308,158,29
2020,00-0032977,Rashard Higgins,WR,12,102.4,22.65,0.3344558828125001,6.645833333333333,48.91666666666666,49.91666666666666,54.91666666666666,52.41666666666666,49.91666666666666,0.3962190781249999,161,53
2020,00-0034011,Dan Arnold,TE,15,112.3,21.49,0.3302658281249997,6.054,26.33333333333333,27.33333333333333,32.333333333333336,29.83333333333333,27.33333333333333,0.39152984375,163,30
2020,00-0031235,Odell Beckham Jr.,WR,7,75.32,27.12,0.329155125,6.885714285714286,48.285714285714285,49.285714285714285,54.285714285714285,51.785714285714285,49.285714285714285,0.3983221718749999,164,54
2020,00-0033879,O.J. Howard,TE,4,43.1,18.94,0.2660338671875,6.04,26.25,27.25,32.25,29.75,27.25,0.380015791015625,172,31
2020,00-0034766,Chris Herndon,TE,12,89.2,17.939999999999998,0.249544546875,5.9383333333333335,26.25,27.25,32.25,29.75,27.25,0.387822818359375,176,32
2021,00-0034857,Josh Allen,QB,17,432.58,275.91,3.834095625,9.215882352941176,24.0,25.0,30.0,27.5,25.0,0.3443913207720588,1,1
2021,00-0033908,Cooper Kupp,WR,17,367.0,256.75,3.6310039921875,6.485294117647059,47.94117647058823,48.94117647058823,53.94117647058823,51.44117647058823,48.94117647058823,0.3964407789522058,2,1
2021,00-0036355,Justin Herbert,QB,17,410.76,254.09,3.45454353125,9.215882352941176,24.0,25.0,30.0,27.5,25.0,0.3443913207720588,3,2
2021,00-0019596,Tom Brady,QB,17,398.74,246.73,3.4103334765625,8.941764705882353,24.0,25.0,30.0,27.5,25.0,0.3409138777573529,4,3
2021,00-0034753,Mark Andrews,TE,17,354.6,257.25,3.3886140546875,5.726470588235294,25.823529411764707,26.823529411764707,31.823529411764707,29.323529411764707,26.823529411764707,0.3886329333639706,5,1
2021,00-0033873,Patrick Mahomes,QB,17,387.66,239.32,3.3250661953125,8.725882352941177,24.0,25.0,30.0,27.5,25.0,0.3372404466911765,6,4
2021,00-0036223,Jonathan Taylor,RB,17,353.1,246.8,3.2965229140625,6.252941176470588,34.47058823529412,35.47058823529412,40.47058823529412,37.97058823529412,35.47058823529412,0.3796031806066176,7,1
2021,00-0026498,Matthew Stafford,QB,17,363.74,211.5,3.0036875078125,8.955294117647059,24.0,25.0,30.0,27.5,25.0,0.3395161415441176,8,5
2021,00-0030506,Travis Kelce,TE,16,308.8,217.25,2.9751851328125,5.721875000000001,25.8125,26.8125,31.8125,29.3125,26.8125,0.3868834462890625,9,2
2021,00-0033699,Austin Ekeler,RB,16,308.8,208.7,2.87843803125,6.2562500000000005,34.375,35.375,40.375,37.875,35.375,0.3791411181640625,10,2
2021,00-0035719,Deebo Samuel Sr.,WR,16,300.46000000000004,196.51,2.8024878281249994,6.496875,48.0,49.0,54.0,51.5,49.0,0.3967508041992187,11,2
2021,00-0033077,Dak Prescott,QB,16,340.56,194.29,2.7593625,9.141875,24.0,25.0,30.0,27.5,25.0,0.3450705756835937,12,6
2021,00-0036442,Joe Burrow,QB,16,342.24,200.56,2.747494375,8.855,24.0,25.0,30.0,27.5,25.0,0.3387653291015625,13,7
2021,00-0035228,Kyler Murray,QB,14,320.48,194.27,2.682498015625,9.015,24.0,25.0,30.0,27.5,25.0,0.3356510853794642,14,8
2021,00-0036389,Jalen Hurts,QB,15,330.16,191.23,2.629394734375,9.262,24.0,25.0,30.0,27.5,25.0,0.3423059958333333,15,9
2021,00-0023459,Aaron Rodgers,QB,16,340.8,190.55,2.60649521875,9.390625,24.0,25.0,30.0,27.5,25.0,0.3439630024414062,16,10
2021,00-0033897,Joe Mixon,RB,16,266.90000000000003,168.15,2.4161076015625,6.171875,34.3125,35.3125,40.3125,37.8125,35.3125,0.379740048828125,17,3
2021,00-0031381,Davante Adams,WR,16,282.8,179.05,2.4040408046875,6.484375,47.9375,48.9375,53.9375,51.4375,48.9375,0.3980308203125,18,3
2021,00-0029604,Kirk Cousins,QB,16,314.34,165.37,2.3202309375,9.310625,24.0,25.0,30.0,27.5,25.0,0.3444362734375,19,11
2021,00-0036322,Justin Jefferson,WR,17,276.4,165.5,2.2661549296875,6.523529411764706,48.1764705882353,49.1764705882353,54.1764705882353,51.6764705882353,49.1764705882353,0.3985017761948529,20,4
2021,00-0036893,Najee Harris,RB,17,263.7,156.85,2.23113725,6.28529411764706,34.294117647058826,35.294117647058826,40.294117647058826,37.794117647058826,35.294117647058826,0.3794752426470588,21,4
2021,00-0034796,Lamar Jackson,QB,12,265.98,159.22000000000003,2.1999194453125,8.896666666666667,24.0,25.0,30.0,27.5,25.0,0.3349609427083333,22,12
2021,00-0034383,Dalton Schultz,TE,17,247.8,148.45,2.0790261015625005,5.844117647058824,25.529411764705884,26.529411764705884,31.529411764705884,29.029411764705884,26.529411764705884,0.3900666066176471,23,3
2021,00-0033553,James Conner,RB,15,239.2,145.7,2.0693725234375,6.233333333333333,34.46666666666667,35.46666666666667,40.46666666666667,37.96666666666667,35.46666666666667,0.3814633036458333,24,5
2021,00-0033288,George Kittle,TE,14,233.5,153.6,2.062941671875,5.707142857142857,25.714285714285715,26.714285714285715,31.714285714285715,29.214285714285715,26.714285714285715,0.3877706902901786,25,4
2021,00-0036900,Ja'Marr Chase,WR,17,264.1,153.3,2.015979671875,6.51764705882353,48.05882352941177,49.05882352941177,54.05882352941177,51.55882352941177,49.05882352941177,0.3975736493566176,26,5
2021,00-0029701,Ryan Tannehill,QB,17,296.36,138.32,1.99032578125,9.296470588235294,24.0,25.0,30.0,27.5,25.0,0.343232614430147,27,13
2021,00-0031280,Derek Carr,QB,17,284.96000000000004,135.56,1.9327625859375,8.788235294117648,24.0,25.0,30.0,27.5,25.0,0.3407975932904412,28,14
2021,00-0033856,Leonard Fournette,RB,14,221.1,135.3,1.8293350078125,6.128571428571428,34.5,35.5,40.5,38.0,35.5,0.3813782628348214,29,6
2021,00-0027656,Rob Gronkowski,TE,12,198.7,128.85,1.8117476171875,5.820833333333334,25.33333333333333,26.33333333333333,31.33333333333333,28.83333333333333,26.33333333333333,0.3912110957031249,30,5
2021,00-0033040,Tyreek Hill,WR,17,241.0,130.95,1.79882315625,6.473529411764707,47.94117647058823,48.94117647058823,53.94117647058823,51.44117647058823,48.94117647058823,0.3969010317095588,31,6
2021,00-0033906,Alvin Kamara,RB,13,211.2,126.5,1.7895651484375,6.515384615384615,34.15384615384615,35.15384615384615,40.15384615384615,37.65384615384615,35.15384615384615,0.3810245252403846,32,7
2021,00-0029263,Russell Wilson,QB,14,254.82,126.47,1.7745857578125,9.167857142857144,24.0,25.0,30.0,27.5,25.0,0.3457133297991071,33,15
2021,00-0031588,Stefon Diggs,WR,17,234.0,123.1,1.7731726640624996,6.523529411764706,48.1764705882353,49.1764705882353,54.1764705882353,51.6764705882353,49.1764705882353,0.3985017761948529,34,7
2021,00-0033045,Ezekiel Elliott,RB,17,228.56,121.71,1.7273269531249995,6.28529411764706,34.294117647058826,35.294117647058826,40.294117647058826,37.794117647058826,35.294117647058826,0.3794752426470588,35,8
2021,00-0031345,Jimmy Garoppolo,QB,15,251.5,121.32000000000002,1.72273046875,8.678666666666667,24.0,25.0,30.0,27.5,25.0,0.3374229072916667,36,16
2021,00-0032764,Derrick Henry,RB,8,184.3,129.75,1.7121816796875,6.81875,34.125,35.125,40.125,37.625,35.125,0.3804742548828125,37,9
2021,00-0031408,Mike Evans,WR,16,225.5,122.55,1.6946417656249997,6.434375,48.0625,49.0625,54.0625,51.5625,49.0625,0.3955992944335937,38,8
2021,00-0032950,Carson Wentz,QB,17,272.02000000000004,119.99000000000002,1.6926852578125002,8.942941176470589,24.0,25.0,30.0,27.5,25.0,0.3403786360294117,39,17
2021,00-0030061,Zach Ertz,TE,17,217.7,119.6,1.6782308828125,5.770588235294119,25.705882352941178,26.705882352941178,31.705882352941178,29.205882352941178,26.705882352941178,0.3888339512867647,40,6
2021,00-0035216,Diontae Johnson,WR,16,220.9,116.95,1.6128289921874996,6.496875,48.0625,49.0625,54.0625,51.5625,49.0625,0.3985665678710937,41,9
2021,00-0030578,Cordarrelle Patterson,RB,16,208.6,108.4,1.5833844140625,6.2625,34.5,35.5,40.5,38.0,35.5,0.37957867578125,42,10
2021,00-0034791,Nick Chubb,RB,14,205.3,114.85,1.5636477109375002,6.460714285714286,34.0,35.0,40.0,37.5,35.0,0.3809920345982143,43,11
2021,00-0035229,T.J. Hockenson,TE,12,175.8,106.8,1.5414141796875,5.75,25.58333333333333,26.58333333333333,31.58333333333333,29.08333333333333,26.58333333333333,0.3872980065104166,44,7
2021,00-0033293,Aaron Jones,RB,15,203.0,109.25,1.5350865156249998,6.25,34.6,35.6,40.6,38.1,35.6,0.3779660947916667,45,12
2021,00-0036328,Antonio Gibson,RB,16,208.1,108.0,1.531153671875,6.2562500000000005,34.25,35.25,40.25,37.75,35.25,0.3815670825195312,46,13
2021,00-0035700,Josh Jacobs,RB,15,199.0,108.3,1.5169304921874998,6.046666666666667,34.53333333333333,35.53333333333333,40.53333333333333,38.03333333333333,35.53333333333333,0.380089690625,47,14
2021,00-0036970,Kyle Pitts,TE,17,210.6,113.8,1.5168385390625,5.694117647058825,25.705882352941178,26.705882352941178,31.705882352941178,29.205882352941178,26.705882352941178,0.3889472610294118,48,8
2021,00-0033893,Dalvin Cook,RB,13,189.3,107.6,1.510878984375,6.2846153846153845,34.15384615384615,35.15384615384615,40.15384615384615,37.65384615384615,35.15384615384615,0.3784543888221154,49,15
2021,00-0031800,Taylor Heinicke,QB,16,252.36,107.61,1.4967874296875006,9.046875,24.0,25.0,30.0,27.5,25.0,0.3398078056640625,50,18
2021,00-0035657,Damien Harris,RB,15,201.1,105.4,1.4953426093749995,6.38,34.13333333333333,35.13333333333333,40.13333333333333,37.63333333333333,35.13333333333333,0.377888184375,51,16
2021,00-0034351,Dallas Goedert,TE,15,193.0,107.45,1.4943499062499996,5.703333333333334,25.933333333333334,26.933333333333334,31.933333333333334,29.433333333333334,26.933333333333334,0.3898808187499999,52,9
2021,00-0033921,Chris Godwin Jr.,WR,14,193.4,103.85,1.4845072968749995,6.396428571428571,47.85714285714285,48.85714285714285,53.85714285714285,51.35714285714285,48.85714285714285,0.3977050239955357,53,10
2021,00-0034829,Mike Gesicki,TE,17,201.5,103.9,1.4834736015625,5.741176470588236,25.823529411764707,26.823529411764707,31.823529411764707,29.323529411764707,26.823529411764707,0.3895734990808823,54,10
2021,00-0032211,Tyler Lockett,WR,16,204.9,101.35,1.4553644531249998,6.471875000000001,48.5,49.5,54.5,52.0,49.5,0.3946215493164062,55,11
2021,00-0030279,Keenan Allen,WR,16,204.8,100.45,1.4426681718749996,6.5218750000000005,48.0,49.0,54.0,51.5,49.0,0.3980501538085937,56,12
2021,00-0034983,Hunter Renfrow,WR,17,207.6,98.7,1.437056203125,6.405882352941177,47.8235294117647,48.8235294117647,53.8235294117647,51.3235294117647,48.8235294117647,0.3980234852941176,57,13
2021,00-0033536,Mike Williams,WR,16,208.6,104.45,1.4068571875,6.509375,48.0,49.0,54.0,51.5,49.0,0.3980936391601563,58,14
2021,00-0036972,Mac Jones,QB,17,250.94,98.91,1.3945578046875002,8.942941176470589,24.0,25.0,30.0,27.5,25.0,0.3403786360294117,59,19
2021,00-0035644,Noah Fant,TE,16,193.0,99.6,1.3860322734374997,5.8375,25.375,26.375,31.375,28.875,26.375,0.3887205693359375,60,11
2021,00-0035689,Dawson Knox,TE,15,188.6,100.5,1.3818163906250005,5.873333333333334,25.4,26.4,31.4,28.9,26.4,0.3894726473958333,61,12
2021,00-0035640,DK Metcalf,WR,17,206.8,97.1,1.3691794921874996,6.452941176470588,48.23529411764706,49.23529411764706,54.23529411764706,51.73529411764706,49.23529411764706,0.3961541576286765,62,15
2021,00-0031610,Darren Waller,TE,11,161.0,96.8,1.3688912890625,5.836363636363637,25.454545454545453,26.454545454545453,31.454545454545453,28.954545454545453,26.454545454545453,0.3854249708806818,63,13
2021,00-0026143,Matt Ryan,QB,17,246.92,97.25,1.35091921875,8.804117647058822,24.0,25.0,30.0,27.5,25.0,0.3398521259191177,64,20
2021,00-0033090,Hunter Henry,TE,16,189.3,96.05,1.3278603750000002,5.828125,25.75,26.75,31.75,29.25,26.75,0.3900870146484375,65,14
2021,00-0033110,Tyler Higbee,TE,15,177.5,90.85,1.3269753515624998,5.776666666666667,25.53333333333333,26.53333333333333,31.53333333333333,29.03333333333333,26.53333333333333,0.3888545833333333,66,15
2021,00-0036894,Pat Freiermuth,TE,16,181.7,88.89999999999999,1.3262891250000002,5.800000000000001,25.625,26.625,31.625,29.125,26.625,0.388193142578125,67,16
2021,00-0036613,Jaylen Waddle,WR,16,195.8,92.6,1.3243204062499994,6.45,47.9375,48.9375,53.9375,51.4375,48.9375,0.3952205805664062,68,16
2021,00-0036275,D'Andre Swift,RB,13,177.9,94.2,1.3094575000000002,6.438461538461539,34.23076923076923,35.23076923076923,40.23076923076923,37.73076923076923,35.23076923076923,0.3766294098557692,69,17
2021,00-0035685,David Montgomery,RB,13,176.0,94.05,1.3078294999999998,6.303846153846154,33.76923076923077,34.76923076923077,39.76923076923077,37.26923076923077,34.76923076923077,0.3814988251201923,70,18
2021,00-0036567,Elijah Mitchell,RB,11,155.5,87.30000000000001,1.2970988359374998,6.2,34.72727272727273,35.72727272727273,40.72727272727273,38.22727272727273,35.72727272727273,0.3768627102272727,71,19
2021,00-0036410,Tee Higgins,WR,14,182.1,92.4,1.2888482343749996,6.4071428571428575,47.642857142857146,48.642857142857146,53.642857142857146,51.142857142857146,48.642857142857146,0.3995876104910714,72,17
2021,00-0031237,Teddy Bridgewater,QB,14,216.68,92.26,1.2811573984375,8.887142857142857,24.0,25.0,30.0,27.5,25.0,0.3365475418526786,73,21
2021,00-0036252,Michael Pittman,WR,17,194.6,85.25,1.2664324531249995,6.432352941176471,47.70588235294117,48.70588235294117,53.70588235294117,51.20588235294117,48.70588235294117,0.3967179517463235,74,18
2021,00-0036212,Tua Tagovailoa,QB,13,200.92,90.73,1.2565046249999998,8.476153846153846,24.0,25.0,30.0,27.5,25.0,0.3403648305288461,75,22
2021,00-0036358,CeeDee Lamb,WR,16,193.3,88.25,1.2356182421874993,6.565625000000001,48.25,49.25,54.25,51.75,49.25,0.3982446762695312,76,19
2021,00-0031236,Brandin Cooks,WR,16,186.8,82.75000000000001,1.2109887421874994,6.503125000000001,47.875,48.875,53.875,51.375,48.875,0.3971075043945312,77,20
2021,00-0030035,Adam Thielen,WR,13,166.3,81.5,1.2098429609375,6.523076923076923,48.07692307692308,49.07692307692308,54.07692307692308,51.57692307692308,49.07692307692308,0.3989544765625,78,21
2021,00-0032144,Melvin Gordon,RB,16,181.1,79.8,1.2072076171874997,6.33125,34.4375,35.4375,40.4375,37.9375,35.4375,0.3781529892578125,79,20
2021,00-0022924,Ben Roethlisberger,QB,16,238.1,88.21,1.1776398125,9.368125,24.0,25.0,30.0,27.5,25.0,0.3442208989257812,80,23
2021,00-0034827,DJ Moore,WR,17,191.0,80.25,1.1499826484374998,6.514705882352941,48.0,49.0,54.0,51.5,49.0,0.3971780464154411,81,22
2021,00-0033106,Jared Goff,QB,14,210.5,82.53,1.1219570078125,9.140714285714283,24.0,25.0,30.0,27.5,25.0,0.3385598694196429,82,24
2021,00-0035662,Marquise Brown,WR,16,182.8,79.55,1.0844100859375,6.453125,47.875,48.875,53.875,51.375,48.875,0.3972474736328125,83,23
2021,00-0035664,Darrell Henderson,RB,12,148.9,73.10000000000001,1.0774041171875,6.316666666666666,34.833333333333336,35.833333333333336,40.833333333333336,38.333333333333336,35.833333333333336,0.3814372486979167,84,21
2021,00-0036997,Javonte Williams,RB,17,183.4,77.05000000000001,1.076710109375,6.255882352941177,34.47058823529412,35.47058823529412,40.47058823529412,37.97058823529412,35.47058823529412,0.3786393575367647,85,22
2021,00-0035710,Daniel Jones,QB,11,181.02,72.61000000000001,1.0692560624999998,9.855454545454544,24.0,25.0,30.0,27.5,25.0,0.3389519098011364,86,25
2021,00-0034270,Tyler Conklin,TE,17,168.8,69.45,1.0523646796875004,5.844117647058824,25.529411764705884,26.529411764705884,31.529411764705884,29.029411764705884,26.529411764705884,0.3900666066176471,87,17
2021,00-0036963,Amon-Ra St. Brown,WR,16,182.3,77.6,1.050354140625,6.54375,48.5625,49.5625,54.5625,52.0625,49.5625,0.3974511225585938,88,24
2021,00-0036971,Trevor Lawrence,QB,17,233.04,76.37,1.0351095781250004,9.215882352941176,24.0,25.0,30.0,27.5,25.0,0.3443913207720588,89,26
2021,00-0035250,Devin Singletary,RB,17,177.8,70.95,1.0118495234374998,6.28529411764706,34.294117647058826,35.294117647058826,40.294117647058826,37.794117647058826,35.294117647058826,0.3794752426470588,90,23
2021,00-0031544,Amari Cooper,WR,15,168.5,69.1,1.0000128437500002,6.626666666666667,48.333333333333336,49.333333333333336,54.333333333333336,51.833333333333336,49.333333333333336,0.3974316765625,91,25
2021,00-0035831,James Robinson,RB,14,158.4,70.5,0.9928655390625,6.278571428571429,34.285714285714285,35.285714285714285,40.285714285714285,37.785714285714285,35.285714285714285,0.3822314090401786,92,24
2021,00-0036309,Darnell Mooney,WR,17,179.20000000000002,68.4,0.9914693749999997,6.51764705882353,48.05882352941177,49.05882352941177,54.05882352941177,51.55882352941177,49.05882352941177,0.3975736493566176,93,26
2021,00-0034301,Darrel Williams,RB,17,172.5,66.25,0.9837582031249998,6.25,34.35294117647059,35.35294117647059,40.35294117647059,37.85294117647059,35.35294117647059,0.3798586295955882,94,25
2021,00-0035676,A.J. Brown,WR,13,149.4,64.8,0.962735359375,6.5076923076923086,48.15384615384615,49.15384615384615,54.15384615384615,51.65384615384615,49.15384615384615,0.3940172367788461,95,27
2021,00-0034869,Sam Darnold,QB,12,183.28,66.07000000000001,0.956325046875,9.7675,24.0,25.0,30.0,27.5,25.0,0.3366064309895833,96,27
2021,00-0034855,Baker Mayfield,QB,14,206.9,70.59000000000002,0.9515623046875,9.736428571428572,24.0,25.0,30.0,27.5,25.0,0.3460138962053571,97,28
2021,00-0033280,Christian McCaffrey,RB,7,109.0,65.7,0.9470329140624998,6.185714285714285,34.285714285714285,35.285714285714285,40.285714285714285,37.785714285714285,35.285714285714285,0.3787696517857143,98,26
2021,00-0035659,Terry McLaurin,WR,17,175.0,65.30000000000001,0.9275735859374998,6.452941176470588,48.23529411764706,49.23529411764706,54.23529411764706,51.73529411764706,49.23529411764706,0.3961541576286765,99,28
2021,00-0027061,Jared Cook,TE,16,156.4,63.3,0.9135143046875002,5.8187500000000005,25.4375,26.4375,31.4375,28.9375,26.4375,0.3885516826171875,100,18
2021,00-0033357,Taysom Hill,TE,12,133.72000000000003,64.92,0.8983858437500003,5.733333333333333,25.5,26.5,31.5,29.0,26.5,0.383071919921875,101,19
2021,00-0036898,Davis Mills,QB,13,176.95999999999998,64.08,0.8896902734375,8.683076923076923,24.0,25.0,30.0,27.5,25.0,0.3348199296874999,102,29
2021,00-0036265,AJ Dillon,RB,17,168.60000000000002,62.150000000000006,0.8810492031249997,6.261764705882353,34.35294117647059,35.35294117647059,40.35294117647059,37.85294117647059,35.35294117647059,0.3786785330882353,103,27
2021,00-0034775,Christian Kirk,WR,17,169.12,59.06999999999999,0.8618047968750001,6.473529411764707,47.94117647058823,48.94117647058823,53.94117647058823,51.44117647058823,48.94117647058823,0.3969010317095588,104,29
2021,00-0032134,C.J. Uzomah,TE,16,152.8,59.35,0.84631953125,5.840625,25.875,26.875,31.875,29.375,26.875,0.3907552963867187,105,20
2021,00-0030564,DeAndre Hopkins,WR,10,126.2,59.400000000000006,0.8085745468749996,6.68,48.7,49.7,54.7,52.2,49.7,0.39429585234375,106,30
2021,00-0033895,Gerald Everett,TE,15,141.8,55.8,0.8082778750000001,5.733333333333333,25.6,26.6,31.6,29.1,26.6,0.390630096875,107,21
2021,00-0034750,Rashaad Penny,RB,10,118.7,57.55,0.7975350781249999,6.115,33.8,34.8,39.8,37.3,34.8,0.38348006171875,108,28
2021,00-0036290,Cole Kmet,TE,17,151.20000000000002,52.55,0.7826502421875001,5.802941176470589,25.764705882352946,26.764705882352946,31.764705882352946,29.264705882352946,26.764705882352946,0.3898238543198529,109,22
2021,00-0030431,Robert Woods,WR,9,114.7,53.4,0.7588709453125,6.811111111111112,48.0,49.0,54.0,51.5,49.0,0.3949596553819444,110,31
2021,00-0037013,Zach Wilson,QB,13,173.86,56.720000000000006,0.75782990625,9.010769230769233,24.0,25.0,30.0,27.5,25.0,0.3392300384615385,111,30
2021,00-0036924,Michael Carter,RB,14,136.4,46.55,0.7069801484374998,6.417857142857144,34.42857142857143,35.42857142857143,40.42857142857143,37.92857142857143,35.42857142857143,0.38120449609375,112,29
2021,00-0034411,Russell Gage,WR,13,130.0,49.45,0.7039741640624997,6.196153846153847,47.69230769230769,48.69230769230769,53.69230769230769,51.19230769230769,48.69230769230769,0.3966524320913462,113,32
2021,00-0036980,Elijah Moore,WR,11,116.7,48.05,0.6921468984374999,6.240909090909091,47.36363636363637,48.36363636363637,53.36363636363637,50.86363636363637,48.36363636363637,0.3956346647727273,114,33
2021,00-0033307,Kendrick Bourne,WR,17,153.0,43.650000000000006,0.6794430781249996,6.432352941176471,47.70588235294117,48.70588235294117,53.70588235294117,51.20588235294117,48.70588235294117,0.3967179517463235,116,34
2021,00-0033009,Tyler Boyd,WR,16,150.34,46.09,0.6637606640625002,6.515625,47.8125,48.8125,53.8125,51.3125,48.8125,0.3995297104492187,117,35
2021,00-0034844,Saquon Barkley,RB,13,128.1,44.95,0.65972215625,6.396153846153847,33.76923076923077,34.76923076923077,39.76923076923077,37.26923076923077,34.76923076923077,0.3831262271634615,118,30
2021,00-0027793,Antonio Brown,WR,7,100.1,50.35,0.6546582109374999,7.107142857142857,49.42857142857143,50.42857142857143,55.42857142857143,52.92857142857143,50.42857142857143,0.3976281205357143,119,36
2021,00-0036912,DeVonta Smith,WR,17,153.6,44.25,0.6492099687499999,6.432352941176471,47.70588235294117,48.70588235294117,53.70588235294117,51.20588235294117,48.70588235294117,0.3967179517463235,120,37
2021,00-0034681,Chase Edmonds,RB,12,121.8,43.7,0.6489246249999998,6.508333333333334,34.416666666666664,35.416666666666664,40.41666666666666,37.91666666666666,35.416666666666664,0.3804392037760416,121,31
2021,00-0033923,Kareem Hunt,RB,8,99.0,45.6,0.6276772343749999,6.675,33.75,34.75,39.75,37.25,34.75,0.379545875,122,32
2021,00-0036360,Clyde Edwards-Helaire,RB,10,108.1,43.75,0.6181479531249998,6.435,33.8,34.8,39.8,37.3,34.8,0.38824990234375,123,33
2021,00-0034960,Jakobi Meyers,WR,16,144.8,40.6,0.5954744609374998,6.5125,47.8125,48.8125,53.8125,51.3125,48.8125,0.3966436909179687,124,38
2021,00-0035261,Tony Pollard,RB,15,137.1,43.00000000000001,0.5834226015624999,6.273333333333334,34.53333333333333,35.53333333333333,40.53333333333333,38.03333333333333,35.53333333333333,0.3799613651041667,125,34
2021,00-0035311,Myles Gaskin,RB,17,149.1,42.8,0.5817074609374998,6.252941176470588,34.47058823529412,35.47058823529412,40.47058823529412,37.97058823529412,35.47058823529412,0.3796031806066176,126,35
2021,00-0032602,J.D. McKissic,RB,11,106.4,36.25000000000001,0.5785896718750002,6.377272727272728,34.45454545454545,35.45454545454545,40.45454545454545,37.95454545454545,35.45454545454545,0.3785818188920454,127,36
2021,00-0033881,Evan Engram,TE,15,125.5,39.45,0.5701337734374998,5.736666666666667,26.0,27.0,32.0,29.5,27.0,0.3915091078125,128,23
2021,00-0036875,Rhamondre Stevenson,RB,12,107.9,34.75000000000001,0.5271604609374998,6.095833333333334,34.75,35.75,40.75,38.25,35.75,0.380066611328125,132,37
2021,00-0036326,Chase Claypool,WR,15,137.1,38.9,0.5250726640625001,6.546666666666667,48.4,49.4,54.4,51.9,49.4,0.3988377072916667,133,39
2021,00-0036415,Van Jefferson,WR,17,143.20000000000002,32.95,0.5128761796874999,6.485294117647059,47.94117647058823,48.94117647058823,53.94117647058823,51.44117647058823,48.94117647058823,0.3964407789522058,134,40
2021,00-0033925,D'Onta Foreman,RB,9,89.4,37.5,0.5127551406249997,5.766666666666668,34.55555555555556,35.55555555555556,40.55555555555556,38.05555555555556,35.55555555555556,0.3770823359375,135,38
2021,00-0034418,Cedrick Wilson Jr.,WR,14,125.32,30.82,0.5068681015625,6.75,48.85714285714285,49.85714285714285,54.85714285714285,52.35714285714285,49.85714285714285,0.39748337890625,136,41
2021,00-0036261,Brandon Aiyuk,WR,17,142.3,33.2,0.5015922734375002,6.41764705882353,47.88235294117647,48.88235294117647,53.88235294117647,51.38235294117647,48.88235294117647,0.3968187642463235,138,42
2021,00-0029293,Marvin Jones,WR,17,143.7,32.8,0.4968101562499999,6.523529411764706,48.1764705882353,49.1764705882353,54.1764705882353,51.6764705882353,49.1764705882353,0.3985017761948529,139,43
2021,00-0031260,Logan Thomas,TE,5,62.6,34.05,0.4948733281250001,5.71,25.0,26.0,31.0,28.5,26.0,0.3802807687499999,140,24
2021,00-0033885,David Njoku,TE,15,125.6,38.4,0.4931106796875003,5.8133333333333335,25.866666666666667,26.866666666666667,31.866666666666667,29.366666666666667,26.866666666666667,0.3918171489583333,142,25
2021,00-0031285,Devonta Freeman,RB,16,129.6,33.5,0.4732743906249999,6.0062500000000005,34.5625,35.5625,40.5625,38.0625,35.5625,0.377538708984375,143,39
2021,00-0033871,Corey Davis,WR,9,88.2,31.000000000000004,0.4680600781249998,6.355555555555556,47.888888888888886,48.888888888888886,53.888888888888886,51.388888888888886,48.888888888888886,0.3945893055555556,144,44
2021,00-0034521,Allen Lazard,WR,14,122.5,30.95,0.4660981562499998,6.539285714285716,47.71428571428572,48.71428571428572,53.71428571428572,51.21428571428572,48.71428571428572,0.3984443872767857,145,45
2021,00-0034011,Dan Arnold,TE,11,93.3,28.0,0.4459955234375001,5.9363636363636365,25.454545454545453,26.454545454545453,31.454545454545453,28.954545454545453,26.454545454545453,0.3881558082386363,147,26
2021,00-0031382,Jarvis Landry,WR,12,107.0,30.75,0.4386936328125,6.354166666666667,48.25,49.25,54.25,51.75,49.25,0.3934527721354167,148,46
2021,00-0034414,Boston Scott,RB,11,92.1,26.500000000000004,0.4280404296874998,5.963636363636363,34.63636363636363,35.63636363636363,40.63636363636363,38.13636363636363,35.63636363636363,0.3761510802556818,149,40
2021,00-0033375,Tim Patrick,WR,16,129.9,26.5,0.3961252109374997,6.4625,48.0,49.0,54.0,51.5,49.0,0.3965032211914062,151,47
2021,00-0027942,A.J. Green,WR,16,129.8,25.95,0.3876080312499998,6.4906250000000005,48.3125,49.3125,54.3125,51.8125,49.3125,0.3957503315429687,153,48
2021,00-0032392,Austin Hooper,TE,15,111.5,23.05,0.3559541953124998,5.8966666666666665,25.6,26.6,31.6,29.1,26.6,0.391574615625,156,27
2021,00-0036357,Henry Ruggs III,WR,7,72.5,24.40000000000001,0.3548450468749998,6.871428571428572,48.71428571428572,49.71428571428572,54.71428571428572,52.21428571428572,49.71428571428572,0.3936844285714286,158,49
2021,00-0036556,Brevin Jordan,TE,8,65.8,20.5,0.323497625,5.6625000000000005,26.125,27.125,32.125,29.625,27.125,0.4004210595703125,162,28
2021,00-0031547,DeVante Parker,WR,9,83.5,22.5,0.3192347421875,6.777777777777778,49.0,50.0,55.0,52.5,50.0,0.3925059470486111,163,50
2021,00-0036345,K.J. Osborn,WR,17,133.5,22.6,0.3149619140624999,6.523529411764706,48.1764705882353,49.1764705882353,54.1764705882353,51.6764705882353,49.1764705882353,0.3985017761948529,165,51
2021,00-0034837,Calvin Ridley,WR,5,55.6,21.300000000000004,0.3100561484374998,6.859999999999999,49.2,50.2,55.2,52.7,50.2,0.3888244375,166,52
2021,00-0031951,James O'Shaughnessy,TE,7,62.4,21.65,0.3043943515625002,5.821428571428571,25.285714285714285,26.285714285714285,31.285714285714285,28.785714285714285,26.285714285714285,0.3897291205357143,167,29
2021,00-0033215,Cyril Grayson,WR,3,39.6,19.0,0.2797049921875,6.866666666666667,49.0,50.0,55.0,52.5,50.0,0.3946691119791666,169,53
2021,00-0031558,Maxx Williams,TE,5,49.3,17.95,0.2744103828125,6.2700000000000005,24.4,25.4,30.4,27.9,25.4,0.377337940625,170,30
2021,00-0027685,Emmanuel Sanders,WR,14,110.7,19.349999999999994,0.2720744921875,6.525,48.285714285714285,49.285714285714285,54.285714285714285,51.785714285714285,49.285714285714285,0.3994382806919643,171,54
2021,00-0033611,Ricky Seals-Jones,TE,11,84.10000000000001,19.0,0.2609131249999999,5.918181818181819,25.545454545454547,26.545454545454547,31.545454545454547,29.045454545454547,26.545454545454547,0.3930004374999999,174,31
2022,00-0033873,Patrick Mahomes,QB,17,440.9,302.98,4.180606640625,8.112941176470589,24.0,25.0,29.94117647058824,27.47058823529412,25.0,0.3416837306985294,1,1
2022,00-0034857,Josh Allen,QB,16,423.52,289.61,4.0439135390625,8.369375,24.0,25.0,29.9375,27.46875,25.0,0.3439967480468749,2,2
2022,00-0030506,Travis Kelce,TE,17,371.3,279.90000000000003,3.839905078125,5.376470588235295,25.58823529411765,26.58823529411765,31.58823529411765,29.08823529411765,26.58823529411765,0.3915724292279411,3,1
2022,00-0036389,Jalen Hurts,QB,15,390.04,265.39,3.679813,8.31,24.0,25.0,29.933333333333334,27.466666666666665,25.0,0.3418922260416667,4,3
2022,00-0036442,Joe Burrow,QB,16,374.7,242.67,3.3874980234375,8.251875,24.0,25.0,29.9375,27.46875,25.0,0.3436038608398437,5,4
2022,00-0033699,Austin Ekeler,RB,17,319.2,220.4,2.9847918203125,5.811764705882354,35.0,36.0,41.0,38.5,36.0,0.3844523538602941,6,1
2022,00-0033280,Christian McCaffrey,RB,17,313.86,211.71,2.9460527421875,6.008823529411765,34.8235294117647,35.8235294117647,40.8235294117647,38.3235294117647,35.8235294117647,0.3828544912683823,7,2
2022,00-0035700,Josh Jacobs,RB,17,301.8,201.4,2.7511168515625,5.905882352941177,35.11764705882353,36.11764705882353,41.11764705882353,38.61764705882353,36.11764705882353,0.3837183612132352,8,3
2022,00-0036322,Justin Jefferson,WR,17,304.66,199.76,2.7143293515625,6.170588235294118,47.41176470588236,48.41176470588236,53.41176470588236,50.91176470588236,48.41176470588236,0.3997785096507353,9,1
2022,00-0036945,Justin Fields,QB,15,317.98,198.89,2.6559300781250004,7.939333333333334,24.0,25.0,29.933333333333334,27.466666666666665,25.0,0.3396976171875,10,5
2022,00-0032764,Derrick Henry,RB,16,286.26,192.01,2.6227796171875,5.890625,34.9375,35.9375,40.9375,38.4375,35.9375,0.3829851591796875,11,4
2022,00-0030565,Geno Smith,QB,17,325.88,185.74,2.5895625,8.243529411764706,24.0,25.0,29.94117647058824,27.47058823529412,25.0,0.3417685661764706,12,6
2022,00-0031381,Davante Adams,WR,17,285.5,179.25,2.4528596406250003,6.250000000000001,47.47058823529412,48.47058823529412,53.47058823529412,50.97058823529412,48.47058823529412,0.4012119499080882,13,2
2022,00-0029604,Kirk Cousins,QB,17,319.58,178.07,2.4456443125000003,8.324117647058824,24.0,25.0,29.94117647058824,27.47058823529412,25.0,0.3441462683823529,14,7
2022,00-0036971,Trevor Lawrence,QB,17,311.62,171.48000000000002,2.4233469843750006,8.243529411764706,24.0,25.0,29.94117647058824,27.47058823529412,25.0,0.3417685661764706,15,8
2022,00-0033040,Tyreek Hill,WR,17,281.7,175.4,2.3607204140625,6.252941176470589,47.41176470588236,48.41176470588236,53.41176470588236,50.91176470588236,48.41176470588236,0.399749223805147,16,3
2022,00-0034791,Nick Chubb,RB,17,267.90000000000003,165.75,2.3576295000000003,6.008823529411765,34.8235294117647,35.8235294117647,40.8235294117647,38.3235294117647,35.8235294117647,0.3828544912683823,17,5
2022,00-0031588,Stefon Diggs,WR,16,262.6,163.65,2.3337652265625,6.184375,48.125,49.125,54.125,51.625,49.125,0.4002717465820312,18,4
2022,00-0036355,Justin Herbert,QB,17,300.26,162.34,2.2968304453125,8.112941176470589,24.0,25.0,29.94117647058824,27.47058823529412,25.0,0.3416837306985294,19,9
2022,00-0034844,Saquon Barkley,RB,16,255.50000000000003,159.4,2.2914005000000004,6.0062500000000005,34.9375,35.9375,40.9375,38.4375,35.9375,0.3831127846679687,20,6
2022,00-0035710,Daniel Jones,QB,16,299.0,161.98999999999998,2.216294125,8.563125000000001,24.0,25.0,30.0,27.5,25.0,0.3440782089843749,21,10
2022,00-0035229,T.J. Hockenson,TE,17,260.4,168.75,2.1872068515625003,5.391176470588236,25.41176470588235,26.41176470588235,31.41176470588235,28.91176470588235,26.41176470588235,0.3930039034926471,22,2
2022,00-0035676,A.J. Brown,WR,17,255.6,150.7,2.1257948984375004,6.170588235294118,47.41176470588236,48.41176470588236,53.41176470588236,50.91176470588236,48.41176470588236,0.3997785096507353,23,5
2022,00-0033288,George Kittle,TE,15,230.5,148.9,2.1014503125,5.44,25.53333333333333,26.53333333333333,31.53333333333333,29.03333333333333,26.53333333333333,0.3902897994791666,24,3
2022,00-0033106,Jared Goff,QB,17,297.82,156.09,2.0893064531250003,8.337058823529413,24.0,25.0,29.94117647058824,27.47058823529412,25.0,0.3442557279411765,25,11
2022,00-0034796,Lamar Jackson,QB,12,250.08,151.26,2.054196609375,8.235000000000001,24.0,25.0,29.916666666666668,27.45833333333333,25.0,0.3423186777343749,26,12
2022,00-0019596,Tom Brady,QB,17,289.66,149.51999999999998,2.0062561015625,8.243529411764706,24.0,25.0,29.94117647058824,27.47058823529412,25.0,0.3417685661764706,27,13
2022,00-0034753,Mark Andrews,TE,15,227.0,144.25,2.0027907578125004,5.516666666666667,25.2,26.2,31.2,28.7,26.2,0.3917268192708333,28,4
2022,00-0036358,CeeDee Lamb,WR,17,248.1,140.5,1.9885370234375,6.329411764705883,47.8235294117647,48.8235294117647,53.8235294117647,51.3235294117647,48.8235294117647,0.3997153138786765,29,6
2022,00-0036212,Tua Tagovailoa,QB,13,246.92,136.47,1.8064600859375004,8.496153846153847,24.0,25.0,29.923076923076923,27.46153846153846,25.0,0.3421209104567307,30,14
2022,00-0035261,Tony Pollard,RB,16,229.3,133.3,1.7985335468750006,6.0,34.625,35.625,40.625,38.125,35.625,0.3820672973632812,31,7
2022,00-0036900,Ja'Marr Chase,WR,12,198.9,121.45,1.7885240000000002,6.454166666666667,48.25,49.25,54.25,51.75,49.25,0.3996898587239583,32,7
2022,00-0033077,Dak Prescott,QB,12,228.6,127.62,1.7458647109375,8.415000000000001,24.0,25.0,30.0,27.5,25.0,0.3428818372395834,33,15
2022,00-0033948,Jamaal Williams,RB,17,219.9,119.5,1.7403582031250002,5.905882352941177,35.11764705882353,36.11764705882353,41.11764705882353,38.61764705882353,36.11764705882353,0.3837183612132352,34,8
2022,00-0035228,Kyler Murray,QB,11,214.52,125.25,1.7134969921875003,8.115454545454547,24.0,25.0,29.90909090909091,27.454545454545453,25.0,0.3407014048295455,35,16
2022,00-0031280,Derek Carr,QB,15,247.08,121.19,1.7084161406250005,8.392666666666667,24.0,25.0,29.933333333333334,27.466666666666665,25.0,0.3443647348958333,36,17
2022,00-0036875,Rhamondre Stevenson,RB,17,214.6,114.7,1.6697908046875,5.876470588235295,35.11764705882353,36.11764705882353,41.11764705882353,38.61764705882353,36.11764705882353,0.3838425294117646,37,9
2022,00-0023459,Aaron Rodgers,QB,17,263.2,123.59,1.6639925703125005,8.212352941176471,24.0,25.0,29.94117647058824,27.47058823529412,25.0,0.3414696199448529,38,18
2022,00-0033893,Dalvin Cook,RB,17,218.3,118.9,1.6492380000000004,5.847058823529412,35.05882352941177,36.05882352941177,41.05882352941177,38.55882352941177,36.05882352941177,0.3852174958639706,39,10
2022,00-0033293,Aaron Jones,RB,17,219.1,118.8,1.6396712421875002,5.9,35.23529411764706,36.23529411764706,41.23529411764706,38.73529411764706,36.23529411764706,0.3838529489889706,40,11
2022,00-0036963,Amon-Ra St. Brown,WR,16,214.6,115.3,1.6376782968750003,6.206250000000001,47.8125,48.8125,53.8125,51.3125,48.8125,0.4004354223632812,41,8
2022,00-0033897,Joe Mixon,RB,14,209.5,128.95,1.6375600546875,5.753571428571428,34.92857142857143,35.92857142857143,40.92857142857143,38.42857142857143,35.92857142857143,0.3831144587053571,42,12
2022,00-0029263,Russell Wilson,QB,15,247.26,115.82000000000002,1.6066118593749998,8.762666666666666,24.0,25.0,30.0,27.5,25.0,0.3478104546875,43,19
2022,00-0033881,Evan Engram,TE,17,213.4,121.2,1.5853646015625,5.423529411764706,25.58823529411765,26.58823529411765,31.58823529411765,29.08823529411765,26.58823529411765,0.3912975707720588,44,5
2022,00-0036613,Jaylen Waddle,WR,17,221.7,115.4,1.5517966562500003,6.252941176470589,47.41176470588236,48.41176470588236,53.41176470588236,50.91176470588236,48.41176470588236,0.399749223805147,45,9
2022,00-0032268,Marcus Mariota,QB,13,214.56,109.16,1.5105186953125,8.107692307692307,24.0,25.0,29.923076923076923,27.46153846153846,25.0,0.3393626550480769,46,20
2022,00-0036912,DeVonta Smith,WR,17,209.1,104.2,1.4863283515625,6.170588235294118,47.41176470588236,48.41176470588236,53.41176470588236,50.91176470588236,48.41176470588236,0.3997785096507353,47,10
2022,00-0035243,Miles Sanders,RB,17,206.7,107.3,1.4816335781250003,5.847058823529412,35.05882352941177,36.05882352941177,41.05882352941177,38.55882352941177,36.05882352941177,0.3852174958639706,48,13
2022,00-0036893,Najee Harris,RB,17,204.96,102.81,1.4653170703125002,6.008823529411765,34.8235294117647,35.8235294117647,40.8235294117647,38.3235294117647,35.8235294117647,0.3828544912683823,49,14
2022,00-0033908,Cooper Kupp,WR,9,163.9,108.45,1.45355565625,6.161111111111111,47.888888888888886,48.888888888888886,53.888888888888886,51.388888888888886,48.888888888888886,0.4003762942708333,50,11
2022,00-0038134,Kenneth Walker III,RB,15,189.0,100.75,1.4202269218750003,5.883333333333334,35.266666666666666,36.266666666666666,41.266666666666666,38.766666666666666,36.266666666666666,0.3834880473958333,51,15
2022,00-0033553,James Conner,RB,13,177.2,101.29999999999998,1.4088550546875,5.838461538461539,35.38461538461539,36.38461538461539,41.38461538461539,38.88461538461539,36.38461538461539,0.3873854140625,52,16
2022,00-0033885,David Njoku,TE,14,171.0,93.55,1.4030384921875,5.5321428571428575,25.642857142857142,26.642857142857142,31.642857142857142,29.142857142857142,26.642857142857142,0.3886239681919642,53,6
2022,00-0033110,Tyler Higbee,TE,16,188.0,102.15,1.389953296875,5.3656250000000005,25.625,26.625,31.625,29.125,26.625,0.3914123393554687,54,7
2022,00-0034775,Christian Kirk,WR,17,199.9,93.6,1.3877228359375002,6.252941176470589,47.41176470588236,48.41176470588236,53.41176470588236,50.91176470588236,48.41176470588236,0.399749223805147,55,12
2022,00-0034351,Dallas Goedert,TE,12,168.7,103.05,1.3829664765625005,5.470833333333334,26.166666666666668,27.166666666666668,32.166666666666664,29.666666666666668,27.166666666666668,0.3892582141927083,56,8
2022,00-0031544,Amari Cooper,WR,17,209.0,101.4,1.377412703125,6.329411764705883,47.8235294117647,48.8235294117647,53.8235294117647,51.3235294117647,48.8235294117647,0.3997153138786765,57,13
2022,00-0032211,Tyler Lockett,WR,16,197.3,96.8,1.3701510781250004,6.28125,47.375,48.375,53.375,50.875,48.375,0.3992043544921875,58,14
2022,00-0036898,Davis Mills,QB,15,211.52,92.15,1.3374526875,7.958,24.0,25.0,29.933333333333334,27.466666666666665,25.0,0.3411983390625,59,21
2022,00-0036894,Pat Freiermuth,TE,15,179.7,97.8,1.3359255234375,5.46,25.33333333333333,26.33333333333333,31.33333333333333,28.83333333333333,26.33333333333333,0.3928852776041667,60,9
2022,00-0033856,Leonard Fournette,RB,16,191.6,98.35,1.322269375,5.828125,35.0,36.0,41.0,38.5,36.0,0.3836460083007812,61,17
2022,00-0036410,Tee Higgins,WR,14,183.9,96.45,1.3053802812500006,6.246428571428572,47.71428571428572,48.71428571428572,53.71428571428572,51.21428571428572,48.71428571428572,0.3992444235491071,62,15
2022,00-0034383,Dalton Schultz,TE,15,171.2,89.85,1.3039778203125,5.423333333333334,25.33333333333333,26.33333333333333,31.33333333333333,28.83333333333333,26.33333333333333,0.3925332833333333,63,10
2022,00-0033906,Alvin Kamara,RB,15,183.2,95.55,1.2777542812500005,5.843333333333334,35.2,36.2,41.2,38.7,36.2,0.3816928734374999,64,18
2022,00-0033045,Ezekiel Elliott,RB,15,177.3,87.05,1.2518660625000004,6.016666666666667,34.93333333333333,35.93333333333333,40.93333333333333,38.43333333333333,35.93333333333333,0.3841243401041667,65,19
2022,00-0035659,Terry McLaurin,WR,17,190.5,84.3,1.2511857578125003,6.247058823529412,47.1764705882353,48.1764705882353,53.1764705882353,50.6764705882353,48.1764705882353,0.3999796985294117,66,16
2022,00-0033895,Gerald Everett,TE,15,168.5,87.15,1.2509878203125,5.423333333333334,25.73333333333333,26.73333333333333,31.73333333333333,29.23333333333333,26.73333333333333,0.3917860416666666,67,11
2022,00-0036275,D'Andre Swift,RB,14,167.10000000000002,85.0,1.2263808203125002,5.864285714285715,34.785714285714285,35.785714285714285,40.785714285714285,38.285714285714285,35.785714285714285,0.3865018392857142,68,20
2022,00-0031408,Mike Evans,WR,15,186.9,94.2,1.21648453125,6.180000000000001,47.266666666666666,48.266666666666666,53.266666666666666,50.766666666666666,48.266666666666666,0.4007637203124999,69,17
2022,00-0027973,Andy Dalton,QB,14,192.24,85.19999999999999,1.1637515,7.645714285714286,24.0,25.0,29.928571428571427,27.464285714285715,25.0,0.3392945669642856,70,22
2022,00-0036973,Travis Etienne,RB,17,187.6,87.2,1.150302468750001,5.905882352941177,35.0,36.0,41.0,38.5,36.0,0.3834949397977941,71,21
2022,00-0030061,Zach Ertz,TE,10,139.1,84.0,1.1338241328124998,5.51,25.1,26.1,31.1,28.6,26.1,0.392156584375,72,12
2022,00-0036261,Brandon Aiyuk,WR,17,188.8,81.2,1.131034203125,6.329411764705883,47.8235294117647,48.8235294117647,53.8235294117647,51.3235294117647,48.8235294117647,0.3997153138786765,73,18
2022,00-0036290,Cole Kmet,TE,17,172.29999999999998,79.35,1.1301180234375,5.4676470588235295,25.58823529411765,26.58823529411765,31.58823529411765,29.08823529411765,26.58823529411765,0.3916540735294118,74,13
2022,00-0036972,Mac Jones,QB,14,192.08,76.32,1.1161881484375,8.268571428571429,24.0,25.0,29.928571428571427,27.464285714285715,25.0,0.3430861724330357,75,23
2022,00-0033921,Chris Godwin Jr.,WR,15,170.8,78.35,1.1149979453125,6.163333333333333,46.86666666666667,47.86666666666667,52.86666666666667,50.36666666666667,47.86666666666667,0.400539028125,76,19
2022,00-0036407,Jerry Jeudy,WR,15,170.70000000000002,75.9,1.1067902890625,6.320000000000001,47.66666666666666,48.66666666666666,53.66666666666666,51.16666666666666,48.66666666666666,0.3983224192708333,77,20
2022,00-0026143,Matt Ryan,QB,12,181.28,76.02000000000001,1.099257765625,8.771666666666667,24.0,25.0,30.0,27.5,25.0,0.3417144694010416,78,24
2022,00-0031345,Jimmy Garoppolo,QB,11,172.78,80.51,1.0867132578125005,8.388181818181819,24.0,25.0,30.0,27.5,25.0,0.3403969424715909,79,25
2022,00-0035689,Dawson Knox,TE,15,159.7,77.89999999999999,1.0716961406249998,5.453333333333334,25.066666666666663,26.066666666666663,31.066666666666663,28.566666666666663,26.066666666666663,0.3934449036458333,80,14
2022,00-0035640,DK Metcalf,WR,17,181.8,75.5,1.0613803593750002,6.252941176470589,47.41176470588236,48.41176470588236,53.41176470588236,50.91176470588236,48.41176470588236,0.399749223805147,81,21
2022,00-0030279,Keenan Allen,WR,10,131.0,67.65,1.0367908125,6.335000000000001,47.3,48.3,53.3,50.8,48.3,0.4001474929687499,82,22
2022,00-0037258,Dameon Pierce,RB,13,151.4,74.55,1.0190686250000005,5.911538461538462,34.76923076923077,35.76923076923077,40.76923076923077,38.26923076923077,35.76923076923077,0.3826285504807692,83,22
2022,00-0037740,Garrett Wilson,WR,17,174.2,68.69999999999999,1.01386496875,6.2058823529411775,47.294117647058826,48.294117647058826,53.294117647058826,50.794117647058826,48.294117647058826,0.4004696052389706,84,23
2022,00-0036252,Michael Pittman,WR,16,167.0,67.5,1.0118980234375003,6.21875,46.875,47.875,52.875,50.375,47.875,0.4005744106445312,85,24
2022,00-0036223,Jonathan Taylor,RB,11,132.4,64.25,0.9783239765625,6.195454545454546,35.0,36.0,41.0,38.5,36.0,0.3817908153409091,86,23
2022,00-0030513,Latavius Murray,RB,13,140.70000000000002,65.30000000000001,0.9628986093750004,5.800000000000001,35.0,36.0,41.0,38.5,36.0,0.3800691292067307,87,24
2022,00-0037239,Chris Olave,WR,15,162.20000000000002,67.05,0.9605065781250002,6.343333333333334,47.06666666666667,48.06666666666667,53.06666666666667,50.56666666666667,48.06666666666667,0.4002684505208333,88,25
2022,00-0034270,Tyler Conklin,TE,17,160.5,68.89999999999999,0.9564904453125002,5.388235294117648,25.58823529411765,26.58823529411765,31.58823529411765,29.08823529411765,26.58823529411765,0.3913766277573529,89,15
2022,00-0029701,Ryan Tannehill,QB,12,173.24,65.86,0.9359602968750004,8.948333333333334,24.0,25.0,30.0,27.5,25.0,0.3456614557291666,90,26
2022,00-0031376,Jerick McKinnon,RB,17,168.3,69.5,0.9350097421875004,5.811764705882354,35.0,36.0,41.0,38.5,36.0,0.3844523538602941,91,25
2022,00-0035250,Devin Singletary,RB,16,158.9,65.65,0.9297570312500004,5.828125,34.875,35.875,40.875,38.375,35.875,0.3845779897460937,92,26
2022,00-0036040,Juwan Johnson,TE,16,155.8,68.14999999999999,0.9276484999999997,5.478125,25.6875,26.6875,31.6875,29.1875,26.6875,0.3904442158203125,93,16
2022,00-0030564,DeAndre Hopkins,WR,9,119.7,66.8,0.9200032968750002,5.877777777777778,48.333333333333336,49.333333333333336,54.333333333333336,51.833333333333336,49.333333333333336,0.4057725364583333,94,26
2022,00-0034364,Jordan Akins,TE,15,135.0,55.2,0.9199206875,5.320000000000001,25.6,26.6,31.6,29.1,26.6,0.3924193562499999,95,17
2022,00-0035685,David Montgomery,RB,16,160.70000000000002,66.45,0.9137761718750002,5.890625,35.0,36.0,41.0,38.5,36.0,0.3840687202148437,96,27
2022,00-0038102,Kenny Pickett,QB,13,167.86,64.28999999999999,0.900989234375,7.966923076923077,24.0,25.0,30.0,27.5,25.0,0.3430693389423077,97,27
2022,00-0030578,Cordarrelle Patterson,RB,13,138.2,61.55,0.8997693203125001,5.896153846153847,35.38461538461539,36.38461538461539,41.38461538461539,38.88461538461539,36.38461538461539,0.3880724801682692,98,28
2022,00-0038124,Christian Watson,WR,14,143.60000000000002,56.400000000000006,0.8933913359375002,6.228571428571429,46.71428571428572,47.71428571428572,52.71428571428572,50.21428571428572,47.71428571428572,0.4002698102678571,99,27
2022,00-0033119,Jacoby Brissett,QB,14,180.62,62.95,0.8818510078125004,8.405,24.0,25.0,30.0,27.5,25.0,0.3403211428571429,100,28
2022,00-0033357,Taysom Hill,TE,16,150.3,64.25,0.869694125,5.378125000000001,25.6875,26.6875,31.6875,29.1875,26.6875,0.3918552465820312,101,18
2022,00-0038120,Breece Hall,RB,7,105.6,62.0,0.8601622890625003,6.228571428571429,34.714285714285715,35.714285714285715,40.71428571428572,38.21428571428572,35.714285714285715,0.3833989966517857,102,29
2022,00-0033891,Zay Jones,WR,16,157.1,57.74999999999999,0.8538419062500001,6.2093750000000005,47.75,48.75,53.75,51.25,48.75,0.3988812758789062,103,28
2022,00-0034960,Jakobi Meyers,WR,14,148.8,62.7,0.8388635468750002,6.15,47.0,48.0,53.0,50.5,48.0,0.3992178973214285,104,29
2022,00-0034827,DJ Moore,WR,17,167.60000000000002,62.150000000000006,0.8331634531249998,6.202941176470588,47.41176470588236,48.41176470588236,53.41176470588236,50.91176470588236,48.41176470588236,0.402061473805147,105,30
2022,00-0034830,Hayden Hurst,TE,13,131.4,60.25,0.824340828125,5.473076923076923,25.23076923076923,26.23076923076923,31.23076923076923,28.73076923076923,26.23076923076923,0.3928940060096154,106,19
2022,00-0033536,Mike Williams,WR,13,145.0,62.45,0.8180128671874998,6.3500000000000005,47.30769230769231,48.30769230769231,53.30769230769231,50.80769230769231,48.30769230769231,0.4021133287259615,107,31
2022,00-0037263,Tyler Allgeier,RB,16,151.4,58.24999999999999,0.8075995703125002,5.821875,35.25,36.25,41.25,38.75,36.25,0.3835464916992187,108,30
2022,00-0031800,Taylor Heinicke,QB,9,127.96,60.63,0.8060065468750002,7.481111111111111,24.0,25.0,29.88888888888889,27.444444444444443,25.0,0.3358059592013889,109,29
2022,00-0031687,Raheem Mostert,RB,16,152.8,59.55,0.805272953125,5.828125,35.0,36.0,41.0,38.5,36.0,0.3836460083007812,110,31
2022,00-0036265,AJ Dillon,RB,17,153.60000000000002,53.3,0.7921257500000004,5.9,35.23529411764706,36.23529411764706,41.23529411764706,38.73529411764706,36.23529411764706,0.3838529489889706,111,32
2022,00-0035644,Noah Fant,TE,17,147.6,55.39999999999999,0.7909082734375001,5.423529411764706,25.58823529411765,26.58823529411765,31.58823529411765,29.08823529411765,26.58823529411765,0.3912975707720588,112,20
2022,00-0036328,Antonio Gibson,RB,15,142.9,54.8,0.7795407968750003,5.873333333333334,35.2,36.2,41.2,38.7,36.2,0.3834219161458333,113,33
2022,00-0032950,Carson Wentz,QB,8,130.8,57.49999999999999,0.777064515625,9.1625,24.0,25.0,30.0,27.5,25.0,0.3522445908203125,114,30
2022,00-0035719,Deebo Samuel Sr.,WR,13,140.4,57.04999999999999,0.7679899296874999,6.411538461538462,48.84615384615385,49.84615384615385,54.84615384615385,52.34615384615385,49.84615384615385,0.4002821694711538,115,32
2022,00-0036196,Gabe Davis,WR,15,147.6,55.35,0.7581476484375,6.15,47.86666666666667,48.86666666666667,53.86666666666667,51.36666666666667,48.86666666666667,0.4009255760416667,116,33
2022,00-0034521,Allen Lazard,WR,15,144.8,51.3,0.7201719531250002,6.233333333333333,46.93333333333333,47.93333333333333,52.93333333333333,50.43333333333333,47.93333333333333,0.4010444671875,117,34
2022,00-0034115,Jeff Wilson,RB,16,147.5,52.9,0.7145811093750005,5.9125000000000005,34.75,35.75,40.75,38.25,35.75,0.3839745190429687,118,34
2022,00-0037252,Greg Dulcich,TE,10,102.6,50.1,0.7101737265624999,5.25,24.5,25.5,30.5,28.0,25.5,0.3930964914062499,119,21
2022,00-0031610,Darren Waller,TE,8,98.8,51.25,0.6925114843750001,5.9437500000000005,26.375,27.375,32.375,29.875,27.375,0.388318419921875,120,22
2022,00-0036414,Cam Akers,RB,15,134.8,46.8,0.6765253671875003,5.866666666666666,35.2,36.2,41.2,38.7,36.2,0.3866616880208333,121,35
2022,00-0033757,Robert Tonyan,TE,17,138.5,45.54999999999999,0.6540788359375,5.4676470588235295,25.58823529411765,26.58823529411765,31.58823529411765,29.08823529411765,26.58823529411765,0.3916540735294118,124,23
2022,00-0033857,JuJu Smith-Schuster,WR,16,146.3,45.39999999999999,0.645329796875,6.30625,47.3125,48.3125,53.3125,50.8125,48.3125,0.4005528989257812,127,35
2022,00-0037746,Brian Robinson,RB,12,108.2,40.4,0.6270528125000006,5.65,35.583333333333336,36.583333333333336,41.583333333333336,39.083333333333336,36.583333333333336,0.3812830110677083,128,36
2022,00-0035662,Marquise Brown,WR,12,122.5,44.15,0.6100050703125,6.529166666666668,47.16666666666666,48.16666666666666,53.16666666666666,50.66666666666666,48.16666666666666,0.4010177662760417,129,36
2022,00-0030035,Adam Thielen,WR,17,145.0,40.09999999999999,0.598313203125,6.170588235294118,47.41176470588236,48.41176470588236,53.41176470588236,50.91176470588236,48.41176470588236,0.3997785096507353,130,37
2022,00-0033009,Tyler Boyd,WR,16,138.12,38.56999999999999,0.5902372500000002,6.221875000000001,48.0,49.0,54.0,51.5,49.0,0.4010060356445312,131,38
2022,00-0036906,Khalil Herbert,RB,13,113.3,36.9,0.5796147656250001,5.876923076923077,35.0,36.0,41.0,38.5,36.0,0.3845372554086538,132,37
2022,00-0033090,Hunter Henry,TE,16,124.4,38.2,0.5789097812500001,5.3875,25.625,26.625,31.625,29.125,26.625,0.3921973818359375,133,24
2022,00-0037238,Drake London,WR,17,142.6,36.4,0.5612969609375001,6.247058823529412,47.1764705882353,48.1764705882353,53.1764705882353,50.6764705882353,48.1764705882353,0.3999796985294117,134,39
2022,00-0033925,D'Onta Foreman,RB,16,128.5,35.9,0.5161496796875006,5.7875000000000005,35.125,36.125,41.125,38.625,36.125,0.3835078178710937,135,38
2022,00-0037838,Isaiah Likely,TE,14,109.3,34.3,0.5100238828125001,5.357142857142857,25.714285714285715,26.714285714285715,31.714285714285715,29.214285714285715,26.714285714285715,0.3897580563616071,137,25
2022,00-0031236,Brandin Cooks,WR,13,117.1,33.2,0.5074141640625,6.453846153846154,47.53846153846154,48.53846153846154,53.53846153846154,51.03846153846154,48.53846153846154,0.4017633197115385,138,40
2022,00-0036970,Kyle Pitts,TE,10,89.60000000000001,35.00000000000001,0.4949700624999998,5.46,25.1,26.1,31.1,28.6,26.1,0.3950251265625,139,26
2022,00-0037741,Jahan Dotson,WR,12,113.1,34.849999999999994,0.4948467734375,6.520833333333333,47.25,48.25,53.25,50.75,48.25,0.3985754016927083,140,41
2022,00-0037197,Isiah Pacheco,RB,17,128.5,29.7,0.4894094062500003,5.811764705882354,35.0,36.0,41.0,38.5,36.0,0.3844523538602941,141,39
2022,00-0037247,George Pickens,WR,17,140.5,32.9,0.4871487265625003,6.329411764705883,47.8235294117647,48.8235294117647,53.8235294117647,51.3235294117647,48.8235294117647,0.3997153138786765,142,42
2022,00-0033282,Curtis Samuel,WR,17,144.3,38.1,0.4835647265625,6.247058823529412,47.1764705882353,48.1764705882353,53.1764705882353,50.6764705882353,48.1764705882353,0.3999796985294117,143,43
2022,00-0036360,Clyde Edwards-Helaire,RB,10,89.8,32.74999999999999,0.4821511171875,5.705,34.9,35.9,40.9,38.4,35.9,0.3842041046875,144,40
2022,00-0036988,Josh Palmer,WR,16,133.3,33.8,0.4674829609375,6.21875,47.3125,48.3125,53.3125,50.8125,48.3125,0.4005840151367187,146,44
2022,00-0037809,Chig Okonkwo,TE,16,113.2,28.45,0.4645290625,5.296875,25.5,26.5,31.5,29.0,26.5,0.3932894409179687,147,27
2022,00-0034348,Courtland Sutton,WR,15,127.4,32.2,0.463361703125,6.346666666666667,47.66666666666666,48.66666666666666,53.66666666666666,51.16666666666666,48.66666666666666,0.3988535479166666,148,45
2022,00-0035216,Diontae Johnson,WR,17,137.70000000000002,30.099999999999994,0.432462703125,6.329411764705883,47.8235294117647,48.8235294117647,53.8235294117647,51.3235294117647,48.8235294117647,0.3997153138786765,151,46
2022,00-0038115,Daniel Bellinger,TE,11,90.0,30.05,0.4288358515625,5.45,25.63636363636364,26.63636363636364,31.63636363636364,29.13636363636364,26.63636363636364,0.3879450276988636,152,28
2022,00-0034981,Foster Moreau,TE,14,103.7,30.8,0.4262497968749998,5.207142857142857,25.5,26.5,31.5,29.0,26.5,0.3927698409598214,153,29
2022,00-0035140,Mecole Hardman,WR,8,81.3,30.64999999999999,0.4200447890625001,6.331250000000001,47.5,48.5,53.5,51.0,48.5,0.4035306064453125,154,47
2022,00-0032392,Austin Hooper,TE,17,117.9,26.250000000000004,0.39135125,5.391176470588236,25.41176470588235,26.41176470588235,31.41176470588235,28.91176470588235,26.41176470588235,0.3930039034926471,156,30
2022,00-0038129,Cade Otton,TE,16,114.1,28.8,0.3755933828125001,5.331250000000001,25.6875,26.6875,31.6875,29.1875,26.6875,0.3914764624023437,158,31
2022,00-0035535,Darius Slayton,WR,13,105.4,25.4,0.3731953515625004,6.153846153846154,47.30769230769231,48.30769230769231,53.30769230769231,50.80769230769231,48.30769230769231,0.4017936604567307,159,48
2022,00-0037755,Jelani Woods,TE,12,86.7,20.95,0.3536610546875001,5.479166666666667,26.25,27.25,32.25,29.75,27.25,0.3886892890625,161,32
2022,00-0036165,Isaiah Hodgins,WR,9,81.7,25.899999999999995,0.3503141484375,6.2,47.44444444444444,48.44444444444444,53.44444444444444,50.94444444444444,48.44444444444444,0.4026778133680555,162,49
2022,00-0036345,K.J. Osborn,WR,17,125.6,20.7,0.3431634062500002,6.170588235294118,47.41176470588236,48.41176470588236,53.41176470588236,50.91176470588236,48.41176470588236,0.3997785096507353,163,50
2022,00-0033555,Mack Hollins,WR,17,125.66,19.41,0.3188826484375002,6.250000000000001,47.47058823529412,48.47058823529412,53.47058823529412,50.97058823529412,48.47058823529412,0.4012119499080882,166,51
2022,00-0032765,Michael Thomas,WR,3,43.1,21.95,0.3176031093749999,7.050000000000001,50.66666666666666,51.66666666666666,56.66666666666666,54.16666666666666,51.66666666666666,0.3949162760416667,167,52
2022,00-0036233,Donovan Peoples-Jones,WR,17,130.6,23.0,0.3087245859375001,6.329411764705883,47.8235294117647,48.8235294117647,53.8235294117647,51.3235294117647,48.8235294117647,0.3997153138786765,168,53
2023,00-0034857,Josh Allen,QB,17,428.64,284.85,3.909659203125,8.458235294117648,24.0,25.0,30.0,27.5,25.0,0.3432384825367647,1,1
2023,00-0033280,Christian McCaffrey,RB,16,357.8,266.0,3.617632078125,5.737500000000001,33.6875,34.6875,39.6875,37.1875,34.6875,0.3817927119140625,2,1
2023,00-0036389,Jalen Hurts,QB,17,386.82,247.02,3.3942459140625,8.223529411764707,24.0,25.0,30.0,27.5,25.0,0.3427792238051471,3,2
2023,00-0036358,CeeDee Lamb,WR,17,335.70000000000005,235.5,3.2670137265625,5.894117647058824,48.11764705882353,49.11764705882353,54.11764705882353,51.61764705882353,49.11764705882353,0.3939033915441176,4,1
2023,00-0033040,Tyreek Hill,WR,16,316.90000000000003,222.75000000000003,3.077732890625,5.884375,48.5,49.5,54.5,52.0,49.5,0.3946547294921875,5,2
2023,00-0033077,Dak Prescott,QB,17,360.84,216.57,2.985748140625,8.486470588235294,24.0,25.0,30.0,27.5,25.0,0.3462317339154412,6,3
2023,00-0034796,Lamar Jackson,QB,16,345.22,209.69,2.9154048203125003,8.470625,24.0,25.0,30.0,27.5,25.0,0.3433838696289062,7,4
2023,00-0036264,Jordan Love,QB,17,341.06,201.95,2.761807484375,8.182941176470589,24.0,25.0,30.0,27.5,25.0,0.3426069885110294,8,5
2023,00-0033881,Evan Engram,TE,17,287.3,196.75,2.7131716875,5.326470588235294,26.0,27.0,32.0,29.5,27.0,0.392653776194853,9,1
2023,00-0035229,T.J. Hockenson,TE,15,266.5,187.5,2.647993296875,5.266666666666667,26.0,27.0,32.0,29.5,27.0,0.3873305708333333,10,2
2023,00-0039065,Sam LaPorta,TE,17,282.3,191.75,2.5560500234375003,5.326470588235294,26.0,27.0,32.0,29.5,27.0,0.392653776194853,11,3
2023,00-0030506,Travis Kelce,TE,15,265.9,187.1,2.5486310546875,5.253333333333333,26.4,27.4,32.4,29.9,27.4,0.3868633906249999,12,4
2023,00-0036963,Amon-Ra St. Brown,WR,16,271.40000000000003,176.1,2.5347265,5.95625,48.1875,49.1875,54.1875,51.6875,49.1875,0.3922312255859375,13,3
2023,00-0037840,Kyren Williams,RB,12,239.0,168.95000000000002,2.4422089453125,5.837500000000001,33.583333333333336,34.583333333333336,39.583333333333336,37.083333333333336,34.583333333333336,0.3808777369791666,14,2
2023,00-0033873,Patrick Mahomes,QB,16,308.22,176.68,2.4421215,8.221250000000001,24.0,25.0,30.0,27.5,25.0,0.3428959072265625,15,6
2023,00-0037834,Brock Purdy,QB,16,317.6,183.8,2.4294439218749995,8.3625,24.0,25.0,30.0,27.5,25.0,0.3435221904296875,16,7
2023,00-0031687,Raheem Mostert,RB,15,255.2,170.10000000000002,2.417201328125,5.673333333333334,33.13333333333333,34.13333333333333,39.13333333333333,36.63333333333333,34.13333333333333,0.3833619994791666,17,3
2023,00-0033106,Jared Goff,QB,17,313.1,171.04,2.3463293125,8.356470588235295,24.0,25.0,30.0,27.5,25.0,0.3433686668198529,18,8
2023,00-0039163,C.J. Stroud,QB,15,285.52,163.57,2.2271877734375,8.13,24.0,25.0,30.0,27.5,25.0,0.3427122682291666,19,9
2023,00-0033885,David Njoku,TE,16,241.7,157.5,2.2110996953124995,5.2625,26.25,27.25,32.25,29.75,27.25,0.3896181166992187,20,5
2023,00-0038120,Breece Hall,RB,17,252.5,155.75,2.2091483828125,5.691176470588236,33.588235294117645,34.588235294117645,39.588235294117645,37.088235294117645,34.588235294117645,0.38099209375,21,4
2023,00-0036971,Trevor Lawrence,QB,16,290.54,159.54000000000002,2.207860796875,8.1875,24.0,25.0,30.0,27.5,25.0,0.3421044033203125,22,10
2023,00-0036212,Tua Tagovailoa,QB,17,298.36,158.56,2.17019590625,8.223529411764707,24.0,25.0,30.0,27.5,25.0,0.3427792238051471,23,11
2023,00-0037077,Sam Howell,QB,17,299.04,158.19,2.1600915390625,8.28529411764706,24.0,25.0,30.0,27.5,25.0,0.3449303184742647,24,12
2023,00-0036973,Travis Etienne,RB,17,253.4,156.35000000000002,2.1595246718750003,5.708823529411766,33.705882352941174,34.705882352941174,39.70588235294117,37.20588235294117,34.705882352941174,0.3806147279411764,25,5
2023,00-0030279,Keenan Allen,WR,13,224.86,150.61,2.115662703125,5.711538461538462,49.07692307692308,50.07692307692308,55.07692307692308,52.57692307692308,50.07692307692308,0.3961967896634615,26,4
2023,00-0034855,Baker Mayfield,QB,17,294.06,152.68,2.081986390625,8.316470588235294,24.0,25.0,30.0,27.5,25.0,0.3425645721507353,27,13
2023,00-0036355,Justin Herbert,QB,13,247.66,147.92,2.0686004921875,7.672307692307693,24.0,25.0,30.0,27.5,25.0,0.3364487001201923,28,14
2023,00-0039075,Puka Nacua,WR,17,246.0,145.5,2.02592440625,5.911764705882353,48.294117647058826,49.294117647058826,54.294117647058826,51.794117647058826,49.294117647058826,0.3946022858455882,29,5
2023,00-0029263,Russell Wilson,QB,15,272.90000000000003,150.16,2.019869328125,8.182666666666668,24.0,25.0,30.0,27.5,25.0,0.3421838776041667,30,15
2023,00-0033288,George Kittle,TE,16,235.7,150.65,2.0122640078125,5.315625,26.0,27.0,32.0,29.5,27.0,0.3914849155273437,31,6
2023,00-0031408,Mike Evans,WR,17,243.0,142.70000000000002,2.011699546875,5.9,48.11764705882353,49.11764705882353,54.11764705882353,51.61764705882353,49.11764705882353,0.3938848180147059,32,6
2023,00-0033897,Joe Mixon,RB,17,241.0,144.25,2.0037101015625,5.691176470588236,33.588235294117645,34.588235294117645,39.588235294117645,37.088235294117645,34.588235294117645,0.38099209375,33,6
2023,00-0032764,Derrick Henry,RB,17,232.66000000000005,135.91,1.957357625,5.691176470588236,33.588235294117645,34.588235294117645,39.588235294117645,37.088235294117645,34.588235294117645,0.38099209375,34,7
2023,00-0037256,Rachaad White,RB,17,235.9,138.25,1.9472611796875,5.744117647058824,33.64705882352941,34.64705882352941,39.64705882352941,37.14705882352941,34.64705882352941,0.3801495652573529,35,8
2023,00-0026498,Matthew Stafford,QB,15,265.1,138.45,1.872475265625,8.443333333333333,24.0,25.0,30.0,27.5,25.0,0.3437842625,36,16
2023,00-0036554,Nico Collins,WR,15,220.4,131.6,1.8266405156250003,5.92,48.4,49.4,54.4,51.9,49.4,0.3934327458333333,37,7
2023,00-0034844,Saquon Barkley,RB,14,202.7,121.15,1.820573625,5.825,34.0,35.0,40.0,37.5,35.0,0.3776487834821428,38,9
2023,00-0037744,Trey McBride,TE,17,222.0,132.20000000000002,1.8148701015625,5.282352941176471,26.0,27.0,32.0,29.5,27.0,0.3918226833639706,39,7
2023,00-0034827,DJ Moore,WR,17,238.5,136.7,1.80775771875,5.988235294117647,48.23529411764706,49.23529411764706,54.23529411764706,51.73529411764706,49.23529411764706,0.3957601259191176,40,8
2023,00-0036290,Cole Kmet,TE,16,217.6,133.10000000000002,1.807351296875,5.28125,26.0,27.0,32.0,29.5,27.0,0.3888321318359375,41,8
2023,00-0035676,A.J. Brown,WR,17,236.6,136.10000000000002,1.794220328125,5.911764705882353,48.294117647058826,49.294117647058826,54.294117647058826,51.794117647058826,49.294117647058826,0.3946022858455882,42,9
2023,00-0039139,Jahmyr Gibbs,RB,15,216.1,128.55,1.7898167421875002,5.836666666666668,33.733333333333334,34.733333333333334,39.73333333333333,37.23333333333333,34.733333333333334,0.3802549489583333,43,10
2023,00-0036945,Justin Fields,QB,13,248.18,131.15,1.7799587031250002,9.002307692307692,24.0,25.0,30.0,27.5,25.0,0.3468354771634615,44,17
2023,00-0038542,Bijan Robinson,RB,17,217.3,120.4,1.7583523984375002,5.7,33.588235294117645,34.588235294117645,39.588235294117645,37.088235294117645,34.588235294117645,0.3817168511029412,45,11
2023,00-0035719,Deebo Samuel Sr.,WR,15,213.7,125.65,1.703881734375,5.87,47.86666666666667,48.86666666666667,53.86666666666667,51.36666666666667,48.86666666666667,0.3914594416666667,46,10
2023,00-0036261,Brandon Aiyuk,WR,16,211.7,117.55,1.6992674765624998,5.884375,48.0,49.0,54.0,51.5,49.0,0.3925767563476562,47,11
2023,00-0031280,Derek Carr,QB,17,257.12,118.07999999999998,1.6509828125,8.178823529411765,24.0,25.0,30.0,27.5,25.0,0.3436852688419117,48,18
2023,00-0038041,Jake Ferguson,TE,17,212.6,122.1,1.6371839062499998,5.323529411764706,26.294117647058822,27.294117647058822,32.294117647058826,29.794117647058822,27.294117647058822,0.3921077284007352,49,9
2023,00-0033906,Alvin Kamara,RB,13,195.5,122.9,1.6334613125,5.584615384615385,34.23076923076923,35.23076923076923,40.23076923076923,37.73076923076923,35.23076923076923,0.3870150474759615,50,12
2023,00-0035685,David Montgomery,RB,14,199.2,120.45,1.6304546015625,5.625,34.07142857142857,35.07142857142857,40.07142857142857,37.57142857142857,35.07142857142857,0.3779509921875,51,13
2023,00-0031588,Stefon Diggs,WR,17,220.3,118.5,1.63017175,5.988235294117647,48.23529411764706,49.23529411764706,54.23529411764706,51.73529411764706,49.23529411764706,0.3957601259191176,52,12
2023,00-0030565,Geno Smith,QB,15,244.76,120.51999999999998,1.61289075,8.282666666666668,24.0,25.0,30.0,27.5,25.0,0.3427373260416667,53,19
2023,00-0033949,Joshua Dobbs,QB,13,220.66,118.51,1.6087411406249996,7.857692307692308,24.0,25.0,30.0,27.5,25.0,0.3373299675480768,54,20
2023,00-0037248,James Cook,RB,17,210.7,112.2,1.6002899140625,5.794117647058823,33.64705882352941,34.64705882352941,39.64705882352941,37.14705882352941,34.64705882352941,0.3811561479779412,55,14
2023,00-0033553,James Conner,RB,13,188.0,114.1,1.5957389218749998,5.684615384615385,33.61538461538461,34.61538461538461,39.61538461538461,37.11538461538461,34.61538461538461,0.3799793731971154,56,15
2023,00-0031381,Davante Adams,WR,17,213.9,112.1,1.5652359609375002,5.988235294117647,48.23529411764706,49.23529411764706,54.23529411764706,51.73529411764706,49.23529411764706,0.3957601259191176,57,13
2023,00-0037197,Isiah Pacheco,RB,14,191.9,112.7,1.5451283203125,5.6571428571428575,33.142857142857146,34.142857142857146,39.142857142857146,36.642857142857146,34.142857142857146,0.3817598203125,58,16
2023,00-0036322,Justin Jefferson,WR,10,168.2,106.1,1.5117095078124998,6.21,47.6,48.6,53.6,51.1,48.6,0.39083050859375,59,14
2023,00-0036252,Michael Pittman,WR,16,197.7,104.45,1.4858498046874995,5.828125,48.4375,49.4375,54.4375,51.9375,49.4375,0.3958876572265625,60,15
2023,00-0035261,Tony Pollard,RB,17,195.1,98.35,1.46935125,5.691176470588236,33.588235294117645,34.588235294117645,39.588235294117645,37.088235294117645,34.588235294117645,0.38099209375,61,17
2023,00-0034753,Mark Andrews,TE,10,157.9,107.25,1.4688495859375,5.065,25.4,26.4,31.4,28.9,26.4,0.38305513125,62,10
2023,00-0038933,Dalton Kincaid,TE,16,186.8,100.8,1.4536906484375,5.375,26.25,27.25,32.25,29.75,27.25,0.3902105146484375,63,11
2023,00-0036900,Ja'Marr Chase,WR,16,212.72,119.67,1.4472666953125,5.815625,48.375,49.375,54.375,51.875,49.375,0.3946424755859375,64,16
2023,00-0037746,Brian Robinson,RB,15,180.10000000000002,97.25,1.44349584375,5.523333333333334,33.266666666666666,34.266666666666666,39.266666666666666,36.766666666666666,34.266666666666666,0.3794770770833333,65,18
2023,00-0031544,Amari Cooper,WR,15,191.0,103.25,1.392529,5.85,48.46666666666667,49.46666666666667,54.46666666666667,51.96666666666667,49.46666666666667,0.3950933,66,17
2023,00-0038134,Kenneth Walker III,RB,15,184.9,96.9,1.3767433359375,5.866666666666666,33.53333333333333,34.53333333333333,39.53333333333333,37.03333333333333,34.53333333333333,0.3791451718749999,67,19
2023,00-0034383,Dalton Schultz,TE,15,180.0,98.15,1.3705068203125004,5.456666666666666,26.066666666666663,27.066666666666663,32.06666666666667,29.566666666666663,27.066666666666663,0.3929368625,68,12
2023,00-0039146,Jayden Reed,WR,16,185.2,92.3,1.3661513046875002,5.80625,48.375,49.375,54.375,51.875,49.375,0.3964676298828125,69,18
2023,00-0039040,De'Von Achane,RB,11,177.2,113.85,1.3533664921875002,5.759090909090909,33.09090909090909,34.09090909090909,39.09090909090909,36.59090909090909,34.09090909090909,0.3790671605113636,70,20
2023,00-0037239,Chris Olave,WR,16,187.8,93.75,1.3504925625,5.878125,48.375,49.375,54.375,51.875,49.375,0.3951573359375,71,19
2023,00-0036912,DeVonta Smith,WR,16,187.1,92.3,1.3427131015624998,5.925,48.3125,49.3125,54.3125,51.8125,49.3125,0.39538266796875,72,20
2023,00-0034837,Calvin Ridley,WR,17,191.9,91.35,1.327087296875,5.914705882352941,48.294117647058826,49.294117647058826,54.294117647058826,51.794117647058826,49.294117647058826,0.3934705790441177,73,21
2023,00-0035640,DK Metcalf,WR,16,192.4,97.45,1.3225867109374998,5.934375,48.0,49.0,54.0,51.5,49.0,0.3926910888671875,74,22
2023,00-0037267,Jerome Ford,RB,17,189.2,91.55,1.3188339296875,5.744117647058824,33.64705882352941,34.64705882352941,39.64705882352941,37.14705882352941,34.64705882352941,0.3801495652573529,75,21
2023,00-0036223,Jonathan Taylor,RB,10,146.9,91.15,1.3027895078125,5.575,34.4,35.4,40.4,37.9,35.4,0.38423506484375,76,22
2023,00-0034960,Jakobi Meyers,WR,16,183.08,87.98,1.294152921875,5.9437500000000005,47.8125,48.8125,53.8125,51.3125,48.8125,0.3980542392578125,77,23
2023,00-0036275,D'Andre Swift,RB,16,179.8,88.10000000000001,1.2816278203125,5.73125,33.375,34.375,39.375,36.875,34.375,0.382387884765625,78,23
2023,00-0029604,Kirk Cousins,QB,8,159.74,94.05,1.2703849453125002,8.21125,24.0,25.0,30.0,27.5,25.0,0.34092764453125,79,21
2023,00-0034351,Dallas Goedert,TE,14,165.8,90.4,1.2183308671875,5.385714285714286,26.5,27.5,32.5,30.0,27.5,0.3871597204241071,80,13
2023,00-0035228,Kyler Murray,QB,8,156.36,86.09,1.2121669921874998,8.783750000000001,24.0,25.0,30.0,27.5,25.0,0.3508529599609375,81,22
2023,00-0035700,Josh Jacobs,RB,13,162.6,88.9,1.2056226953125,5.6692307692307695,33.23076923076923,34.23076923076923,39.23076923076923,36.73076923076923,34.23076923076923,0.3817767055288461,82,24
2023,00-0033699,Austin Ekeler,RB,14,159.9,82.05,1.1972941953125,5.560714285714286,34.642857142857146,35.642857142857146,40.642857142857146,38.142857142857146,35.642857142857146,0.3822848074776785,83,25
2023,00-0038994,Jordan Addison,WR,17,186.3,84.5,1.1917039609375002,5.988235294117647,48.23529411764706,49.23529411764706,54.23529411764706,51.73529411764706,49.23529411764706,0.3957601259191176,84,24
2023,00-0036893,Najee Harris,RB,17,181.0,84.35000000000001,1.177968203125,5.685294117647059,33.588235294117645,34.588235294117645,39.588235294117645,37.088235294117645,34.588235294117645,0.3822012518382353,85,26
2023,00-0038977,Tank Dell,WR,10,141.5,82.25,1.1668637578125,5.925,49.8,50.8,55.8,53.3,50.8,0.39950214375,86,25
2023,00-0034184,Gus Edwards,RB,17,181.0,82.5,1.1650036015625005,5.794117647058823,33.64705882352941,34.64705882352941,39.64705882352941,37.14705882352941,34.64705882352941,0.3811561479779412,87,27
2023,00-0030564,DeAndre Hopkins,WR,17,186.1,85.9,1.1551989921875,5.894117647058824,48.11764705882353,49.11764705882353,54.11764705882353,51.61764705882353,49.11764705882353,0.3939033915441176,88,26
2023,00-0036613,Jaylen Waddle,WR,14,162.60000000000002,81.05000000000001,1.1526358828124996,5.825,48.35714285714285,49.35714285714285,54.35714285714285,51.85714285714285,49.35714285714285,0.3950589079241071,89,27
2023,00-0038122,Desmond Ridder,QB,15,200.64,77.77000000000001,1.1280558906249998,8.191333333333334,24.0,25.0,30.0,27.5,25.0,0.343155925,90,23
2023,00-0033090,Hunter Henry,TE,13,140.9,75.0,1.122231203125,5.06923076923077,26.153846153846157,27.153846153846157,32.15384615384615,29.653846153846157,27.153846153846157,0.3853180679086538,91,14
2023,00-0030035,Adam Thielen,WR,17,179.5,79.30000000000001,1.1162279921874996,5.894117647058824,48.11764705882353,49.11764705882353,54.11764705882353,51.61764705882353,49.11764705882353,0.3939033915441176,92,28
2023,00-0035289,Gardner Minshew,QB,16,214.2,82.36,1.0971932578125,8.24,24.0,25.0,30.0,27.5,25.0,0.3438670463867188,93,24
2023,00-0039067,Rashee Rice,WR,16,173.0,78.2,1.0964351484375,5.925,48.3125,49.3125,54.3125,51.8125,49.3125,0.39538266796875,94,29
2023,00-0035100,Jake Browning,QB,9,157.94,80.28,1.0905546406249995,8.628888888888888,24.0,25.0,30.0,27.5,25.0,0.3466676979166667,95,25
2023,00-0039064,Zay Flowers,WR,16,167.9,71.8,1.08707534375,6.0062500000000005,48.25,49.25,54.25,51.75,49.25,0.396612873046875,96,30
2023,00-0033357,Taysom Hill,TE,16,160.02,75.07000000000001,1.0731111171875,5.309375,26.0625,27.0625,32.0625,29.5625,27.0625,0.3911343920898437,97,15
2023,00-0037247,George Pickens,WR,17,177.3,77.25,1.0555845546875,5.885294117647058,48.11764705882353,49.11764705882353,54.11764705882353,51.61764705882353,49.11764705882353,0.3956211838235294,98,31
2023,00-0036251,Zack Moss,RB,14,156.10000000000002,77.8,1.04757796875,5.592857142857143,32.92857142857143,33.92857142857143,38.92857142857143,36.42857142857143,33.92857142857143,0.3817691981026785,99,28
2023,00-0031610,Darren Waller,TE,12,139.20000000000002,72.75,1.0354538203125,5.5375000000000005,26.08333333333333,27.08333333333333,32.083333333333336,29.58333333333333,27.08333333333333,0.3916966829427084,100,16
2023,00-0036442,Joe Burrow,QB,10,159.16,76.2,1.0253169296875002,8.296000000000001,24.0,25.0,30.0,27.5,25.0,0.343987275,101,26
2023,00-0036970,Kyle Pitts,TE,17,163.8,74.0,1.019784390625,5.282352941176471,26.235294117647054,27.235294117647054,32.23529411764706,29.735294117647054,27.235294117647054,0.3897148534007352,102,17
2023,00-0026158,Joe Flacco,QB,5,116.84,74.19999999999999,1.0165063203124998,8.528,24.0,25.0,30.0,27.5,25.0,0.348731709375,103,27
2023,00-0037228,Jaylen Warren,RB,17,165.9,69.25,0.9730045859374998,5.685294117647059,33.588235294117645,34.588235294117645,39.588235294117645,37.088235294117645,34.588235294117645,0.3822012518382353,104,29
2023,00-0037740,Garrett Wilson,WR,17,165.70000000000002,65.5,0.96691925,5.894117647058824,48.11764705882353,49.11764705882353,54.11764705882353,51.61764705882353,49.11764705882353,0.3939033915441176,105,32
2023,00-0034348,Courtland Sutton,WR,16,160.70000000000002,67.0,0.958458921875,5.85625,48.625,49.625,54.625,52.125,49.625,0.3938421005859375,106,33
2023,00-0036555,Chuba Hubbard,RB,17,163.0,66.25,0.9574075624999998,5.691176470588236,33.588235294117645,34.588235294117645,39.588235294117645,37.088235294117645,34.588235294117645,0.38099209375,107,30
2023,00-0033921,Chris Godwin Jr.,WR,17,167.70000000000002,67.4,0.94260953125,5.9,48.11764705882353,49.11764705882353,54.11764705882353,51.61764705882353,49.11764705882353,0.3938848180147059,108,34
2023,00-0033908,Cooper Kupp,WR,12,134.9,65.25,0.9402039765625,5.804166666666667,47.41666666666666,48.41666666666666,53.41666666666666,50.91666666666666,48.41666666666666,0.3972710032552083,109,35
2023,00-0031260,Logan Thomas,TE,16,154.3,69.7,0.9341802109375,5.2875,26.125,27.125,32.125,29.625,27.125,0.3913830229492187,110,18
2023,00-0032211,Tyler Lockett,WR,17,162.9,62.60000000000001,0.928194109375,5.9,48.11764705882353,49.11764705882353,54.11764705882353,51.61764705882353,49.11764705882353,0.3938848180147059,111,36
2023,00-0036875,Rhamondre Stevenson,RB,12,126.7,60.7,0.927438953125,5.5,32.833333333333336,33.833333333333336,38.833333333333336,36.333333333333336,33.833333333333336,0.3823753717447917,112,31
2023,00-0035659,Terry McLaurin,WR,17,163.70000000000002,63.8,0.9159156796875,5.876470588235295,48.588235294117645,49.588235294117645,54.588235294117645,52.088235294117645,49.588235294117645,0.3952171516544118,113,37
2023,00-0036997,Javonte Williams,RB,16,155.70000000000002,62.900000000000006,0.8909332656250002,5.800000000000001,33.75,34.75,39.75,37.25,34.75,0.379356123046875,114,32
2023,00-0034270,Tyler Conklin,TE,17,153.6,63.1,0.8685557812499997,5.323529411764706,26.294117647058822,27.294117647058822,32.294117647058826,29.794117647058822,27.294117647058822,0.3921077284007352,115,19
2023,00-0033293,Aaron Jones,RB,11,119.9,56.85,0.851379828125,5.731818181818182,34.27272727272727,35.27272727272727,40.27272727272727,37.77272727272727,35.27272727272727,0.3836387869318182,116,33
2023,00-0033858,Jonnu Smith,TE,17,149.2,59.4,0.8319768828124999,5.282352941176471,26.235294117647054,27.235294117647054,32.23529411764706,29.735294117647054,27.235294117647054,0.3897148534007352,117,20
2023,00-0033895,Gerald Everett,TE,15,136.6,56.95,0.8232539687500001,5.3100000000000005,26.466666666666665,27.466666666666665,32.46666666666667,29.966666666666665,27.466666666666665,0.3927375,118,21
2023,00-0035250,Devin Singletary,RB,17,152.34,55.59,0.8083539296875002,5.691176470588236,33.588235294117645,34.588235294117645,39.588235294117645,37.088235294117645,34.588235294117645,0.38099209375,119,34
2023,00-0038129,Cade Otton,TE,17,142.0,52.3,0.7558117031249996,5.276470588235294,26.235294117647054,27.235294117647054,32.23529411764706,29.735294117647054,27.235294117647054,0.3908967890624999,120,22
2023,00-0033045,Ezekiel Elliott,RB,17,149.0,52.1,0.7489339375,5.7,33.588235294117645,34.588235294117645,39.588235294117645,37.088235294117645,34.588235294117645,0.3817168511029412,121,35
2023,00-0031236,Brandin Cooks,WR,16,146.2,52.7,0.7480843984375001,5.84375,47.6875,48.6875,53.6875,51.1875,48.6875,0.396081458984375,122,38
2023,00-0034775,Christian Kirk,WR,12,121.76,52.91,0.7425609140625,5.7375,49.91666666666666,50.91666666666666,55.91666666666666,53.41666666666666,50.91666666666666,0.39607213671875,123,39
2023,00-0038579,Aidan O'Connell,QB,11,139.82,51.84,0.7257898984375001,7.998181818181819,24.0,25.0,30.0,27.5,25.0,0.3390280284090909,124,28
2023,00-0033110,Tyler Higbee,TE,15,132.0,52.7,0.7202863359375002,5.286666666666666,26.133333333333333,27.133333333333333,32.13333333333333,29.633333333333333,27.133333333333333,0.390135171875,125,23
2023,00-0035216,Diontae Johnson,WR,13,127.2,51.15,0.7072640625000001,5.85,46.92307692307692,47.92307692307692,52.92307692307692,50.42307692307692,47.92307692307692,0.3950692806490384,126,40
2023,00-0033537,Deshaun Watson,QB,6,94.8,49.72,0.7036142187500001,7.5133333333333345,24.0,25.0,30.0,27.5,25.0,0.3323189739583334,127,29
2023,00-0037238,Drake London,WR,16,139.88,44.48,0.6896371171874998,5.9625,48.25,49.25,54.25,51.75,49.25,0.3934961416015625,128,41
2023,00-0036040,Juwan Johnson,TE,13,116.3,45.85,0.6748739765625003,5.4192307692307695,26.692307692307693,27.692307692307693,32.69230769230769,30.192307692307693,27.692307692307693,0.3921837830528846,129,24
2023,00-0037809,Chig Okonkwo,TE,17,140.4,49.900000000000006,0.6633190859375002,5.323529411764706,26.294117647058822,27.294117647058822,32.294117647058826,29.794117647058822,27.294117647058822,0.3921077284007352,130,25
2023,00-0036410,Tee Higgins,WR,12,116.6,44.05,0.6600486015625,6.045833333333333,48.0,49.0,54.0,51.5,49.0,0.3918797272135417,131,42
2023,00-0037816,Romeo Doubs,WR,17,144.9,44.85,0.6340698359374999,5.885294117647058,48.11764705882353,49.11764705882353,54.11764705882353,51.61764705882353,49.11764705882353,0.3956211838235294,132,43
2023,00-0037545,Rashid Shaheed,WR,15,128.6,37.6,0.6264626328125,6.066666666666666,48.6,49.6,54.6,52.1,49.6,0.3962806666666666,133,44
2023,00-0036972,Mac Jones,QB,11,130.4,42.260000000000005,0.6217090937500002,8.012727272727274,24.0,25.0,30.0,27.5,25.0,0.3416435213068182,134,30
2023,00-0037838,Isaiah Likely,TE,14,116.1,39.2,0.585290921875,5.492857142857143,26.5,27.5,32.5,30.0,27.5,0.3927478091517857,135,26
2023,00-0036196,Gabe Davis,WR,16,138.9,42.25000000000001,0.5784974062499999,6.040625,48.1875,49.1875,54.1875,51.6875,49.1875,0.39592878515625,136,45
2023,00-0033307,Kendrick Bourne,WR,8,81.5,33.1,0.5251803828124999,6.05,50.875,51.875,56.875,54.375,51.875,0.3966326396484375,139,46
2023,00-0034613,Tanner Hudson,TE,12,99.7,36.5,0.5107800624999999,5.266666666666667,26.666666666666668,27.666666666666668,32.666666666666664,30.166666666666668,27.666666666666668,0.3946289453125,140,27
2023,00-0037263,Tyler Allgeier,RB,17,128.6,31.700000000000003,0.4989265000000002,5.7,33.588235294117645,34.588235294117645,39.588235294117645,37.088235294117645,34.588235294117645,0.3817168511029412,141,36
2023,00-0038124,Christian Watson,WR,9,87.3,38.45,0.490010203125,5.427777777777778,49.11111111111112,50.11111111111112,55.11111111111112,52.61111111111112,50.11111111111112,0.4044542734375,144,47
2023,00-0033925,D'Onta Foreman,RB,9,85.7,35.900000000000006,0.4833102187499999,5.533333333333333,34.333333333333336,35.333333333333336,40.333333333333336,37.833333333333336,35.333333333333336,0.3832787708333333,145,37
2023,00-0039144,Luke Musgrave,TE,11,92.2,35.550000000000004,0.4816806874999999,5.15,25.545454545454547,26.545454545454547,31.545454545454547,29.045454545454547,26.545454545454547,0.3889220369318181,146,28
2023,00-0035662,Marquise Brown,WR,13,109.2,35.35000000000001,0.48097753125,5.68076923076923,49.69230769230769,50.69230769230769,55.69230769230769,53.19230769230769,50.69230769230769,0.3979390721153846,147,48
2023,00-0036894,Pat Freiermuth,TE,11,92.8,32.85,0.4415422578124998,5.45,26.63636363636364,27.63636363636364,32.63636363636363,30.13636363636364,27.63636363636364,0.4001086356534091,149,29
2023,00-0036906,Khalil Herbert,RB,12,102.5,30.85,0.4364914921875,5.970833333333334,33.666666666666664,34.666666666666664,39.66666666666666,37.16666666666666,34.666666666666664,0.3797411783854167,150,38
2023,00-0033282,Curtis Samuel,WR,16,126.2,31.3,0.4194157812499999,5.93125,48.6875,49.6875,54.6875,52.1875,49.6875,0.393646830078125,151,49
2023,00-0039032,Tyjae Spears,RB,17,127.8,31.05,0.4138073906249999,5.691176470588236,33.588235294117645,34.588235294117645,39.588235294117645,37.088235294117645,34.588235294117645,0.38099209375,152,39
2023,00-0035535,Darius Slayton,WR,17,126.0,24.200000000000003,0.4070550234374999,5.988235294117647,48.23529411764706,49.23529411764706,54.23529411764706,51.73529411764706,49.23529411764706,0.3957601259191176,154,50
2023,00-0030061,Zach Ertz,TE,7,65.2,28.35,0.4048431328124999,5.264285714285714,25.285714285714285,26.285714285714285,31.285714285714285,28.785714285714285,26.285714285714285,0.3917101718749999,155,30
2023,00-0033923,Kareem Hunt,RB,15,111.0,25.899999999999995,0.3993840390625,5.673333333333334,34.06666666666667,35.06666666666667,40.06666666666667,37.56666666666667,35.06666666666667,0.3843156734375,156,40
2023,00-0032775,Demarcus Robinson,WR,8,74.4,28.000000000000007,0.3796948437500002,5.800000000000001,45.75,46.75,51.75,49.25,46.75,0.3941326962890625,158,51
2023,00-0038996,Tucker Kraft,TE,14,94.0,21.700000000000003,0.352508140625,5.164285714285714,26.357142857142858,27.357142857142858,32.357142857142854,29.857142857142858,27.357142857142858,0.3880668978794643,161,31
2023,00-0033591,Noah Brown,WR,10,85.10000000000001,26.25,0.3466368125,5.885,46.5,47.5,52.5,50.0,47.5,0.3927300765625,163,52
2023,00-0036988,Josh Palmer,WR,10,87.7,25.35,0.3268974218749998,6.235,49.4,50.4,55.4,52.9,50.4,0.39177182890625,167,53
2023,00-0038997,Josh Downs,WR,17,123.1,22.7,0.2999846953125001,5.905882352941177,48.1764705882353,49.1764705882353,54.1764705882353,51.6764705882353,49.1764705882353,0.3950753272058823,169,54
2023,00-0033536,Mike Williams,WR,3,40.7,21.200000000000003,0.2890812421875,6.5,51.333333333333336,52.333333333333336,57.333333333333336,54.833333333333336,52.333333333333336,0.3831124869791666,170,55
2024,00-0034796,Lamar Jackson,QB,17,438.38000000000005,294.45000000000005,4.1103307734375,8.466470588235294,24.0,25.0,30.0,27.5,25.0,0.3351045620404412,1,1
2024,00-0034855,Baker Mayfield,QB,17,397.8,257.67,3.603260953125,8.242941176470588,24.0,25.0,30.0,27.5,25.0,0.3332976631433824,2,2
2024,00-0034857,Josh Allen,QB,16,391.04,255.6,3.3879380703125,8.465,24.0,25.0,30.0,27.5,25.0,0.3354128891601562,3,3
2024,00-0034844,Saquon Barkley,RB,16,338.8,250.15,3.3367523515624997,5.540625,34.125,35.125,40.125,37.625,35.125,0.3722395703125,4,1
2024,00-0036442,Joe Burrow,QB,17,390.82,245.85,3.33641353125,8.52764705882353,24.0,25.0,30.0,27.5,25.0,0.3354882385110294,5,4
2024,00-0039139,Jahmyr Gibbs,RB,17,336.90000000000003,242.8,3.29572490625,5.53529411764706,34.11764705882353,35.11764705882353,40.11764705882353,37.61764705882353,35.11764705882353,0.3723041351102941,6,2
2024,00-0032764,Derrick Henry,RB,17,326.90000000000003,231.25000000000003,3.2636576640625,5.626470588235295,34.23529411764706,35.23529411764706,40.23529411764706,37.73529411764706,35.23529411764706,0.374499890625,7,3
2024,00-0039910,Jayden Daniels,QB,17,373.82,229.89,3.1843948984375,8.466470588235294,24.0,25.0,30.0,27.5,25.0,0.3351045620404412,8,5
2024,00-0036900,Ja'Marr Chase,WR,17,339.5,236.55,3.0857394765625004,6.055882352941176,47.94117647058823,48.94117647058823,53.94117647058823,51.44117647058823,48.94117647058823,0.3939938961397058,9,1
2024,00-0039338,Brock Bowers,TE,17,318.7,223.99,3.081450765625,5.571176470588235,25.764705882352946,26.764705882352946,31.764705882352946,29.264705882352946,26.764705882352946,0.3868600441176471,10,1
2024,00-0038542,Bijan Robinson,RB,17,311.2,214.95,3.0258196875000003,5.661764705882353,34.35294117647059,35.35294117647059,40.35294117647059,37.85294117647059,35.35294117647059,0.3736320261948529,11,4
2024,00-0037744,Trey McBride,TE,16,299.3,209.74,2.896668109375,5.5975,25.875,26.875,31.875,29.375,26.875,0.3869745424804687,12,2
2024,00-0036389,Jalen Hurts,QB,15,325.12,203.87,2.8413304531250003,8.083333333333334,24.0,25.0,30.0,27.5,25.0,0.3364881546875,13,6
2024,00-0033106,Jared Goff,QB,17,347.96000000000004,207.26,2.7695856328125,8.276470588235293,24.0,25.0,30.0,27.5,25.0,0.3358730335477941,14,7
2024,00-0033288,George Kittle,TE,15,275.6,191.89,2.711339515625,5.580666666666668,25.8,26.8,31.8,29.3,26.8,0.385907875,15,3
2024,00-0039732,Bo Nix,QB,17,340.7,196.77,2.676472765625,8.466470588235294,24.0,25.0,30.0,27.5,25.0,0.3351045620404412,16,8
2024,00-0034869,Sam Darnold,QB,17,331.96,193.08,2.5897403593749995,8.169411764705883,24.0,25.0,30.0,27.5,25.0,0.3344647674632353,17,9
2024,00-0035228,Kyler Murray,QB,17,319.24,179.11,2.4909564453125,8.242941176470588,24.0,25.0,30.0,27.5,25.0,0.3332976631433824,18,10
2024,00-0035700,Josh Jacobs,RB,17,275.1,180.15,2.4813688046875,5.585294117647059,34.11764705882353,35.11764705882353,40.11764705882353,37.61764705882353,35.11764705882353,0.3729632624080882,19,5
2024,00-0033873,Patrick Mahomes,QB,16,304.52,175.17,2.3582948359375,8.084375,24.0,25.0,30.0,27.5,25.0,0.334325451171875,20,11
2024,00-0037840,Kyren Williams,RB,16,255.1,165.5,2.31822425,5.6000000000000005,34.3125,35.3125,40.3125,37.8125,35.3125,0.376130533203125,21,6
2024,00-0039040,De'Von Achane,RB,17,260.90000000000003,165.85000000000002,2.3133625234375,5.591176470588236,34.294117647058826,35.294117647058826,40.294117647058826,37.794117647058826,35.294117647058826,0.3759662178308823,22,7
2024,00-0033858,Jonnu Smith,TE,17,266.3,171.69000000000003,2.294566140625,5.565294117647059,25.764705882352946,26.764705882352946,31.764705882352946,29.264705882352946,26.764705882352946,0.3874943814338235,23,4
2024,00-0037834,Brock Purdy,QB,15,290.86,164.81,2.27149146875,8.403333333333332,24.0,25.0,30.0,27.5,25.0,0.3341848630208333,24,12
2024,00-0036322,Justin Jefferson,WR,17,265.98,163.58,2.2644978515625,6.023529411764706,47.94117647058823,48.94117647058823,53.94117647058823,51.44117647058823,48.94117647058823,0.3953862090992647,25,2
2024,00-0037248,James Cook,RB,16,250.7,159.45000000000002,2.236046125,5.703125,34.5,35.5,40.5,38.0,35.5,0.3757092622070312,26,8
2024,00-0030506,Travis Kelce,TE,16,243.9,156.09,2.2207903671875,5.488125,25.625,26.625,31.625,29.125,26.625,0.38712369921875,27,5
2024,00-0036223,Jonathan Taylor,RB,14,235.7,156.2,2.1737131875,5.678571428571429,34.214285714285715,35.214285714285715,40.21428571428572,37.71428571428572,35.214285714285715,0.3767582672991071,28,9
2024,00-0033906,Alvin Kamara,RB,14,231.3,153.2,2.1435417890625,5.578571428571429,34.857142857142854,35.857142857142854,40.85714285714285,38.35714285714285,35.857142857142854,0.3735217717633928,29,10
2024,00-0030565,Geno Smith,QB,17,296.0,152.59,2.1209023046875006,8.435882352941176,24.0,25.0,30.0,27.5,25.0,0.3362013616727941,30,13
2024,00-0036963,Amon-Ra St. Brown,WR,17,258.68,156.78,2.099283578125,5.994117647058824,48.11764705882353,49.11764705882353,54.11764705882353,51.61764705882353,49.11764705882353,0.3962326659007353,31,3
2024,00-0033897,Joe Mixon,RB,14,222.5,145.85,2.06733865625,5.4750000000000005,33.92857142857143,34.92857142857143,39.92857142857143,37.42857142857143,34.92857142857143,0.3722852840401786,32,11
2024,00-0036355,Justin Herbert,QB,17,291.40000000000003,150.7,2.0134690546875,8.276470588235293,24.0,25.0,30.0,27.5,25.0,0.3358730335477941,33,14
2024,00-0033553,James Conner,RB,16,230.3,140.5,2.0036562890625,5.6125,34.375,35.375,40.375,37.875,35.375,0.3735367934570313,34,12
2024,00-0039893,Brian Thomas Jr.,WR,17,240.5,137.55,1.9224909765625,6.055882352941176,47.94117647058823,48.94117647058823,53.94117647058823,51.44117647058823,48.94117647058823,0.3939938961397058,35,4
2024,00-0036555,Chuba Hubbard,RB,15,220.1,135.85,1.916043234375,5.616666666666666,34.666666666666664,35.666666666666664,40.66666666666666,38.16666666666666,35.666666666666664,0.3722490609375,36,13
2024,00-0038597,Chase Brown,RB,16,228.0,137.2,1.912284828125,5.675000000000001,34.375,35.375,40.375,37.875,35.375,0.3736504545898437,37,14
2024,00-0036264,Jordan Love,QB,15,255.86,134.07,1.868405953125,8.119333333333334,24.0,25.0,30.0,27.5,25.0,0.3299868713541666,38,15
2024,00-0023459,Aaron Rodgers,QB,17,278.58,133.61,1.8191393515625,8.52764705882353,24.0,25.0,30.0,27.5,25.0,0.3354882385110294,39,16
2024,00-0035685,David Montgomery,RB,14,203.72,127.77,1.7903112343749994,5.425,34.57142857142857,35.57142857142857,40.57142857142857,38.07142857142857,35.57142857142857,0.3719093325892857,40,15
2024,00-0035659,Terry McLaurin,WR,17,226.8,123.95,1.7822943437500005,6.050000000000001,48.0,49.0,54.0,51.5,49.0,0.395502208180147,41,5
2024,00-0039361,Bucky Irving,RB,17,220.9,125.65,1.7806833515625002,5.602941176470588,34.35294117647059,35.35294117647059,40.35294117647059,37.85294117647059,35.35294117647059,0.3735250510110294,42,16
2024,00-0037238,Drake London,WR,17,230.8,127.85,1.763826703125,6.055882352941176,47.94117647058823,48.94117647058823,53.94117647058823,51.44117647058823,48.94117647058823,0.3939938961397058,43,6
2024,00-0036358,CeeDee Lamb,WR,15,212.9,123.95,1.7324940781250002,5.930000000000001,48.333333333333336,49.333333333333336,54.333333333333336,51.833333333333336,49.333333333333336,0.3944686015624999,44,7
2024,00-0034753,Mark Andrews,TE,17,216.3,121.04,1.7295167500000004,5.603529411764706,25.764705882352946,26.764705882352946,31.764705882352946,29.264705882352946,26.764705882352946,0.3856242881433824,45,6
2024,00-0039337,Malik Nabers,WR,15,219.1,127.20000000000002,1.729395109375,6.126666666666667,47.66666666666666,48.66666666666666,53.66666666666666,51.16666666666666,48.66666666666666,0.3962237932291667,46,8
2024,00-0039918,Caleb Williams,QB,17,266.54,125.8,1.71363128125,8.278823529411765,24.0,25.0,30.0,27.5,25.0,0.3337149365808823,47,17
2024,00-0033293,Aaron Jones,RB,17,216.1,121.05,1.6854541328125,5.591176470588236,34.294117647058826,35.294117647058826,40.294117647058826,37.794117647058826,35.294117647058826,0.3759662178308823,48,17
2024,00-0031408,Mike Evans,WR,14,203.4,119.25,1.6736007109375,6.010714285714286,48.21428571428572,49.21428571428572,54.21428571428572,51.71428571428572,49.21428571428572,0.3934159257812499,49,9
2024,00-0038120,Breece Hall,RB,16,212.4,120.55,1.6679532656249991,5.7406250000000005,34.4375,35.4375,40.4375,37.9375,35.4375,0.3741512895507812,50,18
2024,00-0033885,David Njoku,TE,11,180.5,119.24,1.6608705937500003,5.569090909090909,26.181818181818183,27.181818181818183,32.18181818181818,29.681818181818183,27.181818181818183,0.3835898877840909,51,7
2024,00-0039065,Sam LaPorta,TE,16,204.6,115.64,1.6295749453125,5.5600000000000005,25.8125,26.8125,31.8125,29.3125,26.8125,0.3887361655273437,52,8
2024,00-0030061,Zach Ertz,TE,17,210.4,115.14,1.5798769609375,5.603529411764706,25.764705882352946,26.764705882352946,31.764705882352946,29.264705882352946,26.764705882352946,0.3856242881433824,53,9
2024,00-0036410,Tee Higgins,WR,12,185.6,113.2,1.5214567890625,6.033333333333334,48.583333333333336,49.583333333333336,54.583333333333336,52.083333333333336,49.583333333333336,0.3932553151041666,54,10
2024,00-0036894,Pat Freiermuth,TE,17,202.8,108.64,1.5213385703124995,5.538823529411765,25.647058823529413,26.647058823529413,31.647058823529413,29.147058823529413,26.647058823529413,0.3868440739889706,55,10
2024,00-0035676,A.J. Brown,WR,13,183.4,107.7,1.5166574296875002,5.823076923076924,48.53846153846154,49.53846153846154,54.53846153846154,52.03846153846154,49.53846153846154,0.3972885691105769,56,11
2024,00-0031381,Davante Adams,WR,14,198.8,113.5,1.5085174218750004,6.092857142857143,47.71428571428572,48.71428571428572,53.71428571428572,51.21428571428572,48.71428571428572,0.3963004631696428,57,12
2024,00-0036158,J.K. Dobbins,RB,13,175.8,105.55,1.48492815625,5.403846153846154,34.38461538461539,35.38461538461539,40.38461538461539,37.88461538461539,35.38461538461539,0.3710317235576923,58,19
2024,00-0036554,Nico Collins,WR,12,176.60000000000002,103.45,1.4779157109375003,6.095833333333334,48.75,49.75,54.75,52.25,49.75,0.3938203626302083,59,13
2024,00-0039915,Ladd McConkey,WR,16,199.9,102.7,1.4315182109375,6.075,48.0,49.0,54.0,51.5,49.0,0.3969275346679687,60,14
2024,00-0036275,D'Andre Swift,RB,17,193.5,98.65,1.4262326874999995,5.579411764705883,34.05882352941177,35.05882352941177,40.05882352941177,37.55882352941177,35.05882352941177,0.3754698506433823,61,20
2024,00-0034348,Courtland Sutton,WR,16,199.8,102.95,1.4240813671875,6.0531250000000005,48.4375,49.4375,54.4375,51.9375,49.4375,0.3942655483398437,62,15
2024,00-0039163,C.J. Stroud,QB,17,244.38,100.45,1.4207843125,8.466470588235294,24.0,25.0,30.0,27.5,25.0,0.3351045620404412,63,18
2024,00-0036212,Tua Tagovailoa,QB,11,195.58,106.52,1.4009483984375,8.096363636363636,24.0,25.0,30.0,27.5,25.0,0.3391242272727273,64,19
2024,00-0038134,Kenneth Walker III,RB,11,158.20000000000002,95.65,1.3917128046875,5.6863636363636365,34.0,35.0,40.0,37.5,35.0,0.3685415809659091,65,21
2024,00-0037740,Garrett Wilson,WR,17,201.4,98.45,1.3850447031250004,6.055882352941176,47.94117647058823,48.94117647058823,53.94117647058823,51.44117647058823,48.94117647058823,0.3939938961397058,66,16
2024,00-0038996,Tucker Kraft,TE,17,188.3,93.59,1.3648111015625002,5.571176470588235,25.764705882352946,26.764705882352946,31.764705882352946,29.264705882352946,26.764705882352946,0.3868600441176471,67,11
2024,00-0038543,Jaxon Smith-Njigba,WR,17,203.0,100.7,1.3554144218750002,6.01764705882353,48.11764705882353,49.11764705882353,54.11764705882353,51.61764705882353,49.11764705882353,0.3939045978860294,68,17
2024,00-0038129,Cade Otton,TE,14,170.1,93.54,1.3540730390624995,5.468571428571429,25.857142857142858,26.857142857142858,31.857142857142858,29.357142857142858,26.857142857142858,0.3882397712053572,69,12
2024,00-0029263,Russell Wilson,QB,11,182.78,99.34,1.351523546875,7.585454545454545,24.0,25.0,30.0,27.5,25.0,0.3249078345170454,70,20
2024,00-0039150,Bryce Young,QB,14,213.02,99.12,1.3443296953125,8.135714285714286,24.0,25.0,30.0,27.5,25.0,0.33350187109375,71,21
2024,00-0026498,Matthew Stafford,QB,16,230.58,101.23,1.3411393515625,8.084375,24.0,25.0,30.0,27.5,25.0,0.334325451171875,72,22
2024,00-0039075,Puka Nacua,WR,11,167.1,102.55,1.3305572968750004,5.868181818181818,49.0,50.0,55.0,52.5,50.0,0.3965796257102272,73,18
2024,00-0029604,Kirk Cousins,QB,14,208.32,93.9,1.3210812890624997,8.172857142857143,24.0,25.0,30.0,27.5,25.0,0.3345801713169643,74,23
2024,00-0035261,Tony Pollard,RB,16,180.2,91.65,1.3190005625,5.534375,34.375,35.375,40.375,37.875,35.375,0.3710198447265625,75,22
2024,00-0036893,Najee Harris,RB,17,186.6,91.95,1.3178005000000002,5.56764705882353,34.0,35.0,40.0,37.5,35.0,0.3741052775735294,76,23
2024,00-0037240,Jameson Williams,WR,15,183.2,94.6,1.3158077109375002,5.906666666666667,48.46666666666667,49.46666666666667,54.46666666666667,51.96666666666667,49.46666666666667,0.3968607859375,77,19
2024,00-0033090,Hunter Henry,TE,16,178.4,89.94000000000001,1.278436203125,5.5287500000000005,25.625,26.625,31.625,29.125,26.625,0.3851367250976562,78,13
2024,00-0036139,Rico Dowdle,RB,16,178.3,90.35,1.2667696562499997,5.496875,34.0625,35.0625,40.0625,37.5625,35.0625,0.3759229067382812,79,24
2024,00-0037256,Rachaad White,RB,15,174.1,89.3,1.2524694609375,5.653333333333333,34.53333333333333,35.53333333333333,40.53333333333333,38.03333333333333,35.53333333333333,0.3757461630208333,80,25
2024,00-0039851,Drake Maye,QB,13,197.14,89.00999999999999,1.2430072734374995,8.317692307692308,24.0,25.0,30.0,27.5,25.0,0.3305567295673076,81,24
2024,00-0036407,Jerry Jeudy,WR,17,195.9,93.6,1.2367670390625003,6.01764705882353,48.11764705882353,49.11764705882353,54.11764705882353,51.61764705882353,49.11764705882353,0.3939045978860294,82,20
2024,00-0036912,DeVonta Smith,WR,13,165.4,89.30000000000001,1.2256735078125,5.853846153846154,48.30769230769231,49.30769230769231,54.30769230769231,51.80769230769231,49.30769230769231,0.3951345775240384,83,21
2024,00-0034827,DJ Moore,WR,17,189.1,87.55,1.2043986796875004,5.973529411764707,48.52941176470589,49.52941176470589,54.52941176470589,52.02941176470589,49.52941176470589,0.3937272670036765,84,22
2024,00-0039164,Anthony Richardson,QB,11,186.86,88.88000000000001,1.2004352109375,8.907272727272728,24.0,25.0,30.0,27.5,25.0,0.3465785269886364,85,25
2024,00-0038994,Jordan Addison,WR,15,181.0,90.85,1.1783186484375,6.010000000000001,48.13333333333333,49.13333333333333,54.13333333333333,51.63333333333333,49.13333333333333,0.3962429927083333,86,23
2024,00-0034829,Mike Gesicki,TE,16,174.0,84.09,1.1654563046875002,5.619375,25.75,26.75,31.75,29.25,26.75,0.3878105375976562,87,14
2024,00-0034960,Jakobi Meyers,WR,15,174.5,83.35,1.1363917031250002,6.076666666666667,48.4,49.4,54.4,51.9,49.4,0.3929335098958333,88,24
2024,00-0036875,Rhamondre Stevenson,RB,15,159.4,74.2,1.1044390781249998,5.680000000000001,34.4,35.4,40.4,37.9,35.4,0.37685098125,89,26
2024,00-0031280,Derek Carr,QB,10,160.9,79.51,1.0893773124999997,8.139,24.0,25.0,30.0,27.5,25.0,0.33922816015625,90,26
2024,00-0036259,Jauan Jennings,WR,15,172.0,83.75,1.0557345703125,5.883333333333334,48.93333333333333,49.93333333333333,54.93333333333333,52.43333333333333,49.93333333333333,0.3940213338541666,91,25
2024,00-0033040,Tyreek Hill,WR,17,177.7,75.3,1.0430959218750004,6.023529411764706,47.94117647058823,48.94117647058823,53.94117647058823,51.44117647058823,48.94117647058823,0.3953862090992647,92,26
2024,00-0033921,Chris Godwin Jr.,WR,7,112.8,70.45,1.0248392265625,6.05,47.0,48.0,53.0,50.5,48.0,0.3921826707589285,93,27
2024,00-0033923,Kareem Hunt,RB,13,143.9,70.95,1.0216371328124998,5.611538461538462,33.69230769230769,34.69230769230769,39.69230769230769,37.19230769230769,34.69230769230769,0.3769049993990385,94,27
2024,00-0037746,Brian Robinson,RB,14,149.8,69.65,1.0203370703125,5.7250000000000005,34.142857142857146,35.142857142857146,40.142857142857146,37.642857142857146,35.142857142857146,0.3759016545758928,95,28
2024,00-0039146,Jayden Reed,WR,17,169.5,67.2,1.0183245156250005,6.01764705882353,48.11764705882353,49.11764705882353,54.11764705882353,51.61764705882353,49.11764705882353,0.3939045978860294,96,28
2024,00-0039064,Zay Flowers,WR,17,172.5,69.65,0.9988199296875002,6.050000000000001,48.0,49.0,54.0,51.5,49.0,0.395502208180147,97,29
2024,00-0039384,Tyrone Tracy Jr.,RB,17,163.3,68.05,0.9913472421875,5.602941176470588,34.35294117647059,35.35294117647059,40.35294117647059,37.85294117647059,35.35294117647059,0.3735250510110294,98,29
2024,00-0033908,Cooper Kupp,WR,12,141.5,71.4,0.97738440625,5.841666666666668,48.66666666666666,49.66666666666666,54.66666666666666,52.16666666666666,49.66666666666666,0.3952925957031249,99,30
2024,00-0036971,Trevor Lawrence,QB,10,159.2,65.86,0.9737867656249998,9.334,24.0,25.0,30.0,27.5,25.0,0.3446789679687499,100,27
2024,00-0034351,Dallas Goedert,TE,10,124.6,70.45,0.9693448515624996,5.415,25.4,26.4,31.4,28.9,26.4,0.39062383046875,101,15
2024,00-0035640,DK Metcalf,WR,15,158.2,69.2,0.9571947265624998,5.933333333333334,48.46666666666667,49.46666666666667,54.46666666666667,51.96666666666667,49.46666666666667,0.3942223088541666,102,31
2024,00-0036309,Darnell Mooney,WR,16,161.20000000000002,65.35000000000001,0.94445409375,5.9906250000000005,48.0625,49.0625,54.0625,51.5625,49.0625,0.3934074370117187,103,32
2024,00-0039165,Zach Charbonnet,RB,17,165.9,70.95,0.9435884062499996,5.585294117647059,34.11764705882353,35.11764705882353,40.11764705882353,37.61764705882353,35.11764705882353,0.3729632624080882,104,30
2024,00-0038997,Josh Downs,WR,14,147.5,63.9,0.9394941953125,5.971428571428572,48.42857142857143,49.42857142857143,54.42857142857143,51.92857142857143,49.42857142857143,0.3960611623883928,105,33
2024,00-0035710,Daniel Jones,QB,10,149.3,65.99000000000001,0.9324736171874998,8.331,24.0,25.0,30.0,27.5,25.0,0.33450414765625,106,28
2024,00-0031503,Jameis Winston,QB,11,155.14,68.53,0.932033,7.873636363636364,24.0,25.0,30.0,27.5,25.0,0.3345312237215909,107,29
2024,00-0033881,Evan Engram,TE,9,113.0,63.790000000000006,0.9181119531250004,5.467777777777778,26.444444444444443,27.444444444444443,32.44444444444444,29.944444444444443,27.444444444444443,0.3830983541666666,108,16
2024,00-0034837,Calvin Ridley,WR,17,167.20000000000002,65.3,0.9144350234375004,5.994117647058824,48.11764705882353,49.11764705882353,54.11764705882353,51.61764705882353,49.11764705882353,0.3962326659007353,109,34
2024,00-0039849,Marvin Harrison Jr.,WR,17,165.5,62.8,0.9002149843750001,6.041176470588235,47.88235294117647,48.88235294117647,53.88235294117647,51.38235294117647,48.88235294117647,0.3943023901654411,110,35
2024,00-0036970,Kyle Pitts,TE,17,154.7,59.54,0.896034421875,5.597647058823529,25.705882352941178,26.705882352941178,31.705882352941178,29.205882352941178,26.705882352941178,0.387294551930147,111,17
2024,00-0033357,Taysom Hill,TE,8,115.84,70.88,0.8772165781249999,5.62,25.625,26.625,31.625,29.125,26.625,0.3855103017578125,112,18
2024,00-0039894,Xavier Worthy,WR,16,157.7,62.4,0.8756442812500004,5.956250000000001,48.0625,49.0625,54.0625,51.5625,49.0625,0.3948867695312499,113,36
2024,00-0030279,Keenan Allen,WR,15,151.4,62.10000000000001,0.8693061718750003,5.953333333333334,48.8,49.8,54.8,52.3,49.8,0.3943628583333333,114,37
2024,00-0037838,Isaiah Likely,TE,15,144.7,59.29,0.8517451796875001,5.694,25.8,26.8,31.8,29.3,26.8,0.3855569666666666,115,19
2024,00-0036040,Juwan Johnson,TE,15,147.8,63.04,0.8501886328125,5.650666666666667,25.933333333333334,26.933333333333334,31.933333333333334,29.433333333333334,26.933333333333334,0.3851316942708333,116,20
2024,00-0026158,Joe Flacco,QB,7,113.04,58.93000000000001,0.8422457890624997,7.729999999999999,24.0,25.0,30.0,27.5,25.0,0.3165331004464286,117,30
2024,00-0038041,Jake Ferguson,TE,14,133.9,55.24,0.8067007031250003,5.618571428571428,25.214285714285715,26.214285714285715,31.214285714285715,28.714285714285715,26.214285714285715,0.389624921875,119,21
2024,00-0034270,Tyler Conklin,TE,16,147.4,57.69,0.7982677812500001,5.6068750000000005,25.6875,26.6875,31.6875,29.1875,26.6875,0.3861300073242187,120,22
2024,00-0036550,Rashod Bateman,WR,16,152.10000000000002,56.5,0.7912874921875003,5.9750000000000005,48.1875,49.1875,54.1875,51.6875,49.1875,0.3955231909179687,121,38
2024,00-0038544,Quentin Johnston,WR,15,147.20000000000002,58.650000000000006,0.7786713750000003,5.903333333333333,48.66666666666666,49.66666666666666,54.66666666666666,52.16666666666666,49.66666666666666,0.3952721171875,122,39
2024,00-0036290,Cole Kmet,TE,16,143.9,54.39,0.765696671875,5.594375,25.3125,26.3125,31.3125,28.8125,26.3125,0.3880165131835937,123,23
2024,00-0037261,Khalil Shakir,WR,15,144.5,54.3,0.7389044062500001,6.013333333333334,48.06666666666667,49.06666666666667,54.06666666666667,51.56666666666667,49.06666666666667,0.3947881338541666,124,40
2024,00-0030035,Adam Thielen,WR,10,115.5,55.0,0.7371736093750001,6.05,48.7,49.7,54.7,52.2,49.7,0.39428444453125,125,41
2024,00-0037247,George Pickens,WR,14,134.9,50.650000000000006,0.7364398515625001,6.017857142857143,48.0,49.0,54.0,51.5,49.0,0.3954933125,126,42
2024,00-0031588,Stefon Diggs,WR,8,98.42,48.72,0.7342319453124999,6.2125,47.0,48.0,53.0,50.5,48.0,0.3921079365234375,127,43
2024,00-0038933,Dalton Kincaid,TE,13,122.8,50.94,0.7324094453125003,5.527692307692307,25.384615384615383,26.384615384615383,31.384615384615383,28.884615384615383,26.384615384615383,0.3875291634615384,128,24
2024,00-0034159,Will Dissly,TE,15,135.1,53.19,0.7254058593750001,5.460666666666667,25.866666666666667,26.866666666666667,31.866666666666667,29.366666666666667,26.866666666666667,0.3854350526041666,129,25
2024,00-0034383,Dalton Schultz,TE,17,144.7,49.44,0.7170141328124999,5.603529411764706,25.764705882352946,26.764705882352946,31.764705882352946,29.264705882352946,26.764705882352946,0.3856242881433824,130,26
2024,00-0033699,Austin Ekeler,RB,12,114.8,50.55,0.7085764218749997,5.354166666666667,34.666666666666664,35.666666666666664,40.66666666666666,38.16666666666666,35.666666666666664,0.373101365234375,131,31
2024,00-0037809,Chig Okonkwo,TE,16,139.6,52.64,0.7068241015625003,5.4350000000000005,25.625,26.625,31.625,29.125,26.625,0.3876770576171875,132,27
2024,00-0035229,T.J. Hockenson,TE,10,107.0,51.0,0.6847010703125,5.6,25.9,26.9,31.9,29.4,26.9,0.387558953125,133,28
2024,00-0037664,Alec Pierce,WR,16,142.9,46.7,0.6796592812500002,6.0125,47.75,48.75,53.75,51.25,48.75,0.3947870083007812,134,44
2024,00-0035644,Noah Fant,TE,14,128.0,48.49,0.6721060859374999,5.679285714285714,25.714285714285715,26.714285714285715,31.714285714285715,29.214285714285715,26.714285714285715,0.3876865206473214,135,29
2024,00-0037525,Jordan Mason,RB,12,109.5,42.85,0.6710949296875,5.554166666666667,34.583333333333336,35.583333333333336,40.583333333333336,38.083333333333336,35.583333333333336,0.3734288294270833,136,32
2024,00-0035719,Deebo Samuel Sr.,WR,15,130.10000000000002,42.30000000000001,0.6431883359374999,5.853333333333334,48.53333333333333,49.53333333333333,54.53333333333333,52.03333333333333,49.53333333333333,0.3944687286458333,138,45
2024,00-0036637,Noah Gray,TE,16,133.3,43.440000000000005,0.5882833671875001,5.61625,25.875,26.875,31.875,29.375,26.875,0.3869765048828125,140,30
2024,00-0034972,Alexander Mattison,RB,14,119.4,39.5,0.5788132656249998,5.707142857142857,34.42857142857143,35.42857142857143,40.42857142857143,37.92857142857143,35.42857142857143,0.3715478616071428,141,33
2024,00-0034521,Allen Lazard,WR,12,107.5,35.2,0.5614512734375002,6.025,48.25,49.25,54.25,51.75,49.25,0.3918250338541666,143,46
2024,00-0037267,Jerome Ford,RB,14,115.5,38.1,0.5516287656249999,5.528571428571429,34.0,35.0,40.0,37.5,35.0,0.3749987745535714,144,34
2024,00-0036997,Javonte Williams,RB,17,131.9,36.25000000000001,0.5176164140625001,5.626470588235295,34.23529411764706,35.23529411764706,40.23529411764706,37.73529411764706,35.23529411764706,0.374499890625,145,35
2024,00-0038555,Tank Bigsby,RB,16,125.5,34.050000000000004,0.5078716484375001,5.715625,34.5625,35.5625,40.5625,38.0625,35.5625,0.3731155224609375,146,36
2024,00-0036182,Nick Westbrook-Ikhine,WR,14,119.7,36.900000000000006,0.5058963984375002,5.914285714285714,48.35714285714285,49.35714285714285,54.35714285714285,51.85714285714285,49.35714285714285,0.3977234743303571,147,47
2024,00-0032392,Austin Hooper,TE,17,131.1,35.84,0.5033068749999999,5.603529411764706,25.764705882352946,26.764705882352946,31.764705882352946,29.264705882352946,26.764705882352946,0.3856242881433824,148,31
2024,00-0039855,Jalen McMillan,WR,13,116.9,37.9,0.4968490625000001,6.076923076923077,48.15384615384615,49.15384615384615,54.15384615384615,51.65384615384615,49.15384615384615,0.3951388275240384,149,48
2024,00-0038117,Wan'Dale Robinson,WR,17,136.20000000000002,33.50000000000001,0.4730131562500002,6.041176470588235,47.88235294117647,48.88235294117647,53.88235294117647,51.38235294117647,48.88235294117647,0.3943023901654411,150,49
2024,00-0036252,Michael Pittman,WR,16,131.3,33.7,0.4648884843750003,6.1000000000000005,48.0,49.0,54.0,51.5,49.0,0.3944539624023437,151,50
2024,00-0037545,Rashid Shaheed,WR,6,65.80000000000001,29.450000000000003,0.4635828593750002,6.058333333333334,48.0,49.0,54.0,51.5,49.0,0.3883316549479166,152,51
2024,00-0037816,Romeo Doubs,WR,13,109.1,31.5,0.4507437109375002,5.96923076923077,48.38461538461539,49.38461538461539,54.38461538461539,51.88461538461539,49.38461538461539,0.3953863605769231,155,52
2024,00-0038977,Tank Dell,WR,14,114.5,31.1,0.4481764765625002,5.957142857142857,47.71428571428572,48.71428571428572,53.71428571428572,51.21428571428572,48.71428571428572,0.3969497862723214,156,53
2024,00-0039032,Tyjae Spears,RB,12,98.6,31.250000000000007,0.4265917031249997,5.612500000000001,34.0,35.0,40.0,37.5,35.0,0.3738889947916666,158,37
2024,00-0036973,Travis Etienne,RB,15,110.7,26.55,0.3649478046874999,5.61,34.266666666666666,35.266666666666666,40.266666666666666,37.766666666666666,35.266666666666666,0.3756459333333333,163,38
2024,00-0036251,Zack Moss,RB,8,70.4,24.300000000000004,0.363219953125,5.7625,35.5,36.5,41.5,39.0,36.5,0.3668027236328125,164,39
2024,00-0034975,Justice Hill,RB,15,106.1,21.45,0.3086364062499999,5.6433333333333335,34.53333333333333,35.53333333333333,40.53333333333333,38.03333333333333,35.53333333333333,0.3733538791666667,172,40
2025,00-0037744,Trey McBride,TE,17,378.9,288.8,3.813296625,5.3,29.11764705882353,30.11764705882353,35.11764705882353,32.61764705882353,30.11764705882353,0.3886983478860294,1,1
2025,00-0033280,Christian McCaffrey,RB,17,365.6,269.61,3.6627970859375,5.646470588235295,34.35294117647059,35.35294117647059,40.35294117647059,37.85294117647059,35.35294117647059,0.3766967922794118,2,1
2025,00-0034857,Josh Allen,QB,16,384.62,255.79,3.4567513984375,8.051875,24.0,25.0,30.0,27.5,25.0,0.3354362895507812,3,1
2025,00-0038542,Bijan Robinson,RB,17,331.3,236.1,3.2407745546875004,5.6000000000000005,34.88235294117647,35.88235294117647,40.88235294117647,38.38235294117647,35.88235294117647,0.3782847362132353,4,2
2025,00-0036223,Jonathan Taylor,RB,17,339.3,244.41000000000005,3.2397314453125,5.581764705882353,34.529411764705884,35.529411764705884,40.52941176470589,38.02941176470589,35.529411764705884,0.3769376011029411,5,3
2025,00-0039851,Drake Maye,QB,17,367.46,231.90000000000003,3.1136255390625003,7.974117647058824,24.0,25.0,30.0,27.5,25.0,0.3356466976102941,6,2
2025,00-0026498,Matthew Stafford,QB,17,366.38,227.91000000000005,3.051103453125,8.145294117647058,24.0,25.0,30.0,27.5,25.0,0.338225703125,7,3
2025,00-0039139,Jahmyr Gibbs,RB,17,328.40000000000003,233.36,3.028469265625,5.590588235294118,34.88235294117647,35.88235294117647,40.88235294117647,38.38235294117647,35.88235294117647,0.3781693740808823,8,4
2025,00-0036971,Trevor Lawrence,QB,17,362.18,223.71,2.9479051015625,8.145294117647058,24.0,25.0,30.0,27.5,25.0,0.338225703125,9,4
2025,00-0039075,Puka Nacua,WR,16,310.5,213.85,2.9249745000000003,6.040625,43.875,44.875,49.875,47.375,44.875,0.4023784370117187,10,1
2025,00-0039040,De'Von Achane,RB,16,289.3,199.31,2.7503819765625,5.624375000000001,34.875,35.875,40.875,38.375,35.875,0.3755961806640625,11,5
2025,00-0039918,Caleb Williams,QB,17,331.68,198.16000000000005,2.689180640625,7.854117647058824,24.0,25.0,30.0,27.5,25.0,0.3367730160845588,12,5
2025,00-0033873,Patrick Mahomes,QB,14,307.18,191.53,2.678111765625,8.260714285714286,24.0,25.0,30.0,27.5,25.0,0.3368414972098214,13,6
2025,00-0033077,Dak Prescott,QB,17,333.78,196.71,2.6646403593750003,8.062941176470588,24.0,25.0,30.0,27.5,25.0,0.3364329319852941,14,7
2025,00-0037248,James Cook,RB,17,285.70000000000005,190.66000000000005,2.6537064375,5.590588235294118,34.88235294117647,35.88235294117647,40.88235294117647,38.38235294117647,35.88235294117647,0.3762460712316176,15,6
2025,00-0038543,Jaxon Smith-Njigba,WR,17,300.4,198.0,2.64119315625,6.023529411764706,44.0,45.0,50.0,47.5,45.0,0.4029148524816176,16,2
2025,00-0036389,Jalen Hurts,QB,16,313.06,183.78,2.4862187812500003,8.08,24.0,25.0,30.0,27.5,25.0,0.338067328125,17,8
2025,00-0036355,Justin Herbert,QB,16,312.88,183.79,2.4802647656250003,8.068125,24.0,25.0,30.0,27.5,25.0,0.3349408657226562,18,9
2025,00-0039732,Bo Nix,QB,17,326.84000000000003,190.55,2.4795325546875,8.01705882352941,24.0,25.0,30.0,27.5,25.0,0.3353956488970588,19,10
2025,00-0032764,Derrick Henry,RB,17,272.0,176.96,2.4325737734375,5.590588235294118,34.88235294117647,35.88235294117647,40.88235294117647,38.38235294117647,35.88235294117647,0.3762460712316176,20,7
2025,00-0033106,Jared Goff,QB,17,313.06,174.59,2.3652382734375,8.145294117647058,24.0,25.0,30.0,27.5,25.0,0.338225703125,21,11
2025,00-0036970,Kyle Pitts,TE,17,254.8,164.60000000000002,2.17399671875,5.305882352941176,28.94117647058824,29.94117647058824,34.94117647058823,32.44117647058823,29.94117647058824,0.3911500114889706,22,2
2025,00-0036963,Amon-Ra St. Brown,WR,17,265.5,163.1,2.1661181015625,6.023529411764706,44.0,45.0,50.0,47.5,45.0,0.4029148524816176,23,3
2025,00-0034855,Baker Mayfield,QB,17,293.92,157.44,2.1586119609375,8.028235294117646,24.0,25.0,30.0,27.5,25.0,0.3383382017463235,24,12
2025,00-0037840,Kyren Williams,RB,17,245.3,150.26000000000002,2.08283815625,5.590588235294118,34.88235294117647,35.88235294117647,40.88235294117647,38.38235294117647,35.88235294117647,0.3781693740808823,25,8
2025,00-0038597,Chase Brown,RB,17,248.1,152.06,2.0774996640625,5.649411764705882,34.529411764705884,35.529411764705884,40.52941176470589,38.02941176470589,35.529411764705884,0.3776799430147058,26,9
2025,00-0036900,Ja'Marr Chase,WR,16,251.1,154.45000000000002,2.0677557109375004,6.040625,44.5625,45.5625,50.5625,48.0625,45.5625,0.4029116767578125,27,4
2025,00-0035710,Daniel Jones,QB,13,242.44,141.76,1.9755299531250003,7.744615384615385,24.0,25.0,30.0,27.5,25.0,0.3285948984375,28,13
2025,00-0037247,George Pickens,WR,17,245.4,143.55,1.951791421875,5.991176470588236,44.52941176470589,45.52941176470589,50.52941176470589,48.02941176470589,45.52941176470589,0.4028605528492647,29,5
2025,00-0030506,Travis Kelce,TE,17,231.2,140.3,1.9517600234375,5.347058823529412,28.94117647058824,29.94117647058824,34.94117647058823,32.44117647058823,29.94117647058824,0.3887283708639706,30,3
2025,00-0038041,Jake Ferguson,TE,17,229.1,138.2,1.9370438359375,5.347058823529412,28.94117647058824,29.94117647058824,34.94117647058823,32.44117647058823,29.94117647058824,0.3887283708639706,31,4
2025,00-0036997,Javonte Williams,RB,16,225.3,134.66,1.936385203125,5.665,34.5625,35.5625,40.5625,38.0625,35.5625,0.377012232421875,32,10
2025,00-0039338,Brock Bowers,TE,12,208.2,142.35,1.924484578125,5.4875,28.166666666666668,29.166666666666668,34.166666666666664,31.666666666666668,29.166666666666668,0.3913569752604167,33,5
2025,00-0040128,Tyler Warren,TE,17,226.5,136.65,1.9229031328125,5.285294117647059,29.0,30.0,35.0,32.5,30.0,0.3875260992647059,34,6
2025,00-0036973,Travis Etienne,RB,17,235.9,140.86,1.9200294921875003,5.590588235294118,34.88235294117647,35.88235294117647,40.88235294117647,38.38235294117647,35.88235294117647,0.3781693740808823,35,11
2025,00-0040663,Harold Fannin Jr.,TE,16,222.4,136.0,1.8625708046875,5.4,28.1875,29.1875,34.1875,31.6875,29.1875,0.3887465458984375,36,7
2025,00-0035700,Josh Jacobs,RB,15,219.1,134.45000000000002,1.8431172421875,5.6433333333333335,35.13333333333333,36.13333333333333,41.13333333333333,38.63333333333333,36.13333333333333,0.3768436125,37,12
2025,00-0040691,Jaxson Dart,QB,14,251.58,140.09,1.8323498984375,7.963571428571428,24.0,25.0,30.0,27.5,25.0,0.334493234375,38,14
2025,00-0033119,Jacoby Brissett,QB,14,243.44,137.9,1.8270643046875,7.538571428571428,24.0,25.0,30.0,27.5,25.0,0.3352379497767857,39,15
2025,00-0034351,Dallas Goedert,TE,15,215.1,135.9,1.8255739453125,5.28,28.33333333333333,29.33333333333333,34.333333333333336,31.83333333333333,29.33333333333333,0.3873517083333333,40,8
2025,00-0036040,Juwan Johnson,TE,17,218.4,128.55,1.803653921875,5.285294117647059,29.0,30.0,35.0,32.5,30.0,0.3875260992647059,41,9
2025,00-0036264,Jordan Love,QB,15,247.14,128.73,1.77942084375,7.894,24.0,25.0,30.0,27.5,25.0,0.3360594885416666,42,16
2025,00-0033288,George Kittle,TE,11,190.0,132.65,1.7788590156250002,5.213636363636364,29.181818181818183,30.181818181818183,35.18181818181818,32.68181818181818,30.181818181818183,0.3904299453125,43,10
2025,00-0034796,Lamar Jackson,QB,13,228.86,121.73,1.754919609375,8.24076923076923,24.0,25.0,30.0,27.5,25.0,0.3388662481971153,44,17
2025,00-0034844,Saquon Barkley,RB,16,213.8,124.91,1.73780015625,5.555625,35.125,36.125,41.125,38.625,36.125,0.3746558603515625,45,13
2025,00-0034383,Dalton Schultz,TE,17,218.7,128.0,1.7141608125,5.335294117647059,28.647058823529413,29.647058823529413,34.64705882352941,32.14705882352941,29.647058823529413,0.3884795822610294,46,11
2025,00-0040122,Ashton Jeanty,RB,17,217.6,122.56,1.7029816484374998,5.590588235294118,34.88235294117647,35.88235294117647,40.88235294117647,38.38235294117647,35.88235294117647,0.3781693740808823,47,14
2025,00-0036275,D'Andre Swift,RB,16,211.6,122.65,1.6684893281250002,5.559375,35.3125,36.3125,41.3125,38.8125,36.3125,0.3766232734375,48,15
2025,00-0034869,Sam Darnold,QB,17,263.42,124.95,1.6646663359375002,8.145294117647058,24.0,25.0,30.0,27.5,25.0,0.338225703125,49,18
2025,00-0033090,Hunter Henry,TE,17,208.8,118.20000000000002,1.6381784296874995,5.329411764705882,29.176470588235293,30.176470588235293,35.1764705882353,32.6764705882353,30.176470588235293,0.3887247679227941,50,12
2025,00-0037834,Brock Purdy,QB,9,197.38,120.46,1.617963328125,8.546666666666667,24.0,25.0,30.0,27.5,25.0,0.3437622925347222,51,19
2025,00-0037239,Chris Olave,WR,16,220.0,124.1,1.60949259375,5.99375,44.8125,45.8125,50.8125,48.3125,45.8125,0.4015113930664062,52,6
2025,00-0031381,Davante Adams,WR,14,192.9,108.75,1.5085175625000002,6.010714285714286,44.57142857142857,45.57142857142857,50.57142857142857,48.07142857142857,45.57142857142857,0.4013720987723214,53,7
2025,00-0023459,Aaron Rodgers,QB,16,240.58,112.83,1.5036573984375,7.984375,24.0,25.0,30.0,27.5,25.0,0.3365909926757812,54,20
2025,00-0037228,Jaylen Warren,RB,16,197.1,108.15,1.494300140625,5.559375,34.5,35.5,40.5,38.0,35.5,0.3793796943359375,55,16
2025,00-0039150,Bryce Young,QB,16,240.04,108.07,1.480705171875,8.248125,24.0,25.0,30.0,27.5,25.0,0.3384012119140624,56,21
2025,00-0039163,C.J. Stroud,QB,14,224.54,110.41,1.465370859375,8.152142857142858,24.0,25.0,30.0,27.5,25.0,0.33140103125,57,22
2025,00-0038120,Breece Hall,RB,16,189.66,100.77,1.4432475781250005,5.555625,35.125,36.125,41.125,38.625,36.125,0.3746558603515625,58,17
2025,00-0040126,Colston Loveland,TE,16,194.1,109.75,1.4347470390625,5.271875,29.0625,30.0625,35.0625,32.5625,30.0625,0.3916679877929687,59,13
2025,00-0039064,Zay Flowers,WR,17,200.3,98.75,1.3891302421875,5.973529411764707,44.35294117647059,45.35294117647059,50.35294117647059,47.85294117647059,45.35294117647059,0.4027526263786765,60,8
2025,00-0036554,Nico Collins,WR,15,190.7,99.7,1.3628588828125006,6.066666666666666,44.4,45.4,50.4,47.9,45.4,0.4023593067708333,61,9
2025,00-0036139,Rico Dowdle,RB,17,196.8,100.81,1.3287070937500003,5.646470588235295,34.35294117647059,35.35294117647059,40.35294117647059,37.85294117647059,35.35294117647059,0.3766967922794118,62,18
2025,00-0037238,Drake London,WR,12,167.9,94.6,1.2652218750000004,6.108333333333333,43.833333333333336,44.833333333333336,49.833333333333336,47.333333333333336,44.833333333333336,0.4041764557291666,63,10
2025,00-0040743,Tyler Shough,QB,11,169.96,92.08,1.2369327499999998,7.079999999999999,24.0,25.0,30.0,27.5,25.0,0.3339405014204545,64,23
2025,00-0030565,Geno Smith,QB,15,207.9,88.28,1.2365508359375,7.974666666666667,24.0,25.0,30.0,27.5,25.0,0.3350770484375,65,24
2025,00-0040734,TreVeyon Henderson,RB,17,188.7,92.71,1.2364917734375005,5.646470588235295,34.35294117647059,35.35294117647059,40.35294117647059,37.85294117647059,35.35294117647059,0.3766967922794118,66,19
2025,00-0040730,RJ Harvey,RB,17,183.1,87.71,1.23190478125,5.611176470588235,34.8235294117647,35.8235294117647,40.8235294117647,38.3235294117647,35.8235294117647,0.3763471884191176,67,20
2025,00-0036919,Kenny Gainwell,RB,17,184.8,89.6,1.2242909218750002,5.6000000000000005,34.88235294117647,35.88235294117647,40.88235294117647,38.38235294117647,35.88235294117647,0.3782847362132353,68,21
2025,00-0035676,A.J. Brown,WR,15,181.3,90.85,1.2207130390625,6.03,44.2,45.2,50.2,47.7,45.2,0.4019530088541667,69,11
2025,00-0036410,Tee Higgins,WR,15,182.1,92.9,1.217497578125,5.946666666666667,44.8,45.8,50.8,48.3,45.8,0.4040872072916667,70,12
2025,00-0036358,CeeDee Lamb,WR,13,163.4,86.45,1.2112848984375002,5.9192307692307695,44.76923076923077,45.76923076923077,50.76923076923077,48.26923076923077,45.76923076923077,0.4041325222355769,71,13
2025,00-0038996,Tucker Kraft,TE,8,133.2,89.3,1.2059956640625,5.4875,29.25,30.25,35.25,32.75,30.25,0.388939552734375,72,14
2025,00-0030061,Zach Ertz,TE,13,151.4,81.6,1.1937441640625,5.369230769230769,28.46153846153846,29.46153846153846,34.46153846153846,31.96153846153846,29.46153846153846,0.3862571977163461,73,15
2025,00-0037240,Jameson Williams,WR,17,187.4,85.0,1.17694453125,6.023529411764706,44.0,45.0,50.0,47.5,45.0,0.4029148524816176,74,14
2025,00-0038933,Dalton Kincaid,TE,12,145.6,79.35000000000001,1.1664637265625,5.520833333333333,28.166666666666668,29.166666666666668,34.166666666666664,31.666666666666668,29.166666666666668,0.3863746783854166,75,16
2025,00-0038134,Kenneth Walker III,RB,17,176.4,81.36,1.1552498124999997,5.590588235294118,34.88235294117647,35.88235294117647,40.88235294117647,38.38235294117647,35.88235294117647,0.3781693740808823,76,22
2025,00-0039165,Zach Charbonnet,RB,16,171.4,82.41,1.149394890625,5.561875000000001,34.9375,35.9375,40.9375,38.4375,35.9375,0.37753940234375,77,23
2025,00-0039793,AJ Barner,TE,17,173.3,83.2,1.1426544140624997,5.3,29.11764705882353,30.11764705882353,35.11764705882353,32.61764705882353,30.11764705882353,0.3886983478860294,78,17
2025,00-0036875,Rhamondre Stevenson,RB,14,162.8,83.21000000000001,1.139822421875,5.6850000000000005,34.42857142857143,35.42857142857143,40.42857142857143,37.92857142857143,35.42857142857143,0.3751446529017857,79,24
2025,00-0034348,Courtland Sutton,WR,17,182.7,80.6,1.1296273437500002,6.005882352941177,44.47058823529412,45.47058823529412,50.47058823529412,47.97058823529412,45.47058823529412,0.4033087987132353,80,15
2025,00-0039065,Sam LaPorta,TE,9,126.9,78.45,1.1137122499999998,5.383333333333334,29.444444444444443,30.444444444444443,35.44444444444444,32.94444444444444,30.444444444444443,0.3844454513888889,81,18
2025,00-0038935,Brenton Strange,TE,12,141.0,75.65,1.107567109375,5.445833333333333,28.5,29.5,34.5,32.0,29.5,0.3868240091145833,82,19
2025,00-0040784,Quinshon Judkins,RB,14,156.8,78.51,1.0992470546875002,5.592142857142858,35.285714285714285,36.285714285714285,41.285714285714285,38.785714285714285,36.285714285714285,0.3761722667410714,83,25
2025,00-0036945,Justin Fields,QB,9,144.66,71.9,1.0781795859375,8.084444444444445,24.0,25.0,30.0,27.5,25.0,0.3312991059027778,84,25
2025,00-0039067,Rashee Rice,WR,8,123.6,78.45,1.0762770703124998,5.643750000000001,45.125,46.125,51.125,48.625,46.125,0.4058377705078125,85,16
2025,00-0036442,Joe Burrow,QB,8,144.46,77.00999999999999,1.063423359375,8.43125,24.0,25.0,30.0,27.5,25.0,0.3315196171875,86,26
2025,00-0040124,Tetairoa McMillan,WR,17,178.4,75.9,1.04718521875,6.029411764705882,44.47058823529412,45.47058823529412,50.47058823529412,47.97058823529412,45.47058823529412,0.4033010919117647,87,17
2025,00-0036244,Colby Parkinson,TE,14,151.3,78.4,1.0177611953124994,5.207142857142857,28.928571428571427,29.928571428571427,34.92857142857143,32.42857142857143,29.928571428571427,0.3868646981026785,88,20
2025,00-0036212,Tua Tagovailoa,QB,14,190.7,75.83,1.0095250859375,8.205,24.0,25.0,30.0,27.5,25.0,0.3355819391741071,89,27
2025,00-0038117,Wan'Dale Robinson,WR,16,171.9,75.15,1.0083391796875,6.046875,44.8125,45.8125,50.8125,48.3125,45.8125,0.4028999208984375,90,18
2025,00-0039361,Bucky Irving,RB,10,123.5,66.25,1.0051039921874998,5.7250000000000005,36.5,37.5,42.5,40.0,37.5,0.376038825,91,26
2025,00-0038559,Michael Wilson,WR,17,181.6,79.2,1.0007448515625,6.023529411764706,44.0,45.0,50.0,47.5,45.0,0.4029148524816176,92,19
2025,00-0038544,Quentin Johnston,WR,13,145.7,66.0,0.9932702343750002,6.130769230769231,44.30769230769231,45.30769230769231,50.30769230769231,47.80769230769231,45.30769230769231,0.4013636316105768,93,20
2025,00-0037664,Alec Pierce,WR,15,159.8,71.2,0.9911317109375,5.906666666666667,44.46666666666667,45.46666666666667,50.46666666666667,47.96666666666667,45.46666666666667,0.4027416463541666,94,21
2025,00-0039923,J.J. McCarthy,QB,10,149.38,72.8,0.9862105859375,7.657999999999999,24.0,25.0,30.0,27.5,25.0,0.3327889726562499,95,28
2025,00-0035261,Tony Pollard,RB,17,169.3,73.26,0.9778154296875,5.649411764705882,34.529411764705884,35.529411764705884,40.52941176470589,38.02941176470589,35.529411764705884,0.3776799430147058,96,27
2025,00-0040189,Oronde Gadsden II,TE,15,155.9,77.25000000000001,0.9718862499999996,5.243333333333334,29.0,30.0,35.0,32.5,30.0,0.3867609703125,97,21
2025,00-0040666,Omarion Hampton,RB,9,119.7,68.06,0.9615033359374998,5.737777777777778,35.77777777777778,36.77777777777778,41.77777777777778,39.27777777777778,36.77777777777778,0.37355625,98,28
2025,00-0038129,Cade Otton,TE,15,151.7,72.25000000000001,0.9470834140624996,5.296666666666667,28.53333333333333,29.53333333333333,34.53333333333333,32.03333333333333,29.53333333333333,0.3901166375,99,22
2025,00-0040715,Cam Skattebo,RB,8,115.7,70.26,0.946560890625,5.68,33.25,34.25,39.25,36.75,34.25,0.3693198828125,100,29
2025,00-0035640,DK Metcalf,WR,15,157.70000000000002,68.35,0.9418176953125004,5.956666666666667,44.53333333333333,45.53333333333333,50.53333333333333,48.03333333333333,45.53333333333333,0.4018633723958333,101,22
2025,00-0040129,Emeka Egbuka,WR,17,164.2,63.1,0.93793765625,5.947058823529412,44.35294117647059,45.35294117647059,50.35294117647059,47.85294117647059,45.35294117647059,0.4028090951286764,102,23
2025,00-0039847,Theo Johnson,TE,15,150.3,68.95,0.9217195312499996,5.423333333333333,28.73333333333333,29.73333333333333,34.733333333333334,32.233333333333334,29.73333333333333,0.3883563895833333,103,23
2025,00-0036613,Jaylen Waddle,WR,16,162.12,65.77,0.9179704765625,6.0218750000000005,44.8125,45.8125,50.8125,48.3125,45.8125,0.402908109375,104,24
2025,00-0039910,Jayden Daniels,QB,7,120.28,64.5,0.885195265625,7.968571428571429,24.0,25.0,30.0,27.5,25.0,0.3201501060267857,105,29
2025,00-0034753,Mark Andrews,TE,17,155.0,64.25,0.8844464062499999,5.338235294117647,28.764705882352946,29.764705882352946,34.76470588235294,32.26470588235294,29.764705882352946,0.3890202109375,106,24
2025,00-0032268,Marcus Mariota,QB,10,139.5,61.57000000000001,0.8804750546874998,7.792999999999999,24.0,25.0,30.0,27.5,25.0,0.3443602515625,107,30
2025,00-0031588,Stefon Diggs,WR,17,167.8,65.3,0.8756564609375002,6.029411764705882,44.47058823529412,45.47058823529412,50.47058823529412,47.97058823529412,45.47058823529412,0.4033010919117647,108,25
2025,00-0035685,David Montgomery,RB,17,154.92000000000002,59.88,0.8713279921874999,5.590588235294118,34.88235294117647,35.88235294117647,40.88235294117647,38.38235294117647,35.88235294117647,0.3781693740808823,109,30
2025,00-0036252,Michael Pittman,WR,17,162.4,60.75,0.8612170390625004,5.979411764705882,44.47058823529412,45.47058823529412,50.47058823529412,47.97058823529412,45.47058823529412,0.4019942421875,110,26
2025,00-0035719,Deebo Samuel Sr.,WR,16,152.20000000000002,55.85,0.8456827109375,6.0218750000000005,44.375,45.375,50.375,47.875,45.375,0.4027970048828125,111,27
2025,00-0037809,Chig Okonkwo,TE,17,152.0,61.10000000000001,0.838855546875,5.347058823529412,28.94117647058824,29.94117647058824,34.94117647058823,32.44117647058823,29.94117647058824,0.3887283708639706,114,25
2025,00-0036322,Justin Jefferson,WR,17,159.5,57.85,0.8340349140625003,5.979411764705882,44.52941176470589,45.52941176470589,50.52941176470589,48.02941176470589,45.52941176470589,0.4031675932904411,115,28
2025,00-0036158,J.K. Dobbins,RB,10,110.4,54.21000000000001,0.80137640625,5.619,33.1,34.1,39.1,36.6,34.1,0.3726593390625,116,31
2025,00-0038124,Christian Watson,WR,10,114.9,57.55,0.79962659375,5.735,44.3,45.3,50.3,47.8,45.3,0.40654906953125,117,29
2025,00-0035229,T.J. Hockenson,TE,15,138.3,56.85,0.7967952265624997,5.430000000000001,28.133333333333333,29.133333333333333,34.13333333333333,31.633333333333333,29.133333333333333,0.3880785125,118,26
2025,00-0036912,DeVonta Smith,WR,17,163.3,62.2,0.792699984375,5.947058823529412,44.35294117647059,45.35294117647059,50.35294117647059,47.85294117647059,45.35294117647059,0.4028090951286764,120,30
2025,00-0039919,Rome Odunze,WR,12,124.1,52.4,0.7820827656250001,5.9750000000000005,44.75,45.75,50.75,48.25,45.75,0.4001881712239583,121,31
2025,00-0037112,Jake Tonges,TE,10,110.3,53.6,0.7754782109375,5.67,28.0,29.0,34.0,31.5,29.0,0.38989409296875,122,27
2025,00-0039384,Tyrone Tracy Jr.,RB,15,142.8,58.4,0.7542986406250001,5.626666666666667,34.13333333333333,35.13333333333333,40.13333333333333,37.63333333333333,35.13333333333333,0.3790796906249999,123,32
2025,00-0036259,Jauan Jennings,WR,15,145.8,55.95,0.7488383125,5.99,44.266666666666666,45.266666666666666,50.266666666666666,47.766666666666666,45.266666666666666,0.403368990625,124,32
2025,00-0031610,Darren Waller,TE,9,100.7,52.150000000000006,0.7136194609375,5.394444444444444,28.33333333333333,29.33333333333333,34.333333333333336,31.83333333333333,29.33333333333333,0.3826275095486111,125,28
2025,00-0039915,Ladd McConkey,WR,16,147.9,51.55,0.7134333437500002,6.0218750000000005,44.8125,45.8125,50.8125,48.3125,45.8125,0.402908109375,126,33
2025,00-0036894,Pat Freiermuth,TE,15,134.1,55.00000000000001,0.6905818437499998,5.2733333333333325,29.066666666666663,30.066666666666663,35.06666666666667,32.56666666666667,30.066666666666663,0.3931250880208333,128,29
2025,00-0034960,Jakobi Meyers,WR,16,138.3,41.650000000000006,0.6319727421875001,6.040625,43.875,44.875,49.875,47.375,44.875,0.4023784370117187,129,34
2025,00-0037816,Romeo Doubs,WR,16,137.9,42.8,0.6153572265625001,5.9437500000000005,44.5,45.5,50.5,48.0,45.5,0.4025421713867187,130,35
2025,00-0037740,Garrett Wilson,WR,7,81.5,37.6,0.6100829296875001,6.271428571428572,45.0,46.0,51.0,48.5,46.0,0.3973209821428571,131,36
2025,00-0033885,David Njoku,TE,11,102.8,42.55,0.606035390625,5.477272727272728,27.727272727272727,28.727272727272727,33.72727272727273,31.227272727272727,28.727272727272727,0.3864127776988637,132,30
2025,00-0040583,Woody Marks,RB,16,133.1,44.26,0.6041132578125,5.5525,34.4375,35.4375,40.4375,37.9375,35.4375,0.3763807548828125,133,33
2025,00-0034827,DJ Moore,WR,17,147.18,46.33,0.6012847656250002,5.932352941176471,44.1764705882353,45.1764705882353,50.1764705882353,47.6764705882353,45.1764705882353,0.4029643864889706,134,37
2025,00-0033881,Evan Engram,TE,16,127.8,41.25,0.5992525625000003,5.409375,28.5625,29.5625,34.5625,32.0625,29.5625,0.3874244077148437,135,31
2025,00-0038606,Parker Washington,WR,16,143.70000000000002,46.1,0.5948662656250001,6.1000000000000005,44.0,45.0,50.0,47.5,45.0,0.402961181640625,136,38
2025,00-0033923,Kareem Hunt,RB,17,136.4,40.35999999999999,0.5909175625,5.649411764705882,34.529411764705884,35.529411764705884,40.52941176470589,38.02941176470589,35.529411764705884,0.3776799430147058,137,34
2025,00-0040242,Jacory Croskey-Merritt,RB,17,135.8,40.41,0.5839194218750001,5.611176470588235,34.8235294117647,35.8235294117647,40.8235294117647,38.3235294117647,35.8235294117647,0.3763471884191176,138,35
2025,00-0040236,Kyle Monangai,RB,17,137.70000000000002,42.5,0.5821584531249999,5.6000000000000005,34.88235294117647,35.88235294117647,40.88235294117647,38.38235294117647,35.88235294117647,0.3782847362132353,139,36
2025,00-0030279,Keenan Allen,WR,17,142.2,40.1,0.5793175234375003,6.005882352941177,44.47058823529412,45.47058823529412,50.47058823529412,47.97058823529412,45.47058823529412,0.4033087987132353,140,39
2025,00-0040736,Mason Taylor,TE,13,110.9,42.0,0.5789413749999999,5.300000000000001,28.307692307692307,29.307692307692307,34.30769230769231,31.807692307692307,29.307692307692307,0.388293553485577,141,32
2025,00-0039391,Kimani Vidal,RB,13,109.9,37.31,0.5589492812500001,5.583846153846154,35.23076923076923,36.23076923076923,41.23076923076923,38.73076923076923,36.23076923076923,0.3790781983173076,143,37
2025,00-0039868,Troy Franklin,WR,17,144.6,42.5,0.544653828125,6.005882352941177,44.47058823529412,45.47058823529412,50.47058823529412,47.97058823529412,45.47058823529412,0.4033087987132353,144,40
2025,00-0033293,Aaron Jones,RB,12,104.7,38.1,0.5263671796875,5.550000000000001,35.083333333333336,36.083333333333336,41.083333333333336,38.583333333333336,36.083333333333336,0.3769583177083333,145,38
2025,00-0039849,Marvin Harrison Jr.,WR,12,107.3,32.400000000000006,0.5035291249999998,6.241666666666667,44.25,45.25,50.25,47.75,45.25,0.3996338880208332,147,41
2025,00-0035659,Terry McLaurin,WR,10,95.2,34.85,0.4873279062500002,6.035,44.5,45.5,50.5,48.0,45.5,0.400294128125,148,42
2025,00-0037525,Jordan Mason,RB,16,121.9,32.10999999999999,0.4774908125000001,5.611875,34.875,35.875,40.875,38.375,35.875,0.3779699106445312,151,39
2025,00-0037261,Khalil Shakir,WR,16,130.4,34.599999999999994,0.4762734375000002,5.987500000000001,44.6875,45.6875,50.6875,48.1875,45.6875,0.4023171762695312,152,43
2025,00-0036555,Chuba Hubbard,RB,15,110.4,25.15,0.4721726796875,5.683333333333334,34.733333333333334,35.733333333333334,40.73333333333333,38.23333333333333,35.733333333333334,0.3779026473958333,153,40
2025,00-0035689,Dawson Knox,TE,16,121.7,36.1,0.4686514687499999,5.35,28.625,29.625,34.625,32.125,29.625,0.3891029301757812,154,33
2025,00-0038563,Tre Tucker,WR,17,133.2,30.8,0.4329395859375,6.023529411764706,44.0,45.0,50.0,47.5,45.0,0.4029148524816176,155,44
2025,00-0038994,Jordan Addison,WR,14,114.1,32.2,0.4186632343750001,5.8500000000000005,44.07142857142857,45.07142857142857,50.07142857142857,47.57142857142857,45.07142857142857,0.4056775318080357,156,45
2025,00-0033110,Tyler Higbee,TE,10,83.6,30.40000000000001,0.4069912578125,5.32,29.9,30.9,35.9,33.4,30.9,0.39146306875,157,34
2025,00-0037256,Rachaad White,RB,17,123.0,28.71,0.4063657343750002,5.546470588235295,35.05882352941177,36.05882352941177,41.05882352941177,38.55882352941177,36.05882352941177,0.3754621810661764,158,41
2025,00-0039893,Brian Thomas Jr.,WR,14,114.8,28.7,0.3749751874999998,6.15,44.07142857142857,45.07142857142857,50.07142857142857,47.57142857142857,45.07142857142857,0.4009612243303571,162,46
2025,00-0039337,Malik Nabers,WR,4,48.1,21.750000000000004,0.3393010859375001,6.5875,45.0,46.0,51.0,48.5,46.0,0.38981087109375,167,47
2025,00-0038608,Kayshon Boutte,WR,14,107.6,21.95,0.3286161249999998,6.117857142857143,44.642857142857146,45.642857142857146,50.642857142857146,48.142857142857146,45.642857142857146,0.4006672589285714,171,48
2025,00-0035662,Marquise Brown,WR,16,113.2,17.45,0.2866515234375002,5.984375,44.4375,45.4375,50.4375,47.9375,45.4375,0.4020630986328125,175,49
2025,00-0031408,Mike Evans,WR,8,69.80000000000001,19.950000000000003,0.267793109375,6.23125,44.5,45.5,50.5,48.0,45.5,0.4039780087890625,177,50
2025,00-0033040,Tyreek Hill,WR,4,43.0,16.65,0.2489003906249999,6.5875,45.0,46.0,51.0,48.5,46.0,0.38981087109375,178,51
