season,player_id,player_name,position,games,fantasy_points,porp,worp,avg_replacement_points,avg_starter_cutoff_rank,avg_replacement_pool_start,avg_replacement_pool_end,avg_replacement_effective_rank,avg_replacement_rank,avg_replacement_win_prob,overall_rank,pos_rank
2025,00-0037744,Trey McBride,TE,17,378.90000000000003,288.8,3.8132966249999996,5.3,29.11764705882353,30.11764705882353,35.11764705882353,32.61764705882353,30.11764705882353,0.3886983478860294,1,1
2025,00-0033280,Christian McCaffrey,RB,17,365.6,269.61,3.6627970859375,5.646470588235295,34.35294117647059,35.35294117647059,40.35294117647059,37.85294117647059,35.35294117647059,0.3766967922794118,2,1
2025,00-0034857,Josh Allen,QB,16,384.62,255.79,3.4567513984375,8.051875,24.0,25.0,30.0,27.5,25.0,0.33543628955078125,3,1
2025,00-0038542,Bijan Robinson,RB,17,331.3,236.1,3.2407745546875004,5.6000000000000005,34.88235294117647,35.88235294117647,40.88235294117647,38.38235294117647,35.88235294117647,0.37828473621323533,4,2
2025,00-0036223,Jonathan Taylor,RB,17,339.3,244.41000000000003,3.2397314453124997,5.581764705882353,34.529411764705884,35.529411764705884,40.529411764705884,38.029411764705884,35.529411764705884,0.37693760110294117,5,3
2025,00-0039851,Drake Maye,QB,17,367.46000000000004,231.90000000000003,3.1136255390625003,7.974117647058824,24.0,25.0,30.0,27.5,25.0,0.3356466976102941,6,2
2025,00-0026498,Matthew Stafford,QB,17,366.38,227.91000000000003,3.051103453125,8.145294117647058,24.0,25.0,30.0,27.5,25.0,0.338225703125,7,3
2025,00-0039139,Jahmyr Gibbs,RB,17,328.40000000000003,233.36,3.0284692656249996,5.590588235294118,34.88235294117647,35.88235294117647,40.88235294117647,38.38235294117647,35.88235294117647,0.37816937408088236,8,4
2025,00-0036971,Trevor Lawrence,QB,17,362.18,223.71,2.9479051015625,8.145294117647058,24.0,25.0,30.0,27.5,25.0,0.338225703125,9,4
2025,00-0039075,Puka Nacua,WR,16,310.5,213.85,2.9249745000000003,6.040625,43.875,44.875,49.875,47.375,44.875,0.4023784370117187,10,1
2025,00-0039040,De'Von Achane,RB,16,289.3,199.31,2.7503819765624997,5.624375000000001,34.875,35.875,40.875,38.375,35.875,0.3755961806640625,11,5
2025,00-0039918,Caleb Williams,QB,17,331.68,198.16000000000003,2.689180640625,7.854117647058824,24.0,25.0,30.0,27.5,25.0,0.33677301608455884,12,5
2025,00-0033873,Patrick Mahomes,QB,14,307.18,191.53,2.678111765625,8.260714285714286,24.0,25.0,30.0,27.5,25.0,0.3368414972098214,13,6
2025,00-0033077,Dak Prescott,QB,17,333.78,196.70999999999998,2.6646403593750003,8.062941176470588,24.0,25.0,30.0,27.5,25.0,0.3364329319852941,14,7
2025,00-0037248,James Cook,RB,17,285.70000000000005,190.66000000000003,2.6537064375,5.590588235294118,34.88235294117647,35.88235294117647,40.88235294117647,38.38235294117647,35.88235294117647,0.37624607123161763,15,6
2025,00-0038543,Jaxon Smith-Njigba,WR,17,300.4,198.0,2.64119315625,6.023529411764706,44.0,45.0,50.0,47.5,45.0,0.4029148524816176,16,2
2025,00-0036389,Jalen Hurts,QB,16,313.06,183.78,2.4862187812500003,8.08,24.0,25.0,30.0,27.5,25.0,0.338067328125,17,8
2025,00-0036355,Justin Herbert,QB,16,312.88,183.79,2.4802647656250003,8.068125,24.0,25.0,30.0,27.5,25.0,0.33494086572265624,18,9
2025,00-0039732,Bo Nix,QB,17,326.84000000000003,190.55,2.4795325546875,8.01705882352941,24.0,25.0,30.0,27.5,25.0,0.3353956488970588,19,10
2025,00-0032764,Derrick Henry,RB,17,272.0,176.96,2.4325737734375,5.590588235294118,34.88235294117647,35.88235294117647,40.88235294117647,38.38235294117647,35.88235294117647,0.37624607123161763,20,7
2025,00-0033106,Jared Goff,QB,17,313.06,174.59,2.3652382734375,8.145294117647058,24.0,25.0,30.0,27.5,25.0,0.338225703125,21,11
2025,00-0036970,Kyle Pitts,TE,17,254.8,164.60000000000002,2.17399671875,5.305882352941176,28.941176470588236,29.941176470588236,34.94117647058823,32.44117647058823,29.941176470588236,0.3911500114889706,22,2
2025,00-0036963,Amon-Ra St. Brown,WR,17,265.5,163.1,2.1661181015625,6.023529411764706,44.0,45.0,50.0,47.5,45.0,0.4029148524816176,23,3
2025,00-0034855,Baker Mayfield,QB,17,293.92,157.44,2.1586119609375,8.028235294117646,24.0,25.0,30.0,27.5,25.0,0.3383382017463235,24,12
2025,00-0037840,Kyren Williams,RB,17,245.3,150.26000000000002,2.0828381562500002,5.590588235294118,34.88235294117647,35.88235294117647,40.88235294117647,38.38235294117647,35.88235294117647,0.37816937408088236,25,8
2025,00-0038597,Chase Brown,RB,17,248.10000000000002,152.06,2.0774996640625,5.649411764705882,34.529411764705884,35.529411764705884,40.529411764705884,38.029411764705884,35.529411764705884,0.37767994301470587,26,9
2025,00-0036900,Ja'Marr Chase,WR,16,251.10000000000002,154.45000000000002,2.0677557109375004,6.040625,44.5625,45.5625,50.5625,48.0625,45.5625,0.4029116767578125,27,4
2025,00-0035710,Daniel Jones,QB,13,242.44,141.76,1.9755299531250003,7.744615384615385,24.0,25.0,30.0,27.5,25.0,0.3285948984375,28,13
2025,00-0037247,George Pickens,WR,17,245.4,143.55,1.9517914218749999,5.991176470588236,44.529411764705884,45.529411764705884,50.529411764705884,48.029411764705884,45.529411764705884,0.4028605528492647,29,5
2025,00-0030506,Travis Kelce,TE,17,231.20000000000002,140.3,1.9517600234374999,5.347058823529412,28.941176470588236,29.941176470588236,34.94117647058823,32.44117647058823,29.941176470588236,0.3887283708639706,30,3
2025,00-0038041,Jake Ferguson,TE,17,229.1,138.2,1.9370438359374997,5.347058823529412,28.941176470588236,29.941176470588236,34.94117647058823,32.44117647058823,29.941176470588236,0.3887283708639706,31,4
2025,00-0036997,Javonte Williams,RB,16,225.3,134.66,1.9363852031250002,5.665,34.5625,35.5625,40.5625,38.0625,35.5625,0.377012232421875,32,10
2025,00-0039338,Brock Bowers,TE,12,208.2,142.35,1.9244845781249997,5.4875,28.166666666666668,29.166666666666668,34.166666666666664,31.666666666666668,29.166666666666668,0.3913569752604167,33,5
2025,00-0040128,Tyler Warren,TE,17,226.5,136.65,1.9229031328125001,5.285294117647059,29.0,30.0,35.0,32.5,30.0,0.3875260992647059,34,6
2025,00-0036973,Travis Etienne,RB,17,235.9,140.86,1.9200294921875003,5.590588235294118,34.88235294117647,35.88235294117647,40.88235294117647,38.38235294117647,35.88235294117647,0.37816937408088236,35,11
2025,00-0040663,Harold Fannin Jr.,TE,16,222.4,136.0,1.8625708046875,5.4,28.1875,29.1875,34.1875,31.6875,29.1875,0.3887465458984375,36,7
2025,00-0035700,Josh Jacobs,RB,15,219.10000000000002,134.45000000000002,1.8431172421875002,5.6433333333333335,35.13333333333333,36.13333333333333,41.13333333333333,38.63333333333333,36.13333333333333,0.3768436125,37,12
2025,00-0040691,Jaxson Dart,QB,14,251.58,140.09,1.8323498984375,7.963571428571428,24.0,25.0,30.0,27.5,25.0,0.334493234375,38,14
2025,00-0033119,Jacoby Brissett,QB,14,243.44,137.9,1.8270643046874997,7.538571428571428,24.0,25.0,30.0,27.5,25.0,0.3352379497767857,39,15
2025,00-0034351,Dallas Goedert,TE,15,215.1,135.9,1.8255739453124997,5.28,28.333333333333332,29.333333333333332,34.333333333333336,31.833333333333332,29.333333333333332,0.3873517083333333,40,8
2025,00-0036040,Juwan Johnson,TE,17,218.4,128.55,1.8036539218749998,5.285294117647059,29.0,30.0,35.0,32.5,30.0,0.3875260992647059,41,9
2025,00-0036264,Jordan Love,QB,15,247.14,128.73,1.77942084375,7.894,24.0,25.0,30.0,27.5,25.0,0.3360594885416666,42,16
2025,00-0033288,George Kittle,TE,11,190.0,132.65,1.7788590156250002,5.213636363636364,29.181818181818183,30.181818181818183,35.18181818181818,32.68181818181818,30.181818181818183,0.3904299453125,43,10
2025,00-0034796,Lamar Jackson,QB,13,228.85999999999999,121.72999999999999,1.7549196093750001,8.24076923076923,24.0,25.0,30.0,27.5,25.0,0.33886624819711536,44,17
2025,00-0034844,Saquon Barkley,RB,16,213.8,124.91,1.73780015625,5.555625,35.125,36.125,41.125,38.625,36.125,0.3746558603515625,45,13
2025,00-0034383,Dalton Schultz,TE,17,218.70000000000002,128.0,1.7141608125,5.335294117647059,28.647058823529413,29.647058823529413,34.64705882352941,32.14705882352941,29.647058823529413,0.3884795822610294,46,11
2025,00-0040122,Ashton Jeanty,RB,17,217.6,122.56,1.7029816484374998,5.590588235294118,34.88235294117647,35.88235294117647,40.88235294117647,38.38235294117647,35.88235294117647,0.37816937408088236,47,14
2025,00-0036275,D'Andre Swift,RB,16,211.6,122.64999999999999,1.6684893281250002,5.559375,35.3125,36.3125,41.3125,38.8125,36.3125,0.3766232734375,48,15
2025,00-0034869,Sam Darnold,QB,17,263.42,124.95,1.6646663359375002,8.145294117647058,24.0,25.0,30.0,27.5,25.0,0.338225703125,49,18
2025,00-0033090,Hunter Henry,TE,17,208.8,118.20000000000002,1.6381784296874997,5.329411764705882,29.176470588235293,30.176470588235293,35.1764705882353,32.6764705882353,30.176470588235293,0.3887247679227941,50,12
2025,00-0037834,Brock Purdy,QB,9,197.38,120.46,1.6179633281249999,8.546666666666667,24.0,25.0,30.0,27.5,25.0,0.34376229253472224,51,19
2025,00-0037239,Chris Olave,WR,16,220.0,124.1,1.60949259375,5.99375,44.8125,45.8125,50.8125,48.3125,45.8125,0.40151139306640626,52,6
2025,00-0031381,Davante Adams,WR,14,192.9,108.75,1.5085175625000002,6.010714285714286,44.57142857142857,45.57142857142857,50.57142857142857,48.07142857142857,45.57142857142857,0.4013720987723214,53,7
2025,00-0023459,Aaron Rodgers,QB,16,240.58,112.83000000000001,1.5036573984375,7.984375,24.0,25.0,30.0,27.5,25.0,0.33659099267578124,54,20
2025,00-0037228,Jaylen Warren,RB,16,197.1,108.15,1.494300140625,5.559375,34.5,35.5,40.5,38.0,35.5,0.3793796943359375,55,16
2025,00-0039150,Bryce Young,QB,16,240.04000000000002,108.07000000000001,1.480705171875,8.248125,24.0,25.0,30.0,27.5,25.0,0.33840121191406247,56,21
2025,00-0039163,C.J. Stroud,QB,14,224.54,110.41,1.465370859375,8.152142857142858,24.0,25.0,30.0,27.5,25.0,0.33140103125,57,22
2025,00-0038120,Breece Hall,RB,16,189.66,100.77,1.4432475781250003,5.555625,35.125,36.125,41.125,38.625,36.125,0.3746558603515625,58,17
2025,00-0040126,Colston Loveland,TE,16,194.1,109.75,1.4347470390625001,5.271875,29.0625,30.0625,35.0625,32.5625,30.0625,0.39166798779296874,59,13
2025,00-0039064,Zay Flowers,WR,17,200.3,98.75,1.3891302421875,5.973529411764707,44.35294117647059,45.35294117647059,50.35294117647059,47.85294117647059,45.35294117647059,0.4027526263786765,60,8
2025,00-0036554,Nico Collins,WR,15,190.70000000000002,99.7,1.3628588828125006,6.066666666666666,44.4,45.4,50.4,47.9,45.4,0.4023593067708333,61,9
2025,00-0036139,Rico Dowdle,RB,17,196.8,100.81,1.3287070937500003,5.646470588235295,34.35294117647059,35.35294117647059,40.35294117647059,37.85294117647059,35.35294117647059,0.3766967922794118,62,18
2025,00-0037238,Drake London,WR,12,167.9,94.6,1.2652218750000004,6.108333333333333,43.833333333333336,44.833333333333336,49.833333333333336,47.333333333333336,44.833333333333336,0.40417645572916666,63,10
2025,00-0040743,Tyler Shough,QB,11,169.96,92.08000000000001,1.2369327499999998,7.079999999999999,24.0,25.0,30.0,27.5,25.0,0.33394050142045456,64,23
2025,00-0030565,Geno Smith,QB,15,207.9,88.28,1.2365508359375,7.974666666666667,24.0,25.0,30.0,27.5,25.0,0.3350770484375,65,24
2025,00-0040734,TreVeyon Henderson,RB,17,188.70000000000002,92.71000000000001,1.2364917734375003,5.646470588235295,34.35294117647059,35.35294117647059,40.35294117647059,37.85294117647059,35.35294117647059,0.3766967922794118,66,19
2025,00-0040730,RJ Harvey,RB,17,183.1,87.71,1.2319047812500001,5.611176470588235,34.8235294117647,35.8235294117647,40.8235294117647,38.3235294117647,35.8235294117647,0.37634718841911763,67,20
2025,00-0036919,Kenny Gainwell,RB,17,184.8,89.6,1.2242909218750002,5.6000000000000005,34.88235294117647,35.88235294117647,40.88235294117647,38.38235294117647,35.88235294117647,0.37828473621323533,68,21
2025,00-0035676,A.J. Brown,WR,15,181.3,90.85000000000001,1.2207130390625,6.03,44.2,45.2,50.2,47.7,45.2,0.4019530088541667,69,11
2025,00-0036410,Tee Higgins,WR,15,182.1,92.9,1.217497578125,5.946666666666667,44.8,45.8,50.8,48.3,45.8,0.4040872072916667,70,12
2025,00-0036358,CeeDee Lamb,WR,13,163.4,86.45,1.2112848984375002,5.9192307692307695,44.76923076923077,45.76923076923077,50.76923076923077,48.26923076923077,45.76923076923077,0.4041325222355769,71,13
2025,00-0038996,Tucker Kraft,TE,8,133.2,89.3,1.2059956640625,5.4875,29.25,30.25,35.25,32.75,30.25,0.388939552734375,72,14
2025,00-0030061,Zach Ertz,TE,13,151.4,81.6,1.1937441640625,5.369230769230769,28.46153846153846,29.46153846153846,34.46153846153846,31.96153846153846,29.46153846153846,0.38625719771634615,73,15
2025,00-0037240,Jameson Williams,WR,17,187.4,85.0,1.17694453125,6.023529411764706,44.0,45.0,50.0,47.5,45.0,0.4029148524816176,74,14
2025,00-0038933,Dalton Kincaid,TE,12,145.6,79.35000000000001,1.1664637265625,5.520833333333333,28.166666666666668,29.166666666666668,34.166666666666664,31.666666666666668,29.166666666666668,0.38637467838541667,75,16
2025,00-0038134,Kenneth Walker III,RB,17,176.4,81.36,1.1552498124999997,5.590588235294118,34.88235294117647,35.88235294117647,40.88235294117647,38.38235294117647,35.88235294117647,0.37816937408088236,76,22
2025,00-0039165,Zach Charbonnet,RB,16,171.4,82.41,1.149394890625,5.561875000000001,34.9375,35.9375,40.9375,38.4375,35.9375,0.37753940234375,77,23
2025,00-0039793,AJ Barner,TE,17,173.3,83.2,1.1426544140624997,5.3,29.11764705882353,30.11764705882353,35.11764705882353,32.61764705882353,30.11764705882353,0.3886983478860294,78,17
2025,00-0036875,Rhamondre Stevenson,RB,14,162.8,83.21000000000001,1.139822421875,5.6850000000000005,34.42857142857143,35.42857142857143,40.42857142857143,37.92857142857143,35.42857142857143,0.3751446529017857,79,24
2025,00-0034348,Courtland Sutton,WR,17,182.70000000000002,80.6,1.1296273437500002,6.005882352941177,44.470588235294116,45.470588235294116,50.470588235294116,47.970588235294116,45.470588235294116,0.4033087987132353,80,15
2025,00-0039065,Sam LaPorta,TE,9,126.9,78.45,1.1137122499999998,5.383333333333334,29.444444444444443,30.444444444444443,35.44444444444444,32.94444444444444,30.444444444444443,0.3844454513888889,81,18
2025,00-0038935,Brenton Strange,TE,12,141.0,75.65,1.1075671093750001,5.445833333333333,28.5,29.5,34.5,32.0,29.5,0.38682400911458337,82,19
2025,00-0040784,Quinshon Judkins,RB,14,156.8,78.51,1.0992470546875002,5.592142857142858,35.285714285714285,36.285714285714285,41.285714285714285,38.785714285714285,36.285714285714285,0.3761722667410714,83,25
2025,00-0036945,Justin Fields,QB,9,144.66,71.9,1.0781795859374999,8.084444444444445,24.0,25.0,30.0,27.5,25.0,0.3312991059027778,84,25
2025,00-0039067,Rashee Rice,WR,8,123.60000000000001,78.45,1.0762770703124998,5.643750000000001,45.125,46.125,51.125,48.625,46.125,0.4058377705078125,85,16
2025,00-0036442,Joe Burrow,QB,8,144.46,77.00999999999999,1.063423359375,8.43125,24.0,25.0,30.0,27.5,25.0,0.3315196171875,86,26
2025,00-0040124,Tetairoa McMillan,WR,17,178.4,75.9,1.0471852187500001,6.029411764705882,44.470588235294116,45.470588235294116,50.470588235294116,47.970588235294116,45.470588235294116,0.4033010919117647,87,17
2025,00-0036244,Colby Parkinson,TE,14,151.3,78.4,1.0177611953124994,5.207142857142857,28.928571428571427,29.928571428571427,34.92857142857143,32.42857142857143,29.928571428571427,0.38686469810267854,88,20
2025,00-0036212,Tua Tagovailoa,QB,14,190.7,75.83,1.0095250859375,8.205,24.0,25.0,30.0,27.5,25.0,0.33558193917410717,89,27
2025,00-0038117,Wan'Dale Robinson,WR,16,171.9,75.15,1.0083391796874999,6.046875,44.8125,45.8125,50.8125,48.3125,45.8125,0.4028999208984375,90,18
2025,00-0039361,Bucky Irving,RB,10,123.5,66.25,1.0051039921874998,5.7250000000000005,36.5,37.5,42.5,40.0,37.5,0.376038825,91,26
2025,00-0038559,Michael Wilson,WR,17,181.6,79.2,1.0007448515625001,6.023529411764706,44.0,45.0,50.0,47.5,45.0,0.4029148524816176,92,19
2025,00-0038544,Quentin Johnston,WR,13,145.7,66.0,0.9932702343750002,6.130769230769231,44.30769230769231,45.30769230769231,50.30769230769231,47.80769230769231,45.30769230769231,0.40136363161057687,93,20
2025,00-0037664,Alec Pierce,WR,15,159.8,71.2,0.9911317109375,5.906666666666667,44.46666666666667,45.46666666666667,50.46666666666667,47.96666666666667,45.46666666666667,0.40274164635416665,94,21
2025,00-0039923,J.J. McCarthy,QB,10,149.38,72.8,0.9862105859375001,7.6579999999999995,24.0,25.0,30.0,27.5,25.0,0.33278897265624996,95,28
2025,00-0035261,Tony Pollard,RB,17,169.3,73.26,0.9778154296874999,5.649411764705882,34.529411764705884,35.529411764705884,40.529411764705884,38.029411764705884,35.529411764705884,0.37767994301470587,96,27
2025,00-0040189,Oronde Gadsden II,TE,15,155.9,77.25000000000001,0.9718862499999997,5.243333333333334,29.0,30.0,35.0,32.5,30.0,0.3867609703125,97,21
2025,00-0040666,Omarion Hampton,RB,9,119.7,68.06,0.9615033359374998,5.737777777777778,35.77777777777778,36.77777777777778,41.77777777777778,39.27777777777778,36.77777777777778,0.37355625,98,28
2025,00-0038129,Cade Otton,TE,15,151.7,72.25000000000001,0.9470834140624997,5.296666666666667,28.533333333333335,29.533333333333335,34.53333333333333,32.03333333333333,29.533333333333335,0.39011663750000003,99,22
2025,00-0040715,Cam Skattebo,RB,8,115.7,70.26,0.9465608906249999,5.68,33.25,34.25,39.25,36.75,34.25,0.3693198828125,100,29
2025,00-0035640,DK Metcalf,WR,15,157.70000000000002,68.35,0.9418176953125005,5.956666666666667,44.53333333333333,45.53333333333333,50.53333333333333,48.03333333333333,45.53333333333333,0.4018633723958333,101,22
2025,00-0040129,Emeka Egbuka,WR,17,164.2,63.1,0.9379376562499999,5.947058823529412,44.35294117647059,45.35294117647059,50.35294117647059,47.85294117647059,45.35294117647059,0.40280909512867646,102,23
2025,00-0039847,Theo Johnson,TE,15,150.3,68.95,0.9217195312499997,5.423333333333333,28.733333333333334,29.733333333333334,34.733333333333334,32.233333333333334,29.733333333333334,0.38835638958333335,103,23
2025,00-0036613,Jaylen Waddle,WR,16,162.12,65.77,0.9179704765625001,6.0218750000000005,44.8125,45.8125,50.8125,48.3125,45.8125,0.402908109375,104,24
2025,00-0039910,Jayden Daniels,QB,7,120.28,64.5,0.885195265625,7.968571428571429,24.0,25.0,30.0,27.5,25.0,0.3201501060267857,105,29
2025,00-0034753,Mark Andrews,TE,17,155.0,64.25,0.8844464062499999,5.338235294117647,28.764705882352942,29.764705882352942,34.76470588235294,32.26470588235294,29.764705882352942,0.3890202109375,106,24
2025,00-0032268,Marcus Mariota,QB,10,139.5,61.57000000000001,0.8804750546874998,7.792999999999999,24.0,25.0,30.0,27.5,25.0,0.3443602515625,107,30
2025,00-0031588,Stefon Diggs,WR,17,167.8,65.3,0.8756564609375002,6.029411764705882,44.470588235294116,45.470588235294116,50.470588235294116,47.970588235294116,45.470588235294116,0.4033010919117647,108,25
2025,00-0035685,David Montgomery,RB,17,154.92000000000002,59.88,0.8713279921874999,5.590588235294118,34.88235294117647,35.88235294117647,40.88235294117647,38.38235294117647,35.88235294117647,0.37816937408088236,109,30
2025,00-0036252,Michael Pittman,WR,17,162.4,60.75,0.8612170390625004,5.979411764705882,44.470588235294116,45.470588235294116,50.470588235294116,47.970588235294116,45.470588235294116,0.4019942421875,110,26
2025,00-0035719,Deebo Samuel Sr.,WR,16,152.20000000000002,55.85,0.8456827109375,6.0218750000000005,44.375,45.375,50.375,47.875,45.375,0.4027970048828125,111,27
2025,00-0026158,Joe Flacco,QB,13,166.66,63.89,0.841009390625,7.905384615384615,24.0,25.0,30.0,27.5,25.0,0.3359602974759615,112,31
2025,00-0036972,Mac Jones,QB,11,142.04,61.17,0.8409808984374999,7.3518181818181825,24.0,25.0,30.0,27.5,25.0,0.33052110866477274,113,32
2025,00-0037809,Chig Okonkwo,TE,17,152.0,61.10000000000001,0.838855546875,5.347058823529412,28.941176470588236,29.941176470588236,34.94117647058823,32.44117647058823,29.941176470588236,0.3887283708639706,114,25
2025,00-0036322,Justin Jefferson,WR,17,159.5,57.85,0.8340349140625003,5.979411764705882,44.529411764705884,45.529411764705884,50.529411764705884,48.029411764705884,45.529411764705884,0.40316759329044116,115,28
2025,00-0036158,J.K. Dobbins,RB,10,110.4,54.21000000000001,0.80137640625,5.619,33.1,34.1,39.1,36.6,34.1,0.37265933906250004,116,31
2025,00-0038124,Christian Watson,WR,10,114.9,57.55,0.79962659375,5.735,44.3,45.3,50.3,47.8,45.3,0.40654906953125,117,29
2025,00-0035229,T.J. Hockenson,TE,15,138.3,56.85,0.7967952265624997,5.430000000000001,28.133333333333333,29.133333333333333,34.13333333333333,31.633333333333333,29.133333333333333,0.38807851250000003,118,26
2025,00-0040676,Cam Ward,QB,17,200.66,63.59,0.7934305000000001,8.062941176470588,24.0,25.0,30.0,27.5,25.0,0.3364329319852941,119,33
2025,00-0036912,DeVonta Smith,WR,17,163.3,62.199999999999996,0.792699984375,5.947058823529412,44.35294117647059,45.35294117647059,50.35294117647059,47.85294117647059,45.35294117647059,0.40280909512867646,120,30
2025,00-0039919,Rome Odunze,WR,12,124.10000000000001,52.4,0.7820827656250001,5.9750000000000005,44.75,45.75,50.75,48.25,45.75,0.40018817122395833,121,31
2025,00-0037112,Jake Tonges,TE,10,110.30000000000001,53.6,0.7754782109375,5.67,28.0,29.0,34.0,31.5,29.0,0.38989409296875,122,27
2025,00-0039384,Tyrone Tracy Jr.,RB,15,142.8,58.4,0.7542986406250001,5.626666666666667,34.13333333333333,35.13333333333333,40.13333333333333,37.63333333333333,35.13333333333333,0.37907969062499997,123,32
2025,00-0036259,Jauan Jennings,WR,15,145.8,55.95,0.7488383125,5.99,44.266666666666666,45.266666666666666,50.266666666666666,47.766666666666666,45.266666666666666,0.40336899062500003,124,32
2025,00-0031610,Darren Waller,TE,9,100.7,52.150000000000006,0.7136194609375,5.394444444444444,28.333333333333332,29.333333333333332,34.333333333333336,31.833333333333332,29.333333333333332,0.38262750954861113,125,28
2025,00-0039915,Ladd McConkey,WR,16,147.9,51.550000000000004,0.7134333437500002,6.0218750000000005,44.8125,45.8125,50.8125,48.3125,45.8125,0.402908109375,126,33
2025,00-0039917,Michael Penix Jr.,QB,9,126.28,49.3,0.6991565078125,8.553333333333335,24.0,25.0,30.0,27.5,25.0,0.33941074479166666,127,34
2025,00-0036894,Pat Freiermuth,TE,15,134.1,55.00000000000001,0.6905818437499998,5.2733333333333325,29.066666666666666,30.066666666666666,35.06666666666667,32.56666666666667,30.066666666666666,0.39312508802083335,128,29
2025,00-0034960,Jakobi Meyers,WR,16,138.3,41.650000000000006,0.6319727421875001,6.040625,43.875,44.875,49.875,47.375,44.875,0.4023784370117187,129,34
2025,00-0037816,Romeo Doubs,WR,16,137.9,42.8,0.6153572265625001,5.9437500000000005,44.5,45.5,50.5,48.0,45.5,0.4025421713867187,130,35
2025,00-0037740,Garrett Wilson,WR,7,81.5,37.6,0.6100829296875001,6.271428571428572,45.0,46.0,51.0,48.5,46.0,0.3973209821428571,131,36
2025,00-0033885,David Njoku,TE,11,102.8,42.55,0.606035390625,5.4772727272727275,27.727272727272727,28.727272727272727,33.72727272727273,31.227272727272727,28.727272727272727,0.3864127776988637,132,30
2025,00-0040583,Woody Marks,RB,16,133.1,44.26,0.6041132578125,5.5525,34.4375,35.4375,40.4375,37.9375,35.4375,0.3763807548828125,133,33
2025,00-0034827,DJ Moore,WR,17,147.18,46.33,0.6012847656250002,5.932352941176471,44.1764705882353,45.1764705882353,50.1764705882353,47.6764705882353,45.1764705882353,0.4029643864889706,134,37
2025,00-0033881,Evan Engram,TE,16,127.8,41.25,0.5992525625000003,5.409375,28.5625,29.5625,34.5625,32.0625,29.5625,0.38742440771484377,135,31
2025,00-0038606,Parker Washington,WR,16,143.70000000000002,46.1,0.5948662656250001,6.1000000000000005,44.0,45.0,50.0,47.5,45.0,0.402961181640625,136,38
2025,00-0033923,Kareem Hunt,RB,17,136.4,40.35999999999999,0.5909175625,5.649411764705882,34.529411764705884,35.529411764705884,40.529411764705884,38.029411764705884,35.529411764705884,0.37767994301470587,137,34
2025,00-0040242,Jacory Croskey-Merritt,RB,17,135.8,40.41,0.5839194218750001,5.611176470588235,34.8235294117647,35.8235294117647,40.8235294117647,38.3235294117647,35.8235294117647,0.37634718841911763,138,35
2025,00-0040236,Kyle Monangai,RB,17,137.70000000000002,42.5,0.5821584531249999,5.6000000000000005,34.88235294117647,35.88235294117647,40.88235294117647,38.38235294117647,35.88235294117647,0.37828473621323533,139,36
2025,00-0030279,Keenan Allen,WR,17,142.2,40.1,0.5793175234375003,6.005882352941177,44.470588235294116,45.470588235294116,50.470588235294116,47.970588235294116,45.470588235294116,0.4033087987132353,140,39
2025,00-0040736,Mason Taylor,TE,13,110.9,42.0,0.5789413749999999,5.300000000000001,28.307692307692307,29.307692307692307,34.30769230769231,31.807692307692307,29.307692307692307,0.388293553485577,141,32
2025,00-0040668,Shedeur Sanders,QB,8,104.9,43.64000000000001,0.5776322187499998,7.6575,24.0,25.0,30.0,27.5,25.0,0.3454949892578125,142,35
2025,00-0039391,Kimani Vidal,RB,13,109.9,37.31,0.5589492812500001,5.583846153846154,35.23076923076923,36.23076923076923,41.23076923076923,38.73076923076923,36.23076923076923,0.37907819831730766,143,37
2025,00-0039868,Troy Franklin,WR,17,144.6,42.5,0.544653828125,6.005882352941177,44.470588235294116,45.470588235294116,50.470588235294116,47.970588235294116,45.470588235294116,0.4033087987132353,144,40
2025,00-0033293,Aaron Jones,RB,12,104.7,38.099999999999994,0.5263671796875,5.550000000000001,35.083333333333336,36.083333333333336,41.083333333333336,38.583333333333336,36.083333333333336,0.3769583177083333,145,38
2025,00-0032950,Carson Wentz,QB,5,80.34,39.239999999999995,0.5208650937500001,8.22,24.0,25.0,30.0,27.5,25.0,0.3395591015625,146,36
2025,00-0039849,Marvin Harrison Jr.,WR,12,107.30000000000001,32.400000000000006,0.5035291249999998,6.241666666666667,44.25,45.25,50.25,47.75,45.25,0.39963388802083327,147,41
2025,00-0035659,Terry McLaurin,WR,10,95.2,34.85,0.4873279062500002,6.035,44.5,45.5,50.5,48.0,45.5,0.400294128125,148,42
2025,00-0029604,Kirk Cousins,QB,10,113.53999999999999,37.92,0.4855635781249998,7.562,24.0,25.0,30.0,27.5,25.0,0.34467217578125,149,37
2025,00-0035228,Kyler Murray,QB,5,83.78,32.03,0.48325839843750024,10.35,24.0,25.0,30.0,27.5,25.0,0.33748693124999996,150,38
2025,00-0037525,Jordan Mason,RB,16,121.9,32.10999999999999,0.47749081250000014,5.611875,34.875,35.875,40.875,38.375,35.875,0.3779699106445312,151,39
2025,00-0037261,Khalil Shakir,WR,16,130.4,34.599999999999994,0.4762734375000002,5.987500000000001,44.6875,45.6875,50.6875,48.1875,45.6875,0.40231717626953123,152,43
2025,00-0036555,Chuba Hubbard,RB,15,110.4,25.150000000000002,0.4721726796875,5.683333333333334,34.733333333333334,35.733333333333334,40.733333333333334,38.233333333333334,35.733333333333334,0.37790264739583335,153,40
2025,00-0035689,Dawson Knox,TE,16,121.7,36.1,0.46865146874999997,5.35,28.625,29.625,34.625,32.125,29.625,0.38910293017578124,154,33
2025,00-0038563,Tre Tucker,WR,17,133.2,30.8,0.43293958593750004,6.023529411764706,44.0,45.0,50.0,47.5,45.0,0.4029148524816176,155,44
2025,00-0038994,Jordan Addison,WR,14,114.10000000000001,32.199999999999996,0.4186632343750001,5.8500000000000005,44.07142857142857,45.07142857142857,50.07142857142857,47.57142857142857,45.07142857142857,0.4056775318080357,156,45
2025,00-0033110,Tyler Higbee,TE,10,83.6,30.400000000000006,0.4069912578125,5.32,29.9,30.9,35.9,33.4,30.9,0.39146306875,157,34
2025,00-0037256,Rachaad White,RB,17,123.0,28.71,0.4063657343750002,5.5464705882352945,35.05882352941177,36.05882352941177,41.05882352941177,38.55882352941177,36.05882352941177,0.37546218106617646,158,41
2025,00-0039376,Spencer Rattler,QB,9,108.64,26.759999999999998,0.3982881093750001,9.097777777777777,24.0,25.0,30.0,27.5,25.0,0.33852744270833335,159,39
2025,00-0036898,Davis Mills,QB,6,70.6,30.21,0.3936786171875001,6.7316666666666665,24.0,25.0,30.0,27.5,25.0,0.3325718502604167,160,40
2025,00-0037252,Greg Dulcich,TE,9,75.80000000000001,28.600000000000005,0.3796711328124999,5.2444444444444445,28.88888888888889,29.88888888888889,34.888888888888886,32.388888888888886,29.88888888888889,0.3901734609375,161,35
2025,00-0039893,Brian Thomas Jr.,WR,14,114.8,28.7,0.37497518749999986,6.15,44.07142857142857,45.07142857142857,50.07142857142857,47.57142857142857,45.07142857142857,0.40096122433035714,162,46
2025,00-0033906,Alvin Kamara,RB,11,84.2,22.86,0.3592676171875001,5.576363636363637,33.0,34.0,39.0,36.5,34.0,0.3742196732954545,163,42
2025,00-0028118,Tyrod Taylor,QB,6,69.46000000000001,22.5,0.35812392187499986,7.826666666666667,24.0,25.0,30.0,27.5,25.0,0.3386478346354167,164,41
2025,00-0040584,Gunnar Helm,TE,16,113.7,27.200000000000003,0.3544806249999998,5.40625,28.5625,29.5625,34.5625,32.0625,29.5625,0.38846044921875,165,36
2025,00-0035644,Noah Fant,TE,13,91.8,24.75,0.34426460156250005,5.157692307692307,29.53846153846154,30.53846153846154,35.53846153846154,33.03846153846154,30.53846153846154,0.3918729567307692,166,37
2025,00-0039337,Malik Nabers,WR,4,48.1,21.750000000000004,0.3393010859375001,6.5875,45.0,46.0,51.0,48.5,46.0,0.38981087109375,167,47
2025,00-0038611,Chris Rodriguez Jr.,RB,12,90.5,23.66,0.3366203125,5.57,35.416666666666664,36.416666666666664,41.416666666666664,38.916666666666664,36.416666666666664,0.37787214713541667,168,43
2025,00-0037263,Tyler Allgeier,RB,17,116.0,20.799999999999997,0.33121825000000027,5.6000000000000005,34.88235294117647,35.88235294117647,40.88235294117647,38.38235294117647,35.88235294117647,0.37828473621323533,169,44
2025,00-0039738,Blake Corum,RB,17,118.2,23.160000000000004,0.3297204140625001,5.590588235294118,34.88235294117647,35.88235294117647,40.88235294117647,38.38235294117647,35.88235294117647,0.37816937408088236,170,45
2025,00-0038608,Kayshon Boutte,WR,14,107.60000000000001,21.949999999999996,0.32861612499999987,6.117857142857143,44.642857142857146,45.642857142857146,50.642857142857146,48.142857142857146,45.642857142857146,0.4006672589285714,171,48
2025,00-0039066,Michael Mayer,TE,13,91.3,22.599999999999994,0.3259920156250001,5.2846153846153845,29.76923076923077,30.76923076923077,35.76923076923077,33.26923076923077,30.76923076923077,0.3935356027644231,172,38
2025,00-0031503,Jameis Winston,QB,3,46.78,21.050000000000008,0.30891724218750005,8.576666666666666,24.0,25.0,30.0,27.5,25.0,0.36859475,173,42
2025,00-0038128,Malik Willis,QB,4,51.17999999999999,22.879999999999995,0.29808967968749983,7.074999999999999,24.0,25.0,30.0,27.5,25.0,0.3464204765625,174,43
2025,00-0035662,Marquise Brown,WR,16,113.2,17.45,0.2866515234375002,5.984375,44.4375,45.4375,50.4375,47.9375,45.4375,0.4020630986328125,175,49
2025,00-0035100,Jake Browning,QB,5,64.74000000000001,17.21,0.27502368750000017,9.506,24.0,25.0,30.0,27.5,25.0,0.345761334375,176,44
2025,00-0031408,Mike Evans,WR,8,69.80000000000001,19.950000000000003,0.26779310937500006,6.23125,44.5,45.5,50.5,48.0,45.5,0.40397800878906254,177,50
2025,00-0033040,Tyreek Hill,WR,4,43.0,16.65,0.24890039062499997,6.5875,45.0,46.0,51.0,48.5,46.0,0.38981087109375,178,51
2025,00-0037157,Bam Knight,RB,12,81.9,15.209999999999997,0.2469760078125,5.5575,34.666666666666664,35.666666666666664,40.666666666666664,38.166666666666664,35.666666666666664,0.37808108398437495,179,46
2025,00-0038558,Darnell Washington,TE,13,88.9,19.55,0.24626784374999988,5.334615384615384,28.76923076923077,29.76923076923077,34.76923076923077,32.26923076923077,29.76923076923077,0.3925195,180,39
2025,00-0034829,Mike Gesicki,TE,12,84.7,19.35,0.24291222656249983,5.445833333333333,28.5,29.5,34.5,32.0,29.5,0.38682400911458337,181,40
2025,00-0037838,Isaiah Likely,TE,12,75.2,14.7,0.24101540624999984,5.041666666666667,29.25,30.25,35.25,32.75,30.25,0.3903498528645833,182,41
2025,00-0039032,Tyjae Spears,RB,13,89.2,16.86,0.22875377343749975,5.564615384615385,34.30769230769231,35.30769230769231,40.30769230769231,37.80769230769231,35.30769230769231,0.3808995072115385,183,47
2025,00-0039916,Ricky Pearsall,WR,9,70.60000000000001,15.0,0.222446875,6.177777777777778,44.111111111111114,45.111111111111114,50.111111111111114,47.611111111111114,45.111111111111114,0.3984135034722222,184,52
2025,00-0039901,Keon Coleman,WR,12,83.4,11.3,0.21790582812500026,6.008333333333334,44.583333333333336,45.583333333333336,50.583333333333336,48.083333333333336,45.583333333333336,0.3986765787760416,185,53
2025,00-0033858,Jonnu Smith,TE,17,104.2,14.000000000000004,0.20589684374999984,5.305882352941176,28.941176470588236,29.941176470588236,34.94117647058823,32.44117647058823,29.941176470588236,0.3911500114889706,186,42
2025,00-0039373,Audric Estimé,RB,5,42.1,14.1,0.20211139843750003,5.6000000000000005,36.8,37.8,42.8,40.3,37.8,0.384923884375,187,48
2025,00-0033553,James Conner,RB,3,29.3,11.850000000000001,0.19743110156250004,5.816666666666667,33.333333333333336,34.333333333333336,39.333333333333336,36.833333333333336,34.333333333333336,0.3693666770833333,188,49
2025,00-0040735,Luther Burden III,WR,15,104.4,16.5,0.19395081249999996,5.86,44.266666666666666,45.266666666666666,50.266666666666666,47.766666666666666,45.266666666666666,0.4021305276041666,189,54
2025,00-0039491,Jalen Coker,WR,11,73.9,9.849999999999998,0.1811021875,5.822727272727272,44.0,45.0,50.0,47.5,45.0,0.4076849488636363,190,55
2025,00-0036924,Michael Carter,RB,13,82.5,11.16,0.16675678124999987,5.487692307692308,35.76923076923077,36.76923076923077,41.76923076923077,39.26923076923077,36.76923076923077,0.3781470144230769,191,50
2025,00-0036290,Cole Kmet,TE,16,93.7,8.950000000000003,0.16421169531249985,5.296875,29.1875,30.1875,35.1875,32.6875,30.1875,0.39117930517578126,192,43
2025,00-0038997,Josh Downs,WR,16,109.4,13.5,0.1620271093750002,5.99375,44.375,45.375,50.375,47.875,45.375,0.4014002885742187,193,56
2025,00-0033921,Chris Godwin Jr.,WR,9,66.5,12.549999999999997,0.15482007031250006,5.9944444444444445,42.888888888888886,43.888888888888886,48.888888888888886,46.388888888888886,43.888888888888886,0.4016286640625,194,57
2025,00-0040234,Quinn Ewers,QB,4,38.68,11.23,0.1529647812499999,6.8625,24.0,25.0,30.0,27.5,25.0,0.333834373046875,195,45
2025,00-0022942,Philip Rivers,QB,3,37.66,11.79,0.15272437500000002,8.623333333333333,24.0,25.0,30.0,27.5,25.0,0.34730525,196,46
2025,00-0039146,Jayden Reed,WR,5,39.0,9.350000000000001,0.14700998437499985,5.93,44.4,45.4,50.4,47.9,45.4,0.40616608125,197,58
2025,00-0040206,Riley Leonard,QB,5,37.0,5.490000000000004,0.12835452343750012,6.302,24.0,25.0,30.0,27.5,25.0,0.3261141828125,198,47
2025,00-0037545,Rashid Shaheed,WR,18,115.1,7.799999999999996,0.1230541640625003,5.961111111111112,44.44444444444444,45.44444444444444,50.44444444444444,47.94444444444444,45.44444444444444,0.4032384526909722,199,59
2025,00-0040130,Jayden Higgins,WR,17,109.0,7.35,0.12250861718750022,5.979411764705882,44.529411764705884,45.529411764705884,50.529411764705884,48.029411764705884,45.529411764705884,0.40316759329044116,200,60
2025,00-0033869,Mitchell Trubisky,QB,4,31.119999999999997,5.059999999999999,0.11418633593749994,6.515000000000001,24.0,25.0,30.0,27.5,25.0,0.31773926953125,201,48
2025,00-0026300,Josh Johnson,QB,3,28.380000000000003,6.960000000000003,0.11222775781250005,7.14,24.0,25.0,30.0,27.5,25.0,0.33452629427083336,202,49
2025,00-0035250,Devin Singletary,RB,17,99.8,3.8099999999999987,0.1050767578125002,5.646470588235295,34.35294117647059,35.35294117647059,40.35294117647059,37.85294117647059,35.35294117647059,0.3766967922794118,203,51
2025,00-0039894,Xavier Worthy,WR,14,88.9,6.299999999999999,0.09474238281249991,5.9,44.642857142857146,45.642857142857146,50.642857142857146,48.142857142857146,45.642857142857146,0.40406854631696426,204,61
2025,00-0039921,Trey Benson,RB,4,28.900000000000002,5.2,0.08282961718749998,5.925000000000001,35.25,36.25,41.25,38.75,36.25,0.367216359375,205,52
2025,00-0036423,Albert Okwuegbunam,TE,1,11.1,5.749999999999999,0.08200295312500006,5.3500000000000005,28.0,29.0,34.0,31.5,29.0,0.34900303125,206,44
2025,00-0034613,Tanner Hudson,TE,10,57.3,5.000000000000001,0.08114239843749993,5.2299999999999995,28.7,29.7,34.7,32.2,29.7,0.392552275,207,45
2025,00-0039410,Ryan Flournoy,WR,15,94.0,4.149999999999997,0.07321873437500026,5.99,44.4,45.4,50.4,47.9,45.4,0.40289943489583335,208,62
2025,00-0040021,Phil Mafah,RB,1,9.9,4.5,0.06596491406249999,5.4,34.0,35.0,40.0,37.5,35.0,0.3883633125,209,53
2025,00-0039356,Ja'Tavion Sanders,TE,12,68.5,3.2,0.0625027421874999,5.441666666666666,28.583333333333332,29.583333333333332,34.583333333333336,32.083333333333336,29.583333333333332,0.39159000781250003,210,46
2025,00-0040311,Theo Wease Jr.,WR,3,22.9,4.650000000000001,0.062290734375000045,6.083333333333333,41.333333333333336,42.333333333333336,47.333333333333336,44.833333333333336,42.333333333333336,0.4101143697916667,211,63
2025,00-0035993,Tyler Huntley,QB,5,40.14,1.8200000000000056,0.05802907031250004,7.664,24.0,25.0,30.0,27.5,25.0,0.337692084375,212,50
2025,00-0029263,Russell Wilson,QB,6,55.84,-1.2200000000000006,0.05555690625000004,9.51,24.0,25.0,30.0,27.5,25.0,0.34136438151041665,213,51
2025,00-0037197,Isiah Pacheco,RB,13,77.8,4.209999999999996,0.052158125,5.660769230769231,35.07692307692308,36.07692307692308,41.07692307692308,38.57692307692308,36.07692307692308,0.37367065865384613,214,54
2025,00-0033555,Mack Hollins,WR,14,90.4,5.850000000000001,0.04719449999999992,6.0392857142857155,44.57142857142857,45.57142857142857,50.57142857142857,48.07142857142857,45.57142857142857,0.4018412142857143,215,64
2025,00-0040202,Devin Neal,RB,9,51.5,2.8499999999999996,0.04573039843749993,5.405555555555556,34.22222222222222,35.22222222222222,40.22222222222222,37.72222222222222,35.22222222222222,0.3814114965277777,216,55
2025,00-0037004,Hunter Long,TE,7,38.5,1.9000000000000008,0.04290626562499983,5.228571428571429,30.142857142857142,31.142857142857142,36.142857142857146,33.642857142857146,31.142857142857142,0.3800241473214286,217,47
2025,00-0034791,Nick Chubb,RB,15,81.80000000000001,-1.540000000000001,0.04162352343750009,5.556,34.86666666666667,35.86666666666667,40.86666666666667,38.36666666666667,35.86666666666667,0.37450414479166666,218,56
2025,00-0040648,Tory Horton,WR,8,52.6,2.1999999999999957,0.041577828124999994,6.300000000000001,45.5,46.5,51.5,49.0,46.5,0.39920239453125,219,65
2025,00-0036754,Brock Wright,TE,8,43.800000000000004,1.6500000000000026,0.039562328124999935,5.26875,29.125,30.125,35.125,32.625,30.125,0.3906480009765625,220,48
2025,00-0039424,Devaughn Vele,WR,9,53.8,0.7999999999999972,0.035813531249999864,5.888888888888889,46.0,47.0,52.0,49.5,47.0,0.3993905494791667,221,66
2025,00-0040398,Brady Cook,QB,5,42.46,2.890000000000004,0.035538289062499895,7.914,24.0,25.0,30.0,27.5,25.0,0.34400109843750004,222,52
2025,00-0040719,Bhayshul Tuten,RB,15,83.6,0.2099999999999982,0.02846935156250019,5.559333333333333,34.53333333333333,35.53333333333333,40.53333333333333,38.03333333333333,35.53333333333333,0.37865877864583336,223,57
2025,00-0039405,Jawhar Jordan,RB,4,26.2,2.7499999999999982,0.020446796875000006,5.862500000000001,36.0,37.0,42.0,39.5,37.0,0.38518491796875,224,58
2025,00-0040737,Terrance Ferguson,TE,11,57.6,1.6500000000000021,0.011487585937499767,5.086363636363637,29.272727272727273,30.272727272727273,35.27272727272727,32.77272727272727,30.272727272727273,0.3862377720170455,225,49
2025,00-0035249,Josh Oliver,TE,12,62.5,-0.8999999999999995,0.008521304687499842,5.283333333333333,28.75,29.75,34.75,32.25,29.75,0.3881855579427083,226,50
2025,00-0032392,Austin Hooper,TE,13,69.8,1.7000000000000028,0.00647564062499989,5.238461538461538,29.615384615384617,30.615384615384617,35.61538461538461,33.11538461538461,30.615384615384617,0.3927218010817307,227,51
2025,00-0034975,Justice Hill,RB,10,54.7,-1.139999999999998,0.0034093281250002216,5.5840000000000005,33.2,34.2,39.2,36.7,34.2,0.37248743984375,228,59
2025,00-0036534,Shane Zylstra,TE,1,6.5,0.04999999999999982,0.0006252343750000056,6.45,26.0,27.0,32.0,29.5,27.0,0.408654859375,229,52
2025,00-0038104,Tyquan Thornton,WR,12,71.30000000000001,-1.7500000000000009,-0.0010535234375000924,6.087500000000001,44.833333333333336,45.833333333333336,50.833333333333336,48.333333333333336,45.833333333333336,0.40042529752604167,230,67
2025,00-0040170,Elic Ayomanor,WR,16,96.0,-0.6500000000000012,-0.002530890624999782,6.040625,44.5625,45.5625,50.5625,48.0625,45.5625,0.4029116767578125,231,68
2025,00-0039855,Jalen McMillan,WR,4,23.900000000000002,-0.4499999999999993,-0.005634140625000117,6.0875,42.5,43.5,48.5,46.0,43.5,0.411490732421875,232,69
2025,00-0033699,Austin Ekeler,RB,2,10.600000000000001,-0.7999999999999998,-0.006000617187500057,5.7,33.0,34.0,39.0,36.5,34.0,0.3599255546875,233,60
2025,00-0040244,Moliki Matavao,TE,1,4.0,-0.8499999999999996,-0.010681195312500003,4.85,30.0,31.0,36.0,33.5,31.0,0.38996009375,234,53
2025,00-0035243,Miles Sanders,RB,4,22.700000000000003,-0.9999999999999991,-0.01596557812499999,5.925000000000001,35.25,36.25,41.25,38.75,36.25,0.367216359375,235,61
2025,00-0038647,Ronnie Bell,WR,2,9.3,-2.1999999999999993,-0.019739851562499966,5.75,41.5,42.5,47.5,45.0,42.5,0.4112219921875,236,70
2025,00-0040704,Dillon Gabriel,QB,10,74.08,-2.610000000000001,-0.021213843750000072,7.669,24.0,25.0,30.0,27.5,25.0,0.33218877343750003,237,53
2025,00-0038394,Will Mallory,TE,1,3.1,-1.7499999999999996,-0.02192306249999998,4.85,30.0,31.0,36.0,33.5,31.0,0.38996009375,238,54
2025,00-0037329,Brittain Brown,RB,2,9.7,-2.950000000000001,-0.023852218750000098,6.325,31.5,32.5,37.5,35.0,32.5,0.40412341015625003,239,62
2025,00-0038728,Jared Wayne,WR,1,3.0,-1.9000000000000004,-0.024476945312499998,4.9,52.0,53.0,58.0,55.5,53.0,0.40873965624999997,240,71
2025,00-0033908,Cooper Kupp,WR,16,94.8,-1.4000000000000012,-0.02518379687500022,6.0125,43.875,44.875,49.875,47.375,44.875,0.4024384350585937,241,72
2025,00-0038115,Daniel Bellinger,TE,13,69.1,-0.1999999999999993,-0.02538035937499994,5.3307692307692305,28.76923076923077,29.76923076923077,34.76923076923077,32.26923076923077,29.76923076923077,0.3884508467548077,242,55
2025,00-0038579,Aidan O'Connell,QB,1,4.78,-2.419999999999999,-0.03230133593750001,7.199999999999999,24.0,25.0,30.0,27.5,25.0,0.3426721796875,243,54
2025,00-0040406,Quentin Skinner,WR,1,3.5,-2.25,-0.032388375000000025,5.75,39.0,40.0,45.0,42.5,40.0,0.409719828125,244,73
2025,00-0040317,Jacoby Jones,WR,1,3.0,-2.6500000000000004,-0.033296820312499975,5.65,44.0,45.0,50.0,47.5,45.0,0.42439003124999997,245,74
2025,00-0038891,Shedrick Jackson,WR,3,13.9,-2.4000000000000004,-0.03352246874999998,5.433333333333334,42.333333333333336,43.333333333333336,48.333333333333336,45.833333333333336,43.333333333333336,0.4082058567708333,246,75
2025,00-0037005,Tommy Tremble,TE,15,77.4,-4.6999999999999975,-0.036170070312500135,5.473333333333333,29.066666666666666,30.066666666666666,35.06666666666667,32.56666666666667,30.066666666666666,0.38707227552083334,247,56
2025,00-0040628,Drake Dabney,TE,1,1.8,-2.6000000000000005,-0.036780679687499984,4.4,35.0,36.0,41.0,38.5,36.0,0.3930151171875,248,57
2025,00-0039874,Jaylen Wright,RB,9,45.7,-3.5,-0.039197953124999796,5.466666666666667,36.55555555555556,37.55555555555556,42.55555555555556,40.05555555555556,37.55555555555556,0.37748009548611106,249,63
2025,00-0035264,Jarrett Stidham,QB,1,-0.1,-3.69,-0.04103861718749996,3.59,24.0,25.0,30.0,27.5,25.0,0.29157446875,250,55
2025,00-0040466,Raheim Sanders,RB,4,18.8,-3.500000000000001,-0.04199359374999995,5.575,35.75,36.75,41.75,39.25,36.75,0.375914357421875,251,64
2025,00-0036679,Shane Buechele,QB,1,3.92,-3.2799999999999994,-0.0435161328125,7.199999999999999,24.0,25.0,30.0,27.5,25.0,0.3426721796875,252,56
2025,00-0040388,Jakobie Keeney-James,WR,1,2.5,-3.25,-0.04651978906250004,5.75,39.0,40.0,45.0,42.5,40.0,0.409719828125,253,76
2025,00-0037231,Kevin Austin Jr.,WR,5,26.5,-4.05,-0.051575476562499944,6.11,42.6,43.6,48.6,46.1,43.6,0.40872981093750005,254,77
2025,00-0038498,E.J. Jenkins,TE,1,0.0,-4.8,-0.05298668750000002,4.8,31.0,32.0,37.0,34.5,32.0,0.385209640625,255,58
2025,00-0040225,Thomas Fidone II,TE,1,0.0,-4.8,-0.05298668750000002,4.8,31.0,32.0,37.0,34.5,32.0,0.385209640625,256,59
2025,00-0037282,James Mitchell,TE,2,7.300000000000001,-3.9,-0.05337896874999998,5.6,27.5,28.5,33.5,31.0,28.5,0.3659327109375,257,60
2025,00-0040067,Jacardia Wright,RB,1,2.0,-4.050000000000001,-0.05639225000000003,6.050000000000001,34.0,35.0,40.0,37.5,35.0,0.388248921875,258,65
2025,00-0032434,Brandon Allen,QB,1,2.88,-4.319999999999999,-0.05674092968750005,7.199999999999999,24.0,25.0,30.0,27.5,25.0,0.3426721796875,259,57
2025,00-0039074,Davis Allen,TE,15,74.8,-4.749999999999999,-0.057632390625000085,5.303333333333333,29.2,30.2,35.2,32.7,30.2,0.38715348541666667,260,61
2025,00-0036407,Jerry Jeudy,WR,17,95.7,-5.399999999999996,-0.05774007812499976,5.947058823529412,44.35294117647059,45.35294117647059,50.35294117647059,47.85294117647059,45.35294117647059,0.40280909512867646,261,78
2025,00-0024243,Marcedes Lewis,TE,1,0.0,-4.65,-0.05790673437499999,4.65,28.0,29.0,34.0,31.5,29.0,0.39017092187499997,262,62
2025,00-0040039,Amar Johnson,RB,1,0.8,-4.8500000000000005,-0.059930468749999966,5.65,37.0,38.0,43.0,40.5,38.0,0.37978599999999996,263,66
2025,00-0038735,Princeton Fant,TE,1,0.0,-4.75,-0.06038492968749998,4.75,34.0,35.0,40.0,37.5,35.0,0.385593375,264,63
2025,00-0038911,Malik Cunningham,WR,1,0.1,-4.700000000000001,-0.060702562499999946,4.800000000000001,44.0,45.0,50.0,47.5,45.0,0.40217358593749997,265,79
2025,00-0040363,Keleki Latu,TE,3,9.5,-5.449999999999999,-0.06075908593749996,4.983333333333333,30.666666666666668,31.666666666666668,36.666666666666664,34.166666666666664,31.666666666666668,0.3978615833333334,266,64
2025,00-0038658,Adrian Martinez,QB,1,-0.1,-5.68,-0.061706562500000006,5.58,24.0,25.0,30.0,27.5,25.0,0.2896619921875,267,58
2025,00-0036527,DJ Turner,WR,1,0.0,-4.800000000000001,-0.061922656249999986,4.800000000000001,44.0,45.0,50.0,47.5,45.0,0.40217358593749997,268,80
2025,00-0034837,Calvin Ridley,WR,7,38.800000000000004,-5.3,-0.0638605781249999,6.3,45.142857142857146,46.142857142857146,51.142857142857146,48.642857142857146,46.142857142857146,0.3994248794642857,269,81
2025,00-0038396,Eric Gray,RB,1,0.0,-5.15,-0.06607421093750004,5.15,32.0,33.0,38.0,35.5,33.0,0.389823015625,270,67
2025,00-0039266,Kendall Milton,RB,1,0.2,-5.45,-0.06710663281249996,5.65,37.0,38.0,43.0,40.5,38.0,0.37978599999999996,271,68
2025,00-0035535,Darius Slayton,WR,14,80.3,-5.150000000000001,-0.06742453906249984,6.103571428571429,44.5,45.5,50.5,48.0,45.5,0.40112771205357145,272,82
2025,00-0039489,Hayden Rucci,TE,1,0.0,-5.45,-0.06911053906250003,5.45,25.0,26.0,31.0,28.5,26.0,0.3906813125,273,65
2025,00-0036567,Elijah Mitchell,RB,1,0.0,-5.65,-0.06944559374999998,5.65,37.0,38.0,43.0,40.5,38.0,0.37978599999999996,274,69
2025,00-0035639,Parris Campbell,WR,1,0.0,-5.65,-0.06968542187499999,5.65,43.0,44.0,49.0,46.5,44.0,0.4044430625,275,83
2025,00-0037098,Samori Toure,WR,1,0.8,-4.95,-0.07011957812500003,5.75,39.0,40.0,45.0,42.5,40.0,0.409719828125,276,84
2025,00-0038456,Travis Vokolek,TE,1,0.0,-5.3500000000000005,-0.07050458593750003,5.3500000000000005,28.0,29.0,34.0,31.5,29.0,0.34900303125,277,66
2025,00-0037015,Sal Cannella,TE,2,4.1,-5.15,-0.07096219531249992,4.625,32.5,33.5,38.5,36.0,33.5,0.39148760546875,278,67
2025,00-0036950,Avery Williams,RB,1,0.0,-5.34,-0.0713635546875,5.34,31.0,32.0,37.0,34.5,32.0,0.356884703125,279,70
2025,00-0039359,Cade Stover,TE,6,25.9,-6.1,-0.07159532031250004,5.333333333333333,29.333333333333332,30.333333333333332,35.333333333333336,32.833333333333336,30.333333333333332,0.3887441015625,280,68
2025,00-0036463,Chris Blair,WR,1,0.0,-5.75,-0.07200589062500001,5.75,44.0,45.0,50.0,47.5,45.0,0.41272415625,281,85
2025,00-0035311,Myles Gaskin,RB,1,0.6000000000000001,-4.950000000000001,-0.07692710156250004,5.550000000000001,40.0,41.0,46.0,43.5,41.0,0.366903390625,282,71
2025,00-0040586,Jaydon Blue,RB,5,19.900000000000002,-7.239999999999999,-0.0773896718749999,5.428,31.8,32.8,37.8,35.3,32.8,0.3748113875,283,72
2025,00-0038409,Lew Nichols III,RB,1,0.0,-6.25,-0.07876119531250003,6.25,28.0,29.0,34.0,31.5,29.0,0.40486814062500004,284,73
2025,00-0036755,Jaret Patterson,RB,6,24.2,-8.350000000000001,-0.0793492812499999,5.425000000000001,34.0,35.0,40.0,37.5,35.0,0.3746554140625,285,74
2025,00-0039710,Jeshaun Jones,WR,1,0.0,-5.75,-0.08104708593750004,5.75,39.0,40.0,45.0,42.5,40.0,0.409719828125,286,86
2025,00-0035537,Ty Johnson,RB,17,88.30000000000001,-6.740000000000002,-0.08434728906249972,5.590588235294118,34.88235294117647,35.88235294117647,40.88235294117647,38.38235294117647,35.88235294117647,0.37624607123161763,287,75
2025,00-0037380,Kaden Davis,WR,1,0.0,-6.2,-0.08439971875000002,6.2,43.0,44.0,49.0,46.5,44.0,0.397686125,288,87
2025,00-0040629,Dalevon Campbell,WR,1,0.0,-6.2,-0.08439971875000002,6.2,43.0,44.0,49.0,46.5,44.0,0.397686125,289,88
2025,00-0040476,Ulysses Bentley IV,RB,1,0.0,-5.25,-0.08455435156250002,5.25,34.0,35.0,40.0,37.5,35.0,0.3662964375,290,76
2025,00-0038678,Jordan Mims,RB,1,0.0,-6.15,-0.08524800781250003,6.15,32.0,33.0,38.0,35.5,33.0,0.353554671875,291,77
2025,00-0038809,Ben Sims,TE,3,7.5,-6.700000000000001,-0.08629196093749997,4.733333333333333,29.666666666666668,30.666666666666668,35.666666666666664,33.166666666666664,30.666666666666668,0.3910691276041667,292,69
2025,00-0040522,Xavier Restrepo,WR,2,5.6,-6.15,-0.09237694531250001,5.875,41.5,42.5,47.5,45.0,42.5,0.38687201953125,293,89
2025,00-0040162,Dylan Sampson,RB,15,71.10000000000001,-10.489999999999998,-0.0937486328124999,5.439333333333334,34.666666666666664,35.666666666666664,40.666666666666664,38.166666666666664,35.666666666666664,0.3728177541666666,294,78
2025,00-0040172,Jordan Watkins,WR,2,3.6000000000000005,-7.500000000000001,-0.09594050781249991,5.550000000000001,49.0,50.0,55.0,52.5,50.0,0.40963859375,295,90
2025,00-0040547,Nate Carter,RB,2,4.000000000000001,-7.55,-0.09989406249999994,5.775,32.5,33.5,38.5,36.0,33.5,0.373547390625,296,79
2025,00-0037539,Lucas Krull,TE,2,4.5,-6.5,-0.10066465625000004,5.5,29.0,30.0,35.0,32.5,30.0,0.3815501328125,297,70
2025,00-0038797,Emanuel Wilson,RB,17,87.00000000000001,-8.199999999999998,-0.10078528906249967,5.6000000000000005,34.88235294117647,35.88235294117647,40.88235294117647,38.38235294117647,35.88235294117647,0.37828473621323533,298,80
2025,00-0039631,Cam Grandy,TE,2,3.7,-7.9,-0.10280930468750005,5.800000000000001,28.5,29.5,34.5,32.0,29.5,0.39817578124999997,299,71
2025,00-0036360,Clyde Edwards-Helaire,RB,2,3.2,-8.2,-0.1047241484375,5.7,30.0,31.0,36.0,33.5,31.0,0.39734557812500004,300,81
2025,00-0037277,Teagan Quitoriano,TE,2,0.0,-8.7,-0.10914792968750003,4.35,31.0,32.0,37.0,34.5,32.0,0.40101304687500006,301,72
2025,00-0037031,Nikola Kalinic,TE,2,0.0,-8.25,-0.11111621875,4.125,33.5,34.5,39.5,37.0,34.5,0.40254055859375004,302,73
2025,00-0032688,Robbie Chosen,WR,3,7.8,-9.05,-0.11189018749999996,5.616666666666667,44.333333333333336,45.333333333333336,50.333333333333336,47.833333333333336,45.333333333333336,0.4151834270833333,303,91
2025,00-0036893,Najee Harris,RB,3,10.100000000000001,-7.35,-0.11189160156250005,5.816666666666667,33.333333333333336,34.333333333333336,39.333333333333336,36.833333333333336,34.333333333333336,0.3693666770833333,304,82
2025,00-0036196,Gabe Davis,WR,6,24.900000000000002,-8.8,-0.11378585156249987,5.616666666666667,42.333333333333336,43.333333333333336,48.333333333333336,45.833333333333336,43.333333333333336,0.4037919401041667,305,92
2025,00-0039824,Jared Wiley,TE,2,1.9,-7.75,-0.11402766406249998,4.825,32.0,33.0,38.0,35.5,33.0,0.38141330078125,306,74
2025,00-0039884,Tahj Washington,WR,2,3.2,-8.750000000000002,-0.11421754687500002,5.9750000000000005,42.5,43.5,48.5,46.0,43.5,0.4101286796875,307,93
2025,00-0037837,Calvin Austin III,WR,14,70.7,-13.000000000000004,-0.11421896874999982,5.978571428571429,44.142857142857146,45.142857142857146,50.142857142857146,47.642857142857146,45.142857142857146,0.4015521322544643,308,94
2025,00-0038551,Kendre Miller,RB,7,30.8,-9.14,-0.1145914999999999,5.7057142857142855,33.57142857142857,34.57142857142857,39.57142857142857,37.07142857142857,34.57142857142857,0.370816171875,309,83
2025,00-0037755,Jelani Woods,TE,2,1.9,-9.4,-0.11507494531250001,5.65,28.0,29.0,34.0,31.5,29.0,0.3993074765625,310,75
2025,00-0038400,Tanner McKee,QB,4,15.760000000000002,-12.989999999999995,-0.11677974218749998,7.1875,24.0,25.0,30.0,27.5,25.0,0.33364640820312497,311,59
2025,00-0033455,Anthony Firkser,TE,5,17.3,-8.600000000000001,-0.11957676562499997,5.18,28.8,29.8,34.8,32.3,29.8,0.3903347453125,312,76
2025,00-0036497,Tim Jones,WR,2,2.0,-9.650000000000002,-0.12019957031249995,5.825000000000001,44.5,45.5,50.5,48.0,45.5,0.410100140625,313,95
2025,00-0034983,Hunter Renfrow,WR,6,28.400000000000002,-10.05,-0.12178667968750012,6.408333333333334,45.333333333333336,46.333333333333336,51.333333333333336,48.833333333333336,46.333333333333336,0.39526402083333334,314,96
2025,00-0039355,Luke McCaffrey,WR,9,45.800000000000004,-9.5,-0.12476890625000009,6.144444444444445,46.22222222222222,47.22222222222222,52.22222222222222,49.72222222222222,47.22222222222222,0.40026209027777776,315,97
2025,00-0039794,Braelon Allen,RB,4,14.3,-9.400000000000002,-0.12505589843750003,5.925000000000001,35.25,36.25,41.25,38.75,36.25,0.367216359375,316,84
2025,00-0039577,Kedon Slovis,QB,2,-0.08,-10.84,-0.12629363281250006,5.380000000000001,24.0,25.0,30.0,27.5,25.0,0.33086848437500005,317,60
2025,00-0040429,Josh Williams,RB,2,1.1,-9.74,-0.12667946093749993,5.42,31.0,32.0,37.0,34.5,32.0,0.35786528124999994,318,85
2025,00-0037324,Chris Oladokun,QB,3,11.200000000000001,-10.219999999999999,-0.12711265624999996,7.14,24.0,25.0,30.0,27.5,25.0,0.33452629427083336,319,61
2025,00-0035956,Giovanni Ricci,TE,2,0.0,-11.049999999999999,-0.127962078125,5.5249999999999995,28.5,29.5,34.5,32.0,29.5,0.38173683984375,320,77
2025,00-0038458,Owen Wright,RB,2,0.6000000000000001,-10.200000000000001,-0.12809175781249993,5.4,34.5,35.5,40.5,38.0,35.5,0.3848045078125,321,86
2025,00-0037276,Ty Chandler,RB,3,7.300000000000001,-8.7,-0.12865913281249997,5.333333333333333,34.0,35.0,40.0,37.5,35.0,0.3721484479166666,322,87
2025,00-0033757,Robert Tonyan,TE,2,1.6,-9.95,-0.13120507812499999,5.7749999999999995,27.0,28.0,33.0,30.5,28.0,0.39673596484375,323,78
2025,00-0038582,Clayton Tune,QB,2,3.98,-11.129999999999999,-0.13346023437500004,7.555,24.0,25.0,30.0,27.5,25.0,0.34212447265625,324,62
2025,00-0036959,Michael Bandy,WR,4,13.0,-10.5,-0.1343516953124999,5.875,44.75,45.75,50.75,48.25,45.75,0.412136064453125,325,98
2025,00-0040194,Jackson Hawes,TE,13,60.7,-9.3,-0.13557261718750002,5.384615384615385,28.53846153846154,29.53846153846154,34.53846153846154,32.03846153846154,29.53846153846154,0.3899515841346154,326,79
2025,00-0038951,Sean Tucker,RB,17,87.4,-6.890000000000003,-0.13569164062499994,5.5464705882352945,35.05882352941177,36.05882352941177,41.05882352941177,38.55882352941177,36.05882352941177,0.37546218106617646,327,88
2025,00-0034270,Tyler Conklin,TE,6,20.8,-10.450000000000001,-0.13580521874999996,5.208333333333333,29.333333333333332,30.333333333333332,35.333333333333336,32.833333333333336,30.333333333333332,0.3796919544270833,328,80
2025,00-0037524,Tay Martin,WR,2,3.3,-9.75,-0.13608679687499992,6.525,44.5,45.5,50.5,48.0,45.5,0.39638871093749994,329,99
2025,00-0040241,Dominic Lovett,WR,2,0.0,-11.100000000000001,-0.13616609374999994,5.550000000000001,43.0,44.0,49.0,46.5,44.0,0.40705290625,330,100
2025,00-0034955,Brett Rypien,QB,1,0.0,-10.770000000000001,-0.14017572656249994,10.770000000000001,24.0,25.0,30.0,27.5,25.0,0.39118737499999995,331,63
2025,00-0039737,Tip Reiman,TE,3,6.3,-10.05,-0.1450204609375001,5.45,28.666666666666668,29.666666666666668,34.666666666666664,32.166666666666664,29.666666666666668,0.3707010989583333,332,81
2025,00-0033307,Kendrick Bourne,WR,14,73.60000000000001,-11.799999999999994,-0.14989508593750006,6.1000000000000005,44.357142857142854,45.357142857142854,50.357142857142854,47.857142857142854,45.357142857142854,0.40266230301339284,333,101
2025,00-0040352,Coleman Owen,WR,2,0.0,-12.85,-0.15005117968750004,6.425,43.5,44.5,49.5,47.0,44.5,0.41175947265625,334,102
2025,00-0036569,Gary Brightwell,RB,2,0.0,-10.700000000000001,-0.15174817187500006,5.3500000000000005,36.0,37.0,42.0,39.5,37.0,0.378363203125,335,89
2025,00-0040277,Jahdae Walker,WR,6,23.7,-12.250000000000004,-0.15203555468750002,5.991666666666667,43.666666666666664,44.666666666666664,49.666666666666664,47.166666666666664,44.666666666666664,0.4057500234375,336,103
2025,00-0034867,Malik Turner,WR,2,0.0,-12.2,-0.15247919531249993,6.1,47.5,48.5,53.5,51.0,48.5,0.4096975390625,337,104
2025,00-0040646,Jalen Royals,WR,2,1.4,-10.95,-0.15289560156249998,6.175000000000001,39.5,40.5,45.5,43.0,40.5,0.39729983593749996,338,105
2025,00-0034054,River Cracraft,WR,2,0.0,-11.5,-0.15305297656250005,5.75,41.5,42.5,47.5,45.0,42.5,0.4112219921875,339,106
2025,00-0039144,Luke Musgrave,TE,13,61.2,-9.799999999999997,-0.15308650000000007,5.461538461538462,28.076923076923077,29.076923076923077,34.07692307692308,31.576923076923077,29.076923076923077,0.39182066466346155,340,82
2025,00-0035140,Mecole Hardman,WR,2,0.0,-12.4,-0.15331158593750005,6.2,42.5,43.5,48.5,46.0,43.5,0.416144578125,341,107
2025,00-0038740,Jalen Moreno-Cropper,WR,2,0.0,-12.100000000000001,-0.15864173437499995,6.050000000000001,46.0,47.0,52.0,49.5,47.0,0.4061703203125,342,108
2025,00-0038416,Tyson Bagent,QB,2,2.58,-13.280000000000001,-0.1592635078125,7.930000000000001,24.0,25.0,30.0,27.5,25.0,0.30216042187500003,343,64
2025,00-0038393,Dontayvion Wicks,WR,13,60.800000000000004,-18.4,-0.16360086718749983,6.092307692307693,43.84615384615385,44.84615384615385,49.84615384615385,47.34615384615385,44.84615384615385,0.4014787668269231,344,109
2025,00-0038783,Nate Adkins,TE,6,19.8,-12.95,-0.16556016406250001,5.458333333333333,28.333333333333332,29.333333333333332,34.333333333333336,31.833333333333332,29.333333333333332,0.3851352604166667,345,83
2025,00-0037311,Ko Kieft,TE,2,0.0,-11.0,-0.16597321874999998,5.5,29.0,30.0,35.0,32.5,30.0,0.3815501328125,346,84
2025,00-0039398,Joe Milton III,QB,4,14.32,-13.55,-0.16726228906249996,6.9675,24.0,25.0,30.0,27.5,25.0,0.336190990234375,347,65
2025,00-0040669,Isaac TeSlaa,WR,14,67.9,-16.050000000000004,-0.16778359374999996,5.996428571428572,44.214285714285715,45.214285714285715,50.214285714285715,47.714285714285715,45.214285714285715,0.40354943247767855,348,110
2025,00-0035726,Jakob Johnson,RB,2,0.0,-12.200000000000001,-0.168209546875,6.1000000000000005,33.0,34.0,39.0,36.5,34.0,0.370901796875,349,90
2025,00-0036165,Isaiah Hodgins,WR,6,22.5,-12.500000000000002,-0.16850985937499996,5.833333333333333,42.666666666666664,43.666666666666664,48.666666666666664,46.166666666666664,43.666666666666664,0.40603297916666664,350,111
2025,00-0038589,Josh Whyle,TE,6,17.1,-11.899999999999999,-0.16894577343750022,4.833333333333333,29.5,30.5,35.5,33.0,30.5,0.39428240104166673,351,85
2025,00-0037340,Zaire Mitchell-Paden,TE,3,4.7,-12.5,-0.17401961718749992,5.733333333333334,27.333333333333332,28.333333333333332,33.333333333333336,30.833333333333332,28.333333333333332,0.38294768749999997,352,86
2025,00-0033891,Zay Jones,WR,6,24.3,-11.45,-0.17466092187499993,5.958333333333333,45.166666666666664,46.166666666666664,51.166666666666664,48.666666666666664,46.166666666666664,0.40393345572916667,353,112
2025,00-0040237,Tez Johnson,WR,15,78.4,-10.6,-0.17664957812500004,5.933333333333334,44.0,45.0,50.0,47.5,45.0,0.404087815625,354,113
2025,00-0040705,Chimere Dike,WR,17,92.10000000000001,-9.750000000000004,-0.17745307812499977,5.991176470588236,44.529411764705884,45.529411764705884,50.529411764705884,48.029411764705884,45.529411764705884,0.4028605528492647,355,114
2025,00-0037563,Malik Davis,RB,10,39.6,-16.600000000000005,-0.18137112499999974,5.62,34.9,35.9,40.9,38.4,35.9,0.38280245234375,356,91
2025,00-0040556,Corey Kiner,RB,4,8.3,-15.150000000000002,-0.1825099140625,5.862500000000001,36.0,37.0,42.0,39.5,37.0,0.38518491796875,357,92
2025,00-0035406,Lil'Jordan Humphrey,WR,7,28.099999999999998,-13.250000000000002,-0.1827745,5.9071428571428575,43.285714285714285,44.285714285714285,49.285714285714285,46.785714285714285,44.285714285714285,0.40372267410714285,358,115
2025,00-0040488,Carter Runyon,TE,3,1.8,-15.149999999999999,-0.18285985156250006,5.6499999999999995,28.0,29.0,34.0,31.5,29.0,0.4014913463541667,359,87
2025,00-0038618,Xavier Hutchinson,WR,16,80.5,-15.7,-0.1843014609375001,6.0125,44.625,45.625,50.625,48.125,45.625,0.40276164599609376,360,116
2025,00-0038794,Jaleel McLaughlin,RB,8,29.400000000000002,-15.200000000000003,-0.1848119843749999,5.575,36.625,37.625,42.625,40.125,37.625,0.38121623339843747,361,93
2025,00-0034419,Braxton Berrios,WR,4,6.700000000000001,-15.600000000000001,-0.1857575859374999,5.575,46.75,47.75,52.75,50.25,47.75,0.410109359375,362,117
2025,00-0033943,Josh Reynolds,WR,5,17.6,-13.100000000000001,-0.18618910937499994,6.140000000000001,45.0,46.0,51.0,48.5,46.0,0.400226340625,363,118
2025,00-0038619,Andrei Iosivas,WR,15,73.4,-16.0,-0.18637956249999993,5.96,44.46666666666667,45.46666666666667,50.46666666666667,47.96666666666667,45.46666666666667,0.40390197031249997,364,119
2025,00-0039650,Bryce Oliver,WR,2,1.3,-12.25,-0.18767335937500002,6.775,48.5,49.5,54.5,52.0,49.5,0.38833875781250005,365,120
2025,00-0036328,Antonio Gibson,RB,5,16.2,-12.840000000000002,-0.18828701562499994,5.808,34.4,35.4,40.4,37.9,35.4,0.365150028125,366,94
2025,00-0033591,Noah Brown,WR,4,10.8,-13.65,-0.19204178124999993,6.112500000000001,46.75,47.75,52.75,50.25,47.75,0.39861773046875,367,121
2025,00-0037475,Stone Smartt,TE,6,15.7,-16.25,-0.19265887500000012,5.325,28.0,29.0,34.0,31.5,29.0,0.39115532682291665,368,88
2025,00-0031237,Teddy Bridgewater,QB,3,2.88,-17.229999999999997,-0.19661732031250007,6.703333333333333,24.0,25.0,30.0,27.5,25.0,0.35217793750000004,369,66
2025,00-0036422,Adam Trautman,TE,13,55.5,-15.95,-0.1968928671875001,5.496153846153846,27.846153846153847,28.846153846153847,33.84615384615385,31.346153846153847,28.846153846153847,0.3877191195913462,370,89
2025,00-0032385,Sterling Shepard,WR,13,62.5,-14.250000000000002,-0.1969198281249998,5.903846153846154,44.92307692307692,45.92307692307692,50.92307692307692,48.42307692307692,45.92307692307692,0.4001378221153846,371,122
2025,00-0038621,DeMario Douglas,WR,16,80.3,-15.600000000000001,-0.19803016406249968,5.99375,44.75,45.75,50.75,48.25,45.75,0.404452419921875,372,123
2025,00-0039754,Devin Culp,TE,4,8.1,-14.049999999999999,-0.19815766406249996,5.5375,29.0,30.0,35.0,32.5,30.0,0.38014694726562503,373,90
2025,00-0039458,Brenden Bates,TE,5,10.8,-16.45,-0.19831209374999997,5.45,29.2,30.2,35.2,32.7,30.2,0.3828293375,374,91
2025,00-0039880,Malik Washington,WR,17,87.7,-14.400000000000002,-0.19930585937500012,6.005882352941177,44.470588235294116,45.470588235294116,50.470588235294116,47.970588235294116,45.470588235294116,0.4033087987132353,375,124
2025,00-0036414,Cam Akers,RB,4,7.180000000000001,-14.96,-0.19936818749999985,5.535,33.25,34.25,39.25,36.75,34.25,0.3738206328125,376,95
2025,00-0040187,Mitchell Evans,TE,14,57.7,-16.849999999999998,-0.19981428906250026,5.325,29.285714285714285,30.285714285714285,35.285714285714285,32.785714285714285,30.285714285714285,0.38976020033482145,377,92
2025,00-0034073,Ross Dwelley,TE,4,3.7,-15.0,-0.2005811171875001,4.675,28.25,29.25,34.25,31.75,29.25,0.39057014453125,378,93
2025,00-0039792,Devontez Walker,WR,8,34.6,-16.200000000000003,-0.20162732031250008,6.3500000000000005,43.125,44.125,49.125,46.625,44.125,0.3957612919921875,379,125
2025,00-0035500,Greg Dortch,WR,12,60.6,-12.65,-0.2025956171875002,6.104166666666667,44.5,45.5,50.5,48.0,45.5,0.400117998046875,380,126
2025,00-0037012,Trey Lance,QB,4,15.54,-16.119999999999997,-0.20299910937500001,7.914999999999999,24.0,25.0,30.0,27.5,25.0,0.34080283984375004,381,67
2025,00-0034681,Chase Edmonds,RB,3,0.0,-17.400000000000002,-0.20471159374999998,5.800000000000001,35.333333333333336,36.333333333333336,41.333333333333336,38.833333333333336,36.333333333333336,0.3816500911458333,382,96
2025,00-0038705,Emari Demercado,RB,12,51.8,-16.340000000000003,-0.20733681249999997,5.678333333333334,34.833333333333336,35.833333333333336,40.833333333333336,38.333333333333336,35.833333333333336,0.3785980436197917,383,97
2025,00-0037654,Tucker Fisk,TE,4,4.9,-15.5,-0.20914425781249985,5.1,30.0,31.0,36.0,33.5,31.0,0.38658084765625,384,94
2025,00-0034577,Kyle Allen,QB,2,-0.30000000000000004,-17.46,-0.21276613281249998,8.58,24.0,25.0,30.0,27.5,25.0,0.3445282421875,385,68
2025,00-0037801,KaVontae Turpin,WR,15,71.5,-18.25,-0.21503307812499994,5.983333333333333,44.333333333333336,45.333333333333336,50.333333333333336,47.833333333333336,45.333333333333336,0.4024192505208333,386,127
2025,00-0039394,Casey Washington,WR,5,12.400000000000002,-16.75,-0.21778101562500002,5.83,45.6,46.6,51.6,49.1,46.6,0.40039475625,387,128
2025,00-0040431,Dalen Cambre,WR,3,0.0,-17.5,-0.2178210390625,5.833333333333333,43.0,44.0,49.0,46.5,44.0,0.4165765598958333,388,129
2025,00-0039912,Ben Sinnott,TE,9,33.9,-16.1,-0.21834027343749995,5.555555555555555,27.555555555555557,28.555555555555557,33.55555555555556,31.055555555555557,28.555555555555557,0.3920843958333333,389,95
2025,00-0034386,Justin Watson,WR,3,4.5,-14.8,-0.218801203125,6.433333333333334,45.333333333333336,46.333333333333336,51.333333333333336,48.833333333333336,46.333333333333336,0.39546578125,390,130
2025,00-0036984,Trey Sermon,RB,3,0.0,-17.0,-0.21922110937500006,5.666666666666667,35.333333333333336,36.333333333333336,41.333333333333336,38.833333333333336,36.333333333333336,0.3775999114583333,391,98
2025,00-0033526,Samaje Perine,RB,15,69.4,-15.840000000000003,-0.2202271875000001,5.682666666666667,34.53333333333333,35.53333333333333,40.53333333333333,38.03333333333333,35.53333333333333,0.37673000104166665,392,99
2025,00-0039041,Elijah Higgins,TE,17,73.1,-16.999999999999996,-0.22179399218750012,5.3,29.11764705882353,30.11764705882353,35.11764705882353,32.61764705882353,30.11764705882353,0.3886983478860294,393,96
2025,00-0033282,Curtis Samuel,WR,6,17.6,-17.650000000000002,-0.2239376015624998,5.875,45.666666666666664,46.666666666666664,51.666666666666664,49.166666666666664,46.666666666666664,0.4076845651041667,394,131
2025,00-0039164,Anthony Richardson,QB,2,1.66,-17.650000000000002,-0.22427780468749994,9.655000000000001,24.0,25.0,30.0,27.5,25.0,0.35372876171875,395,69
2025,00-0033357,Taysom Hill,TE,13,47.28,-18.52,-0.22776422656250028,5.061538461538461,29.384615384615383,30.384615384615383,35.38461538461539,32.88461538461539,30.384615384615383,0.3871009170673077,396,97
2025,00-0035208,Olamide Zaccheaus,WR,14,65.30000000000001,-18.4,-0.22938322656250004,5.978571428571429,44.57142857142857,45.57142857142857,50.57142857142857,48.07142857142857,45.57142857142857,0.40025432533482147,397,132
2025,00-0036628,John Bates,TE,10,32.8,-19.45,-0.2300669921875001,5.225,28.7,29.7,34.7,32.2,29.7,0.38358855,398,98
2025,00-0039305,Jack Westover,TE,4,1.5,-18.0,-0.23029093749999996,4.875,31.0,32.0,37.0,34.5,32.0,0.39484723828125,399,99
2025,00-0039757,Terrell Jennings,RB,6,14.700000000000001,-17.75,-0.23084745312499994,5.408333333333334,33.166666666666664,34.166666666666664,39.166666666666664,36.666666666666664,34.166666666666664,0.37985810026041666,400,100
2025,00-0037805,Jeremy Ruckert,TE,14,58.400000000000006,-18.999999999999996,-0.23092757031249994,5.528571428571429,27.714285714285715,28.714285714285715,33.714285714285715,31.214285714285715,28.714285714285715,0.387155859375,401,100
2025,00-0036429,Charlie Woerner,TE,7,16.8,-19.15,-0.2323254453125,5.135714285714286,29.285714285714285,30.285714285714285,35.285714285714285,32.785714285714285,30.285714285714285,0.39246740066964286,402,101
2025,00-0038590,Justin Shorter,TE,3,0.0,-16.549999999999997,-0.2332987890625,5.516666666666666,29.0,30.0,35.0,32.5,30.0,0.38422209375000005,403,102
2025,00-0034159,Will Dissly,TE,8,26.200000000000003,-17.15,-0.2337922031250002,5.41875,29.0,30.0,35.0,32.5,30.0,0.3933181103515625,404,103
2025,00-0034365,Ian Thomas,TE,9,30.9,-16.85,-0.23597482812499998,5.305555555555555,28.88888888888889,29.88888888888889,34.888888888888886,32.388888888888886,29.88888888888889,0.38936082552083334,405,104
2025,00-0034928,Steven Sims,WR,3,0.0,-18.25,-0.23634738281250012,6.083333333333333,41.333333333333336,42.333333333333336,47.333333333333336,44.833333333333336,42.333333333333336,0.4101143697916667,406,133
2025,00-0037291,Jalen Nailor,WR,17,86.2,-15.450000000000005,-0.23979119531249993,5.979411764705882,44.529411764705884,45.529411764705884,50.529411764705884,48.029411764705884,45.529411764705884,0.40316759329044116,407,134
2025,00-0031345,Jimmy Garoppolo,QB,3,-1.0,-20.73,-0.24135980468750012,6.576666666666667,24.0,25.0,30.0,27.5,25.0,0.3366161171875,408,70
2025,00-0034981,Foster Moreau,TE,7,16.4,-19.05,-0.2436409765625,5.064285714285715,28.142857142857142,29.142857142857142,34.142857142857146,31.642857142857142,29.142857142857142,0.3937167254464286,409,105
2025,00-0040024,Darius Cooper,WR,6,13.700000000000003,-19.549999999999997,-0.24602990624999982,5.541666666666667,43.5,44.5,49.5,47.0,44.5,0.41111166536458327,410,135
2025,00-0038454,Keaton Mitchell,RB,13,50.900000000000006,-20.44,-0.24695035156249984,5.487692307692308,34.76923076923077,35.76923076923077,40.76923076923077,38.26923076923077,35.76923076923077,0.37902444411057695,411,101
2025,00-0033589,David Moore,WR,3,2.2,-16.85,-0.24979172656250004,6.3500000000000005,43.333333333333336,44.333333333333336,49.333333333333336,46.833333333333336,44.333333333333336,0.3916598958333333,412,136
2025,00-0035291,Trayveon Williams,RB,6,13.1,-20.5,-0.251329765625,5.6000000000000005,36.333333333333336,37.333333333333336,42.333333333333336,39.833333333333336,37.333333333333336,0.38128197656249996,413,102
2025,00-0040134,Pat Bryant,WR,13,59.300000000000004,-18.500000000000004,-0.2514000234374998,5.984615384615386,44.30769230769231,45.30769230769231,50.30769230769231,47.80769230769231,45.30769230769231,0.4029081352163461,414,137
2025,00-0033217,Mo Alie-Cox,TE,11,37.2,-19.4,-0.2539390937500002,5.1454545454545455,29.636363636363637,30.636363636363637,35.63636363636363,33.13636363636363,30.636363636363637,0.3940341072443182,415,106
2025,00-0036906,Khalil Herbert,RB,5,6.1000000000000005,-20.94,-0.25733998437499994,5.408,34.8,35.8,40.8,38.3,35.8,0.3788584078125,416,103
2025,00-0037086,Grant Calcaterra,TE,9,27.1,-20.400000000000002,-0.25832704687499997,5.277777777777778,29.333333333333332,30.333333333333332,35.333333333333336,32.833333333333336,30.333333333333332,0.3875507725694444,417,107
2025,00-0035298,Scott Miller,WR,5,10.7,-19.9,-0.25877869531250003,6.12,42.0,43.0,48.0,45.5,43.0,0.405344090625,418,138
2025,00-0037348,Tanner Conner,TE,8,22.6,-19.45,-0.25946167187499997,5.25625,29.5,30.5,35.5,33.0,30.5,0.38135629296875,419,108
2025,00-0040179,DJ Giddens,RB,5,9.600000000000001,-18.59,-0.26044328125,5.638,33.0,34.0,39.0,36.5,34.0,0.370669609375,420,104
2025,00-0031484,Chris Manhertz,TE,4,2.2,-19.65,-0.2615228203124999,5.4625,29.75,30.75,35.75,33.25,30.75,0.393057267578125,421,109
2025,00-0038492,Jason Brownlee,WR,3,0.0,-18.35,-0.2618658203125,6.116666666666667,46.333333333333336,47.333333333333336,52.333333333333336,49.833333333333336,47.333333333333336,0.40158478645833334,422,139
2025,00-0027973,Andy Dalton,QB,4,11.52,-21.040000000000003,-0.26563962499999993,8.14,24.0,25.0,30.0,27.5,25.0,0.34538133984374997,423,71
2025,00-0034775,Christian Kirk,WR,11,43.9,-20.900000000000002,-0.26799840624999993,5.890909090909091,43.36363636363637,44.36363636363637,49.36363636363637,46.86363636363637,44.36363636363637,0.4063284659090909,424,140
2025,00-0034771,Mason Rudolph,QB,5,19.0,-21.83,-0.2691638906250001,8.166,24.0,25.0,30.0,27.5,25.0,0.3427166953125,425,72
2025,00-0040205,Kalel Mullings,RB,4,0.7000000000000001,-22.5,-0.26963428125000005,5.800000000000001,35.5,36.5,41.5,39.0,36.5,0.38554984375,426,105
2025,00-0039739,Roman Wilson,WR,9,32.6,-20.050000000000004,-0.2708733203125001,5.8500000000000005,45.22222222222222,46.22222222222222,51.22222222222222,48.72222222222222,46.22222222222222,0.4030309296875,427,141
2025,00-0035704,Drew Lock,QB,3,0.09999999999999998,-22.160000000000004,-0.27145825,7.420000000000001,24.0,25.0,30.0,27.5,25.0,0.34955217187500004,428,73
2025,00-0034367,Nyheim Hines,RB,4,-0.2,-22.0,-0.27353202343749994,5.45,32.0,33.0,38.0,35.5,33.0,0.37929305859374995,429,106
2025,00-0038976,Marvin Mims Jr.,WR,15,70.5,-19.950000000000003,-0.27393796093750006,6.03,44.46666666666667,45.46666666666667,50.46666666666667,47.96666666666667,45.46666666666667,0.4024032864583333,430,142
2025,00-0040432,Beaux Collins,WR,4,3.5,-20.900000000000002,-0.2748141953125,6.1000000000000005,49.25,50.25,55.25,52.75,50.25,0.4030996328125,431,143
2025,00-0038979,Cedric Tillman,WR,12,49.5,-22.750000000000004,-0.2766525390624999,6.020833333333333,43.166666666666664,44.166666666666664,49.166666666666664,46.666666666666664,44.166666666666664,0.39996308333333336,432,144
2025,00-0040649,Robbie Ouzts,RB,4,0.0,-21.450000000000003,-0.27680753906250005,5.362500000000001,34.25,35.25,40.25,37.75,35.25,0.3773671875,433,107
2025,00-0035876,Andre Baccellia,WR,4,1.8,-21.3,-0.2772603906249998,5.775,43.25,44.25,49.25,46.75,44.25,0.4034712265625,434,145
2025,00-0039342,Xavier Legette,WR,15,71.80000000000001,-17.9,-0.27781753906249995,5.98,44.86666666666667,45.86666666666667,50.86666666666667,48.36666666666667,45.86666666666667,0.40490350625,435,146
2025,00-0040058,Nick Kallerup,TE,4,0.0,-21.799999999999997,-0.27818744531250006,5.449999999999999,27.75,28.75,33.75,31.25,28.75,0.3860263828125,436,110
2025,00-0033439,Pharaoh Brown,TE,5,3.1,-22.0,-0.2797034296875,5.0200000000000005,29.0,30.0,35.0,32.5,30.0,0.3958872828125,437,111
2025,00-0038720,Julian Hill,TE,11,38.5,-19.75,-0.27992771093750013,5.295454545454546,29.545454545454547,30.545454545454547,35.54545454545455,33.04545454545455,30.545454545454547,0.3828623160511364,438,112
2025,00-0038040,Zamir White,RB,5,7.6,-20.6,-0.29047857812499994,5.640000000000001,33.6,34.6,39.6,37.1,34.6,0.3716497875,439,108
2025,00-0037742,Treylon Burks,WR,8,24.0,-23.35,-0.2907747578124999,5.91875,42.75,43.75,48.75,46.25,43.75,0.405004783203125,440,147
2025,00-0035628,D'Ernest Johnson,RB,5,2.5,-23.900000000000002,-0.29444785156249986,5.28,34.6,35.6,40.6,38.1,35.6,0.3777286203125,441,109
2025,00-0036849,Tutu Atwell,WR,8,28.2,-22.200000000000003,-0.29543459374999986,6.3,44.75,45.75,50.75,48.25,45.75,0.40065060839843747,442,148
2025,00-0036427,Tyler Johnson,WR,9,31.7,-22.3,-0.2980733359374999,6.0,45.44444444444444,46.44444444444444,51.44444444444444,48.94444444444444,46.44444444444444,0.4032588767361111,443,149
2025,00-0039890,Adonai Mitchell,WR,16,71.4,-24.799999999999997,-0.30003696875,6.0125,44.625,45.625,50.625,48.125,45.625,0.40276164599609376,444,150
2025,00-0033376,Patrick Ricard,RB,5,1.6,-23.85,-0.30189254687499983,5.090000000000001,36.4,37.4,42.4,39.9,37.4,0.37619616875,445,110
2025,00-0038640,Jalen Brooks,WR,5,6.6000000000000005,-23.25,-0.30223215625000005,5.970000000000001,43.8,44.8,49.8,47.3,44.8,0.40866198750000005,446,151
2025,00-0038839,Mitchell Tinsley,WR,8,27.6,-23.300000000000004,-0.3055211484374999,6.362500000000001,43.625,44.625,49.625,47.125,44.625,0.39682878515625,447,152
2025,00-0037258,Dameon Pierce,RB,5,3.6,-22.39,-0.30642299218749997,5.198,33.4,34.4,39.4,36.9,34.4,0.3675113,448,111
2025,00-0034487,Trent Sherfield,WR,4,3.6,-21.200000000000003,-0.3088637109375,6.2,47.5,48.5,53.5,51.0,48.5,0.396687169921875,449,153
2025,00-0036332,Josiah Deguara,TE,7,12.6,-24.8,-0.3092891875,5.3428571428571425,28.571428571428573,29.571428571428573,34.57142857142857,32.07142857142857,29.571428571428573,0.4020295558035714,450,113
2025,00-0036309,Darnell Mooney,WR,15,66.3,-22.650000000000002,-0.30967256249999975,5.930000000000001,44.06666666666667,45.06666666666667,50.06666666666667,47.56666666666667,45.06666666666667,0.4035691859375,451,154
2025,00-0036232,Harrison Bryant,TE,5,3.7,-23.85,-0.31070253125,5.51,28.8,29.8,34.8,32.3,29.8,0.38403129375,452,114
2025,00-0036626,Dyami Brown,WR,11,39.7,-27.05,-0.3135896796875,6.068181818181818,45.09090909090909,46.09090909090909,51.09090909090909,48.59090909090909,46.09090909090909,0.4061937947443182,453,155
2025,00-0038046,Charlie Kolar,TE,13,41.2,-26.25,-0.3200253828125,5.188461538461539,28.76923076923077,29.76923076923077,34.76923076923077,32.26923076923077,29.76923076923077,0.3886456466346154,454,115
2025,00-0036133,James Proche,WR,6,9.5,-24.650000000000002,-0.32360798437499994,5.691666666666666,42.666666666666664,43.666666666666664,48.666666666666664,46.166666666666664,43.666666666666664,0.40233023828125,455,156
2025,00-0035631,Drew Sample,TE,12,39.4,-24.8,-0.32675225000000013,5.3500000000000005,29.583333333333332,30.583333333333332,35.583333333333336,33.083333333333336,30.583333333333332,0.38736695963541673,456,116
2025,00-0034798,Durham Smythe,TE,7,8.5,-26.2,-0.32826294531250005,4.957142857142857,29.857142857142858,30.857142857142858,35.857142857142854,33.357142857142854,30.857142857142858,0.3935699832589286,457,117
2025,00-0037013,Zach Wilson,QB,4,1.3800000000000001,-25.9,-0.3295096171875,6.82,24.0,25.0,30.0,27.5,25.0,0.316994396484375,458,74
2025,00-0036425,DeeJay Dallas,RB,5,2.1,-25.69,-0.33040420312499996,5.558000000000001,34.4,35.4,40.4,37.9,35.4,0.37453335,459,112
2025,00-0036637,Noah Gray,TE,14,49.300000000000004,-24.799999999999997,-0.33157137500000017,5.292857142857143,29.142857142857142,30.142857142857142,35.142857142857146,32.642857142857146,30.142857142857142,0.3940038716517857,460,118
2025,00-0039062,Jonathan Mingo,WR,5,3.0,-26.15,-0.33266035937500005,5.83,42.8,43.8,48.8,46.3,43.8,0.409627303125,461,157
2025,00-0037614,John Metchie III,WR,13,55.400000000000006,-22.950000000000003,-0.3351738671874999,6.026923076923078,43.38461538461539,44.38461538461539,49.38461538461539,46.88461538461539,44.38461538461539,0.40116744771634616,462,158
2025,00-0040739,Elijah Arroyo,TE,13,44.4,-23.8,-0.3363427421875,5.246153846153846,29.0,30.0,35.0,32.5,30.0,0.38790217367788465,463,119
2025,00-0038752,Jake Bobo,WR,5,3.0,-26.75,-0.34434111718750005,5.95,44.6,45.6,50.6,48.1,45.6,0.40380832968749997,464,159
2025,00-0038953,Dylan Drummond,WR,6,7.7,-26.450000000000003,-0.3496044765625,5.691666666666666,42.666666666666664,43.666666666666664,48.666666666666664,46.166666666666664,43.666666666666664,0.40233023828125,465,160
2025,00-0038397,Evan Hull,RB,6,5.9,-27.650000000000006,-0.3544181171875,5.591666666666668,37.333333333333336,38.333333333333336,43.333333333333336,40.833333333333336,38.333333333333336,0.38192046875,466,113
2025,00-0036176,Mason Kinsey,WR,6,5.800000000000001,-28.5,-0.36005278125,5.716666666666668,43.833333333333336,44.833333333333336,49.833333333333336,47.333333333333336,44.833333333333336,0.4118186028645833,467,161
2025,00-0038102,Kenny Pickett,QB,6,11.72,-32.56,-0.3601996718750001,7.379999999999999,24.0,25.0,30.0,27.5,25.0,0.3424142903645833,468,75
2025,00-0036741,Jack Stoll,TE,9,19.6,-28.95,-0.3636591328125001,5.394444444444444,27.77777777777778,28.77777777777778,33.77777777777778,31.27777777777778,28.77777777777778,0.3895911362847222,469,120
2025,00-0038938,Jalin Hyatt,WR,6,6.0,-29.8,-0.3641502187499999,5.966666666666668,45.666666666666664,46.666666666666664,51.666666666666664,49.166666666666664,46.666666666666664,0.4123975872395833,470,162
2025,00-0040509,Ben Yurosek,TE,6,4.4,-27.200000000000003,-0.3673081718749998,5.266666666666667,29.833333333333332,30.833333333333332,35.833333333333336,33.333333333333336,30.833333333333332,0.3928044231770833,471,121
2025,00-0036265,AJ Dillon,RB,6,7.6000000000000005,-26.19,-0.36751879687500005,5.631666666666667,34.0,35.0,40.0,37.5,35.0,0.3673809309895833,472,114
2025,00-0033955,Jeremy McNichols,RB,16,60.2,-29.040000000000003,-0.3685792421875,5.577500000000001,35.0,36.0,41.0,38.5,36.0,0.377771720703125,473,115
2025,00-0033662,Cooper Rush,QB,4,9.719999999999999,-30.130000000000003,-0.36952119531249994,9.9625,24.0,25.0,30.0,27.5,25.0,0.33822602734375,474,76
2025,00-0034407,Ray-Ray McCloud,WR,6,10.4,-27.6,-0.36958436718749993,6.333333333333333,44.833333333333336,45.833333333333336,50.833333333333336,48.333333333333336,45.833333333333336,0.3965739609375,475,163
2025,00-0032398,Chris Moore,WR,10,33.1,-27.4,-0.37003190624999993,6.05,44.0,45.0,50.0,47.5,45.0,0.4053493890625,476,164
2025,00-0036841,Austin Trammell,WR,6,6.1000000000000005,-27.750000000000004,-0.37012624218749995,5.641666666666667,43.333333333333336,44.333333333333336,49.333333333333336,46.833333333333336,44.333333333333336,0.40341798958333336,477,165
2025,00-0038440,Zavier Scott,RB,11,32.2,-29.840000000000003,-0.3703736484374999,5.640000000000001,35.0,36.0,41.0,38.5,36.0,0.377209015625,478,116
2025,00-0037557,Ronnie Rivers,RB,6,4.6000000000000005,-28.950000000000003,-0.3721476640625,5.591666666666668,37.333333333333336,38.333333333333336,43.333333333333336,40.833333333333336,38.333333333333336,0.38192046875,479,117
2025,00-0033949,Joshua Dobbs,QB,4,2.1,-31.209999999999997,-0.3738495703125,8.3275,24.0,25.0,30.0,27.5,25.0,0.345753115234375,480,77
2025,00-0035359,David Sills,WR,12,40.1,-29.200000000000003,-0.37387757031250013,5.7749999999999995,43.75,44.75,49.75,47.25,44.75,0.406074720703125,481,166
2025,00-0038555,Tank Bigsby,RB,15,52.3,-30.290000000000003,-0.37648647656249984,5.506,34.93333333333333,35.93333333333333,40.93333333333333,38.43333333333333,35.93333333333333,0.3774932677083333,482,118
2025,00-0035544,Tom Kennedy,WR,6,5.6,-30.1,-0.380444453125,5.95,42.166666666666664,43.166666666666664,48.166666666666664,45.666666666666664,43.166666666666664,0.40330633072916666,483,167
2025,00-0039623,Mason Tipton,WR,8,14.900000000000002,-30.8,-0.3812409296875,5.7125,44.375,45.375,50.375,47.875,45.375,0.4030145986328125,484,168
2025,00-0040667,Matthew Golden,WR,14,55.5,-28.150000000000002,-0.38205558593749983,5.9750000000000005,44.642857142857146,45.642857142857146,50.642857142857146,48.142857142857146,45.642857142857146,0.4047848415178571,485,169
2025,00-0031763,DeAndre Carter,WR,4,0.0,-26.35,-0.3836051171875,6.5875,45.0,46.0,51.0,48.5,46.0,0.38981087109375,486,170
2025,00-0036415,Van Jefferson,WR,14,55.5,-27.900000000000002,-0.38569392968749977,5.957142857142857,44.42857142857143,45.42857142857143,50.42857142857143,47.92857142857143,45.42857142857143,0.40275701953125004,487,171
2025,00-0035289,Gardner Minshew,QB,4,1.6799999999999997,-34.48,-0.3880323203124999,9.04,24.0,25.0,30.0,27.5,25.0,0.349775625,488,78
2025,00-0035567,Craig Reynolds,RB,5,0.4,-27.990000000000002,-0.3882066015625,5.678,34.0,35.0,40.0,37.5,35.0,0.3631844546875,489,119
2025,00-0034418,Cedrick Wilson Jr.,WR,6,6.9,-29.000000000000004,-0.38845599999999997,5.983333333333334,43.5,44.5,49.5,47.0,44.5,0.4035536276041667,490,172
2025,00-0037745,Velus Jones Jr.,WR,5,3.2,-27.1,-0.38874715624999995,6.0600000000000005,44.6,45.6,50.6,48.1,45.6,0.39701017031249997,491,173
2025,00-0033319,Nick Mullens,QB,4,-0.040000000000000036,-33.0,-0.392648125,8.239999999999998,24.0,25.0,30.0,27.5,25.0,0.344569501953125,492,79
2025,00-0038679,Tyrell Shavers,WR,11,38.0,-28.800000000000004,-0.3934521249999998,6.072727272727274,44.27272727272727,45.27272727272727,50.27272727272727,47.77272727272727,45.27272727272727,0.4042325078125,493,174
2025,00-0034860,Dante Pettis,WR,8,15.200000000000001,-31.15,-0.39376829687499987,5.79375,42.5,43.5,48.5,46.0,43.5,0.4039429130859375,494,175
2025,00-0036980,Elijah Moore,WR,9,24.099999999999998,-29.650000000000006,-0.3944047265624998,5.972222222222222,45.333333333333336,46.333333333333336,51.333333333333336,48.833333333333336,46.333333333333336,0.39940767274305555,495,176
2025,00-0040673,Jalen Milroe,QB,3,-1.6,-30.900000000000002,-0.39593641406249996,9.766666666666667,24.0,25.0,30.0,27.5,25.0,0.33525696614583333,496,80
2025,00-0039798,Isaiah Davis,RB,16,60.7,-28.190000000000005,-0.39950385156249996,5.555625,35.125,36.125,41.125,38.625,36.125,0.3746558603515625,497,120
2025,00-0037306,John FitzPatrick,TE,11,31.2,-29.65,-0.4016713906250001,5.531818181818182,27.727272727272727,28.727272727272727,33.72727272727273,31.227272727272727,28.727272727272727,0.3921407244318182,498,122
2025,00-0034272,Marquez Valdes-Scantling,WR,9,25.0,-29.750000000000004,-0.40331207812500003,6.083333333333333,44.333333333333336,45.333333333333336,50.333333333333336,47.833333333333336,45.333333333333336,0.40471411979166666,499,177
2025,00-0040563,Efton Chism III,WR,8,15.0,-31.750000000000004,-0.40557110156249987,5.84375,43.0,44.0,49.0,46.5,44.0,0.406834541015625,500,178
2025,00-0038496,Xavier Gipson,WR,6,1.6,-31.6,-0.4121067109375,5.533333333333334,46.0,47.0,52.0,49.5,47.0,0.40812437109375005,501,179
2025,00-0035891,Cody White,WR,8,16.5,-30.35,-0.4124702499999999,5.85625,43.5,44.5,49.5,47.0,44.5,0.40260259765625,502,180
2025,00-0036988,Josh Palmer,WR,12,41.300000000000004,-32.35,-0.41493422656249995,6.1375,44.166666666666664,45.166666666666664,50.166666666666664,47.666666666666664,45.166666666666664,0.4036649713541667,503,181
2025,00-0039521,Xavier Weaver,WR,7,10.200000000000001,-32.05,-0.42216704687499984,6.035714285714286,42.57142857142857,43.57142857142857,48.57142857142857,46.07142857142857,43.57142857142857,0.4021620993303571,504,182
2025,00-0037132,Britain Covey,WR,6,3.0,-32.7,-0.4242242265625,5.95,42.166666666666664,43.166666666666664,48.166666666666664,45.666666666666664,43.166666666666664,0.40330633072916666,505,183
2025,00-0032951,Laquon Treadwell,WR,6,0.0,-33.5,-0.4314118437499999,5.583333333333333,43.333333333333336,44.333333333333336,49.333333333333336,46.833333333333336,44.333333333333336,0.401633671875,506,184
2025,00-0039021,Roschon Johnson,RB,6,1.7000000000000002,-33.300000000000004,-0.43152266406250006,5.833333333333333,34.5,35.5,40.5,38.0,35.5,0.37538634375,507,121
2025,00-0038465,Malik Heath,WR,7,11.6,-31.900000000000006,-0.43275145312499974,6.214285714285714,45.142857142857146,46.142857142857146,51.142857142857146,48.642857142857146,46.142857142857146,0.3956151316964286,508,185
2025,00-0040218,Jimmy Horn Jr.,WR,10,23.2,-35.300000000000004,-0.44381601562499995,5.85,45.0,46.0,51.0,48.5,46.0,0.4091120828125,509,186
2025,00-0039379,Jamari Thrash,WR,8,15.7,-32.25,-0.4438317890624999,5.99375,46.625,47.625,52.625,50.125,47.625,0.40207552343749997,510,187
2025,00-0038643,Brayden Willis,TE,6,0.0,-33.25,-0.4456166171874999,5.541666666666667,29.166666666666668,30.166666666666668,35.166666666666664,32.666666666666664,30.166666666666668,0.38559860937499996,511,123
2025,00-0034521,Allen Lazard,WR,9,18.0,-34.550000000000004,-0.4519533515624998,5.8388888888888895,44.77777777777778,45.77777777777778,50.77777777777778,48.27777777777778,45.77777777777778,0.40024868315972223,512,188
2025,00-0036550,Rashod Bateman,WR,13,45.900000000000006,-32.95,-0.45428292187499997,6.065384615384616,44.69230769230769,45.69230769230769,50.69230769230769,48.19230769230769,45.69230769230769,0.3996171075721154,513,189
2025,00-0039603,British Brooks,RB,8,7.800000000000001,-37.09,-0.45550311718750003,5.61125,34.0,35.0,40.0,37.5,35.0,0.384156943359375,514,122
2025,00-0036887,Luke Farrell,TE,13,35.0,-35.0,-0.45866942968750024,5.384615384615385,28.692307692307693,29.692307692307693,34.69230769230769,32.19230769230769,29.692307692307693,0.38954888882211536,515,124
2025,00-0032775,Demarcus Robinson,WR,14,47.2,-35.550000000000004,-0.4659645781249998,5.910714285714286,44.0,45.0,50.0,47.5,45.0,0.40583963727678574,516,190
2025,00-0037487,Deven Thompkins,WR,7,4.7,-36.65,-0.46720365625000004,5.9071428571428575,42.285714285714285,43.285714285714285,48.285714285714285,45.785714285714285,43.285714285714285,0.40346872098214287,517,191
2025,00-0033375,Tim Patrick,WR,13,44.2,-34.2,-0.4701752890625,6.0307692307692315,43.53846153846154,44.53846153846154,49.53846153846154,47.03846153846154,44.53846153846154,0.4016398978365385,518,192
2025,00-0033246,Johnny Mundt,TE,12,24.6,-35.449999999999996,-0.4786974609375001,5.004166666666666,30.25,31.25,36.25,33.75,31.25,0.3879992252604167,519,125
2025,00-0040590,Konata Mumpfield,WR,10,20.2,-37.550000000000004,-0.4910715859375,5.775,42.9,43.9,48.9,46.4,43.9,0.40474838671875,520,193
2025,00-0040494,Max Brosmer,QB,7,12.22,-39.71,-0.4933499765624999,7.418571428571428,24.0,25.0,30.0,27.5,25.0,0.3316842991071428,521,81
2025,00-0037746,Brian Robinson,RB,17,58.50000000000001,-37.49,-0.4944017109374998,5.646470588235295,34.35294117647059,35.35294117647059,40.35294117647059,37.85294117647059,35.35294117647059,0.3766967922794118,522,123
2025,00-0037666,Jalen Tolbert,WR,12,37.3,-35.5,-0.50103865625,6.066666666666666,44.666666666666664,45.666666666666664,50.666666666666664,48.166666666666664,45.666666666666664,0.40086306380208336,523,194
2025,00-0040131,Kyle Williams,WR,14,44.2,-39.65,-0.5038444999999998,5.989285714285715,43.214285714285715,44.214285714285715,49.214285714285715,46.714285714285715,44.214285714285715,0.40394410937499997,524,195
2025,00-0039875,Ray Davis,RB,17,53.10000000000001,-41.940000000000005,-0.517065796875,5.590588235294118,34.88235294117647,35.88235294117647,40.88235294117647,38.38235294117647,35.88235294117647,0.37624607123161763,525,124
2025,00-0036590,Quintin Morris,TE,11,20.5,-39.55,-0.5184903593749999,5.459090909090909,28.272727272727273,29.272727272727273,34.27272727272727,31.772727272727273,29.272727272727273,0.3899452166193182,526,126
2025,00-0034854,KhaDarel Hodge,WR,8,4.6,-41.35,-0.5219891953125,5.74375,45.875,46.875,51.875,49.375,46.875,0.4096630087890625,527,196
2025,00-0037267,Jerome Ford,RB,13,30.6,-40.24,-0.5307650468749997,5.44923076923077,34.76923076923077,35.76923076923077,40.76923076923077,38.26923076923077,35.76923076923077,0.37247056971153847,528,125
2025,00-0032104,Ameer Abdullah,RB,13,29.9,-41.290000000000006,-0.5334316171875001,5.476153846153846,34.30769230769231,35.30769230769231,40.30769230769231,37.80769230769231,35.30769230769231,0.37992875240384616,529,126
2025,00-0033576,Eric Saubert,TE,9,11.1,-39.7,-0.5351597968749999,5.644444444444444,29.11111111111111,30.11111111111111,35.111111111111114,32.611111111111114,30.11111111111111,0.39057508333333335,530,127
2025,00-0031236,Brandin Cooks,WR,13,39.900000000000006,-40.550000000000004,-0.537035265625,6.188461538461539,45.07692307692308,46.07692307692308,51.07692307692308,48.57692307692308,46.07692307692308,0.4007925679086538,531,197
2025,00-0036646,Simi Fehoko,WR,7,0.0,-42.300000000000004,-0.5424709531249998,6.042857142857144,44.285714285714285,45.285714285714285,50.285714285714285,47.785714285714285,45.285714285714285,0.4038006272321429,532,198
2025,00-0031687,Raheem Mostert,RB,12,23.400000000000002,-43.44,-0.5433026328125,5.57,35.416666666666664,36.416666666666664,41.416666666666664,38.916666666666664,36.416666666666664,0.38088586848958333,533,127
2025,00-0038710,Blake Whiteheart,TE,9,3.4,-41.35,-0.5479860703124999,4.972222222222222,29.77777777777778,30.77777777777778,35.77777777777778,33.27777777777778,30.77777777777778,0.3870398723958333,534,128
2025,00-0039363,Isaac Guerendo,RB,7,0.0,-40.09,-0.5491242812500001,5.727142857142858,32.857142857142854,33.857142857142854,38.857142857142854,36.357142857142854,33.857142857142854,0.3754711819196429,535,128
2025,00-0039920,Malachi Corley,WR,12,26.1,-43.0,-0.5581593671874998,5.758333333333334,44.25,45.25,50.25,47.75,45.25,0.40700567252604164,536,199
2025,00-0038547,Luke Schoonmaker,TE,14,34.2,-39.75,-0.5589513203125,5.2821428571428575,29.142857142857142,30.142857142857142,35.142857142857146,32.642857142857146,30.142857142857142,0.3859934475446428,537,129
2025,00-0032464,Kalif Raymond,WR,15,48.800000000000004,-42.25,-0.5612322421875,6.069999999999999,44.333333333333336,45.333333333333336,50.333333333333336,47.833333333333336,45.333333333333336,0.40504516249999994,538,200
2025,00-0035594,Travis Homer,RB,8,-0.2,-43.95,-0.5635705156249998,5.46875,34.375,35.375,40.375,37.875,35.375,0.3794967568359375,539,129
2025,00-0039299,George Holani,RB,10,13.8,-42.54,-0.56465278125,5.634,33.7,34.7,39.7,37.2,34.7,0.37475335312499997,540,130
2025,00-0030564,DeAndre Hopkins,WR,17,56.0,-45.550000000000004,-0.5652140234375,5.973529411764707,44.35294117647059,45.35294117647059,50.35294117647059,47.85294117647059,45.35294117647059,0.4027526263786765,541,201
2025,00-0039364,Sione Vaki,RB,8,0.4,-43.650000000000006,-0.5656854609374999,5.5062500000000005,35.25,36.25,41.25,38.75,36.25,0.3830742470703125,542,131
2025,00-0040727,Tre Harris,WR,16,54.4,-41.25000000000001,-0.5665904140625,5.978125,44.1875,45.1875,50.1875,47.6875,45.1875,0.403022,543,202
2025,00-0039050,Payne Durham,TE,8,2.6,-40.9,-0.57256940625,5.4375,28.0,29.0,34.0,31.5,29.0,0.3825209736328125,544,130
2025,00-0039648,David Martin-Robinson,TE,11,15.0,-43.699999999999996,-0.5757277656250002,5.336363636363636,28.818181818181817,29.818181818181817,34.81818181818182,32.31818181818182,29.818181818181817,0.38926140269886367,545,131
2025,00-0033857,JuJu Smith-Schuster,WR,17,57.0,-44.85,-0.5758483750000001,5.991176470588236,44.529411764705884,45.529411764705884,50.529411764705884,48.029411764705884,45.529411764705884,0.4028605528492647,546,203
2025,00-0040198,Ollie Gordon II,RB,17,50.6,-44.79,-0.5761617031250001,5.611176470588235,34.8235294117647,35.8235294117647,40.8235294117647,38.3235294117647,35.8235294117647,0.37634718841911763,547,132
2025,00-0037093,Dareke Young,WR,8,5.8,-44.650000000000006,-0.579768015625,6.30625,44.5,45.5,50.5,48.0,45.5,0.4014113984375,548,204
2025,00-0038824,Ryan Miller,WR,9,10.4,-43.2,-0.5810607578125,5.955555555555556,44.333333333333336,45.333333333333336,50.333333333333336,47.833333333333336,45.333333333333336,0.3998035598958333,549,205
2025,00-0037292,Andrew Ogletree,TE,11,14.700000000000001,-44.35,-0.595643390625,5.368181818181818,28.09090909090909,29.09090909090909,34.09090909090909,31.59090909090909,29.09090909090909,0.39094134801136365,550,132
2025,00-0040078,Brashard Smith,RB,17,50.8,-45.24,-0.6089422890625,5.649411764705882,34.529411764705884,35.529411764705884,40.529411764705884,38.029411764705884,35.529411764705884,0.37767994301470587,551,133
2025,00-0036842,Kene Nwangwu,RB,10,4.9,-48.150000000000006,-0.6157956796875,5.305000000000001,35.2,36.2,41.2,38.7,36.2,0.37942754453125,552,134
2025,00-0040782,Isaiah Bond,WR,15,45.7,-44.2,-0.6170278906249999,5.993333333333334,44.333333333333336,45.333333333333336,50.333333333333336,47.833333333333336,45.333333333333336,0.4017729578125,553,206
2025,00-0038738,Hunter Luepke,RB,14,30.5,-48.690000000000005,-0.6237680390625,5.656428571428571,34.214285714285715,35.214285714285715,40.214285714285715,37.714285714285715,35.214285714285715,0.37850787723214285,554,135
2025,00-0040142,Kaleb Johnson,RB,10,8.3,-47.650000000000006,-0.635756859375,5.595000000000001,35.6,36.6,41.6,39.1,36.6,0.376501971875,555,136
2025,00-0040138,Jaylin Noel,WR,17,55.4,-46.25,-0.6396365937499999,5.979411764705882,44.529411764705884,45.529411764705884,50.529411764705884,48.029411764705884,45.529411764705884,0.40316759329044116,556,207
2025,00-0037741,Jahan Dotson,WR,15,41.2,-48.050000000000004,-0.6419789296875,5.95,44.13333333333333,45.13333333333333,50.13333333333333,47.63333333333333,45.13333333333333,0.40137581979166664,557,208
2025,00-0039686,Colson Yankoff,TE,10,4.800000000000001,-49.15,-0.6447863593750001,5.395,28.4,29.4,34.4,31.9,29.4,0.38187424375,558,133
2025,00-0038564,Cameron Latu,TE,10,0.0,-50.45,-0.6575499140625001,5.045,29.1,30.1,35.1,32.6,30.1,0.3877891015625,559,134
2025,00-0036825,Feleipe Franks,TE,10,0.4,-49.9,-0.6607112421875001,5.029999999999999,29.2,30.2,35.2,32.7,30.2,0.392503471875,560,135
2025,00-0040581,Dont'e Thornton Jr.,WR,11,18.5,-48.75,-0.6612566718749999,6.113636363636363,44.0,45.0,50.0,47.5,45.0,0.39858993963068184,561,209
2025,00-0036876,Kylen Granson,TE,12,14.5,-52.1,-0.6756350546874998,5.55,28.0,29.0,34.0,31.5,29.0,0.38839925716145834,562,136
2025,00-0040184,KeAndre Lambert-Smith,WR,10,13.6,-49.2,-0.6776389296875002,6.28,44.5,45.5,50.5,48.0,45.5,0.40303984609375,563,210
2025,00-0040009,Savion Williams,WR,12,20.5,-51.400000000000006,-0.6788376796874999,5.991666666666667,44.916666666666664,45.916666666666664,50.916666666666664,48.416666666666664,45.916666666666664,0.403204642578125,564,211
2025,00-0036630,Tylan Wallace,WR,11,12.5,-53.0,-0.6860697421874999,5.954545454545454,45.27272727272727,46.27272727272727,51.27272727272727,48.77272727272727,46.27272727272727,0.4031526278409091,565,212
2025,00-0030035,Adam Thielen,WR,14,30.1,-52.35,-0.6865135468750001,5.889285714285714,44.5,45.5,50.5,48.0,45.5,0.4045508934151786,566,213
2025,00-0040729,Jack Bech,WR,14,32.4,-51.75,-0.6873487187499998,6.010714285714286,43.57142857142857,44.57142857142857,49.57142857142857,47.07142857142857,44.57142857142857,0.4036087120535714,567,214
2025,00-0037120,Tyler Goodson,RB,10,4.2,-53.150000000000006,-0.6913106796875003,5.735,35.3,36.3,41.3,38.8,36.3,0.3815575,568,137
2025,00-0039451,Isaiah Williams,WR,15,35.7,-52.7,-0.7023033749999998,5.8933333333333335,43.86666666666667,44.86666666666667,49.86666666666667,47.36666666666667,44.86666666666667,0.4031628880208333,569,215
2025,00-0032211,Tyler Lockett,WR,17,51.1,-51.300000000000004,-0.7039946640625,6.023529411764706,44.0,45.0,50.0,47.5,45.0,0.4029148524816176,570,216
2025,00-0037091,Bo Melton,WR,13,22.200000000000003,-53.75,-0.7058972421874998,5.842307692307693,43.69230769230769,44.69230769230769,49.69230769230769,47.19230769230769,44.69230769230769,0.4042972728365385,571,217
2025,00-0037617,Hassan Haskins,RB,11,8.0,-53.540000000000006,-0.7148041171875,5.594545454545455,34.90909090909091,35.90909090909091,40.90909090909091,38.40909090909091,35.90909090909091,0.37426854048295455,572,138
2025,00-0038488,Brady Russell,RB,10,0.0,-56.35,-0.7169791796875,5.635,34.5,35.5,40.5,38.0,35.5,0.38054290625,573,139
2025,00-0035021,Ashton Dulin,WR,12,17.5,-54.2,-0.73428009375,5.9750000000000005,45.0,46.0,51.0,48.5,46.0,0.40208421809895833,574,218
2025,00-0036187,Reggie Gilliam,RB,11,3.8,-57.49,-0.741822140625,5.571818181818182,34.0,35.0,40.0,37.5,35.0,0.37709755610795453,575,140
2025,00-0039530,Brevyn Spann-Ford,TE,16,28.5,-56.55,-0.7445590468750002,5.315625,29.0625,30.0625,35.0625,32.5625,30.0625,0.3890949946289063,576,137
2025,00-0038359,Xavier Smith,WR,16,39.300000000000004,-57.900000000000006,-0.7525426640625001,6.075,44.0,45.0,50.0,47.5,45.0,0.4029693701171875,577,219
2025,00-0036620,Dee Eskridge,WR,11,8.2,-58.150000000000006,-0.7667422421875001,6.031818181818182,46.09090909090909,47.09090909090909,52.09090909090909,49.59090909090909,47.09090909090909,0.4039246818181818,578,220
2025,00-0040534,Ke'Shawn Williams,WR,11,2.0,-61.6,-0.7883275390625,5.781818181818182,43.72727272727273,44.72727272727273,49.72727272727273,47.22727272727273,44.72727272727273,0.4066688799715909,579,221
2025,00-0039746,Will Shipley,RB,14,15.0,-61.440000000000005,-0.7902651328125001,5.46,35.214285714285715,36.214285714285715,41.214285714285715,38.714285714285715,36.214285714285715,0.3758048203125,580,141
2025,00-0033854,Dare Ogunbowale,RB,14,19.1,-59.940000000000005,-0.7953784765625003,5.645714285714286,34.285714285714285,35.285714285714285,40.285714285714285,37.785714285714285,35.285714285714285,0.37997049832589286,581,142
2025,00-0038896,Jacob Saylors,RB,11,1.1,-61.34,-0.8036145625000002,5.676363636363637,34.63636363636363,35.63636363636363,40.63636363636363,38.13636363636363,35.63636363636363,0.378441921875,582,143
2025,00-0040164,Jaylin Lane,WR,15,31.200000000000003,-59.400000000000006,-0.8086144999999998,6.040000000000001,44.86666666666667,45.86666666666667,50.86666666666667,48.36666666666667,45.86666666666667,0.40225370624999995,583,222
2025,00-0040259,Gage Larvadain,WR,13,10.9,-63.85,-0.811821234375,5.75,44.15384615384615,45.15384615384615,50.15384615384615,47.65384615384615,45.15384615384615,0.40680854867788463,584,223
2025,00-0040208,Tahj Brooks,RB,12,5.9,-63.900000000000006,-0.8200232812499999,5.816666666666666,34.166666666666664,35.166666666666664,40.166666666666664,37.666666666666664,35.166666666666664,0.37884223502604164,585,144
2025,00-0037085,Tyler Badie,RB,16,25.900000000000002,-64.09,-0.8296342031249999,5.624375000000001,35.0,36.0,41.0,38.5,36.0,0.3762175717773437,586,145
2025,00-0033572,Jamal Agnew,WR,11,0.0,-63.00000000000001,-0.8338624140625,5.7272727272727275,44.36363636363637,45.36363636363637,50.36363636363637,47.86363636363637,45.36363636363637,0.4020437926136363,587,224
2025,00-0038573,Derius Davis,WR,11,2.5,-62.300000000000004,-0.8435589843749999,5.8909090909090915,44.81818181818182,45.81818181818182,50.81818181818182,48.31818181818182,45.81818181818182,0.40207145383522724,588,225
2025,00-0035602,Alex Bachman,WR,11,2.2,-63.550000000000004,-0.8458080234375001,5.9772727272727275,43.72727272727273,44.72727272727273,49.72727272727273,47.22727272727273,44.72727272727273,0.40368538991477276,589,226
2025,00-0036182,Nick Westbrook-Ikhine,WR,13,14.4,-63.10000000000001,-0.8525325234374999,5.961538461538462,44.46153846153846,45.46153846153846,50.46153846153846,47.96153846153846,45.46153846153846,0.4002568221153846,590,227
2025,00-0039751,Jordan Whittington,WR,15,27.3,-63.45,-0.8549114765625,6.05,43.93333333333333,44.93333333333333,49.93333333333333,47.43333333333333,44.93333333333333,0.4019568140625,591,228
2025,00-0035645,Gunner Olszewski,WR,16,30.82,-65.58,-0.8683595703124999,6.025,44.375,45.375,50.375,47.875,45.375,0.40253117138671873,592,229
2025,00-0039816,Anthony Gould,WR,11,1.6,-64.05000000000001,-0.878535484375,5.968181818181819,45.18181818181818,46.18181818181818,51.18181818181818,48.68181818181818,46.18181818181818,0.3970671732954545,593,230
2025,00-0040582,Arian Smith,WR,13,10.0,-67.5,-0.8869567109374998,5.961538461538462,45.15384615384615,46.15384615384615,51.15384615384615,48.65384615384615,46.15384615384615,0.4049699759615385,594,231
2025,00-0039796,Rasheen Ali,RB,15,19.7,-65.69000000000001,-0.88948240625,5.692666666666667,34.93333333333333,35.93333333333333,40.93333333333333,38.43333333333333,35.93333333333333,0.37594626718749996,595,146
2025,00-0038685,Chris Brooks,RB,17,26.200000000000003,-69.0,-0.8914185546874999,5.6000000000000005,34.88235294117647,35.88235294117647,40.88235294117647,38.38235294117647,35.88235294117647,0.37828473621323533,596,147
2025,00-0038840,Brycen Tremayne,WR,15,23.0,-68.4,-0.9055126796874999,6.093333333333334,44.666666666666664,45.666666666666664,50.666666666666664,48.166666666666664,45.666666666666664,0.40280085,597,232
2025,00-0040238,LeQuint Allen Jr.,RB,16,19.8,-69.84,-0.9164171015625001,5.6025,34.9375,35.9375,40.9375,38.4375,35.9375,0.3775322529296875,598,148
2025,00-0040154,Tai Felton,WR,12,4.0,-68.15,-0.9228194999999999,6.0125,43.5,44.5,49.5,47.0,44.5,0.4019032421875,599,233
2025,00-0036862,Ben Skowronek,WR,16,14.9,-80.2,-1.0299069609374998,5.9437500000000005,44.1875,45.1875,50.1875,47.6875,45.1875,0.4023544008789062,600,234
2025,00-0038519,Nikko Remigio,WR,14,3.7,-81.85000000000001,-1.0836881250000001,6.110714285714287,45.0,46.0,51.0,48.5,46.0,0.4017151305803571,601,235
2025,00-0040644,Trevor Etienne,RB,17,12.200000000000001,-83.79,-1.08808946875,5.646470588235295,34.35294117647059,35.35294117647059,40.35294117647059,37.85294117647059,35.35294117647059,0.3766967922794118,602,149
2025,00-0040075,LaJohntay Wester,WR,14,0.0,-83.5,-1.0977701718750001,5.964285714285714,44.5,45.5,50.5,48.0,45.5,0.4058195485491071,603,236
2025,00-0037594,Julius Chestnut,RB,16,4.0,-85.89,-1.1117590625,5.618125,34.6875,35.6875,40.6875,38.1875,35.6875,0.3791877724609375,604,150
2025,00-0038576,Charlie Jones,WR,14,0.0,-83.60000000000001,-1.1124108203124998,5.971428571428572,45.214285714285715,46.214285714285715,51.214285714285715,48.714285714285715,46.214285714285715,0.40130616350446424,605,237
2025,00-0039589,Kameron Johnson,WR,17,15.7,-85.4,-1.1380217578125,5.947058823529412,44.35294117647059,45.35294117647059,50.35294117647059,47.85294117647059,45.35294117647059,0.40280909512867646,606,238
2025,00-0039407,Dylan Laube,RB,17,4.2,-90.84,-1.1836970703125,5.590588235294118,34.88235294117647,35.88235294117647,40.88235294117647,38.38235294117647,35.88235294117647,0.37816937408088236,607,151
2025,00-0038090,Skyy Moore,WR,17,12.3,-90.2,-1.2048293124999998,6.029411764705882,44.470588235294116,45.470588235294116,50.470588235294116,47.970588235294116,45.470588235294116,0.4033010919117647,608,239
2025,00-0040506,Myles Price,WR,16,0.0,-95.9,-1.2645063671874999,5.99375,44.875,45.875,50.875,48.375,45.875,0.4027580786132812,609,240
2025,00-0036331,Devin Duvernay,WR,17,3.6000000000000005,-97.25,-1.2806967656250001,5.932352941176471,44.1764705882353,45.1764705882353,50.1764705882353,47.6764705882353,45.1764705882353,0.4029643864889706,610,241
