season,player_id,player_name,position,games,fantasy_points,porp,worp,avg_replacement_points,avg_starter_cutoff_rank,avg_replacement_pool_start,avg_replacement_pool_end,avg_replacement_effective_rank,avg_replacement_rank,avg_replacement_win_prob,overall_rank,pos_rank,format
2025,00-0033280,Christian McCaffrey,RB,17,365.6,250.10000000000002,4.3518131562499995,6.794117647058823,30.11764705882353,31.11764705882353,36.11764705882353,33.61764705882353,31.11764705882353,0.34511194898897063,1,1,A_1QB_Start8
2025,00-0038542,Bijan Robinson,RB,17,331.3,216.75,3.7890711484375,6.738235294117648,30.529411764705884,31.529411764705884,36.529411764705884,34.029411764705884,31.529411764705884,0.3475281070772059,2,2,A_1QB_Start8
2025,00-0036223,Jonathan Taylor,RB,17,339.3,223.70000000000002,3.7454159687499997,6.800000000000001,30.11764705882353,31.11764705882353,36.11764705882353,33.61764705882353,31.11764705882353,0.3455901613051471,3,3,A_1QB_Start8
2025,00-0039075,Puka Nacua,WR,16,310.5,198.75,3.5132250859374996,6.984375,37.9375,38.9375,43.9375,41.4375,38.9375,0.3749996640625,4,1,A_1QB_Start8
2025,00-0039139,Jahmyr Gibbs,RB,17,328.40000000000003,212.45000000000002,3.4374657578125,6.820588235294117,30.41176470588235,31.41176470588235,36.411764705882355,33.911764705882355,31.41176470588235,0.34804924678308824,5,4,A_1QB_Start8
2025,00-0039040,De'Von Achane,RB,16,289.3,179.45,3.1790005546875,6.8656250000000005,30.5,31.5,36.5,34.0,31.5,0.34511466650390626,6,5,A_1QB_Start8
2025,00-0038543,Jaxon Smith-Njigba,WR,17,300.4,182.2,3.120915578125,6.952941176470588,37.94117647058823,38.94117647058823,43.94117647058823,41.44117647058823,38.94117647058823,0.37536594944852947,7,2,A_1QB_Start8
2025,00-0037248,James Cook,RB,17,285.70000000000005,170.4,3.0750104765624995,6.782352941176471,30.58823529411765,31.58823529411765,36.588235294117645,34.088235294117645,31.58823529411765,0.34531725229779414,8,6,A_1QB_Start8
2025,00-0032764,Derrick Henry,RB,17,272.0,156.7,2.7571572734374996,6.782352941176471,30.58823529411765,31.58823529411765,36.588235294117645,34.088235294117645,31.58823529411765,0.34531725229779414,9,7,A_1QB_Start8
2025,00-0036963,Amon-Ra St. Brown,WR,17,265.5,147.3,2.4967078984375,6.952941176470588,37.94117647058823,38.94117647058823,43.94117647058823,41.44117647058823,38.94117647058823,0.37536594944852947,10,3,A_1QB_Start8
2025,00-0037744,Trey McBride,TE,17,252.9,143.70000000000002,2.4291027109375,6.423529411764706,15.647058823529411,16.647058823529413,21.647058823529413,19.147058823529413,16.647058823529413,0.39384457536764705,11,1,A_1QB_Start8
2025,00-0036900,Ja'Marr Chase,WR,16,251.10000000000002,138.35,2.3944817265625,7.046875,38.1875,39.1875,44.1875,41.6875,39.1875,0.37702861621093753,12,4,A_1QB_Start8
2025,00-0037840,Kyren Williams,RB,17,245.3,129.35000000000002,2.3507128203125,6.820588235294117,30.41176470588235,31.41176470588235,36.411764705882355,33.911764705882355,31.41176470588235,0.34804924678308824,13,8,A_1QB_Start8
2025,00-0038597,Chase Brown,RB,17,248.10000000000002,132.0,2.3367186328125,6.829411764705883,30.11764705882353,31.11764705882353,36.11764705882353,33.61764705882353,31.11764705882353,0.34699183593750005,14,9,A_1QB_Start8
2025,00-0036997,Javonte Williams,RB,16,225.3,115.35,2.18661209375,6.871875,30.1875,31.1875,36.1875,33.6875,31.1875,0.34703090576171874,15,10,A_1QB_Start8
2025,00-0037247,George Pickens,WR,17,245.4,127.05,2.147332609375,6.961764705882353,38.294117647058826,39.294117647058826,44.294117647058826,41.794117647058826,39.294117647058826,0.3770395390625,16,5,A_1QB_Start8
2025,00-0036973,Travis Etienne,RB,17,235.9,119.95,2.1215348515625,6.820588235294117,30.41176470588235,31.41176470588235,36.411764705882355,33.911764705882355,31.41176470588235,0.34804924678308824,17,11,A_1QB_Start8
2025,00-0035700,Josh Jacobs,RB,15,219.10000000000002,116.45,2.0789141874999997,6.843333333333334,30.733333333333334,31.733333333333334,36.733333333333334,34.233333333333334,31.733333333333334,0.3467548536458333,18,12,A_1QB_Start8
2025,00-0034844,Saquon Barkley,RB,16,213.8,104.95,1.918181625,6.8031250000000005,30.6875,31.6875,36.6875,34.1875,31.6875,0.34439326806640624,19,13,A_1QB_Start8
2025,00-0034857,Josh Allen,QB,16,384.62,104.45,1.8771407343749997,17.510625,12.0,13.0,18.0,15.5,13.0,0.370874759765625,20,1,A_1QB_Start8
2025,00-0036275,D'Andre Swift,RB,16,211.6,103.8,1.8126889062499998,6.737500000000001,30.8125,31.8125,36.8125,34.3125,31.8125,0.34600919677734376,21,14,A_1QB_Start8
2025,00-0040122,Ashton Jeanty,RB,17,217.6,101.64999999999999,1.8055480937499997,6.820588235294117,30.41176470588235,31.41176470588235,36.411764705882355,33.911764705882355,31.41176470588235,0.34804924678308824,22,15,A_1QB_Start8
2025,00-0037239,Chris Olave,WR,16,220.0,107.5,1.7751401171874999,7.03125,38.25,39.25,44.25,41.75,39.25,0.37428848486328126,23,6,A_1QB_Start8
2025,00-0031381,Davante Adams,WR,14,192.9,94.25,1.704076828125,7.046428571428572,38.07142857142857,39.07142857142857,44.07142857142857,41.57142857142857,39.07142857142857,0.374136703125,24,7,A_1QB_Start8
2025,00-0037228,Jaylen Warren,RB,16,197.1,90.4,1.6290721406249995,6.66875,30.1875,31.1875,36.1875,33.6875,31.1875,0.3477476176757813,25,16,A_1QB_Start8
2025,00-0038120,Breece Hall,RB,16,189.66,80.81,1.5335986562500001,6.8031250000000005,30.6875,31.6875,36.6875,34.1875,31.6875,0.34439326806640624,26,17,A_1QB_Start8
2025,00-0039064,Zay Flowers,WR,17,200.3,81.75,1.5290494921874997,6.973529411764707,38.1764705882353,39.1764705882353,44.1764705882353,41.6764705882353,39.1764705882353,0.37621652068014705,27,8,A_1QB_Start8
2025,00-0036554,Nico Collins,WR,15,190.70000000000002,85.1,1.514225234375,7.040000000000001,38.13333333333333,39.13333333333333,44.13333333333333,41.63333333333333,39.13333333333333,0.374605878125,28,9,A_1QB_Start8
2025,00-0037238,Drake London,WR,12,167.9,84.55,1.4485116640625,6.945833333333334,37.916666666666664,38.916666666666664,43.916666666666664,41.416666666666664,38.916666666666664,0.3763417330729167,29,10,A_1QB_Start8
2025,00-0036358,CeeDee Lamb,WR,13,163.4,74.30000000000001,1.3818684062499997,6.853846153846154,38.53846153846154,39.53846153846154,44.53846153846154,42.03846153846154,39.53846153846154,0.37724278966346153,30,11,A_1QB_Start8
2025,00-0036139,Rico Dowdle,RB,17,196.8,81.3,1.3751048984374998,6.794117647058823,30.11764705882353,31.11764705882353,36.11764705882353,33.61764705882353,31.11764705882353,0.34511194898897063,31,18,A_1QB_Start8
2025,00-0036410,Tee Higgins,WR,15,182.1,78.8,1.3444521718749998,6.886666666666667,38.4,39.4,44.4,41.9,39.4,0.378404971875,32,12,A_1QB_Start8
2025,00-0035676,A.J. Brown,WR,15,181.3,76.25,1.3185913593749996,7.003333333333333,37.86666666666667,38.86666666666667,43.86666666666667,41.36666666666667,38.86666666666667,0.37451524010416665,33,13,A_1QB_Start8
2025,00-0037240,Jameson Williams,WR,17,187.4,69.2,1.2814732109375,6.952941176470588,37.94117647058823,38.94117647058823,43.94117647058823,41.44117647058823,38.94117647058823,0.37536594944852947,34,14,A_1QB_Start8
2025,00-0039067,Rashee Rice,WR,8,123.60000000000001,69.8,1.2653530546875,6.7250000000000005,38.5,39.5,44.5,42.0,39.5,0.3808462734375,35,15,A_1QB_Start8
2025,00-0040734,TreVeyon Henderson,RB,17,188.70000000000002,73.2,1.263007203125,6.794117647058823,30.11764705882353,31.11764705882353,36.11764705882353,33.61764705882353,31.11764705882353,0.34511194898897063,36,19,A_1QB_Start8
2025,00-0040730,RJ Harvey,RB,17,183.1,67.1,1.2516239921874996,6.823529411764706,30.41176470588235,31.41176470588235,36.411764705882355,33.911764705882355,31.41176470588235,0.3451883166360294,37,20,A_1QB_Start8
2025,00-0026498,Matthew Stafford,QB,17,366.38,70.38000000000001,1.2026481328124996,17.41176470588235,12.0,13.0,18.0,15.5,13.0,0.3709121534926471,38,2,A_1QB_Start8
2025,00-0036919,Kenny Gainwell,RB,17,184.8,70.25,1.2020531874999996,6.738235294117648,30.529411764705884,31.529411764705884,36.529411764705884,34.029411764705884,31.529411764705884,0.3475281070772059,39,21,A_1QB_Start8
2025,00-0034348,Courtland Sutton,WR,17,182.70000000000002,63.3,1.1987197734374997,7.023529411764706,38.05882352941177,39.05882352941177,44.05882352941177,41.55882352941177,39.05882352941177,0.3764525330882353,40,16,A_1QB_Start8
2025,00-0033873,Patrick Mahomes,QB,14,307.18,62.489999999999995,1.1881364687500002,17.477857142857143,12.0,13.0,18.0,15.5,13.0,0.3692735703125,41,3,A_1QB_Start8
2025,00-0039851,Drake Maye,QB,17,367.46000000000004,70.78000000000002,1.1858370624999997,17.451764705882354,12.0,13.0,18.0,15.5,13.0,0.37148973897058823,42,4,A_1QB_Start8
2025,00-0039338,Brock Bowers,TE,12,144.2,64.7,1.1728567109375003,6.625,14.333333333333334,15.333333333333334,20.333333333333332,17.833333333333332,15.333333333333334,0.3947544739583333,43,2,A_1QB_Start8
2025,00-0036875,Rhamondre Stevenson,RB,14,162.8,65.85,1.1591236171875,6.925,29.857142857142858,30.857142857142858,35.857142857142854,33.357142857142854,30.857142857142858,0.34371336104910716,44,22,A_1QB_Start8
2025,00-0039165,Zach Charbonnet,RB,16,171.4,62.15,1.1361820312500002,6.828125,30.4375,31.4375,36.4375,33.9375,31.4375,0.34786093896484377,45,23,A_1QB_Start8
2025,00-0040784,Quinshon Judkins,RB,14,156.8,61.449999999999996,1.1108892499999996,6.810714285714286,31.0,32.0,37.0,34.5,32.0,0.3469653409598214,46,24,A_1QB_Start8
2025,00-0036971,Trevor Lawrence,QB,17,362.18,66.18,1.10233678125,17.41176470588235,12.0,13.0,18.0,15.5,13.0,0.3709121534926471,47,5,A_1QB_Start8
2025,00-0038134,Kenneth Walker III,RB,17,176.4,60.449999999999996,1.0897862656250001,6.820588235294117,30.41176470588235,31.41176470588235,36.411764705882355,33.911764705882355,31.41176470588235,0.34804924678308824,48,25,A_1QB_Start8
2025,00-0038544,Quentin Johnston,WR,13,145.7,53.14999999999999,1.0748241015624997,7.119230769230769,37.84615384615385,38.84615384615385,43.84615384615385,41.34615384615385,38.84615384615385,0.3727019092548077,49,17,A_1QB_Start8
2025,00-0033288,George Kittle,TE,11,133.0,62.85,1.0723171015625002,6.377272727272728,15.272727272727273,16.272727272727273,21.272727272727273,18.772727272727273,16.272727272727273,0.3890717720170454,50,3,A_1QB_Start8
2025,00-0037664,Alec Pierce,WR,15,159.8,57.55,1.06748325,6.816666666666666,38.333333333333336,39.333333333333336,44.333333333333336,41.833333333333336,39.333333333333336,0.3742700442708333,51,18,A_1QB_Start8
2025,00-0039361,Bucky Irving,RB,10,123.5,52.25,1.0338323203124997,7.125,31.5,32.5,37.5,35.0,32.5,0.34684229921875,52,26,A_1QB_Start8
2025,00-0040124,Tetairoa McMillan,WR,17,178.4,59.35,1.030740234375,7.002941176470589,38.35294117647059,39.35294117647059,44.35294117647059,41.85294117647059,39.35294117647059,0.3771378616727941,53,19,A_1QB_Start8
2025,00-0040715,Cam Skattebo,RB,8,115.7,60.5,1.0089763203125,6.9,29.125,30.125,35.125,32.625,30.125,0.3375910517578125,54,27,A_1QB_Start8
2025,00-0040666,Omarion Hampton,RB,9,119.7,55.8,1.0036887890625001,7.1000000000000005,30.77777777777778,31.77777777777778,36.77777777777778,34.27777777777778,31.77777777777778,0.3412507994791667,55,28,A_1QB_Start8
2025,00-0038559,Michael Wilson,WR,17,181.6,63.4,0.9984823281250002,6.952941176470588,37.94117647058823,38.94117647058823,43.94117647058823,41.44117647058823,38.94117647058823,0.37536594944852947,56,20,A_1QB_Start8
2025,00-0038117,Wan'Dale Robinson,WR,16,171.9,58.699999999999996,0.9929350625,7.075,38.4375,39.4375,44.4375,41.9375,39.4375,0.37701203076171874,57,21,A_1QB_Start8
2025,00-0034351,Dallas Goedert,TE,15,155.1,58.55,0.9849334687500002,6.4366666666666665,15.4,16.4,21.4,18.9,16.4,0.39352818385416666,58,4,A_1QB_Start8
2025,00-0036970,Kyle Pitts,TE,17,166.8,58.10000000000001,0.9781315703125,6.394117647058824,15.411764705882353,16.41176470588235,21.41176470588235,18.91176470588235,16.41176470588235,0.3945442003676471,59,5,A_1QB_Start8
2025,00-0040129,Emeka Egbuka,WR,17,164.2,46.5,0.9622882187499998,6.923529411764706,38.05882352941177,39.05882352941177,44.05882352941177,41.55882352941177,39.05882352941177,0.37603329319852946,60,22,A_1QB_Start8
2025,00-0035640,DK Metcalf,WR,15,157.70000000000002,53.1,0.9343951249999998,6.973333333333334,38.06666666666667,39.06666666666667,44.06666666666667,41.56666666666667,39.06666666666667,0.3744621984375,61,23,A_1QB_Start8
2025,00-0035261,Tony Pollard,RB,17,169.3,53.199999999999996,0.9102923437500001,6.829411764705883,30.11764705882353,31.11764705882353,36.11764705882353,33.61764705882353,31.11764705882353,0.34699183593750005,62,29,A_1QB_Start8
2025,00-0036613,Jaylen Waddle,WR,16,162.12,48.56999999999999,0.9083750468749995,7.096875000000001,38.125,39.125,44.125,41.625,39.125,0.376283869140625,63,24,A_1QB_Start8
2025,00-0036252,Michael Pittman,WR,17,162.4,44.05,0.8666014140625002,6.961764705882353,38.1764705882353,39.1764705882353,44.1764705882353,41.6764705882353,39.1764705882353,0.37457452435661764,64,25,A_1QB_Start8
2025,00-0030506,Travis Kelce,TE,17,155.20000000000002,46.3,0.8580978671875,6.405882352941177,15.588235294117647,16.58823529411765,21.58823529411765,19.08823529411765,16.58823529411765,0.39235954779411764,65,6,A_1QB_Start8
2025,00-0038124,Christian Watson,WR,10,114.9,47.2,0.8487888281249998,6.7700000000000005,38.1,39.1,44.1,41.6,39.1,0.37969350156250004,66,26,A_1QB_Start8
2025,00-0036158,J.K. Dobbins,RB,10,110.4,42.800000000000004,0.8437944921875,6.760000000000001,29.3,30.3,35.3,32.8,30.3,0.34021875546875,67,30,A_1QB_Start8
2025,00-0031588,Stefon Diggs,WR,17,167.8,48.75000000000001,0.8408314453125001,7.002941176470589,38.35294117647059,39.35294117647059,44.35294117647059,41.85294117647059,39.35294117647059,0.3771378616727941,68,27,A_1QB_Start8
2025,00-0038996,Tucker Kraft,TE,8,101.2,48.550000000000004,0.8361767109375,6.58125,16.125,17.125,22.125,19.625,17.125,0.398070158203125,69,7,A_1QB_Start8
2025,00-0040663,Harold Fannin Jr.,TE,16,150.4,47.2,0.8313628671875001,6.45,15.1875,16.1875,21.1875,18.6875,16.1875,0.39405589306640626,70,8,A_1QB_Start8
2025,00-0035719,Deebo Samuel Sr.,WR,16,152.20000000000002,39.25,0.8114625937500002,7.059375,38.0625,39.0625,44.0625,41.5625,39.0625,0.37615415917968753,71,28,A_1QB_Start8
2025,00-0039919,Rome Odunze,WR,12,124.10000000000001,40.3,0.8028536406249998,6.983333333333333,38.333333333333336,39.333333333333336,44.333333333333336,41.833333333333336,39.333333333333336,0.3735452141927083,72,29,A_1QB_Start8
2025,00-0036322,Justin Jefferson,WR,17,159.5,41.25,0.8007897812499996,6.955882352941177,38.294117647058826,39.294117647058826,44.294117647058826,41.794117647058826,39.294117647058826,0.37611326792279415,73,30,A_1QB_Start8
2025,00-0035685,David Montgomery,RB,17,154.92000000000002,38.970000000000006,0.7745779140625,6.820588235294117,30.41176470588235,31.41176470588235,36.411764705882355,33.911764705882355,31.41176470588235,0.34804924678308824,74,31,A_1QB_Start8
2025,00-0036912,DeVonta Smith,WR,17,163.3,45.6,0.7468174374999995,6.923529411764706,38.05882352941177,39.05882352941177,44.05882352941177,41.55882352941177,39.05882352941177,0.37603329319852946,75,31,A_1QB_Start8
2025,00-0040128,Tyler Warren,TE,17,150.5,41.0,0.7459485546875,6.4411764705882355,15.705882352941176,16.705882352941178,21.705882352941178,19.205882352941178,16.705882352941178,0.3922490652573529,76,9,A_1QB_Start8
2025,00-0039918,Caleb Williams,QB,17,331.68,37.62000000000002,0.7294371093750001,17.29764705882353,12.0,13.0,18.0,15.5,13.0,0.370722265625,77,6,A_1QB_Start8
2025,00-0036259,Jauan Jennings,WR,15,145.8,41.4,0.7277374374999999,6.96,38.13333333333333,39.13333333333333,44.13333333333333,41.63333333333333,39.13333333333333,0.3769187385416667,78,32,A_1QB_Start8
2025,00-0033077,Dak Prescott,QB,17,333.78,38.09999999999998,0.7275557109374999,17.39294117647059,12.0,13.0,18.0,15.5,13.0,0.36929113235294114,79,7,A_1QB_Start8
2025,00-0037834,Brock Purdy,QB,9,197.38,43.31999999999999,0.7041917890624999,17.11777777777778,12.0,13.0,18.0,15.5,13.0,0.3680326232638889,80,8,A_1QB_Start8
2025,00-0039384,Tyrone Tracy Jr.,RB,15,142.8,42.35,0.6985713906249998,6.696666666666667,29.933333333333334,30.933333333333334,35.93333333333333,33.43333333333333,30.933333333333334,0.34682502239583335,81,32,A_1QB_Start8
2025,00-0033090,Hunter Henry,TE,17,148.8,38.95,0.6952900234375001,6.461764705882353,15.529411764705882,16.529411764705884,21.529411764705884,19.029411764705884,16.529411764705884,0.39296118658088236,82,10,A_1QB_Start8
2025,00-0036389,Jalen Hurts,QB,16,313.06,36.519999999999996,0.6748499218749998,17.28375,12.0,13.0,18.0,15.5,13.0,0.36982183984375,83,9,A_1QB_Start8
2025,00-0037740,Garrett Wilson,WR,7,81.5,29.85,0.6716950156249997,7.378571428571428,38.142857142857146,39.142857142857146,44.142857142857146,41.642857142857146,39.142857142857146,0.3695471261160715,84,33,A_1QB_Start8
2025,00-0038041,Jake Ferguson,TE,17,147.1,38.199999999999996,0.6685547343749997,6.405882352941177,15.588235294117647,16.58823529411765,21.58823529411765,19.08823529411765,16.58823529411765,0.39235954779411764,85,11,A_1QB_Start8
2025,00-0039915,Ladd McConkey,WR,16,147.9,34.35,0.6471088515624994,7.096875000000001,38.125,39.125,44.125,41.625,39.125,0.376283869140625,86,34,A_1QB_Start8
2025,00-0036355,Justin Herbert,QB,16,312.88,31.270000000000007,0.5996143203124997,17.600625,12.0,13.0,18.0,15.5,13.0,0.3693304365234375,87,10,A_1QB_Start8
2025,00-0036040,Juwan Johnson,TE,17,141.4,31.900000000000006,0.5908145156249998,6.4411764705882355,15.705882352941176,16.705882352941178,21.705882352941178,19.205882352941178,16.705882352941178,0.3922490652573529,88,12,A_1QB_Start8
2025,00-0040126,Colston Loveland,TE,16,136.1,34.8,0.5810234453125002,6.33125,15.5,16.5,21.5,19.0,16.5,0.39351148681640624,89,13,A_1QB_Start8
2025,00-0038933,Dalton Kincaid,TE,12,106.60000000000001,27.300000000000004,0.5802063828124999,6.608333333333333,15.0,16.0,21.0,18.5,16.0,0.38664464518229164,90,14,A_1QB_Start8
2025,00-0034960,Jakobi Meyers,WR,16,138.3,26.550000000000004,0.5669546640624996,6.984375,37.9375,38.9375,43.9375,41.4375,38.9375,0.3749996640625,91,35,A_1QB_Start8
2025,00-0034827,DJ Moore,WR,17,147.18,30.43,0.5450887734374995,6.867647058823529,38.05882352941177,39.05882352941177,44.05882352941177,41.55882352941177,39.05882352941177,0.37577427251838236,92,36,A_1QB_Start8
2025,00-0038606,Parker Washington,WR,16,143.70000000000002,31.450000000000003,0.53055321875,7.015625,38.125,39.125,44.125,41.625,39.125,0.3759785888671875,93,37,A_1QB_Start8
2025,00-0039065,Sam LaPorta,TE,9,86.9,27.1,0.5211928515624998,6.644444444444445,16.333333333333332,17.333333333333332,22.333333333333332,19.833333333333332,17.333333333333332,0.39689371180555555,94,15,A_1QB_Start8
2025,00-0037816,Romeo Doubs,WR,16,137.9,26.999999999999996,0.5103988046874997,6.93125,38.125,39.125,44.125,41.625,39.125,0.37556321728515624,95,38,A_1QB_Start8
2025,00-0039391,Kimani Vidal,RB,13,109.9,21.400000000000006,0.48679488281249994,6.8076923076923075,30.76923076923077,31.76923076923077,36.76923076923077,34.26923076923077,31.76923076923077,0.3489452872596154,96,33,A_1QB_Start8
2025,00-0039849,Marvin Harrison Jr.,WR,12,107.30000000000001,20.600000000000005,0.48403885156249965,7.2250000000000005,37.916666666666664,38.916666666666664,43.916666666666664,41.416666666666664,38.916666666666664,0.3711168717447917,97,39,A_1QB_Start8
2025,00-0035659,Terry McLaurin,WR,10,95.2,25.700000000000003,0.4770715156249996,6.95,38.5,39.5,44.5,42.0,39.5,0.37210514453125004,98,40,A_1QB_Start8
2025,00-0030279,Keenan Allen,WR,17,142.2,22.799999999999997,0.47012104687499984,7.023529411764706,38.05882352941177,39.05882352941177,44.05882352941177,41.55882352941177,39.05882352941177,0.3764525330882353,99,41,A_1QB_Start8
2025,00-0033293,Aaron Jones,RB,12,104.7,24.049999999999997,0.45018182812499963,6.720833333333334,31.0,32.0,37.0,34.5,32.0,0.34615291861979164,100,34,A_1QB_Start8
2025,00-0040583,Woody Marks,RB,16,133.1,25.799999999999997,0.44809672656249994,6.706250000000001,30.4375,31.4375,36.4375,33.9375,31.4375,0.3456321142578125,101,35,A_1QB_Start8
2025,00-0039732,Bo Nix,QB,17,326.84000000000003,28.740000000000006,0.43934464062499995,17.53529411764706,12.0,13.0,18.0,15.5,13.0,0.3704231259191177,102,11,A_1QB_Start8
2025,00-0040236,Kyle Monangai,RB,17,137.70000000000002,23.15,0.4382801328124997,6.738235294117648,30.529411764705884,31.529411764705884,36.529411764705884,34.029411764705884,31.529411764705884,0.3475281070772059,103,36,A_1QB_Start8
2025,00-0040242,Jacory Croskey-Merritt,RB,17,135.8,19.799999999999997,0.4313576015624996,6.823529411764706,30.41176470588235,31.41176470588235,36.411764705882355,33.911764705882355,31.41176470588235,0.3451883166360294,104,37,A_1QB_Start8
2025,00-0039868,Troy Franklin,WR,17,144.6,25.2,0.4271920078124998,7.023529411764706,38.05882352941177,39.05882352941177,44.05882352941177,41.55882352941177,39.05882352941177,0.3764525330882353,105,42,A_1QB_Start8
2025,00-0034383,Dalton Schultz,TE,17,136.70000000000002,26.450000000000003,0.42695064062500004,6.485294117647059,15.117647058823529,16.11764705882353,21.11764705882353,18.61764705882353,16.11764705882353,0.39145007812500004,106,16,A_1QB_Start8
2025,00-0033923,Kareem Hunt,RB,17,136.4,20.299999999999997,0.42350725781249965,6.829411764705883,30.11764705882353,31.11764705882353,36.11764705882353,33.61764705882353,31.11764705882353,0.34699183593750005,107,38,A_1QB_Start8
2025,00-0031610,Darren Waller,TE,9,76.7,19.249999999999996,0.36567627343750014,6.383333333333334,16.333333333333332,17.333333333333332,22.333333333333332,19.833333333333332,17.333333333333332,0.38583412760416663,108,17,A_1QB_Start8
2025,00-0033106,Jared Goff,QB,17,313.06,17.060000000000002,0.36299360937499986,17.41176470588235,12.0,13.0,18.0,15.5,13.0,0.3709121534926471,109,12,A_1QB_Start8
2025,00-0039337,Malik Nabers,WR,4,48.1,18.1,0.3619092890625,7.5,38.75,39.75,44.75,42.25,39.75,0.361967033203125,110,43,A_1QB_Start8
2025,00-0036555,Chuba Hubbard,RB,15,110.4,8.850000000000001,0.34585652343749973,6.7700000000000005,30.6,31.6,36.6,34.1,31.6,0.3461193130208333,111,39,A_1QB_Start8
2025,00-0030061,Zach Ertz,TE,13,101.4,16.2,0.34016078124999993,6.553846153846154,15.384615384615385,16.384615384615383,21.384615384615383,18.884615384615383,16.384615384615383,0.3942599651442308,112,18,A_1QB_Start8
2025,00-0037261,Khalil Shakir,WR,16,130.4,17.699999999999996,0.33664419531249956,7.04375,38.25,39.25,44.25,41.75,39.25,0.37603310595703127,113,44,A_1QB_Start8
2025,00-0035710,Daniel Jones,QB,13,242.44,13.580000000000004,0.32664745312499965,17.604615384615386,12.0,13.0,18.0,15.5,13.0,0.3689551231971154,114,13,A_1QB_Start8
2025,00-0038935,Brenton Strange,TE,12,95.0,16.25,0.3206328125000001,6.5625,15.0,16.0,21.0,18.5,16.0,0.39343693424479165,115,19,A_1QB_Start8
2025,00-0038994,Jordan Addison,WR,14,114.10000000000001,18.0,0.30031093749999993,6.864285714285715,37.857142857142854,38.857142857142854,43.857142857142854,41.357142857142854,38.857142857142854,0.37935920982142857,116,45,A_1QB_Start8
2025,00-0037525,Jordan Mason,RB,16,121.9,13.249999999999991,0.27524637500000015,6.790625,30.75,31.75,36.75,34.25,31.75,0.34711410107421875,117,40,A_1QB_Start8
2025,00-0038563,Tre Tucker,WR,17,133.2,15.0,0.26177425781250013,6.952941176470588,37.94117647058823,38.94117647058823,43.94117647058823,41.44117647058823,38.94117647058823,0.37536594944852947,118,46,A_1QB_Start8
2025,00-0033906,Alvin Kamara,RB,11,84.2,10.849999999999996,0.259144234375,6.668181818181819,29.272727272727273,30.272727272727273,35.27272727272727,32.77272727272727,30.272727272727273,0.34204325923295453,119,41,A_1QB_Start8
2025,00-0036244,Colby Parkinson,TE,14,108.30000000000001,18.1,0.25913235156250003,6.442857142857143,15.571428571428571,16.571428571428573,21.571428571428573,19.071428571428573,16.571428571428573,0.3913603236607143,120,20,A_1QB_Start8
2025,00-0034796,Lamar Jackson,QB,13,228.85999999999999,3.4899999999999913,0.2521631406249998,17.336153846153845,12.0,13.0,18.0,15.5,13.0,0.37068635576923076,121,14,A_1QB_Start8
2025,00-0039893,Brian Thomas Jr.,WR,14,114.8,15.5,0.2510838828124997,7.0928571428571425,37.92857142857143,38.92857142857143,43.92857142857143,41.42857142857143,38.92857142857143,0.3734022271205357,122,47,A_1QB_Start8
2025,00-0031408,Mike Evans,WR,8,69.80000000000001,14.200000000000003,0.2478677890624999,6.95,38.875,39.875,44.875,42.375,39.875,0.37552243457031254,123,48,A_1QB_Start8
2025,00-0033040,Tyreek Hill,WR,4,43.0,13.0,0.23954846093749982,7.5,38.75,39.75,44.75,42.25,39.75,0.361967033203125,124,49,A_1QB_Start8
2025,00-0037112,Jake Tonges,TE,10,76.3,11.05,0.22211301562499997,6.525,15.2,16.2,21.2,18.7,16.2,0.39838344375,125,21,A_1QB_Start8
2025,00-0039793,AJ Barner,TE,17,121.30000000000001,12.099999999999998,0.20646583593750023,6.423529411764706,15.647058823529411,16.647058823529413,21.647058823529413,19.147058823529413,16.647058823529413,0.39384457536764705,126,22,A_1QB_Start8
2025,00-0038611,Chris Rodriguez Jr.,RB,12,90.5,9.45,0.19915027343749986,6.754166666666667,31.166666666666668,32.166666666666664,37.166666666666664,34.666666666666664,32.166666666666664,0.34694111653645837,127,42,A_1QB_Start8
2025,00-0038608,Kayshon Boutte,WR,14,107.60000000000001,8.149999999999995,0.19381521874999996,7.103571428571429,38.5,39.5,44.5,42.0,39.5,0.37449210658482146,128,50,A_1QB_Start8
2025,00-0033553,James Conner,RB,3,29.3,8.15,0.18794514062499995,7.050000000000001,29.666666666666668,30.666666666666668,35.666666666666664,33.166666666666664,30.666666666666668,0.3372833880208333,129,43,A_1QB_Start8
2025,00-0039916,Ricky Pearsall,WR,9,70.60000000000001,7.0,0.16822122656250008,7.066666666666666,38.55555555555556,39.55555555555556,44.55555555555556,42.05555555555556,39.55555555555556,0.37332210850694447,130,51,A_1QB_Start8
2025,00-0039373,Audric Estimé,RB,5,42.1,8.249999999999998,0.16366047656249977,6.7700000000000005,30.8,31.8,36.8,34.3,31.8,0.34824919062500004,131,44,A_1QB_Start8
2025,00-0037256,Rachaad White,RB,17,123.0,8.000000000000002,0.16209657812499972,6.764705882352941,30.58823529411765,31.58823529411765,36.588235294117645,34.088235294117645,31.58823529411765,0.3445093534007353,132,45,A_1QB_Start8
2025,00-0040691,Jaxson Dart,QB,14,251.58,2.7500000000000053,0.13749215624999975,17.77357142857143,12.0,13.0,18.0,15.5,13.0,0.3768744737723214,133,15,A_1QB_Start8
2025,00-0040189,Oronde Gadsden II,TE,15,106.9,11.000000000000002,0.13537573437500006,6.3933333333333335,15.733333333333333,16.733333333333334,21.733333333333334,19.233333333333334,16.733333333333334,0.3874243958333333,134,23,A_1QB_Start8
2025,00-0035662,Marquise Brown,WR,16,113.2,2.3,0.11818846093749996,6.93125,38.1875,39.1875,44.1875,41.6875,39.1875,0.3758076948242188,135,52,A_1QB_Start8
2025,00-0033119,Jacoby Brissett,QB,14,243.44,0.5399999999999956,0.11724977343749976,17.35,12.0,13.0,18.0,15.5,13.0,0.3739106735491072,136,16,A_1QB_Start8
2025,00-0039146,Jayden Reed,WR,5,39.0,4.399999999999999,0.11282544531249988,6.92,37.8,38.8,43.8,41.3,38.8,0.377159003125,137,53,A_1QB_Start8
2025,00-0034855,Baker Mayfield,QB,17,293.92,0.8900000000000041,0.10211339843749989,17.237058823529413,12.0,13.0,18.0,15.5,13.0,0.37088562316176477,138,17,A_1QB_Start8
2025,00-0039847,Theo Johnson,TE,15,105.3,7.399999999999995,0.09980622656249982,6.526666666666667,15.266666666666667,16.266666666666666,21.266666666666666,18.766666666666666,16.266666666666666,0.39208569427083334,139,24,A_1QB_Start8
2025,00-0039738,Blake Corum,RB,17,118.2,2.2500000000000036,0.09659584374999991,6.820588235294117,30.41176470588235,31.41176470588235,36.411764705882355,33.911764705882355,31.41176470588235,0.34804924678308824,140,46,A_1QB_Start8
2025,00-0037263,Tyler Allgeier,RB,17,116.0,1.4499999999999984,0.09319306249999984,6.738235294117648,30.529411764705884,31.529411764705884,36.529411764705884,34.029411764705884,31.529411764705884,0.3475281070772059,141,47,A_1QB_Start8
2025,00-0039901,Keon Coleman,WR,12,83.4,-1.7499999999999978,0.08405341406249955,7.095833333333334,38.0,39.0,44.0,41.5,39.0,0.3707017421875,142,54,A_1QB_Start8
2025,00-0039491,Jalen Coker,WR,11,73.9,-0.1500000000000039,0.08376561718749986,6.731818181818183,38.27272727272727,39.27272727272727,44.27272727272727,41.77272727272727,39.27272727272727,0.3810680880681818,143,55,A_1QB_Start8
2025,00-0036442,Joe Burrow,QB,8,144.46,1.9399999999999942,0.07681049999999978,17.815,12.0,13.0,18.0,15.5,13.0,0.365985439453125,144,18,A_1QB_Start8
2025,00-0040021,Phil Mafah,RB,1,9.9,3.75,0.07149671093749999,6.15,29.0,30.0,35.0,32.5,30.0,0.34636671875,145,48,A_1QB_Start8
2025,00-0033921,Chris Godwin Jr.,WR,9,66.5,4.249999999999997,0.0589851093749999,6.916666666666667,37.333333333333336,38.333333333333336,43.333333333333336,40.833333333333336,38.333333333333336,0.37482212847222224,146,56,A_1QB_Start8
2025,00-0031503,Jameis Winston,QB,3,46.78,-0.7699999999999996,0.05881841406249999,15.850000000000001,12.0,13.0,18.0,15.5,13.0,0.37395117447916665,147,19,A_1QB_Start8
2025,00-0039032,Tyjae Spears,RB,13,89.2,2.0999999999999988,0.05875187499999987,6.700000000000001,29.76923076923077,30.76923076923077,35.76923076923077,33.26923076923077,30.76923076923077,0.3494611622596154,148,49,A_1QB_Start8
2025,00-0037157,Bam Knight,RB,12,81.9,-8.881784197001252e-16,0.056465578125,6.825,30.666666666666668,31.666666666666668,36.666666666666664,34.166666666666664,31.666666666666668,0.35190470963541665,149,50,A_1QB_Start8
2025,00-0040311,Theo Wease Jr.,WR,3,22.9,3.3500000000000005,0.054586156249999906,6.516666666666667,37.333333333333336,38.333333333333336,43.333333333333336,40.833333333333336,38.333333333333336,0.3811024322916667,150,57,A_1QB_Start8
2025,00-0040735,Luther Burden III,WR,15,104.4,2.3500000000000014,0.014093695312499821,6.803333333333334,38.06666666666667,39.06666666666667,44.06666666666667,41.56666666666667,39.06666666666667,0.37544957395833334,151,58,A_1QB_Start8
2025,00-0039921,Trey Benson,RB,4,28.900000000000002,-0.10000000000000053,0.003202179687500084,7.25,31.25,32.25,37.25,34.75,32.25,0.338966525390625,152,51,A_1QB_Start8
2025,00-0036423,Albert Okwuegbunam,TE,1,6.1,-0.7500000000000009,-0.01381190624999995,6.8500000000000005,17.0,18.0,23.0,20.5,18.0,0.36223667187499997,153,25,A_1QB_Start8
2025,00-0036945,Justin Fields,QB,9,144.66,-15.059999999999993,-0.021900617187500165,17.746666666666666,12.0,13.0,18.0,15.5,13.0,0.3696411484375,154,20,A_1QB_Start8
2025,00-0038647,Ronnie Bell,WR,2,9.3,-2.8499999999999996,-0.02728417187500004,6.075,38.0,39.0,44.0,41.5,39.0,0.38561482812500003,155,59,A_1QB_Start8
2025,00-0039405,Jawhar Jordan,RB,4,26.2,-1.4000000000000021,-0.0287766406250001,6.9,30.0,31.0,36.0,33.5,31.0,0.3449148515625,156,52,A_1QB_Start8
2025,00-0036534,Shane Zylstra,TE,1,3.5,-2.2,-0.03430910937499998,5.7,15.0,16.0,21.0,18.5,16.0,0.3834974765625,157,26,A_1QB_Start8
2025,00-0040406,Quentin Skinner,WR,1,3.5,-2.3499999999999996,-0.04319854687500008,5.85,37.0,38.0,43.0,40.5,38.0,0.37915115625,158,60,A_1QB_Start8
2025,00-0033885,David Njoku,TE,11,69.8,-2.9500000000000055,-0.050592359374999896,6.613636363636363,14.727272727272727,15.727272727272727,20.727272727272727,18.227272727272727,15.727272727272727,0.3969755873579546,159,27,A_1QB_Start8
2025,00-0037329,Brittain Brown,RB,2,9.7,-4.450000000000001,-0.051782875000000006,7.075,28.0,29.0,34.0,31.5,29.0,0.37064330078124996,160,53,A_1QB_Start8
2025,00-0034753,Mark Andrews,TE,17,107.0,-2.9499999999999993,-0.05278149218750022,6.4676470588235295,15.235294117647058,16.235294117647058,21.235294117647058,18.735294117647058,16.235294117647058,0.39337130376838236,161,28,A_1QB_Start8
2025,00-0039855,Jalen McMillan,WR,4,23.900000000000002,-3.1000000000000014,-0.052806750000000124,6.75,38.0,39.0,44.0,41.5,39.0,0.3850140859375,162,61,A_1QB_Start8
2025,00-0038997,Josh Downs,WR,16,109.4,-2.5,-0.05338910937500008,6.99375,38.1875,39.1875,44.1875,41.6875,39.1875,0.3741587749023438,163,62,A_1QB_Start8
2025,00-0040317,Jacoby Jones,WR,1,3.0,-3.6500000000000004,-0.0542155546875,6.65,38.0,39.0,44.0,41.5,39.0,0.409140453125,164,63,A_1QB_Start8
2025,00-0036924,Michael Carter,RB,13,82.5,-5.55,-0.0548642890625001,6.773076923076924,30.923076923076923,31.923076923076923,36.92307692307692,34.42307692307692,31.923076923076923,0.34870433533653844,165,54,A_1QB_Start8
2025,00-0038129,Cade Otton,TE,15,92.7,-1.8000000000000007,-0.06010828125000012,6.3,15.533333333333333,16.533333333333335,21.533333333333335,19.033333333333335,16.533333333333335,0.397580215625,166,29,A_1QB_Start8
2025,00-0040388,Jakobie Keeney-James,WR,1,2.5,-3.3499999999999996,-0.06094776562500004,5.85,37.0,38.0,43.0,40.5,38.0,0.37915115625,167,64,A_1QB_Start8
2025,00-0040648,Tory Horton,WR,8,52.6,-6.150000000000002,-0.06145671875000017,7.34375,38.625,39.625,44.625,42.125,39.625,0.373145322265625,168,65,A_1QB_Start8
2025,00-0036894,Pat Freiermuth,TE,15,93.10000000000001,-0.9000000000000017,-0.06193014843749983,6.266666666666667,15.666666666666666,16.666666666666668,21.666666666666668,19.166666666666668,16.666666666666668,0.3938253213541667,169,30,A_1QB_Start8
2025,00-0038728,Jared Wayne,WR,1,3.0,-3.8000000000000007,-0.0634331640625001,6.800000000000001,42.0,43.0,48.0,45.5,43.0,0.3956862265625,170,66,A_1QB_Start8
2025,00-0033699,Austin Ekeler,RB,2,10.600000000000001,-3.8499999999999996,-0.06593153125000006,7.225,29.5,30.5,35.5,33.0,30.5,0.33039399609375,171,55,A_1QB_Start8
2025,00-0038394,Will Mallory,TE,1,2.1,-4.35,-0.06641938281250004,6.449999999999999,17.0,18.0,23.0,20.5,18.0,0.410933140625,172,31,A_1QB_Start8
2025,00-0040244,Moliki Matavao,TE,1,2.0,-4.449999999999999,-0.067833453125,6.449999999999999,17.0,18.0,23.0,20.5,18.0,0.410933140625,173,32,A_1QB_Start8
2025,00-0038891,Shedrick Jackson,WR,3,13.9,-4.2,-0.06786988281250012,6.033333333333334,37.0,38.0,43.0,40.5,38.0,0.37893112500000004,174,67,A_1QB_Start8
2025,00-0032950,Carson Wentz,QB,5,80.34,-5.390000000000001,-0.07370840625000019,17.146,12.0,13.0,18.0,15.5,13.0,0.365312696875,175,21,A_1QB_Start8
2025,00-0036264,Jordan Love,QB,15,247.14,-13.340000000000003,-0.07397261718750045,17.365333333333336,12.0,13.0,18.0,15.5,13.0,0.37031691875000006,176,22,A_1QB_Start8
2025,00-0040039,Amar Johnson,RB,1,0.8,-5.3500000000000005,-0.07638600781249999,6.15,34.0,35.0,40.0,37.5,35.0,0.35345693749999996,177,56,A_1QB_Start8
2025,00-0038498,E.J. Jenkins,TE,1,0.0,-5.6,-0.07828675000000002,5.6,20.0,21.0,26.0,23.5,21.0,0.3821759140625,178,33,A_1QB_Start8
2025,00-0040225,Thomas Fidone II,TE,1,0.0,-5.6,-0.07828675000000002,5.6,20.0,21.0,26.0,23.5,21.0,0.3821759140625,179,34,A_1QB_Start8
2025,00-0040067,Jacardia Wright,RB,1,2.0,-4.700000000000001,-0.0790202109375,6.700000000000001,30.0,31.0,36.0,33.5,31.0,0.351062171875,180,57,A_1QB_Start8
2025,00-0040628,Drake Dabney,TE,1,0.8,-4.7,-0.08375221093750002,5.5,18.0,19.0,24.0,21.5,19.0,0.3881216171875,181,35,A_1QB_Start8
2025,00-0039266,Kendall Milton,RB,1,0.2,-5.95,-0.08433474218749998,6.15,34.0,35.0,40.0,37.5,35.0,0.35345693749999996,182,58,A_1QB_Start8
2025,00-0036567,Elijah Mitchell,RB,1,0.0,-6.15,-0.08701447656249994,6.15,34.0,35.0,40.0,37.5,35.0,0.35345693749999996,183,59,A_1QB_Start8
2025,00-0038396,Eric Gray,RB,1,0.0,-5.75,-0.08792751562500001,5.75,29.0,30.0,35.0,32.5,30.0,0.360288296875,184,60,A_1QB_Start8
2025,00-0037098,Samori Toure,WR,1,0.8,-5.05,-0.09022685156249999,5.85,37.0,38.0,43.0,40.5,38.0,0.37915115625,185,68,A_1QB_Start8
2025,00-0036463,Chris Blair,WR,1,0.0,-6.300000000000001,-0.09336068750000004,6.300000000000001,39.0,40.0,45.0,42.5,40.0,0.3920785,186,69,A_1QB_Start8
2025,00-0038911,Malik Cunningham,WR,1,0.1,-5.8500000000000005,-0.09527278125,5.95,35.0,36.0,41.0,38.5,36.0,0.36556371875000004,187,70,A_1QB_Start8
2025,00-0036527,DJ Turner,WR,1,0.0,-5.95,-0.09668450781249999,5.95,35.0,36.0,41.0,38.5,36.0,0.36556371875000004,188,71,A_1QB_Start8
2025,00-0035639,Parris Campbell,WR,1,0.0,-6.75,-0.0981266796875,6.75,36.0,37.0,42.0,39.5,37.0,0.38298181249999996,189,72,A_1QB_Start8
2025,00-0039489,Hayden Rucci,TE,1,0.0,-6.35,-0.1026278671875,6.35,13.0,14.0,19.0,16.5,14.0,0.374130296875,190,36,A_1QB_Start8
2025,00-0039710,Jeshaun Jones,WR,1,0.0,-5.85,-0.10347750781250004,5.85,37.0,38.0,43.0,40.5,38.0,0.37915115625,191,73,A_1QB_Start8
2025,00-0024243,Marcedes Lewis,TE,1,0.0,-6.65,-0.10529778125,6.65,14.0,15.0,20.0,17.5,15.0,0.399375765625,192,37,A_1QB_Start8
2025,00-0037380,Kaden Davis,WR,1,0.0,-6.4,-0.10631297656250005,6.4,40.0,41.0,46.0,43.5,41.0,0.36881783593750006,193,74,A_1QB_Start8
2025,00-0040629,Dalevon Campbell,WR,1,0.0,-6.4,-0.10631297656250005,6.4,40.0,41.0,46.0,43.5,41.0,0.36881783593750006,194,75,A_1QB_Start8
2025,00-0037545,Rashid Shaheed,WR,18,115.1,-9.900000000000006,-0.10972450000000025,6.944444444444445,38.166666666666664,39.166666666666664,44.166666666666664,41.666666666666664,39.166666666666664,0.3764948537326389,195,76,A_1QB_Start8
2025,00-0037231,Kevin Austin Jr.,WR,5,26.5,-6.900000000000002,-0.10986298437499997,6.6800000000000015,38.4,39.4,44.4,41.9,39.4,0.3817748359375,196,77,A_1QB_Start8
2025,00-0038409,Lew Nichols III,RB,1,0.0,-6.75,-0.11066828124999994,6.75,26.0,27.0,32.0,29.5,27.0,0.371830671875,197,61,A_1QB_Start8
2025,00-0039410,Ryan Flournoy,WR,15,94.0,-10.550000000000002,-0.11120792968750015,6.97,38.2,39.2,44.2,41.7,39.2,0.37721783697916667,198,78,A_1QB_Start8
2025,00-0033110,Tyler Higbee,TE,10,58.6,-5.899999999999999,-0.11431612500000016,6.45,16.0,17.0,22.0,19.5,17.0,0.39991823203125,199,38,A_1QB_Start8
2025,00-0038735,Princeton Fant,TE,1,0.0,-6.8500000000000005,-0.11655297656249997,6.8500000000000005,18.0,19.0,24.0,21.5,19.0,0.37647217187500004,200,39,A_1QB_Start8
2025,00-0038456,Travis Vokolek,TE,1,0.0,-6.8500000000000005,-0.11693014843749996,6.8500000000000005,17.0,18.0,23.0,20.5,18.0,0.36223667187499997,201,40,A_1QB_Start8
2025,00-0039910,Jayden Daniels,QB,7,120.28,-8.199999999999998,-0.11724790625000003,18.354285714285712,12.0,13.0,18.0,15.5,13.0,0.36097244308035714,202,23,A_1QB_Start8
2025,00-0036950,Avery Williams,RB,1,0.0,-7.2,-0.11884024999999998,7.2,27.0,28.0,33.0,30.5,28.0,0.320511859375,203,62,A_1QB_Start8
2025,00-0038678,Jordan Mims,RB,1,0.0,-7.3,-0.11915085937499997,7.3,30.0,31.0,36.0,33.5,31.0,0.3280729609375,204,63,A_1QB_Start8
2025,00-0035243,Miles Sanders,RB,4,22.700000000000003,-6.3,-0.12254782031249994,7.25,31.25,32.25,37.25,34.75,32.25,0.338966525390625,205,64,A_1QB_Start8
2025,00-0040202,Devin Neal,RB,9,51.5,-8.100000000000001,-0.1356431171875001,6.622222222222223,30.333333333333332,31.333333333333332,36.333333333333336,33.833333333333336,31.333333333333332,0.3518405286458333,206,65,A_1QB_Start8
2025,00-0037252,Greg Dulcich,TE,9,49.800000000000004,-7.55,-0.13622986718749996,6.372222222222223,15.11111111111111,16.11111111111111,21.11111111111111,18.61111111111111,16.11111111111111,0.3852681909722222,207,41,A_1QB_Start8
2025,00-0039424,Devaughn Vele,WR,9,53.8,-10.250000000000004,-0.1368622578125004,7.116666666666666,38.77777777777778,39.77777777777778,44.77777777777778,42.27777777777778,39.77777777777778,0.3713467282986111,208,79,A_1QB_Start8
2025,00-0038128,Malik Willis,QB,4,51.17999999999999,-12.270000000000007,-0.13743427343750017,15.8625,12.0,13.0,18.0,15.5,13.0,0.36485399609375,209,24,A_1QB_Start8
2025,00-0040130,Jayden Higgins,WR,17,109.0,-9.250000000000002,-0.13760112500000027,6.955882352941177,38.294117647058826,39.294117647058826,44.294117647058826,41.794117647058826,39.294117647058826,0.37611326792279415,210,80,A_1QB_Start8
2025,00-0040547,Nate Carter,RB,2,4.000000000000001,-8.5,-0.1385476328125001,6.250000000000001,29.5,30.5,35.5,33.0,30.5,0.331357328125,211,66,A_1QB_Start8
2025,00-0040522,Xavier Restrepo,WR,2,5.6,-7.6,-0.14106072656250004,6.6,37.5,38.5,43.5,41.0,38.5,0.35703142187500003,212,81,A_1QB_Start8
2025,00-0040466,Raheim Sanders,RB,4,18.8,-8.55,-0.1438461718750002,6.8375,29.75,30.75,35.75,33.25,30.75,0.335729626953125,213,67,A_1QB_Start8
2025,00-0040476,Ulysses Bentley IV,RB,1,0.0,-7.15,-0.14725039843750004,7.15,29.0,30.0,35.0,32.5,30.0,0.33271503125,214,68,A_1QB_Start8
2025,00-0039894,Xavier Worthy,WR,14,88.9,-8.950000000000001,-0.14769590624999993,6.989285714285715,38.0,39.0,44.0,41.5,39.0,0.3790678928571429,215,82,A_1QB_Start8
2025,00-0036360,Clyde Edwards-Helaire,RB,2,3.2,-9.3,-0.15116285937500007,6.25,27.5,28.5,33.5,31.0,28.5,0.366059484375,216,69,A_1QB_Start8
2025,00-0035311,Myles Gaskin,RB,1,0.6000000000000001,-7.800000000000001,-0.15219865625000006,8.4,36.0,37.0,42.0,39.5,37.0,0.37131093750000005,217,70,A_1QB_Start8
2025,00-0035228,Kyler Murray,QB,5,83.78,-8.259999999999998,-0.15307946875000011,18.407999999999998,12.0,13.0,18.0,15.5,13.0,0.3654060390625,218,25,A_1QB_Start8
2025,00-0037015,Sal Cannella,TE,2,2.1,-9.85,-0.16352607812500008,5.975,17.5,18.5,23.5,21.0,18.5,0.39952737890625,219,42,A_1QB_Start8
2025,00-0038458,Owen Wright,RB,2,0.6000000000000001,-11.3,-0.16639868749999998,5.95,31.5,32.5,37.5,35.0,32.5,0.35687261718749996,220,71,A_1QB_Start8
2025,00-0040586,Jaydon Blue,RB,5,19.900000000000002,-12.45,-0.16879132031250005,6.470000000000001,27.4,28.4,33.4,30.9,28.4,0.33824580625,221,72,A_1QB_Start8
2025,00-0039884,Tahj Washington,WR,2,3.2,-9.950000000000001,-0.16914622656250006,6.575,38.5,39.5,44.5,42.0,39.5,0.38174626953125,222,83,A_1QB_Start8
2025,00-0037755,Jelani Woods,TE,2,0.9,-11.25,-0.17020944531250004,6.074999999999999,16.0,17.0,22.0,19.5,17.0,0.39721530859375,223,43,A_1QB_Start8
2025,00-0037282,James Mitchell,TE,2,4.300000000000001,-9.95,-0.17260430468749993,7.125,15.5,16.5,21.5,19.0,16.5,0.38665214453124996,224,44,A_1QB_Start8
2025,00-0040172,Jordan Watkins,WR,2,3.6000000000000005,-10.5,-0.175788375,7.050000000000001,41.0,42.0,47.0,44.5,42.0,0.3900138046875,225,84,A_1QB_Start8
2025,00-0032688,Robbie Chosen,WR,3,7.8,-11.950000000000001,-0.17711970312500014,6.583333333333333,37.333333333333336,38.333333333333336,43.333333333333336,40.833333333333336,38.333333333333336,0.38586739062500003,226,85,A_1QB_Start8
2025,00-0033555,Mack Hollins,WR,14,90.4,-8.25,-0.17782159375000003,7.046428571428572,38.285714285714285,39.285714285714285,44.285714285714285,41.785714285714285,39.285714285714285,0.37509780412946425,227,86,A_1QB_Start8
2025,00-0040743,Tyler Shough,QB,11,169.96,-16.89,-0.18218188281250028,16.986363636363635,12.0,13.0,18.0,15.5,13.0,0.37046796377840907,228,26,A_1QB_Start8
2025,00-0039631,Cam Grandy,TE,2,1.7000000000000002,-11.05,-0.18281661718749997,6.375,14.5,15.5,20.5,18.0,15.5,0.39150122265625,229,45,A_1QB_Start8
2025,00-0037277,Teagan Quitoriano,TE,2,0.0,-12.0,-0.18397725781250002,6.0,16.0,17.0,22.0,19.5,17.0,0.4213408671875,230,46,A_1QB_Start8
2025,00-0037031,Nikola Kalinic,TE,2,0.0,-11.05,-0.18428686718750004,5.525,16.5,17.5,22.5,20.0,17.5,0.40993510546875,231,47,A_1QB_Start8
2025,00-0035250,Devin Singletary,RB,17,99.8,-15.700000000000006,-0.1853018671875,6.794117647058823,30.11764705882353,31.11764705882353,36.11764705882353,33.61764705882353,31.11764705882353,0.34511194898897063,232,73,A_1QB_Start8
2025,00-0038579,Aidan O'Connell,QB,1,4.78,-11.71,-0.18762722656249994,16.490000000000002,12.0,13.0,18.0,15.5,13.0,0.38790615624999997,233,27,A_1QB_Start8
2025,00-0040363,Keleki Latu,TE,3,5.5,-12.5,-0.18873155468749997,6.0,15.666666666666666,16.666666666666668,21.666666666666668,19.166666666666668,16.666666666666668,0.4001029088541667,234,48,A_1QB_Start8
2025,00-0036497,Tim Jones,WR,2,2.0,-11.950000000000001,-0.1895803671875001,6.9750000000000005,38.0,39.0,44.0,41.5,39.0,0.37578829296875005,235,87,A_1QB_Start8
2025,00-0034975,Justice Hill,RB,10,54.7,-12.2,-0.19039757031250018,6.69,29.6,30.6,35.6,33.1,30.6,0.34043794609375,236,74,A_1QB_Start8
2025,00-0035229,T.J. Hockenson,TE,15,87.3,-11.0,-0.19131774218750008,6.553333333333334,14.8,15.8,20.8,18.3,15.8,0.39037310468749997,237,49,A_1QB_Start8
2025,00-0040429,Josh Williams,RB,2,1.1,-11.900000000000002,-0.19233084375,6.5,28.0,29.0,34.0,31.5,29.0,0.316082171875,238,75,A_1QB_Start8
2025,00-0035956,Giovanni Ricci,TE,2,0.0,-13.6,-0.1962702421875,6.8,15.5,16.5,21.5,19.0,16.5,0.370370421875,239,50,A_1QB_Start8
2025,00-0034054,River Cracraft,WR,2,0.0,-12.15,-0.19683819531250007,6.075,38.0,39.0,44.0,41.5,39.0,0.38561482812500003,240,88,A_1QB_Start8
2025,00-0040241,Dominic Lovett,WR,2,0.0,-13.4,-0.19726266406250004,6.7,36.0,37.0,42.0,39.5,37.0,0.3751085078125,241,89,A_1QB_Start8
2025,00-0036679,Shane Buechele,QB,1,3.92,-12.570000000000002,-0.19885962499999998,16.490000000000002,12.0,13.0,18.0,15.5,13.0,0.38790615624999997,242,28,A_1QB_Start8
2025,00-0034837,Calvin Ridley,WR,7,38.800000000000004,-12.85,-0.1989596640625001,7.378571428571428,38.42857142857143,39.42857142857143,44.42857142857143,41.92857142857143,39.42857142857143,0.3755335904017857,243,90,A_1QB_Start8
2025,00-0036196,Gabe Davis,WR,6,24.900000000000002,-13.049999999999999,-0.19979573437500023,6.325,37.333333333333336,38.333333333333336,43.333333333333336,40.833333333333336,38.333333333333336,0.3766661119791667,244,91,A_1QB_Start8
2025,00-0033757,Robert Tonyan,TE,2,0.6,-12.850000000000001,-0.20398870312500006,6.7250000000000005,13.0,14.0,19.0,16.5,14.0,0.40616079296875,245,51,A_1QB_Start8
2025,00-0040646,Jalen Royals,WR,2,1.4,-12.3,-0.20645314843750007,6.85,35.5,36.5,41.5,39.0,36.5,0.3720613359375,246,92,A_1QB_Start8
2025,00-0035140,Mecole Hardman,WR,2,0.0,-14.05,-0.20874314843750008,7.025,37.0,38.0,43.0,40.5,38.0,0.39060904687500003,247,93,A_1QB_Start8
2025,00-0038104,Tyquan Thornton,WR,12,71.30000000000001,-13.950000000000001,-0.21163036718749997,7.104166666666667,38.416666666666664,39.416666666666664,44.416666666666664,41.916666666666664,39.416666666666664,0.37397473567708334,248,94,A_1QB_Start8
2025,00-0032434,Brandon Allen,QB,1,2.88,-13.610000000000003,-0.21174983593749996,16.490000000000002,12.0,13.0,18.0,15.5,13.0,0.38790615624999997,249,29,A_1QB_Start8
2025,00-0036893,Najee Harris,RB,3,10.100000000000001,-11.05,-0.21326955468750003,7.050000000000001,29.666666666666668,30.666666666666668,35.666666666666664,33.166666666666664,30.666666666666668,0.3372833880208333,250,76,A_1QB_Start8
2025,00-0038809,Ben Sims,TE,3,4.5,-13.15,-0.21385955468750006,5.883333333333333,16.666666666666668,17.666666666666668,22.666666666666668,20.166666666666668,17.666666666666668,0.39606755468750005,251,52,A_1QB_Start8
2025,00-0036755,Jaret Patterson,RB,6,24.2,-14.900000000000002,-0.21402586718750022,6.516666666666667,30.333333333333332,31.333333333333332,36.333333333333336,33.833333333333336,31.333333333333332,0.3418086276041667,252,77,A_1QB_Start8
2025,00-0022942,Philip Rivers,QB,3,37.66,-15.440000000000003,-0.2152226640625,17.7,12.0,13.0,18.0,15.5,13.0,0.36762125260416667,253,30,A_1QB_Start8
2025,00-0039874,Jaylen Wright,RB,9,45.7,-14.15,-0.21827228125000028,6.65,31.88888888888889,32.888888888888886,37.888888888888886,35.388888888888886,32.888888888888886,0.34525497569444447,254,78,A_1QB_Start8
2025,00-0040352,Coleman Owen,WR,2,0.0,-14.850000000000001,-0.21973105468749998,7.425000000000001,38.0,39.0,44.0,41.5,39.0,0.38441334375,255,95,A_1QB_Start8
2025,00-0037524,Tay Martin,WR,2,3.3,-12.8,-0.22012438281250007,8.05,37.0,38.0,43.0,40.5,38.0,0.37685812500000004,256,96,A_1QB_Start8
2025,00-0035264,Jarrett Stidham,QB,1,-0.1,-16.85,-0.2211537265625,16.75,12.0,13.0,18.0,15.5,13.0,0.35628465625,257,31,A_1QB_Start8
2025,00-0039824,Jared Wiley,TE,2,0.9,-11.9,-0.2265004921875,6.4,15.5,16.5,21.5,19.0,16.5,0.38846279296874997,258,53,A_1QB_Start8
2025,00-0034955,Brett Rypien,QB,1,0.0,-15.29,-0.22661714843750003,15.29,12.0,13.0,18.0,15.5,13.0,0.3824439375,259,32,A_1QB_Start8
2025,00-0037276,Ty Chandler,RB,3,7.300000000000001,-12.350000000000001,-0.22845955468750018,6.550000000000001,28.666666666666668,29.666666666666668,34.666666666666664,32.166666666666664,29.666666666666668,0.33304807812500004,260,79,A_1QB_Start8
2025,00-0035726,Jakob Johnson,RB,2,0.0,-14.0,-0.22876154687499997,7.0,30.0,31.0,36.0,33.5,31.0,0.33956756640624997,261,80,A_1QB_Start8
2025,00-0036959,Michael Bandy,WR,4,13.0,-14.700000000000003,-0.23104474218750004,6.925000000000001,38.75,39.75,44.75,42.25,39.75,0.385101033203125,262,97,A_1QB_Start8
2025,00-0034867,Malik Turner,WR,2,0.0,-14.7,-0.2337508984375,7.35,39.0,40.0,45.0,42.5,40.0,0.384985625,263,98,A_1QB_Start8
2025,00-0040488,Carter Runyon,TE,3,0.8,-16.55,-0.2417318671875,5.783333333333334,15.666666666666666,16.666666666666668,21.666666666666668,19.166666666666668,16.666666666666668,0.38897578645833336,264,54,A_1QB_Start8
2025,00-0038740,Jalen Moreno-Cropper,WR,2,0.0,-15.0,-0.24258365625000003,7.5,38.0,39.0,44.0,41.5,39.0,0.3858632734375,265,99,A_1QB_Start8
2025,00-0039794,Braelon Allen,RB,4,14.3,-14.7,-0.24366000781249997,7.25,31.25,32.25,37.25,34.75,32.25,0.338966525390625,266,81,A_1QB_Start8
2025,00-0037539,Lucas Krull,TE,2,2.5,-12.0,-0.24468507031249997,7.25,15.0,16.0,21.0,18.5,16.0,0.4119534921875,267,55,A_1QB_Start8
2025,00-0038658,Adrian Martinez,QB,1,-0.1,-19.82,-0.24851053125,19.72,12.0,13.0,18.0,15.5,13.0,0.356735671875,268,33,A_1QB_Start8
2025,00-0037197,Isiah Pacheco,RB,13,77.8,-13.500000000000004,-0.24998421093750012,7.023076923076924,30.307692307692307,31.307692307692307,36.30769230769231,33.80769230769231,31.307692307692307,0.34360912199519233,269,82,A_1QB_Start8
2025,00-0036569,Gary Brightwell,RB,2,0.0,-14.15,-0.25004275000000004,7.075,32.5,33.5,38.5,36.0,33.5,0.36579961718750004,270,83,A_1QB_Start8
2025,00-0034791,Nick Chubb,RB,15,81.80000000000001,-19.650000000000002,-0.2519056093750003,6.763333333333334,30.733333333333334,31.733333333333334,36.733333333333334,34.233333333333334,31.733333333333334,0.3438710302083334,271,84,A_1QB_Start8
2025,00-0037809,Chig Okonkwo,TE,17,96.0,-12.899999999999999,-0.2551123593749999,6.405882352941177,15.588235294117647,16.58823529411765,21.58823529411765,19.08823529411765,16.58823529411765,0.39235954779411764,272,56,A_1QB_Start8
2025,00-0034983,Hunter Renfrow,WR,6,28.400000000000002,-16.6,-0.26146211718749995,7.5,38.5,39.5,44.5,42.0,39.5,0.3699324466145833,273,100,A_1QB_Start8
2025,00-0040277,Jahdae Walker,WR,6,23.7,-17.800000000000004,-0.274318421875,6.916666666666667,38.0,39.0,44.0,41.5,39.0,0.38138440364583337,274,101,A_1QB_Start8
2025,00-0033908,Cooper Kupp,WR,16,94.8,-16.1,-0.27640016406250034,6.93125,37.8125,38.8125,43.8125,41.3125,38.8125,0.3748049848632813,275,102,A_1QB_Start8
2025,00-0039650,Bryce Oliver,WR,2,1.3,-14.45,-0.278266890625,7.875,40.5,41.5,46.5,44.0,41.5,0.357039390625,276,103,A_1QB_Start8
2025,00-0040170,Elic Ayomanor,WR,16,96.0,-16.75,-0.2800856484375002,7.046875,38.1875,39.1875,44.1875,41.6875,39.1875,0.37702861621093753,277,104,A_1QB_Start8
2025,00-0032268,Marcus Mariota,QB,10,139.5,-28.700000000000003,-0.2824751953125003,16.82,12.0,13.0,18.0,15.5,13.0,0.37092159609375003,278,34,A_1QB_Start8
2025,00-0034681,Chase Edmonds,RB,3,0.0,-19.900000000000002,-0.28303525781249994,6.633333333333334,30.666666666666668,31.666666666666668,36.666666666666664,34.166666666666664,31.666666666666668,0.34765845052083333,279,85,A_1QB_Start8
2025,00-0040719,Bhayshul Tuten,RB,15,83.6,-18.3,-0.28491507812499994,6.793333333333334,30.4,31.4,36.4,33.9,31.4,0.35020002916666665,280,86,A_1QB_Start8
2025,00-0036165,Isaiah Hodgins,WR,6,22.5,-16.950000000000003,-0.2858730234375001,6.575,38.166666666666664,39.166666666666664,44.166666666666664,41.666666666666664,39.166666666666664,0.38186366666666666,281,105,A_1QB_Start8
2025,00-0040556,Corey Kiner,RB,4,8.3,-19.300000000000004,-0.2894350078125002,6.9,30.0,31.0,36.0,33.5,31.0,0.3449148515625,282,87,A_1QB_Start8
2025,00-0035100,Jake Browning,QB,5,64.74000000000001,-23.049999999999997,-0.28951664843750013,17.558,12.0,13.0,18.0,15.5,13.0,0.378349653125,283,35,A_1QB_Start8
2025,00-0037311,Ko Kieft,TE,2,0.0,-14.5,-0.28991198437500004,7.25,15.0,16.0,21.0,18.5,16.0,0.4119534921875,284,57,A_1QB_Start8
2025,00-0026300,Josh Johnson,QB,3,28.380000000000003,-22.61,-0.29817712500000004,16.996666666666666,12.0,13.0,18.0,15.5,13.0,0.36937308854166667,285,36,A_1QB_Start8
2025,00-0037340,Zaire Mitchell-Paden,TE,3,2.7,-17.450000000000003,-0.302131078125,6.716666666666668,14.333333333333334,15.333333333333334,20.333333333333332,17.833333333333332,15.333333333333334,0.3878613229166667,286,58,A_1QB_Start8
2025,00-0040736,Mason Taylor,TE,13,66.9,-17.000000000000004,-0.30627262499999974,6.453846153846154,15.153846153846153,16.153846153846153,21.153846153846153,18.653846153846153,16.153846153846153,0.39851199759615386,287,59,A_1QB_Start8
2025,00-0040431,Dalen Cambre,WR,3,0.0,-19.950000000000003,-0.30754225781250005,6.650000000000001,38.333333333333336,39.333333333333336,44.333333333333336,41.833333333333336,39.333333333333336,0.39501355208333333,288,106,A_1QB_Start8
2025,00-0034928,Steven Sims,WR,3,0.0,-19.55,-0.3090429218750001,6.516666666666667,37.333333333333336,38.333333333333336,43.333333333333336,40.833333333333336,38.333333333333336,0.3811024322916667,289,107,A_1QB_Start8
2025,00-0038551,Kendre Miller,RB,7,30.8,-18.6,-0.3095646718749999,7.057142857142858,29.142857142857142,30.142857142857142,35.142857142857146,32.642857142857146,30.142857142857142,0.34129656138392855,290,88,A_1QB_Start8
2025,00-0036414,Cam Akers,RB,4,7.180000000000001,-19.220000000000002,-0.31105295312500003,6.6000000000000005,28.5,29.5,34.5,32.0,29.5,0.33450080859375003,291,89,A_1QB_Start8
2025,00-0035535,Darius Slayton,WR,14,80.3,-18.900000000000002,-0.3128048359375003,7.085714285714286,38.57142857142857,39.57142857142857,44.57142857142857,42.07142857142857,39.57142857142857,0.3741424905133929,292,108,A_1QB_Start8
2025,00-0034419,Braxton Berrios,WR,4,6.700000000000001,-20.5,-0.31327703124999995,6.800000000000001,39.0,40.0,45.0,42.5,40.0,0.38212233203125,293,109,A_1QB_Start8
2025,00-0039923,J.J. McCarthy,QB,10,149.38,-24.08000000000001,-0.31612696875,17.346,12.0,13.0,18.0,15.5,13.0,0.3654037921875,294,37,A_1QB_Start8
2025,00-0034386,Justin Watson,WR,3,4.5,-17.1,-0.32067260937500014,7.2,39.333333333333336,40.333333333333336,45.333333333333336,42.833333333333336,40.333333333333336,0.3644099791666667,295,110,A_1QB_Start8
2025,00-0035406,Lil'Jordan Humphrey,WR,7,28.099999999999998,-19.800000000000004,-0.3229709531249999,6.842857142857143,37.0,38.0,43.0,40.5,38.0,0.37536082477678573,296,111,A_1QB_Start8
2025,00-0035689,Dawson Knox,TE,16,85.7,-17.200000000000003,-0.3253321796875,6.43125,15.3125,16.3125,21.3125,18.8125,16.3125,0.39298794970703127,297,60,A_1QB_Start8
2025,00-0036984,Trey Sermon,RB,3,0.0,-20.25,-0.32587067187499996,6.75,32.0,33.0,38.0,35.5,33.0,0.3484916927083333,298,90,A_1QB_Start8
2025,00-0033591,Noah Brown,WR,4,10.8,-18.35,-0.32850539062500006,7.2875000000000005,39.0,40.0,45.0,42.5,40.0,0.36909788671875,299,112,A_1QB_Start8
2025,00-0037837,Calvin Austin III,WR,14,70.7,-26.55,-0.3327722109375002,6.946428571428571,38.142857142857146,39.142857142857146,44.142857142857146,41.642857142857146,39.142857142857146,0.37370541462053575,300,113,A_1QB_Start8
2025,00-0033891,Zay Jones,WR,6,24.3,-17.7,-0.3330461406250001,7.0,38.166666666666664,39.166666666666664,44.166666666666664,41.666666666666664,39.166666666666664,0.37472203515624997,301,114,A_1QB_Start8
2025,00-0037004,Hunter Long,TE,7,26.5,-20.0,-0.33491447656249995,6.642857142857143,17.285714285714285,18.285714285714285,23.285714285714285,20.785714285714285,18.285714285714285,0.39581372991071423,302,61,A_1QB_Start8
2025,00-0036407,Jerry Jeudy,WR,17,95.7,-21.999999999999996,-0.3350080859375003,6.923529411764706,38.05882352941177,39.05882352941177,44.05882352941177,41.55882352941177,39.05882352941177,0.37603329319852946,303,115,A_1QB_Start8
2025,00-0036754,Brock Wright,TE,8,29.8,-21.8,-0.3362391640625002,6.45,15.25,16.25,21.25,18.75,16.25,0.39578777929687503,304,62,A_1QB_Start8
2025,00-0033943,Josh Reynolds,WR,5,17.6,-19.2,-0.3378669296875,7.360000000000001,37.4,38.4,43.4,40.9,38.4,0.3754501375,305,116,A_1QB_Start8
2025,00-0039792,Devontez Walker,WR,8,34.6,-22.599999999999998,-0.3431936562500002,7.15,38.0,39.0,44.0,41.5,39.0,0.3678222998046875,306,117,A_1QB_Start8
2025,00-0039737,Tip Reiman,TE,3,3.3,-18.05,-0.3465788984375,7.116666666666667,15.666666666666666,16.666666666666668,21.666666666666668,19.166666666666668,16.666666666666668,0.39538121875000004,307,63,A_1QB_Start8
2025,00-0039355,Luke McCaffrey,WR,9,45.800000000000004,-19.75,-0.3490782265625,7.283333333333333,39.0,40.0,45.0,42.5,40.0,0.3756498671875,308,118,A_1QB_Start8
2025,00-0039754,Devin Culp,TE,4,7.1,-20.050000000000004,-0.34995163281249997,6.7875000000000005,15.75,16.75,21.75,19.25,16.75,0.386129009765625,309,64,A_1QB_Start8
2025,00-0039163,C.J. Stroud,QB,14,224.54,-23.430000000000007,-0.3578652734375002,17.712142857142858,12.0,13.0,18.0,15.5,13.0,0.36508447656250004,310,38,A_1QB_Start8
2025,00-0033589,David Moore,WR,3,2.2,-19.55,-0.359761296875,7.25,37.666666666666664,38.666666666666664,43.666666666666664,41.166666666666664,38.666666666666664,0.3643718203125,311,119,A_1QB_Start8
2025,00-0036328,Antonio Gibson,RB,5,16.2,-20.0,-0.36469322656250003,7.24,30.4,31.4,36.4,33.9,31.4,0.3352755921875,312,91,A_1QB_Start8
2025,00-0035298,Scott Miller,WR,5,10.7,-23.150000000000002,-0.366661125,6.7700000000000005,36.8,37.8,42.8,40.3,37.8,0.37790106562500003,313,120,A_1QB_Start8
2025,00-0040024,Darius Cooper,WR,6,13.700000000000003,-24.1,-0.3688922578125,6.300000000000001,38.166666666666664,39.166666666666664,44.166666666666664,41.666666666666664,39.166666666666664,0.3866495299479167,314,121,A_1QB_Start8
2025,00-0038393,Dontayvion Wicks,WR,13,60.800000000000004,-30.05,-0.369880421875,6.988461538461539,37.92307692307692,38.92307692307692,43.92307692307692,41.42307692307692,38.92307692307692,0.3741092421875,315,122,A_1QB_Start8
2025,00-0038590,Justin Shorter,TE,3,0.0,-20.15,-0.3704474687500001,6.716666666666666,17.333333333333332,18.333333333333332,23.333333333333332,20.833333333333332,18.333333333333332,0.41676879427083335,316,65,A_1QB_Start8
2025,00-0033455,Anthony Firkser,TE,5,9.299999999999999,-21.35,-0.37203853125,6.130000000000001,15.6,16.6,21.6,19.1,16.6,0.392100821875,317,66,A_1QB_Start8
2025,00-0039394,Casey Washington,WR,5,12.400000000000002,-22.95,-0.37484746093750015,7.07,37.8,38.8,43.8,41.3,38.8,0.3768384359375,318,123,A_1QB_Start8
2025,00-0034613,Tanner Hudson,TE,10,38.3,-24.1,-0.3769128906250001,6.24,15.4,16.4,21.4,18.9,16.4,0.39006319765624997,319,67,A_1QB_Start8
2025,00-0038783,Nate Adkins,TE,6,13.8,-23.4,-0.381631234375,6.2,16.833333333333332,17.833333333333332,22.833333333333332,20.333333333333332,17.833333333333332,0.3879907877604167,320,68,A_1QB_Start8
2025,00-0034367,Nyheim Hines,RB,4,-0.2,-25.35,-0.383773015625,6.2875000000000005,27.5,28.5,33.5,31.0,28.5,0.34267929296875,321,92,A_1QB_Start8
2025,00-0040737,Terrance Ferguson,TE,11,46.6,-22.5,-0.38411832031249993,6.281818181818182,16.363636363636363,17.363636363636363,22.363636363636363,19.863636363636363,17.363636363636363,0.38809418749999997,322,69,A_1QB_Start8
2025,00-0040205,Kalel Mullings,RB,4,0.7000000000000001,-26.5,-0.3869447812500001,6.800000000000001,30.0,31.0,36.0,33.5,31.0,0.34839524609375006,323,93,A_1QB_Start8
2025,00-0039757,Terrell Jennings,RB,6,14.700000000000001,-24.1,-0.3894323671875001,6.466666666666666,30.0,31.0,36.0,33.5,31.0,0.35046787500000004,324,94,A_1QB_Start8
2025,00-0039458,Brenden Bates,TE,5,6.800000000000001,-24.85,-0.38961108593749993,6.33,16.2,17.2,22.2,19.7,17.2,0.374919321875,325,70,A_1QB_Start8
2025,00-0037838,Isaiah Likely,TE,12,48.2,-26.050000000000004,-0.3917803125000001,6.1875,15.75,16.75,21.75,19.25,16.75,0.3933798606770833,326,71,A_1QB_Start8
2025,00-0028118,Tyrod Taylor,QB,6,69.46000000000001,-30.6,-0.39449363281250016,16.676666666666666,12.0,13.0,18.0,15.5,13.0,0.37069409375,327,39,A_1QB_Start8
2025,00-0040668,Shedeur Sanders,QB,8,104.9,-27.42,-0.3947636875,16.54,12.0,13.0,18.0,15.5,13.0,0.3713057587890625,328,40,A_1QB_Start8
2025,00-0040234,Quinn Ewers,QB,4,38.68,-28.4,-0.3973644296875001,16.77,12.0,13.0,18.0,15.5,13.0,0.3620020546875,329,41,A_1QB_Start8
2025,00-0039305,Jack Westover,TE,4,0.5,-24.55,-0.3984481874999999,6.2625,15.5,16.5,21.5,19.0,16.5,0.391305880859375,330,72,A_1QB_Start8
2025,00-0037563,Malik Davis,RB,10,39.6,-27.400000000000006,-0.39882097656249993,6.7,30.5,31.5,36.5,34.0,31.5,0.3521514953125,331,95,A_1QB_Start8
2025,00-0035291,Trayveon Williams,RB,6,13.1,-26.300000000000004,-0.39888630468750014,6.566666666666667,31.333333333333332,32.333333333333336,37.333333333333336,34.833333333333336,32.333333333333336,0.34379080208333335,332,96,A_1QB_Start8
2025,00-0035644,Noah Fant,TE,13,57.800000000000004,-24.0,-0.40135696093749995,6.292307692307692,15.76923076923077,16.76923076923077,21.76923076923077,19.26923076923077,16.76923076923077,0.3987309879807693,333,73,A_1QB_Start8
2025,00-0034073,Ross Dwelley,TE,4,1.7000000000000002,-23.5,-0.40217660937499994,6.300000000000001,14.25,15.25,20.25,17.75,15.25,0.40226905859375,334,74,A_1QB_Start8
2025,00-0038492,Jason Brownlee,WR,3,0.0,-22.5,-0.4027293671875,7.5,38.333333333333336,39.333333333333336,44.333333333333336,41.833333333333336,39.333333333333336,0.3770175520833334,335,124,A_1QB_Start8
2025,00-0040162,Dylan Sampson,RB,15,71.10000000000001,-28.799999999999997,-0.4033838046875001,6.66,30.466666666666665,31.466666666666665,36.46666666666667,33.96666666666667,31.466666666666665,0.34289525364583334,336,97,A_1QB_Start8
2025,00-0040669,Isaac TeSlaa,WR,14,67.9,-28.400000000000006,-0.40490187500000024,6.878571428571428,38.214285714285715,39.214285714285715,44.214285714285715,41.714285714285715,39.214285714285715,0.37492331640625,337,125,A_1QB_Start8
2025,00-0033307,Kendrick Bourne,WR,14,73.60000000000001,-25.699999999999996,-0.4049052968750001,7.092857142857143,38.214285714285715,39.214285714285715,44.214285714285715,41.714285714285715,39.214285714285715,0.37611877008928574,338,126,A_1QB_Start8
2025,00-0036898,Davis Mills,QB,6,70.6,-30.320000000000007,-0.405401890625,16.82,12.0,13.0,18.0,15.5,13.0,0.3711999114583333,339,42,A_1QB_Start8
2025,00-0038794,Jaleel McLaughlin,RB,8,29.400000000000002,-25.75,-0.40956551562500015,6.893750000000001,31.25,32.25,37.25,34.75,32.25,0.35257692578125,340,98,A_1QB_Start8
2025,00-0031484,Chris Manhertz,TE,4,1.2000000000000002,-24.450000000000003,-0.4111593984375001,6.4125000000000005,15.25,16.25,21.25,18.75,16.25,0.395547919921875,341,75,A_1QB_Start8
2025,00-0033881,Evan Engram,TE,16,77.8,-25.150000000000002,-0.4116222812499999,6.434375,15.625,16.625,21.625,19.125,16.625,0.3898896572265625,342,76,A_1QB_Start8
2025,00-0038582,Clayton Tune,QB,2,3.98,-29.6,-0.4116636171874999,16.79,12.0,13.0,18.0,15.5,13.0,0.3737623671875,343,43,A_1QB_Start8
2025,00-0033282,Curtis Samuel,WR,6,17.6,-25.900000000000006,-0.41295975781250005,7.25,38.333333333333336,39.333333333333336,44.333333333333336,41.833333333333336,39.333333333333336,0.3850199192708334,344,127,A_1QB_Start8
2025,00-0039577,Kedon Slovis,QB,2,-0.08,-31.800000000000004,-0.41703901562500006,15.860000000000001,12.0,13.0,18.0,15.5,13.0,0.37422007031250004,345,44,A_1QB_Start8
2025,00-0035876,Andre Baccellia,WR,4,1.8,-25.85,-0.4180070546875,6.9125000000000005,37.0,38.0,43.0,40.5,38.0,0.377075439453125,346,128,A_1QB_Start8
2025,00-0040649,Robbie Ouzts,RB,4,0.0,-25.95,-0.4191002265624999,6.4875,31.0,32.0,37.0,34.5,32.0,0.347779662109375,347,99,A_1QB_Start8
2025,00-0038558,Darnell Washington,TE,13,57.9,-24.450000000000003,-0.4199973281250002,6.334615384615385,15.461538461538462,16.46153846153846,21.46153846153846,18.96153846153846,16.46153846153846,0.3939301929086539,348,77,A_1QB_Start8
2025,00-0036906,Khalil Herbert,RB,5,6.1000000000000005,-27.25,-0.42083694531250004,6.67,29.6,30.6,35.6,33.1,30.6,0.3435967078125,349,100,A_1QB_Start8
2025,00-0034829,Mike Gesicki,TE,12,56.7,-22.05,-0.4230311796874999,6.5625,15.0,16.0,21.0,18.5,16.0,0.39343693424479165,350,78,A_1QB_Start8
2025,00-0037654,Tucker Fisk,TE,4,2.9000000000000004,-25.05,-0.42430635156250013,6.987500000000001,15.0,16.0,21.0,18.5,16.0,0.396605130859375,351,79,A_1QB_Start8
2025,00-0039066,Michael Mayer,TE,13,56.300000000000004,-25.65,-0.424423640625,6.303846153846154,15.923076923076923,16.923076923076923,21.923076923076923,19.423076923076923,16.923076923076923,0.39570012439903846,352,80,A_1QB_Start8
2025,00-0035628,D'Ernest Johnson,RB,5,2.5,-28.250000000000004,-0.42459621875000003,6.15,30.2,31.2,36.2,33.7,31.2,0.3415222,353,101,A_1QB_Start8
2025,00-0034869,Sam Darnold,QB,17,263.42,-32.580000000000005,-0.4253810234375002,17.41176470588235,12.0,13.0,18.0,15.5,13.0,0.3709121534926471,354,45,A_1QB_Start8
2025,00-0038589,Josh Whyle,TE,6,12.1,-24.450000000000003,-0.42571395312500004,6.091666666666668,15.0,16.0,21.0,18.5,16.0,0.40166819921875,355,81,A_1QB_Start8
2025,00-0037475,Stone Smartt,TE,6,8.7,-28.25,-0.42879078125000003,6.158333333333334,16.166666666666668,17.166666666666668,22.166666666666668,19.666666666666668,17.166666666666668,0.38793312369791666,356,82,A_1QB_Start8
2025,00-0040432,Beaux Collins,WR,4,3.5,-26.25,-0.4315651328125,7.4375,40.5,41.5,46.5,44.0,41.5,0.380102537109375,357,129,A_1QB_Start8
2025,00-0040179,DJ Giddens,RB,5,9.600000000000001,-24.900000000000002,-0.4343660078125,6.9,29.0,30.0,35.0,32.5,30.0,0.3357457484375,358,102,A_1QB_Start8
2025,00-0035537,Ty Johnson,RB,17,88.30000000000001,-27.000000000000004,-0.43665779687500017,6.782352941176471,30.58823529411765,31.58823529411765,36.588235294117645,34.088235294117645,31.58823529411765,0.34531725229779414,359,103,A_1QB_Start8
2025,00-0040058,Nick Kallerup,TE,4,0.0,-27.150000000000002,-0.4383129296874999,6.7875000000000005,13.25,14.25,19.25,16.75,14.25,0.3798103515625,360,83,A_1QB_Start8
2025,00-0039359,Cade Stover,TE,6,13.9,-24.75,-0.44063896093749993,6.441666666666666,15.166666666666666,16.166666666666668,21.166666666666668,18.666666666666668,16.166666666666668,0.3910635625,361,84,A_1QB_Start8
2025,00-0040237,Tez Johnson,WR,15,78.4,-25.1,-0.44435262500000006,6.9,38.0,39.0,44.0,41.5,39.0,0.3781499729166667,362,130,A_1QB_Start8
2025,00-0033376,Patrick Ricard,RB,5,1.6,-28.950000000000003,-0.4474857421875,6.11,31.8,32.8,37.8,35.3,32.8,0.34222023125,363,104,A_1QB_Start8
2025,00-0033439,Pharaoh Brown,TE,5,1.1,-28.85,-0.4498749296875,5.99,14.8,15.8,20.8,18.3,15.8,0.38801595781250003,364,85,A_1QB_Start8
2025,00-0038040,Zamir White,RB,5,7.6,-26.050000000000004,-0.45381711718750006,6.730000000000001,29.2,30.2,35.2,32.7,30.2,0.33565587343750003,365,105,A_1QB_Start8
2025,00-0035249,Josh Oliver,TE,12,47.5,-28.95,-0.45780709375,6.370833333333334,15.583333333333334,16.583333333333332,21.583333333333332,19.083333333333332,16.583333333333332,0.39282479947916665,366,86,A_1QB_Start8
2025,00-0038619,Andrei Iosivas,WR,15,73.4,-31.05,-0.45813793750000015,6.963333333333334,38.13333333333333,39.13333333333333,44.13333333333333,41.63333333333333,39.13333333333333,0.3787685479166667,367,131,A_1QB_Start8
2025,00-0039917,Michael Penix Jr.,QB,9,126.28,-33.01,-0.4615994453125001,17.698888888888888,12.0,13.0,18.0,15.5,13.0,0.3722391710069444,368,46,A_1QB_Start8
2025,00-0038797,Emanuel Wilson,RB,17,87.00000000000001,-27.549999999999997,-0.46297442968750024,6.738235294117648,30.529411764705884,31.529411764705884,36.529411764705884,34.029411764705884,31.529411764705884,0.3475281070772059,369,106,A_1QB_Start8
2025,00-0038640,Jalen Brooks,WR,5,6.6000000000000005,-28.3,-0.46415823437500003,6.9799999999999995,37.6,38.6,43.6,41.1,38.6,0.380457259375,370,132,A_1QB_Start8
2025,00-0039739,Roman Wilson,WR,9,32.6,-29.450000000000003,-0.4669884921875001,6.894444444444445,38.55555555555556,39.55555555555556,44.55555555555556,42.05555555555556,39.55555555555556,0.3766030121527778,371,133,A_1QB_Start8
2025,00-0038705,Emari Demercado,RB,12,51.8,-30.000000000000004,-0.46842502343750003,6.816666666666667,30.166666666666668,31.166666666666668,36.166666666666664,33.666666666666664,31.166666666666668,0.344790171875,372,107,A_1QB_Start8
2025,00-0039164,Anthony Richardson,QB,2,1.66,-32.32,-0.46994408593750003,16.990000000000002,12.0,13.0,18.0,15.5,13.0,0.37097834375,373,47,A_1QB_Start8
2025,00-0039062,Jonathan Mingo,WR,5,3.0,-29.950000000000003,-0.47158167187500005,6.590000000000001,37.4,38.4,43.4,40.9,38.4,0.38112401250000005,374,134,A_1QB_Start8
2025,00-0038618,Xavier Hutchinson,WR,16,80.5,-31.1,-0.4716546015625003,6.9750000000000005,38.4375,39.4375,44.4375,41.9375,39.4375,0.37666814697265627,375,135,A_1QB_Start8
2025,00-0034270,Tyler Conklin,TE,6,13.8,-27.1,-0.474608015625,6.816666666666666,15.5,16.5,21.5,19.0,16.5,0.3974514427083333,376,87,A_1QB_Start8
2025,00-0035500,Greg Dortch,WR,12,60.6,-24.65,-0.47872285937500025,7.104166666666667,38.166666666666664,39.166666666666664,44.166666666666664,41.666666666666664,39.166666666666664,0.37296675651041666,377,136,A_1QB_Start8
2025,00-0036133,James Proche,WR,6,9.5,-29.25,-0.48177245312499994,6.458333333333333,37.666666666666664,38.666666666666664,43.666666666666664,41.166666666666664,38.666666666666664,0.37460087760416666,378,137,A_1QB_Start8
2025,00-0040705,Chimere Dike,WR,17,92.10000000000001,-26.250000000000004,-0.48238115625000016,6.961764705882353,38.294117647058826,39.294117647058826,44.294117647058826,41.794117647058826,39.294117647058826,0.3770395390625,379,138,A_1QB_Start8
2025,00-0034775,Christian Kirk,WR,11,43.9,-30.300000000000004,-0.4836917265625003,6.745454545454546,37.72727272727273,38.72727272727273,43.72727272727273,41.22727272727273,38.72727272727273,0.3790305859375,380,139,A_1QB_Start8
2025,00-0034487,Trent Sherfield,WR,4,3.6,-26.35,-0.48455561718750007,7.4875,39.0,40.0,45.0,42.5,40.0,0.36709680859375005,381,140,A_1QB_Start8
2025,00-0033869,Mitchell Trubisky,QB,4,31.119999999999997,-39.440000000000005,-0.4845716484375,17.64,12.0,13.0,18.0,15.5,13.0,0.3811982734375,382,48,A_1QB_Start8
2025,00-0038979,Cedric Tillman,WR,12,49.5,-32.5,-0.48501810156250047,6.833333333333333,37.583333333333336,38.583333333333336,43.583333333333336,41.083333333333336,38.583333333333336,0.3705981373697917,383,141,A_1QB_Start8
2025,00-0032385,Sterling Shepard,WR,13,62.5,-28.2,-0.48528695312500014,6.976923076923077,38.07692307692308,39.07692307692308,44.07692307692308,41.57692307692308,39.07692307692308,0.37326997235576925,384,142,A_1QB_Start8
2025,00-0034577,Kyle Allen,QB,2,-0.30000000000000004,-36.28,-0.4885307812500001,17.990000000000002,12.0,13.0,18.0,15.5,13.0,0.38613760156250004,385,49,A_1QB_Start8
2025,00-0037742,Treylon Burks,WR,8,24.0,-30.500000000000004,-0.48897708593749994,6.8125,37.25,38.25,43.25,40.75,38.25,0.37425564843750003,386,143,A_1QB_Start8
2025,00-0038621,DeMario Douglas,WR,16,80.3,-30.900000000000002,-0.4902843750000001,6.95,38.625,39.625,44.625,42.125,39.625,0.3778982583007813,387,144,A_1QB_Start8
2025,00-0036427,Tyler Johnson,WR,9,31.7,-30.800000000000004,-0.4929755078125003,6.944444444444445,38.666666666666664,39.666666666666664,44.666666666666664,42.166666666666664,39.666666666666664,0.3749091684027778,388,145,A_1QB_Start8
2025,00-0037258,Dameon Pierce,RB,5,3.6,-28.35,-0.49339059375000016,6.390000000000001,29.6,30.6,35.6,33.1,30.6,0.3281749125,389,108,A_1QB_Start8
2025,00-0038752,Jake Bobo,WR,5,3.0,-31.450000000000003,-0.49493384375000005,6.890000000000001,38.2,39.2,44.2,41.7,39.2,0.3808471140625,390,146,A_1QB_Start8
2025,00-0036425,DeeJay Dallas,RB,5,2.1,-32.050000000000004,-0.49731997656250004,6.830000000000001,28.6,29.6,34.6,32.1,29.6,0.33706338281250003,391,109,A_1QB_Start8
2025,00-0036332,Josiah Deguara,TE,7,9.6,-32.0,-0.4979454218750001,5.942857142857143,14.857142857142858,15.857142857142858,20.857142857142858,18.357142857142858,15.857142857142858,0.4009534620535714,392,88,A_1QB_Start8
2025,00-0038839,Mitchell Tinsley,WR,8,27.6,-30.250000000000004,-0.4995128984375002,7.23125,38.375,39.375,44.375,41.875,39.375,0.3694716171875,393,147,A_1QB_Start8
2025,00-0036849,Tutu Atwell,WR,8,28.2,-29.650000000000002,-0.5019572734375002,7.23125,38.875,39.875,44.875,42.375,39.875,0.3755739462890625,394,148,A_1QB_Start8
2025,00-0036176,Mason Kinsey,WR,6,5.800000000000001,-32.35,-0.5058966015624999,6.358333333333333,38.666666666666664,39.666666666666664,44.666666666666664,42.166666666666664,39.666666666666664,0.38719205208333335,395,149,A_1QB_Start8
2025,00-0036232,Harrison Bryant,TE,5,1.7,-30.6,-0.50867084375,6.459999999999999,16.0,17.0,22.0,19.5,17.0,0.37939731718749997,396,89,A_1QB_Start8
2025,00-0038953,Dylan Drummond,WR,6,7.7,-31.050000000000004,-0.5104288203125,6.458333333333333,37.666666666666664,38.666666666666664,43.666666666666664,41.166666666666664,38.666666666666664,0.37460087760416666,397,150,A_1QB_Start8
2025,00-0037801,KaVontae Turpin,WR,15,71.5,-31.85,-0.5113299765625003,6.890000000000001,38.333333333333336,39.333333333333336,44.333333333333336,41.833333333333336,39.333333333333336,0.37586304114583335,398,151,A_1QB_Start8
2025,00-0035208,Olamide Zaccheaus,WR,14,65.30000000000001,-32.65,-0.5118775859375002,6.996428571428572,38.07142857142857,39.07142857142857,44.07142857142857,41.57142857142857,39.07142857142857,0.37198518024553573,399,152,A_1QB_Start8
2025,00-0038951,Sean Tucker,RB,17,87.4,-27.6,-0.5130951875,6.764705882352941,30.58823529411765,31.58823529411765,36.588235294117645,34.088235294117645,31.58823529411765,0.3445093534007353,400,110,A_1QB_Start8
2025,00-0038416,Tyson Bagent,QB,2,2.58,-37.39,-0.5187164375,19.985,12.0,13.0,18.0,15.5,13.0,0.37674796875,401,50,A_1QB_Start8
2025,00-0031763,DeAndre Carter,WR,4,0.0,-30.0,-0.5352318203125,7.5,38.75,39.75,44.75,42.25,39.75,0.361967033203125,402,153,A_1QB_Start8
2025,00-0039880,Malik Washington,WR,17,87.7,-31.700000000000003,-0.5367216093750002,7.023529411764706,38.05882352941177,39.05882352941177,44.05882352941177,41.55882352941177,39.05882352941177,0.3764525330882353,403,154,A_1QB_Start8
2025,00-0031237,Teddy Bridgewater,QB,3,2.88,-42.160000000000004,-0.539649265625,15.013333333333335,12.0,13.0,18.0,15.5,13.0,0.35969727604166674,404,51,A_1QB_Start8
2025,00-0039150,Bryce Young,QB,16,240.04000000000002,-39.89,-0.5397931718750002,17.495625,12.0,13.0,18.0,15.5,13.0,0.372440056640625,405,52,A_1QB_Start8
2025,00-0040134,Pat Bryant,WR,13,59.300000000000004,-32.45,-0.5419415078125002,7.0576923076923075,37.61538461538461,38.61538461538461,43.61538461538461,41.11538461538461,38.61538461538461,0.37559396694711544,406,155,A_1QB_Start8
2025,00-0036429,Charlie Woerner,TE,7,8.8,-35.35,-0.5468429609375001,6.307142857142857,15.571428571428571,16.571428571428573,21.571428571428573,19.071428571428573,16.571428571428573,0.3910062232142857,407,90,A_1QB_Start8
2025,00-0037291,Jalen Nailor,WR,17,86.2,-32.050000000000004,-0.547621046875,6.955882352941177,38.294117647058826,39.294117647058826,44.294117647058826,41.794117647058826,39.294117647058826,0.37611326792279415,408,156,A_1QB_Start8
2025,00-0034981,Foster Moreau,TE,7,9.4,-33.150000000000006,-0.5491118203124999,6.078571428571429,15.285714285714286,16.285714285714285,21.285714285714285,18.785714285714285,16.285714285714285,0.39736296540178573,409,91,A_1QB_Start8
2025,00-0038454,Keaton Mitchell,RB,13,50.900000000000006,-35.4,-0.5530104765625001,6.63846153846154,30.384615384615383,31.384615384615383,36.38461538461539,33.88461538461539,31.384615384615383,0.34727132211538464,410,111,A_1QB_Start8
2025,00-0035544,Tom Kennedy,WR,6,5.6,-34.95,-0.5547456015625001,6.758333333333334,37.0,38.0,43.0,40.5,38.0,0.3737447669270833,411,157,A_1QB_Start8
2025,00-0036841,Austin Trammell,WR,6,6.1000000000000005,-33.65,-0.5548282890625,6.625,37.333333333333336,38.333333333333336,43.333333333333336,40.833333333333336,38.333333333333336,0.37339060026041665,412,158,A_1QB_Start8
2025,00-0034407,Ray-Ray McCloud,WR,6,10.4,-33.55,-0.5572311875000002,7.325,38.5,39.5,44.5,42.0,39.5,0.3665741197916667,413,159,A_1QB_Start8
2025,00-0037324,Chris Oladokun,QB,3,11.200000000000001,-39.79,-0.5613427578125,16.996666666666666,12.0,13.0,18.0,15.5,13.0,0.36937308854166667,414,53,A_1QB_Start8
2025,00-0040206,Riley Leonard,QB,5,37.0,-46.81,-0.561594234375,16.762,12.0,13.0,18.0,15.5,13.0,0.362173925,415,54,A_1QB_Start8
2025,00-0036626,Dyami Brown,WR,11,39.7,-37.8,-0.569557828125,7.045454545454546,38.72727272727273,39.72727272727273,44.72727272727273,42.22727272727273,39.72727272727273,0.37931517471590914,416,160,A_1QB_Start8
2025,00-0023459,Aaron Rodgers,QB,16,240.58,-38.83,-0.5713485625000003,17.463125,12.0,13.0,18.0,15.5,13.0,0.3711050244140625,417,55,A_1QB_Start8
2025,00-0038938,Jalin Hyatt,WR,6,6.0,-36.85,-0.5730530546874999,7.141666666666667,38.666666666666664,39.666666666666664,44.666666666666664,42.166666666666664,39.666666666666664,0.3905306575520833,418,161,A_1QB_Start8
2025,00-0034159,Will Dissly,TE,8,15.200000000000001,-33.15,-0.5742356484375,6.04375,16.875,17.875,22.875,20.375,17.875,0.3993857939453125,419,92,A_1QB_Start8
2025,00-0039912,Ben Sinnott,TE,9,22.900000000000002,-34.65,-0.5770686718750001,6.394444444444445,14.666666666666666,15.666666666666666,20.666666666666668,18.166666666666668,15.666666666666666,0.38756145052083335,420,93,A_1QB_Start8
2025,00-0034418,Cedrick Wilson Jr.,WR,6,6.9,-34.35,-0.5787066640625002,6.875,38.166666666666664,39.166666666666664,44.166666666666664,41.666666666666664,39.166666666666664,0.37669724088541673,421,162,A_1QB_Start8
2025,00-0037745,Velus Jones Jr.,WR,5,3.2,-32.75,-0.5836533671875002,7.19,37.6,38.6,43.6,41.1,38.6,0.3694847828125,422,163,A_1QB_Start8
2025,00-0033526,Samaje Perine,RB,15,69.4,-34.800000000000004,-0.5845475546875003,6.946666666666667,29.933333333333334,30.933333333333334,35.93333333333333,33.43333333333333,30.933333333333334,0.3456743984375,423,112,A_1QB_Start8
2025,00-0038397,Evan Hull,RB,6,5.9,-36.35,-0.5860547500000001,7.041666666666667,31.666666666666668,32.666666666666664,37.666666666666664,35.166666666666664,32.666666666666664,0.3520928151041667,424,113,A_1QB_Start8
2025,00-0034860,Dante Pettis,WR,8,15.200000000000001,-37.6,-0.588510609375,6.6000000000000005,37.25,38.25,43.25,40.75,38.25,0.373364763671875,425,164,A_1QB_Start8
2025,00-0039342,Xavier Legette,WR,15,71.80000000000001,-33.0,-0.5927671875000003,6.986666666666667,38.53333333333333,39.53333333333333,44.53333333333333,42.03333333333333,39.53333333333333,0.37850361979166663,426,165,A_1QB_Start8
2025,00-0036265,AJ Dillon,RB,6,7.6000000000000005,-34.8,-0.5995253749999999,7.066666666666666,29.5,30.5,35.5,33.0,30.5,0.3377140143229167,427,114,A_1QB_Start8
2025,00-0039521,Xavier Weaver,WR,7,10.200000000000001,-37.65,-0.5995805859375,6.835714285714286,37.142857142857146,38.142857142857146,43.142857142857146,40.642857142857146,38.142857142857146,0.37622249553571435,428,166,A_1QB_Start8
2025,00-0038976,Marvin Mims Jr.,WR,15,70.5,-34.95,-0.6014255703125,7.03,38.06666666666667,39.06666666666667,44.06666666666667,41.56666666666667,39.06666666666667,0.37654109843750005,429,167,A_1QB_Start8
2025,00-0038115,Daniel Bellinger,TE,13,50.1,-34.6,-0.6026282578125,6.515384615384615,15.076923076923077,16.076923076923077,21.076923076923077,18.576923076923077,16.076923076923077,0.3935946003605769,430,94,A_1QB_Start8
2025,00-0035567,Craig Reynolds,RB,5,0.4,-35.85,-0.6035853124999999,7.25,29.6,30.6,35.6,33.1,30.6,0.3359834734375,431,115,A_1QB_Start8
2025,00-0037557,Ronnie Rivers,RB,6,4.6000000000000005,-37.650000000000006,-0.6049083359375002,7.041666666666667,31.666666666666668,32.666666666666664,37.666666666666664,35.166666666666664,32.666666666666664,0.3520928151041667,432,116,A_1QB_Start8
2025,00-0037132,Britain Covey,WR,6,3.0,-37.550000000000004,-0.605168671875,6.758333333333334,37.0,38.0,43.0,40.5,38.0,0.3737447669270833,433,168,A_1QB_Start8
2025,00-0039021,Roschon Johnson,RB,6,1.7000000000000002,-39.5,-0.6060918203124999,6.866666666666667,30.333333333333332,31.333333333333332,36.333333333333336,33.833333333333336,31.333333333333332,0.3482176627604166,434,117,A_1QB_Start8
2025,00-0032951,Laquon Treadwell,WR,6,0.0,-38.550000000000004,-0.6065750546875,6.425000000000001,37.166666666666664,38.166666666666664,43.166666666666664,40.666666666666664,38.166666666666664,0.37002779687500004,435,169,A_1QB_Start8
2025,00-0040563,Efton Chism III,WR,8,15.0,-38.550000000000004,-0.6071002890625,6.6937500000000005,37.375,38.375,43.375,40.875,38.375,0.37912544531250003,436,170,A_1QB_Start8
2025,00-0037614,John Metchie III,WR,13,55.400000000000006,-34.050000000000004,-0.6072511093749999,6.880769230769231,37.76923076923077,38.76923076923077,43.76923076923077,41.26923076923077,38.76923076923077,0.3726097457932693,437,171,A_1QB_Start8
2025,00-0040584,Gunnar Helm,TE,16,69.7,-33.7,-0.6092304296875,6.4625,15.4375,16.4375,21.4375,18.9375,16.4375,0.3926244184570312,438,95,A_1QB_Start8
2025,00-0032392,Austin Hooper,TE,13,48.800000000000004,-33.699999999999996,-0.6113916484375002,6.346153846153846,16.0,17.0,22.0,19.5,17.0,0.39986445072115384,439,96,A_1QB_Start8
2025,00-0039623,Mason Tipton,WR,8,14.900000000000002,-39.1,-0.6115254999999999,6.75,37.75,38.75,43.75,41.25,38.75,0.3760434755859375,440,172,A_1QB_Start8
2025,00-0034798,Durham Smythe,TE,7,4.5,-38.75,-0.6115671796875001,6.178571428571429,15.571428571428571,16.571428571428573,21.571428571428573,19.071428571428573,16.571428571428573,0.38964072879464284,441,97,A_1QB_Start8
2025,00-0036309,Darnell Mooney,WR,15,66.3,-36.2,-0.6126856328125001,6.833333333333333,38.13333333333333,39.13333333333333,44.13333333333333,41.63333333333333,39.13333333333333,0.3763903140625,442,173,A_1QB_Start8
2025,00-0039890,Adonai Mitchell,WR,16,71.4,-40.2,-0.6155983828125005,6.9750000000000005,38.4375,39.4375,44.4375,41.9375,39.4375,0.37666814697265627,443,174,A_1QB_Start8
2025,00-0038496,Xavier Gipson,WR,6,1.6,-38.050000000000004,-0.6165798671875001,6.608333333333333,38.833333333333336,39.833333333333336,44.833333333333336,42.333333333333336,39.833333333333336,0.3816381354166667,444,175,A_1QB_Start8
2025,00-0032398,Chris Moore,WR,10,33.1,-37.1,-0.6188294218750001,7.0200000000000005,37.6,38.6,43.6,41.1,38.6,0.37866003203125,445,176,A_1QB_Start8
2025,00-0034272,Marquez Valdes-Scantling,WR,9,25.0,-37.6,-0.6210500859375001,6.955555555555556,38.333333333333336,39.333333333333336,44.333333333333336,41.833333333333336,39.333333333333336,0.3778796796875,446,177,A_1QB_Start8
2025,00-0036290,Cole Kmet,TE,16,63.7,-38.650000000000006,-0.6222393515624998,6.3968750000000005,15.5625,16.5625,21.5625,19.0625,16.5625,0.3958200693359375,447,98,A_1QB_Start8
2025,00-0040509,Ben Yurosek,TE,6,2.4,-36.65,-0.626611203125,6.508333333333334,14.833333333333334,15.833333333333334,20.833333333333332,18.333333333333332,15.833333333333334,0.38992939192708337,448,99,A_1QB_Start8
2025,00-0035891,Cody White,WR,8,16.5,-38.150000000000006,-0.6309419921875001,6.831250000000001,37.375,38.375,43.375,40.875,38.375,0.3714684189453125,449,178,A_1QB_Start8
2025,00-0040398,Brady Cook,QB,5,42.46,-43.2,-0.6334684453124999,17.131999999999998,12.0,13.0,18.0,15.5,13.0,0.36744712343749997,450,56,A_1QB_Start8
2025,00-0035359,David Sills,WR,12,40.1,-39.85,-0.6348164843750002,6.6625000000000005,38.166666666666664,39.166666666666664,44.166666666666664,41.666666666666664,39.166666666666664,0.37874200065104163,451,179,A_1QB_Start8
2025,00-0035993,Tyler Huntley,QB,5,40.14,-48.47,-0.64529878125,17.722,12.0,13.0,18.0,15.5,13.0,0.3773424234375,452,57,A_1QB_Start8
2025,00-0036980,Elijah Moore,WR,9,24.099999999999998,-39.0,-0.6457789531250001,7.011111111111111,38.77777777777778,39.77777777777778,44.77777777777778,42.27777777777778,39.77777777777778,0.3728141180555556,453,180,A_1QB_Start8
2025,00-0036972,Mac Jones,QB,11,142.04,-50.0,-0.6540538359375001,17.458181818181817,12.0,13.0,18.0,15.5,13.0,0.3756580738636364,454,58,A_1QB_Start8
2025,00-0031345,Jimmy Garoppolo,QB,3,-1.0,-49.650000000000006,-0.6554493515625001,16.21666666666667,12.0,13.0,18.0,15.5,13.0,0.3580869375,455,59,A_1QB_Start8
2025,00-0038465,Malik Heath,WR,7,11.6,-39.050000000000004,-0.65639278125,7.235714285714287,38.714285714285715,39.714285714285715,44.714285714285715,42.214285714285715,39.714285714285715,0.3695206696428572,456,181,A_1QB_Start8
2025,00-0038643,Brayden Willis,TE,6,0.0,-39.7,-0.6609692031250001,6.616666666666667,16.0,17.0,22.0,19.5,17.0,0.40009177994791667,457,100,A_1QB_Start8
2025,00-0035704,Drew Lock,QB,3,0.09999999999999998,-48.33,-0.664017859375,16.143333333333334,12.0,13.0,18.0,15.5,13.0,0.37091721875,458,60,A_1QB_Start8
2025,00-0039356,Ja'Tavion Sanders,TE,12,39.5,-38.85,-0.6654331093749999,6.529166666666668,14.666666666666666,15.666666666666666,20.666666666666668,18.166666666666668,15.666666666666666,0.3910953645833333,459,101,A_1QB_Start8
2025,00-0037086,Grant Calcaterra,TE,9,18.1,-41.150000000000006,-0.6655395625,6.583333333333333,15.0,16.0,21.0,18.5,16.0,0.3927519565972222,460,102,A_1QB_Start8
2025,00-0038679,Tyrell Shavers,WR,11,38.0,-39.75,-0.6692984375000003,7.068181818181818,37.81818181818182,38.81818181818182,43.81818181818182,41.31818181818182,38.81818181818182,0.37733686079545453,461,182,A_1QB_Start8
2025,00-0037487,Deven Thompkins,WR,7,4.7,-42.6,-0.6742482890625001,6.757142857142858,36.857142857142854,37.857142857142854,42.857142857142854,40.357142857142854,37.857142857142854,0.37506434486607143,462,183,A_1QB_Start8
2025,00-0036628,John Bates,TE,10,21.8,-41.85,-0.6817815781250001,6.365,15.7,16.7,21.7,19.2,16.7,0.37737694921875,463,103,A_1QB_Start8
2025,00-0037348,Tanner Conner,TE,8,13.600000000000001,-39.25,-0.6846705078124999,6.60625,16.75,17.75,22.75,20.25,17.75,0.39310330078125,464,104,A_1QB_Start8
2025,00-0034365,Ian Thomas,TE,9,17.9,-39.75000000000001,-0.689108890625,6.405555555555556,15.333333333333334,16.333333333333332,21.333333333333332,18.833333333333332,16.333333333333332,0.3975043532986111,465,105,A_1QB_Start8
2025,00-0036988,Josh Palmer,WR,12,41.300000000000004,-42.95,-0.6900074296875001,7.020833333333333,38.416666666666664,39.416666666666664,44.416666666666664,41.916666666666664,39.416666666666664,0.37883381510416664,466,184,A_1QB_Start8
2025,00-0038440,Zavier Scott,RB,11,32.2,-43.400000000000006,-0.6934488671875001,6.872727272727274,30.363636363636363,31.363636363636363,36.36363636363637,33.86363636363637,31.363636363636363,0.34547913423295457,467,118,A_1QB_Start8
2025,00-0039603,British Brooks,RB,8,7.800000000000001,-45.2,-0.698440234375,6.625,29.625,30.625,35.625,33.125,30.625,0.34818334765625003,468,119,A_1QB_Start8
2025,00-0036415,Van Jefferson,WR,14,55.5,-41.25000000000001,-0.7017172421875002,6.910714285714286,38.214285714285715,39.214285714285715,44.214285714285715,41.714285714285715,39.214285714285715,0.3773178688616072,469,185,A_1QB_Start8
2025,00-0038400,Tanner McKee,QB,4,15.760000000000002,-53.49,-0.7032729765625,17.3125,12.0,13.0,18.0,15.5,13.0,0.371858998046875,470,61,A_1QB_Start8
2025,00-0040667,Matthew Golden,WR,14,55.5,-41.400000000000006,-0.7051580859375002,6.921428571428572,38.285714285714285,39.285714285714285,44.285714285714285,41.785714285714285,39.285714285714285,0.3790617561383929,471,186,A_1QB_Start8
2025,00-0038555,Tank Bigsby,RB,15,52.3,-47.0,-0.7079776796875002,6.620000000000001,30.266666666666666,31.266666666666666,36.266666666666666,33.766666666666666,31.266666666666666,0.343818340625,472,120,A_1QB_Start8
2025,00-0039379,Jamari Thrash,WR,8,15.7,-41.35,-0.7095222265625001,7.1312500000000005,39.125,40.125,45.125,42.625,40.125,0.37484638867187503,473,187,A_1QB_Start8
2025,00-0033858,Jonnu Smith,TE,17,66.2,-42.5,-0.7162117968750001,6.394117647058824,15.411764705882353,16.41176470588235,21.41176470588235,18.91176470588235,16.41176470588235,0.3945442003676471,474,106,A_1QB_Start8
2025,00-0029263,Russell Wilson,QB,6,55.84,-53.339999999999996,-0.7163671328125001,18.196666666666665,12.0,13.0,18.0,15.5,13.0,0.37982052734375005,475,62,A_1QB_Start8
2025,00-0040218,Jimmy Horn Jr.,WR,10,23.2,-44.95,-0.7182382890624999,6.815,38.8,39.8,44.8,42.3,39.8,0.38502513203125,476,188,A_1QB_Start8
2025,00-0034521,Allen Lazard,WR,9,18.0,-44.35,-0.7265642109374999,6.927777777777778,38.22222222222222,39.22222222222222,44.22222222222222,41.72222222222222,39.22222222222222,0.37509138194444447,477,189,A_1QB_Start8
2025,00-0040194,Jackson Hawes,TE,13,44.7,-40.6,-0.7281881484375,6.561538461538461,14.692307692307692,15.692307692307692,20.692307692307693,18.192307692307693,15.692307692307692,0.39215781790865384,478,107,A_1QB_Start8
2025,00-0033357,Taysom Hill,TE,13,36.28,-44.67,-0.7307708046874998,6.226923076923077,16.23076923076923,17.23076923076923,22.23076923076923,19.73076923076923,17.23076923076923,0.38702215204326923,479,108,A_1QB_Start8
2025,00-0036741,Jack Stoll,TE,9,13.6,-44.35,-0.7336232265625,6.438888888888889,15.11111111111111,16.11111111111111,21.11111111111111,18.61111111111111,16.11111111111111,0.3917202769097222,480,109,A_1QB_Start8
2025,00-0040590,Konata Mumpfield,WR,10,20.2,-45.800000000000004,-0.736654890625,6.6,37.2,38.2,43.2,40.7,38.2,0.37511264375,481,190,A_1QB_Start8
2025,00-0033217,Mo Alie-Cox,TE,11,24.2,-43.2,-0.7382337031250001,6.127272727272728,16.545454545454547,17.545454545454547,22.545454545454547,20.045454545454547,17.545454545454547,0.4002438984375,482,110,A_1QB_Start8
2025,00-0033375,Tim Patrick,WR,13,44.2,-45.1,-0.7400707109375002,6.869230769230769,37.69230769230769,38.69230769230769,43.69230769230769,41.19230769230769,38.69230769230769,0.37488995372596157,483,191,A_1QB_Start8
2025,00-0039398,Joe Milton III,QB,4,14.32,-51.620000000000005,-0.7431016015625,16.485,12.0,13.0,18.0,15.5,13.0,0.3718073203125,484,63,A_1QB_Start8
2025,00-0030565,Geno Smith,QB,15,207.9,-53.01,-0.745647140625,17.394000000000002,12.0,13.0,18.0,15.5,13.0,0.36899665364583334,485,64,A_1QB_Start8
2025,00-0040673,Jalen Milroe,QB,3,-1.6,-54.48,-0.7549632890625,17.626666666666665,12.0,13.0,18.0,15.5,13.0,0.34727891406249994,486,65,A_1QB_Start8
2025,00-0029604,Kirk Cousins,QB,10,113.53999999999999,-50.82000000000001,-0.7656297031250001,16.436,12.0,13.0,18.0,15.5,13.0,0.37091746640625,487,66,A_1QB_Start8
2025,00-0039074,Davis Allen,TE,15,50.8,-45.900000000000006,-0.7722501718750001,6.446666666666667,15.8,16.8,21.8,19.3,16.8,0.392211378125,488,111,A_1QB_Start8
2025,00-0027973,Andy Dalton,QB,4,11.52,-55.519999999999996,-0.7747101875000001,16.759999999999998,12.0,13.0,18.0,15.5,13.0,0.36676268359375,489,67,A_1QB_Start8
2025,00-0036646,Simi Fehoko,WR,7,0.0,-49.65,-0.7854119531250001,7.0928571428571425,37.714285714285715,38.714285714285715,43.714285714285715,41.214285714285715,38.714285714285715,0.3769027142857143,490,192,A_1QB_Start8
2025,00-0026158,Joe Flacco,QB,13,166.66,-57.95,-0.7883170078125001,17.27769230769231,12.0,13.0,18.0,15.5,13.0,0.36887019771634616,491,68,A_1QB_Start8
2025,00-0039376,Spencer Rattler,QB,9,108.64,-53.599999999999994,-0.7910520625,18.026666666666667,12.0,13.0,18.0,15.5,13.0,0.3703797951388889,492,69,A_1QB_Start8
2025,00-0033955,Jeremy McNichols,RB,16,60.2,-48.50000000000001,-0.7945605312500003,6.79375,30.4375,31.4375,36.4375,33.9375,31.4375,0.3462580263671875,493,121,A_1QB_Start8
2025,00-0037012,Trey Lance,QB,4,15.54,-51.650000000000006,-0.7947063750000001,16.7975,12.0,13.0,18.0,15.5,13.0,0.37900780859375,494,70,A_1QB_Start8
2025,00-0036550,Rashod Bateman,WR,13,45.900000000000006,-47.1,-0.7971099921875002,7.153846153846154,38.0,39.0,44.0,41.5,39.0,0.3718019915865385,495,193,A_1QB_Start8
2025,00-0039798,Isaiah Davis,RB,16,60.7,-48.150000000000006,-0.7986541250000002,6.8031250000000005,30.6875,31.6875,36.6875,34.1875,31.6875,0.34439326806640624,496,122,A_1QB_Start8
2025,00-0037005,Tommy Tremble,TE,15,50.400000000000006,-47.25,-0.8076899374999998,6.510000000000001,15.666666666666666,16.666666666666668,21.666666666666668,19.166666666666668,16.666666666666668,0.38994772083333334,497,112,A_1QB_Start8
2025,00-0040131,Kyle Williams,WR,14,44.2,-51.550000000000004,-0.808523078125,6.839285714285714,37.714285714285715,38.714285714285715,43.714285714285715,41.214285714285715,38.714285714285715,0.3765828582589286,498,194,A_1QB_Start8
2025,00-0034854,KhaDarel Hodge,WR,8,4.6,-50.95,-0.8096471093750001,6.9437500000000005,38.625,39.625,44.625,42.125,39.625,0.38458584375,499,195,A_1QB_Start8
2025,00-0032775,Demarcus Robinson,WR,14,47.2,-49.7,-0.8101275078125,6.921428571428572,37.92857142857143,38.92857142857143,43.92857142857143,41.42857142857143,38.92857142857143,0.38060335937500006,500,196,A_1QB_Start8
2025,00-0037093,Dareke Young,WR,8,5.8,-51.85,-0.8177333437500002,7.20625,38.125,39.125,44.125,41.625,39.125,0.3757064033203125,501,197,A_1QB_Start8
2025,00-0037666,Jalen Tolbert,WR,12,37.3,-47.35,-0.8187705000000002,7.054166666666667,38.333333333333336,39.333333333333336,44.333333333333336,41.833333333333336,39.333333333333336,0.37614383919270833,502,198,A_1QB_Start8
2025,00-0040187,Mitchell Evans,TE,14,38.7,-50.5,-0.8214675468749999,6.371428571428572,15.5,16.5,21.5,19.0,16.5,0.3932382633928571,503,113,A_1QB_Start8
2025,00-0038046,Charlie Kolar,TE,13,31.2,-51.75,-0.822293578125,6.380769230769231,15.307692307692308,16.307692307692307,21.307692307692307,18.807692307692307,16.307692307692307,0.38936533713942306,504,114,A_1QB_Start8
2025,00-0039144,Luke Musgrave,TE,13,37.2,-46.9,-0.8252542500000001,6.46923076923077,14.846153846153847,15.846153846153847,20.846153846153847,18.346153846153847,15.846153846153847,0.39434736658653846,505,115,A_1QB_Start8
2025,00-0035594,Travis Homer,RB,8,-0.2,-52.5,-0.8360651250000001,6.5375000000000005,30.25,31.25,36.25,33.75,31.25,0.349295396484375,506,123,A_1QB_Start8
2025,00-0038720,Julian Hill,TE,11,23.5,-48.6,-0.8499886953124999,6.554545454545456,16.09090909090909,17.09090909090909,22.09090909090909,19.59090909090909,17.09090909090909,0.39210403053977266,507,116,A_1QB_Start8
2025,00-0039363,Isaac Guerendo,RB,7,0.0,-49.95,-0.8561655703125,7.135714285714286,29.142857142857142,30.142857142857142,35.142857142857146,32.642857142857146,30.142857142857142,0.34765714620535715,508,124,A_1QB_Start8
2025,00-0038824,Ryan Miller,WR,9,10.4,-51.800000000000004,-0.8593265468750002,6.911111111111111,37.666666666666664,38.666666666666664,43.666666666666664,41.166666666666664,38.666666666666664,0.3695436510416667,509,199,A_1QB_Start8
2025,00-0036212,Tua Tagovailoa,QB,14,190.7,-56.41,-0.8622006718750002,17.650714285714287,12.0,13.0,18.0,15.5,13.0,0.37064813392857143,510,71,A_1QB_Start8
2025,00-0039364,Sione Vaki,RB,8,0.4,-53.25,-0.8668691015625001,6.706250000000001,30.875,31.875,36.875,34.375,31.875,0.3526629912109375,511,125,A_1QB_Start8
2025,00-0039299,George Holani,RB,10,13.8,-54.150000000000006,-0.8729817968749999,6.795,29.8,30.8,35.8,33.3,30.8,0.34439920078124997,512,126,A_1QB_Start8
2025,00-0036422,Adam Trautman,TE,13,35.5,-50.95,-0.878843703125,6.65,14.615384615384615,15.615384615384615,20.615384615384617,18.115384615384617,15.615384615384615,0.39406134615384614,513,117,A_1QB_Start8
2025,00-0037306,John FitzPatrick,TE,11,19.2,-51.35,-0.8839714140625001,6.413636363636363,14.454545454545455,15.454545454545455,20.454545454545453,17.954545454545453,15.454545454545455,0.3914949403409091,514,118,A_1QB_Start8
2025,00-0033949,Joshua Dobbs,QB,4,2.1,-66.48,-0.8841561562500001,17.145,12.0,13.0,18.0,15.5,13.0,0.36896171875,515,72,A_1QB_Start8
2025,00-0033576,Eric Saubert,TE,9,7.1,-51.55,-0.8846654765625,6.516666666666667,15.777777777777779,16.77777777777778,21.77777777777778,19.27777777777778,16.77777777777778,0.3960158689236111,516,119,A_1QB_Start8
2025,00-0039920,Malachi Corley,WR,12,26.1,-54.85,-0.8863263125000002,6.745833333333334,38.0,39.0,44.0,41.5,39.0,0.3801430032552084,517,200,A_1QB_Start8
2025,00-0035289,Gardner Minshew,QB,4,1.6799999999999997,-69.33000000000001,-0.8869070390625001,17.7525,12.0,13.0,18.0,15.5,13.0,0.36789183007812504,518,73,A_1QB_Start8
2025,00-0035631,Drew Sample,TE,12,24.4,-52.15,-0.8952184062499999,6.379166666666666,16.083333333333332,17.083333333333332,22.083333333333332,19.583333333333332,17.083333333333332,0.393170029296875,519,120,A_1QB_Start8
2025,00-0032104,Ameer Abdullah,RB,13,29.9,-56.7,-0.9135310468750003,6.661538461538462,29.76923076923077,30.76923076923077,35.76923076923077,33.26923076923077,30.76923076923077,0.34762820312500003,520,127,A_1QB_Start8
2025,00-0032464,Kalif Raymond,WR,15,48.800000000000004,-55.85,-0.9155803828125001,6.9766666666666675,38.333333333333336,39.333333333333336,44.333333333333336,41.833333333333336,39.333333333333336,0.3785872588541667,521,201,A_1QB_Start8
2025,00-0036590,Quintin Morris,TE,11,14.5,-55.800000000000004,-0.9183033515625001,6.390909090909091,14.727272727272727,15.727272727272727,20.727272727272727,18.227272727272727,15.727272727272727,0.39078092684659094,522,121,A_1QB_Start8
2025,00-0031236,Brandin Cooks,WR,13,39.900000000000006,-54.400000000000006,-0.9184573671875002,7.253846153846155,38.53846153846154,39.53846153846154,44.53846153846154,42.03846153846154,39.53846153846154,0.37527711778846157,523,202,A_1QB_Start8
2025,00-0037805,Jeremy Ruckert,TE,14,35.400000000000006,-55.2,-0.9201738203125,6.471428571428572,15.285714285714286,16.285714285714285,21.285714285714285,18.785714285714285,16.285714285714285,0.3909743376116071,524,122,A_1QB_Start8
2025,00-0037746,Brian Robinson,RB,17,58.50000000000001,-57.0,-0.9224385078125001,6.794117647058823,30.11764705882353,31.11764705882353,36.11764705882353,33.61764705882353,31.11764705882353,0.34511194898897063,525,128,A_1QB_Start8
2025,00-0038710,Blake Whiteheart,TE,9,1.4,-55.550000000000004,-0.9224929140625001,6.327777777777778,16.333333333333332,17.333333333333332,22.333333333333332,19.833333333333332,17.333333333333332,0.39821862760416665,526,123,A_1QB_Start8
2025,00-0037013,Zach Wilson,QB,4,1.3800000000000001,-66.83,-0.92840784375,17.052500000000002,12.0,13.0,18.0,15.5,13.0,0.34763414257812497,527,74,A_1QB_Start8
2025,00-0031687,Raheem Mostert,RB,12,23.400000000000002,-58.900000000000006,-0.9329310703125002,6.858333333333334,30.916666666666668,31.916666666666668,36.916666666666664,34.416666666666664,31.916666666666668,0.35321315234375,528,129,A_1QB_Start8
2025,00-0036842,Kene Nwangwu,RB,10,4.9,-59.45,-0.9355272265625001,6.4350000000000005,30.2,31.2,36.2,33.7,31.2,0.34605767265625,529,130,A_1QB_Start8
2025,00-0039050,Payne Durham,TE,8,1.6,-51.900000000000006,-0.9406043906250001,6.6875,14.875,15.875,20.875,18.375,15.875,0.39564088671875,530,124,A_1QB_Start8
2025,00-0037267,Jerome Ford,RB,13,30.6,-56.800000000000004,-0.9430505468750001,6.723076923076923,30.76923076923077,31.76923076923077,36.76923076923077,34.26923076923077,31.76923076923077,0.344384584735577,531,131,A_1QB_Start8
2025,00-0040739,Elijah Arroyo,TE,13,29.4,-55.00000000000001,-0.956960359375,6.492307692307692,15.538461538461538,16.53846153846154,21.53846153846154,19.03846153846154,16.53846153846154,0.3986921418269231,532,125,A_1QB_Start8
2025,00-0033662,Cooper Rush,QB,4,9.719999999999999,-66.89,-0.9589574218750001,19.1525,12.0,13.0,18.0,15.5,13.0,0.3930674765625,533,75,A_1QB_Start8
2025,00-0040727,Tre Harris,WR,16,54.4,-56.75000000000001,-0.9603628281250002,6.946875,37.9375,38.9375,43.9375,41.4375,38.9375,0.3756842705078125,534,203,A_1QB_Start8
2025,00-0039875,Ray Davis,RB,17,53.10000000000001,-62.2,-0.9621577578125,6.782352941176471,30.58823529411765,31.58823529411765,36.588235294117645,34.088235294117645,31.58823529411765,0.34531725229779414,535,132,A_1QB_Start8
2025,00-0030564,DeAndre Hopkins,WR,17,56.0,-62.550000000000004,-0.9755550312500003,6.973529411764707,38.1764705882353,39.1764705882353,44.1764705882353,41.6764705882353,39.1764705882353,0.37621652068014705,536,204,A_1QB_Start8
2025,00-0040581,Dont'e Thornton Jr.,WR,11,18.5,-58.2,-0.9798507265625002,6.972727272727273,38.18181818181818,39.18181818181818,44.18181818181818,41.68181818181818,39.18181818181818,0.3700333714488636,537,205,A_1QB_Start8
2025,00-0033319,Nick Mullens,QB,4,-0.040000000000000036,-68.91,-0.9819107499999999,17.2175,12.0,13.0,18.0,15.5,13.0,0.377757521484375,538,76,A_1QB_Start8
2025,00-0034771,Mason Rudolph,QB,5,19.0,-66.67,-0.9843602031250002,17.134,12.0,13.0,18.0,15.5,13.0,0.39150688437500003,539,77,A_1QB_Start8
2025,00-0033857,JuJu Smith-Schuster,WR,17,57.0,-61.35,-0.9984126171875002,6.961764705882353,38.294117647058826,39.294117647058826,44.294117647058826,41.794117647058826,39.294117647058826,0.3770395390625,540,206,A_1QB_Start8
2025,00-0038738,Hunter Luepke,RB,14,30.5,-63.35,-1.001867671875,6.703571428571429,29.785714285714285,30.785714285714285,35.785714285714285,33.285714285714285,30.785714285714285,0.3459837907366072,541,133,A_1QB_Start8
2025,00-0039648,David Martin-Robinson,TE,11,11.0,-58.800000000000004,-1.002456109375,6.345454545454545,15.727272727272727,16.727272727272727,21.727272727272727,19.227272727272727,16.727272727272727,0.3892188196022727,542,126,A_1QB_Start8
2025,00-0040184,KeAndre Lambert-Smith,WR,10,13.6,-59.300000000000004,-1.0042950156250001,7.290000000000001,38.3,39.3,44.3,41.8,39.3,0.37751745703125,543,207,A_1QB_Start8
2025,00-0038564,Cameron Latu,TE,10,0.0,-61.6,-1.0114275,6.16,15.9,16.9,21.9,19.4,16.9,0.39435233046875,544,127,A_1QB_Start8
2025,00-0036887,Luke Farrell,TE,13,24.0,-59.7,-1.0136169453125,6.438461538461539,15.461538461538462,16.46153846153846,21.46153846153846,18.96153846153846,16.46153846153846,0.3963055955528846,545,128,A_1QB_Start8
2025,00-0036637,Noah Gray,TE,14,28.3,-59.300000000000004,-1.014384546875,6.257142857142858,15.785714285714286,16.785714285714285,21.785714285714285,19.285714285714285,16.785714285714285,0.399233140625,546,129,A_1QB_Start8
2025,00-0040782,Isaiah Bond,WR,15,45.7,-58.9,-1.015589265625,6.973333333333334,38.2,39.2,44.2,41.7,39.2,0.37627361770833334,547,208,A_1QB_Start8
2025,00-0037741,Jahan Dotson,WR,15,41.2,-62.6,-1.0201385625000003,6.92,37.93333333333333,38.93333333333333,43.93333333333333,41.43333333333333,38.93333333333333,0.374306028125,548,209,A_1QB_Start8
2025,00-0040142,Kaleb Johnson,RB,10,8.3,-61.35,-1.0252000546875,6.965000000000001,31.5,32.5,37.5,35.0,32.5,0.3516675,549,134,A_1QB_Start8
2025,00-0040009,Savion Williams,WR,12,20.5,-63.1,-1.0310062734375,6.966666666666668,38.416666666666664,39.416666666666664,44.416666666666664,41.916666666666664,39.416666666666664,0.37648097265624997,550,210,A_1QB_Start8
2025,00-0037120,Tyler Goodson,RB,10,4.2,-63.95,-1.0356031093750002,6.815,31.2,32.2,37.2,34.7,32.2,0.3499385890625,551,135,A_1QB_Start8
2025,00-0036630,Tylan Wallace,WR,11,12.5,-64.7,-1.0414779296875,7.0181818181818185,38.81818181818182,39.81818181818182,44.81818181818182,42.31818181818182,39.81818181818182,0.3782924147727273,552,211,A_1QB_Start8
2025,00-0033246,Johnny Mundt,TE,12,15.600000000000001,-61.1,-1.0434215624999998,6.391666666666667,16.416666666666668,17.416666666666668,22.416666666666668,19.916666666666668,17.416666666666668,0.40017743294270836,553,130,A_1QB_Start8
2025,00-0038488,Brady Russell,RB,10,0.0,-67.0,-1.0443962265625,6.7,30.1,31.1,36.1,33.6,31.1,0.34811520390625,554,136,A_1QB_Start8
2025,00-0040198,Ollie Gordon II,RB,17,50.6,-65.4,-1.051260640625,6.823529411764706,30.41176470588235,31.41176470588235,36.411764705882355,33.911764705882355,31.41176470588235,0.3451883166360294,555,137,A_1QB_Start8
2025,00-0036825,Feleipe Franks,TE,10,0.4,-62.400000000000006,-1.0534194296875001,6.28,15.7,16.7,21.7,19.2,16.7,0.4010556703125,556,131,A_1QB_Start8
2025,00-0037292,Andrew Ogletree,TE,11,10.7,-60.5,-1.055873171875,6.472727272727273,15.0,16.0,21.0,18.5,16.0,0.39661756889204547,557,132,A_1QB_Start8
2025,00-0030035,Adam Thielen,WR,14,30.1,-65.0,-1.0588418593750002,6.792857142857144,38.285714285714285,39.285714285714285,44.285714285714285,41.785714285714285,39.285714285714285,0.37742792131696434,558,212,A_1QB_Start8
2025,00-0039451,Isaiah Williams,WR,15,35.7,-66.25,-1.0595066953125,6.796666666666667,37.86666666666667,38.86666666666667,43.86666666666667,41.36666666666667,38.86666666666667,0.3762996760416667,559,213,A_1QB_Start8
2025,00-0039686,Colson Yankoff,TE,10,2.8,-63.050000000000004,-1.0662847734375,6.585000000000001,15.7,16.7,21.7,19.2,16.7,0.3903237484375,560,133,A_1QB_Start8
2025,00-0040138,Jaylin Noel,WR,17,55.4,-62.85,-1.0681913984375004,6.955882352941177,38.294117647058826,39.294117647058826,44.294117647058826,41.794117647058826,39.294117647058826,0.37611326792279415,561,214,A_1QB_Start8
2025,00-0037091,Bo Melton,WR,13,22.200000000000003,-67.0,-1.0859709843749998,6.861538461538462,37.30769230769231,38.30769230769231,43.30769230769231,40.80769230769231,38.30769230769231,0.3771566490384615,562,215,A_1QB_Start8
2025,00-0040729,Jack Bech,WR,14,32.4,-65.65,-1.0892350546875,7.003571428571428,37.42857142857143,38.42857142857143,43.42857142857143,40.92857142857143,38.42857142857143,0.37551254743303575,563,216,A_1QB_Start8
2025,00-0040078,Brashard Smith,RB,17,50.8,-65.30000000000001,-1.0926753828125002,6.829411764705883,30.11764705882353,31.11764705882353,36.11764705882353,33.61764705882353,31.11764705882353,0.34699183593750005,564,138,A_1QB_Start8
2025,00-0037617,Hassan Haskins,RB,11,8.0,-67.85000000000001,-1.1035620156250001,6.895454545454546,29.818181818181817,30.818181818181817,35.81818181818182,33.31818181818182,30.818181818181817,0.3418969048295455,565,139,A_1QB_Start8
2025,00-0035021,Ashton Dulin,WR,12,17.5,-66.0,-1.1097875625000002,6.958333333333333,38.75,39.75,44.75,42.25,39.75,0.37627512109375,566,217,A_1QB_Start8
2025,00-0036187,Reggie Gilliam,RB,11,3.8,-69.7,-1.1149738125,6.681818181818182,30.181818181818183,31.181818181818183,36.18181818181818,33.68181818181818,31.181818181818183,0.3467814389204546,567,140,A_1QB_Start8
2025,00-0039041,Elijah Higgins,TE,17,43.1,-66.10000000000001,-1.119488828125,6.423529411764706,15.647058823529411,16.647058823529413,21.647058823529413,19.147058823529413,16.647058823529413,0.39384457536764705,568,134,A_1QB_Start8
2025,00-0040534,Ke'Shawn Williams,WR,11,2.0,-71.35000000000001,-1.121614796875,6.668181818181819,37.90909090909091,38.90909090909091,43.90909090909091,41.40909090909091,38.90909090909091,0.37981652130681814,569,218,A_1QB_Start8
2025,00-0032211,Tyler Lockett,WR,17,51.1,-67.10000000000001,-1.1458677500000003,6.952941176470588,37.94117647058823,38.94117647058823,43.94117647058823,41.44117647058823,38.94117647058823,0.37536594944852947,570,219,A_1QB_Start8
2025,00-0036620,Dee Eskridge,WR,11,8.2,-70.3,-1.1671589453125,7.136363636363637,38.90909090909091,39.90909090909091,44.90909090909091,42.40909090909091,39.90909090909091,0.3772970632102273,571,220,A_1QB_Start8
2025,00-0038102,Kenny Pickett,QB,6,11.72,-89.69,-1.1833988359375,16.901666666666667,12.0,13.0,18.0,15.5,13.0,0.36672867578125,572,78,A_1QB_Start8
2025,00-0036876,Kylen Granson,TE,12,7.5,-71.10000000000001,-1.1880189609375,6.550000000000001,14.833333333333334,15.833333333333334,20.833333333333332,18.333333333333332,15.833333333333334,0.3917766985677083,573,135,A_1QB_Start8
2025,00-0040208,Tahj Brooks,RB,12,5.9,-75.45,-1.19030571875,6.779166666666668,30.0,31.0,36.0,33.5,31.0,0.34537363085937506,574,141,A_1QB_Start8
2025,00-0038359,Xavier Smith,WR,16,39.300000000000004,-73.30000000000001,-1.1903179296875002,7.0375000000000005,37.8125,38.8125,43.8125,41.3125,38.8125,0.37525042724609375,575,221,A_1QB_Start8
2025,00-0038896,Jacob Saylors,RB,11,1.1,-74.15,-1.1910196093749998,6.840909090909091,30.363636363636363,31.363636363636363,36.36363636363637,33.86363636363637,31.363636363636363,0.34776464346590913,576,142,A_1QB_Start8
2025,00-0040259,Gage Larvadain,WR,13,10.9,-76.80000000000001,-1.2107772265625,6.746153846153846,37.84615384615385,38.84615384615385,43.84615384615385,41.34615384615385,38.84615384615385,0.3803613731971154,577,222,A_1QB_Start8
2025,00-0035602,Alex Bachman,WR,11,2.2,-73.45,-1.2162285937500001,6.877272727272728,37.81818181818182,38.81818181818182,43.81818181818182,41.31818181818182,38.81818181818182,0.3746568998579546,578,223,A_1QB_Start8
2025,00-0033572,Jamal Agnew,WR,11,0.0,-75.10000000000001,-1.2262925546874999,6.827272727272728,37.54545454545455,38.54545454545455,43.54545454545455,41.04545454545455,38.54545454545455,0.3749577982954545,579,224,A_1QB_Start8
2025,00-0038573,Derius Davis,WR,11,2.5,-72.9,-1.2293962109375,6.854545454545455,38.36363636363637,39.36363636363637,44.36363636363637,41.86363636363637,39.36363636363637,0.37291725568181816,580,225,A_1QB_Start8
2025,00-0033854,Dare Ogunbowale,RB,14,19.1,-76.05000000000001,-1.252411671875,6.796428571428572,30.142857142857142,31.142857142857142,36.142857142857146,33.642857142857146,31.142857142857142,0.3485843722098214,581,143,A_1QB_Start8
2025,00-0038547,Luke Schoonmaker,TE,14,20.200000000000003,-71.35000000000001,-1.2600282656250001,6.539285714285714,15.571428571428571,16.571428571428573,21.571428571428573,19.071428571428573,16.571428571428573,0.3930846395089286,582,136,A_1QB_Start8
2025,00-0039816,Anthony Gould,WR,11,1.6,-75.8,-1.2793551015625,7.036363636363637,38.27272727272727,39.27272727272727,44.27272727272727,41.77272727272727,39.27272727272727,0.3705576349431818,583,226,A_1QB_Start8
2025,00-0039746,Will Shipley,RB,14,15.0,-79.85000000000001,-1.2828126328125002,6.775,30.428571428571427,31.428571428571427,36.42857142857143,33.92857142857143,31.428571428571427,0.3445762098214286,584,144,A_1QB_Start8
2025,00-0036182,Nick Westbrook-Ikhine,WR,13,14.4,-76.4,-1.2848624296875002,6.984615384615386,38.0,39.0,44.0,41.5,39.0,0.37212705649038463,585,227,A_1QB_Start8
2025,00-0039751,Jordan Whittington,WR,15,27.3,-76.95,-1.2871083046875003,6.95,37.93333333333333,38.93333333333333,43.93333333333333,41.43333333333333,38.93333333333333,0.3753096369791667,586,228,A_1QB_Start8
2025,00-0040164,Jaylin Lane,WR,15,31.200000000000003,-76.05000000000001,-1.287943484375,7.15,38.06666666666667,39.06666666666667,44.06666666666667,41.56666666666667,39.06666666666667,0.37523089375,587,229,A_1QB_Start8
2025,00-0035645,Gunner Olszewski,WR,16,30.82,-80.78,-1.3002878828125002,6.9750000000000005,38.25,39.25,44.25,41.75,39.25,0.37591216259765625,588,230,A_1QB_Start8
2025,00-0040582,Arian Smith,WR,13,10.0,-79.65,-1.3006511328125,6.8961538461538465,38.84615384615385,39.84615384615385,44.84615384615385,42.34615384615385,39.84615384615385,0.37815705829326923,589,231,A_1QB_Start8
2025,00-0040154,Tai Felton,WR,12,4.0,-78.8,-1.3248681328125003,6.8999999999999995,37.666666666666664,38.666666666666664,43.666666666666664,41.166666666666664,38.666666666666664,0.3739519921875,590,232,A_1QB_Start8
2025,00-0037085,Tyler Badie,RB,16,25.900000000000002,-83.35000000000001,-1.3567768671875,6.828125,30.6875,31.6875,36.6875,34.1875,31.6875,0.34459998779296874,591,145,A_1QB_Start8
2025,00-0038840,Brycen Tremayne,WR,15,23.0,-82.65,-1.3730591093750002,7.043333333333334,38.666666666666664,39.666666666666664,44.666666666666664,42.166666666666664,39.666666666666664,0.3774084421875,592,233,A_1QB_Start8
2025,00-0039530,Brevyn Spann-Ford,TE,16,19.5,-82.0,-1.389152984375,6.34375,15.6875,16.6875,21.6875,19.1875,16.6875,0.39119029345703127,593,137,A_1QB_Start8
2025,00-0039796,Rasheen Ali,RB,15,19.7,-84.2,-1.393181703125,6.926666666666667,30.466666666666665,31.466666666666665,36.46666666666667,33.96666666666667,31.466666666666665,0.3453651015625,594,146,A_1QB_Start8
2025,00-0038685,Chris Brooks,RB,17,26.200000000000003,-88.35000000000001,-1.4211279218750001,6.738235294117648,30.529411764705884,31.529411764705884,36.529411764705884,34.029411764705884,31.529411764705884,0.3475281070772059,595,147,A_1QB_Start8
2025,00-0040238,LeQuint Allen Jr.,RB,16,19.8,-90.0,-1.4656674765625002,6.862500000000001,30.5,31.5,36.5,34.0,31.5,0.34815440478515625,596,148,A_1QB_Start8
2025,00-0040704,Dillon Gabriel,QB,10,74.08,-101.86,-1.4660626406250006,17.594,12.0,13.0,18.0,15.5,13.0,0.37814923906250003,597,79,A_1QB_Start8
2025,00-0040676,Cam Ward,QB,17,200.66,-95.02,-1.488303765625,17.39294117647059,12.0,13.0,18.0,15.5,13.0,0.36929113235294114,598,80,A_1QB_Start8
2025,00-0036862,Ben Skowronek,WR,16,14.9,-95.55000000000001,-1.5149838281250003,6.903125,38.0,39.0,44.0,41.5,39.0,0.37475525830078127,599,234,A_1QB_Start8
2025,00-0040494,Max Brosmer,QB,7,12.22,-107.21000000000001,-1.5438427109375001,17.06142857142857,12.0,13.0,18.0,15.5,13.0,0.37148116964285716,600,81,A_1QB_Start8
2025,00-0040075,LaJohntay Wester,WR,14,0.0,-96.3,-1.5666878593750002,6.878571428571428,38.42857142857143,39.42857142857143,44.42857142857143,41.92857142857143,39.42857142857143,0.3784410407366071,601,235,A_1QB_Start8
2025,00-0038519,Nikko Remigio,WR,14,3.7,-96.55000000000001,-1.5855736875,7.160714285714286,38.57142857142857,39.57142857142857,44.57142857142857,42.07142857142857,39.57142857142857,0.37663419921875,602,236,A_1QB_Start8
2025,00-0038576,Charlie Jones,WR,14,0.0,-98.8,-1.6277381875,7.057142857142857,38.5,39.5,44.5,42.0,39.5,0.3761689190848214,603,237,A_1QB_Start8
2025,00-0040644,Trevor Etienne,RB,17,12.200000000000001,-103.30000000000001,-1.663373625,6.794117647058823,30.11764705882353,31.11764705882353,36.11764705882353,33.61764705882353,31.11764705882353,0.34511194898897063,604,149,A_1QB_Start8
2025,00-0039589,Kameron Johnson,WR,17,15.7,-102.0,-1.6772207812500002,6.923529411764706,38.05882352941177,39.05882352941177,44.05882352941177,41.55882352941177,39.05882352941177,0.37603329319852946,605,238,A_1QB_Start8
2025,00-0037594,Julius Chestnut,RB,16,4.0,-104.80000000000001,-1.6778456875,6.800000000000001,30.125,31.125,36.125,33.625,31.125,0.34817426562500003,606,150,A_1QB_Start8
2025,00-0038090,Skyy Moore,WR,17,12.3,-106.75,-1.7602079609374999,7.002941176470589,38.35294117647059,39.35294117647059,44.35294117647059,41.85294117647059,39.35294117647059,0.3771378616727941,607,239,A_1QB_Start8
2025,00-0039407,Dylan Laube,RB,17,4.2,-111.75,-1.7971395468749998,6.820588235294117,30.41176470588235,31.41176470588235,36.411764705882355,33.911764705882355,31.41176470588235,0.34804924678308824,608,151,A_1QB_Start8
2025,00-0040506,Myles Price,WR,16,0.0,-112.4,-1.83431290625,7.025,38.375,39.375,44.375,41.875,39.375,0.37592339990234375,609,240,A_1QB_Start8
2025,00-0036331,Devin Duvernay,WR,17,3.6000000000000005,-113.15,-1.8352326640625003,6.867647058823529,38.05882352941177,39.05882352941177,44.05882352941177,41.55882352941177,39.05882352941177,0.37577427251838236,610,241,A_1QB_Start8
2025,00-0033280,Christian McCaffrey,RB,17,365.6,295.40000000000003,4.160307203125,4.129411764705883,40.88235294117647,41.88235294117647,46.88235294117647,44.38235294117647,41.88235294117647,0.37050670634191174,1,1,B_1QB_Start11
2025,00-0038542,Bijan Robinson,RB,17,331.3,262.45,3.7046315546875004,4.050000000000001,41.470588235294116,42.470588235294116,47.470588235294116,44.970588235294116,42.470588235294116,0.37129067693014706,2,2,B_1QB_Start11
2025,00-0036223,Jonathan Taylor,RB,17,339.3,269.6,3.7028901093749997,4.1000000000000005,41.0,42.0,47.0,44.5,42.0,0.37078401976102937,3,3,B_1QB_Start11
2025,00-0039139,Jahmyr Gibbs,RB,17,328.40000000000003,258.1,3.4506918046874997,4.135294117647058,41.23529411764706,42.23529411764706,47.23529411764706,44.73529411764706,42.23529411764706,0.3718868000919118,4,4,B_1QB_Start11
2025,00-0039075,Puka Nacua,WR,16,310.5,238.5,3.3759031250000002,4.5,54.625,55.625,60.625,58.125,55.625,0.3982972377929688,5,1,B_1QB_Start11
2025,00-0039040,De'Von Achane,RB,16,289.3,222.05,3.17838634375,4.203125,40.6875,41.6875,46.6875,44.1875,41.6875,0.36877832470703126,6,5,B_1QB_Start11
2025,00-0038543,Jaxon Smith-Njigba,WR,17,300.4,224.0,3.1253266328125004,4.4941176470588236,54.8235294117647,55.8235294117647,60.8235294117647,58.3235294117647,55.8235294117647,0.3989351810661765,7,2,B_1QB_Start11
2025,00-0037248,James Cook,RB,17,285.70000000000005,216.35000000000002,3.118296265625,4.079411764705883,41.35294117647059,42.35294117647059,47.35294117647059,44.85294117647059,42.35294117647059,0.3696655353860294,8,6,B_1QB_Start11
2025,00-0032764,Derrick Henry,RB,17,272.0,202.65,2.8872116250000004,4.079411764705883,41.35294117647059,42.35294117647059,47.35294117647059,44.85294117647059,42.35294117647059,0.3696655353860294,9,7,B_1QB_Start11
2025,00-0036963,Amon-Ra St. Brown,WR,17,265.5,189.1,2.6200466953124995,4.4941176470588236,54.8235294117647,55.8235294117647,60.8235294117647,58.3235294117647,55.8235294117647,0.3989351810661765,10,3,B_1QB_Start11
2025,00-0037840,Kyren Williams,RB,17,245.3,175.0,2.5464024765625,4.135294117647058,41.23529411764706,42.23529411764706,47.23529411764706,44.73529411764706,42.23529411764706,0.3718868000919118,11,8,B_1QB_Start11
2025,00-0038597,Chase Brown,RB,17,248.10000000000002,177.95,2.544692390625,4.126470588235295,41.11764705882353,42.11764705882353,47.11764705882353,44.61764705882353,42.11764705882353,0.3713551135110294,12,9,B_1QB_Start11
2025,00-0037744,Trey McBride,TE,17,252.9,182.20000000000002,2.527603515625,4.158823529411765,23.941176470588236,24.941176470588236,29.941176470588236,27.441176470588236,24.941176470588236,0.41272001056985297,13,1,B_1QB_Start11
2025,00-0036900,Ja'Marr Chase,WR,16,251.10000000000002,178.4,2.5055515078124997,4.54375,55.1875,56.1875,61.1875,58.6875,56.1875,0.39879508837890626,14,4,B_1QB_Start11
2025,00-0036973,Travis Etienne,RB,17,235.9,165.60000000000002,2.362533828125,4.135294117647058,41.23529411764706,42.23529411764706,47.23529411764706,44.73529411764706,42.23529411764706,0.3718868000919118,15,10,B_1QB_Start11
2025,00-0036997,Javonte Williams,RB,16,225.3,158.95,2.3593354843750003,4.1468750000000005,40.75,41.75,46.75,44.25,41.75,0.370062615234375,16,11,B_1QB_Start11
2025,00-0037247,George Pickens,WR,17,245.4,169.05,2.3460457265625,4.491176470588235,55.11764705882353,56.11764705882353,61.11764705882353,58.61764705882353,56.11764705882353,0.39879360248161766,17,5,B_1QB_Start11
2025,00-0035700,Josh Jacobs,RB,15,219.10000000000002,156.65,2.2429817890625,4.163333333333333,41.06666666666667,42.06666666666667,47.06666666666667,44.56666666666667,42.06666666666667,0.36915929947916665,18,12,B_1QB_Start11
2025,00-0034844,Saquon Barkley,RB,16,213.8,148.20000000000002,2.1470651640625,4.1000000000000005,41.0,42.0,47.0,44.5,42.0,0.368243869140625,19,13,B_1QB_Start11
2025,00-0040122,Ashton Jeanty,RB,17,217.6,147.29999999999998,2.1001909453125,4.135294117647058,41.23529411764706,42.23529411764706,47.23529411764706,44.73529411764706,42.23529411764706,0.3718868000919118,20,14,B_1QB_Start11
2025,00-0036275,D'Andre Swift,RB,16,211.6,147.0,2.08870853125,4.0375000000000005,41.75,42.75,47.75,45.25,42.75,0.3700545805664063,21,15,B_1QB_Start11
2025,00-0037239,Chris Olave,WR,16,220.0,148.0,2.0293122187499995,4.5,55.5,56.5,61.5,59.0,56.5,0.3980358999023438,22,6,B_1QB_Start11
2025,00-0037228,Jaylen Warren,RB,16,197.1,132.4,1.9101266875,4.04375,41.25,42.25,47.25,44.75,42.25,0.37283610693359376,23,16,B_1QB_Start11
2025,00-0031381,Davante Adams,WR,14,192.9,130.4,1.8794222421874998,4.464285714285714,55.214285714285715,56.214285714285715,61.214285714285715,58.714285714285715,56.214285714285715,0.39707020982142854,24,7,B_1QB_Start11
2025,00-0039064,Zay Flowers,WR,17,200.3,124.5,1.8303833203124995,4.458823529411765,54.88235294117647,55.88235294117647,60.88235294117647,58.38235294117647,55.88235294117647,0.39846707812500004,25,8,B_1QB_Start11
2025,00-0038120,Breece Hall,RB,16,189.66,124.06,1.8301542734375,4.1000000000000005,41.0,42.0,47.0,44.5,42.0,0.368243869140625,26,17,B_1QB_Start11
2025,00-0036139,Rico Dowdle,RB,17,196.8,126.60000000000001,1.7597623046875,4.129411764705883,40.88235294117647,41.88235294117647,46.88235294117647,44.38235294117647,41.88235294117647,0.37050670634191174,27,18,B_1QB_Start11
2025,00-0036554,Nico Collins,WR,15,190.70000000000002,122.6,1.7551410859374994,4.540000000000001,55.266666666666666,56.266666666666666,61.266666666666666,58.766666666666666,56.266666666666666,0.3987633020833333,28,9,B_1QB_Start11
2025,00-0040734,TreVeyon Henderson,RB,17,188.70000000000002,118.50000000000001,1.6692282031250003,4.129411764705883,40.88235294117647,41.88235294117647,46.88235294117647,44.38235294117647,41.88235294117647,0.37050670634191174,29,19,B_1QB_Start11
2025,00-0040730,RJ Harvey,RB,17,183.1,112.05,1.628219140625,4.179411764705883,41.05882352941177,42.05882352941177,47.05882352941177,44.55882352941177,42.05882352941177,0.3701463694852941,30,20,B_1QB_Start11
2025,00-0036919,Kenny Gainwell,RB,17,184.8,115.95,1.6192768124999999,4.050000000000001,41.470588235294116,42.470588235294116,47.470588235294116,44.970588235294116,42.470588235294116,0.37129067693014706,31,21,B_1QB_Start11
2025,00-0036410,Tee Higgins,WR,15,182.1,115.5,1.6159251640624999,4.4399999999999995,55.46666666666667,56.46666666666667,61.46666666666667,58.96666666666667,56.46666666666667,0.4001827276041667,32,10,B_1QB_Start11
2025,00-0037240,Jameson Williams,WR,17,187.4,111.0,1.6062674140624995,4.4941176470588236,54.8235294117647,55.8235294117647,60.8235294117647,58.3235294117647,55.8235294117647,0.3989351810661765,33,11,B_1QB_Start11
2025,00-0037238,Drake London,WR,12,167.9,113.3,1.5958497812499999,4.55,55.083333333333336,56.083333333333336,61.083333333333336,58.583333333333336,56.083333333333336,0.4006396861979167,34,12,B_1QB_Start11
2025,00-0035676,A.J. Brown,WR,15,181.3,113.45000000000002,1.5777201171875,4.523333333333334,55.333333333333336,56.333333333333336,61.333333333333336,58.833333333333336,56.333333333333336,0.39942966041666667,35,13,B_1QB_Start11
2025,00-0034348,Courtland Sutton,WR,17,182.70000000000002,106.15,1.5580187109374997,4.502941176470588,55.11764705882353,56.11764705882353,61.11764705882353,58.61764705882353,56.11764705882353,0.3990772219669118,36,14,B_1QB_Start11
2025,00-0036358,CeeDee Lamb,WR,13,163.4,106.05000000000001,1.55267821875,4.411538461538462,55.30769230769231,56.30769230769231,61.30769230769231,58.80769230769231,56.30769230769231,0.3994067638221154,37,15,B_1QB_Start11
2025,00-0038134,Kenneth Walker III,RB,17,176.4,106.1,1.5317199687499996,4.135294117647058,41.23529411764706,42.23529411764706,47.23529411764706,44.73529411764706,42.23529411764706,0.3718868000919118,38,22,B_1QB_Start11
2025,00-0039165,Zach Charbonnet,RB,16,171.4,105.44999999999999,1.5220223437499998,4.121875,41.125,42.125,47.125,44.625,42.125,0.3713109877929687,39,23,B_1QB_Start11
2025,00-0034857,Josh Allen,QB,16,384.62,104.45,1.5172345468750001,17.510625,12.0,13.0,18.0,15.5,13.0,0.39508022216796873,40,1,B_1QB_Start11
2025,00-0036875,Rhamondre Stevenson,RB,14,162.8,104.3,1.4799724453124998,4.178571428571429,41.0,42.0,47.0,44.5,42.0,0.36956433091517854,41,24,B_1QB_Start11
2025,00-0040124,Tetairoa McMillan,WR,17,178.4,101.85,1.4509602734374993,4.502941176470588,55.1764705882353,56.1764705882353,61.1764705882353,58.6764705882353,56.1764705882353,0.39891439751838237,42,16,B_1QB_Start11
2025,00-0038559,Michael Wilson,WR,17,181.6,105.2,1.4107217812499997,4.4941176470588236,54.8235294117647,55.8235294117647,60.8235294117647,58.3235294117647,55.8235294117647,0.3989351810661765,43,17,B_1QB_Start11
2025,00-0040784,Quinshon Judkins,RB,14,156.8,99.1,1.407431125,4.121428571428572,41.285714285714285,42.285714285714285,47.285714285714285,44.785714285714285,42.285714285714285,0.37013417020089284,44,25,B_1QB_Start11
2025,00-0035261,Tony Pollard,RB,17,169.3,99.15,1.4026996796875002,4.126470588235295,41.11764705882353,42.11764705882353,47.11764705882353,44.61764705882353,42.11764705882353,0.3713551135110294,45,26,B_1QB_Start11
2025,00-0038117,Wan'Dale Robinson,WR,16,171.9,99.45,1.3906629765624994,4.528125,55.5625,56.5625,61.5625,59.0625,56.5625,0.39903469970703126,46,18,B_1QB_Start11
2025,00-0037664,Alec Pierce,WR,15,159.8,93.4,1.3589054140625,4.426666666666667,55.06666666666667,56.06666666666667,61.06666666666667,58.56666666666667,56.06666666666667,0.39882042031250003,47,19,B_1QB_Start11
2025,00-0039338,Brock Bowers,TE,12,144.2,94.10000000000001,1.355188859375,4.175,23.25,24.25,29.25,26.75,24.25,0.41434656770833334,48,2,B_1QB_Start11
2025,00-0034351,Dallas Goedert,TE,15,155.1,95.05,1.3343791640625,4.003333333333334,23.8,24.8,29.8,27.3,24.8,0.41106883072916667,49,3,B_1QB_Start11
2025,00-0040129,Emeka Egbuka,WR,17,164.2,88.45,1.3298679765624999,4.455882352941177,55.1764705882353,56.1764705882353,61.1764705882353,58.6764705882353,56.1764705882353,0.39938935248161767,50,20,B_1QB_Start11
2025,00-0036970,Kyle Pitts,TE,17,166.8,96.35000000000001,1.328366015625,4.144117647058824,23.705882352941178,24.705882352941178,29.705882352941178,27.205882352941178,24.705882352941178,0.4136346121323529,51,4,B_1QB_Start11
2025,00-0038544,Quentin Johnston,WR,13,145.7,86.1,1.3166529062499999,4.584615384615384,55.38461538461539,56.38461538461539,61.38461538461539,58.88461538461539,56.38461538461539,0.39842629206730773,52,21,B_1QB_Start11
2025,00-0036613,Jaylen Waddle,WR,16,162.12,89.67,1.3026883046874997,4.528125,55.5,56.5,61.5,59.0,56.5,0.39920770068359374,53,22,B_1QB_Start11
2025,00-0035640,DK Metcalf,WR,15,157.70000000000002,90.95,1.295975390625,4.45,55.266666666666666,56.266666666666666,61.266666666666666,58.766666666666666,56.266666666666666,0.39849229114583334,54,23,B_1QB_Start11
2025,00-0031588,Stefon Diggs,WR,17,167.8,91.25,1.2885636171874997,4.502941176470588,55.1764705882353,56.1764705882353,61.1764705882353,58.6764705882353,56.1764705882353,0.39891439751838237,55,24,B_1QB_Start11
2025,00-0039067,Rashee Rice,WR,8,123.60000000000001,89.80000000000001,1.283061296875,4.2250000000000005,54.5,55.5,60.5,58.0,55.5,0.399795880859375,56,25,B_1QB_Start11
2025,00-0036252,Michael Pittman,WR,17,162.4,86.3,1.2826280156249996,4.476470588235294,55.11764705882353,56.11764705882353,61.11764705882353,58.61764705882353,56.11764705882353,0.3979743506433824,57,26,B_1QB_Start11
2025,00-0035685,David Montgomery,RB,17,154.92000000000002,84.62,1.2638135312499998,4.135294117647058,41.23529411764706,42.23529411764706,47.23529411764706,44.73529411764706,42.23529411764706,0.3718868000919118,58,27,B_1QB_Start11
2025,00-0036322,Justin Jefferson,WR,17,159.5,83.5,1.2445041484374995,4.470588235294118,55.11764705882353,56.11764705882353,61.11764705882353,58.61764705882353,56.11764705882353,0.3988013892463235,59,27,B_1QB_Start11
2025,00-0030506,Travis Kelce,TE,17,155.20000000000002,84.45,1.2427009921875003,4.161764705882353,23.764705882352942,24.764705882352942,29.764705882352942,27.264705882352942,24.764705882352942,0.41144668658088235,60,5,B_1QB_Start11
2025,00-0033288,George Kittle,TE,11,133.0,88.7,1.2409140859374999,4.027272727272727,23.90909090909091,24.90909090909091,29.90909090909091,27.40909090909091,24.90909090909091,0.41149254545454544,61,6,B_1QB_Start11
2025,00-0039361,Bucky Irving,RB,10,123.5,80.8,1.237784484375,4.2700000000000005,42.8,43.8,48.8,46.3,43.8,0.3681949484375,62,28,B_1QB_Start11
2025,00-0035719,Deebo Samuel Sr.,WR,16,152.20000000000002,80.05000000000001,1.2169929140624995,4.509375,54.9375,55.9375,60.9375,58.4375,55.9375,0.39844815625,63,28,B_1QB_Start11
2025,00-0040663,Harold Fannin Jr.,TE,16,150.4,84.85,1.210617375,4.096875,23.4375,24.4375,29.4375,26.9375,24.4375,0.41202917138671874,64,7,B_1QB_Start11
2025,00-0036912,DeVonta Smith,WR,17,163.3,87.55,1.2004351953124999,4.455882352941177,55.1764705882353,56.1764705882353,61.1764705882353,58.6764705882353,56.1764705882353,0.39938935248161767,65,29,B_1QB_Start11
2025,00-0040666,Omarion Hampton,RB,9,119.7,80.39999999999999,1.1631984765624996,4.366666666666667,41.111111111111114,42.111111111111114,47.111111111111114,44.611111111111114,42.111111111111114,0.3656732621527778,66,29,B_1QB_Start11
2025,00-0040128,Tyler Warren,TE,17,150.5,80.25,1.1631018750000002,4.132352941176471,23.88235294117647,24.88235294117647,29.88235294117647,27.38235294117647,24.88235294117647,0.410732143382353,67,8,B_1QB_Start11
2025,00-0040715,Cam Skattebo,RB,8,115.7,81.64999999999999,1.1439949453125,4.2562500000000005,38.875,39.875,44.875,42.375,39.875,0.364365318359375,68,30,B_1QB_Start11
2025,00-0039384,Tyrone Tracy Jr.,RB,15,142.8,81.55000000000001,1.132061203125,4.083333333333333,41.0,42.0,47.0,44.5,42.0,0.37259910052083334,69,31,B_1QB_Start11
2025,00-0033090,Hunter Henry,TE,17,148.8,77.75,1.1208017734375,4.179411764705883,23.941176470588236,24.941176470588236,29.941176470588236,27.441176470588236,24.941176470588236,0.4123786626838235,70,9,B_1QB_Start11
2025,00-0036259,Jauan Jennings,WR,15,145.8,79.1,1.1154526015624997,4.446666666666667,55.06666666666667,56.06666666666667,61.06666666666667,58.56666666666667,56.06666666666667,0.39892628281250003,71,30,B_1QB_Start11
2025,00-0039915,Ladd McConkey,WR,16,147.9,75.45,1.0993482578124996,4.528125,55.5,56.5,61.5,59.0,56.5,0.39920770068359374,72,31,B_1QB_Start11
2025,00-0038041,Jake Ferguson,TE,17,147.1,76.35,1.0828858203125,4.161764705882353,23.764705882352942,24.764705882352942,29.764705882352942,27.264705882352942,24.764705882352942,0.41144668658088235,73,10,B_1QB_Start11
2025,00-0039919,Rome Odunze,WR,12,124.10000000000001,71.05,1.0611785937499998,4.420833333333333,55.416666666666664,56.416666666666664,61.416666666666664,58.916666666666664,56.416666666666664,0.396527322265625,74,32,B_1QB_Start11
2025,00-0036158,J.K. Dobbins,RB,10,110.4,68.60000000000001,1.05182784375,4.180000000000001,38.9,39.9,44.9,42.4,39.9,0.3667959046875,75,32,B_1QB_Start11
2025,00-0036040,Juwan Johnson,TE,17,141.4,71.15,1.0336649609375,4.132352941176471,23.88235294117647,24.88235294117647,29.88235294117647,27.38235294117647,24.88235294117647,0.410732143382353,76,11,B_1QB_Start11
2025,00-0038124,Christian Watson,WR,10,114.9,71.85,1.0231742031250002,4.305000000000001,54.2,55.2,60.2,57.7,55.2,0.40187417109375,77,33,B_1QB_Start11
2025,00-0034960,Jakobi Meyers,WR,16,138.3,66.30000000000001,1.01313384375,4.5,54.625,55.625,60.625,58.125,55.625,0.3982972377929688,78,34,B_1QB_Start11
2025,00-0034827,DJ Moore,WR,17,147.18,71.73,1.0104751015624993,4.438235294117647,54.8235294117647,55.8235294117647,60.8235294117647,58.3235294117647,55.8235294117647,0.39917169163602945,79,35,B_1QB_Start11
2025,00-0040126,Colston Loveland,TE,16,136.1,70.65,0.9928586875000003,4.090625,23.75,24.75,29.75,27.25,24.75,0.4132467109375,80,12,B_1QB_Start11
2025,00-0033923,Kareem Hunt,RB,17,136.4,66.25,0.9848312578124998,4.126470588235295,41.11764705882353,42.11764705882353,47.11764705882353,44.61764705882353,42.11764705882353,0.3713551135110294,81,33,B_1QB_Start11
2025,00-0038606,Parker Washington,WR,16,143.70000000000002,70.95,0.9820480078124996,4.546875,54.9375,55.9375,60.9375,58.4375,55.9375,0.3987725146484375,82,36,B_1QB_Start11
2025,00-0030279,Keenan Allen,WR,17,142.2,65.65,0.9777458359374996,4.502941176470588,55.11764705882353,56.11764705882353,61.11764705882353,58.61764705882353,56.11764705882353,0.3990772219669118,83,37,B_1QB_Start11
2025,00-0040236,Kyle Monangai,RB,17,137.70000000000002,68.85000000000001,0.9774713437499998,4.050000000000001,41.470588235294116,42.470588235294116,47.470588235294116,44.970588235294116,42.470588235294116,0.37129067693014706,84,34,B_1QB_Start11
2025,00-0039851,Drake Maye,QB,17,367.46000000000004,70.78000000000002,0.9677552343750004,17.451764705882354,12.0,13.0,18.0,15.5,13.0,0.3947025353860294,85,2,B_1QB_Start11
2025,00-0040242,Jacory Croskey-Merritt,RB,17,135.8,64.75,0.9651819765625,4.179411764705883,41.05882352941177,42.05882352941177,47.05882352941177,44.55882352941177,42.05882352941177,0.3701463694852941,86,35,B_1QB_Start11
2025,00-0026498,Matthew Stafford,QB,17,366.38,70.38000000000001,0.9610640000000004,17.41176470588235,12.0,13.0,18.0,15.5,13.0,0.39457871001838235,87,3,B_1QB_Start11
2025,00-0037816,Romeo Doubs,WR,16,137.9,66.55,0.9592966484375001,4.4593750000000005,55.1875,56.1875,61.1875,58.6875,56.1875,0.3993080747070313,88,38,B_1QB_Start11
2025,00-0040583,Woody Marks,RB,16,133.1,68.75,0.9584044765624999,4.0218750000000005,41.0625,42.0625,47.0625,44.5625,42.0625,0.3699779013671875,89,36,B_1QB_Start11
2025,00-0038996,Tucker Kraft,TE,8,101.2,67.0,0.9485064453124998,4.275,24.25,25.25,30.25,27.75,25.25,0.4118585478515625,90,13,B_1QB_Start11
2025,00-0039868,Troy Franklin,WR,17,144.6,68.05,0.9433348515624995,4.502941176470588,55.11764705882353,56.11764705882353,61.11764705882353,58.61764705882353,56.11764705882353,0.3990772219669118,91,39,B_1QB_Start11
2025,00-0033873,Patrick Mahomes,QB,14,307.18,62.489999999999995,0.9361245937500002,17.477857142857143,12.0,13.0,18.0,15.5,13.0,0.39312368694196426,92,4,B_1QB_Start11
2025,00-0034383,Dalton Schultz,TE,17,136.70000000000002,66.75,0.9322107968750002,4.114705882352942,23.58823529411765,24.58823529411765,29.58823529411765,27.08823529411765,24.58823529411765,0.4111040946691176,93,14,B_1QB_Start11
2025,00-0036971,Trevor Lawrence,QB,17,362.18,66.18,0.8914823671875003,17.41176470588235,12.0,13.0,18.0,15.5,13.0,0.39457871001838235,94,5,B_1QB_Start11
2025,00-0038933,Dalton Kincaid,TE,12,106.60000000000001,56.85000000000001,0.8843710078125,4.145833333333333,23.333333333333332,24.333333333333332,29.333333333333332,26.833333333333332,24.333333333333332,0.4068418502604167,95,15,B_1QB_Start11
2025,00-0037261,Khalil Shakir,WR,16,130.4,58.7,0.8527102265624998,4.48125,55.25,56.25,61.25,58.75,56.25,0.3985594228515625,96,40,B_1QB_Start11
2025,00-0037525,Jordan Mason,RB,16,121.9,56.349999999999994,0.8371530937499998,4.096875,41.3125,42.3125,47.3125,44.8125,42.3125,0.370805361328125,97,37,B_1QB_Start11
2025,00-0039391,Kimani Vidal,RB,13,109.9,56.00000000000001,0.8369152734375002,4.1461538461538465,41.53846153846154,42.53846153846154,47.53846153846154,45.03846153846154,42.53846153846154,0.37284434795673077,98,38,B_1QB_Start11
2025,00-0033293,Aaron Jones,RB,12,104.7,56.65,0.8254273671875001,4.004166666666667,41.25,42.25,47.25,44.75,42.25,0.3685342265625,99,39,B_1QB_Start11
2025,00-0038563,Tre Tucker,WR,17,133.2,56.8,0.8171076718749997,4.4941176470588236,54.8235294117647,55.8235294117647,60.8235294117647,58.3235294117647,55.8235294117647,0.3989351810661765,100,41,B_1QB_Start11
2025,00-0039849,Marvin Harrison Jr.,WR,12,107.30000000000001,51.25000000000001,0.8125455624999997,4.670833333333333,55.583333333333336,56.583333333333336,61.583333333333336,59.083333333333336,56.583333333333336,0.3969953580729167,101,42,B_1QB_Start11
2025,00-0036555,Chuba Hubbard,RB,15,110.4,49.2,0.8115751015624997,4.08,41.46666666666667,42.46666666666667,47.46666666666667,44.96666666666667,42.46666666666667,0.3704272869791667,102,40,B_1QB_Start11
2025,00-0037740,Garrett Wilson,WR,7,81.5,49.0,0.7977219531249999,4.642857142857143,56.57142857142857,57.57142857142857,62.57142857142857,60.07142857142857,57.57142857142857,0.3945429162946429,103,43,B_1QB_Start11
2025,00-0037256,Rachaad White,RB,17,123.0,53.6,0.7665816875,4.082352941176471,41.35294117647059,42.35294117647059,47.35294117647059,44.85294117647059,42.35294117647059,0.3696433524816176,104,41,B_1QB_Start11
2025,00-0039065,Sam LaPorta,TE,9,86.9,49.00000000000001,0.7415514062500002,4.211111111111111,24.77777777777778,25.77777777777778,30.77777777777778,28.27777777777778,25.77777777777778,0.4112431232638889,105,16,B_1QB_Start11
2025,00-0035659,Terry McLaurin,WR,10,95.2,49.35000000000001,0.7321546796874998,4.585,55.3,56.3,61.3,58.8,56.3,0.39738802500000003,106,44,B_1QB_Start11
2025,00-0030061,Zach Ertz,TE,13,101.4,48.55,0.7303880546874999,4.065384615384615,24.153846153846153,25.153846153846153,30.153846153846153,27.653846153846153,25.153846153846153,0.4117302481971154,107,17,B_1QB_Start11
2025,00-0038994,Jordan Addison,WR,14,114.10000000000001,52.85,0.7294199140624997,4.375,54.285714285714285,55.285714285714285,60.285714285714285,57.785714285714285,55.285714285714285,0.40058080022321424,108,45,B_1QB_Start11
2025,00-0039893,Brian Thomas Jr.,WR,14,114.8,50.0,0.7154206484374996,4.628571428571428,55.0,56.0,61.0,58.5,56.0,0.3972870178571429,109,46,B_1QB_Start11
2025,00-0039793,AJ Barner,TE,17,121.30000000000001,50.6,0.7139241093750002,4.158823529411765,23.941176470588236,24.941176470588236,29.941176470588236,27.441176470588236,24.941176470588236,0.41272001056985297,110,18,B_1QB_Start11
2025,00-0036244,Colby Parkinson,TE,14,108.30000000000001,51.45,0.6908082343749999,4.060714285714286,24.071428571428573,25.071428571428573,30.071428571428573,27.571428571428573,25.071428571428573,0.4108741891741071,111,19,B_1QB_Start11
2025,00-0039738,Blake Corum,RB,17,118.2,47.900000000000006,0.6896993593749998,4.135294117647058,41.23529411764706,42.23529411764706,47.23529411764706,44.73529411764706,42.23529411764706,0.3718868000919118,112,42,B_1QB_Start11
2025,00-0037263,Tyler Allgeier,RB,17,116.0,47.15,0.6884121171875,4.050000000000001,41.470588235294116,42.470588235294116,47.470588235294116,44.970588235294116,42.470588235294116,0.37129067693014706,113,43,B_1QB_Start11
2025,00-0038608,Kayshon Boutte,WR,14,107.60000000000001,43.6,0.6598355624999996,4.571428571428571,55.42857142857143,56.42857142857143,61.42857142857143,58.92857142857143,56.42857142857143,0.3963492806919643,114,47,B_1QB_Start11
2025,00-0038935,Brenton Strange,TE,12,95.0,43.85,0.6587960312499999,4.2625,23.0,24.0,29.0,26.5,24.0,0.41068774283854165,115,20,B_1QB_Start11
2025,00-0035662,Marquise Brown,WR,16,113.2,41.7,0.6535215156249998,4.46875,55.125,56.125,61.125,58.625,56.125,0.39852208349609375,116,48,B_1QB_Start11
2025,00-0040189,Oronde Gadsden II,TE,15,106.9,46.050000000000004,0.6121091406249999,4.056666666666667,24.2,25.2,30.2,27.7,25.2,0.40905636041666665,117,21,B_1QB_Start11
2025,00-0033906,Alvin Kamara,RB,11,84.2,39.8,0.6106135703125,4.036363636363637,39.18181818181818,40.18181818181818,45.18181818181818,42.68181818181818,40.18181818181818,0.3682250887784091,118,44,B_1QB_Start11
2025,00-0038611,Chris Rodriguez Jr.,RB,12,90.5,41.1,0.5978360234375,4.116666666666667,41.916666666666664,42.916666666666664,47.916666666666664,45.416666666666664,42.916666666666664,0.3721353509114584,119,45,B_1QB_Start11
2025,00-0039847,Theo Johnson,TE,15,105.3,43.0,0.5920883984375,4.153333333333333,23.866666666666667,24.866666666666667,29.866666666666667,27.366666666666667,24.866666666666667,0.4118024046875,120,22,B_1QB_Start11
2025,00-0039918,Caleb Williams,QB,17,331.68,37.62000000000002,0.5889996796875003,17.29764705882353,12.0,13.0,18.0,15.5,13.0,0.39414862270220585,121,6,B_1QB_Start11
2025,00-0037834,Brock Purdy,QB,9,197.38,43.31999999999999,0.5737244375,17.11777777777778,12.0,13.0,18.0,15.5,13.0,0.39226470572916666,122,7,B_1QB_Start11
2025,00-0031610,Darren Waller,TE,9,76.7,39.5,0.5684989062500001,4.133333333333334,23.88888888888889,24.88888888888889,29.88888888888889,27.38888888888889,24.88888888888889,0.4050967447916667,123,23,B_1QB_Start11
2025,00-0036389,Jalen Hurts,QB,16,313.06,36.519999999999996,0.5420594218750001,17.28375,12.0,13.0,18.0,15.5,13.0,0.39388075048828125,124,8,B_1QB_Start11
2025,00-0033077,Dak Prescott,QB,17,333.78,38.09999999999998,0.5395209296874998,17.39294117647059,12.0,13.0,18.0,15.5,13.0,0.39289749402573526,125,9,B_1QB_Start11
2025,00-0038997,Josh Downs,WR,16,109.4,37.7,0.5351772187499998,4.48125,54.9375,55.9375,60.9375,58.4375,55.9375,0.39727635546875,126,49,B_1QB_Start11
2025,00-0034753,Mark Andrews,TE,17,107.0,36.650000000000006,0.5261207734375002,4.138235294117647,23.764705882352942,24.764705882352942,29.764705882352942,27.264705882352942,24.764705882352942,0.41283215808823526,127,24,B_1QB_Start11
2025,00-0040735,Luther Burden III,WR,15,104.4,38.6,0.5253558437499999,4.386666666666667,54.86666666666667,55.86666666666667,60.86666666666667,58.36666666666667,55.86666666666667,0.3985382932291667,128,50,B_1QB_Start11
2025,00-0037545,Rashid Shaheed,WR,18,115.1,34.9,0.5212345859374996,4.455555555555556,55.05555555555556,56.05555555555556,61.05555555555556,58.55555555555556,56.05555555555556,0.39906014453125,129,51,B_1QB_Start11
2025,00-0039032,Tyjae Spears,RB,13,89.2,36.449999999999996,0.5122925781250001,4.057692307692308,41.30769230769231,42.30769230769231,47.30769230769231,44.80769230769231,42.30769230769231,0.3756876772836538,130,46,B_1QB_Start11
2025,00-0039901,Keon Coleman,WR,12,83.4,30.0,0.5109592812499999,4.45,55.0,56.0,61.0,58.5,56.0,0.39404903125,131,52,B_1QB_Start11
2025,00-0037112,Jake Tonges,TE,10,76.3,33.6,0.5080984765625,4.2700000000000005,23.2,24.2,29.2,26.7,24.2,0.41343503203125,132,25,B_1QB_Start11
2025,00-0040130,Jayden Higgins,WR,17,109.0,33.0,0.4875725781249998,4.470588235294118,55.11764705882353,56.11764705882353,61.11764705882353,58.61764705882353,56.11764705882353,0.3988013892463235,133,53,B_1QB_Start11
2025,00-0037157,Bam Knight,RB,12,81.9,32.75,0.48568673437499993,4.095833333333334,40.666666666666664,41.666666666666664,46.666666666666664,44.166666666666664,41.666666666666664,0.37189161718749997,134,47,B_1QB_Start11
2025,00-0036355,Justin Herbert,QB,16,312.88,31.270000000000007,0.46982539062500017,17.600625,12.0,13.0,18.0,15.5,13.0,0.39365509521484376,135,10,B_1QB_Start11
2025,00-0031408,Mike Evans,WR,8,69.80000000000001,31.900000000000002,0.4635360703124997,4.7375,56.125,57.125,62.125,59.625,57.125,0.40083596679687505,136,54,B_1QB_Start11
2025,00-0035250,Devin Singletary,RB,17,99.8,29.6,0.45525947656250026,4.129411764705883,40.88235294117647,41.88235294117647,46.88235294117647,44.38235294117647,41.88235294117647,0.37050670634191174,137,48,B_1QB_Start11
2025,00-0039916,Ricky Pearsall,WR,9,70.60000000000001,28.800000000000004,0.4513705156249999,4.644444444444444,55.111111111111114,56.111111111111114,61.111111111111114,58.611111111111114,56.111111111111114,0.3957966501736111,138,55,B_1QB_Start11
2025,00-0036924,Michael Carter,RB,13,82.5,29.7,0.4345551328124999,4.061538461538462,42.07692307692308,43.07692307692308,48.07692307692308,45.57692307692308,43.07692307692308,0.37295954266826925,139,49,B_1QB_Start11
2025,00-0039337,Malik Nabers,WR,4,48.1,28.400000000000002,0.4333067890624998,4.925,57.25,58.25,63.25,60.75,58.25,0.389396556640625,140,56,B_1QB_Start11
2025,00-0038129,Cade Otton,TE,15,92.7,30.799999999999997,0.4278982109375,4.126666666666667,23.466666666666665,24.466666666666665,29.466666666666665,26.966666666666665,24.466666666666665,0.4151609229166667,141,26,B_1QB_Start11
2025,00-0036894,Pat Freiermuth,TE,15,93.10000000000001,32.0,0.4147252656250001,4.073333333333333,23.733333333333334,24.733333333333334,29.733333333333334,27.233333333333334,24.733333333333334,0.41339355,142,27,B_1QB_Start11
2025,00-0039491,Jalen Coker,WR,11,73.9,25.999999999999996,0.40994276562500004,4.3545454545454545,54.18181818181818,55.18181818181818,60.18181818181818,57.68181818181818,55.18181818181818,0.4021214275568182,143,57,B_1QB_Start11
2025,00-0039410,Ryan Flournoy,WR,15,94.0,26.6,0.3981615937499999,4.493333333333334,54.93333333333333,55.93333333333333,60.93333333333333,58.43333333333333,55.93333333333333,0.3989215984375,144,58,B_1QB_Start11
2025,00-0035229,T.J. Hockenson,TE,15,87.3,26.1,0.38351803125,4.08,23.466666666666665,24.466666666666665,29.466666666666665,26.966666666666665,24.466666666666665,0.41035789427083336,145,28,B_1QB_Start11
2025,00-0039894,Xavier Worthy,WR,14,88.9,27.050000000000004,0.37822033593750015,4.417857142857143,55.0,56.0,61.0,58.5,56.0,0.3996522645089286,146,59,B_1QB_Start11
2025,00-0033885,David Njoku,TE,11,69.8,24.849999999999998,0.3706329687499999,4.086363636363637,23.545454545454547,24.545454545454547,29.545454545454547,27.045454545454547,24.545454545454547,0.41346191974431823,147,29,B_1QB_Start11
2025,00-0033921,Chris Godwin Jr.,WR,9,66.5,25.849999999999998,0.35782336718749996,4.516666666666667,53.55555555555556,54.55555555555556,59.55555555555556,57.05555555555556,54.55555555555556,0.39813675520833336,148,60,B_1QB_Start11
2025,00-0033040,Tyreek Hill,WR,4,43.0,23.3,0.35738557031249996,4.925,57.25,58.25,63.25,60.75,58.25,0.389396556640625,149,61,B_1QB_Start11
2025,00-0033555,Mack Hollins,WR,14,90.4,27.299999999999997,0.3535873671874998,4.507142857142857,55.42857142857143,56.42857142857143,61.42857142857143,58.92857142857143,56.42857142857143,0.39827475167410714,150,62,B_1QB_Start11
2025,00-0034791,Nick Chubb,RB,15,81.80000000000001,20.8,0.35130389843750026,4.066666666666666,40.86666666666667,41.86666666666667,46.86666666666667,44.36666666666667,41.86666666666667,0.368034534375,151,50,B_1QB_Start11
2025,00-0037809,Chig Okonkwo,TE,17,96.0,25.250000000000004,0.34910550781249994,4.161764705882353,23.764705882352942,24.764705882352942,29.764705882352942,27.264705882352942,24.764705882352942,0.41144668658088235,152,30,B_1QB_Start11
2025,00-0039732,Bo Nix,QB,17,326.84000000000003,28.740000000000006,0.34295157031250023,17.53529411764706,12.0,13.0,18.0,15.5,13.0,0.39426878722426467,153,11,B_1QB_Start11
2025,00-0040719,Bhayshul Tuten,RB,15,83.6,22.299999999999997,0.3387157421875,4.086666666666667,41.0,42.0,47.0,44.5,42.0,0.37219195885416667,154,51,B_1QB_Start11
2025,00-0040170,Elic Ayomanor,WR,16,96.0,23.300000000000004,0.3371646171874995,4.54375,55.1875,56.1875,61.1875,58.6875,56.1875,0.39879508837890626,155,63,B_1QB_Start11
2025,00-0033908,Cooper Kupp,WR,16,94.8,22.85,0.3188851562499997,4.496875,54.9375,55.9375,60.9375,58.4375,55.9375,0.399277154296875,156,64,B_1QB_Start11
2025,00-0039373,Audric Estimé,RB,5,42.1,21.200000000000003,0.3124291484375001,4.180000000000001,44.0,45.0,50.0,47.5,45.0,0.3781867234375,157,52,B_1QB_Start11
2025,00-0036407,Jerry Jeudy,WR,17,95.7,19.950000000000003,0.30326903906249963,4.455882352941177,55.1764705882353,56.1764705882353,61.1764705882353,58.6764705882353,56.1764705882353,0.39938935248161767,158,65,B_1QB_Start11
2025,00-0037197,Isiah Pacheco,RB,13,77.8,22.249999999999996,0.30323743750000004,4.273076923076923,40.76923076923077,41.76923076923077,46.76923076923077,44.26923076923077,41.76923076923077,0.3673646015625,159,53,B_1QB_Start11
2025,00-0035537,Ty Johnson,RB,17,88.30000000000001,18.95,0.2772678515625002,4.079411764705883,41.35294117647059,42.35294117647059,47.35294117647059,44.85294117647059,42.35294117647059,0.3696655353860294,160,54,B_1QB_Start11
2025,00-0033553,James Conner,RB,3,29.3,16.05,0.2729199296874999,4.416666666666667,39.0,40.0,45.0,42.5,40.0,0.3608444427083333,161,55,B_1QB_Start11
2025,00-0035689,Dawson Knox,TE,16,85.7,19.45,0.2656597968750002,4.140625,23.75,24.75,29.75,27.25,24.75,0.4130169658203125,162,31,B_1QB_Start11
2025,00-0039146,Jayden Reed,WR,5,39.0,16.35,0.2626378671875,4.529999999999999,55.4,56.4,61.4,58.9,56.4,0.402944753125,163,66,B_1QB_Start11
2025,00-0033106,Jared Goff,QB,17,313.06,17.060000000000002,0.260923625,17.41176470588235,12.0,13.0,18.0,15.5,13.0,0.39457871001838235,164,12,B_1QB_Start11
2025,00-0038104,Tyquan Thornton,WR,12,71.30000000000001,16.85,0.26060890625000005,4.5375000000000005,55.416666666666664,56.416666666666664,61.416666666666664,58.916666666666664,56.416666666666664,0.39599438281250005,165,67,B_1QB_Start11
2025,00-0035710,Daniel Jones,QB,13,242.44,13.580000000000004,0.24885913281250016,17.604615384615386,12.0,13.0,18.0,15.5,13.0,0.3942505084134615,166,13,B_1QB_Start11
2025,00-0035535,Darius Slayton,WR,14,80.3,16.45,0.24674971093749964,4.560714285714286,55.142857142857146,56.142857142857146,61.142857142857146,58.642857142857146,56.142857142857146,0.39653034709821433,167,68,B_1QB_Start11
2025,00-0040648,Tory Horton,WR,8,52.6,15.1,0.2412086953125,4.6875,56.625,57.625,62.625,60.125,57.625,0.3951018671875,168,69,B_1QB_Start11
2025,00-0038797,Emanuel Wilson,RB,17,87.00000000000001,18.150000000000006,0.23897410156250004,4.050000000000001,41.470588235294116,42.470588235294116,47.470588235294116,44.970588235294116,42.470588235294116,0.37129067693014706,169,56,B_1QB_Start11
2025,00-0040202,Devin Neal,RB,9,51.5,17.0,0.2366621171874999,3.8333333333333335,40.666666666666664,41.666666666666664,46.666666666666664,44.166666666666664,41.666666666666664,0.37198225520833333,170,57,B_1QB_Start11
2025,00-0039424,Devaughn Vele,WR,9,53.8,14.7,0.2337106406250002,4.344444444444445,56.44444444444444,57.44444444444444,62.44444444444444,59.94444444444444,57.44444444444444,0.3944448298611111,171,70,B_1QB_Start11
2025,00-0033110,Tyler Higbee,TE,10,58.6,15.900000000000004,0.2282070156249999,4.2700000000000005,24.4,25.4,30.4,27.9,25.4,0.41684277890625,172,32,B_1QB_Start11
2025,00-0040162,Dylan Sampson,RB,15,71.10000000000001,11.450000000000001,0.21383664062499985,3.976666666666667,41.06666666666667,42.06666666666667,47.06666666666667,44.56666666666667,42.06666666666667,0.36829387291666665,173,58,B_1QB_Start11
2025,00-0040736,Mason Taylor,TE,13,66.9,14.199999999999998,0.20553117187499986,4.053846153846154,23.692307692307693,24.692307692307693,29.692307692307693,27.192307692307693,24.692307692307693,0.4149373635817308,174,33,B_1QB_Start11
2025,00-0037837,Calvin Austin III,WR,14,70.7,8.450000000000001,0.20438757812499947,4.446428571428571,54.714285714285715,55.714285714285715,60.714285714285715,58.214285714285715,55.714285714285715,0.39726947656250006,175,71,B_1QB_Start11
2025,00-0034975,Justice Hill,RB,10,54.7,14.600000000000001,0.19903123437500014,4.01,39.4,40.4,45.4,42.9,40.4,0.36597848671875,176,59,B_1QB_Start11
2025,00-0038951,Sean Tucker,RB,17,87.4,18.0,0.19832103906250015,4.082352941176471,41.35294117647059,42.35294117647059,47.35294117647059,44.85294117647059,42.35294117647059,0.3696433524816176,177,60,B_1QB_Start11
2025,00-0037252,Greg Dulcich,TE,9,49.800000000000004,13.400000000000002,0.1847941250000002,4.044444444444444,23.88888888888889,24.88888888888889,29.88888888888889,27.38888888888889,24.88888888888889,0.4105808359375,178,34,B_1QB_Start11
2025,00-0039921,Trey Benson,RB,4,28.900000000000002,11.5,0.1820243124999999,4.35,40.5,41.5,46.5,44.0,41.5,0.35727428125,179,61,B_1QB_Start11
2025,00-0040705,Chimere Dike,WR,17,92.10000000000001,15.749999999999996,0.1812253281249997,4.491176470588235,55.11764705882353,56.11764705882353,61.11764705882353,58.61764705882353,56.11764705882353,0.39879360248161766,180,72,B_1QB_Start11
2025,00-0033881,Evan Engram,TE,16,77.8,11.6,0.18104885937500004,4.1375,23.8125,24.8125,29.8125,27.3125,24.8125,0.409924794921875,181,35,B_1QB_Start11
2025,00-0034796,Lamar Jackson,QB,13,228.85999999999999,3.4899999999999913,0.17481750781250002,17.336153846153845,12.0,13.0,18.0,15.5,13.0,0.3951893707932692,182,14,B_1QB_Start11
2025,00-0039880,Malik Washington,WR,17,87.7,11.150000000000002,0.1642162187499996,4.502941176470588,55.11764705882353,56.11764705882353,61.11764705882353,58.61764705882353,56.11764705882353,0.3990772219669118,183,73,B_1QB_Start11
2025,00-0038618,Xavier Hutchinson,WR,16,80.5,8.35,0.16149258593749993,4.509375,55.1875,56.1875,61.1875,58.6875,56.1875,0.3985020161132813,184,74,B_1QB_Start11
2025,00-0038621,DeMario Douglas,WR,16,80.3,8.700000000000003,0.15034049999999982,4.4750000000000005,55.375,56.375,61.375,58.875,56.375,0.3997156840820313,185,75,B_1QB_Start11
2025,00-0033307,Kendrick Bourne,WR,14,73.60000000000001,9.150000000000007,0.13434858593749993,4.603571428571429,55.07142857142857,56.07142857142857,61.07142857142857,58.57142857142857,56.07142857142857,0.39865241796875,186,76,B_1QB_Start11
2025,00-0039874,Jaylen Wright,RB,9,45.7,9.600000000000001,0.13406470312500018,4.011111111111111,43.22222222222222,44.22222222222222,49.22222222222222,46.72222222222222,44.22222222222222,0.3710474583333333,187,62,B_1QB_Start11
2025,00-0040237,Tez Johnson,WR,15,78.4,11.599999999999998,0.13004519531249986,4.453333333333333,54.666666666666664,55.666666666666664,60.666666666666664,58.166666666666664,55.666666666666664,0.40007985625,188,77,B_1QB_Start11
2025,00-0037291,Jalen Nailor,WR,17,86.2,10.199999999999996,0.12885445312499966,4.470588235294118,55.11764705882353,56.11764705882353,61.11764705882353,58.61764705882353,56.11764705882353,0.3988013892463235,189,78,B_1QB_Start11
2025,00-0040311,Theo Wease Jr.,WR,3,22.9,9.000000000000002,0.12772217968749994,4.633333333333333,53.0,54.0,59.0,56.5,54.0,0.4076383802083334,190,79,B_1QB_Start11
2025,00-0038619,Andrei Iosivas,WR,15,73.4,6.500000000000002,0.12473544531249975,4.46,55.0,56.0,61.0,58.5,56.0,0.39965880885416666,191,80,B_1QB_Start11
2025,00-0040669,Isaac TeSlaa,WR,14,67.9,5.099999999999999,0.12185105468750002,4.485714285714286,55.214285714285715,56.214285714285715,61.214285714285715,58.714285714285715,56.214285714285715,0.3999201194196429,192,81,B_1QB_Start11
2025,00-0039405,Jawhar Jordan,RB,4,26.2,8.75,0.10687444531249995,4.362500000000001,43.75,44.75,49.75,47.25,44.75,0.378635603515625,193,63,B_1QB_Start11
2025,00-0034837,Calvin Ridley,WR,7,38.800000000000004,6.050000000000002,0.1038703124999999,4.678571428571429,56.57142857142857,57.57142857142857,62.57142857142857,60.07142857142857,57.57142857142857,0.3965325279017858,194,82,B_1QB_Start11
2025,00-0040021,Phil Mafah,RB,1,9.9,6.1000000000000005,0.09616331250000004,3.8,47.0,48.0,53.0,50.5,48.0,0.39203508593749997,195,64,B_1QB_Start11
2025,00-0038393,Dontayvion Wicks,WR,13,60.800000000000004,1.3500000000000019,0.09175882812499991,4.573076923076924,55.23076923076923,56.23076923076923,61.23076923076923,58.73076923076923,56.23076923076923,0.3994417860576923,196,83,B_1QB_Start11
2025,00-0033526,Samaje Perine,RB,15,69.4,5.799999999999995,0.08315124999999995,4.24,40.93333333333333,41.93333333333333,46.93333333333333,44.43333333333333,41.93333333333333,0.3705895416666667,197,65,B_1QB_Start11
2025,00-0032385,Sterling Shepard,WR,13,62.5,5.500000000000001,0.08304490624999988,4.384615384615385,55.69230769230769,56.69230769230769,61.69230769230769,59.19230769230769,56.69230769230769,0.3971973804086539,198,84,B_1QB_Start11
2025,00-0037801,KaVontae Turpin,WR,15,71.5,4.100000000000002,0.08160214062499987,4.493333333333334,54.93333333333333,55.93333333333333,60.93333333333333,58.43333333333333,55.93333333333333,0.39859122760416665,199,85,B_1QB_Start11
2025,00-0040691,Jaxson Dart,QB,14,251.58,2.7500000000000053,0.07991045312500034,17.77357142857143,12.0,13.0,18.0,15.5,13.0,0.39820205189732144,200,15,B_1QB_Start11
2025,00-0035243,Miles Sanders,RB,4,22.700000000000003,5.300000000000002,0.07901027343749989,4.35,40.5,41.5,46.5,44.0,41.5,0.35727428125,201,66,B_1QB_Start11
2025,00-0035644,Noah Fant,TE,13,57.800000000000004,4.5,0.0773954609375,4.1000000000000005,24.076923076923077,25.076923076923077,30.076923076923077,27.576923076923077,25.076923076923077,0.41594629927884613,202,36,B_1QB_Start11
2025,00-0039855,Jalen McMillan,WR,4,23.900000000000002,5.15,0.06902962499999987,4.6875,53.5,54.5,59.5,57.0,54.5,0.40651326171875,203,86,B_1QB_Start11
2025,00-0035208,Olamide Zaccheaus,WR,14,65.30000000000001,2.650000000000002,0.06902571093749993,4.4750000000000005,55.357142857142854,56.357142857142854,61.357142857142854,58.857142857142854,56.357142857142854,0.39713326618303574,204,87,B_1QB_Start11
2025,00-0034855,Baker Mayfield,QB,17,293.92,0.8900000000000041,0.06494825000000015,17.237058823529413,12.0,13.0,18.0,15.5,13.0,0.39448116865808824,205,16,B_1QB_Start11
2025,00-0039355,Luke McCaffrey,WR,9,45.800000000000004,4.500000000000002,0.0619269687499997,4.588888888888889,56.888888888888886,57.888888888888886,62.888888888888886,60.388888888888886,57.888888888888886,0.3957777178819445,206,88,B_1QB_Start11
2025,00-0033119,Jacoby Brissett,QB,14,243.44,0.5399999999999956,0.060824218750000075,17.35,12.0,13.0,18.0,15.5,13.0,0.39644093136160713,207,17,B_1QB_Start11
2025,00-0035500,Greg Dortch,WR,12,60.6,6.600000000000001,0.05359973437499993,4.5,55.416666666666664,56.416666666666664,61.416666666666664,58.916666666666664,56.416666666666664,0.39619226562500004,208,89,B_1QB_Start11
2025,00-0034829,Mike Gesicki,TE,12,56.7,5.55,0.05189264062500015,4.2625,23.0,24.0,29.0,26.5,24.0,0.41068774283854165,209,37,B_1QB_Start11
2025,00-0038558,Darnell Washington,TE,13,57.9,3.599999999999997,0.044483765625000116,4.176923076923077,23.76923076923077,24.76923076923077,29.76923076923077,27.26923076923077,24.76923076923077,0.41518475,210,38,B_1QB_Start11
2025,00-0040584,Gunnar Helm,TE,16,69.7,3.5500000000000016,0.04150202343750009,4.134375,23.75,24.75,29.75,27.25,24.75,0.41104349755859376,211,39,B_1QB_Start11
2025,00-0036755,Jaret Patterson,RB,6,24.2,1.0,0.04124379687499996,3.866666666666667,41.833333333333336,42.833333333333336,47.833333333333336,45.333333333333336,42.833333333333336,0.37048306119791663,212,67,B_1QB_Start11
2025,00-0039066,Michael Mayer,TE,13,56.300000000000004,1.8500000000000005,0.03897003125000009,4.188461538461539,24.0,25.0,30.0,27.5,25.0,0.41497364963942307,213,40,B_1QB_Start11
2025,00-0039342,Xavier Legette,WR,15,71.80000000000001,5.300000000000001,0.03858551562499973,4.433333333333334,55.53333333333333,56.53333333333333,61.53333333333333,59.03333333333333,56.53333333333333,0.3996642848958334,214,90,B_1QB_Start11
2025,00-0037231,Kevin Austin Jr.,WR,5,26.5,2.6500000000000004,0.038572749999999933,4.7700000000000005,53.4,54.4,59.4,56.9,54.4,0.40530794375,215,91,B_1QB_Start11
2025,00-0040466,Raheim Sanders,RB,4,18.8,2.0,0.03770602343749996,4.2,42.5,43.5,48.5,46.0,43.5,0.369569099609375,216,68,B_1QB_Start11
2025,00-0033699,Austin Ekeler,RB,2,10.600000000000001,1.7000000000000002,0.03674107812500005,4.45,37.0,38.0,43.0,40.5,38.0,0.350716765625,217,69,B_1QB_Start11
2025,00-0031503,Jameis Winston,QB,3,46.78,-0.7699999999999996,0.036681875000000086,15.850000000000001,12.0,13.0,18.0,15.5,13.0,0.3917584453125,218,18,B_1QB_Start11
2025,00-0036423,Albert Okwuegbunam,TE,1,6.1,2.3499999999999996,0.03513107031250001,3.75,26.0,27.0,32.0,29.5,27.0,0.38467321875,219,41,B_1QB_Start11
2025,00-0037838,Isaiah Likely,TE,12,48.2,0.5499999999999998,0.03504492187499969,3.970833333333333,24.333333333333332,25.333333333333332,30.333333333333332,27.833333333333332,25.333333333333332,0.41521070833333334,220,42,B_1QB_Start11
2025,00-0036442,Joe Burrow,QB,8,144.46,1.9399999999999942,0.03467285156249997,17.815,12.0,13.0,18.0,15.5,13.0,0.3919600185546875,221,19,B_1QB_Start11
2025,00-0040737,Terrance Ferguson,TE,11,46.6,2.9999999999999982,0.030818195312500185,3.963636363636364,24.636363636363637,25.636363636363637,30.636363636363637,28.136363636363637,25.636363636363637,0.40925313352272724,222,43,B_1QB_Start11
2025,00-0040134,Pat Bryant,WR,13,59.300000000000004,1.6499999999999977,0.026288398437499583,4.434615384615385,55.07692307692308,56.07692307692308,61.07692307692308,58.57692307692308,56.07692307692308,0.3988477638221154,223,92,B_1QB_Start11
2025,00-0038705,Emari Demercado,RB,12,51.8,1.149999999999999,0.025647281250000042,4.220833333333334,41.166666666666664,42.166666666666664,47.166666666666664,44.666666666666664,42.166666666666664,0.37134743164062495,224,70,B_1QB_Start11
2025,00-0037329,Brittain Brown,RB,2,9.7,0.7999999999999989,0.023591156250000078,4.45,39.5,40.5,45.5,43.0,40.5,0.3871896640625,225,71,B_1QB_Start11
2025,00-0038647,Ronnie Bell,WR,2,9.3,0.6000000000000014,0.021753703125000023,4.35,51.5,52.5,57.5,55.0,52.5,0.4042671953125,226,93,B_1QB_Start11
2025,00-0037563,Malik Davis,RB,10,39.6,-0.3500000000000032,0.021494742187500027,3.995,41.7,42.7,47.7,45.2,42.7,0.3749700015625,227,72,B_1QB_Start11
2025,00-0038891,Shedrick Jackson,WR,3,13.9,1.5500000000000007,0.020309187499999992,4.116666666666666,52.0,53.0,58.0,55.5,53.0,0.40335741145833337,228,94,B_1QB_Start11
2025,00-0039890,Adonai Mitchell,WR,16,71.4,-0.7499999999999956,0.01963322656249966,4.509375,55.1875,56.1875,61.1875,58.6875,56.1875,0.3985020161132813,229,95,B_1QB_Start11
2025,00-0038976,Marvin Mims Jr.,WR,15,70.5,2.2500000000000018,0.019164289062499562,4.55,55.333333333333336,56.333333333333336,61.333333333333336,58.833333333333336,56.333333333333336,0.39915052031250003,230,96,B_1QB_Start11
2025,00-0040586,Jaydon Blue,RB,5,19.900000000000002,-0.5500000000000007,0.011931257812500207,4.090000000000001,39.2,40.2,45.2,42.7,40.2,0.3755721015625,231,73,B_1QB_Start11
2025,00-0036196,Gabe Davis,WR,6,24.900000000000002,-0.09999999999999787,0.010655226562500175,4.166666666666667,52.333333333333336,53.333333333333336,58.333333333333336,55.833333333333336,53.333333333333336,0.3999955208333333,232,97,B_1QB_Start11
2025,00-0034983,Hunter Renfrow,WR,6,28.400000000000002,-0.24999999999999956,0.00785820312499974,4.7749999999999995,57.0,58.0,63.0,60.5,58.0,0.3930348424479167,233,98,B_1QB_Start11
2025,00-0038551,Kendre Miller,RB,7,30.8,0.09999999999999876,0.006735367187499952,4.385714285714286,38.857142857142854,39.857142857142854,44.857142857142854,42.357142857142854,39.857142857142854,0.3659989910714286,234,74,B_1QB_Start11
2025,00-0038454,Keaton Mitchell,RB,13,50.900000000000006,-1.0499999999999998,-0.0016721874999997,3.996153846153846,41.61538461538461,42.61538461538461,47.61538461538461,45.11538461538461,42.61538461538461,0.37347822896634614,235,75,B_1QB_Start11
2025,00-0035249,Josh Oliver,TE,12,47.5,-1.6000000000000005,-0.0034577734375000335,4.091666666666667,23.5,24.5,29.5,27.0,24.5,0.41025871940104164,236,44,B_1QB_Start11
2025,00-0034613,Tanner Hudson,TE,10,38.3,-1.7000000000000015,-0.008098749999999821,4.0,24.0,25.0,30.0,27.5,25.0,0.41311649921875004,237,45,B_1QB_Start11
2025,00-0040406,Quentin Skinner,WR,1,3.5,-0.5999999999999996,-0.009233421875000036,4.1,49.0,50.0,55.0,52.5,50.0,0.39698956250000006,238,99,B_1QB_Start11
2025,00-0038728,Jared Wayne,WR,1,3.0,-0.8000000000000003,-0.011161945312499977,3.8000000000000003,59.0,60.0,65.0,62.5,60.0,0.4011845234375,239,100,B_1QB_Start11
2025,00-0038979,Cedric Tillman,WR,12,49.5,-4.250000000000002,-0.011224242187500233,4.479166666666667,54.416666666666664,55.416666666666664,60.416666666666664,57.916666666666664,55.416666666666664,0.39796095507812507,240,101,B_1QB_Start11
2025,00-0036534,Shane Zylstra,TE,1,3.5,-1.0499999999999998,-0.01341655468749997,4.55,19.0,20.0,25.0,22.5,20.0,0.40970215624999995,241,46,B_1QB_Start11
2025,00-0040317,Jacoby Jones,WR,1,3.0,-1.0999999999999996,-0.014159023437499973,4.1,54.0,55.0,60.0,57.5,55.0,0.417518640625,242,102,B_1QB_Start11
2025,00-0036290,Cole Kmet,TE,16,63.7,-3.250000000000001,-0.015657117187499847,4.184375,23.8125,24.8125,29.8125,27.3125,24.8125,0.4144729350585937,243,47,B_1QB_Start11
2025,00-0036309,Darnell Mooney,WR,15,66.3,-0.6000000000000001,-0.01997664062500004,4.46,54.6,55.6,60.6,58.1,55.6,0.39988915572916667,244,103,B_1QB_Start11
2025,00-0039792,Devontez Walker,WR,8,34.6,-3.3499999999999996,-0.020434687500000104,4.74375,54.75,55.75,60.75,58.25,55.75,0.3942975244140625,245,104,B_1QB_Start11
2025,00-0037004,Hunter Long,TE,7,26.5,-2.4499999999999993,-0.020732523437499928,4.135714285714285,25.714285714285715,26.714285714285715,31.714285714285715,29.214285714285715,26.714285714285715,0.407555125,246,48,B_1QB_Start11
2025,00-0040388,Jakobie Keeney-James,WR,1,2.5,-1.5999999999999996,-0.024541695312500056,4.1,49.0,50.0,55.0,52.5,50.0,0.39698956250000006,247,105,B_1QB_Start11
2025,00-0038394,Will Mallory,TE,1,2.1,-2.0500000000000003,-0.027121109374999952,4.15,25.0,26.0,31.0,28.5,26.0,0.41550348437499995,248,49,B_1QB_Start11
2025,00-0039794,Braelon Allen,RB,4,14.3,-3.0999999999999996,-0.028266148437500083,4.35,40.5,41.5,46.5,44.0,41.5,0.35727428125,249,76,B_1QB_Start11
2025,00-0040244,Moliki Matavao,TE,1,2.0,-2.1500000000000004,-0.02840257031249993,4.15,25.0,26.0,31.0,28.5,26.0,0.41550348437499995,250,50,B_1QB_Start11
2025,00-0038396,Eric Gray,RB,1,0.0,-2.6,-0.03373315624999995,2.6,42.0,43.0,48.0,45.5,43.0,0.3825169296875,251,77,B_1QB_Start11
2025,00-0040067,Jacardia Wright,RB,1,2.0,-2.3499999999999996,-0.034279367187500076,4.35,43.0,44.0,49.0,46.5,44.0,0.38109979687500006,252,78,B_1QB_Start11
2025,00-0036754,Brock Wright,TE,8,29.8,-3.6499999999999995,-0.03534274999999987,4.18125,24.25,25.25,30.25,27.75,25.25,0.417379181640625,253,51,B_1QB_Start11
2025,00-0040277,Jahdae Walker,WR,6,23.7,-3.4000000000000012,-0.035359281250000096,4.516666666666667,53.833333333333336,54.833333333333336,59.833333333333336,57.333333333333336,54.833333333333336,0.4006095143229167,254,106,B_1QB_Start11
2025,00-0040039,Amar Johnson,RB,1,0.8,-3.1500000000000004,-0.03952202343750005,3.95,43.0,44.0,49.0,46.5,44.0,0.371676875,255,79,B_1QB_Start11
2025,00-0038794,Jaleel McLaughlin,RB,8,29.400000000000002,-4.05,-0.044664851562499885,4.18125,43.375,44.375,49.375,46.875,44.375,0.375458779296875,256,80,B_1QB_Start11
2025,00-0024243,Marcedes Lewis,TE,1,0.0,-3.45,-0.045696679687499964,3.45,25.0,26.0,31.0,28.5,26.0,0.421867953125,257,52,B_1QB_Start11
2025,00-0038498,E.J. Jenkins,TE,1,0.0,-3.8500000000000005,-0.04578700000000002,3.8500000000000005,25.0,26.0,31.0,28.5,26.0,0.3983149375,258,53,B_1QB_Start11
2025,00-0040225,Thomas Fidone II,TE,1,0.0,-3.8500000000000005,-0.04578700000000002,3.8500000000000005,25.0,26.0,31.0,28.5,26.0,0.3983149375,259,54,B_1QB_Start11
2025,00-0039266,Kendall Milton,RB,1,0.2,-3.75,-0.046862695312500036,3.95,43.0,44.0,49.0,46.5,44.0,0.371676875,260,81,B_1QB_Start11
2025,00-0040522,Xavier Restrepo,WR,2,5.6,-2.9500000000000006,-0.04729691406249997,4.275,52.0,53.0,58.0,55.5,53.0,0.38619112499999997,261,107,B_1QB_Start11
2025,00-0038911,Malik Cunningham,WR,1,0.1,-3.5500000000000003,-0.048156210937499944,3.6500000000000004,53.0,54.0,59.0,56.5,54.0,0.40153784374999996,262,108,B_1QB_Start11
2025,00-0039489,Hayden Rucci,TE,1,0.0,-3.5,-0.048902484375,3.5,22.0,23.0,28.0,25.5,23.0,0.40022144531250003,263,55,B_1QB_Start11
2025,00-0036567,Elijah Mitchell,RB,1,0.0,-3.95,-0.0492798203125,3.95,43.0,44.0,49.0,46.5,44.0,0.371676875,264,82,B_1QB_Start11
2025,00-0033858,Jonnu Smith,TE,17,66.2,-4.249999999999998,-0.049376164062499894,4.144117647058824,23.705882352941178,24.705882352941178,29.705882352941178,27.205882352941178,24.705882352941178,0.4136346121323529,265,56,B_1QB_Start11
2025,00-0036527,DJ Turner,WR,1,0.0,-3.6500000000000004,-0.04941274218749997,3.6500000000000004,53.0,54.0,59.0,56.5,54.0,0.40153784374999996,266,109,B_1QB_Start11
2025,00-0037098,Samori Toure,WR,1,0.8,-3.3,-0.05008232031250004,4.1,49.0,50.0,55.0,52.5,50.0,0.39698956250000006,267,110,B_1QB_Start11
2025,00-0036360,Clyde Edwards-Helaire,RB,2,3.2,-3.65,-0.05168036718749991,3.425,39.5,40.5,45.5,43.0,40.5,0.38679257421875,268,83,B_1QB_Start11
2025,00-0040547,Nate Carter,RB,2,4.000000000000001,-3.6999999999999993,-0.052736843749999984,3.85,41.0,42.0,47.0,44.5,42.0,0.367014703125,269,84,B_1QB_Start11
2025,00-0036893,Najee Harris,RB,3,10.100000000000001,-3.149999999999999,-0.0527809921875001,4.416666666666667,39.0,40.0,45.0,42.5,40.0,0.3608444427083333,270,85,B_1QB_Start11
2025,00-0035639,Parris Campbell,WR,1,0.0,-4.2,-0.05399599999999999,4.2,54.0,55.0,60.0,57.5,55.0,0.403458984375,271,111,B_1QB_Start11
2025,00-0038456,Travis Vokolek,TE,1,0.0,-3.75,-0.05415296093750005,3.75,26.0,27.0,32.0,29.5,27.0,0.38467321875,272,57,B_1QB_Start11
2025,00-0033891,Zay Jones,WR,6,24.3,-2.3499999999999996,-0.05483642187500026,4.441666666666666,56.166666666666664,57.166666666666664,62.166666666666664,59.666666666666664,57.166666666666664,0.39966092838541667,273,112,B_1QB_Start11
2025,00-0035406,Lil'Jordan Humphrey,WR,7,28.099999999999998,-3.700000000000002,-0.055920750000000075,4.542857142857143,54.285714285714285,55.285714285714285,60.285714285714285,57.785714285714285,55.285714285714285,0.4024021439732143,274,113,B_1QB_Start11
2025,00-0040628,Drake Dabney,TE,1,0.8,-3.8,-0.05770919531250002,4.6,24.0,25.0,30.0,27.5,25.0,0.41789771093750006,275,58,B_1QB_Start11
2025,00-0034775,Christian Kirk,WR,11,43.9,-4.5,-0.05813458593749998,4.3999999999999995,53.72727272727273,54.72727272727273,59.72727272727273,57.22727272727273,54.72727272727273,0.40195825,276,114,B_1QB_Start11
2025,00-0038735,Princeton Fant,TE,1,0.0,-4.05,-0.05843267968749988,4.05,30.0,31.0,36.0,33.5,31.0,0.40609717187499994,277,59,B_1QB_Start11
2025,00-0035311,Myles Gaskin,RB,1,0.6000000000000001,-3.8000000000000003,-0.05866447656250001,4.4,46.0,47.0,52.0,49.5,47.0,0.36191874218750003,278,86,B_1QB_Start11
2025,00-0032688,Robbie Chosen,WR,3,7.8,-4.550000000000001,-0.05930962499999998,4.116666666666667,55.333333333333336,56.333333333333336,61.333333333333336,58.833333333333336,56.333333333333336,0.4100840911458334,279,115,B_1QB_Start11
2025,00-0038409,Lew Nichols III,RB,1,0.0,-4.25,-0.059901921874999986,4.25,37.0,38.0,43.0,40.5,38.0,0.39106821875,280,87,B_1QB_Start11
2025,00-0036463,Chris Blair,WR,1,0.0,-4.6,-0.06046007031249995,4.6,54.0,55.0,60.0,57.5,55.0,0.411544828125,281,116,B_1QB_Start11
2025,00-0038115,Daniel Bellinger,TE,13,50.1,-3.75,-0.06135985937499994,4.142307692307693,23.53846153846154,24.53846153846154,29.53846153846154,27.03846153846154,24.53846153846154,0.4119924459134615,282,60,B_1QB_Start11
2025,00-0036165,Isaiah Hodgins,WR,6,22.5,-3.7000000000000015,-0.06180841406249998,4.366666666666666,52.666666666666664,53.666666666666664,58.666666666666664,56.166666666666664,53.666666666666664,0.4002621979166667,283,117,B_1QB_Start11
2025,00-0039710,Jeshaun Jones,WR,1,0.0,-4.1,-0.061871078125000034,4.1,49.0,50.0,55.0,52.5,50.0,0.39698956250000006,284,118,B_1QB_Start11
2025,00-0037282,James Mitchell,TE,2,4.300000000000001,-4.449999999999999,-0.06333100000000003,4.375,24.5,25.5,30.5,28.0,25.5,0.402257125,285,61,B_1QB_Start11
2025,00-0040172,Jordan Watkins,WR,2,3.6000000000000005,-4.65,-0.06511588281250003,4.125,56.0,57.0,62.0,59.5,57.0,0.39732406640625,286,119,B_1QB_Start11
2025,00-0032950,Carson Wentz,QB,5,80.34,-5.390000000000001,-0.06606680468749987,17.146,12.0,13.0,18.0,15.5,13.0,0.3880388375,287,20,B_1QB_Start11
2025,00-0036959,Michael Bandy,WR,4,13.0,-4.75,-0.06607807031250007,4.4375,54.0,55.0,60.0,57.5,55.0,0.40293442578125,288,120,B_1QB_Start11
2025,00-0036945,Justin Fields,QB,9,144.66,-15.059999999999993,-0.06664826562499981,17.746666666666666,12.0,13.0,18.0,15.5,13.0,0.3946394184027777,289,21,B_1QB_Start11
2025,00-0033955,Jeremy McNichols,RB,16,60.2,-5.950000000000002,-0.06737266406249992,4.134375,41.3125,42.3125,47.3125,44.8125,42.3125,0.371131240234375,290,88,B_1QB_Start11
2025,00-0040476,Ulysses Bentley IV,RB,1,0.0,-4.0,-0.06816542187499997,4.0,37.0,38.0,43.0,40.5,38.0,0.34704509375,291,89,B_1QB_Start11
2025,00-0038678,Jordan Mims,RB,1,0.0,-4.9,-0.06857421875000003,4.9,37.0,38.0,43.0,40.5,38.0,0.3543884375,292,90,B_1QB_Start11
2025,00-0036950,Avery Williams,RB,1,0.0,-4.800000000000001,-0.06862056250000004,4.800000000000001,35.0,36.0,41.0,38.5,36.0,0.363063703125,293,91,B_1QB_Start11
2025,00-0037276,Ty Chandler,RB,3,7.300000000000001,-4.3999999999999995,-0.07085867187499995,3.9,41.666666666666664,42.666666666666664,47.666666666666664,45.166666666666664,42.666666666666664,0.36735286979166665,294,92,B_1QB_Start11
2025,00-0037614,John Metchie III,WR,13,55.400000000000006,-3.1999999999999993,-0.0711935625000002,4.507692307692308,54.46153846153846,55.46153846153846,60.46153846153846,57.96153846153846,55.46153846153846,0.3983591820913462,295,121,B_1QB_Start11
2025,00-0039798,Isaiah Davis,RB,16,60.7,-4.900000000000001,-0.07228899999999994,4.1000000000000005,41.0,42.0,47.0,44.5,42.0,0.368243869140625,296,93,B_1QB_Start11
2025,00-0037380,Kaden Davis,WR,1,0.0,-5.1,-0.07291532812500001,5.1,53.0,54.0,59.0,56.5,54.0,0.40048667187500003,297,122,B_1QB_Start11
2025,00-0040629,Dalevon Campbell,WR,1,0.0,-5.1,-0.07291532812500001,5.1,53.0,54.0,59.0,56.5,54.0,0.40048667187500003,298,123,B_1QB_Start11
2025,00-0033943,Josh Reynolds,WR,5,17.6,-5.05,-0.07362452343749998,4.529999999999999,56.4,57.4,62.4,59.9,57.4,0.3959962703125,299,124,B_1QB_Start11
2025,00-0038458,Owen Wright,RB,2,0.6000000000000001,-5.95,-0.07535245312500005,3.2750000000000004,42.5,43.5,48.5,46.0,43.5,0.37709690234375004,300,94,B_1QB_Start11
2025,00-0038555,Tank Bigsby,RB,15,52.3,-7.8000000000000025,-0.07578502343749982,4.006666666666667,41.333333333333336,42.333333333333336,47.333333333333336,44.833333333333336,42.333333333333336,0.3711753208333333,301,95,B_1QB_Start11
2025,00-0039884,Tahj Washington,WR,2,3.2,-5.35,-0.07580911718750005,4.275,51.0,52.0,57.0,54.5,52.0,0.39522658593750004,302,125,B_1QB_Start11
2025,00-0039739,Roman Wilson,WR,9,32.6,-6.0500000000000025,-0.08278083593750007,4.294444444444445,55.666666666666664,56.666666666666664,61.666666666666664,59.166666666666664,56.666666666666664,0.3986249939236111,303,126,B_1QB_Start11
2025,00-0036497,Tim Jones,WR,2,2.0,-6.300000000000001,-0.0849526953125001,4.15,53.5,54.5,59.5,57.0,54.5,0.398527484375,304,127,B_1QB_Start11
2025,00-0037524,Tay Martin,WR,2,3.3,-6.4,-0.09051909375,4.85,55.5,56.5,61.5,59.0,56.5,0.391628828125,305,128,B_1QB_Start11
2025,00-0037539,Lucas Krull,TE,2,2.5,-5.55,-0.09085761718749996,4.025,24.0,25.0,30.0,27.5,25.0,0.40813374999999996,306,62,B_1QB_Start11
2025,00-0040363,Keleki Latu,TE,3,5.5,-7.200000000000001,-0.093798921875,4.233333333333333,24.0,25.0,30.0,27.5,25.0,0.4224721276041667,307,63,B_1QB_Start11
2025,00-0039631,Cam Grandy,TE,2,1.7000000000000002,-6.949999999999999,-0.09416342968749991,4.324999999999999,21.5,22.5,27.5,25.0,22.5,0.40978869531249995,308,64,B_1QB_Start11
2025,00-0036626,Dyami Brown,WR,11,39.7,-9.75,-0.09587578125000035,4.495454545454546,55.72727272727273,56.72727272727273,61.72727272727273,59.22727272727273,56.72727272727273,0.3996325994318182,309,129,B_1QB_Start11
2025,00-0037015,Sal Cannella,TE,2,2.1,-6.65,-0.09662961718750002,4.375,24.5,25.5,30.5,28.0,25.5,0.41670059765625,310,65,B_1QB_Start11
2025,00-0039757,Terrell Jennings,RB,6,14.700000000000001,-7.700000000000001,-0.09742585937499998,3.733333333333334,40.333333333333336,41.333333333333336,46.333333333333336,43.833333333333336,41.333333333333336,0.3735154817708333,311,96,B_1QB_Start11
2025,00-0036328,Antonio Gibson,RB,5,16.2,-6.000000000000002,-0.098375015625,4.44,39.4,40.4,45.4,42.9,40.4,0.358432165625,312,97,B_1QB_Start11
2025,00-0039910,Jayden Daniels,QB,7,120.28,-8.199999999999998,-0.09899825781249982,18.354285714285712,12.0,13.0,18.0,15.5,13.0,0.388508421875,313,22,B_1QB_Start11
2025,00-0037755,Jelani Woods,TE,2,0.9,-7.800000000000001,-0.09978577343749995,4.35,22.0,23.0,28.0,25.5,23.0,0.41260282031249995,314,66,B_1QB_Start11
2025,00-0040429,Josh Williams,RB,2,1.1,-7.050000000000001,-0.0998407421875,4.075000000000001,37.0,38.0,43.0,40.5,38.0,0.35799665625,315,98,B_1QB_Start11
2025,00-0036569,Gary Brightwell,RB,2,0.0,-7.0,-0.10118422656249998,3.5,44.0,45.0,50.0,47.5,45.0,0.3722178359375,316,99,B_1QB_Start11
2025,00-0036264,Jordan Love,QB,15,247.14,-13.340000000000003,-0.10120565624999969,17.365333333333336,12.0,13.0,18.0,15.5,13.0,0.39437346822916663,317,23,B_1QB_Start11
2025,00-0038809,Ben Sims,TE,3,4.5,-7.4,-0.1026465390625001,3.966666666666667,23.666666666666668,24.666666666666668,29.666666666666668,27.166666666666668,24.666666666666668,0.41314185156250005,318,67,B_1QB_Start11
2025,00-0032392,Austin Hooper,TE,13,48.800000000000004,-6.049999999999998,-0.10348904687499999,4.219230769230769,23.923076923076923,24.923076923076923,29.923076923076923,27.423076923076923,24.923076923076923,0.41597148918269233,319,68,B_1QB_Start11
2025,00-0040241,Dominic Lovett,WR,2,0.0,-8.05,-0.10400806250000005,4.025,54.0,55.0,60.0,57.5,55.0,0.40352517187500003,320,130,B_1QB_Start11
2025,00-0033591,Noah Brown,WR,4,10.8,-7.3500000000000005,-0.10519243750000001,4.5375000000000005,58.0,59.0,64.0,61.5,59.0,0.393920373046875,321,131,B_1QB_Start11
2025,00-0037277,Teagan Quitoriano,TE,2,0.0,-8.05,-0.10534330468749997,4.025,24.5,25.5,30.5,28.0,25.5,0.43164657812499996,322,69,B_1QB_Start11
2025,00-0035956,Giovanni Ricci,TE,2,0.0,-8.3,-0.10618748437499992,4.15,24.0,25.0,30.0,27.5,25.0,0.39428942968749997,323,70,B_1QB_Start11
2025,00-0033282,Curtis Samuel,WR,6,17.6,-8.3,-0.10714715625000004,4.316666666666667,55.166666666666664,56.166666666666664,61.166666666666664,58.666666666666664,56.166666666666664,0.39983596484375,324,132,B_1QB_Start11
2025,00-0040646,Jalen Royals,WR,2,1.4,-7.65,-0.10834699218749999,4.525,50.5,51.5,56.5,54.0,51.5,0.39154168750000007,325,133,B_1QB_Start11
2025,00-0033757,Robert Tonyan,TE,2,0.6,-8.35,-0.1116454609375,4.475,23.0,24.0,29.0,26.5,24.0,0.42692810937500003,326,71,B_1QB_Start11
2025,00-0040667,Matthew Golden,WR,14,55.5,-7.549999999999999,-0.11315667968750032,4.503571428571428,55.285714285714285,56.285714285714285,61.285714285714285,58.785714285714285,56.285714285714285,0.40071036774553576,327,134,B_1QB_Start11
2025,00-0040556,Corey Kiner,RB,4,8.3,-9.15,-0.1161187500000001,4.362500000000001,43.75,44.75,49.75,47.25,44.75,0.378635603515625,328,100,B_1QB_Start11
2025,00-0036427,Tyler Johnson,WR,9,31.7,-9.100000000000001,-0.1169004453125001,4.533333333333333,56.888888888888886,57.888888888888886,62.888888888888886,60.388888888888886,57.888888888888886,0.40164390364583336,329,135,B_1QB_Start11
2025,00-0035140,Mecole Hardman,WR,2,0.0,-9.3,-0.11834940624999996,4.65,55.0,56.0,61.0,58.5,56.0,0.41594969531250003,330,136,B_1QB_Start11
2025,00-0039394,Casey Washington,WR,5,12.400000000000002,-9.299999999999999,-0.11852551562499991,4.34,56.4,57.4,62.4,59.9,57.4,0.39680040625,331,137,B_1QB_Start11
2025,00-0037031,Nikola Kalinic,TE,2,0.0,-8.5,-0.12052502343750005,4.25,24.0,25.0,30.0,27.5,25.0,0.43284369140625,332,72,B_1QB_Start11
2025,00-0036415,Van Jefferson,WR,14,55.5,-7.65,-0.1207383671875002,4.510714285714286,55.0,56.0,61.0,58.5,56.0,0.40008681417410713,333,138,B_1QB_Start11
2025,00-0034867,Malik Turner,WR,2,0.0,-9.15,-0.1207838750000001,4.575,58.5,59.5,64.5,62.0,59.5,0.40315305859375006,334,139,B_1QB_Start11
2025,00-0038740,Jalen Moreno-Cropper,WR,2,0.0,-8.95,-0.12224313281250004,4.475,56.5,57.5,62.5,60.0,57.5,0.40031141406250004,335,140,B_1QB_Start11
2025,00-0034054,River Cracraft,WR,2,0.0,-8.7,-0.12233114843749998,4.35,51.5,52.5,57.5,55.0,52.5,0.4042671953125,336,141,B_1QB_Start11
2025,00-0035228,Kyler Murray,QB,5,83.78,-8.259999999999998,-0.12332064843750001,18.407999999999998,12.0,13.0,18.0,15.5,13.0,0.39245836562499997,337,24,B_1QB_Start11
2025,00-0039824,Jared Wiley,TE,2,0.9,-8.05,-0.12442567968750007,4.475,24.0,25.0,30.0,27.5,25.0,0.41447091796875,338,73,B_1QB_Start11
2025,00-0038128,Malik Willis,QB,4,51.17999999999999,-12.270000000000007,-0.1247794531250001,15.8625,12.0,13.0,18.0,15.5,13.0,0.38871921484375,339,25,B_1QB_Start11
2025,00-0034419,Braxton Berrios,WR,4,6.700000000000001,-9.8,-0.12518553125000015,4.125,56.0,57.0,62.0,59.5,57.0,0.40184544140625,340,142,B_1QB_Start11
2025,00-0040352,Coleman Owen,WR,2,0.0,-10.05,-0.126038015625,5.025,55.5,56.5,61.5,59.0,56.5,0.40875932812500004,341,143,B_1QB_Start11
2025,00-0037311,Ko Kieft,TE,2,0.0,-8.05,-0.13010686718749997,4.025,24.0,25.0,30.0,27.5,25.0,0.40813374999999996,342,74,B_1QB_Start11
2025,00-0035726,Jakob Johnson,RB,2,0.0,-9.25,-0.13105434375000008,4.625,40.0,41.0,46.0,43.5,41.0,0.3677441171875,343,101,B_1QB_Start11
2025,00-0039650,Bryce Oliver,WR,2,1.3,-8.350000000000001,-0.13125921875000007,4.825,62.0,63.0,68.0,65.5,63.0,0.38550287109375003,344,144,B_1QB_Start11
2025,00-0039737,Tip Reiman,TE,3,3.3,-8.5,-0.13209446875000003,3.9333333333333336,24.666666666666668,25.666666666666668,30.666666666666668,28.166666666666668,25.666666666666668,0.4003135729166667,345,75,B_1QB_Start11
2025,00-0039356,Ja'Tavion Sanders,TE,12,39.5,-9.8,-0.1357446953125,4.108333333333333,23.416666666666668,24.416666666666668,29.416666666666668,26.916666666666668,24.416666666666668,0.412069150390625,346,76,B_1QB_Start11
2025,00-0036414,Cam Akers,RB,4,7.180000000000001,-9.67,-0.13618752343750007,4.2125,41.5,42.5,47.5,45.0,42.5,0.37479425390625,347,102,B_1QB_Start11
2025,00-0034386,Justin Watson,WR,3,4.5,-9.25,-0.1389402031250001,4.583333333333333,57.666666666666664,58.666666666666664,63.666666666666664,61.166666666666664,58.666666666666664,0.38933176822916665,348,145,B_1QB_Start11
2025,00-0036849,Tutu Atwell,WR,8,28.2,-9.799999999999999,-0.13920460156250014,4.75,55.75,56.75,61.75,59.25,56.75,0.39580279589843753,349,146,B_1QB_Start11
2025,00-0037340,Zaire Mitchell-Paden,TE,3,2.7,-10.0,-0.14420707812499994,4.233333333333333,23.0,24.0,29.0,26.5,24.0,0.4109918177083333,350,77,B_1QB_Start11
2025,00-0040488,Carter Runyon,TE,3,0.8,-11.55,-0.14452765625000003,4.116666666666667,22.333333333333332,23.333333333333332,28.333333333333332,25.833333333333332,23.333333333333332,0.4140107604166667,351,78,B_1QB_Start11
2025,00-0040024,Darius Cooper,WR,6,13.700000000000003,-11.249999999999998,-0.14469187499999997,4.158333333333333,53.166666666666664,54.166666666666664,59.166666666666664,56.666666666666664,54.166666666666664,0.40491643489583334,352,147,B_1QB_Start11
2025,00-0040194,Jackson Hawes,TE,13,44.7,-9.55,-0.14475246093749977,4.173076923076923,23.23076923076923,24.23076923076923,29.23076923076923,26.73076923076923,24.23076923076923,0.4120202139423077,353,79,B_1QB_Start11
2025,00-0038839,Mitchell Tinsley,WR,8,27.6,-10.8,-0.14521850000000008,4.800000000000001,54.75,55.75,60.75,58.25,55.75,0.3946035380859375,354,148,B_1QB_Start11
2025,00-0037742,Treylon Burks,WR,8,24.0,-11.6,-0.14864867968750012,4.45,53.0,54.0,59.0,56.5,54.0,0.39978228515625003,355,149,B_1QB_Start11
2025,00-0034270,Tyler Conklin,TE,6,13.8,-11.049999999999999,-0.14938942968750002,4.141666666666667,24.333333333333332,25.333333333333332,30.333333333333332,27.833333333333332,25.333333333333332,0.41009123567708333,356,80,B_1QB_Start11
2025,00-0039074,Davis Allen,TE,15,50.8,-11.8,-0.14940007031250002,4.173333333333334,23.933333333333334,24.933333333333334,29.933333333333334,27.433333333333334,24.933333333333334,0.4111147671875,357,81,B_1QB_Start11
2025,00-0038783,Nate Adkins,TE,6,13.8,-11.1,-0.15137676562500002,4.1499999999999995,23.833333333333332,24.833333333333332,29.833333333333332,27.333333333333332,24.833333333333332,0.40674080078125,358,82,B_1QB_Start11
2025,00-0037746,Brian Robinson,RB,17,58.50000000000001,-11.700000000000001,-0.15322721093750008,4.129411764705883,40.88235294117647,41.88235294117647,46.88235294117647,44.38235294117647,41.88235294117647,0.37050670634191174,359,103,B_1QB_Start11
2025,00-0035291,Trayveon Williams,RB,6,13.1,-11.8,-0.15346005468750012,4.15,43.166666666666664,44.166666666666664,49.166666666666664,46.666666666666664,44.166666666666664,0.37469792838541666,360,104,B_1QB_Start11
2025,00-0039754,Devin Culp,TE,4,7.1,-10.650000000000002,-0.1538430390624999,4.4375,24.5,25.5,30.5,28.0,25.5,0.40791313671875,361,83,B_1QB_Start11
2025,00-0034681,Chase Edmonds,RB,3,0.0,-12.5,-0.15693914843749995,4.166666666666667,42.0,43.0,48.0,45.5,43.0,0.3726554713541667,362,105,B_1QB_Start11
2025,00-0035359,David Sills,WR,12,40.1,-12.15,-0.1595938984375001,4.354166666666667,53.666666666666664,54.666666666666664,59.666666666666664,57.166666666666664,54.666666666666664,0.4013514954427084,363,150,B_1QB_Start11
2025,00-0039359,Cade Stover,TE,6,13.9,-11.6,-0.16056627343750002,4.25,23.0,24.0,29.0,26.5,24.0,0.41098355078125,364,84,B_1QB_Start11
2025,00-0036984,Trey Sermon,RB,3,0.0,-11.9,-0.1608423671875,3.966666666666667,41.0,42.0,47.0,44.5,42.0,0.3665334322916667,365,106,B_1QB_Start11
2025,00-0038579,Aidan O'Connell,QB,1,4.78,-11.71,-0.16477301562499996,16.490000000000002,12.0,13.0,18.0,15.5,13.0,0.40408785937499997,366,26,B_1QB_Start11
2025,00-0036988,Josh Palmer,WR,12,41.300000000000004,-13.849999999999998,-0.16680248437500012,4.595833333333333,55.333333333333336,56.333333333333336,61.333333333333336,58.833333333333336,56.333333333333336,0.40004588085937504,367,151,B_1QB_Start11
2025,00-0035298,Scott Miller,WR,5,10.7,-12.55,-0.16810455468750013,4.65,53.8,54.8,59.8,57.3,54.8,0.40363024531249997,368,152,B_1QB_Start11
2025,00-0033455,Anthony Firkser,TE,5,9.299999999999999,-11.5,-0.16856468750000003,4.16,22.8,23.8,28.8,26.3,23.8,0.41203436718750003,369,85,B_1QB_Start11
2025,00-0032398,Chris Moore,WR,10,33.1,-12.399999999999997,-0.1730452109375003,4.55,55.3,56.3,61.3,58.8,56.3,0.40275036015625004,370,153,B_1QB_Start11
2025,00-0040431,Dalen Cambre,WR,3,0.0,-13.05,-0.17392299999999994,4.3500000000000005,52.666666666666664,53.666666666666664,58.666666666666664,56.166666666666664,53.666666666666664,0.4058820364583333,371,154,B_1QB_Start11
2025,00-0036679,Shane Buechele,QB,1,3.92,-12.570000000000002,-0.17530392968749997,16.490000000000002,12.0,13.0,18.0,15.5,13.0,0.40408785937499997,372,27,B_1QB_Start11
2025,00-0040179,DJ Giddens,RB,5,9.600000000000001,-12.25,-0.1753452265625,4.37,39.8,40.8,45.8,43.3,40.8,0.3675264234375,373,107,B_1QB_Start11
2025,00-0038440,Zavier Scott,RB,11,32.2,-13.650000000000004,-0.17702568749999997,4.168181818181818,41.81818181818182,42.81818181818182,47.81818181818182,45.31818181818182,42.81818181818182,0.37226886221590905,374,108,B_1QB_Start11
2025,00-0038589,Josh Whyle,TE,6,12.1,-12.000000000000002,-0.17722907031250024,4.016666666666667,23.666666666666668,24.666666666666668,29.666666666666668,27.166666666666668,24.666666666666668,0.4220457565104167,375,86,B_1QB_Start11
2025,00-0036550,Rashod Bateman,WR,13,45.900000000000006,-13.2,-0.1790950156250003,4.546153846153846,55.46153846153846,56.46153846153846,61.46153846153846,58.96153846153846,56.46153846153846,0.3967326454326923,376,155,B_1QB_Start11
2025,00-0038679,Tyrell Shavers,WR,11,38.0,-12.15,-0.1805145546875,4.559090909090909,55.18181818181818,56.18181818181818,61.18181818181818,58.68181818181818,56.18181818181818,0.4014657862215909,377,156,B_1QB_Start11
2025,00-0040743,Tyler Shough,QB,11,169.96,-16.89,-0.18090965624999986,16.986363636363635,12.0,13.0,18.0,15.5,13.0,0.39355367542613634,378,28,B_1QB_Start11
2025,00-0034073,Ross Dwelley,TE,4,1.7000000000000002,-13.150000000000002,-0.18331057031249987,3.7125000000000004,23.75,24.75,29.75,27.25,24.75,0.42168152734375,379,87,B_1QB_Start11
2025,00-0037005,Tommy Tremble,TE,15,50.400000000000006,-13.3,-0.1852661562499998,4.246666666666667,23.866666666666667,24.866666666666667,29.866666666666667,27.366666666666667,24.866666666666667,0.409385309375,380,88,B_1QB_Start11
2025,00-0022942,Philip Rivers,QB,3,37.66,-15.440000000000003,-0.18553575781249992,17.7,12.0,13.0,18.0,15.5,13.0,0.38775810677083333,381,29,B_1QB_Start11
2025,00-0032434,Brandon Allen,QB,1,2.88,-13.610000000000003,-0.18753931249999997,16.490000000000002,12.0,13.0,18.0,15.5,13.0,0.40408785937499997,382,30,B_1QB_Start11
2025,00-0033589,David Moore,WR,3,2.2,-12.2,-0.18820103906250002,4.8,54.666666666666664,55.666666666666664,60.666666666666664,58.166666666666664,55.666666666666664,0.3902343072916667,383,157,B_1QB_Start11
2025,00-0039875,Ray Davis,RB,17,53.10000000000001,-16.25,-0.18834409374999977,4.079411764705883,41.35294117647059,42.35294117647059,47.35294117647059,44.85294117647059,42.35294117647059,0.3696655353860294,384,109,B_1QB_Start11
2025,00-0034928,Steven Sims,WR,3,0.0,-13.899999999999999,-0.1884988984375,4.633333333333333,53.0,54.0,59.0,56.5,54.0,0.4076383802083334,385,158,B_1QB_Start11
2025,00-0036906,Khalil Herbert,RB,5,6.1000000000000005,-14.5,-0.18940860937499998,4.12,42.0,43.0,48.0,45.5,43.0,0.37555590624999996,386,110,B_1QB_Start11
2025,00-0039458,Brenden Bates,TE,5,6.800000000000001,-14.399999999999999,-0.19193269531249985,4.24,23.4,24.4,29.4,26.9,24.4,0.40017038906249996,387,89,B_1QB_Start11
2025,00-0037654,Tucker Fisk,TE,4,2.9000000000000004,-13.7,-0.19270494531249993,4.15,25.5,26.5,31.5,29.0,26.5,0.41442034765624997,388,90,B_1QB_Start11
2025,00-0038590,Justin Shorter,TE,3,0.0,-13.2,-0.1932953671874999,4.3999999999999995,25.0,26.0,31.0,28.5,26.0,0.41797510416666667,389,91,B_1QB_Start11
2025,00-0037475,Stone Smartt,TE,6,8.7,-15.0,-0.19513956249999986,3.9500000000000006,23.666666666666668,24.666666666666668,29.666666666666668,27.166666666666668,24.666666666666668,0.4089775572916667,390,92,B_1QB_Start11
2025,00-0040205,Kalel Mullings,RB,4,0.7000000000000001,-15.55,-0.1958514999999999,4.0625,42.5,43.5,48.5,46.0,43.5,0.376256064453125,391,111,B_1QB_Start11
2025,00-0035264,Jarrett Stidham,QB,1,-0.1,-16.85,-0.19748798437499995,16.75,12.0,13.0,18.0,15.5,13.0,0.38147548437499995,392,31,B_1QB_Start11
2025,00-0038040,Zamir White,RB,5,7.6,-13.35,-0.19779943750000006,4.1899999999999995,41.0,42.0,47.0,44.5,42.0,0.36750936875,393,112,B_1QB_Start11
2025,00-0034955,Brett Rypien,QB,1,0.0,-15.29,-0.19938465625,15.29,12.0,13.0,18.0,15.5,13.0,0.399516046875,394,32,B_1QB_Start11
2025,00-0038492,Jason Brownlee,WR,3,0.0,-13.3,-0.19996558593750008,4.433333333333334,57.333333333333336,58.333333333333336,63.333333333333336,60.833333333333336,58.333333333333336,0.39491508854166674,395,159,B_1QB_Start11
2025,00-0040432,Beaux Collins,WR,4,3.5,-14.750000000000002,-0.20093457031250012,4.5625,60.25,61.25,66.25,63.75,61.25,0.398593486328125,396,160,B_1QB_Start11
2025,00-0032775,Demarcus Robinson,WR,14,47.2,-14.600000000000001,-0.20195644531250018,4.414285714285715,54.357142857142854,55.357142857142854,60.357142857142854,57.857142857142854,55.357142857142854,0.4007180245535715,397,161,B_1QB_Start11
2025,00-0034367,Nyheim Hines,RB,4,-0.2,-15.850000000000001,-0.21073287499999976,3.9125000000000005,40.25,41.25,46.25,43.75,41.25,0.37869920117187494,398,113,B_1QB_Start11
2025,00-0036980,Elijah Moore,WR,9,24.099999999999998,-15.55,-0.21098747656250022,4.405555555555555,55.888888888888886,56.888888888888886,61.888888888888886,59.388888888888886,56.888888888888886,0.39533939236111115,399,162,B_1QB_Start11
2025,00-0033375,Tim Patrick,WR,13,44.2,-14.7,-0.21109732031250028,4.530769230769231,54.69230769230769,55.69230769230769,60.69230769230769,58.19230769230769,55.69230769230769,0.39981405889423083,400,163,B_1QB_Start11
2025,00-0039912,Ben Sinnott,TE,9,22.900000000000002,-15.15,-0.21361823437499994,4.227777777777778,22.333333333333332,23.333333333333332,28.333333333333332,25.833333333333332,23.333333333333332,0.4100630885416667,401,93,B_1QB_Start11
2025,00-0033357,Taysom Hill,TE,13,36.28,-15.420000000000002,-0.2152609921875,3.976923076923077,24.384615384615383,25.384615384615383,30.384615384615383,27.884615384615383,25.384615384615383,0.4092233557692308,402,94,B_1QB_Start11
2025,00-0035876,Andre Baccellia,WR,4,1.8,-15.700000000000001,-0.215413734375,4.375,53.0,54.0,59.0,56.5,54.0,0.398951703125,403,164,B_1QB_Start11
2025,00-0039305,Jack Westover,TE,4,0.5,-15.55,-0.21729531249999995,4.0125,25.5,26.5,31.5,29.0,26.5,0.419969505859375,404,95,B_1QB_Start11
2025,00-0040058,Nick Kallerup,TE,4,0.0,-15.900000000000002,-0.21744206249999992,3.9750000000000005,23.75,24.75,29.75,27.25,24.75,0.41000066015625,405,96,B_1QB_Start11
2025,00-0034487,Trent Sherfield,WR,4,3.6,-14.450000000000001,-0.21836364062500008,4.5125,59.0,60.0,65.0,62.5,60.0,0.392426857421875,406,165,B_1QB_Start11
2025,00-0038640,Jalen Brooks,WR,5,6.6000000000000005,-15.95,-0.2193068203125001,4.51,54.4,55.4,60.4,57.9,55.4,0.40264198125000006,407,166,B_1QB_Start11
2025,00-0040649,Robbie Ouzts,RB,4,0.0,-16.1,-0.2197170390625,4.025,40.0,41.0,46.0,43.5,41.0,0.37095403515625,408,114,B_1QB_Start11
2025,00-0035628,D'Ernest Johnson,RB,5,2.5,-16.950000000000003,-0.21974310937500002,3.8900000000000006,41.8,42.8,47.8,45.3,42.8,0.37586995624999997,409,115,B_1QB_Start11
2025,00-0033376,Patrick Ricard,RB,5,1.6,-17.0,-0.2251071484374999,3.72,43.4,44.4,49.4,46.9,44.4,0.373009975,410,116,B_1QB_Start11
2025,00-0036133,James Proche,WR,6,9.5,-16.25,-0.2261990390625,4.291666666666667,52.5,53.5,58.5,56.0,53.5,0.3975987317708333,411,167,B_1QB_Start11
2025,00-0036628,John Bates,TE,10,21.8,-17.6,-0.22884967187499988,3.94,24.0,25.0,30.0,27.5,25.0,0.4028918453125,412,97,B_1QB_Start11
2025,00-0030564,DeAndre Hopkins,WR,17,56.0,-19.8,-0.22896404687500022,4.458823529411765,54.88235294117647,55.88235294117647,60.88235294117647,58.38235294117647,55.88235294117647,0.39846707812500004,413,168,B_1QB_Start11
2025,00-0038658,Adrian Martinez,QB,1,-0.1,-19.82,-0.22907303906249993,19.72,12.0,13.0,18.0,15.5,13.0,0.38313368749999993,414,33,B_1QB_Start11
2025,00-0034272,Marquez Valdes-Scantling,WR,9,25.0,-16.75,-0.23277562500000015,4.638888888888889,55.333333333333336,56.333333333333336,61.333333333333336,58.833333333333336,56.333333333333336,0.40173152170138887,415,169,B_1QB_Start11
2025,00-0034407,Ray-Ray McCloud,WR,6,10.4,-17.6,-0.2333130000000001,4.666666666666667,56.0,57.0,62.0,59.5,57.0,0.39244019921875006,416,170,B_1QB_Start11
2025,00-0037258,Dameon Pierce,RB,5,3.6,-15.850000000000001,-0.2334411718749999,3.8900000000000006,39.8,40.8,45.8,43.3,40.8,0.3634083546875,417,117,B_1QB_Start11
2025,00-0031484,Chris Manhertz,TE,4,1.2000000000000002,-17.049999999999997,-0.23778763281249998,4.5625,22.5,23.5,28.5,26.0,23.5,0.414329033203125,418,98,B_1QB_Start11
2025,00-0040131,Kyle Williams,WR,14,44.2,-18.5,-0.23946045312500014,4.478571428571429,53.92857142857143,54.92857142857143,59.92857142857143,57.42857142857143,54.92857142857143,0.39973664899553574,419,171,B_1QB_Start11
2025,00-0034981,Foster Moreau,TE,7,9.4,-17.75,-0.24047365625000006,3.878571428571429,23.428571428571427,24.428571428571427,29.428571428571427,26.928571428571427,24.428571428571427,0.4177631037946429,420,99,B_1QB_Start11
2025,00-0039144,Luke Musgrave,TE,13,37.2,-16.55,-0.24144403906249995,4.134615384615385,23.46153846153846,24.46153846153846,29.46153846153846,26.96153846153846,24.46153846153846,0.41463054146634615,421,100,B_1QB_Start11
2025,00-0035891,Cody White,WR,8,16.5,-17.65,-0.24169562500000003,4.26875,54.125,55.125,60.125,57.625,55.125,0.398374611328125,422,172,B_1QB_Start11
2025,00-0033857,JuJu Smith-Schuster,WR,17,57.0,-19.35,-0.24506184375000023,4.491176470588235,55.11764705882353,56.11764705882353,61.11764705882353,58.61764705882353,56.11764705882353,0.39879360248161766,423,173,B_1QB_Start11
2025,00-0036422,Adam Trautman,TE,13,35.5,-17.95,-0.25064469531250005,4.111538461538462,23.46153846153846,24.46153846153846,29.46153846153846,26.96153846153846,24.46153846153846,0.4116686087740385,424,101,B_1QB_Start11
2025,00-0040727,Tre Harris,WR,16,54.4,-17.400000000000002,-0.2514115546875001,4.4875,54.875,55.875,60.875,58.375,55.875,0.39919680810546876,425,174,B_1QB_Start11
2025,00-0033439,Pharaoh Brown,TE,5,1.1,-18.65,-0.25205580468750016,3.95,23.2,24.2,29.2,26.7,24.2,0.4157604609375,426,102,B_1QB_Start11
2025,00-0038953,Dylan Drummond,WR,6,7.7,-18.05,-0.25261252343749996,4.291666666666667,52.5,53.5,58.5,56.0,53.5,0.3975987317708333,427,175,B_1QB_Start11
2025,00-0036429,Charlie Woerner,TE,7,8.8,-19.35,-0.2529185468749999,4.021428571428571,23.571428571428573,24.571428571428573,29.571428571428573,27.071428571428573,24.571428571428573,0.4108755446428571,428,103,B_1QB_Start11
2025,00-0034860,Dante Pettis,WR,8,15.200000000000001,-19.6,-0.253401296875,4.3500000000000005,53.125,54.125,59.125,56.625,54.125,0.4004455625,429,176,B_1QB_Start11
2025,00-0038046,Charlie Kolar,TE,13,31.2,-20.1,-0.2547967187499997,3.9461538461538463,24.23076923076923,25.23076923076923,30.23076923076923,27.73076923076923,25.23076923076923,0.41135241526442307,430,104,B_1QB_Start11
2025,00-0038752,Jake Bobo,WR,5,3.0,-19.35,-0.2572767265625,4.470000000000001,55.4,56.4,61.4,58.9,56.4,0.4005429171875,431,177,B_1QB_Start11
2025,00-0037666,Jalen Tolbert,WR,12,37.3,-17.25,-0.257296703125,4.545833333333333,55.5,56.5,61.5,59.0,56.5,0.3973501087239584,432,178,B_1QB_Start11
2025,00-0039623,Mason Tipton,WR,8,14.900000000000002,-19.75,-0.25783386718750007,4.331250000000001,54.875,55.875,60.875,58.375,55.875,0.40065306640625,433,179,B_1QB_Start11
2025,00-0036841,Austin Trammell,WR,6,6.1000000000000005,-18.5,-0.26011149999999994,4.1000000000000005,53.0,54.0,59.0,56.5,54.0,0.39808228385416666,434,180,B_1QB_Start11
2025,00-0026300,Josh Johnson,QB,3,28.380000000000003,-22.61,-0.26035789062500014,16.996666666666666,12.0,13.0,18.0,15.5,13.0,0.3918419270833333,435,34,B_1QB_Start11
2025,00-0036332,Josiah Deguara,TE,7,9.6,-20.200000000000003,-0.26082085937500016,4.257142857142857,22.142857142857142,23.142857142857142,28.142857142857142,25.642857142857142,23.142857142857142,0.42248097879464286,436,105,B_1QB_Start11
2025,00-0038397,Evan Hull,RB,6,5.9,-19.400000000000002,-0.2610209375,4.216666666666667,44.333333333333336,45.333333333333336,50.333333333333336,47.833333333333336,45.333333333333336,0.3754753932291666,437,118,B_1QB_Start11
2025,00-0039062,Jonathan Mingo,WR,5,3.0,-19.4,-0.261116265625,4.4799999999999995,53.4,54.4,59.4,56.9,54.4,0.405518178125,438,181,B_1QB_Start11
2025,00-0036176,Mason Kinsey,WR,6,5.800000000000001,-19.5,-0.261960171875,4.216666666666667,53.666666666666664,54.666666666666664,59.666666666666664,57.166666666666664,54.666666666666664,0.40457145703125,439,182,B_1QB_Start11
2025,00-0040563,Efton Chism III,WR,8,15.0,-19.6,-0.262405328125,4.325,53.25,54.25,59.25,56.75,54.25,0.4011652099609375,440,183,B_1QB_Start11
2025,00-0035100,Jake Browning,QB,5,64.74000000000001,-23.049999999999997,-0.26342842187499993,17.558,12.0,13.0,18.0,15.5,13.0,0.3994721125,441,35,B_1QB_Start11
2025,00-0036232,Harrison Bryant,TE,5,1.7,-18.95,-0.2640363359375,4.13,24.2,25.2,30.2,27.7,25.2,0.40314821093750003,442,106,B_1QB_Start11
2025,00-0040198,Ollie Gordon II,RB,17,50.6,-20.450000000000003,-0.26465257812499987,4.179411764705883,41.05882352941177,42.05882352941177,47.05882352941177,44.55882352941177,42.05882352941177,0.3701463694852941,443,119,B_1QB_Start11
2025,00-0034159,Will Dissly,TE,8,15.200000000000001,-18.8,-0.26538280468750003,4.25,23.125,24.125,29.125,26.625,24.125,0.4134951513671875,444,107,B_1QB_Start11
2025,00-0032464,Kalif Raymond,WR,15,48.800000000000004,-19.05,-0.26545029687500044,4.5233333333333325,55.266666666666666,56.266666666666666,61.266666666666666,58.766666666666666,56.266666666666666,0.4004498541666667,445,184,B_1QB_Start11
2025,00-0036265,AJ Dillon,RB,6,7.6000000000000005,-18.25,-0.26633888281249996,4.308333333333334,39.833333333333336,40.833333333333336,45.833333333333336,43.333333333333336,40.833333333333336,0.36370618619791667,446,120,B_1QB_Start11
2025,00-0036425,DeeJay Dallas,RB,5,2.1,-19.700000000000003,-0.26658496093749984,4.36,41.2,42.2,47.2,44.7,42.2,0.37468720156249996,447,121,B_1QB_Start11
2025,00-0037348,Tanner Conner,TE,8,13.600000000000001,-18.85,-0.26677100781249996,4.05625,25.25,26.25,31.25,28.75,26.25,0.4066384150390625,448,108,B_1QB_Start11
2025,00-0032268,Marcus Mariota,QB,10,139.5,-28.700000000000003,-0.26784998437499985,16.82,12.0,13.0,18.0,15.5,13.0,0.39413984609375,449,36,B_1QB_Start11
2025,00-0038938,Jalin Hyatt,WR,6,6.0,-20.75,-0.2730759140625001,4.458333333333333,55.5,56.5,61.5,59.0,56.5,0.40398087630208335,450,185,B_1QB_Start11
2025,00-0037086,Grant Calcaterra,TE,9,18.1,-20.5,-0.2732151562499999,4.288888888888889,23.555555555555557,24.555555555555557,29.555555555555557,27.055555555555557,24.555555555555557,0.4129953289930556,451,109,B_1QB_Start11
2025,00-0040218,Jimmy Horn Jr.,WR,10,23.2,-20.8,-0.2783152265625002,4.4,55.1,56.1,61.1,58.6,56.1,0.40292361093749995,452,186,B_1QB_Start11
2025,00-0040078,Brashard Smith,RB,17,50.8,-19.35,-0.2796344062499999,4.126470588235295,41.11764705882353,42.11764705882353,47.11764705882353,44.61764705882353,42.11764705882353,0.3713551135110294,453,122,B_1QB_Start11
2025,00-0037557,Ronnie Rivers,RB,6,4.6000000000000005,-20.700000000000003,-0.2802235078124999,4.216666666666667,44.333333333333336,45.333333333333336,50.333333333333336,47.833333333333336,45.333333333333336,0.3754753932291666,454,123,B_1QB_Start11
2025,00-0040187,Mitchell Evans,TE,14,38.7,-20.849999999999998,-0.28116189843749984,4.253571428571429,23.642857142857142,24.642857142857142,29.642857142857142,27.142857142857142,24.642857142857142,0.4141233130580357,455,110,B_1QB_Start11
2025,00-0031236,Brandin Cooks,WR,13,39.900000000000006,-20.95,-0.28397646093750006,4.680769230769231,55.92307692307692,56.92307692307692,61.92307692307692,59.42307692307692,56.92307692307692,0.3972827205528846,456,187,B_1QB_Start11
2025,00-0034418,Cedrick Wilson Jr.,WR,6,6.9,-20.15,-0.285527359375,4.508333333333334,53.5,54.5,59.5,57.0,54.5,0.39852928255208336,457,188,B_1QB_Start11
2025,00-0034365,Ian Thomas,TE,9,17.9,-20.0,-0.2860033515625,4.211111111111111,24.22222222222222,25.22222222222222,30.22222222222222,27.72222222222222,25.22222222222222,0.41817900694444443,458,111,B_1QB_Start11
2025,00-0035544,Tom Kennedy,WR,6,5.6,-21.700000000000003,-0.28636107031249997,4.55,52.833333333333336,53.833333333333336,58.833333333333336,56.333333333333336,53.833333333333336,0.4002005520833333,459,189,B_1QB_Start11
2025,00-0039923,J.J. McCarthy,QB,10,149.38,-24.08000000000001,-0.2876711796874999,17.346,12.0,13.0,18.0,15.5,13.0,0.39100399765625,460,37,B_1QB_Start11
2025,00-0037267,Jerome Ford,RB,13,30.6,-21.35,-0.2899614921874999,3.996153846153846,40.61538461538461,41.61538461538461,46.61538461538461,44.11538461538461,41.61538461538461,0.3668765060096154,461,124,B_1QB_Start11
2025,00-0039379,Jamari Thrash,WR,8,15.7,-20.05,-0.2902411953125003,4.46875,57.625,58.625,63.625,61.125,58.625,0.3982541748046875,462,190,B_1QB_Start11
2025,00-0037745,Velus Jones Jr.,WR,5,3.2,-19.6,-0.2923706718750001,4.5600000000000005,55.2,56.2,61.2,58.7,56.2,0.393880921875,463,191,B_1QB_Start11
2025,00-0039521,Xavier Weaver,WR,7,10.200000000000001,-21.6,-0.29259268750000006,4.542857142857143,54.0,55.0,60.0,57.5,55.0,0.40158036495535715,464,192,B_1QB_Start11
2025,00-0031763,DeAndre Carter,WR,4,0.0,-19.7,-0.2940326328125001,4.925,57.25,58.25,63.25,60.75,58.25,0.389396556640625,465,193,B_1QB_Start11
2025,00-0037805,Jeremy Ruckert,TE,14,35.400000000000006,-22.15,-0.29419925781249984,4.110714285714286,23.357142857142858,24.357142857142858,29.357142857142858,26.857142857142858,24.357142857142858,0.40962870256696426,466,112,B_1QB_Start11
2025,00-0033217,Mo Alie-Cox,TE,11,24.2,-21.200000000000003,-0.29452001562499985,4.127272727272727,24.0,25.0,30.0,27.5,25.0,0.4167014552556818,467,113,B_1QB_Start11
2025,00-0034521,Allen Lazard,WR,9,18.0,-22.05,-0.29904896093750005,4.45,54.77777777777778,55.77777777777778,60.77777777777778,58.27777777777778,55.77777777777778,0.396792125,468,194,B_1QB_Start11
2025,00-0038465,Malik Heath,WR,7,11.6,-21.3,-0.2998710781250001,4.700000000000001,55.714285714285715,56.714285714285715,61.714285714285715,59.214285714285715,56.714285714285715,0.3929809453125,469,195,B_1QB_Start11
2025,00-0036741,Jack Stoll,TE,9,13.6,-22.55,-0.30135578124999995,4.016666666666667,22.88888888888889,23.88888888888889,28.88888888888889,26.38888888888889,23.88888888888889,0.4079151640625,470,114,B_1QB_Start11
2025,00-0040138,Jaylin Noel,WR,17,55.4,-20.6,-0.3020139843750002,4.470588235294118,55.11764705882353,56.11764705882353,61.11764705882353,58.61764705882353,56.11764705882353,0.3988013892463235,471,196,B_1QB_Start11
2025,00-0032104,Ameer Abdullah,RB,13,29.9,-22.400000000000002,-0.30279689062499976,4.023076923076923,41.15384615384615,42.15384615384615,47.15384615384615,44.65384615384615,42.15384615384615,0.3749408623798077,472,125,B_1QB_Start11
2025,00-0035567,Craig Reynolds,RB,5,0.4,-21.650000000000002,-0.30917245312499986,4.41,38.4,39.4,44.4,41.9,39.4,0.35804040625,473,126,B_1QB_Start11
2025,00-0038496,Xavier Gipson,WR,6,1.6,-22.55,-0.31088055468750003,4.0249999999999995,56.333333333333336,57.333333333333336,62.333333333333336,59.833333333333336,57.333333333333336,0.40238817708333335,474,197,B_1QB_Start11
2025,00-0039603,British Brooks,RB,8,7.800000000000001,-24.200000000000003,-0.3142627265624997,4.0,41.5,42.5,47.5,45.0,42.5,0.3771917060546875,475,127,B_1QB_Start11
2025,00-0039163,C.J. Stroud,QB,14,224.54,-23.430000000000007,-0.3156271718749998,17.712142857142858,12.0,13.0,18.0,15.5,13.0,0.38992914453125,476,38,B_1QB_Start11
2025,00-0034798,Durham Smythe,TE,7,4.5,-23.450000000000003,-0.32007501562499996,3.9928571428571433,24.428571428571427,25.428571428571427,30.428571428571427,27.928571428571427,25.428571428571427,0.41434328013392857,477,115,B_1QB_Start11
2025,00-0039021,Roschon Johnson,RB,6,1.7000000000000002,-24.150000000000002,-0.3203121875,4.308333333333334,40.5,41.5,46.5,44.0,41.5,0.3705935026041667,478,128,B_1QB_Start11
2025,00-0040782,Isaiah Bond,WR,15,45.7,-21.799999999999997,-0.3213949609375004,4.5,55.06666666666667,56.06666666666667,61.06666666666667,58.56666666666667,56.06666666666667,0.3984590239583333,479,198,B_1QB_Start11
2025,00-0040590,Konata Mumpfield,WR,10,20.2,-23.200000000000003,-0.324567671875,4.340000000000001,53.7,54.7,59.7,57.2,54.7,0.40161657578125,480,199,B_1QB_Start11
2025,00-0038720,Julian Hill,TE,11,23.5,-22.6,-0.3269006015625001,4.190909090909091,24.454545454545453,25.454545454545453,30.454545454545453,27.954545454545453,25.454545454545453,0.4089385987215909,481,116,B_1QB_Start11
2025,00-0037741,Jahan Dotson,WR,15,41.2,-25.3,-0.32850949218750025,4.433333333333334,55.0,56.0,61.0,58.5,56.0,0.3984892541666667,482,200,B_1QB_Start11
2025,00-0040509,Ben Yurosek,TE,6,2.4,-22.8,-0.3289075,4.2,23.833333333333332,24.833333333333332,29.833333333333332,27.333333333333332,24.833333333333332,0.4137322994791666,483,117,B_1QB_Start11
2025,00-0037132,Britain Covey,WR,6,3.0,-24.3,-0.3300036796875,4.55,52.833333333333336,53.833333333333336,58.833333333333336,56.333333333333336,53.833333333333336,0.4002005520833333,484,201,B_1QB_Start11
2025,00-0032951,Laquon Treadwell,WR,6,0.0,-25.05,-0.33704340625,4.175,53.833333333333336,54.833333333333336,59.833333333333336,57.333333333333336,54.833333333333336,0.3996997591145834,485,202,B_1QB_Start11
2025,00-0040739,Elijah Arroyo,TE,13,29.4,-23.85,-0.33922517187500006,4.096153846153846,24.307692307692307,25.307692307692307,30.307692307692307,27.807692307692307,25.307692307692307,0.4153893425480769,486,118,B_1QB_Start11
2025,00-0040234,Quinn Ewers,QB,4,38.68,-28.4,-0.340447859375,16.77,12.0,13.0,18.0,15.5,13.0,0.38486698046875,487,39,B_1QB_Start11
2025,00-0031687,Raheem Mostert,RB,12,23.400000000000002,-25.950000000000003,-0.34101684375000013,4.1125,41.333333333333336,42.333333333333336,47.333333333333336,44.833333333333336,42.333333333333336,0.3737107298177083,488,129,B_1QB_Start11
2025,00-0028118,Tyrod Taylor,QB,6,69.46000000000001,-30.6,-0.3459968984374998,16.676666666666666,12.0,13.0,18.0,15.5,13.0,0.3944741484375,489,40,B_1QB_Start11
2025,00-0039920,Malachi Corley,WR,12,26.1,-25.75,-0.34976489843750014,4.320833333333334,54.583333333333336,55.583333333333336,60.583333333333336,58.083333333333336,55.583333333333336,0.4023811484375,490,203,B_1QB_Start11
2025,00-0040668,Shedeur Sanders,QB,8,104.9,-27.42,-0.35275825781250003,16.54,12.0,13.0,18.0,15.5,13.0,0.3939504775390625,491,41,B_1QB_Start11
2025,00-0037487,Deven Thompkins,WR,7,4.7,-26.8,-0.35762903124999995,4.5,53.0,54.0,59.0,56.5,54.0,0.4006660424107143,492,204,B_1QB_Start11
2025,00-0037306,John FitzPatrick,TE,11,19.2,-25.75,-0.36105211718749997,4.086363636363637,22.545454545454547,23.545454545454547,28.545454545454547,26.045454545454547,23.545454545454547,0.41117173082386366,493,119,B_1QB_Start11
2025,00-0038738,Hunter Luepke,RB,14,30.5,-26.900000000000002,-0.36513887500000003,4.1000000000000005,40.92857142857143,41.92857142857143,46.92857142857143,44.42857142857143,41.92857142857143,0.37306952120535714,494,130,B_1QB_Start11
2025,00-0038582,Clayton Tune,QB,2,3.98,-29.6,-0.3682755859375,16.79,12.0,13.0,18.0,15.5,13.0,0.39246228125,495,42,B_1QB_Start11
2025,00-0039577,Kedon Slovis,QB,2,-0.08,-31.800000000000004,-0.3697344375,15.860000000000001,12.0,13.0,18.0,15.5,13.0,0.3984001640625,496,43,B_1QB_Start11
2025,00-0032211,Tyler Lockett,WR,17,51.1,-25.299999999999997,-0.37271528906250023,4.4941176470588236,54.8235294117647,55.8235294117647,60.8235294117647,58.3235294117647,55.8235294117647,0.3989351810661765,497,205,B_1QB_Start11
2025,00-0038643,Brayden Willis,TE,6,0.0,-26.75,-0.37272616406250003,4.458333333333333,24.0,25.0,30.0,27.5,25.0,0.41400321093750003,498,120,B_1QB_Start11
2025,00-0035631,Drew Sample,TE,12,24.4,-26.700000000000003,-0.3730762499999999,4.258333333333334,23.666666666666668,24.666666666666668,29.666666666666668,27.166666666666668,24.666666666666668,0.4106995397135416,499,121,B_1QB_Start11
2025,00-0036898,Davis Mills,QB,6,70.6,-30.320000000000007,-0.3794469375,16.82,12.0,13.0,18.0,15.5,13.0,0.3949172682291667,500,44,B_1QB_Start11
2025,00-0039041,Elijah Higgins,TE,17,43.1,-27.6,-0.3866657578124998,4.158823529411765,23.941176470588236,24.941176470588236,29.941176470588236,27.441176470588236,24.941176470588236,0.41272001056985297,501,122,B_1QB_Start11
2025,00-0039299,George Holani,RB,10,13.8,-28.6,-0.3947513515625,4.24,39.3,40.3,45.3,42.8,40.3,0.36867063125,502,131,B_1QB_Start11
2025,00-0034854,KhaDarel Hodge,WR,8,4.6,-29.400000000000002,-0.39778992187500006,4.25,55.75,56.75,61.75,59.25,56.75,0.401952466796875,503,206,B_1QB_Start11
2025,00-0039917,Michael Penix Jr.,QB,9,126.28,-33.01,-0.4013072578125,17.698888888888888,12.0,13.0,18.0,15.5,13.0,0.39601578298611106,504,45,B_1QB_Start11
2025,00-0034869,Sam Darnold,QB,17,263.42,-32.580000000000005,-0.4093515078124997,17.41176470588235,12.0,13.0,18.0,15.5,13.0,0.39457871001838235,505,46,B_1QB_Start11
2025,00-0039164,Anthony Richardson,QB,2,1.66,-32.32,-0.411954328125,16.990000000000002,12.0,13.0,18.0,15.5,13.0,0.39415150781249997,506,47,B_1QB_Start11
2025,00-0038824,Ryan Miller,WR,9,10.4,-29.450000000000003,-0.41498345312500007,4.427777777777778,55.55555555555556,56.55555555555556,61.55555555555556,59.05555555555556,56.55555555555556,0.39781710416666666,507,207,B_1QB_Start11
2025,00-0036887,Luke Farrell,TE,13,24.0,-30.050000000000004,-0.4174119843749999,4.157692307692308,23.923076923076923,24.923076923076923,29.923076923076923,27.423076923076923,24.923076923076923,0.41492965084134614,508,123,B_1QB_Start11
2025,00-0039451,Isaiah Williams,WR,15,35.7,-30.950000000000003,-0.42120709375000004,4.443333333333333,54.666666666666664,55.666666666666664,60.666666666666664,58.166666666666664,55.666666666666664,0.4005555140625,509,208,B_1QB_Start11
2025,00-0040729,Jack Bech,WR,14,32.4,-30.450000000000003,-0.4236139687500002,4.489285714285715,54.214285714285715,55.214285714285715,60.214285714285715,57.714285714285715,55.214285714285715,0.3989071512276786,510,209,B_1QB_Start11
2025,00-0036637,Noah Gray,TE,14,28.3,-30.200000000000003,-0.42593400781249996,4.178571428571429,23.642857142857142,24.642857142857142,29.642857142857142,27.142857142857142,24.642857142857142,0.4161286395089286,511,124,B_1QB_Start11
2025,00-0036646,Simi Fehoko,WR,7,0.0,-31.700000000000003,-0.4275847968750002,4.528571428571429,54.714285714285715,55.714285714285715,60.714285714285715,58.214285714285715,55.714285714285715,0.3990572220982143,512,210,B_1QB_Start11
2025,00-0034577,Kyle Allen,QB,2,-0.30000000000000004,-36.28,-0.4288268593750001,17.990000000000002,12.0,13.0,18.0,15.5,13.0,0.40826485156250003,513,48,B_1QB_Start11
2025,00-0035594,Travis Homer,RB,8,-0.2,-31.6,-0.42917274218749984,3.9250000000000003,41.875,42.875,47.875,45.375,42.875,0.3749611591796875,514,132,B_1QB_Start11
2025,00-0030035,Adam Thielen,WR,14,30.1,-31.8,-0.43244400000000016,4.421428571428572,55.357142857142854,56.357142857142854,61.357142857142854,58.857142857142854,56.357142857142854,0.4010988387276786,515,211,B_1QB_Start11
2025,00-0040581,Dont'e Thornton Jr.,WR,11,18.5,-31.45,-0.4332249531250003,4.540909090909091,55.18181818181818,56.18181818181818,61.18181818181818,58.68181818181818,56.18181818181818,0.3953091221590909,516,212,B_1QB_Start11
2025,00-0037093,Dareke Young,WR,8,5.8,-32.7,-0.4354050703125001,4.8125,56.375,57.375,62.375,59.875,57.375,0.40114430859375,517,213,B_1QB_Start11
2025,00-0033869,Mitchell Trubisky,QB,4,31.119999999999997,-39.440000000000005,-0.4356149921875,17.64,12.0,13.0,18.0,15.5,13.0,0.40286483203125,518,49,B_1QB_Start11
2025,00-0039364,Sione Vaki,RB,8,0.4,-31.9,-0.44060336718749993,4.0375,42.75,43.75,48.75,46.25,43.75,0.3763463583984375,519,133,B_1QB_Start11
2025,00-0036590,Quintin Morris,TE,11,14.5,-32.55,-0.4422682031250001,4.277272727272727,22.818181818181817,23.818181818181817,28.818181818181817,26.318181818181817,23.818181818181817,0.41327278196022726,520,125,B_1QB_Start11
2025,00-0038359,Xavier Smith,WR,16,39.300000000000004,-33.45,-0.44413527343750026,4.546875,54.875,55.875,60.875,58.375,55.875,0.398945515625,521,214,B_1QB_Start11
2025,00-0039363,Isaac Guerendo,RB,7,0.0,-31.0,-0.4462434375000001,4.428571428571429,38.857142857142854,39.857142857142854,44.857142857142854,42.357142857142854,39.857142857142854,0.36989644308035713,522,134,B_1QB_Start11
2025,00-0036842,Kene Nwangwu,RB,10,4.9,-33.9,-0.4517391562499998,3.8800000000000003,41.6,42.6,47.6,45.1,42.6,0.3740661796875,523,135,B_1QB_Start11
2025,00-0040009,Savion Williams,WR,12,20.5,-32.85,-0.4526582890625002,4.445833333333334,55.916666666666664,56.916666666666664,61.916666666666664,59.416666666666664,56.916666666666664,0.39992468294270833,524,215,B_1QB_Start11
2025,00-0038416,Tyson Bagent,QB,2,2.58,-37.39,-0.46026448437499995,19.985,12.0,13.0,18.0,15.5,13.0,0.3994867578125,525,50,B_1QB_Start11
2025,00-0040142,Kaleb Johnson,RB,10,8.3,-33.150000000000006,-0.46343331249999997,4.1450000000000005,41.1,42.1,47.1,44.6,42.1,0.36734727578125004,526,136,B_1QB_Start11
2025,00-0033576,Eric Saubert,TE,9,7.1,-33.15,-0.47073031249999986,4.472222222222222,23.11111111111111,24.11111111111111,29.11111111111111,26.61111111111111,24.11111111111111,0.4118237282986111,527,126,B_1QB_Start11
2025,00-0031237,Teddy Bridgewater,QB,3,2.88,-42.160000000000004,-0.4744068359375,15.013333333333335,12.0,13.0,18.0,15.5,13.0,0.382460359375,528,51,B_1QB_Start11
2025,00-0039050,Payne Durham,TE,8,1.6,-32.15,-0.47450482812500006,4.21875,23.25,24.25,29.25,26.75,24.25,0.4117718681640625,529,127,B_1QB_Start11
2025,00-0040184,KeAndre Lambert-Smith,WR,10,13.6,-33.15,-0.47553419531250013,4.675,55.6,56.6,61.6,59.1,56.6,0.39772390390625,530,216,B_1QB_Start11
2025,00-0033246,Johnny Mundt,TE,12,15.600000000000001,-33.4,-0.47567673437499985,4.083333333333333,25.083333333333332,26.083333333333332,31.083333333333332,28.583333333333332,26.083333333333332,0.415829990234375,531,128,B_1QB_Start11
2025,00-0037091,Bo Melton,WR,13,22.200000000000003,-34.75,-0.47895000781250013,4.380769230769231,54.38461538461539,55.38461538461539,60.38461538461539,57.88461538461539,55.38461538461539,0.4004857956730769,532,217,B_1QB_Start11
2025,00-0039648,David Martin-Robinson,TE,11,11.0,-33.65,-0.48003878124999977,4.059090909090909,24.0,25.0,30.0,27.5,25.0,0.40978775426136366,533,129,B_1QB_Start11
2025,00-0039150,Bryce Young,QB,16,240.04000000000002,-39.89,-0.48375692187499997,17.495625,12.0,13.0,18.0,15.5,13.0,0.39552922607421875,534,52,B_1QB_Start11
2025,00-0036630,Tylan Wallace,WR,11,12.5,-36.1,-0.4919627031250001,4.418181818181818,55.63636363636363,56.63636363636363,61.63636363636363,59.13636363636363,56.63636363636363,0.3980646434659091,535,218,B_1QB_Start11
2025,00-0037120,Tyler Goodson,RB,10,4.2,-35.95,-0.4920161874999999,4.015000000000001,42.7,43.7,48.7,46.2,43.7,0.3729629359375,536,137,B_1QB_Start11
2025,00-0038710,Blake Whiteheart,TE,9,1.4,-35.5,-0.4928477499999999,4.1,24.444444444444443,25.444444444444443,30.444444444444443,27.944444444444443,25.444444444444443,0.4142289835069445,537,130,B_1QB_Start11
2025,00-0037292,Andrew Ogletree,TE,11,10.7,-34.550000000000004,-0.4939939765624998,4.113636363636363,23.272727272727273,24.272727272727273,29.272727272727273,26.772727272727273,24.272727272727273,0.4139753998579545,538,131,B_1QB_Start11
2025,00-0037324,Chris Oladokun,QB,3,11.200000000000001,-39.79,-0.49556646875,16.996666666666666,12.0,13.0,18.0,15.5,13.0,0.3918419270833333,539,53,B_1QB_Start11
2025,00-0023459,Aaron Rodgers,QB,16,240.58,-38.83,-0.4986621406249998,17.463125,12.0,13.0,18.0,15.5,13.0,0.3946114008789062,540,54,B_1QB_Start11
2025,00-0040206,Riley Leonard,QB,5,37.0,-46.81,-0.5050163359375,16.762,12.0,13.0,18.0,15.5,13.0,0.38727434375,541,55,B_1QB_Start11
2025,00-0035021,Ashton Dulin,WR,12,17.5,-35.6,-0.5057974062500001,4.425,55.416666666666664,56.416666666666664,61.416666666666664,58.916666666666664,56.416666666666664,0.3969793971354167,542,219,B_1QB_Start11
2025,00-0040164,Jaylin Lane,WR,15,31.200000000000003,-36.650000000000006,-0.5243974843750001,4.523333333333334,55.6,56.6,61.6,59.1,56.6,0.39838522552083333,543,220,B_1QB_Start11
2025,00-0039686,Colson Yankoff,TE,10,2.8,-37.7,-0.5260284375,4.05,24.2,25.2,30.2,27.7,25.2,0.407094775,544,132,B_1QB_Start11
2025,00-0033854,Dare Ogunbowale,RB,14,19.1,-38.800000000000004,-0.5418202812499999,4.135714285714286,41.07142857142857,42.07142857142857,47.07142857142857,44.57142857142857,42.07142857142857,0.3731681216517857,545,138,B_1QB_Start11
2025,00-0037617,Hassan Haskins,RB,11,8.0,-38.95,-0.5418818593749999,4.2681818181818185,40.90909090909091,41.90909090909091,46.90909090909091,44.40909090909091,41.90909090909091,0.3699650404829546,546,139,B_1QB_Start11
2025,00-0040398,Brady Cook,QB,5,42.46,-43.2,-0.542497359375,17.131999999999998,12.0,13.0,18.0,15.5,13.0,0.3893465265625,547,56,B_1QB_Start11
2025,00-0035645,Gunner Olszewski,WR,16,30.82,-40.879999999999995,-0.5469525312500003,4.48125,55.1875,56.1875,61.1875,58.6875,56.1875,0.3986504282226563,548,221,B_1QB_Start11
2025,00-0036187,Reggie Gilliam,RB,11,3.8,-40.25,-0.5484852578124999,4.004545454545455,41.27272727272727,42.27272727272727,47.27272727272727,44.77272727272727,42.27272727272727,0.37202530397727274,549,140,B_1QB_Start11
2025,00-0039746,Will Shipley,RB,14,15.0,-41.2,-0.5522977265624999,4.014285714285714,41.42857142857143,42.42857142857143,47.42857142857143,44.92857142857143,42.42857142857143,0.3697694202008929,550,141,B_1QB_Start11
2025,00-0038488,Brady Russell,RB,10,0.0,-41.550000000000004,-0.553296109375,4.155,40.5,41.5,46.5,44.0,41.5,0.3728056421875,551,142,B_1QB_Start11
2025,00-0037085,Tyler Badie,RB,16,25.900000000000002,-40.95,-0.5544338671875,4.1781250000000005,41.25,42.25,47.25,44.75,42.25,0.369584205078125,552,143,B_1QB_Start11
2025,00-0038564,Cameron Latu,TE,10,0.0,-40.300000000000004,-0.5546625625000001,4.03,24.1,25.1,30.1,27.6,25.1,0.4147513703125,553,133,B_1QB_Start11
2025,00-0036825,Feleipe Franks,TE,10,0.4,-39.4,-0.5548717812499999,3.9799999999999995,24.5,25.5,30.5,28.0,25.5,0.41878388125,554,134,B_1QB_Start11
2025,00-0038547,Luke Schoonmaker,TE,14,20.200000000000003,-38.2,-0.5590343984374999,4.171428571428572,24.071428571428573,25.071428571428573,30.071428571428573,27.571428571428573,25.071428571428573,0.4108972421875,555,135,B_1QB_Start11
2025,00-0035993,Tyler Huntley,QB,5,40.14,-48.47,-0.5594403828125,17.722,12.0,13.0,18.0,15.5,13.0,0.39631204843749995,556,57,B_1QB_Start11
2025,00-0038685,Chris Brooks,RB,17,26.200000000000003,-42.65,-0.5708998593750001,4.050000000000001,41.470588235294116,42.470588235294116,47.470588235294116,44.970588235294116,42.470588235294116,0.37129067693014706,557,144,B_1QB_Start11
2025,00-0039751,Jordan Whittington,WR,15,27.3,-40.8,-0.5752475078125001,4.54,55.0,56.0,61.0,58.5,56.0,0.398989540625,558,222,B_1QB_Start11
2025,00-0031345,Jimmy Garoppolo,QB,3,-1.0,-49.650000000000006,-0.580595046875,16.21666666666667,12.0,13.0,18.0,15.5,13.0,0.3824668177083333,559,58,B_1QB_Start11
2025,00-0036620,Dee Eskridge,WR,11,8.2,-41.85,-0.5831787500000001,4.550000000000001,56.72727272727273,57.72727272727273,62.72727272727273,60.22727272727273,57.72727272727273,0.39954201349431817,560,223,B_1QB_Start11
2025,00-0035704,Drew Lock,QB,3,0.09999999999999998,-48.33,-0.5840325703125,16.143333333333334,12.0,13.0,18.0,15.5,13.0,0.39631421875,561,59,B_1QB_Start11
2025,00-0036972,Mac Jones,QB,11,142.04,-50.0,-0.5851591015624997,17.458181818181817,12.0,13.0,18.0,15.5,13.0,0.39893536221590903,562,60,B_1QB_Start11
2025,00-0040208,Tahj Brooks,RB,12,5.9,-43.6,-0.58837246875,4.125,40.666666666666664,41.666666666666664,46.666666666666664,44.166666666666664,41.666666666666664,0.37004059960937496,563,145,B_1QB_Start11
2025,00-0036876,Kylen Granson,TE,12,7.5,-42.8,-0.5930329765624998,4.191666666666666,23.0,24.0,29.0,26.5,24.0,0.4104418548177083,564,136,B_1QB_Start11
2025,00-0040259,Gage Larvadain,WR,13,10.9,-45.150000000000006,-0.6016239765625,4.311538461538462,54.53846153846154,55.53846153846154,60.53846153846154,58.03846153846154,55.53846153846154,0.40246405889423076,565,224,B_1QB_Start11
2025,00-0040534,Ke'Shawn Williams,WR,11,2.0,-45.25,-0.6090290781250001,4.295454545454546,54.09090909090909,55.09090909090909,60.09090909090909,57.59090909090909,55.09090909090909,0.40215061647727274,566,225,B_1QB_Start11
2025,00-0038896,Jacob Saylors,RB,11,1.1,-44.75,-0.6114094218749999,4.168181818181818,40.54545454545455,41.54545454545455,46.54545454545455,44.04545454545455,41.54545454545455,0.37097481392045456,567,146,B_1QB_Start11
2025,00-0038400,Tanner McKee,QB,4,15.760000000000002,-53.49,-0.6159191640624999,17.3125,12.0,13.0,18.0,15.5,13.0,0.39200024023437496,568,61,B_1QB_Start11
2025,00-0036182,Nick Westbrook-Ikhine,WR,13,14.4,-43.5,-0.6175331953125003,4.453846153846154,54.92307692307692,55.92307692307692,60.92307692307692,58.42307692307692,55.92307692307692,0.3956695931490385,569,226,B_1QB_Start11
2025,00-0039796,Rasheen Ali,RB,15,19.7,-43.550000000000004,-0.6187398359374998,4.216666666666667,41.333333333333336,42.333333333333336,47.333333333333336,44.833333333333336,42.333333333333336,0.36932192604166664,570,147,B_1QB_Start11
2025,00-0038840,Brycen Tremayne,WR,15,23.0,-45.5,-0.6314639921875003,4.566666666666666,55.333333333333336,56.333333333333336,61.333333333333336,58.833333333333336,56.333333333333336,0.39829962760416665,571,227,B_1QB_Start11
2025,00-0030565,Geno Smith,QB,15,207.9,-53.01,-0.6329351874999998,17.394000000000002,12.0,13.0,18.0,15.5,13.0,0.3941275875,572,62,B_1QB_Start11
2025,00-0040238,LeQuint Allen Jr.,RB,16,19.8,-46.7,-0.64115978125,4.15625,40.875,41.875,46.875,44.375,41.875,0.37062753222656253,573,148,B_1QB_Start11
2025,00-0033572,Jamal Agnew,WR,11,0.0,-46.300000000000004,-0.6423321484375,4.20909090909091,54.54545454545455,55.54545454545455,60.54545454545455,58.04545454545455,55.54545454545455,0.39749961221590907,574,228,B_1QB_Start11
2025,00-0029263,Russell Wilson,QB,6,55.84,-53.339999999999996,-0.6429750859375001,18.196666666666665,12.0,13.0,18.0,15.5,13.0,0.4033952421875,575,63,B_1QB_Start11
2025,00-0035602,Alex Bachman,WR,11,2.2,-46.25,-0.6485367421875001,4.404545454545455,54.54545454545455,55.54545454545455,60.54545454545455,58.04545454545455,55.54545454545455,0.3987490816761364,576,229,B_1QB_Start11
2025,00-0038573,Derius Davis,WR,11,2.5,-45.5,-0.6486667265625001,4.363636363636363,55.18181818181818,56.18181818181818,61.18181818181818,58.68181818181818,56.18181818181818,0.3971393316761364,577,230,B_1QB_Start11
2025,00-0039398,Joe Milton III,QB,4,14.32,-51.620000000000005,-0.6488444296874999,16.485,12.0,13.0,18.0,15.5,13.0,0.39392015234375,578,64,B_1QB_Start11
2025,00-0039530,Brevyn Spann-Ford,TE,16,19.5,-46.25,-0.653739484375,4.109375,23.8125,24.8125,29.8125,27.3125,24.8125,0.4109220400390625,579,137,B_1QB_Start11
2025,00-0029604,Kirk Cousins,QB,10,113.53999999999999,-50.82000000000001,-0.6627367109375,16.436,12.0,13.0,18.0,15.5,13.0,0.39325953515625,580,65,B_1QB_Start11
2025,00-0040582,Arian Smith,WR,13,10.0,-48.15,-0.6650691640625002,4.473076923076923,56.07692307692308,57.07692307692308,62.07692307692308,59.57692307692308,57.07692307692308,0.4008350979567308,581,231,B_1QB_Start11
2025,00-0027973,Andy Dalton,QB,4,11.52,-55.519999999999996,-0.6730258515624998,16.759999999999998,12.0,13.0,18.0,15.5,13.0,0.38785180468749997,582,66,B_1QB_Start11
2025,00-0039816,Anthony Gould,WR,11,1.6,-47.45,-0.6747403359375002,4.45909090909091,56.0,57.0,62.0,59.5,57.0,0.3947687223011364,583,232,B_1QB_Start11
2025,00-0039376,Spencer Rattler,QB,9,108.64,-53.599999999999994,-0.6796548437499998,18.026666666666667,12.0,13.0,18.0,15.5,13.0,0.39292847656249996,584,67,B_1QB_Start11
2025,00-0037012,Trey Lance,QB,4,15.54,-51.650000000000006,-0.6844763203124999,16.7975,12.0,13.0,18.0,15.5,13.0,0.4027504609375,585,68,B_1QB_Start11
2025,00-0040673,Jalen Milroe,QB,3,-1.6,-54.48,-0.6941329921874999,17.626666666666665,12.0,13.0,18.0,15.5,13.0,0.3799928177083333,586,69,B_1QB_Start11
2025,00-0040154,Tai Felton,WR,12,4.0,-49.6,-0.7023062578125,4.466666666666667,54.166666666666664,55.166666666666664,60.166666666666664,57.666666666666664,55.166666666666664,0.397773474609375,587,233,B_1QB_Start11
2025,00-0026158,Joe Flacco,QB,13,166.66,-57.95,-0.7072095312499995,17.27769230769231,12.0,13.0,18.0,15.5,13.0,0.3921408713942307,588,70,B_1QB_Start11
2025,00-0036862,Ben Skowronek,WR,16,14.9,-55.95,-0.7372306015625001,4.4281250000000005,54.875,55.875,60.875,58.375,55.875,0.3983983706054688,589,234,B_1QB_Start11
2025,00-0036212,Tua Tagovailoa,QB,14,190.7,-56.41,-0.7380919374999999,17.650714285714287,12.0,13.0,18.0,15.5,13.0,0.3947888286830357,590,71,B_1QB_Start11
2025,00-0035289,Gardner Minshew,QB,4,1.6799999999999997,-69.33000000000001,-0.7730540625,17.7525,12.0,13.0,18.0,15.5,13.0,0.388213326171875,591,72,B_1QB_Start11
2025,00-0033949,Joshua Dobbs,QB,4,2.1,-66.48,-0.783299109375,17.145,12.0,13.0,18.0,15.5,13.0,0.3888350625,592,73,B_1QB_Start11
2025,00-0040644,Trevor Etienne,RB,17,12.200000000000001,-58.0,-0.7915999296874999,4.129411764705883,40.88235294117647,41.88235294117647,46.88235294117647,44.38235294117647,41.88235294117647,0.37050670634191174,593,149,B_1QB_Start11
2025,00-0033662,Cooper Rush,QB,4,9.719999999999999,-66.89,-0.8312805859375,19.1525,12.0,13.0,18.0,15.5,13.0,0.4119776953125,594,74,B_1QB_Start11
2025,00-0037594,Julius Chestnut,RB,16,4.0,-61.25,-0.8333365624999998,4.078125,41.375,42.375,47.375,44.875,42.375,0.37241553076171874,595,150,B_1QB_Start11
2025,00-0038519,Nikko Remigio,WR,14,3.7,-60.300000000000004,-0.8345446796875,4.571428571428571,55.785714285714285,56.785714285714285,61.785714285714285,59.285714285714285,56.785714285714285,0.39781564341517855,596,235,B_1QB_Start11
2025,00-0039589,Kameron Johnson,WR,17,15.7,-60.050000000000004,-0.8374291406250001,4.455882352941177,55.1764705882353,56.1764705882353,61.1764705882353,58.6764705882353,56.1764705882353,0.39938935248161767,597,236,B_1QB_Start11
2025,00-0037013,Zach Wilson,QB,4,1.3800000000000001,-66.83,-0.8439137187499999,17.052500000000002,12.0,13.0,18.0,15.5,13.0,0.37915230859375,598,75,B_1QB_Start11
2025,00-0034771,Mason Rudolph,QB,5,19.0,-66.67,-0.8518233359374999,17.134,12.0,13.0,18.0,15.5,13.0,0.41150429062500005,599,76,B_1QB_Start11
2025,00-0033319,Nick Mullens,QB,4,-0.040000000000000036,-68.91,-0.8567531875,17.2175,12.0,13.0,18.0,15.5,13.0,0.39918174023437497,600,77,B_1QB_Start11
2025,00-0040075,LaJohntay Wester,WR,14,0.0,-62.15,-0.8590566875000001,4.439285714285714,55.142857142857146,56.142857142857146,61.142857142857146,58.642857142857146,56.142857142857146,0.4009321121651786,601,237,B_1QB_Start11
2025,00-0038576,Charlie Jones,WR,14,0.0,-62.45,-0.8694868125,4.460714285714286,55.57142857142857,56.57142857142857,61.57142857142857,59.07142857142857,56.57142857142857,0.39689829296875,602,238,B_1QB_Start11
2025,00-0038090,Skyy Moore,WR,17,12.3,-64.25,-0.8988390390625003,4.502941176470588,55.1764705882353,56.1764705882353,61.1764705882353,58.6764705882353,56.1764705882353,0.39891439751838237,603,239,B_1QB_Start11
2025,00-0039407,Dylan Laube,RB,17,4.2,-66.10000000000001,-0.9025422499999998,4.135294117647058,41.23529411764706,42.23529411764706,47.23529411764706,44.73529411764706,42.23529411764706,0.3718868000919118,604,151,B_1QB_Start11
2025,00-0036331,Devin Duvernay,WR,17,3.6000000000000005,-71.85000000000001,-0.9912202343750001,4.438235294117647,54.8235294117647,55.8235294117647,60.8235294117647,58.3235294117647,55.8235294117647,0.39917169163602945,605,240,B_1QB_Start11
2025,00-0040506,Myles Price,WR,16,0.0,-71.9,-0.9921306953125001,4.49375,55.5,56.5,61.5,59.0,56.5,0.39891462841796876,606,241,B_1QB_Start11
2025,00-0038102,Kenny Pickett,QB,6,11.72,-89.69,-1.0418216171875,16.901666666666667,12.0,13.0,18.0,15.5,13.0,0.3883549518229166,607,78,B_1QB_Start11
2025,00-0040704,Dillon Gabriel,QB,10,74.08,-101.86,-1.2644776953124999,17.594,12.0,13.0,18.0,15.5,13.0,0.4012112796875,608,79,B_1QB_Start11
2025,00-0040676,Cam Ward,QB,17,200.66,-95.02,-1.2844605156249997,17.39294117647059,12.0,13.0,18.0,15.5,13.0,0.39289749402573526,609,80,B_1QB_Start11
2025,00-0040494,Max Brosmer,QB,7,12.22,-107.21000000000001,-1.350122140625,17.06142857142857,12.0,13.0,18.0,15.5,13.0,0.3952480758928571,610,81,B_1QB_Start11
2025,00-0033280,Christian McCaffrey,RB,17,365.6,283.51,3.9109969140625003,4.828823529411765,37.88235294117647,38.88235294117647,43.88235294117647,41.38235294117647,38.88235294117647,0.3743806897977941,1,1,C_SF_1TE
2025,00-0034857,Josh Allen,QB,16,384.62,255.79,3.5238248203125,8.051875,24.0,25.0,30.0,27.5,25.0,0.33274615576171873,2,1,C_SF_1TE
2025,00-0036223,Jonathan Taylor,RB,17,339.3,257.06,3.47499346875,4.83764705882353,37.88235294117647,38.88235294117647,43.88235294117647,41.38235294117647,38.88235294117647,0.3751156066176471,3,2,C_SF_1TE
2025,00-0038542,Bijan Robinson,RB,17,331.3,250.2,3.4712203359375,4.7705882352941185,38.470588235294116,39.470588235294116,44.470588235294116,41.970588235294116,39.470588235294116,0.37595606709558826,4,3,C_SF_1TE
2025,00-0039139,Jahmyr Gibbs,RB,17,328.40000000000003,246.26000000000002,3.2419084375000002,4.831764705882353,38.1764705882353,39.1764705882353,44.1764705882353,41.6764705882353,39.1764705882353,0.3756603345588235,5,4,C_SF_1TE
2025,00-0039851,Drake Maye,QB,17,367.46000000000004,231.90000000000003,3.1707649062499996,7.974117647058824,24.0,25.0,30.0,27.5,25.0,0.33247915533088235,6,2,C_SF_1TE
2025,00-0039075,Puka Nacua,WR,16,310.5,226.4,3.1477699218749997,5.2562500000000005,49.0,50.0,55.0,52.5,50.0,0.39994031787109374,7,1,C_SF_1TE
2025,00-0026498,Matthew Stafford,QB,17,366.38,227.91000000000003,3.1127799374999996,8.145294117647058,24.0,25.0,30.0,27.5,25.0,0.33504173345588234,8,3,C_SF_1TE
2025,00-0036971,Trevor Lawrence,QB,17,362.18,223.71,3.0298548203125,8.145294117647058,24.0,25.0,30.0,27.5,25.0,0.33504173345588234,9,4,C_SF_1TE
2025,00-0039040,De'Von Achane,RB,16,289.3,212.41,2.98449303125,4.805625,37.9375,38.9375,43.9375,41.4375,38.9375,0.37199306640625,10,5,C_SF_1TE
2025,00-0037248,James Cook,RB,17,285.70000000000005,204.61,2.8934039218750005,4.7700000000000005,38.470588235294116,39.470588235294116,44.470588235294116,41.970588235294116,39.470588235294116,0.3740272766544117,11,6,C_SF_1TE
2025,00-0038543,Jaxon Smith-Njigba,WR,17,300.4,211.25,2.8809629609375,5.2441176470588236,49.1764705882353,50.1764705882353,55.1764705882353,52.6764705882353,50.1764705882353,0.4005693276654412,12,2,C_SF_1TE
2025,00-0039918,Caleb Williams,QB,17,331.68,198.16000000000003,2.7453090703124996,7.854117647058824,24.0,25.0,30.0,27.5,25.0,0.33367286259191176,13,5,C_SF_1TE
2025,00-0033873,Patrick Mahomes,QB,14,307.18,191.53,2.7060230859375,8.260714285714286,24.0,25.0,30.0,27.5,25.0,0.3341549949776786,14,6,C_SF_1TE
2025,00-0033077,Dak Prescott,QB,17,333.78,196.70999999999998,2.6876223984374996,8.062941176470588,24.0,25.0,30.0,27.5,25.0,0.3334149898897059,15,7,C_SF_1TE
2025,00-0032764,Derrick Henry,RB,17,272.0,190.91,2.6591384765625,4.7700000000000005,38.470588235294116,39.470588235294116,44.470588235294116,41.970588235294116,39.470588235294116,0.3740272766544117,16,7,C_SF_1TE
2025,00-0039732,Bo Nix,QB,17,326.84000000000003,190.55,2.5398606796875,8.01705882352941,24.0,25.0,30.0,27.5,25.0,0.33183788143382353,17,8,C_SF_1TE
2025,00-0036389,Jalen Hurts,QB,16,313.06,183.78,2.5329359453125,8.08,24.0,25.0,30.0,27.5,25.0,0.33541123046875,18,9,C_SF_1TE
2025,00-0036355,Justin Herbert,QB,16,312.88,183.79,2.5314211718749995,8.068125,24.0,25.0,30.0,27.5,25.0,0.33168749560546873,19,10,C_SF_1TE
2025,00-0033106,Jared Goff,QB,17,313.06,174.59,2.412468609375,8.145294117647058,24.0,25.0,30.0,27.5,25.0,0.33504173345588234,20,11,C_SF_1TE
2025,00-0036963,Amon-Ra St. Brown,WR,17,265.5,176.35,2.3920616484375,5.2441176470588236,49.1764705882353,50.1764705882353,55.1764705882353,52.6764705882353,50.1764705882353,0.4005693276654412,21,3,C_SF_1TE
2025,00-0037840,Kyren Williams,RB,17,245.3,163.16000000000003,2.3282719375000003,4.831764705882353,38.1764705882353,39.1764705882353,44.1764705882353,41.6764705882353,39.1764705882353,0.3756603345588235,22,8,C_SF_1TE
2025,00-0037744,Trey McBride,TE,17,252.9,170.15,2.3136043046875,4.867647058823529,20.647058823529413,21.647058823529413,26.647058823529413,24.147058823529413,21.647058823529413,0.4132076204044118,23,1,C_SF_1TE
2025,00-0038597,Chase Brown,RB,17,248.10000000000002,165.51000000000002,2.3058017109375006,4.858235294117647,38.05882352941177,39.05882352941177,44.05882352941177,41.55882352941177,39.05882352941177,0.3757874204963235,24,9,C_SF_1TE
2025,00-0036900,Ja'Marr Chase,WR,16,251.10000000000002,166.25,2.2832267578125003,5.3031250000000005,49.4375,50.4375,55.4375,52.9375,50.4375,0.4006628427734375,25,4,C_SF_1TE
2025,00-0034855,Baker Mayfield,QB,17,293.92,157.44,2.2006915546875,8.028235294117646,24.0,25.0,30.0,27.5,25.0,0.33534257306985293,26,12,C_SF_1TE
2025,00-0036997,Javonte Williams,RB,16,225.3,147.76000000000002,2.1513838749999996,4.84625,37.875,38.875,43.875,41.375,38.875,0.37439644873046873,27,10,C_SF_1TE
2025,00-0036973,Travis Etienne,RB,17,235.9,153.76,2.1437843984375005,4.831764705882353,38.1764705882353,39.1764705882353,44.1764705882353,41.6764705882353,39.1764705882353,0.3756603345588235,28,11,C_SF_1TE
2025,00-0037247,George Pickens,WR,17,245.4,156.04999999999998,2.1330853125000004,5.255882352941177,49.411764705882355,50.411764705882355,55.411764705882355,52.911764705882355,50.411764705882355,0.40073457398897055,29,5,C_SF_1TE
2025,00-0035700,Josh Jacobs,RB,15,219.10000000000002,147.4,2.0543310624999997,4.78,38.333333333333336,39.333333333333336,44.333333333333336,41.833333333333336,39.333333333333336,0.37309648958333336,30,12,C_SF_1TE
2025,00-0035710,Daniel Jones,QB,13,242.44,141.76,2.00362775,7.744615384615385,24.0,25.0,30.0,27.5,25.0,0.3265967085336538,31,13,C_SF_1TE
2025,00-0034844,Saquon Barkley,RB,16,213.8,137.71,1.9519439218749999,4.755625,38.25,39.25,44.25,41.75,39.25,0.371568439453125,32,13,C_SF_1TE
2025,00-0040691,Jaxson Dart,QB,14,251.58,140.09,1.8923917734374998,7.963571428571428,24.0,25.0,30.0,27.5,25.0,0.3306919397321429,33,14,C_SF_1TE
2025,00-0036275,D'Andre Swift,RB,16,211.6,135.65,1.8897672109375,4.746875,38.8125,39.8125,44.8125,42.3125,39.8125,0.374231017578125,34,14,C_SF_1TE
2025,00-0040122,Ashton Jeanty,RB,17,217.6,135.46,1.883865296875,4.831764705882353,38.1764705882353,39.1764705882353,44.1764705882353,41.6764705882353,39.1764705882353,0.3756603345588235,35,15,C_SF_1TE
2025,00-0033119,Jacoby Brissett,QB,14,243.44,137.9,1.8784665468750001,7.538571428571428,24.0,25.0,30.0,27.5,25.0,0.33100726227678573,36,15,C_SF_1TE
2025,00-0037239,Chris Olave,WR,16,220.0,135.75,1.8176575234375,5.265625,49.625,50.625,55.625,53.125,50.625,0.39950693505859375,37,6,C_SF_1TE
2025,00-0036264,Jordan Love,QB,15,247.14,128.73,1.8040573125000001,7.894,24.0,25.0,30.0,27.5,25.0,0.33313290208333335,38,16,C_SF_1TE
2025,00-0034796,Lamar Jackson,QB,13,228.85999999999999,121.72999999999999,1.7913295937499998,8.24076923076923,24.0,25.0,30.0,27.5,25.0,0.3354637800480769,39,17,C_SF_1TE
2025,00-0037228,Jaylen Warren,RB,16,197.1,120.85000000000001,1.7002774062500001,4.765625,38.125,39.125,44.125,41.625,39.125,0.377085279296875,40,16,C_SF_1TE
2025,00-0034869,Sam Darnold,QB,17,263.42,124.95,1.6930683671875,8.145294117647058,24.0,25.0,30.0,27.5,25.0,0.33504173345588234,41,18,C_SF_1TE
2025,00-0031381,Davante Adams,WR,14,192.9,119.60000000000001,1.689983828125,5.235714285714286,49.642857142857146,50.642857142857146,55.642857142857146,53.142857142857146,50.642857142857146,0.3989163872767857,42,7,C_SF_1TE
2025,00-0037834,Brock Purdy,QB,9,197.38,120.46,1.6470955468749997,8.546666666666667,24.0,25.0,30.0,27.5,25.0,0.3409684435763889,43,19,C_SF_1TE
2025,00-0038120,Breece Hall,RB,16,189.66,113.57000000000001,1.6376706875000002,4.755625,38.25,39.25,44.25,41.75,39.25,0.371568439453125,44,17,C_SF_1TE
2025,00-0039064,Zay Flowers,WR,17,200.3,111.30000000000001,1.5941066015625,5.235294117647059,49.1764705882353,50.1764705882353,55.1764705882353,52.6764705882353,50.1764705882353,0.40045046920955885,45,8,C_SF_1TE
2025,00-0036554,Nico Collins,WR,15,190.70000000000002,111.15,1.5733412421875002,5.303333333333333,49.53333333333333,50.53333333333333,55.53333333333333,53.03333333333333,50.53333333333333,0.4001672229166667,46,9,C_SF_1TE
2025,00-0036139,Rico Dowdle,RB,17,196.8,114.71000000000001,1.5602093593750002,4.828823529411765,37.88235294117647,38.88235294117647,43.88235294117647,41.38235294117647,38.88235294117647,0.3743806897977941,47,18,C_SF_1TE
2025,00-0023459,Aaron Rodgers,QB,16,240.58,112.83000000000001,1.5404537890624999,7.984375,24.0,25.0,30.0,27.5,25.0,0.33312993115234374,48,20,C_SF_1TE
2025,00-0039163,C.J. Stroud,QB,14,224.54,110.41,1.5081548828124998,8.152142857142858,24.0,25.0,30.0,27.5,25.0,0.3276860407366072,49,21,C_SF_1TE
2025,00-0039150,Bryce Young,QB,16,240.04000000000002,108.07000000000001,1.5057956015624998,8.248125,24.0,25.0,30.0,27.5,25.0,0.3352657099609375,50,22,C_SF_1TE
2025,00-0040734,TreVeyon Henderson,RB,17,188.70000000000002,106.61,1.4720726953124998,4.828823529411765,37.88235294117647,38.88235294117647,43.88235294117647,41.38235294117647,38.88235294117647,0.3743806897977941,51,19,C_SF_1TE
2025,00-0040730,RJ Harvey,RB,17,183.1,101.16000000000001,1.4355594609374998,4.82,38.11764705882353,39.11764705882353,44.11764705882353,41.61764705882353,39.11764705882353,0.37352541360294117,52,20,C_SF_1TE
2025,00-0037238,Drake London,WR,12,167.9,104.6,1.4279877187499999,5.275,49.416666666666664,50.416666666666664,55.416666666666664,52.916666666666664,50.416666666666664,0.4024333046875,53,10,C_SF_1TE
2025,00-0036919,Kenny Gainwell,RB,17,184.8,103.69999999999999,1.4260246796875,4.7705882352941185,38.470588235294116,39.470588235294116,44.470588235294116,41.970588235294116,39.470588235294116,0.37595606709558826,54,21,C_SF_1TE
2025,00-0036410,Tee Higgins,WR,15,182.1,103.95,1.4075133984375001,5.21,49.666666666666664,50.666666666666664,55.666666666666664,53.166666666666664,50.666666666666664,0.4023103442708333,55,11,C_SF_1TE
2025,00-0037240,Jameson Williams,WR,17,187.4,98.25,1.4047831328125,5.2441176470588236,49.1764705882353,50.1764705882353,55.1764705882353,52.6764705882353,50.1764705882353,0.4005693276654412,56,12,C_SF_1TE
2025,00-0035676,A.J. Brown,WR,15,181.3,101.80000000000001,1.4006352187500002,5.3,49.4,50.4,55.4,52.9,50.4,0.4007282208333333,57,13,C_SF_1TE
2025,00-0036358,CeeDee Lamb,WR,13,163.4,95.95000000000002,1.3767273828125002,5.188461538461539,49.61538461538461,50.61538461538461,55.61538461538461,53.11538461538461,50.61538461538461,0.40136858593749997,58,14,C_SF_1TE
2025,00-0038134,Kenneth Walker III,RB,17,176.4,94.26,1.3459176953125005,4.831764705882353,38.1764705882353,39.1764705882353,44.1764705882353,41.6764705882353,39.1764705882353,0.3756603345588235,59,22,C_SF_1TE
2025,00-0034348,Courtland Sutton,WR,17,182.70000000000002,93.15,1.3432852265625004,5.267647058823529,49.35294117647059,50.35294117647059,55.35294117647059,52.85294117647059,50.35294117647059,0.40096524632352937,60,15,C_SF_1TE
2025,00-0039165,Zach Charbonnet,RB,16,171.4,94.66,1.333382609375,4.796250000000001,38.1875,39.1875,44.1875,41.6875,39.1875,0.37500315722656247,61,23,C_SF_1TE
2025,00-0036875,Rhamondre Stevenson,RB,14,162.8,93.61,1.3030009843750001,4.942142857142857,37.857142857142854,38.857142857142854,43.857142857142854,41.357142857142854,38.857142857142854,0.37377690066964286,62,24,C_SF_1TE
2025,00-0040743,Tyler Shough,QB,11,169.96,92.08000000000001,1.2672211093749999,7.079999999999999,24.0,25.0,30.0,27.5,25.0,0.32889587642045454,63,23,C_SF_1TE
2025,00-0040784,Quinshon Judkins,RB,14,156.8,90.01,1.26023271875,4.770714285714286,38.57142857142857,39.57142857142857,44.57142857142857,42.07142857142857,39.57142857142857,0.37324055580357146,64,25,C_SF_1TE
2025,00-0030565,Geno Smith,QB,15,207.9,88.28,1.2589577031249997,7.974666666666667,24.0,25.0,30.0,27.5,25.0,0.3329800869791667,65,24,C_SF_1TE
2025,00-0040124,Tetairoa McMillan,WR,17,178.4,88.85,1.24323753125,5.267647058823529,49.529411764705884,50.529411764705884,55.529411764705884,53.029411764705884,50.529411764705884,0.40105877435661763,66,16,C_SF_1TE
2025,00-0038559,Michael Wilson,WR,17,181.6,92.45,1.20965228125,5.2441176470588236,49.1764705882353,50.1764705882353,55.1764705882353,52.6764705882353,50.1764705882353,0.4005693276654412,67,17,C_SF_1TE
2025,00-0035261,Tony Pollard,RB,17,169.3,86.71000000000001,1.196893,4.858235294117647,38.05882352941177,39.05882352941177,44.05882352941177,41.55882352941177,39.05882352941177,0.3757874204963235,68,26,C_SF_1TE
2025,00-0039338,Brock Bowers,TE,12,144.2,84.35,1.188788390625,4.9875,19.5,20.5,25.5,23.0,20.5,0.4140047565104166,69,2,C_SF_1TE
2025,00-0038117,Wan'Dale Robinson,WR,16,171.9,87.15,1.187687296875,5.296875,49.8125,50.8125,55.8125,53.3125,50.8125,0.4009113671875,70,18,C_SF_1TE
2025,00-0037664,Alec Pierce,WR,15,159.8,82.5,1.1751407578125004,5.153333333333333,49.46666666666667,50.46666666666667,55.46666666666667,52.96666666666667,50.46666666666667,0.40023130520833333,71,19,C_SF_1TE
2025,00-0039067,Rashee Rice,WR,8,123.60000000000001,83.60000000000001,1.1696010703125002,5.0,49.125,50.125,55.125,52.625,50.125,0.40216933984375,72,20,C_SF_1TE
2025,00-0036970,Kyle Pitts,TE,17,166.8,84.95,1.1473631718749995,4.814705882352942,20.41176470588235,21.41176470588235,26.41176470588235,23.91176470588235,21.41176470588235,0.4136442196691177,73,3,C_SF_1TE
2025,00-0038544,Quentin Johnston,WR,13,145.7,76.4,1.145174421875,5.3307692307692305,49.53846153846154,50.53846153846154,55.53846153846154,53.03846153846154,50.53846153846154,0.399369071514423,74,21,C_SF_1TE
2025,00-0034351,Dallas Goedert,TE,15,155.1,83.8,1.1421204999999999,4.753333333333334,20.6,21.6,26.6,24.1,21.6,0.4121049723958333,75,4,C_SF_1TE
2025,00-0040129,Emeka Egbuka,WR,17,164.2,75.0,1.1199473984375001,5.247058823529412,49.294117647058826,50.294117647058826,55.294117647058826,52.794117647058826,50.294117647058826,0.4013502054227941,76,22,C_SF_1TE
2025,00-0033288,George Kittle,TE,11,133.0,80.4,1.108237515625,4.781818181818182,20.454545454545453,21.454545454545453,26.454545454545453,23.954545454545453,21.454545454545453,0.4111447571022728,77,5,C_SF_1TE
2025,00-0039361,Bucky Irving,RB,10,123.5,73.7,1.1082268203124999,4.98,39.8,40.8,45.8,43.3,40.8,0.37324602734375,78,27,C_SF_1TE
2025,00-0036613,Jaylen Waddle,WR,16,162.12,77.37,1.1054210390625,5.296875,49.625,50.625,55.625,53.125,50.625,0.40081199365234377,79,23,C_SF_1TE
2025,00-0035640,DK Metcalf,WR,15,157.70000000000002,79.05,1.1019850937500002,5.243333333333334,49.4,50.4,55.4,52.9,50.4,0.40012336666666665,80,24,C_SF_1TE
2025,00-0036945,Justin Fields,QB,9,144.66,71.9,1.0899164687499998,8.084444444444445,24.0,25.0,30.0,27.5,25.0,0.3299102569444445,81,25,C_SF_1TE
2025,00-0036442,Joe Burrow,QB,8,144.46,77.00999999999999,1.0839738125,8.43125,24.0,25.0,30.0,27.5,25.0,0.3272046728515625,82,26,C_SF_1TE
2025,00-0035685,David Montgomery,RB,17,154.92000000000002,72.78,1.0777174609375,4.831764705882353,38.1764705882353,39.1764705882353,44.1764705882353,41.6764705882353,39.1764705882353,0.3756603345588235,83,28,C_SF_1TE
2025,00-0031588,Stefon Diggs,WR,17,167.8,78.25,1.075787171875,5.267647058823529,49.529411764705884,50.529411764705884,55.529411764705884,53.029411764705884,50.529411764705884,0.40105877435661763,84,25,C_SF_1TE
2025,00-0040666,Omarion Hampton,RB,9,119.7,75.11,1.067075828125,4.954444444444444,38.55555555555556,39.55555555555556,44.55555555555556,42.05555555555556,39.55555555555556,0.3689948463541667,85,29,C_SF_1TE
2025,00-0036252,Michael Pittman,WR,17,162.4,73.35,1.0584545078125003,5.238235294117647,49.35294117647059,50.35294117647059,55.35294117647059,52.85294117647059,50.35294117647059,0.399736955882353,86,26,C_SF_1TE
2025,00-0030506,Travis Kelce,TE,17,155.20000000000002,73.0,1.0517036406249998,4.835294117647059,20.529411764705884,21.529411764705884,26.529411764705884,24.029411764705884,21.529411764705884,0.4117924986213235,87,6,C_SF_1TE
2025,00-0040715,Cam Skattebo,RB,8,115.7,76.36,1.0504022812499998,4.9175,36.0,37.0,42.0,39.5,37.0,0.3671806220703125,88,30,C_SF_1TE
2025,00-0036212,Tua Tagovailoa,QB,14,190.7,75.83,1.036953703125,8.205,24.0,25.0,30.0,27.5,25.0,0.33223993470982144,89,27,C_SF_1TE
2025,00-0039923,J.J. McCarthy,QB,10,149.38,72.8,1.0228772890625,7.6579999999999995,24.0,25.0,30.0,27.5,25.0,0.32842893125,90,28,C_SF_1TE
2025,00-0036322,Justin Jefferson,WR,17,159.5,70.25,1.0209982812500003,5.25,49.411764705882355,50.411764705882355,55.411764705882355,52.911764705882355,50.411764705882355,0.4008552072610294,91,27,C_SF_1TE
2025,00-0035719,Deebo Samuel Sr.,WR,16,152.20000000000002,67.7,1.0190725546875001,5.28125,49.1875,50.1875,55.1875,52.6875,50.1875,0.4003609814453125,92,28,C_SF_1TE
2025,00-0040663,Harold Fannin Jr.,TE,16,150.4,73.25,1.0157650624999999,4.821875,20.1875,21.1875,26.1875,23.6875,21.1875,0.41227408544921873,93,7,C_SF_1TE
2025,00-0036912,DeVonta Smith,WR,17,163.3,74.1,0.9903178984374998,5.247058823529412,49.294117647058826,50.294117647058826,55.294117647058826,52.794117647058826,50.294117647058826,0.4013502054227941,94,29,C_SF_1TE
2025,00-0040128,Tyler Warren,TE,17,150.5,68.64999999999999,0.9705812734374997,4.814705882352942,20.764705882352942,21.764705882352942,26.764705882352942,24.264705882352942,21.764705882352942,0.41162169715073527,95,8,C_SF_1TE
2025,00-0039384,Tyrone Tracy Jr.,RB,15,142.8,70.75,0.9560319843750003,4.803333333333333,37.86666666666667,38.86666666666667,43.86666666666667,41.36666666666667,38.86666666666667,0.37674275572916666,96,31,C_SF_1TE
2025,00-0036259,Jauan Jennings,WR,15,145.8,67.25,0.9328772187500003,5.236666666666666,49.266666666666666,50.266666666666666,55.266666666666666,52.766666666666666,50.266666666666666,0.40124285885416666,97,30,C_SF_1TE
2025,00-0036158,J.K. Dobbins,RB,10,110.4,62.21000000000001,0.9317411015625001,4.819000000000001,36.0,37.0,42.0,39.5,37.0,0.3699310546875,98,32,C_SF_1TE
2025,00-0033090,Hunter Henry,TE,17,148.8,65.4,0.9259436796875,4.905882352941177,20.58823529411765,21.58823529411765,26.58823529411765,24.08823529411765,21.58823529411765,0.4126518975183823,99,9,C_SF_1TE
2025,00-0039919,Rome Odunze,WR,12,124.10000000000001,61.800000000000004,0.9134841328125,5.191666666666666,49.833333333333336,50.833333333333336,55.833333333333336,53.333333333333336,50.833333333333336,0.39865417708333334,100,31,C_SF_1TE
2025,00-0038041,Jake Ferguson,TE,17,147.1,64.89999999999999,0.9049089687499998,4.835294117647059,20.529411764705884,21.529411764705884,26.529411764705884,24.029411764705884,21.529411764705884,0.4117924986213235,101,10,C_SF_1TE
2025,00-0032268,Marcus Mariota,QB,10,139.5,61.57000000000001,0.902888171875,7.792999999999999,24.0,25.0,30.0,27.5,25.0,0.33994637499999997,102,29,C_SF_1TE
2025,00-0038124,Christian Watson,WR,10,114.9,64.2,0.9016441249999998,5.07,48.5,49.5,54.5,52.0,49.5,0.40339567968749995,103,32,C_SF_1TE
2025,00-0039915,Ladd McConkey,WR,16,147.9,63.150000000000006,0.8978791015624997,5.296875,49.625,50.625,55.625,53.125,50.625,0.40081199365234377,104,33,C_SF_1TE
2025,00-0039910,Jayden Daniels,QB,7,120.28,64.5,0.8969594062499999,7.968571428571429,24.0,25.0,30.0,27.5,25.0,0.3176020591517857,105,30,C_SF_1TE
2025,00-0026158,Joe Flacco,QB,13,166.66,63.89,0.8699456796874999,7.905384615384615,24.0,25.0,30.0,27.5,25.0,0.3342026388221154,106,31,C_SF_1TE
2025,00-0036972,Mac Jones,QB,11,142.04,61.17,0.864046625,7.3518181818181825,24.0,25.0,30.0,27.5,25.0,0.32664546946022727,107,32,C_SF_1TE
2025,00-0038996,Tucker Kraft,TE,8,101.2,62.15,0.8554049296874999,4.8812500000000005,21.0,22.0,27.0,24.5,22.0,0.4123672587890625,108,11,C_SF_1TE
2025,00-0036040,Juwan Johnson,TE,17,141.4,59.550000000000004,0.8408877109374997,4.814705882352942,20.764705882352942,21.764705882352942,26.764705882352942,24.264705882352942,21.764705882352942,0.41162169715073527,109,12,C_SF_1TE
2025,00-0034960,Jakobi Meyers,WR,16,138.3,54.2,0.820928390625,5.2562500000000005,49.0,50.0,55.0,52.5,50.0,0.39994031787109374,110,34,C_SF_1TE
2025,00-0040676,Cam Ward,QB,17,200.66,63.59,0.8133746718749998,8.062941176470588,24.0,25.0,30.0,27.5,25.0,0.3334149898897059,111,33,C_SF_1TE
2025,00-0034827,DJ Moore,WR,17,147.18,58.78,0.8027431406250001,5.2,49.11764705882353,50.11764705882353,55.11764705882353,52.61764705882353,50.11764705882353,0.4010482182904412,112,35,C_SF_1TE
2025,00-0040126,Colston Loveland,TE,16,136.1,59.699999999999996,0.7993351484374998,4.775,20.4375,21.4375,26.4375,23.9375,21.4375,0.413150837890625,113,13,C_SF_1TE
2025,00-0038606,Parker Washington,WR,16,143.70000000000002,59.050000000000004,0.7936512812500002,5.290625,49.375,50.375,55.375,52.875,50.375,0.40058664208984374,114,36,C_SF_1TE
2025,00-0040242,Jacory Croskey-Merritt,RB,17,135.8,53.86000000000001,0.7891938125000002,4.82,38.11764705882353,39.11764705882353,44.11764705882353,41.61764705882353,39.11764705882353,0.37352541360294117,115,33,C_SF_1TE
2025,00-0033923,Kareem Hunt,RB,17,136.4,53.81,0.7876497499999999,4.858235294117647,38.05882352941177,39.05882352941177,44.05882352941177,41.55882352941177,39.05882352941177,0.3757874204963235,116,34,C_SF_1TE
2025,00-0040236,Kyle Monangai,RB,17,137.70000000000002,56.6,0.7873599062499999,4.7705882352941185,38.470588235294116,39.470588235294116,44.470588235294116,41.970588235294116,39.470588235294116,0.37595606709558826,117,35,C_SF_1TE
2025,00-0030279,Keenan Allen,WR,17,142.2,52.65,0.7710425468750002,5.267647058823529,49.35294117647059,50.35294117647059,55.35294117647059,52.85294117647059,50.35294117647059,0.40096524632352937,118,37,C_SF_1TE
2025,00-0040583,Woody Marks,RB,16,133.1,56.61000000000001,0.7695812421874999,4.780625000000001,37.875,38.875,43.875,41.375,38.875,0.3741842602539063,119,36,C_SF_1TE
2025,00-0037816,Romeo Doubs,WR,16,137.9,54.3,0.7688813593749999,5.225,49.375,50.375,55.375,52.875,50.375,0.4009001513671875,120,38,C_SF_1TE
2025,00-0039868,Troy Franklin,WR,17,144.6,55.050000000000004,0.7447466406250003,5.267647058823529,49.35294117647059,50.35294117647059,55.35294117647059,52.85294117647059,50.35294117647059,0.40096524632352937,121,39,C_SF_1TE
2025,00-0034383,Dalton Schultz,TE,17,136.70000000000002,54.25,0.7352095546874998,4.8500000000000005,20.294117647058822,21.294117647058822,26.294117647058822,23.794117647058822,21.294117647058822,0.41175178584558825,122,14,C_SF_1TE
2025,00-0039391,Kimani Vidal,RB,13,109.9,48.360000000000014,0.7167151953124999,4.733846153846153,38.76923076923077,39.76923076923077,44.76923076923077,42.26923076923077,39.76923076923077,0.3760582770432693,123,37,C_SF_1TE
2025,00-0038933,Dalton Kincaid,TE,12,106.60000000000001,47.2,0.7163220156249999,4.95,19.916666666666668,20.916666666666668,25.916666666666668,23.416666666666668,20.916666666666668,0.4074814947916667,124,15,C_SF_1TE
2025,00-0039917,Michael Penix Jr.,QB,9,126.28,49.3,0.7052805546875,8.553333333333335,24.0,25.0,30.0,27.5,25.0,0.3377826979166667,125,34,C_SF_1TE
2025,00-0037740,Garrett Wilson,WR,7,81.5,43.300000000000004,0.6957894453125,5.457142857142857,50.57142857142857,51.57142857142857,56.57142857142857,54.07142857142857,51.57142857142857,0.3965839419642857,126,40,C_SF_1TE
2025,00-0033293,Aaron Jones,RB,12,104.7,48.800000000000004,0.6885710234374999,4.658333333333334,38.666666666666664,39.666666666666664,44.666666666666664,42.166666666666664,39.666666666666664,0.37326504817708334,127,38,C_SF_1TE
2025,00-0037525,Jordan Mason,RB,16,121.9,45.46,0.669398546875,4.7775,38.4375,39.4375,44.4375,41.9375,39.4375,0.37484159375,128,39,C_SF_1TE
2025,00-0039849,Marvin Harrison Jr.,WR,12,107.30000000000001,42.70000000000001,0.6605102421875,5.383333333333333,49.75,50.75,55.75,53.25,50.75,0.39770794661458336,129,41,C_SF_1TE
2025,00-0037261,Khalil Shakir,WR,16,130.4,46.2,0.6496370078125,5.2625,49.4375,50.4375,55.4375,52.9375,50.4375,0.40026504296875,130,42,C_SF_1TE
2025,00-0036555,Chuba Hubbard,RB,15,110.4,38.2,0.6419206328125004,4.8133333333333335,38.46666666666667,39.46666666666667,44.46666666666667,41.96666666666667,39.46666666666667,0.3751530276041667,131,40,C_SF_1TE
2025,00-0038563,Tre Tucker,WR,17,133.2,44.05,0.623352984375,5.2441176470588236,49.1764705882353,50.1764705882353,55.1764705882353,52.6764705882353,50.1764705882353,0.4005693276654412,132,43,C_SF_1TE
2025,00-0039065,Sam LaPorta,TE,9,86.9,42.2,0.6125343124999998,4.966666666666667,21.444444444444443,22.444444444444443,27.444444444444443,24.944444444444443,22.444444444444443,0.4128622873263889,133,16,C_SF_1TE
2025,00-0035659,Terry McLaurin,WR,10,95.2,41.800000000000004,0.6108047187499999,5.340000000000001,49.5,50.5,55.5,53.0,50.5,0.39860592109375,134,44,C_SF_1TE
2025,00-0037256,Rachaad White,RB,17,123.0,41.86000000000001,0.5923725703125,4.772941176470589,38.411764705882355,39.411764705882355,44.411764705882355,41.911764705882355,39.411764705882355,0.3731257647058823,135,41,C_SF_1TE
2025,00-0040668,Shedeur Sanders,QB,8,104.9,43.64000000000001,0.5800397499999999,7.6575,24.0,25.0,30.0,27.5,25.0,0.3407122041015625,136,35,C_SF_1TE
2025,00-0030061,Zach Ertz,TE,13,101.4,38.75,0.5796343281249999,4.81923076923077,20.76923076923077,21.76923076923077,26.76923076923077,24.26923076923077,21.76923076923077,0.4129342391826923,137,17,C_SF_1TE
2025,00-0038994,Jordan Addison,WR,14,114.10000000000001,41.8,0.5621298828125001,5.164285714285714,48.5,49.5,54.5,52.0,49.5,0.4028618744419643,138,45,C_SF_1TE
2025,00-0039893,Brian Thomas Jr.,WR,14,114.8,39.85,0.5504432187500001,5.353571428571429,49.285714285714285,50.285714285714285,55.285714285714285,52.785714285714285,50.285714285714285,0.39851638448660714,139,46,C_SF_1TE
2025,00-0036244,Colby Parkinson,TE,14,108.30000000000001,41.2,0.5381724999999998,4.792857142857144,20.857142857142858,21.857142857142858,26.857142857142858,24.357142857142858,21.857142857142858,0.41201012276785715,140,18,C_SF_1TE
2025,00-0039793,AJ Barner,TE,17,121.30000000000001,38.55,0.5335162343749997,4.867647058823529,20.647058823529413,21.647058823529413,26.647058823529413,24.147058823529413,21.647058823529413,0.4132076204044118,141,19,C_SF_1TE
2025,00-0038935,Brenton Strange,TE,12,95.0,35.8,0.5309881406249999,4.933333333333334,19.916666666666668,20.916666666666668,25.916666666666668,23.416666666666668,20.916666666666668,0.4112294537760417,142,20,C_SF_1TE
2025,00-0032950,Carson Wentz,QB,5,80.34,39.239999999999995,0.5231692343750001,8.22,24.0,25.0,30.0,27.5,25.0,0.3374374359375,143,36,C_SF_1TE
2025,00-0039738,Blake Corum,RB,17,118.2,36.06000000000001,0.5193885859375001,4.831764705882353,38.1764705882353,39.1764705882353,44.1764705882353,41.6764705882353,39.1764705882353,0.3756603345588235,144,42,C_SF_1TE
2025,00-0037263,Tyler Allgeier,RB,17,116.0,34.9,0.51613175,4.7705882352941185,38.470588235294116,39.470588235294116,44.470588235294116,41.970588235294116,39.470588235294116,0.37595606709558826,145,43,C_SF_1TE
2025,00-0029604,Kirk Cousins,QB,10,113.53999999999999,37.92,0.5032317499999998,7.562,24.0,25.0,30.0,27.5,25.0,0.34007232421875,146,37,C_SF_1TE
2025,00-0038608,Kayshon Boutte,WR,14,107.60000000000001,32.7,0.4850369453125003,5.3500000000000005,49.714285714285715,50.714285714285715,55.714285714285715,53.214285714285715,50.714285714285715,0.39834859486607144,147,47,C_SF_1TE
2025,00-0033906,Alvin Kamara,RB,11,84.2,31.659999999999997,0.48379384374999995,4.776363636363636,36.18181818181818,37.18181818181818,42.18181818181818,39.68181818181818,37.18181818181818,0.3723703068181818,148,44,C_SF_1TE
2025,00-0035228,Kyler Murray,QB,5,83.78,32.03,0.4814814062499999,10.35,24.0,25.0,30.0,27.5,25.0,0.33787374843749995,149,38,C_SF_1TE
2025,00-0031610,Darren Waller,TE,9,76.7,33.49999999999999,0.4766790937499997,4.800000000000001,21.11111111111111,22.11111111111111,27.11111111111111,24.61111111111111,22.11111111111111,0.4068196328125,150,21,C_SF_1TE
2025,00-0038611,Chris Rodriguez Jr.,RB,12,90.5,33.11,0.4713254921875001,4.7825,38.916666666666664,39.916666666666664,44.916666666666664,42.416666666666664,39.916666666666664,0.3755820514322917,151,45,C_SF_1TE
2025,00-0035662,Marquise Brown,WR,16,113.2,29.6,0.46064236718750046,5.2250000000000005,49.375,50.375,55.375,52.875,50.375,0.4002287260742187,152,48,C_SF_1TE
2025,00-0040189,Oronde Gadsden II,TE,15,106.9,34.550000000000004,0.42806668749999977,4.823333333333334,20.933333333333334,21.933333333333334,26.933333333333334,24.433333333333334,21.933333333333334,0.4105286265625,153,22,C_SF_1TE
2025,00-0039847,Theo Johnson,TE,15,105.3,31.149999999999995,0.4086792812499998,4.943333333333333,20.333333333333332,21.333333333333332,26.333333333333332,23.833333333333332,21.333333333333332,0.41182368072916664,154,23,C_SF_1TE
2025,00-0036898,Davis Mills,QB,6,70.6,30.21,0.4029412656249999,6.7316666666666665,24.0,25.0,30.0,27.5,25.0,0.32788256119791664,155,39,C_SF_1TE
2025,00-0039376,Spencer Rattler,QB,9,108.64,26.759999999999998,0.39317461718749996,9.097777777777777,24.0,25.0,30.0,27.5,25.0,0.3362601440972222,156,40,C_SF_1TE
2025,00-0037112,Jake Tonges,TE,10,76.3,26.25,0.38346552343749996,5.005000000000001,19.8,20.8,25.8,23.3,20.8,0.41355841171875,157,24,C_SF_1TE
2025,00-0039337,Malik Nabers,WR,4,48.1,25.050000000000004,0.3789579140625,5.7625,51.25,52.25,57.25,54.75,52.25,0.39151480078125,158,49,C_SF_1TE
2025,00-0031408,Mike Evans,WR,8,69.80000000000001,26.200000000000003,0.37320394531250006,5.45,50.5,51.5,56.5,54.0,51.5,0.4023478818359375,159,50,C_SF_1TE
2025,00-0037157,Bam Knight,RB,12,81.9,24.61,0.37102377343750015,4.774166666666667,37.75,38.75,43.75,41.25,38.75,0.3753556829427083,160,46,C_SF_1TE
2025,00-0039032,Tyjae Spears,RB,13,89.2,26.71,0.36672132812500036,4.806923076923077,38.07692307692308,39.07692307692308,44.07692307692308,41.57692307692308,39.07692307692308,0.37975521634615383,161,47,C_SF_1TE
2025,00-0028118,Tyrod Taylor,QB,6,69.46000000000001,22.5,0.3619509921874999,7.826666666666667,24.0,25.0,30.0,27.5,25.0,0.33616658072916666,162,41,C_SF_1TE
2025,00-0039901,Keon Coleman,WR,12,83.4,20.700000000000003,0.3577872109374999,5.2250000000000005,49.333333333333336,50.333333333333336,55.333333333333336,52.833333333333336,50.333333333333336,0.3960627076822916,163,51,C_SF_1TE
2025,00-0040735,Luther Burden III,WR,15,104.4,26.950000000000003,0.3558391953125,5.163333333333333,49.2,50.2,55.2,52.7,50.2,0.40090678697916665,164,52,C_SF_1TE
2025,00-0034753,Mark Andrews,TE,17,107.0,24.099999999999998,0.3453135312499999,4.876470588235295,20.352941176470587,21.352941176470587,26.352941176470587,23.852941176470587,21.352941176470587,0.4131572954963236,165,25,C_SF_1TE
2025,00-0038997,Josh Downs,WR,16,109.4,25.400000000000002,0.34475089843749973,5.25,49.1875,50.1875,55.1875,52.6875,50.1875,0.3990559228515625,166,53,C_SF_1TE
2025,00-0039916,Ricky Pearsall,WR,9,70.60000000000001,21.900000000000006,0.33706248437499997,5.411111111111111,49.666666666666664,50.666666666666664,55.666666666666664,53.166666666666664,50.666666666666664,0.3978988003472222,167,54,C_SF_1TE
2025,00-0037545,Rashid Shaheed,WR,18,115.1,21.049999999999997,0.31820801562500023,5.225,49.333333333333336,50.333333333333336,55.333333333333336,52.833333333333336,50.333333333333336,0.4010161922743055,168,55,C_SF_1TE
2025,00-0036924,Michael Carter,RB,13,82.5,20.76,0.3064603593749999,4.74923076923077,39.07692307692308,40.07692307692308,45.07692307692308,42.57692307692308,40.07692307692308,0.3760760895432692,169,48,C_SF_1TE
2025,00-0038128,Malik Willis,QB,4,51.17999999999999,22.879999999999995,0.30390529687499984,7.074999999999999,24.0,25.0,30.0,27.5,25.0,0.34479953515625006,170,42,C_SF_1TE
2025,00-0033040,Tyreek Hill,WR,4,43.0,19.950000000000003,0.3019291093749999,5.7625,51.25,52.25,57.25,54.75,52.25,0.39151480078125,171,56,C_SF_1TE
2025,00-0039491,Jalen Coker,WR,11,73.9,17.849999999999994,0.2965589296874999,5.095454545454546,48.72727272727273,49.72727272727273,54.72727272727273,52.22727272727273,49.72727272727273,0.4043377521306818,172,57,C_SF_1TE
2025,00-0031503,Jameis Winston,QB,3,46.78,21.050000000000008,0.2920046015625001,8.576666666666666,24.0,25.0,30.0,27.5,25.0,0.36344046874999997,173,43,C_SF_1TE
2025,00-0035250,Devin Singletary,RB,17,99.8,17.71,0.2901097500000001,4.828823529411765,37.88235294117647,38.88235294117647,43.88235294117647,41.38235294117647,38.88235294117647,0.3743806897977941,174,49,C_SF_1TE
2025,00-0040130,Jayden Higgins,WR,17,109.0,19.750000000000004,0.28893865625000015,5.25,49.411764705882355,50.411764705882355,55.411764705882355,52.911764705882355,50.411764705882355,0.4008552072610294,175,58,C_SF_1TE
2025,00-0038129,Cade Otton,TE,15,92.7,21.65,0.2846328515624999,4.736666666666666,20.466666666666665,21.466666666666665,26.466666666666665,23.966666666666665,21.466666666666665,0.41532053333333335,176,26,C_SF_1TE
2025,00-0035100,Jake Browning,QB,5,64.74000000000001,17.21,0.2828369296874999,9.506,24.0,25.0,30.0,27.5,25.0,0.3465654640625,177,44,C_SF_1TE
2025,00-0036894,Pat Freiermuth,TE,15,93.10000000000001,21.799999999999997,0.2566173593749998,4.753333333333334,20.4,21.4,26.4,23.9,21.4,0.412999984375,178,27,C_SF_1TE
2025,00-0039373,Audric Estimé,RB,5,42.1,17.75,0.25254989062499994,4.87,40.8,41.8,46.8,44.3,41.8,0.38239730625,179,50,C_SF_1TE
2025,00-0033921,Chris Godwin Jr.,WR,9,66.5,18.7,0.2512441640625,5.311111111111112,47.55555555555556,48.55555555555556,53.55555555555556,51.05555555555556,48.55555555555556,0.39965722048611113,180,59,C_SF_1TE
2025,00-0033885,David Njoku,TE,11,69.8,16.349999999999994,0.232772515625,4.859090909090909,20.09090909090909,21.09090909090909,26.09090909090909,23.59090909090909,21.09090909090909,0.41406353267045454,181,28,C_SF_1TE
2025,00-0033553,James Conner,RB,3,29.3,14.05,0.231692375,5.083333333333334,36.0,37.0,42.0,39.5,37.0,0.36455988802083333,182,51,C_SF_1TE
2025,00-0039410,Ryan Flournoy,WR,15,94.0,14.849999999999998,0.22818978906250004,5.276666666666667,49.333333333333336,50.333333333333336,55.333333333333336,52.833333333333336,50.333333333333336,0.4010912130208333,183,60,C_SF_1TE
2025,00-0039894,Xavier Worthy,WR,14,88.9,16.050000000000004,0.22414364062500008,5.203571428571428,48.92857142857143,49.92857142857143,54.92857142857143,52.42857142857143,49.92857142857143,0.4012975591517857,184,61,C_SF_1TE
2025,00-0035229,T.J. Hockenson,TE,15,87.3,14.099999999999998,0.20897989062499978,4.88,20.0,21.0,26.0,23.5,21.0,0.4108035541666667,185,29,C_SF_1TE
2025,00-0033555,Mack Hollins,WR,14,90.4,16.250000000000004,0.1990996406250004,5.296428571428572,49.642857142857146,50.642857142857146,55.642857142857146,53.142857142857146,50.642857142857146,0.4001113002232143,186,62,C_SF_1TE
2025,00-0034791,Nick Chubb,RB,15,81.80000000000001,10.110000000000001,0.1988910390625,4.779333333333333,38.0,39.0,44.0,41.5,39.0,0.372046915625,187,52,C_SF_1TE
2025,00-0039146,Jayden Reed,WR,5,39.0,12.45,0.19558781250000012,5.3100000000000005,48.6,49.6,54.6,52.1,49.6,0.4028239875,188,63,C_SF_1TE
2025,00-0040719,Bhayshul Tuten,RB,15,83.6,11.71,0.1909637265625001,4.792666666666666,37.86666666666667,38.86666666666667,43.86666666666667,41.36666666666667,38.86666666666667,0.3760479213541667,189,53,C_SF_1TE
2025,00-0037809,Chig Okonkwo,TE,17,96.0,13.8,0.18389611718749982,4.835294117647059,20.529411764705884,21.529411764705884,26.529411764705884,24.029411764705884,21.529411764705884,0.4117924986213235,190,30,C_SF_1TE
2025,00-0037197,Isiah Pacheco,RB,13,77.8,13.809999999999999,0.17995473437499981,4.922307692307692,37.92307692307692,38.92307692307692,43.92307692307692,41.42307692307692,38.92307692307692,0.37079184194711534,191,54,C_SF_1TE
2025,00-0040170,Elic Ayomanor,WR,16,96.0,11.150000000000002,0.16079629687500024,5.3031250000000005,49.4375,50.4375,55.4375,52.9375,50.4375,0.4006628427734375,192,64,C_SF_1TE
2025,00-0040234,Quinn Ewers,QB,4,38.68,11.23,0.15548943749999977,6.8625,24.0,25.0,30.0,27.5,25.0,0.328826525390625,193,45,C_SF_1TE
2025,00-0022942,Philip Rivers,QB,3,37.66,11.79,0.15329196093750003,8.623333333333333,24.0,25.0,30.0,27.5,25.0,0.3408016510416667,194,46,C_SF_1TE
2025,00-0040648,Tory Horton,WR,8,52.6,9.2,0.1524299218750002,5.425,51.0,52.0,57.0,54.5,52.0,0.39703191796875,195,65,C_SF_1TE
2025,00-0040202,Devin Neal,RB,9,51.5,10.4,0.14895537500000006,4.566666666666666,37.666666666666664,38.666666666666664,43.666666666666664,41.166666666666664,38.666666666666664,0.3774337013888889,196,55,C_SF_1TE
2025,00-0033908,Cooper Kupp,WR,16,94.8,10.5,0.1447602734375001,5.26875,49.125,50.125,55.125,52.625,50.125,0.4008962875976562,197,66,C_SF_1TE
2025,00-0039921,Trey Benson,RB,4,28.900000000000002,8.8,0.1364017734375001,5.025,38.0,39.0,44.0,41.5,39.0,0.362892083984375,198,56,C_SF_1TE
2025,00-0040206,Riley Leonard,QB,5,37.0,5.490000000000004,0.13385592968749993,6.302,24.0,25.0,30.0,27.5,25.0,0.3218474578125,199,47,C_SF_1TE
2025,00-0038104,Tyquan Thornton,WR,12,71.30000000000001,7.5000000000000036,0.13148732031250032,5.316666666666666,49.916666666666664,50.916666666666664,55.916666666666664,53.416666666666664,50.916666666666664,0.3979393984375,200,67,C_SF_1TE
2025,00-0039424,Devaughn Vele,WR,9,53.8,6.75,0.12479631250000006,5.227777777777778,50.44444444444444,51.44444444444444,56.44444444444444,53.94444444444444,51.44444444444444,0.39672036197916666,201,68,C_SF_1TE
2025,00-0033869,Mitchell Trubisky,QB,4,31.119999999999997,5.059999999999999,0.1240369843750001,6.515000000000001,24.0,25.0,30.0,27.5,25.0,0.313570779296875,202,48,C_SF_1TE
2025,00-0033110,Tyler Higbee,TE,10,58.6,9.250000000000002,0.12308415624999991,4.9350000000000005,20.9,21.9,26.9,24.4,21.9,0.41660721875,203,31,C_SF_1TE
2025,00-0026300,Josh Johnson,QB,3,28.380000000000003,6.960000000000003,0.11624224218749996,7.14,24.0,25.0,30.0,27.5,25.0,0.32996163281250007,204,49,C_SF_1TE
2025,00-0036407,Jerry Jeudy,WR,17,95.7,6.500000000000004,0.10646955468749975,5.247058823529412,49.294117647058826,50.294117647058826,55.294117647058826,52.794117647058826,50.294117647058826,0.4013502054227941,205,69,C_SF_1TE
2025,00-0035537,Ty Johnson,RB,17,88.30000000000001,7.209999999999999,0.10619296875000023,4.7700000000000005,38.470588235294116,39.470588235294116,44.470588235294116,41.970588235294116,39.470588235294116,0.3740272766544117,206,57,C_SF_1TE
2025,00-0034975,Justice Hill,RB,10,54.7,7.36,0.1022020390625002,4.734,36.6,37.6,42.6,40.1,37.6,0.370784221875,207,58,C_SF_1TE
2025,00-0035689,Dawson Knox,TE,16,85.7,8.099999999999998,0.10192902343749971,4.8500000000000005,20.375,21.375,26.375,23.875,21.375,0.4129396123046875,208,32,C_SF_1TE
2025,00-0040311,Theo Wease Jr.,WR,3,22.9,7.05,0.09569441406250001,5.283333333333334,47.0,48.0,53.0,50.5,48.0,0.40828304947916666,209,70,C_SF_1TE
2025,00-0035535,Darius Slayton,WR,14,80.3,5.600000000000001,0.09176225781250008,5.335714285714286,49.5,50.5,55.5,53.0,50.5,0.398632109375,210,71,C_SF_1TE
2025,00-0037252,Greg Dulcich,TE,9,49.800000000000004,6.049999999999999,0.07578852343749953,4.861111111111111,20.333333333333332,21.333333333333332,26.333333333333332,23.833333333333332,21.333333333333332,0.4112019765625,211,33,C_SF_1TE
2025,00-0040021,Phil Mafah,RB,1,9.9,4.85,0.07299468749999999,5.050000000000001,41.0,42.0,47.0,44.5,42.0,0.39804296875,212,59,C_SF_1TE
2025,00-0039405,Jawhar Jordan,RB,4,26.2,6.049999999999999,0.07093524218750002,5.0375000000000005,40.5,41.5,46.5,44.0,41.5,0.38244084960937497,213,60,C_SF_1TE
2025,00-0038797,Emanuel Wilson,RB,17,87.00000000000001,5.900000000000008,0.06954158593749998,4.7705882352941185,38.470588235294116,39.470588235294116,44.470588235294116,41.970588235294116,39.470588235294116,0.37595606709558826,214,61,C_SF_1TE
2025,00-0040736,Mason Taylor,TE,13,66.9,5.199999999999996,0.06869774218750013,4.746153846153846,20.46153846153846,21.46153846153846,26.46153846153846,23.96153846153846,21.46153846153846,0.4154108449519231,215,34,C_SF_1TE
2025,00-0035993,Tyler Huntley,QB,5,40.14,1.8200000000000056,0.053691882812499925,7.664,24.0,25.0,30.0,27.5,25.0,0.3334384390625,216,50,C_SF_1TE
2025,00-0029263,Russell Wilson,QB,6,55.84,-1.2200000000000006,0.05343687500000005,9.51,24.0,25.0,30.0,27.5,25.0,0.34177425651041665,217,51,C_SF_1TE
2025,00-0039874,Jaylen Wright,RB,9,45.7,4.100000000000003,0.053200343749999934,4.622222222222223,40.44444444444444,41.44444444444444,46.44444444444444,43.94444444444444,41.44444444444444,0.37437770746527776,218,62,C_SF_1TE
2025,00-0038951,Sean Tucker,RB,17,87.4,6.259999999999996,0.04598657031249992,4.772941176470589,38.411764705882355,39.411764705882355,44.411764705882355,41.911764705882355,39.411764705882355,0.3731257647058823,219,63,C_SF_1TE
2025,00-0040398,Brady Cook,QB,5,42.46,2.890000000000004,0.03962684374999975,7.914,24.0,25.0,30.0,27.5,25.0,0.3376214234375,220,52,C_SF_1TE
2025,00-0040162,Dylan Sampson,RB,15,71.10000000000001,-0.08999999999999675,0.03953260937499997,4.7459999999999996,37.86666666666667,38.86666666666667,43.86666666666667,41.36666666666667,38.86666666666667,0.3719274890625,221,64,C_SF_1TE
2025,00-0035243,Miles Sanders,RB,4,22.700000000000003,2.6000000000000005,0.03950765624999991,5.025,38.0,39.0,44.0,41.5,39.0,0.362892083984375,222,65,C_SF_1TE
2025,00-0039855,Jalen McMillan,WR,4,23.900000000000002,2.2999999999999994,0.02826279687500005,5.4,47.75,48.75,53.75,51.25,48.75,0.408419322265625,223,72,C_SF_1TE
2025,00-0033881,Evan Engram,TE,16,77.8,0.349999999999997,0.02765923437499984,4.840625,20.5625,21.5625,26.5625,24.0625,21.5625,0.4102173740234375,224,35,C_SF_1TE
2025,00-0037837,Calvin Austin III,WR,14,70.7,-2.8999999999999986,0.02618804687500015,5.257142857142857,49.0,50.0,55.0,52.5,50.0,0.3993486690848214,225,73,C_SF_1TE
2025,00-0033699,Austin Ekeler,RB,2,10.600000000000001,0.7499999999999991,0.019394578125000006,4.925000000000001,35.0,36.0,41.0,38.5,36.0,0.35375224609375,226,66,C_SF_1TE
2025,00-0034837,Calvin Ridley,WR,7,38.800000000000004,0.3000000000000007,0.01925392187499997,5.5,50.714285714285715,51.714285714285715,56.714285714285715,54.214285714285715,51.714285714285715,0.39900672879464283,227,74,C_SF_1TE
2025,00-0036423,Albert Okwuegbunam,TE,1,6.1,0.9999999999999991,0.014524445312499967,5.1000000000000005,23.0,24.0,29.0,26.5,24.0,0.3927654453125,228,36,C_SF_1TE
2025,00-0038647,Ronnie Bell,WR,2,9.3,-0.4500000000000002,0.0050242265625000115,4.875,47.0,48.0,53.0,50.5,48.0,0.40798460546875004,229,75,C_SF_1TE
2025,00-0037329,Brittain Brown,RB,2,9.7,-0.3000000000000007,0.004105382812499947,5.0,36.5,37.5,42.5,40.0,37.5,0.39488521093749995,230,67,C_SF_1TE
2025,00-0040466,Raheim Sanders,RB,4,18.8,-0.6500000000000012,-0.0017739140625000482,4.862500000000001,39.5,40.5,45.5,43.0,40.5,0.373945580078125,231,68,C_SF_1TE
2025,00-0040705,Chimere Dike,WR,17,92.10000000000001,2.749999999999999,-0.004592710937500022,5.255882352941177,49.411764705882355,50.411764705882355,55.411764705882355,52.911764705882355,50.411764705882355,0.40073457398897055,232,76,C_SF_1TE
2025,00-0040704,Dillon Gabriel,QB,10,74.08,-2.610000000000001,-0.004704781249999984,7.669,24.0,25.0,30.0,27.5,25.0,0.3298764109375,233,53,C_SF_1TE
2025,00-0038891,Shedrick Jackson,WR,3,13.9,-0.35000000000000053,-0.005773632812500096,4.75,46.666666666666664,47.666666666666664,52.666666666666664,50.166666666666664,47.666666666666664,0.4054205026041667,234,77,C_SF_1TE
2025,00-0033307,Kendrick Bourne,WR,14,73.60000000000001,-1.199999999999993,-0.00775499999999979,5.3428571428571425,49.5,50.5,55.5,53.0,50.5,0.40069900279017856,235,78,C_SF_1TE
2025,00-0037231,Kevin Austin Jr.,WR,5,26.5,-0.4500000000000002,-0.007897507812499982,5.390000000000001,48.2,49.2,54.2,51.7,49.2,0.4065123640625,236,79,C_SF_1TE
2025,00-0040406,Quentin Skinner,WR,1,3.5,-1.3000000000000007,-0.01917697656250006,4.800000000000001,45.0,46.0,51.0,48.5,46.0,0.4034172890625,237,80,C_SF_1TE
2025,00-0038618,Xavier Hutchinson,WR,16,80.5,-4.049999999999999,-0.019287539062499803,5.284375,49.5,50.5,55.5,53.0,50.5,0.4005459262695312,238,81,C_SF_1TE
2025,00-0036534,Shane Zylstra,TE,1,3.5,-1.9000000000000004,-0.023970843750000026,5.4,16.0,17.0,22.0,19.5,17.0,0.4083801953125,239,37,C_SF_1TE
2025,00-0039880,Malik Washington,WR,17,87.7,-1.8499999999999979,-0.023974374999999715,5.267647058823529,49.35294117647059,50.35294117647059,55.35294117647059,52.85294117647059,50.35294117647059,0.40096524632352937,240,82,C_SF_1TE
2025,00-0038728,Jared Wayne,WR,1,3.0,-1.9000000000000004,-0.02540842968750001,4.9,52.0,53.0,58.0,55.5,53.0,0.408612890625,241,83,C_SF_1TE
2025,00-0040317,Jacoby Jones,WR,1,3.0,-2.0,-0.02591940625,5.0,49.0,50.0,55.0,52.5,50.0,0.42276321093749997,242,84,C_SF_1TE
2025,00-0039355,Luke McCaffrey,WR,9,45.800000000000004,-2.4999999999999982,-0.029974179687499936,5.366666666666666,51.111111111111114,52.111111111111114,57.111111111111114,54.611111111111114,52.111111111111114,0.3983186927083333,243,85,C_SF_1TE
2025,00-0038621,DeMario Douglas,WR,16,80.3,-3.1499999999999986,-0.030685609375000034,5.215625,49.875,50.875,55.875,53.375,50.875,0.4016507651367187,244,86,C_SF_1TE
2025,00-0040237,Tez Johnson,WR,15,78.4,0.049999999999998934,-0.03141017968749993,5.223333333333334,48.8,49.8,54.8,52.3,49.8,0.4020427390625,245,87,C_SF_1TE
2025,00-0036755,Jaret Patterson,RB,6,24.2,-4.3500000000000005,-0.03153172656250003,4.758333333333334,38.0,39.0,44.0,41.5,39.0,0.3761296471354167,246,69,C_SF_1TE
2025,00-0038394,Will Mallory,TE,1,2.1,-2.5000000000000004,-0.03185011718750003,4.6000000000000005,23.0,24.0,29.0,26.5,24.0,0.421798328125,247,38,C_SF_1TE
2025,00-0040669,Isaac TeSlaa,WR,14,67.9,-5.500000000000002,-0.03239130468750018,5.242857142857143,49.57142857142857,50.57142857142857,55.57142857142857,53.07142857142857,50.57142857142857,0.4013571958705357,248,88,C_SF_1TE
2025,00-0038579,Aidan O'Connell,QB,1,4.78,-2.419999999999999,-0.03291264062499999,7.199999999999999,24.0,25.0,30.0,27.5,25.0,0.3342440546875,249,54,C_SF_1TE
2025,00-0040244,Moliki Matavao,TE,1,2.0,-2.6000000000000005,-0.0330800859375,4.6000000000000005,23.0,24.0,29.0,26.5,24.0,0.421798328125,250,39,C_SF_1TE
2025,00-0040388,Jakobie Keeney-James,WR,1,2.5,-2.3000000000000007,-0.033733523437500024,4.800000000000001,45.0,46.0,51.0,48.5,46.0,0.4034172890625,251,89,C_SF_1TE
2025,00-0038393,Dontayvion Wicks,WR,13,60.800000000000004,-8.549999999999999,-0.03792450781249984,5.334615384615384,49.38461538461539,50.38461538461539,55.38461538461539,52.88461538461539,50.38461538461539,0.4007814819711539,252,90,C_SF_1TE
2025,00-0040039,Amar Johnson,RB,1,0.8,-3.25,-0.041197171874999994,4.05,42.0,43.0,48.0,45.5,43.0,0.369729546875,253,70,C_SF_1TE
2025,00-0035644,Noah Fant,TE,13,57.800000000000004,-3.0000000000000018,-0.041881546875000286,4.676923076923077,20.923076923076923,21.923076923076923,26.923076923076923,24.423076923076923,21.923076923076923,0.4163017421875,254,40,C_SF_1TE
2025,00-0035264,Jarrett Stidham,QB,1,-0.1,-3.69,-0.04215144531250001,3.59,24.0,25.0,30.0,27.5,25.0,0.28789428125,255,55,C_SF_1TE
2025,00-0040586,Jaydon Blue,RB,5,19.900000000000002,-4.39,-0.043065406250000104,4.858,35.4,36.4,41.4,38.9,36.4,0.376783921875,256,71,C_SF_1TE
2025,00-0038619,Andrei Iosivas,WR,15,73.4,-5.349999999999998,-0.04371965624999996,5.25,49.266666666666666,50.266666666666666,55.266666666666666,52.766666666666666,50.266666666666666,0.40200237239583336,257,91,C_SF_1TE
2025,00-0036679,Shane Buechele,QB,1,3.92,-3.2799999999999994,-0.0442692421875,7.199999999999999,24.0,25.0,30.0,27.5,25.0,0.3342440546875,258,56,C_SF_1TE
2025,00-0038498,E.J. Jenkins,TE,1,0.0,-4.050000000000001,-0.04657516406250001,4.050000000000001,24.0,25.0,30.0,27.5,25.0,0.40104315625,259,41,C_SF_1TE
2025,00-0040225,Thomas Fidone II,TE,1,0.0,-4.050000000000001,-0.04657516406250001,4.050000000000001,24.0,25.0,30.0,27.5,25.0,0.40104315625,260,42,C_SF_1TE
2025,00-0039266,Kendall Milton,RB,1,0.2,-3.8499999999999996,-0.04861788281249996,4.05,42.0,43.0,48.0,45.5,43.0,0.369729546875,261,72,C_SF_1TE
2025,00-0040067,Jacardia Wright,RB,1,2.0,-3.4000000000000004,-0.04941799218750004,5.4,38.0,39.0,44.0,41.5,39.0,0.386175171875,262,73,C_SF_1TE
2025,00-0036196,Gabe Davis,WR,6,24.900000000000002,-4.299999999999999,-0.05003427343749983,4.866666666666667,47.166666666666664,48.166666666666664,53.166666666666664,50.666666666666664,48.166666666666664,0.4016519075520833,263,92,C_SF_1TE
2025,00-0036567,Elijah Mitchell,RB,1,0.0,-4.05,-0.05105754687499997,4.05,42.0,43.0,48.0,45.5,43.0,0.369729546875,264,74,C_SF_1TE
2025,00-0037291,Jalen Nailor,WR,17,86.2,-3.0500000000000034,-0.052887664062499784,5.25,49.411764705882355,50.411764705882355,55.411764705882355,52.911764705882355,50.411764705882355,0.4008552072610294,265,93,C_SF_1TE
2025,00-0038551,Kendre Miller,RB,7,30.8,-4.390000000000001,-0.05330389062499996,5.027142857142857,35.857142857142854,36.857142857142854,41.857142857142854,39.357142857142854,36.857142857142854,0.36813940066964285,266,75,C_SF_1TE
2025,00-0038396,Eric Gray,RB,1,0.0,-4.35,-0.05531117187500001,4.35,38.0,39.0,44.0,41.5,39.0,0.39676282812499997,267,76,C_SF_1TE
2025,00-0039489,Hayden Rucci,TE,1,0.0,-4.2,-0.0554184921875,4.2,19.0,20.0,25.0,22.5,20.0,0.40018763281249997,268,43,C_SF_1TE
2025,00-0040628,Drake Dabney,TE,1,0.8,-3.8500000000000005,-0.0561134921875,4.65,22.0,23.0,28.0,25.5,23.0,0.41592871875000004,269,44,C_SF_1TE
2025,00-0034983,Hunter Renfrow,WR,6,28.400000000000002,-5.100000000000001,-0.0566631562499999,5.583333333333333,51.0,52.0,57.0,54.5,52.0,0.3950473151041667,270,94,C_SF_1TE
2025,00-0032434,Brandon Allen,QB,1,2.88,-4.319999999999999,-0.057642515625,7.199999999999999,24.0,25.0,30.0,27.5,25.0,0.3342440546875,271,57,C_SF_1TE
2025,00-0038911,Malik Cunningham,WR,1,0.1,-4.4,-0.0580294375,4.5,46.0,47.0,52.0,49.5,47.0,0.400292296875,272,95,C_SF_1TE
2025,00-0037098,Samori Toure,WR,1,0.8,-4.000000000000001,-0.05810831250000004,4.800000000000001,45.0,46.0,51.0,48.5,46.0,0.4034172890625,273,96,C_SF_1TE
2025,00-0036527,DJ Turner,WR,1,0.0,-4.5,-0.059268125000000005,4.5,46.0,47.0,52.0,49.5,47.0,0.400292296875,274,97,C_SF_1TE
2025,00-0035639,Parris Campbell,WR,1,0.0,-4.800000000000001,-0.05999560937499998,4.800000000000001,48.0,49.0,54.0,51.5,49.0,0.40375293749999996,275,98,C_SF_1TE
2025,00-0024243,Marcedes Lewis,TE,1,0.0,-4.75,-0.06160097656250002,4.75,21.0,22.0,27.0,24.5,22.0,0.424244703125,276,45,C_SF_1TE
2025,00-0034829,Mike Gesicki,TE,12,56.7,-2.5000000000000044,-0.06230159375000016,4.933333333333334,19.916666666666668,20.916666666666668,25.916666666666668,23.416666666666668,20.916666666666668,0.4112294537760417,277,46,C_SF_1TE
2025,00-0036463,Chris Blair,WR,1,0.0,-4.95,-0.06280217187499998,4.95,49.0,50.0,55.0,52.5,50.0,0.412551921875,278,99,C_SF_1TE
2025,00-0038658,Adrian Martinez,QB,1,-0.1,-5.68,-0.06355529687500003,5.58,24.0,25.0,30.0,27.5,25.0,0.2827800078125,279,58,C_SF_1TE
2025,00-0032385,Sterling Shepard,WR,13,62.5,-5.099999999999999,-0.06420322656249994,5.199999999999999,49.76923076923077,50.76923076923077,55.76923076923077,53.26923076923077,50.76923076923077,0.3991750925480769,280,100,C_SF_1TE
2025,00-0040476,Ulysses Bentley IV,RB,1,0.0,-4.15,-0.06643747656249999,4.15,36.0,37.0,42.0,39.5,37.0,0.352232484375,281,77,C_SF_1TE
2025,00-0040522,Xavier Restrepo,WR,2,5.6,-4.35,-0.06646600000000003,4.975,47.0,48.0,53.0,50.5,48.0,0.38544336328124995,282,101,C_SF_1TE
2025,00-0035500,Greg Dortch,WR,12,60.6,-2.4499999999999966,-0.06706594531249993,5.254166666666666,49.916666666666664,50.916666666666664,55.916666666666664,53.416666666666664,50.916666666666664,0.3979757486979167,283,102,C_SF_1TE
2025,00-0033526,Samaje Perine,RB,15,69.4,-4.790000000000002,-0.06784229687500021,4.946,37.8,38.8,43.8,41.3,38.8,0.37479291822916666,284,78,C_SF_1TE
2025,00-0038409,Lew Nichols III,RB,1,0.0,-5.15,-0.06824161718749999,5.15,33.0,34.0,39.0,36.5,34.0,0.40355685937499997,285,79,C_SF_1TE
2025,00-0039794,Braelon Allen,RB,4,14.3,-5.800000000000002,-0.06870157031250007,5.025,38.0,39.0,44.0,41.5,39.0,0.362892083984375,286,80,C_SF_1TE
2025,00-0038735,Princeton Fant,TE,1,0.0,-5.15,-0.06893774218750004,5.15,25.0,26.0,31.0,28.5,26.0,0.41240309375000006,287,47,C_SF_1TE
2025,00-0039710,Jeshaun Jones,WR,1,0.0,-4.800000000000001,-0.06936532031249998,4.800000000000001,45.0,46.0,51.0,48.5,46.0,0.4034172890625,288,103,C_SF_1TE
2025,00-0038705,Emari Demercado,RB,12,51.8,-5.540000000000001,-0.07032420312499982,4.778333333333333,38.416666666666664,39.416666666666664,44.416666666666664,41.916666666666664,39.416666666666664,0.3745692630208333,289,81,C_SF_1TE
2025,00-0038456,Travis Vokolek,TE,1,0.0,-5.1000000000000005,-0.07128988281249998,5.1000000000000005,23.0,24.0,29.0,26.5,24.0,0.3927654453125,290,48,C_SF_1TE
2025,00-0036950,Avery Williams,RB,1,0.0,-5.1899999999999995,-0.07204498437499995,5.1899999999999995,32.0,33.0,38.0,35.5,33.0,0.35544171874999997,291,82,C_SF_1TE
2025,00-0035311,Myles Gaskin,RB,1,0.6000000000000001,-4.75,-0.07417471874999992,5.35,42.0,43.0,48.0,45.5,43.0,0.36890540624999996,292,83,C_SF_1TE
2025,00-0037801,KaVontae Turpin,WR,15,71.5,-7.399999999999998,-0.07494044531249988,5.260000000000001,49.266666666666666,50.266666666666666,55.266666666666666,52.766666666666666,50.266666666666666,0.40055087135416667,293,104,C_SF_1TE
2025,00-0038558,Darnell Washington,TE,13,57.9,-5.2500000000000036,-0.07497576562500025,4.857692307692308,20.384615384615383,21.384615384615383,26.384615384615383,23.884615384615383,21.384615384615383,0.41475516346153846,294,49,C_SF_1TE
2025,00-0037563,Malik Davis,RB,10,39.6,-7.950000000000001,-0.07564379687500011,4.755,38.7,39.7,44.7,42.2,39.7,0.380159853125,295,84,C_SF_1TE
2025,00-0037380,Kaden Davis,WR,1,0.0,-5.35,-0.076325125,5.35,50.0,51.0,56.0,53.5,51.0,0.39888453125,296,105,C_SF_1TE
2025,00-0040629,Dalevon Campbell,WR,1,0.0,-5.35,-0.076325125,5.35,50.0,51.0,56.0,53.5,51.0,0.39888453125,297,106,C_SF_1TE
2025,00-0040547,Nate Carter,RB,2,4.000000000000001,-5.55,-0.07740049218750006,4.775,37.5,38.5,43.5,41.0,38.5,0.37332217187500005,298,85,C_SF_1TE
2025,00-0038678,Jordan Mims,RB,1,0.0,-5.700000000000001,-0.07854021875000006,5.700000000000001,34.0,35.0,40.0,37.5,35.0,0.3552720078125,299,86,C_SF_1TE
2025,00-0036893,Najee Harris,RB,3,10.100000000000001,-5.15,-0.07956422656250006,5.083333333333334,36.0,37.0,42.0,39.5,37.0,0.36455988802083333,300,87,C_SF_1TE
2025,00-0040172,Jordan Watkins,WR,2,3.6000000000000005,-6.1499999999999995,-0.08189546875000003,4.875,51.0,52.0,57.0,54.5,52.0,0.4019754296875,301,107,C_SF_1TE
2025,00-0037838,Isaiah Likely,TE,12,48.2,-8.100000000000001,-0.08205803906250042,4.691666666666667,21.083333333333332,22.083333333333332,27.083333333333332,24.583333333333332,22.083333333333332,0.41645339973958334,302,50,C_SF_1TE
2025,00-0036360,Clyde Edwards-Helaire,RB,2,3.2,-6.3,-0.0831461484374999,4.75,35.5,36.5,41.5,39.0,36.5,0.40015984374999997,303,88,C_SF_1TE
2025,00-0040737,Terrance Ferguson,TE,11,46.6,-5.250000000000003,-0.08638978906250033,4.713636363636364,21.545454545454547,22.545454545454547,27.545454545454547,25.045454545454547,22.545454545454547,0.4110077393465909,304,51,C_SF_1TE
2025,00-0037282,James Mitchell,TE,2,4.300000000000001,-6.25,-0.08699882031250006,5.275,21.5,22.5,27.5,25.0,22.5,0.40715188671875,305,52,C_SF_1TE
2025,00-0039884,Tahj Washington,WR,2,3.2,-6.450000000000001,-0.08709012500000002,4.825,47.5,48.5,53.5,51.0,48.5,0.39937762890625,306,108,C_SF_1TE
2025,00-0032688,Robbie Chosen,WR,3,7.8,-6.95,-0.0896634140625,4.916666666666667,49.666666666666664,50.666666666666664,55.666666666666664,53.166666666666664,50.666666666666664,0.41306679947916664,307,109,C_SF_1TE
2025,00-0039066,Michael Mayer,TE,13,56.300000000000004,-7.250000000000001,-0.09072140625000008,4.888461538461539,20.53846153846154,21.53846153846154,26.53846153846154,24.03846153846154,21.53846153846154,0.41424440084134617,308,53,C_SF_1TE
2025,00-0037004,Hunter Long,TE,7,26.5,-7.600000000000003,-0.09356728124999997,4.871428571428572,22.571428571428573,23.571428571428573,28.571428571428573,26.071428571428573,23.571428571428573,0.4109578716517857,309,54,C_SF_1TE
2025,00-0035208,Olamide Zaccheaus,WR,14,65.30000000000001,-8.349999999999998,-0.09402139843749985,5.260714285714286,49.42857142857143,50.42857142857143,55.42857142857143,52.92857142857143,50.42857142857143,0.39850623493303566,310,110,C_SF_1TE
2025,00-0036959,Michael Bandy,WR,4,13.0,-7.25,-0.094683359375,5.0625,49.25,50.25,55.25,52.75,50.25,0.40563043359375,311,111,C_SF_1TE
2025,00-0040277,Jahdae Walker,WR,6,23.7,-8.000000000000002,-0.095526,5.283333333333334,47.833333333333336,48.833333333333336,53.833333333333336,51.333333333333336,48.833333333333336,0.4033978216145833,312,112,C_SF_1TE
2025,00-0036497,Tim Jones,WR,2,2.0,-7.55,-0.09796244531250003,4.775,49.0,50.0,55.0,52.5,50.0,0.4005708359375,313,113,C_SF_1TE
2025,00-0038458,Owen Wright,RB,2,0.6000000000000001,-7.799999999999999,-0.09896438281249997,4.199999999999999,40.0,41.0,46.0,43.5,41.0,0.38324618749999995,314,89,C_SF_1TE
2025,00-0037015,Sal Cannella,TE,2,2.1,-7.15,-0.09927084375000006,4.625,22.5,23.5,28.5,26.0,23.5,0.4188635234375,315,55,C_SF_1TE
2025,00-0034613,Tanner Hudson,TE,10,38.3,-8.950000000000003,-0.10260596875000022,4.725,20.5,21.5,26.5,24.0,21.5,0.41303677890625,316,56,C_SF_1TE
2025,00-0037276,Ty Chandler,RB,3,7.300000000000001,-7.050000000000001,-0.10365358593750001,4.783333333333334,37.666666666666664,38.666666666666664,43.666666666666664,41.166666666666664,38.666666666666664,0.3725900729166667,317,90,C_SF_1TE
2025,00-0033891,Zay Jones,WR,6,24.3,-6.5,-0.11018621093749986,5.133333333333334,50.333333333333336,51.333333333333336,56.333333333333336,53.833333333333336,51.333333333333336,0.4005190078125,318,114,C_SF_1TE
2025,00-0038809,Ben Sims,TE,3,4.5,-8.3,-0.11086917968750004,4.266666666666667,21.666666666666668,22.666666666666668,27.666666666666668,25.166666666666668,22.666666666666668,0.4157873229166667,319,57,C_SF_1TE
2025,00-0039792,Devontez Walker,WR,8,34.6,-9.7,-0.1110919765624998,5.5375000000000005,49.125,50.125,55.125,52.625,50.125,0.395768408203125,320,115,C_SF_1TE
2025,00-0037277,Teagan Quitoriano,TE,2,0.0,-8.8,-0.11154964062500011,4.4,22.0,23.0,28.0,25.5,23.0,0.4331986484375,321,58,C_SF_1TE
2025,00-0040429,Josh Williams,RB,2,1.1,-8.24,-0.11246771875000006,4.67,34.5,35.5,40.5,38.0,35.5,0.3579554453125,322,91,C_SF_1TE
2025,00-0040363,Keleki Latu,TE,3,5.5,-8.850000000000001,-0.11320781250000012,4.783333333333334,20.666666666666668,21.666666666666668,26.666666666666668,24.166666666666668,21.666666666666668,0.42162512500000005,323,59,C_SF_1TE
2025,00-0037755,Jelani Woods,TE,2,0.9,-9.100000000000001,-0.11364750781250005,5.0,19.5,20.5,25.5,23.0,20.5,0.41508926171875005,324,60,C_SF_1TE
2025,00-0038794,Jaleel McLaughlin,RB,8,29.400000000000002,-9.049999999999999,-0.11445239062500001,4.80625,40.375,41.375,46.375,43.875,41.375,0.379044509765625,325,92,C_SF_1TE
2025,00-0036165,Isaiah Hodgins,WR,6,22.5,-7.950000000000002,-0.11569359374999993,5.075,47.833333333333336,48.833333333333336,53.833333333333336,51.333333333333336,48.833333333333336,0.40307454817708327,326,116,C_SF_1TE
2025,00-0037539,Lucas Krull,TE,2,2.5,-7.350000000000001,-0.11576423437500005,4.925000000000001,20.5,21.5,26.5,24.0,21.5,0.41200912890624997,327,61,C_SF_1TE
2025,00-0035249,Josh Oliver,TE,12,47.5,-9.900000000000006,-0.11580070312500024,4.783333333333334,20.416666666666668,21.416666666666668,26.416666666666668,23.916666666666668,21.416666666666668,0.4110600423177084,328,62,C_SF_1TE
2025,00-0039342,Xavier Legette,WR,15,71.80000000000001,-6.3,-0.11655976562499953,5.206666666666667,49.86666666666667,50.86666666666667,55.86666666666667,53.36666666666667,50.86666666666667,0.4018351807291667,329,117,C_SF_1TE
2025,00-0036754,Brock Wright,TE,8,29.8,-9.85,-0.11728691406250014,4.95625,20.625,21.625,26.625,24.125,21.625,0.4173191005859375,330,63,C_SF_1TE
2025,00-0035406,Lil'Jordan Humphrey,WR,7,28.099999999999998,-8.500000000000002,-0.11758892968750001,5.228571428571429,48.142857142857146,49.142857142857146,54.142857142857146,51.642857142857146,49.142857142857146,0.4019918816964285,331,118,C_SF_1TE
2025,00-0037524,Tay Martin,WR,2,3.3,-8.45,-0.11761371874999998,5.875,48.5,49.5,54.5,52.0,49.5,0.3960293359375,332,119,C_SF_1TE
2025,00-0040584,Gunnar Helm,TE,16,69.7,-7.850000000000001,-0.11785367187500029,4.846875000000001,20.4375,21.4375,26.4375,23.9375,21.4375,0.41153398486328124,333,64,C_SF_1TE
2025,00-0040134,Pat Bryant,WR,13,59.300000000000004,-8.950000000000003,-0.1191132265624999,5.25,49.15384615384615,50.15384615384615,55.15384615384615,52.65384615384615,50.15384615384615,0.4009674579326923,334,120,C_SF_1TE
2025,00-0040241,Dominic Lovett,WR,2,0.0,-9.5,-0.119759046875,4.75,48.0,49.0,54.0,51.5,49.0,0.4047783203125,335,121,C_SF_1TE
2025,00-0038454,Keaton Mitchell,RB,13,50.900000000000006,-10.089999999999998,-0.12000788281249986,4.691538461538462,38.61538461538461,39.61538461538461,44.61538461538461,42.11538461538461,39.61538461538461,0.3774534897836538,336,93,C_SF_1TE
2025,00-0037031,Nikola Kalinic,TE,2,0.0,-8.850000000000001,-0.12098804687500009,4.425000000000001,21.5,22.5,27.5,25.0,22.5,0.43026384375000004,337,65,C_SF_1TE
2025,00-0039631,Cam Grandy,TE,2,1.7000000000000002,-9.000000000000002,-0.12169446875,5.3500000000000005,18.0,19.0,24.0,21.5,19.0,0.4125102109375,338,66,C_SF_1TE
2025,00-0035956,Giovanni Ricci,TE,2,0.0,-10.05,-0.12400238281250003,5.025,20.5,21.5,26.5,24.0,21.5,0.39383209375,339,67,C_SF_1TE
2025,00-0038400,Tanner McKee,QB,4,15.760000000000002,-12.989999999999995,-0.12549600781250012,7.1875,24.0,25.0,30.0,27.5,25.0,0.32583555273437503,340,59,C_SF_1TE
2025,00-0039577,Kedon Slovis,QB,2,-0.08,-10.84,-0.12607653125,5.380000000000001,24.0,25.0,30.0,27.5,25.0,0.32895434375,341,60,C_SF_1TE
2025,00-0037324,Chris Oladokun,QB,3,11.200000000000001,-10.219999999999999,-0.1285270937500002,7.14,24.0,25.0,30.0,27.5,25.0,0.32996163281250007,342,61,C_SF_1TE
2025,00-0033943,Josh Reynolds,WR,5,17.6,-9.25,-0.12987732812499997,5.37,49.6,50.6,55.6,53.1,50.6,0.39800254687500003,343,122,C_SF_1TE
2025,00-0040646,Jalen Royals,WR,2,1.4,-9.5,-0.13104803125000009,5.45,44.5,45.5,50.5,48.0,45.5,0.39750210546875003,344,123,C_SF_1TE
2025,00-0033757,Robert Tonyan,TE,2,0.6,-9.95,-0.13144825781250002,5.275,18.5,19.5,24.5,22.0,19.5,0.42434332812500003,345,68,C_SF_1TE
2025,00-0034054,River Cracraft,WR,2,0.0,-9.75,-0.13216749218749996,4.875,47.0,48.0,53.0,50.5,48.0,0.40798460546875004,346,124,C_SF_1TE
2025,00-0039824,Jared Wiley,TE,2,0.9,-8.850000000000001,-0.13549702343749997,4.875,21.5,22.5,27.5,25.0,22.5,0.4156711796875,347,69,C_SF_1TE
2025,00-0038582,Clayton Tune,QB,2,3.98,-11.129999999999999,-0.1358861796875,7.555,24.0,25.0,30.0,27.5,25.0,0.33772256640625,348,62,C_SF_1TE
2025,00-0036569,Gary Brightwell,RB,2,0.0,-9.7,-0.13829808593749998,4.85,40.0,41.0,46.0,43.5,41.0,0.38283411718749993,349,94,C_SF_1TE
2025,00-0034867,Malik Turner,WR,2,0.0,-10.7,-0.13840755468749993,5.35,52.5,53.5,58.5,56.0,53.5,0.40555261718749996,350,125,C_SF_1TE
2025,00-0036328,Antonio Gibson,RB,5,16.2,-9.090000000000002,-0.138451453125,5.058,36.8,37.8,42.8,40.3,37.8,0.36140201093749996,351,95,C_SF_1TE
2025,00-0038740,Jalen Moreno-Cropper,WR,2,0.0,-10.450000000000001,-0.1400372499999999,5.2250000000000005,50.5,51.5,56.5,54.0,51.5,0.40211234374999993,352,126,C_SF_1TE
2025,00-0035140,Mecole Hardman,WR,2,0.0,-11.100000000000001,-0.1406429140624999,5.550000000000001,48.0,49.0,54.0,51.5,49.0,0.41582157421875,353,127,C_SF_1TE
2025,00-0038976,Marvin Mims Jr.,WR,15,70.5,-9.5,-0.14230993749999987,5.333333333333333,49.4,50.4,55.4,52.9,50.4,0.401017834375,354,128,C_SF_1TE
2025,00-0039890,Adonai Mitchell,WR,16,71.4,-13.149999999999995,-0.1432755156249999,5.284375,49.5,50.5,55.5,53.0,50.5,0.4005459262695312,355,129,C_SF_1TE
2025,00-0034955,Brett Rypien,QB,1,0.0,-10.770000000000001,-0.1449043984375,10.770000000000001,24.0,25.0,30.0,27.5,25.0,0.387131328125,356,63,C_SF_1TE
2025,00-0040352,Coleman Owen,WR,2,0.0,-11.850000000000001,-0.14679299218749992,5.925000000000001,48.5,49.5,54.5,52.0,49.5,0.40885403906249995,357,130,C_SF_1TE
2025,00-0038979,Cedric Tillman,WR,12,49.5,-13.550000000000002,-0.14793630468750002,5.254166666666667,48.583333333333336,49.583333333333336,54.583333333333336,52.083333333333336,49.583333333333336,0.39922119075520834,358,131,C_SF_1TE
2025,00-0040556,Corey Kiner,RB,4,8.3,-11.850000000000001,-0.15044107812500002,5.0375000000000005,40.5,41.5,46.5,44.0,41.5,0.38244084960937497,359,96,C_SF_1TE
2025,00-0037311,Ko Kieft,TE,2,0.0,-9.850000000000001,-0.1536210703125,4.925000000000001,20.5,21.5,26.5,24.0,21.5,0.41200912890624997,360,70,C_SF_1TE
2025,00-0036290,Cole Kmet,TE,16,63.7,-13.950000000000005,-0.15372955468750021,4.853125,20.5,21.5,26.5,24.0,21.5,0.41448525634765626,361,71,C_SF_1TE
2025,00-0035726,Jakob Johnson,RB,2,0.0,-11.100000000000001,-0.15580256250000007,5.550000000000001,36.0,37.0,42.0,39.5,37.0,0.37072358984375,362,97,C_SF_1TE
2025,00-0033591,Noah Brown,WR,4,10.8,-11.05,-0.15697542187499997,5.4625,51.75,52.75,57.75,55.25,52.75,0.396177046875,363,132,C_SF_1TE
2025,00-0039650,Bryce Oliver,WR,2,1.3,-10.3,-0.15759645312499998,5.800000000000001,55.5,56.5,61.5,59.0,56.5,0.38779387499999995,364,133,C_SF_1TE
2025,00-0034419,Braxton Berrios,WR,4,6.700000000000001,-12.799999999999999,-0.1589057031249999,4.875,50.5,51.5,56.5,54.0,51.5,0.40509701171875,365,134,C_SF_1TE
2025,00-0038416,Tyson Bagent,QB,2,2.58,-13.280000000000001,-0.1597603671875,7.930000000000001,24.0,25.0,30.0,27.5,25.0,0.29968793359375,366,64,C_SF_1TE
2025,00-0034775,Christian Kirk,WR,11,43.9,-12.600000000000001,-0.1652056874999998,5.136363636363637,48.18181818181818,49.18181818181818,54.18181818181818,51.68181818181818,49.18181818181818,0.4038065276988636,367,135,C_SF_1TE
2025,00-0040488,Carter Runyon,TE,3,0.8,-13.75,-0.17018774218750016,4.8500000000000005,19.0,20.0,25.0,22.5,20.0,0.41219055989583336,368,72,C_SF_1TE
2025,00-0039398,Joe Milton III,QB,4,14.32,-13.55,-0.17135514062500007,6.9675,24.0,25.0,30.0,27.5,25.0,0.330927357421875,369,65,C_SF_1TE
2025,00-0036309,Darnell Mooney,WR,15,66.3,-12.049999999999999,-0.17289178125,5.223333333333333,49.06666666666667,50.06666666666667,55.06666666666667,52.56666666666667,50.06666666666667,0.4020332755208333,370,136,C_SF_1TE
2025,00-0033282,Curtis Samuel,WR,6,17.6,-13.6,-0.17345216406249991,5.2,49.333333333333336,50.333333333333336,55.333333333333336,52.833333333333336,50.333333333333336,0.40409607421875,371,137,C_SF_1TE
2025,00-0039757,Terrell Jennings,RB,6,14.700000000000001,-13.2,-0.17410738281250016,4.6499999999999995,36.833333333333336,37.833333333333336,42.833333333333336,40.333333333333336,37.833333333333336,0.37937235546875003,372,98,C_SF_1TE
2025,00-0034681,Chase Edmonds,RB,3,0.0,-14.05,-0.1744425,4.683333333333334,39.333333333333336,40.333333333333336,45.333333333333336,42.833333333333336,40.333333333333336,0.37447929166666666,373,99,C_SF_1TE
2025,00-0039737,Tip Reiman,TE,3,3.3,-11.650000000000002,-0.17465971874999991,4.983333333333334,21.333333333333332,22.333333333333332,27.333333333333332,24.833333333333332,22.333333333333332,0.4055945677083333,374,73,C_SF_1TE
2025,00-0034386,Justin Watson,WR,3,4.5,-11.900000000000002,-0.17630078125000004,5.466666666666668,52.0,53.0,58.0,55.5,53.0,0.3930016796875,375,138,C_SF_1TE
2025,00-0039739,Roman Wilson,WR,9,32.6,-13.0,-0.17654328124999974,5.066666666666666,50.333333333333336,51.333333333333336,56.333333333333336,53.833333333333336,51.333333333333336,0.4010901145833333,376,139,C_SF_1TE
2025,00-0039394,Casey Washington,WR,5,12.400000000000002,-13.7,-0.1766739140625,5.220000000000001,49.4,50.4,55.4,52.9,50.4,0.399630775,377,140,C_SF_1TE
2025,00-0036984,Trey Sermon,RB,3,0.0,-13.7,-0.17905902343749996,4.566666666666666,38.666666666666664,39.666666666666664,44.666666666666664,42.166666666666664,39.666666666666664,0.3732514140625,378,100,C_SF_1TE
2025,00-0037340,Zaire Mitchell-Paden,TE,3,2.7,-13.0,-0.18213789843749995,5.233333333333333,19.333333333333332,20.333333333333332,25.333333333333332,22.833333333333332,20.333333333333332,0.4106069765625,379,74,C_SF_1TE
2025,00-0036414,Cam Akers,RB,4,7.180000000000001,-13.61,-0.18640206249999997,5.1975,36.75,37.75,42.75,40.25,37.75,0.37678865625,380,101,C_SF_1TE
2025,00-0035291,Trayveon Williams,RB,6,13.1,-14.8,-0.19068237499999996,4.65,40.5,41.5,46.5,44.0,41.5,0.37630027604166666,381,102,C_SF_1TE
2025,00-0039754,Devin Culp,TE,4,7.1,-13.400000000000002,-0.19117705468750007,5.125,21.0,22.0,27.0,24.5,22.0,0.406938662109375,382,75,C_SF_1TE
2025,00-0038115,Daniel Bellinger,TE,13,50.1,-13.150000000000004,-0.19372731250000008,4.865384615384616,20.23076923076923,21.23076923076923,26.23076923076923,23.73076923076923,21.23076923076923,0.41184219290865387,383,76,C_SF_1TE
2025,00-0038783,Nate Adkins,TE,6,13.8,-14.900000000000002,-0.19697128125000013,4.783333333333334,21.166666666666668,22.166666666666668,27.166666666666668,24.666666666666668,22.166666666666668,0.4081419296875,384,77,C_SF_1TE
2025,00-0033455,Anthony Firkser,TE,5,9.299999999999999,-14.0,-0.19977550781250014,4.66,20.4,21.4,26.4,23.9,21.4,0.41423116093750006,385,78,C_SF_1TE
2025,00-0031237,Teddy Bridgewater,QB,3,2.88,-17.229999999999997,-0.20058924218750002,6.703333333333333,24.0,25.0,30.0,27.5,25.0,0.3496595,386,66,C_SF_1TE
2025,00-0033955,Jeremy McNichols,RB,16,60.2,-16.04,-0.20139977343749998,4.765000000000001,38.375,39.375,44.375,41.875,39.375,0.3746662514648437,387,103,C_SF_1TE
2025,00-0040024,Darius Cooper,WR,6,13.700000000000003,-15.799999999999999,-0.20251053125000007,4.916666666666667,48.0,49.0,54.0,51.5,49.0,0.40828918880208337,388,141,C_SF_1TE
2025,00-0040431,Dalen Cambre,WR,3,0.0,-15.55,-0.20339853906249994,5.183333333333334,48.0,49.0,54.0,51.5,49.0,0.411669546875,389,142,C_SF_1TE
2025,00-0038590,Justin Shorter,TE,3,0.0,-14.5,-0.20577628125000003,4.833333333333333,22.0,23.0,28.0,25.5,23.0,0.41795105989583337,390,79,C_SF_1TE
2025,00-0037012,Trey Lance,QB,4,15.54,-16.119999999999997,-0.20612410156249994,7.914999999999999,24.0,25.0,30.0,27.5,25.0,0.33515997265624997,391,67,C_SF_1TE
2025,00-0032392,Austin Hooper,TE,13,48.800000000000004,-13.850000000000001,-0.20732282812500002,4.81923076923077,20.846153846153847,21.846153846153847,26.846153846153847,24.346153846153847,21.846153846153847,0.41645299879807696,392,80,C_SF_1TE
2025,00-0037614,John Metchie III,WR,13,55.400000000000006,-13.400000000000002,-0.207754875,5.292307692307692,48.69230769230769,49.69230769230769,54.69230769230769,52.19230769230769,49.69230769230769,0.39996018689903845,393,143,C_SF_1TE
2025,00-0036626,Dyami Brown,WR,11,39.7,-17.85,-0.20790432812499987,5.231818181818182,50.54545454545455,51.54545454545455,56.54545454545455,54.04545454545455,51.54545454545455,0.40231643323863636,394,144,C_SF_1TE
2025,00-0034928,Steven Sims,WR,3,0.0,-15.850000000000001,-0.20886883593749989,5.283333333333334,47.0,48.0,53.0,50.5,48.0,0.40828304947916666,395,145,C_SF_1TE
2025,00-0034577,Kyle Allen,QB,2,-0.30000000000000004,-17.46,-0.20942767187500005,8.58,24.0,25.0,30.0,27.5,25.0,0.3455621015625,396,68,C_SF_1TE
2025,00-0036427,Tyler Johnson,WR,9,31.7,-15.75,-0.2101597421874999,5.272222222222222,50.77777777777778,51.77777777777778,56.77777777777778,54.27777777777778,51.77777777777778,0.4027452395833333,397,146,C_SF_1TE
2025,00-0039359,Cade Stover,TE,6,13.9,-15.450000000000003,-0.21132242187499994,4.891666666666667,19.833333333333332,20.833333333333332,25.833333333333332,23.333333333333332,20.833333333333332,0.40959423567708336,398,81,C_SF_1TE
2025,00-0038555,Tank Bigsby,RB,15,52.3,-17.79,-0.21228647656249988,4.672666666666667,38.46666666666667,39.46666666666667,44.46666666666667,41.96666666666667,39.46666666666667,0.3745973723958333,399,104,C_SF_1TE
2025,00-0033858,Jonnu Smith,TE,17,66.2,-15.650000000000002,-0.21240467187500023,4.814705882352942,20.41176470588235,21.41176470588235,26.41176470588235,23.91176470588235,21.41176470588235,0.4136442196691177,400,82,C_SF_1TE
2025,00-0035298,Scott Miller,WR,5,10.7,-16.3,-0.2131265390625,5.4,47.4,48.4,53.4,50.9,48.4,0.4054139109375,401,147,C_SF_1TE
2025,00-0033589,David Moore,WR,3,2.2,-14.5,-0.21552067187500007,5.566666666666666,48.333333333333336,49.333333333333336,54.333333333333336,51.833333333333336,49.333333333333336,0.39134636458333333,402,148,C_SF_1TE
2025,00-0038589,Josh Whyle,TE,6,12.1,-15.100000000000001,-0.21609179687500019,4.533333333333334,20.666666666666668,21.666666666666668,26.666666666666668,24.166666666666668,21.666666666666668,0.42242048437500007,403,83,C_SF_1TE
2025,00-0037742,Treylon Burks,WR,8,24.0,-17.1,-0.21676405468749993,5.1375,47.5,48.5,53.5,51.0,48.5,0.4005144638671875,404,149,C_SF_1TE
2025,00-0039798,Isaiah Davis,RB,16,60.7,-15.39,-0.21860692187500008,4.755625,38.25,39.25,44.25,41.75,39.25,0.371568439453125,405,105,C_SF_1TE
2025,00-0034270,Tyler Conklin,TE,6,13.8,-16.000000000000004,-0.21940653125000015,4.966666666666668,21.166666666666668,22.166666666666668,27.166666666666668,24.666666666666668,22.166666666666668,0.4130825755208334,406,84,C_SF_1TE
2025,00-0034073,Ross Dwelley,TE,4,1.7000000000000002,-15.900000000000002,-0.21955163281250006,4.4,20.75,21.75,26.75,24.25,21.75,0.42347305859375,407,85,C_SF_1TE
2025,00-0036849,Tutu Atwell,WR,8,28.2,-16.0,-0.22267785937500012,5.525,50.25,51.25,56.25,53.75,51.25,0.3989160380859375,408,150,C_SF_1TE
2025,00-0040179,DJ Giddens,RB,5,9.600000000000001,-15.89,-0.22486704687500003,5.098000000000001,36.2,37.2,42.2,39.7,37.2,0.3694328703125,409,106,C_SF_1TE
2025,00-0038839,Mitchell Tinsley,WR,8,27.6,-16.85,-0.22632065624999997,5.55625,49.375,50.375,55.375,52.875,50.375,0.3958030419921875,410,151,C_SF_1TE
2025,00-0038492,Jason Brownlee,WR,3,0.0,-15.700000000000001,-0.22695323437499987,5.233333333333333,50.666666666666664,51.666666666666664,56.666666666666664,54.166666666666664,51.666666666666664,0.39593077604166665,411,152,C_SF_1TE
2025,00-0039164,Anthony Richardson,QB,2,1.66,-17.650000000000002,-0.23058770312500004,9.655000000000001,24.0,25.0,30.0,27.5,25.0,0.34914820703125005,412,69,C_SF_1TE
2025,00-0040205,Kalel Mullings,RB,4,0.7000000000000001,-18.75,-0.23334270312499994,4.8625,39.75,40.75,45.75,43.25,40.75,0.38212081445312496,413,107,C_SF_1TE
2025,00-0036906,Khalil Herbert,RB,5,6.1000000000000005,-18.34,-0.2372561171875,4.888,38.2,39.2,44.2,41.7,39.2,0.3778832296875,414,108,C_SF_1TE
2025,00-0039458,Brenden Bates,TE,5,6.800000000000001,-18.400000000000002,-0.23840674218750008,5.040000000000001,20.4,21.4,26.4,23.9,21.4,0.400947709375,415,86,C_SF_1TE
2025,00-0037654,Tucker Fisk,TE,4,2.9000000000000004,-17.75,-0.2438828984375001,5.1625000000000005,21.5,22.5,27.5,25.0,22.5,0.41870658789062504,416,87,C_SF_1TE
2025,00-0031345,Jimmy Garoppolo,QB,3,-1.0,-20.73,-0.2449051953125,6.576666666666667,24.0,25.0,30.0,27.5,25.0,0.3303744557291666,417,70,C_SF_1TE
2025,00-0037475,Stone Smartt,TE,6,8.7,-19.550000000000004,-0.24730553125000015,4.708333333333334,20.5,21.5,26.5,24.0,21.5,0.4091434713541667,418,88,C_SF_1TE
2025,00-0040432,Beaux Collins,WR,4,3.5,-18.450000000000003,-0.24798426562500003,5.487500000000001,54.25,55.25,60.25,57.75,55.25,0.40293455859375,419,153,C_SF_1TE
2025,00-0034367,Nyheim Hines,RB,4,-0.2,-19.3,-0.24844413281250005,4.775,36.25,37.25,42.25,39.75,37.25,0.38211947265625,420,109,C_SF_1TE
2025,00-0040649,Robbie Ouzts,RB,4,0.0,-18.75,-0.24857122656250008,4.6875,37.0,38.0,43.0,40.5,38.0,0.374840177734375,421,110,C_SF_1TE
2025,00-0038040,Zamir White,RB,5,7.6,-17.85,-0.2534546015625001,5.090000000000001,37.0,38.0,43.0,40.5,38.0,0.3718434796875,422,111,C_SF_1TE
2025,00-0040667,Matthew Golden,WR,14,55.5,-18.25,-0.25358244531249996,5.267857142857143,49.5,50.5,55.5,53.0,50.5,0.4029378058035714,423,154,C_SF_1TE
2025,00-0035876,Andre Baccellia,WR,4,1.8,-18.9,-0.25524119531249995,5.175,47.5,48.5,53.5,51.0,48.5,0.400222025390625,424,155,C_SF_1TE
2025,00-0039305,Jack Westover,TE,4,0.5,-19.15,-0.25676048437500015,4.9125,21.25,22.25,27.25,24.75,22.25,0.4199312109375,425,89,C_SF_1TE
2025,00-0036415,Van Jefferson,WR,14,55.5,-18.150000000000002,-0.2584694140624999,5.260714285714286,49.357142857142854,50.357142857142854,55.357142857142854,52.857142857142854,50.357142857142854,0.4017879341517857,426,156,C_SF_1TE
2025,00-0035628,D'Ernest Johnson,RB,5,2.5,-20.650000000000002,-0.26226857031250006,4.630000000000001,38.0,39.0,44.0,41.5,39.0,0.3763614296875,427,112,C_SF_1TE
2025,00-0037258,Dameon Pierce,RB,5,3.6,-18.64,-0.2627455156250001,4.448,37.0,38.0,43.0,40.5,38.0,0.3648990109375,428,113,C_SF_1TE
2025,00-0034487,Trent Sherfield,WR,4,3.6,-18.150000000000002,-0.2662783046875001,5.4375,52.5,53.5,58.5,56.0,53.5,0.39408794921875,429,157,C_SF_1TE
2025,00-0039356,Ja'Tavion Sanders,TE,12,39.5,-19.6,-0.2666613671875002,4.925,19.75,20.75,25.75,23.25,20.75,0.4115095514322917,430,90,C_SF_1TE
2025,00-0033376,Patrick Ricard,RB,5,1.6,-20.55,-0.2678621015625,4.430000000000001,40.0,41.0,46.0,43.5,41.0,0.375159825,431,114,C_SF_1TE
2025,00-0031484,Chris Manhertz,TE,4,1.2000000000000002,-19.6,-0.26801217968750013,5.2,19.5,20.5,25.5,23.0,20.5,0.41562186718750005,432,91,C_SF_1TE
2025,00-0035359,David Sills,WR,12,40.1,-20.75,-0.2684295234374997,5.070833333333334,48.333333333333336,49.333333333333336,54.333333333333336,51.833333333333336,49.333333333333336,0.4030215514322917,433,158,C_SF_1TE
2025,00-0027973,Andy Dalton,QB,4,11.52,-21.040000000000003,-0.2688967421875,8.14,24.0,25.0,30.0,27.5,25.0,0.3440055234375,434,71,C_SF_1TE
2025,00-0034771,Mason Rudolph,QB,5,19.0,-21.83,-0.2694131328124999,8.166,24.0,25.0,30.0,27.5,25.0,0.34221586718749997,435,72,C_SF_1TE
2025,00-0040194,Jackson Hawes,TE,13,44.7,-18.900000000000006,-0.26978494531249986,4.892307692307693,19.846153846153847,20.846153846153847,25.846153846153847,23.346153846153847,20.846153846153847,0.41207885396634614,436,92,C_SF_1TE
2025,00-0038640,Jalen Brooks,WR,5,6.6000000000000005,-20.200000000000003,-0.27154687499999985,5.36,48.2,49.2,54.2,51.7,49.2,0.40437788281250003,437,159,C_SF_1TE
2025,00-0032398,Chris Moore,WR,10,33.1,-19.849999999999998,-0.2726503984374998,5.295,49.1,50.1,55.1,52.6,50.1,0.40388960390625,438,160,C_SF_1TE
2025,00-0040058,Nick Kallerup,TE,4,0.0,-20.400000000000002,-0.27562869531250006,5.1000000000000005,19.25,20.25,25.25,22.75,20.25,0.4081681328125,439,93,C_SF_1TE
2025,00-0036133,James Proche,WR,6,9.5,-20.450000000000003,-0.27714054687500006,4.991666666666667,47.333333333333336,48.333333333333336,53.333333333333336,50.833333333333336,48.333333333333336,0.3993293958333333,440,161,C_SF_1TE
2025,00-0035704,Drew Lock,QB,3,0.09999999999999998,-22.160000000000004,-0.27786032812499994,7.420000000000001,24.0,25.0,30.0,27.5,25.0,0.3447127864583333,441,73,C_SF_1TE
2025,00-0038679,Tyrell Shavers,WR,11,38.0,-20.35,-0.28377153124999993,5.304545454545455,49.45454545454545,50.45454545454545,55.45454545454545,52.95454545454545,50.45454545454545,0.40294048082386363,442,162,C_SF_1TE
2025,00-0039912,Ben Sinnott,TE,9,22.900000000000002,-21.0,-0.28501215625000015,4.877777777777778,19.22222222222222,20.22222222222222,25.22222222222222,22.72222222222222,20.22222222222222,0.4091543854166667,443,94,C_SF_1TE
2025,00-0033439,Pharaoh Brown,TE,5,1.1,-21.85,-0.2863787031250003,4.590000000000001,19.6,20.6,25.6,23.1,20.6,0.412635359375,444,95,C_SF_1TE
2025,00-0038440,Zavier Scott,RB,11,32.2,-22.590000000000003,-0.29294864062500003,4.9809090909090905,38.36363636363637,39.36363636363637,44.36363636363637,41.86363636363637,39.36363636363637,0.3769491931818182,445,115,C_SF_1TE
2025,00-0039074,Davis Allen,TE,15,50.8,-22.250000000000004,-0.2960632343750002,4.870000000000001,20.733333333333334,21.733333333333334,26.733333333333334,24.233333333333334,21.733333333333334,0.41170552604166666,446,96,C_SF_1TE
2025,00-0034981,Foster Moreau,TE,7,9.4,-22.3,-0.29632549218750004,4.528571428571429,20.428571428571427,21.428571428571427,26.428571428571427,23.928571428571427,21.428571428571427,0.41819955468750003,447,97,C_SF_1TE
2025,00-0034407,Ray-Ray McCloud,WR,6,10.4,-22.2,-0.29719003125000004,5.433333333333334,50.5,51.5,56.5,54.0,51.5,0.39453347916666665,448,163,C_SF_1TE
2025,00-0036988,Josh Palmer,WR,12,41.300000000000004,-23.3,-0.29960739843749984,5.383333333333334,49.583333333333336,50.583333333333336,55.583333333333336,53.083333333333336,50.583333333333336,0.40238388867187497,449,164,C_SF_1TE
2025,00-0034159,Will Dissly,TE,8,15.200000000000001,-21.950000000000003,-0.3003043203125002,4.643750000000001,20.625,21.625,26.625,24.125,21.625,0.412988869140625,450,98,C_SF_1TE
2025,00-0036980,Elijah Moore,WR,9,24.099999999999998,-22.700000000000003,-0.300414046875,5.199999999999999,50.22222222222222,51.22222222222222,56.22222222222222,53.72222222222222,51.22222222222222,0.39793877517361115,451,165,C_SF_1TE
2025,00-0039062,Jonathan Mingo,WR,5,3.0,-23.1,-0.3022327109374999,5.220000000000001,47.4,48.4,53.4,50.9,48.4,0.4067939171875,452,166,C_SF_1TE
2025,00-0038752,Jake Bobo,WR,5,3.0,-23.25,-0.3022847109374998,5.25,49.4,50.4,55.4,52.9,50.4,0.40342527031250003,453,167,C_SF_1TE
2025,00-0036176,Mason Kinsey,WR,6,5.800000000000001,-23.35,-0.3026302578124998,4.858333333333333,49.0,50.0,55.0,52.5,50.0,0.40776435807291667,454,168,C_SF_1TE
2025,00-0038953,Dylan Drummond,WR,6,7.7,-22.25,-0.3028173515624999,4.991666666666667,47.333333333333336,48.333333333333336,53.333333333333336,50.833333333333336,48.333333333333336,0.3993293958333333,455,169,C_SF_1TE
2025,00-0036332,Josiah Deguara,TE,7,9.6,-23.75,-0.3033695312500003,4.764285714285714,19.0,20.0,25.0,22.5,20.0,0.42032860602678573,456,99,C_SF_1TE
2025,00-0036232,Harrison Bryant,TE,5,1.7,-22.650000000000002,-0.30401052343750007,4.87,21.0,22.0,27.0,24.5,22.0,0.404242021875,457,100,C_SF_1TE
2025,00-0036425,DeeJay Dallas,RB,5,2.1,-23.090000000000003,-0.3057804687499998,5.038,37.8,38.8,43.8,41.3,38.8,0.37614522968749997,458,116,C_SF_1TE
2025,00-0036265,AJ Dillon,RB,6,7.6000000000000005,-22.04,-0.3105183749999999,4.94,37.0,38.0,43.0,40.5,38.0,0.3667687408854166,459,117,C_SF_1TE
2025,00-0036841,Austin Trammell,WR,6,6.1000000000000005,-22.9,-0.31186989843749985,4.833333333333333,47.833333333333336,48.833333333333336,53.833333333333336,51.333333333333336,48.833333333333336,0.39918065104166667,460,170,C_SF_1TE
2025,00-0036550,Rashod Bateman,WR,13,45.900000000000006,-23.049999999999997,-0.3135662031249998,5.303846153846154,49.46153846153846,50.46153846153846,55.46153846153846,52.96153846153846,50.46153846153846,0.39775131249999995,461,171,C_SF_1TE
2025,00-0037746,Brian Robinson,RB,17,58.50000000000001,-23.589999999999996,-0.3177225703124998,4.828823529411765,37.88235294117647,38.88235294117647,43.88235294117647,41.38235294117647,38.88235294117647,0.3743806897977941,462,118,C_SF_1TE
2025,00-0038397,Evan Hull,RB,6,5.9,-23.8,-0.31806714843749995,4.95,41.0,42.0,47.0,44.5,42.0,0.38014865625,463,119,C_SF_1TE
2025,00-0034272,Marquez Valdes-Scantling,WR,9,25.0,-23.25,-0.31956660156250005,5.361111111111111,49.77777777777778,50.77777777777778,55.77777777777778,53.27777777777778,50.77777777777778,0.4032332126736111,464,172,C_SF_1TE
2025,00-0036429,Charlie Woerner,TE,7,8.8,-24.950000000000003,-0.3206572812500001,4.821428571428571,20.428571428571427,21.428571428571427,26.428571428571427,23.928571428571427,21.428571428571427,0.41179591964285717,465,101,C_SF_1TE
2025,00-0038938,Jalin Hyatt,WR,6,6.0,-25.1,-0.3215500312499998,5.183333333333334,50.333333333333336,51.333333333333336,56.333333333333336,53.833333333333336,51.333333333333336,0.40696458203124997,466,173,C_SF_1TE
2025,00-0040563,Efton Chism III,WR,8,15.0,-24.6,-0.32317792968749987,4.95,48.25,49.25,54.25,51.75,49.25,0.40290812109374996,467,174,C_SF_1TE
2025,00-0035891,Cody White,WR,8,16.5,-23.85,-0.32446483593749986,5.04375,48.125,49.125,54.125,51.625,49.125,0.398441435546875,468,175,C_SF_1TE
2025,00-0037005,Tommy Tremble,TE,15,50.400000000000006,-24.050000000000004,-0.3261490312500003,4.963333333333334,20.533333333333335,21.533333333333335,26.533333333333335,24.033333333333335,21.533333333333335,0.4097492390625,469,102,C_SF_1TE
2025,00-0033357,Taysom Hill,TE,13,36.28,-24.420000000000005,-0.32783871875000026,4.6692307692307695,21.384615384615383,22.384615384615383,27.384615384615383,24.884615384615383,22.384615384615383,0.41055396033653846,470,103,C_SF_1TE
2025,00-0034860,Dante Pettis,WR,8,15.200000000000001,-25.55,-0.33032157812499996,5.09375,47.375,48.375,53.375,50.875,48.375,0.401332501953125,471,176,C_SF_1TE
2025,00-0034418,Cedrick Wilson Jr.,WR,6,6.9,-24.15,-0.33059782812499977,5.175,48.0,49.0,54.0,51.5,49.0,0.3996340768229167,472,177,C_SF_1TE
2025,00-0037013,Zach Wilson,QB,4,1.3800000000000001,-25.9,-0.33216097656250004,6.82,24.0,25.0,30.0,27.5,25.0,0.313124408203125,473,74,C_SF_1TE
2025,00-0036628,John Bates,TE,10,21.8,-25.6,-0.3326339375000002,4.74,20.9,21.9,26.9,24.4,21.9,0.40458673671875,474,104,C_SF_1TE
2025,00-0039623,Mason Tipton,WR,8,14.900000000000002,-26.15,-0.3340481249999999,5.1312500000000005,48.625,49.625,54.625,52.125,49.625,0.40148580175781245,475,178,C_SF_1TE
2025,00-0035567,Craig Reynolds,RB,5,0.4,-24.19,-0.33468999999999993,4.918,36.2,37.2,42.2,39.7,37.2,0.3605138953125,476,120,C_SF_1TE
2025,00-0035544,Tom Kennedy,WR,6,5.6,-25.950000000000003,-0.33580009374999986,5.258333333333334,47.0,48.0,53.0,50.5,48.0,0.4004956731770833,477,179,C_SF_1TE
2025,00-0031763,DeAndre Carter,WR,4,0.0,-23.05,-0.336156984375,5.7625,51.25,52.25,57.25,54.75,52.25,0.39151480078125,478,180,C_SF_1TE
2025,00-0037557,Ronnie Rivers,RB,6,4.6000000000000005,-25.1,-0.337137890625,4.95,41.0,42.0,47.0,44.5,42.0,0.38014865625,479,121,C_SF_1TE
2025,00-0033375,Tim Patrick,WR,13,44.2,-24.4,-0.3390843984374997,5.276923076923078,49.0,50.0,55.0,52.5,50.0,0.4012416243990385,480,181,C_SF_1TE
2025,00-0032775,Demarcus Robinson,WR,14,47.2,-25.4,-0.3396882421874997,5.185714285714286,48.642857142857146,49.642857142857146,54.642857142857146,52.142857142857146,49.642857142857146,0.40310906305803573,481,182,C_SF_1TE
2025,00-0037348,Tanner Conner,TE,8,13.600000000000001,-24.700000000000003,-0.33989521875,4.7875000000000005,22.125,23.125,28.125,25.625,23.125,0.409611591796875,482,105,C_SF_1TE
2025,00-0037745,Velus Jones Jr.,WR,5,3.2,-23.65,-0.3422376093749999,5.37,48.8,49.8,54.8,52.3,49.8,0.394960628125,483,183,C_SF_1TE
2025,00-0039875,Ray Davis,RB,17,53.10000000000001,-27.990000000000002,-0.3470630234375,4.7700000000000005,38.470588235294116,39.470588235294116,44.470588235294116,41.970588235294116,39.470588235294116,0.3740272766544117,484,122,C_SF_1TE
2025,00-0039521,Xavier Weaver,WR,7,10.200000000000001,-26.95,-0.3575457578125,5.307142857142857,47.857142857142854,48.857142857142854,53.857142857142854,51.357142857142854,48.857142857142854,0.40247174330357144,485,184,C_SF_1TE
2025,00-0037086,Grant Calcaterra,TE,9,18.1,-27.250000000000004,-0.3604497500000001,5.038888888888889,20.22222222222222,21.22222222222222,26.22222222222222,23.72222222222222,21.22222222222222,0.4131323732638889,486,106,C_SF_1TE
2025,00-0040131,Kyle Williams,WR,14,44.2,-28.45,-0.3623135390624998,5.189285714285715,48.357142857142854,49.357142857142854,54.357142857142854,51.857142857142854,49.357142857142854,0.40120674386160715,487,185,C_SF_1TE
2025,00-0033217,Mo Alie-Cox,TE,11,24.2,-27.050000000000004,-0.3640031484375003,4.659090909090909,21.09090909090909,22.09090909090909,27.09090909090909,24.59090909090909,22.09090909090909,0.41683251988636366,488,107,C_SF_1TE
2025,00-0038465,Malik Heath,WR,7,11.6,-26.45,-0.36512233593750004,5.435714285714285,50.42857142857143,51.42857142857143,56.42857142857143,53.92857142857143,51.42857142857143,0.39515433705357145,489,186,C_SF_1TE
2025,00-0033662,Cooper Rush,QB,4,9.719999999999999,-30.130000000000003,-0.3652755390625,9.9625,24.0,25.0,30.0,27.5,25.0,0.34005729687499997,490,75,C_SF_1TE
2025,00-0034365,Ian Thomas,TE,9,17.9,-26.1,-0.3653777656250002,4.888888888888889,20.666666666666668,21.666666666666668,26.666666666666668,24.166666666666668,21.666666666666668,0.41813892534722225,491,108,C_SF_1TE
2025,00-0039144,Luke Musgrave,TE,13,37.2,-26.05,-0.36550426562500027,4.865384615384615,19.846153846153847,20.846153846153847,25.846153846153847,23.346153846153847,20.846153846153847,0.41358010036057696,492,109,C_SF_1TE
2025,00-0040218,Jimmy Horn Jr.,WR,10,23.2,-28.150000000000002,-0.36587936718749997,5.135,49.5,50.5,55.5,53.0,50.5,0.40543685937499996,493,187,C_SF_1TE
2025,00-0034798,Durham Smythe,TE,7,4.5,-28.200000000000003,-0.3694692734375002,4.671428571428572,20.857142857142858,21.857142857142858,26.857142857142858,24.357142857142858,21.857142857142858,0.4139111741071429,494,110,C_SF_1TE
2025,00-0039021,Roschon Johnson,RB,6,1.7000000000000002,-28.2,-0.36974596093750006,4.983333333333333,37.5,38.5,43.5,41.0,38.5,0.37317185807291664,495,123,C_SF_1TE
2025,00-0038496,Xavier Gipson,WR,6,1.6,-27.8,-0.37037728124999997,4.8999999999999995,50.166666666666664,51.166666666666664,56.166666666666664,53.666666666666664,51.166666666666664,0.4055438671875,496,188,C_SF_1TE
2025,00-0036741,Jack Stoll,TE,9,13.6,-28.550000000000004,-0.37038457031250016,4.683333333333334,19.88888888888889,20.88888888888889,25.88888888888889,23.38888888888889,20.88888888888889,0.40836303559027776,497,111,C_SF_1TE
2025,00-0039379,Jamari Thrash,WR,8,15.7,-26.35,-0.37097216406249994,5.2562500000000005,51.75,52.75,57.75,55.25,52.75,0.400468380859375,498,189,C_SF_1TE
2025,00-0033949,Joshua Dobbs,QB,4,2.1,-31.209999999999997,-0.373608796875,8.3275,24.0,25.0,30.0,27.5,25.0,0.344110404296875,499,76,C_SF_1TE
2025,00-0038102,Kenny Pickett,QB,6,11.72,-32.56,-0.37387077343749997,7.379999999999999,24.0,25.0,30.0,27.5,25.0,0.3357729127604167,500,77,C_SF_1TE
2025,00-0037666,Jalen Tolbert,WR,12,37.3,-26.35,-0.37969634374999994,5.304166666666667,49.833333333333336,50.833333333333336,55.833333333333336,53.333333333333336,50.833333333333336,0.39977226171875,501,190,C_SF_1TE
2025,00-0037132,Britain Covey,WR,6,3.0,-28.55,-0.3801645624999999,5.258333333333334,47.0,48.0,53.0,50.5,48.0,0.4004956731770833,502,191,C_SF_1TE
2025,00-0032951,Laquon Treadwell,WR,6,0.0,-29.15,-0.38222620312499994,4.858333333333333,48.166666666666664,49.166666666666664,54.166666666666664,51.666666666666664,49.166666666666664,0.40002802213541666,503,192,C_SF_1TE
2025,00-0040509,Ben Yurosek,TE,6,2.4,-27.5,-0.382643859375,4.983333333333333,20.166666666666668,21.166666666666668,26.166666666666668,23.666666666666668,21.166666666666668,0.414035859375,504,112,C_SF_1TE
2025,00-0039603,British Brooks,RB,8,7.800000000000001,-30.240000000000002,-0.3876753203125002,4.755,38.5,39.5,44.5,42.0,39.5,0.38259029296875,505,124,C_SF_1TE
2025,00-0034521,Allen Lazard,WR,9,18.0,-29.25,-0.38842333593749995,5.25,49.0,50.0,55.0,52.5,50.0,0.39891074913194446,506,193,C_SF_1TE
2025,00-0036422,Adam Trautman,TE,13,35.5,-28.6,-0.3899472500000002,4.930769230769231,20.0,21.0,26.0,23.5,21.0,0.4132572043269231,507,113,C_SF_1TE
2025,00-0035289,Gardner Minshew,QB,4,1.6799999999999997,-34.48,-0.39608236718750006,9.04,24.0,25.0,30.0,27.5,25.0,0.34555008984375,508,78,C_SF_1TE
2025,00-0040673,Jalen Milroe,QB,3,-1.6,-30.900000000000002,-0.40216457812500006,9.766666666666667,24.0,25.0,30.0,27.5,25.0,0.3323992005208333,509,79,C_SF_1TE
2025,00-0033319,Nick Mullens,QB,4,-0.040000000000000036,-33.0,-0.40549552343749995,8.239999999999998,24.0,25.0,30.0,27.5,25.0,0.336624873046875,510,80,C_SF_1TE
2025,00-0037267,Jerome Ford,RB,13,30.6,-30.39,-0.40558511718749984,4.691538461538462,37.76923076923077,38.76923076923077,43.76923076923077,41.26923076923077,38.76923076923077,0.3702595847355769,511,125,C_SF_1TE
2025,00-0030564,DeAndre Hopkins,WR,17,56.0,-33.0,-0.4057979374999996,5.235294117647059,49.1764705882353,50.1764705882353,55.1764705882353,52.6764705882353,50.1764705882353,0.40045046920955885,512,194,C_SF_1TE
2025,00-0040198,Ollie Gordon II,RB,17,50.6,-31.34,-0.40593832812499986,4.82,38.11764705882353,39.11764705882353,44.11764705882353,41.61764705882353,39.11764705882353,0.37352541360294117,513,126,C_SF_1TE
2025,00-0038046,Charlie Kolar,TE,13,31.2,-31.200000000000003,-0.4065837812500003,4.800000000000001,20.692307692307693,21.692307692307693,26.692307692307693,24.192307692307693,21.692307692307693,0.41261678185096157,514,114,C_SF_1TE
2025,00-0040187,Mitchell Evans,TE,14,38.7,-30.800000000000004,-0.40988103906250023,4.964285714285714,20.357142857142858,21.357142857142858,26.357142857142858,23.857142857142858,21.357142857142858,0.4139366785714286,515,115,C_SF_1TE
2025,00-0040590,Konata Mumpfield,WR,10,20.2,-30.400000000000002,-0.41102517968749996,5.0600000000000005,47.9,48.9,53.9,51.4,48.9,0.40250464375000006,516,195,C_SF_1TE
2025,00-0040727,Tre Harris,WR,16,54.4,-29.5,-0.4112664609375,5.24375,49.125,50.125,55.125,52.625,50.125,0.40099608984375,517,196,C_SF_1TE
2025,00-0032464,Kalif Raymond,WR,15,48.800000000000004,-30.400000000000002,-0.41280564843749995,5.28,49.666666666666664,50.666666666666664,55.666666666666664,53.166666666666664,50.666666666666664,0.40269212135416665,518,197,C_SF_1TE
2025,00-0037487,Deven Thompkins,WR,7,4.7,-31.650000000000002,-0.41313667187499986,5.192857142857143,47.142857142857146,48.142857142857146,53.142857142857146,50.642857142857146,48.142857142857146,0.4009609966517857,519,198,C_SF_1TE
2025,00-0031236,Brandin Cooks,WR,13,39.900000000000006,-30.65,-0.41479006249999983,5.426923076923076,50.07692307692308,51.07692307692308,56.07692307692308,53.57692307692308,51.07692307692308,0.3987794375,520,199,C_SF_1TE
2025,00-0038643,Brayden Willis,TE,6,0.0,-30.8,-0.42131417968750007,5.133333333333334,20.833333333333332,21.833333333333332,26.833333333333332,24.333333333333332,21.833333333333332,0.41541498828125006,521,116,C_SF_1TE
2025,00-0033857,JuJu Smith-Schuster,WR,17,57.0,-32.35,-0.4228195937500001,5.255882352941177,49.411764705882355,50.411764705882355,55.411764705882355,52.911764705882355,50.411764705882355,0.40073457398897055,522,200,C_SF_1TE
2025,00-0037805,Jeremy Ruckert,TE,14,35.400000000000006,-32.25,-0.42448675781250017,4.832142857142857,20.142857142857142,21.142857142857142,26.142857142857142,23.642857142857142,21.142857142857142,0.4096532979910714,523,117,C_SF_1TE
2025,00-0032104,Ameer Abdullah,RB,13,29.9,-32.24,-0.42762700000000003,4.78,37.84615384615385,38.84615384615385,43.84615384615385,41.34615384615385,38.84615384615385,0.3788766905048077,524,127,C_SF_1TE
2025,00-0038720,Julian Hill,TE,11,23.5,-30.350000000000005,-0.4298231093750001,4.895454545454546,21.272727272727273,22.272727272727273,27.272727272727273,24.772727272727273,22.272727272727273,0.41004153480113636,525,118,C_SF_1TE
2025,00-0031687,Raheem Mostert,RB,12,23.400000000000002,-33.29,-0.43345446093749956,4.724166666666666,38.666666666666664,39.666666666666664,44.666666666666664,42.166666666666664,39.666666666666664,0.3772506907552083,526,128,C_SF_1TE
2025,00-0040078,Brashard Smith,RB,17,50.8,-31.790000000000003,-0.44635143749999995,4.858235294117647,38.05882352941177,39.05882352941177,44.05882352941177,41.55882352941177,39.05882352941177,0.3757874204963235,527,129,C_SF_1TE
2025,00-0039299,George Holani,RB,10,13.8,-34.29,-0.45909003906249995,4.809,36.5,37.5,42.5,40.0,37.5,0.37085709218749996,528,130,C_SF_1TE
2025,00-0037306,John FitzPatrick,TE,11,19.2,-33.550000000000004,-0.4603204765625001,4.795454545454546,19.181818181818183,20.181818181818183,25.181818181818183,22.681818181818183,20.181818181818183,0.4101001583806818,529,119,C_SF_1TE
2025,00-0034854,KhaDarel Hodge,WR,8,4.6,-35.7,-0.4673745234374999,5.0375,50.0,51.0,56.0,53.5,51.0,0.4049124970703125,530,201,C_SF_1TE
2025,00-0035631,Drew Sample,TE,12,24.4,-34.35000000000001,-0.4674397109375002,4.895833333333334,20.666666666666668,21.666666666666668,26.666666666666668,24.166666666666668,21.666666666666668,0.41079668098958333,531,120,C_SF_1TE
2025,00-0039920,Malachi Corley,WR,12,26.1,-35.25,-0.4694772421874998,5.1125,48.75,49.75,54.75,52.25,49.75,0.40442844596354166,532,202,C_SF_1TE
2025,00-0040739,Elijah Arroyo,TE,13,29.4,-33.25,-0.4711472968750001,4.81923076923077,20.923076923076923,21.923076923076923,26.923076923076923,24.423076923076923,21.923076923076923,0.4163504957932692,533,121,C_SF_1TE
2025,00-0040782,Isaiah Bond,WR,15,45.7,-33.75,-0.47756260156249974,5.296666666666667,49.2,50.2,55.2,52.7,50.2,0.4004344203125,534,203,C_SF_1TE
2025,00-0040138,Jaylin Noel,WR,17,55.4,-33.85,-0.47970467968749997,5.25,49.411764705882355,50.411764705882355,55.411764705882355,52.911764705882355,50.411764705882355,0.4008552072610294,535,204,C_SF_1TE
2025,00-0036646,Simi Fehoko,WR,7,0.0,-36.5,-0.4802046640624999,5.214285714285714,49.285714285714285,50.285714285714285,55.285714285714285,52.785714285714285,50.285714285714285,0.40092447098214284,536,205,C_SF_1TE
2025,00-0038738,Hunter Luepke,RB,14,30.5,-37.190000000000005,-0.48911729687500005,4.835,37.92857142857143,38.92857142857143,43.92857142857143,41.42857142857143,38.92857142857143,0.37721950613839283,537,131,C_SF_1TE
2025,00-0037741,Jahan Dotson,WR,15,41.2,-37.2,-0.4945495937499997,5.2266666666666675,49.06666666666667,50.06666666666667,55.06666666666667,52.56666666666667,50.06666666666667,0.4002327911458333,538,206,C_SF_1TE
2025,00-0038824,Ryan Miller,WR,9,10.4,-36.05,-0.4950089374999999,5.161111111111111,49.888888888888886,50.888888888888886,55.888888888888886,53.388888888888886,50.888888888888886,0.3985247074652778,539,207,C_SF_1TE
2025,00-0040494,Max Brosmer,QB,7,12.22,-39.71,-0.50342003125,7.418571428571428,24.0,25.0,30.0,27.5,25.0,0.3271584017857143,540,81,C_SF_1TE
2025,00-0039363,Isaac Guerendo,RB,7,0.0,-36.14,-0.50518440625,5.162857142857143,35.285714285714285,36.285714285714285,41.285714285714285,38.785714285714285,36.285714285714285,0.3728306863839285,541,132,C_SF_1TE
2025,00-0037093,Dareke Young,WR,8,5.8,-38.550000000000004,-0.5060815390625,5.54375,50.375,51.375,56.375,53.875,51.375,0.40234769921874997,542,208,C_SF_1TE
2025,00-0035594,Travis Homer,RB,8,-0.2,-38.5,-0.5101619218750002,4.7875000000000005,38.125,39.125,44.125,41.625,39.125,0.3798316259765625,543,133,C_SF_1TE
2025,00-0039364,Sione Vaki,RB,8,0.4,-38.45,-0.5210423828125001,4.85625,38.875,39.875,44.875,42.375,39.875,0.381365072265625,544,134,C_SF_1TE
2025,00-0036637,Noah Gray,TE,14,28.3,-38.25,-0.5227325781250001,4.753571428571428,20.5,21.5,26.5,24.0,21.5,0.41617339508928575,545,122,C_SF_1TE
2025,00-0040142,Kaleb Johnson,RB,10,8.3,-38.400000000000006,-0.5258644453124998,4.67,38.7,39.7,44.7,42.2,39.7,0.37160649765625,546,135,C_SF_1TE
2025,00-0036842,Kene Nwangwu,RB,10,4.9,-40.75,-0.5302653749999999,4.565,38.6,39.6,44.6,42.1,39.6,0.37727722890625,547,136,C_SF_1TE
2025,00-0033576,Eric Saubert,TE,9,7.1,-38.650000000000006,-0.5326344375000001,5.083333333333333,19.88888888888889,20.88888888888889,25.88888888888889,23.38888888888889,20.88888888888889,0.4108085876736111,548,123,C_SF_1TE
2025,00-0036887,Luke Farrell,TE,13,24.0,-39.400000000000006,-0.5342424296875004,4.876923076923077,20.53846153846154,21.53846153846154,26.53846153846154,24.03846153846154,21.53846153846154,0.4149883942307693,549,124,C_SF_1TE
2025,00-0036590,Quintin Morris,TE,11,14.5,-39.95,-0.5345128203125002,4.95,19.545454545454547,20.545454545454547,25.545454545454547,23.045454545454547,20.545454545454547,0.4125348650568182,550,125,C_SF_1TE
2025,00-0032211,Tyler Lockett,WR,17,51.1,-38.050000000000004,-0.5346563437499998,5.2441176470588236,49.1764705882353,50.1764705882353,55.1764705882353,52.6764705882353,50.1764705882353,0.4005693276654412,551,209,C_SF_1TE
2025,00-0039050,Payne Durham,TE,8,1.6,-37.400000000000006,-0.5372214921875,4.875,20.25,21.25,26.25,23.75,21.25,0.4127143212890625,552,126,C_SF_1TE
2025,00-0040581,Dont'e Thornton Jr.,WR,11,18.5,-39.65,-0.5408728203124998,5.286363636363636,49.63636363636363,50.63636363636363,55.63636363636363,53.13636363636363,50.63636363636363,0.39725673437500003,553,210,C_SF_1TE
2025,00-0039041,Elijah Higgins,TE,17,43.1,-39.650000000000006,-0.5419060312500004,4.867647058823529,20.647058823529413,21.647058823529413,26.647058823529413,24.147058823529413,21.647058823529413,0.4132076204044118,554,127,C_SF_1TE
2025,00-0038710,Blake Whiteheart,TE,9,1.4,-40.550000000000004,-0.5533348046875002,4.661111111111111,21.77777777777778,22.77777777777778,27.77777777777778,25.27777777777778,22.77777777777778,0.4167976493055556,555,128,C_SF_1TE
2025,00-0040729,Jack Bech,WR,14,32.4,-40.95,-0.5550921249999996,5.239285714285714,48.42857142857143,49.42857142857143,54.42857142857143,51.92857142857143,49.42857142857143,0.40023030468750004,556,211,C_SF_1TE
2025,00-0039648,David Martin-Robinson,TE,11,11.0,-41.25000000000001,-0.5671616406250002,4.750000000000001,20.636363636363637,21.636363636363637,26.636363636363637,24.136363636363637,21.636363636363637,0.40991596093750005,557,129,C_SF_1TE
2025,00-0040184,KeAndre Lambert-Smith,WR,10,13.6,-41.0,-0.5689319218749997,5.46,49.7,50.7,55.7,53.2,50.7,0.40004146171875005,558,212,C_SF_1TE
2025,00-0040009,Savion Williams,WR,12,20.5,-42.449999999999996,-0.5703721953125,5.245833333333334,50.0,51.0,56.0,53.5,51.0,0.4019771341145833,559,213,C_SF_1TE
2025,00-0039451,Isaiah Williams,WR,15,35.7,-42.6,-0.5730397031250001,5.22,48.93333333333333,49.93333333333333,54.93333333333333,52.43333333333333,49.93333333333333,0.4025942734375,560,214,C_SF_1TE
2025,00-0033246,Johnny Mundt,TE,12,15.600000000000001,-41.800000000000004,-0.5741437187500003,4.783333333333334,21.833333333333332,22.833333333333332,27.833333333333332,25.333333333333332,22.833333333333332,0.417535345703125,561,130,C_SF_1TE
2025,00-0037292,Andrew Ogletree,TE,11,10.7,-41.550000000000004,-0.5746706406250002,4.75,20.181818181818183,21.181818181818183,26.181818181818183,23.681818181818183,21.181818181818183,0.4145121321022728,562,131,C_SF_1TE
2025,00-0030035,Adam Thielen,WR,14,30.1,-43.2,-0.5772851953125,5.235714285714286,49.42857142857143,50.42857142857143,55.42857142857143,52.92857142857143,50.42857142857143,0.4035517393973214,563,215,C_SF_1TE
2025,00-0037120,Tyler Goodson,RB,10,4.2,-43.75,-0.5895170625000001,4.795,39.7,40.7,45.7,43.2,40.7,0.3794335453125,564,137,C_SF_1TE
2025,00-0036630,Tylan Wallace,WR,11,12.5,-45.05,-0.5974746406249999,5.2318181818181815,50.09090909090909,51.09090909090909,56.09090909090909,53.59090909090909,51.09090909090909,0.40118548437499996,565,216,C_SF_1TE
2025,00-0038359,Xavier Smith,WR,16,39.300000000000004,-45.35,-0.5990645546874995,5.290625,49.1875,50.1875,55.1875,52.6875,50.1875,0.40048726855468747,566,217,C_SF_1TE
2025,00-0037091,Bo Melton,WR,13,22.200000000000003,-45.150000000000006,-0.6043557343749998,5.180769230769231,48.15384615384615,49.15384615384615,54.15384615384615,51.65384615384615,49.15384615384615,0.4022842175480769,567,218,C_SF_1TE
2025,00-0035021,Ashton Dulin,WR,12,17.5,-44.7,-0.6161644062499998,5.183333333333334,49.916666666666664,50.916666666666664,55.916666666666664,53.416666666666664,50.916666666666664,0.3998241614583333,568,219,C_SF_1TE
2025,00-0038488,Brady Russell,RB,10,0.0,-47.2,-0.617002125,4.720000000000001,37.9,38.9,43.9,41.4,38.9,0.37526721640625,569,138,C_SF_1TE
2025,00-0038564,Cameron Latu,TE,10,0.0,-45.900000000000006,-0.6185297187500003,4.590000000000001,21.2,22.2,27.2,24.7,22.2,0.41531959609375,570,132,C_SF_1TE
2025,00-0036825,Feleipe Franks,TE,10,0.4,-45.7,-0.6199966328125002,4.61,21.1,22.1,27.1,24.6,22.1,0.4187999546875,571,133,C_SF_1TE
2025,00-0039686,Colson Yankoff,TE,10,2.8,-45.35,-0.6204010625,4.815,20.9,21.9,26.9,24.4,21.9,0.40823647578125,572,134,C_SF_1TE
2025,00-0037617,Hassan Haskins,RB,11,8.0,-46.690000000000005,-0.631369921875,4.971818181818183,37.72727272727273,38.72727272727273,43.72727272727273,41.22727272727273,38.72727272727273,0.3729771612215909,573,139,C_SF_1TE
2025,00-0036187,Reggie Gilliam,RB,11,3.8,-49.39,-0.6603284687500002,4.835454545454545,37.90909090909091,38.90909090909091,43.90909090909091,41.40909090909091,38.90909090909091,0.3767374517045454,574,140,C_SF_1TE
2025,00-0033854,Dare Ogunbowale,RB,14,19.1,-48.79,-0.6658915625000001,4.849285714285714,38.0,39.0,44.0,41.5,39.0,0.37723343694196426,575,141,C_SF_1TE
2025,00-0039746,Will Shipley,RB,14,15.0,-50.99,-0.6705246015624999,4.713571428571428,38.5,39.5,44.5,42.0,39.5,0.37371151953125004,576,142,C_SF_1TE
2025,00-0038547,Luke Schoonmaker,TE,14,20.200000000000003,-47.45,-0.673759203125,4.832142857142857,20.857142857142858,21.857142857142858,26.857142857142858,24.357142857142858,21.857142857142858,0.4117071997767857,577,135,C_SF_1TE
2025,00-0040164,Jaylin Lane,WR,15,31.200000000000003,-48.6,-0.6784605703124997,5.319999999999999,49.666666666666664,50.666666666666664,55.666666666666664,53.166666666666664,50.666666666666664,0.40002933177083333,578,220,C_SF_1TE
2025,00-0036620,Dee Eskridge,WR,11,8.2,-50.35,-0.6837204999999997,5.322727272727273,50.81818181818182,51.81818181818182,56.81818181818182,54.31818181818182,51.81818181818182,0.40102560795454545,579,221,C_SF_1TE
2025,00-0037085,Tyler Badie,RB,16,25.900000000000002,-51.34,-0.6848000078125001,4.827500000000001,38.3125,39.3125,44.3125,41.8125,39.3125,0.37301233984375,580,143,C_SF_1TE
2025,00-0040208,Tahj Brooks,RB,12,5.9,-52.2,-0.6858643515625003,4.841666666666667,37.916666666666664,38.916666666666664,43.916666666666664,41.416666666666664,38.916666666666664,0.3751698606770833,581,144,C_SF_1TE
2025,00-0040534,Ke'Shawn Williams,WR,11,2.0,-53.1,-0.6952894843749997,5.009090909090909,48.54545454545455,49.54545454545455,54.54545454545455,52.04545454545455,49.54545454545455,0.4038763700284091,582,222,C_SF_1TE
2025,00-0038896,Jacob Saylors,RB,11,1.1,-52.24,-0.6956154921875001,4.84909090909091,37.81818181818182,38.81818181818182,43.81818181818182,41.31818181818182,38.81818181818182,0.37504778906249997,583,145,C_SF_1TE
2025,00-0036876,Kylen Granson,TE,12,7.5,-52.25000000000001,-0.7069671953125001,4.979166666666667,19.583333333333332,20.583333333333332,25.583333333333332,23.083333333333332,20.583333333333332,0.4105111555989584,584,136,C_SF_1TE
2025,00-0035645,Gunner Olszewski,WR,16,30.82,-52.980000000000004,-0.7075822421874998,5.2375,49.5,50.5,55.5,53.0,50.5,0.40057318896484373,585,223,C_SF_1TE
2025,00-0039751,Jordan Whittington,WR,15,27.3,-52.3,-0.7178814843749998,5.3066666666666675,49.2,50.2,55.2,52.7,50.2,0.4005691265625,586,224,C_SF_1TE
2025,00-0040259,Gage Larvadain,WR,13,10.9,-55.25,-0.7209072421874998,5.088461538461539,48.69230769230769,49.69230769230769,54.69230769230769,52.19230769230769,49.69230769230769,0.40437648377403845,587,225,C_SF_1TE
2025,00-0038685,Chris Brooks,RB,17,26.200000000000003,-54.900000000000006,-0.7260660078125001,4.7705882352941185,38.470588235294116,39.470588235294116,44.470588235294116,41.970588235294116,39.470588235294116,0.37595606709558826,588,146,C_SF_1TE
2025,00-0035602,Alex Bachman,WR,11,2.2,-53.900000000000006,-0.7311152968749997,5.1000000000000005,48.81818181818182,49.81818181818182,54.81818181818182,52.31818181818182,49.81818181818182,0.3995730326704546,589,226,C_SF_1TE
2025,00-0039796,Rasheen Ali,RB,15,19.7,-53.34,-0.73659175,4.8693333333333335,38.46666666666667,39.46666666666667,44.46666666666667,41.96666666666667,39.46666666666667,0.3735594776041667,590,147,C_SF_1TE
2025,00-0036182,Nick Westbrook-Ikhine,WR,13,14.4,-53.45,-0.7384086015625,5.2192307692307685,49.30769230769231,50.30769230769231,55.30769230769231,52.80769230769231,50.30769230769231,0.3978263359375,591,227,C_SF_1TE
2025,00-0033572,Jamal Agnew,WR,11,0.0,-55.1,-0.7404121328124998,5.009090909090909,48.54545454545455,49.54545454545455,54.54545454545455,52.04545454545455,49.54545454545455,0.3993852528409091,592,228,C_SF_1TE
2025,00-0038573,Derius Davis,WR,11,2.5,-53.7,-0.7444442812499998,5.109090909090909,49.81818181818182,50.81818181818182,55.81818181818182,53.31818181818182,50.81818181818182,0.39912159801136365,593,229,C_SF_1TE
2025,00-0040238,LeQuint Allen Jr.,RB,16,19.8,-57.29,-0.7690258046874998,4.818125,38.0,39.0,44.0,41.5,39.0,0.374261419921875,594,148,C_SF_1TE
2025,00-0038840,Brycen Tremayne,WR,15,23.0,-57.05,-0.7713710234374997,5.336666666666667,49.733333333333334,50.733333333333334,55.733333333333334,53.233333333333334,50.733333333333334,0.40056283489583333,595,230,C_SF_1TE
2025,00-0039816,Anthony Gould,WR,11,1.6,-56.300000000000004,-0.7808679062499998,5.263636363636364,50.0,51.0,56.0,53.5,51.0,0.3964281171875,596,231,C_SF_1TE
2025,00-0040582,Arian Smith,WR,13,10.0,-58.150000000000006,-0.7830292578124998,5.242307692307692,50.30769230769231,51.30769230769231,56.30769230769231,53.80769230769231,51.30769230769231,0.4030235853365385,597,232,C_SF_1TE
2025,00-0039530,Brevyn Spann-Ford,TE,16,19.5,-57.25000000000001,-0.7866421875,4.796875,20.5625,21.5625,26.5625,24.0625,21.5625,0.41118338427734374,598,137,C_SF_1TE
2025,00-0040154,Tai Felton,WR,12,4.0,-58.6,-0.8063913437499998,5.216666666666667,48.416666666666664,49.416666666666664,54.416666666666664,51.916666666666664,49.416666666666664,0.39889347981770834,599,233,C_SF_1TE
2025,00-0036862,Ben Skowronek,WR,16,14.9,-68.55,-0.8972004296875,5.215625,49.125,50.125,55.125,52.625,50.125,0.40032923681640625,600,234,C_SF_1TE
2025,00-0040644,Trevor Etienne,RB,17,12.200000000000001,-69.89,-0.9332190625,4.828823529411765,37.88235294117647,38.88235294117647,43.88235294117647,41.38235294117647,38.88235294117647,0.3743806897977941,601,149,C_SF_1TE
2025,00-0038519,Nikko Remigio,WR,14,3.7,-71.4,-0.9645218359374996,5.364285714285714,50.0,51.0,56.0,53.5,51.0,0.3997304464285714,602,235,C_SF_1TE
2025,00-0037594,Julius Chestnut,RB,16,4.0,-72.89,-0.969021578125,4.805625,38.3125,39.3125,44.3125,41.8125,39.3125,0.3770696337890625,603,150,C_SF_1TE
2025,00-0040075,LaJohntay Wester,WR,14,0.0,-72.55,-0.9780303828124997,5.182142857142857,49.642857142857146,50.642857142857146,55.642857142857146,53.142857142857146,50.642857142857146,0.4027466936383929,604,236,C_SF_1TE
2025,00-0038576,Charlie Jones,WR,14,0.0,-73.5,-0.9985141562499997,5.25,49.92857142857143,50.92857142857143,55.92857142857143,53.42857142857143,50.92857142857143,0.3991170435267857,605,237,C_SF_1TE
2025,00-0039589,Kameron Johnson,WR,17,15.7,-73.5,-1.0010958906249998,5.247058823529412,49.294117647058826,50.294117647058826,55.294117647058826,52.794117647058826,50.294117647058826,0.4013502054227941,606,238,C_SF_1TE
2025,00-0039407,Dylan Laube,RB,17,4.2,-77.94,-1.0414195,4.831764705882353,38.1764705882353,39.1764705882353,44.1764705882353,41.6764705882353,39.1764705882353,0.3756603345588235,607,151,C_SF_1TE
2025,00-0038090,Skyy Moore,WR,17,12.3,-77.25,-1.0531583671874998,5.267647058823529,49.529411764705884,50.529411764705884,55.529411764705884,53.029411764705884,50.529411764705884,0.40105877435661763,608,239,C_SF_1TE
2025,00-0040506,Myles Price,WR,16,0.0,-84.45,-1.1377854999999997,5.278125,49.6875,50.6875,55.6875,53.1875,50.6875,0.4006950771484375,609,240,C_SF_1TE
2025,00-0036331,Devin Duvernay,WR,17,3.6000000000000005,-84.8,-1.1402761874999996,5.2,49.11764705882353,50.11764705882353,55.11764705882353,52.61764705882353,50.11764705882353,0.4010482182904412,610,241,C_SF_1TE
2025,00-0037744,Trey McBride,TE,17,378.90000000000003,288.8,3.8132966249999996,5.3,29.11764705882353,30.11764705882353,35.11764705882353,32.61764705882353,30.11764705882353,0.3886983478860294,1,1,D_SF_2TE_TEP
2025,00-0033280,Christian McCaffrey,RB,17,365.6,269.61,3.6627970859375,5.646470588235295,34.35294117647059,35.35294117647059,40.35294117647059,37.85294117647059,35.35294117647059,0.3766967922794118,2,1,D_SF_2TE_TEP
2025,00-0034857,Josh Allen,QB,16,384.62,255.79,3.4567513984375,8.051875,24.0,25.0,30.0,27.5,25.0,0.33543628955078125,3,1,D_SF_2TE_TEP
2025,00-0038542,Bijan Robinson,RB,17,331.3,236.1,3.2407745546875004,5.6000000000000005,34.88235294117647,35.88235294117647,40.88235294117647,38.38235294117647,35.88235294117647,0.37828473621323533,4,2,D_SF_2TE_TEP
2025,00-0036223,Jonathan Taylor,RB,17,339.3,244.41000000000003,3.2397314453124997,5.581764705882353,34.529411764705884,35.529411764705884,40.529411764705884,38.029411764705884,35.529411764705884,0.37693760110294117,5,3,D_SF_2TE_TEP
2025,00-0039851,Drake Maye,QB,17,367.46000000000004,231.90000000000003,3.1136255390625003,7.974117647058824,24.0,25.0,30.0,27.5,25.0,0.3356466976102941,6,2,D_SF_2TE_TEP
2025,00-0026498,Matthew Stafford,QB,17,366.38,227.91000000000003,3.051103453125,8.145294117647058,24.0,25.0,30.0,27.5,25.0,0.338225703125,7,3,D_SF_2TE_TEP
2025,00-0039139,Jahmyr Gibbs,RB,17,328.40000000000003,233.36,3.0284692656249996,5.590588235294118,34.88235294117647,35.88235294117647,40.88235294117647,38.38235294117647,35.88235294117647,0.37816937408088236,8,4,D_SF_2TE_TEP
2025,00-0036971,Trevor Lawrence,QB,17,362.18,223.71,2.9479051015625,8.145294117647058,24.0,25.0,30.0,27.5,25.0,0.338225703125,9,4,D_SF_2TE_TEP
2025,00-0039075,Puka Nacua,WR,16,310.5,213.85,2.9249745000000003,6.040625,43.875,44.875,49.875,47.375,44.875,0.4023784370117187,10,1,D_SF_2TE_TEP
2025,00-0039040,De'Von Achane,RB,16,289.3,199.31,2.7503819765624997,5.624375000000001,34.875,35.875,40.875,38.375,35.875,0.3755961806640625,11,5,D_SF_2TE_TEP
2025,00-0039918,Caleb Williams,QB,17,331.68,198.16000000000003,2.689180640625,7.854117647058824,24.0,25.0,30.0,27.5,25.0,0.33677301608455884,12,5,D_SF_2TE_TEP
2025,00-0033873,Patrick Mahomes,QB,14,307.18,191.53,2.678111765625,8.260714285714286,24.0,25.0,30.0,27.5,25.0,0.3368414972098214,13,6,D_SF_2TE_TEP
2025,00-0033077,Dak Prescott,QB,17,333.78,196.70999999999998,2.6646403593750003,8.062941176470588,24.0,25.0,30.0,27.5,25.0,0.3364329319852941,14,7,D_SF_2TE_TEP
2025,00-0037248,James Cook,RB,17,285.70000000000005,190.66000000000003,2.6537064375,5.590588235294118,34.88235294117647,35.88235294117647,40.88235294117647,38.38235294117647,35.88235294117647,0.37624607123161763,15,6,D_SF_2TE_TEP
2025,00-0038543,Jaxon Smith-Njigba,WR,17,300.4,198.0,2.64119315625,6.023529411764706,44.0,45.0,50.0,47.5,45.0,0.4029148524816176,16,2,D_SF_2TE_TEP
2025,00-0036389,Jalen Hurts,QB,16,313.06,183.78,2.4862187812500003,8.08,24.0,25.0,30.0,27.5,25.0,0.338067328125,17,8,D_SF_2TE_TEP
2025,00-0036355,Justin Herbert,QB,16,312.88,183.79,2.4802647656250003,8.068125,24.0,25.0,30.0,27.5,25.0,0.33494086572265624,18,9,D_SF_2TE_TEP
2025,00-0039732,Bo Nix,QB,17,326.84000000000003,190.55,2.4795325546875,8.01705882352941,24.0,25.0,30.0,27.5,25.0,0.3353956488970588,19,10,D_SF_2TE_TEP
2025,00-0032764,Derrick Henry,RB,17,272.0,176.96,2.4325737734375,5.590588235294118,34.88235294117647,35.88235294117647,40.88235294117647,38.38235294117647,35.88235294117647,0.37624607123161763,20,7,D_SF_2TE_TEP
2025,00-0033106,Jared Goff,QB,17,313.06,174.59,2.3652382734375,8.145294117647058,24.0,25.0,30.0,27.5,25.0,0.338225703125,21,11,D_SF_2TE_TEP
2025,00-0036970,Kyle Pitts,TE,17,254.8,164.60000000000002,2.17399671875,5.305882352941176,28.941176470588236,29.941176470588236,34.94117647058823,32.44117647058823,29.941176470588236,0.3911500114889706,22,2,D_SF_2TE_TEP
2025,00-0036963,Amon-Ra St. Brown,WR,17,265.5,163.1,2.1661181015625,6.023529411764706,44.0,45.0,50.0,47.5,45.0,0.4029148524816176,23,3,D_SF_2TE_TEP
2025,00-0034855,Baker Mayfield,QB,17,293.92,157.44,2.1586119609375,8.028235294117646,24.0,25.0,30.0,27.5,25.0,0.3383382017463235,24,12,D_SF_2TE_TEP
2025,00-0037840,Kyren Williams,RB,17,245.3,150.26000000000002,2.0828381562500002,5.590588235294118,34.88235294117647,35.88235294117647,40.88235294117647,38.38235294117647,35.88235294117647,0.37816937408088236,25,8,D_SF_2TE_TEP
2025,00-0038597,Chase Brown,RB,17,248.10000000000002,152.06,2.0774996640625,5.649411764705882,34.529411764705884,35.529411764705884,40.529411764705884,38.029411764705884,35.529411764705884,0.37767994301470587,26,9,D_SF_2TE_TEP
2025,00-0036900,Ja'Marr Chase,WR,16,251.10000000000002,154.45000000000002,2.0677557109375004,6.040625,44.5625,45.5625,50.5625,48.0625,45.5625,0.4029116767578125,27,4,D_SF_2TE_TEP
2025,00-0035710,Daniel Jones,QB,13,242.44,141.76,1.9755299531250003,7.744615384615385,24.0,25.0,30.0,27.5,25.0,0.3285948984375,28,13,D_SF_2TE_TEP
2025,00-0037247,George Pickens,WR,17,245.4,143.55,1.9517914218749999,5.991176470588236,44.529411764705884,45.529411764705884,50.529411764705884,48.029411764705884,45.529411764705884,0.4028605528492647,29,5,D_SF_2TE_TEP
2025,00-0030506,Travis Kelce,TE,17,231.20000000000002,140.3,1.9517600234374999,5.347058823529412,28.941176470588236,29.941176470588236,34.94117647058823,32.44117647058823,29.941176470588236,0.3887283708639706,30,3,D_SF_2TE_TEP
2025,00-0038041,Jake Ferguson,TE,17,229.1,138.2,1.9370438359374997,5.347058823529412,28.941176470588236,29.941176470588236,34.94117647058823,32.44117647058823,29.941176470588236,0.3887283708639706,31,4,D_SF_2TE_TEP
2025,00-0036997,Javonte Williams,RB,16,225.3,134.66,1.9363852031250002,5.665,34.5625,35.5625,40.5625,38.0625,35.5625,0.377012232421875,32,10,D_SF_2TE_TEP
2025,00-0039338,Brock Bowers,TE,12,208.2,142.35,1.9244845781249997,5.4875,28.166666666666668,29.166666666666668,34.166666666666664,31.666666666666668,29.166666666666668,0.3913569752604167,33,5,D_SF_2TE_TEP
2025,00-0040128,Tyler Warren,TE,17,226.5,136.65,1.9229031328125001,5.285294117647059,29.0,30.0,35.0,32.5,30.0,0.3875260992647059,34,6,D_SF_2TE_TEP
2025,00-0036973,Travis Etienne,RB,17,235.9,140.86,1.9200294921875003,5.590588235294118,34.88235294117647,35.88235294117647,40.88235294117647,38.38235294117647,35.88235294117647,0.37816937408088236,35,11,D_SF_2TE_TEP
2025,00-0040663,Harold Fannin Jr.,TE,16,222.4,136.0,1.8625708046875,5.4,28.1875,29.1875,34.1875,31.6875,29.1875,0.3887465458984375,36,7,D_SF_2TE_TEP
2025,00-0035700,Josh Jacobs,RB,15,219.10000000000002,134.45000000000002,1.8431172421875002,5.6433333333333335,35.13333333333333,36.13333333333333,41.13333333333333,38.63333333333333,36.13333333333333,0.3768436125,37,12,D_SF_2TE_TEP
2025,00-0040691,Jaxson Dart,QB,14,251.58,140.09,1.8323498984375,7.963571428571428,24.0,25.0,30.0,27.5,25.0,0.334493234375,38,14,D_SF_2TE_TEP
2025,00-0033119,Jacoby Brissett,QB,14,243.44,137.9,1.8270643046874997,7.538571428571428,24.0,25.0,30.0,27.5,25.0,0.3352379497767857,39,15,D_SF_2TE_TEP
2025,00-0034351,Dallas Goedert,TE,15,215.1,135.9,1.8255739453124997,5.28,28.333333333333332,29.333333333333332,34.333333333333336,31.833333333333332,29.333333333333332,0.3873517083333333,40,8,D_SF_2TE_TEP
2025,00-0036040,Juwan Johnson,TE,17,218.4,128.55,1.8036539218749998,5.285294117647059,29.0,30.0,35.0,32.5,30.0,0.3875260992647059,41,9,D_SF_2TE_TEP
2025,00-0036264,Jordan Love,QB,15,247.14,128.73,1.77942084375,7.894,24.0,25.0,30.0,27.5,25.0,0.3360594885416666,42,16,D_SF_2TE_TEP
2025,00-0033288,George Kittle,TE,11,190.0,132.65,1.7788590156250002,5.213636363636364,29.181818181818183,30.181818181818183,35.18181818181818,32.68181818181818,30.181818181818183,0.3904299453125,43,10,D_SF_2TE_TEP
2025,00-0034796,Lamar Jackson,QB,13,228.85999999999999,121.72999999999999,1.7549196093750001,8.24076923076923,24.0,25.0,30.0,27.5,25.0,0.33886624819711536,44,17,D_SF_2TE_TEP
2025,00-0034844,Saquon Barkley,RB,16,213.8,124.91,1.73780015625,5.555625,35.125,36.125,41.125,38.625,36.125,0.3746558603515625,45,13,D_SF_2TE_TEP
2025,00-0034383,Dalton Schultz,TE,17,218.70000000000002,128.0,1.7141608125,5.335294117647059,28.647058823529413,29.647058823529413,34.64705882352941,32.14705882352941,29.647058823529413,0.3884795822610294,46,11,D_SF_2TE_TEP
2025,00-0040122,Ashton Jeanty,RB,17,217.6,122.56,1.7029816484374998,5.590588235294118,34.88235294117647,35.88235294117647,40.88235294117647,38.38235294117647,35.88235294117647,0.37816937408088236,47,14,D_SF_2TE_TEP
2025,00-0036275,D'Andre Swift,RB,16,211.6,122.64999999999999,1.6684893281250002,5.559375,35.3125,36.3125,41.3125,38.8125,36.3125,0.3766232734375,48,15,D_SF_2TE_TEP
2025,00-0034869,Sam Darnold,QB,17,263.42,124.95,1.6646663359375002,8.145294117647058,24.0,25.0,30.0,27.5,25.0,0.338225703125,49,18,D_SF_2TE_TEP
2025,00-0033090,Hunter Henry,TE,17,208.8,118.20000000000002,1.6381784296874997,5.329411764705882,29.176470588235293,30.176470588235293,35.1764705882353,32.6764705882353,30.176470588235293,0.3887247679227941,50,12,D_SF_2TE_TEP
2025,00-0037834,Brock Purdy,QB,9,197.38,120.46,1.6179633281249999,8.546666666666667,24.0,25.0,30.0,27.5,25.0,0.34376229253472224,51,19,D_SF_2TE_TEP
2025,00-0037239,Chris Olave,WR,16,220.0,124.1,1.60949259375,5.99375,44.8125,45.8125,50.8125,48.3125,45.8125,0.40151139306640626,52,6,D_SF_2TE_TEP
2025,00-0031381,Davante Adams,WR,14,192.9,108.75,1.5085175625000002,6.010714285714286,44.57142857142857,45.57142857142857,50.57142857142857,48.07142857142857,45.57142857142857,0.4013720987723214,53,7,D_SF_2TE_TEP
2025,00-0023459,Aaron Rodgers,QB,16,240.58,112.83000000000001,1.5036573984375,7.984375,24.0,25.0,30.0,27.5,25.0,0.33659099267578124,54,20,D_SF_2TE_TEP
2025,00-0037228,Jaylen Warren,RB,16,197.1,108.15,1.494300140625,5.559375,34.5,35.5,40.5,38.0,35.5,0.3793796943359375,55,16,D_SF_2TE_TEP
2025,00-0039150,Bryce Young,QB,16,240.04000000000002,108.07000000000001,1.480705171875,8.248125,24.0,25.0,30.0,27.5,25.0,0.33840121191406247,56,21,D_SF_2TE_TEP
2025,00-0039163,C.J. Stroud,QB,14,224.54,110.41,1.465370859375,8.152142857142858,24.0,25.0,30.0,27.5,25.0,0.33140103125,57,22,D_SF_2TE_TEP
2025,00-0038120,Breece Hall,RB,16,189.66,100.77,1.4432475781250003,5.555625,35.125,36.125,41.125,38.625,36.125,0.3746558603515625,58,17,D_SF_2TE_TEP
2025,00-0040126,Colston Loveland,TE,16,194.1,109.75,1.4347470390625001,5.271875,29.0625,30.0625,35.0625,32.5625,30.0625,0.39166798779296874,59,13,D_SF_2TE_TEP
2025,00-0039064,Zay Flowers,WR,17,200.3,98.75,1.3891302421875,5.973529411764707,44.35294117647059,45.35294117647059,50.35294117647059,47.85294117647059,45.35294117647059,0.4027526263786765,60,8,D_SF_2TE_TEP
2025,00-0036554,Nico Collins,WR,15,190.70000000000002,99.7,1.3628588828125006,6.066666666666666,44.4,45.4,50.4,47.9,45.4,0.4023593067708333,61,9,D_SF_2TE_TEP
2025,00-0036139,Rico Dowdle,RB,17,196.8,100.81,1.3287070937500003,5.646470588235295,34.35294117647059,35.35294117647059,40.35294117647059,37.85294117647059,35.35294117647059,0.3766967922794118,62,18,D_SF_2TE_TEP
2025,00-0037238,Drake London,WR,12,167.9,94.6,1.2652218750000004,6.108333333333333,43.833333333333336,44.833333333333336,49.833333333333336,47.333333333333336,44.833333333333336,0.40417645572916666,63,10,D_SF_2TE_TEP
2025,00-0040743,Tyler Shough,QB,11,169.96,92.08000000000001,1.2369327499999998,7.079999999999999,24.0,25.0,30.0,27.5,25.0,0.33394050142045456,64,23,D_SF_2TE_TEP
2025,00-0030565,Geno Smith,QB,15,207.9,88.28,1.2365508359375,7.974666666666667,24.0,25.0,30.0,27.5,25.0,0.3350770484375,65,24,D_SF_2TE_TEP
2025,00-0040734,TreVeyon Henderson,RB,17,188.70000000000002,92.71000000000001,1.2364917734375003,5.646470588235295,34.35294117647059,35.35294117647059,40.35294117647059,37.85294117647059,35.35294117647059,0.3766967922794118,66,19,D_SF_2TE_TEP
2025,00-0040730,RJ Harvey,RB,17,183.1,87.71,1.2319047812500001,5.611176470588235,34.8235294117647,35.8235294117647,40.8235294117647,38.3235294117647,35.8235294117647,0.37634718841911763,67,20,D_SF_2TE_TEP
2025,00-0036919,Kenny Gainwell,RB,17,184.8,89.6,1.2242909218750002,5.6000000000000005,34.88235294117647,35.88235294117647,40.88235294117647,38.38235294117647,35.88235294117647,0.37828473621323533,68,21,D_SF_2TE_TEP
2025,00-0035676,A.J. Brown,WR,15,181.3,90.85000000000001,1.2207130390625,6.03,44.2,45.2,50.2,47.7,45.2,0.4019530088541667,69,11,D_SF_2TE_TEP
2025,00-0036410,Tee Higgins,WR,15,182.1,92.9,1.217497578125,5.946666666666667,44.8,45.8,50.8,48.3,45.8,0.4040872072916667,70,12,D_SF_2TE_TEP
2025,00-0036358,CeeDee Lamb,WR,13,163.4,86.45,1.2112848984375002,5.9192307692307695,44.76923076923077,45.76923076923077,50.76923076923077,48.26923076923077,45.76923076923077,0.4041325222355769,71,13,D_SF_2TE_TEP
2025,00-0038996,Tucker Kraft,TE,8,133.2,89.3,1.2059956640625,5.4875,29.25,30.25,35.25,32.75,30.25,0.388939552734375,72,14,D_SF_2TE_TEP
2025,00-0030061,Zach Ertz,TE,13,151.4,81.6,1.1937441640625,5.369230769230769,28.46153846153846,29.46153846153846,34.46153846153846,31.96153846153846,29.46153846153846,0.38625719771634615,73,15,D_SF_2TE_TEP
2025,00-0037240,Jameson Williams,WR,17,187.4,85.0,1.17694453125,6.023529411764706,44.0,45.0,50.0,47.5,45.0,0.4029148524816176,74,14,D_SF_2TE_TEP
2025,00-0038933,Dalton Kincaid,TE,12,145.6,79.35000000000001,1.1664637265625,5.520833333333333,28.166666666666668,29.166666666666668,34.166666666666664,31.666666666666668,29.166666666666668,0.38637467838541667,75,16,D_SF_2TE_TEP
2025,00-0038134,Kenneth Walker III,RB,17,176.4,81.36,1.1552498124999997,5.590588235294118,34.88235294117647,35.88235294117647,40.88235294117647,38.38235294117647,35.88235294117647,0.37816937408088236,76,22,D_SF_2TE_TEP
2025,00-0039165,Zach Charbonnet,RB,16,171.4,82.41,1.149394890625,5.561875000000001,34.9375,35.9375,40.9375,38.4375,35.9375,0.37753940234375,77,23,D_SF_2TE_TEP
2025,00-0039793,AJ Barner,TE,17,173.3,83.2,1.1426544140624997,5.3,29.11764705882353,30.11764705882353,35.11764705882353,32.61764705882353,30.11764705882353,0.3886983478860294,78,17,D_SF_2TE_TEP
2025,00-0036875,Rhamondre Stevenson,RB,14,162.8,83.21000000000001,1.139822421875,5.6850000000000005,34.42857142857143,35.42857142857143,40.42857142857143,37.92857142857143,35.42857142857143,0.3751446529017857,79,24,D_SF_2TE_TEP
2025,00-0034348,Courtland Sutton,WR,17,182.70000000000002,80.6,1.1296273437500002,6.005882352941177,44.470588235294116,45.470588235294116,50.470588235294116,47.970588235294116,45.470588235294116,0.4033087987132353,80,15,D_SF_2TE_TEP
2025,00-0039065,Sam LaPorta,TE,9,126.9,78.45,1.1137122499999998,5.383333333333334,29.444444444444443,30.444444444444443,35.44444444444444,32.94444444444444,30.444444444444443,0.3844454513888889,81,18,D_SF_2TE_TEP
2025,00-0038935,Brenton Strange,TE,12,141.0,75.65,1.1075671093750001,5.445833333333333,28.5,29.5,34.5,32.0,29.5,0.38682400911458337,82,19,D_SF_2TE_TEP
2025,00-0040784,Quinshon Judkins,RB,14,156.8,78.51,1.0992470546875002,5.592142857142858,35.285714285714285,36.285714285714285,41.285714285714285,38.785714285714285,36.285714285714285,0.3761722667410714,83,25,D_SF_2TE_TEP
2025,00-0036945,Justin Fields,QB,9,144.66,71.9,1.0781795859374999,8.084444444444445,24.0,25.0,30.0,27.5,25.0,0.3312991059027778,84,25,D_SF_2TE_TEP
2025,00-0039067,Rashee Rice,WR,8,123.60000000000001,78.45,1.0762770703124998,5.643750000000001,45.125,46.125,51.125,48.625,46.125,0.4058377705078125,85,16,D_SF_2TE_TEP
2025,00-0036442,Joe Burrow,QB,8,144.46,77.00999999999999,1.063423359375,8.43125,24.0,25.0,30.0,27.5,25.0,0.3315196171875,86,26,D_SF_2TE_TEP
2025,00-0040124,Tetairoa McMillan,WR,17,178.4,75.9,1.0471852187500001,6.029411764705882,44.470588235294116,45.470588235294116,50.470588235294116,47.970588235294116,45.470588235294116,0.4033010919117647,87,17,D_SF_2TE_TEP
2025,00-0036244,Colby Parkinson,TE,14,151.3,78.4,1.0177611953124994,5.207142857142857,28.928571428571427,29.928571428571427,34.92857142857143,32.42857142857143,29.928571428571427,0.38686469810267854,88,20,D_SF_2TE_TEP
2025,00-0036212,Tua Tagovailoa,QB,14,190.7,75.83,1.0095250859375,8.205,24.0,25.0,30.0,27.5,25.0,0.33558193917410717,89,27,D_SF_2TE_TEP
2025,00-0038117,Wan'Dale Robinson,WR,16,171.9,75.15,1.0083391796874999,6.046875,44.8125,45.8125,50.8125,48.3125,45.8125,0.4028999208984375,90,18,D_SF_2TE_TEP
2025,00-0039361,Bucky Irving,RB,10,123.5,66.25,1.0051039921874998,5.7250000000000005,36.5,37.5,42.5,40.0,37.5,0.376038825,91,26,D_SF_2TE_TEP
2025,00-0038559,Michael Wilson,WR,17,181.6,79.2,1.0007448515625001,6.023529411764706,44.0,45.0,50.0,47.5,45.0,0.4029148524816176,92,19,D_SF_2TE_TEP
2025,00-0038544,Quentin Johnston,WR,13,145.7,66.0,0.9932702343750002,6.130769230769231,44.30769230769231,45.30769230769231,50.30769230769231,47.80769230769231,45.30769230769231,0.40136363161057687,93,20,D_SF_2TE_TEP
2025,00-0037664,Alec Pierce,WR,15,159.8,71.2,0.9911317109375,5.906666666666667,44.46666666666667,45.46666666666667,50.46666666666667,47.96666666666667,45.46666666666667,0.40274164635416665,94,21,D_SF_2TE_TEP
2025,00-0039923,J.J. McCarthy,QB,10,149.38,72.8,0.9862105859375001,7.6579999999999995,24.0,25.0,30.0,27.5,25.0,0.33278897265624996,95,28,D_SF_2TE_TEP
2025,00-0035261,Tony Pollard,RB,17,169.3,73.26,0.9778154296874999,5.649411764705882,34.529411764705884,35.529411764705884,40.529411764705884,38.029411764705884,35.529411764705884,0.37767994301470587,96,27,D_SF_2TE_TEP
2025,00-0040189,Oronde Gadsden II,TE,15,155.9,77.25000000000001,0.9718862499999997,5.243333333333334,29.0,30.0,35.0,32.5,30.0,0.3867609703125,97,21,D_SF_2TE_TEP
2025,00-0040666,Omarion Hampton,RB,9,119.7,68.06,0.9615033359374998,5.737777777777778,35.77777777777778,36.77777777777778,41.77777777777778,39.27777777777778,36.77777777777778,0.37355625,98,28,D_SF_2TE_TEP
2025,00-0038129,Cade Otton,TE,15,151.7,72.25000000000001,0.9470834140624997,5.296666666666667,28.533333333333335,29.533333333333335,34.53333333333333,32.03333333333333,29.533333333333335,0.39011663750000003,99,22,D_SF_2TE_TEP
2025,00-0040715,Cam Skattebo,RB,8,115.7,70.26,0.9465608906249999,5.68,33.25,34.25,39.25,36.75,34.25,0.3693198828125,100,29,D_SF_2TE_TEP
2025,00-0035640,DK Metcalf,WR,15,157.70000000000002,68.35,0.9418176953125005,5.956666666666667,44.53333333333333,45.53333333333333,50.53333333333333,48.03333333333333,45.53333333333333,0.4018633723958333,101,22,D_SF_2TE_TEP
2025,00-0040129,Emeka Egbuka,WR,17,164.2,63.1,0.9379376562499999,5.947058823529412,44.35294117647059,45.35294117647059,50.35294117647059,47.85294117647059,45.35294117647059,0.40280909512867646,102,23,D_SF_2TE_TEP
2025,00-0039847,Theo Johnson,TE,15,150.3,68.95,0.9217195312499997,5.423333333333333,28.733333333333334,29.733333333333334,34.733333333333334,32.233333333333334,29.733333333333334,0.38835638958333335,103,23,D_SF_2TE_TEP
2025,00-0036613,Jaylen Waddle,WR,16,162.12,65.77,0.9179704765625001,6.0218750000000005,44.8125,45.8125,50.8125,48.3125,45.8125,0.402908109375,104,24,D_SF_2TE_TEP
2025,00-0039910,Jayden Daniels,QB,7,120.28,64.5,0.885195265625,7.968571428571429,24.0,25.0,30.0,27.5,25.0,0.3201501060267857,105,29,D_SF_2TE_TEP
2025,00-0034753,Mark Andrews,TE,17,155.0,64.25,0.8844464062499999,5.338235294117647,28.764705882352942,29.764705882352942,34.76470588235294,32.26470588235294,29.764705882352942,0.3890202109375,106,24,D_SF_2TE_TEP
2025,00-0032268,Marcus Mariota,QB,10,139.5,61.57000000000001,0.8804750546874998,7.792999999999999,24.0,25.0,30.0,27.5,25.0,0.3443602515625,107,30,D_SF_2TE_TEP
2025,00-0031588,Stefon Diggs,WR,17,167.8,65.3,0.8756564609375002,6.029411764705882,44.470588235294116,45.470588235294116,50.470588235294116,47.970588235294116,45.470588235294116,0.4033010919117647,108,25,D_SF_2TE_TEP
2025,00-0035685,David Montgomery,RB,17,154.92000000000002,59.88,0.8713279921874999,5.590588235294118,34.88235294117647,35.88235294117647,40.88235294117647,38.38235294117647,35.88235294117647,0.37816937408088236,109,30,D_SF_2TE_TEP
2025,00-0036252,Michael Pittman,WR,17,162.4,60.75,0.8612170390625004,5.979411764705882,44.470588235294116,45.470588235294116,50.470588235294116,47.970588235294116,45.470588235294116,0.4019942421875,110,26,D_SF_2TE_TEP
2025,00-0035719,Deebo Samuel Sr.,WR,16,152.20000000000002,55.85,0.8456827109375,6.0218750000000005,44.375,45.375,50.375,47.875,45.375,0.4027970048828125,111,27,D_SF_2TE_TEP
2025,00-0026158,Joe Flacco,QB,13,166.66,63.89,0.841009390625,7.905384615384615,24.0,25.0,30.0,27.5,25.0,0.3359602974759615,112,31,D_SF_2TE_TEP
2025,00-0036972,Mac Jones,QB,11,142.04,61.17,0.8409808984374999,7.3518181818181825,24.0,25.0,30.0,27.5,25.0,0.33052110866477274,113,32,D_SF_2TE_TEP
2025,00-0037809,Chig Okonkwo,TE,17,152.0,61.10000000000001,0.838855546875,5.347058823529412,28.941176470588236,29.941176470588236,34.94117647058823,32.44117647058823,29.941176470588236,0.3887283708639706,114,25,D_SF_2TE_TEP
2025,00-0036322,Justin Jefferson,WR,17,159.5,57.85,0.8340349140625003,5.979411764705882,44.529411764705884,45.529411764705884,50.529411764705884,48.029411764705884,45.529411764705884,0.40316759329044116,115,28,D_SF_2TE_TEP
2025,00-0036158,J.K. Dobbins,RB,10,110.4,54.21000000000001,0.80137640625,5.619,33.1,34.1,39.1,36.6,34.1,0.37265933906250004,116,31,D_SF_2TE_TEP
2025,00-0038124,Christian Watson,WR,10,114.9,57.55,0.79962659375,5.735,44.3,45.3,50.3,47.8,45.3,0.40654906953125,117,29,D_SF_2TE_TEP
2025,00-0035229,T.J. Hockenson,TE,15,138.3,56.85,0.7967952265624997,5.430000000000001,28.133333333333333,29.133333333333333,34.13333333333333,31.633333333333333,29.133333333333333,0.38807851250000003,118,26,D_SF_2TE_TEP
2025,00-0040676,Cam Ward,QB,17,200.66,63.59,0.7934305000000001,8.062941176470588,24.0,25.0,30.0,27.5,25.0,0.3364329319852941,119,33,D_SF_2TE_TEP
2025,00-0036912,DeVonta Smith,WR,17,163.3,62.199999999999996,0.792699984375,5.947058823529412,44.35294117647059,45.35294117647059,50.35294117647059,47.85294117647059,45.35294117647059,0.40280909512867646,120,30,D_SF_2TE_TEP
2025,00-0039919,Rome Odunze,WR,12,124.10000000000001,52.4,0.7820827656250001,5.9750000000000005,44.75,45.75,50.75,48.25,45.75,0.40018817122395833,121,31,D_SF_2TE_TEP
2025,00-0037112,Jake Tonges,TE,10,110.30000000000001,53.6,0.7754782109375,5.67,28.0,29.0,34.0,31.5,29.0,0.38989409296875,122,27,D_SF_2TE_TEP
2025,00-0039384,Tyrone Tracy Jr.,RB,15,142.8,58.4,0.7542986406250001,5.626666666666667,34.13333333333333,35.13333333333333,40.13333333333333,37.63333333333333,35.13333333333333,0.37907969062499997,123,32,D_SF_2TE_TEP
2025,00-0036259,Jauan Jennings,WR,15,145.8,55.95,0.7488383125,5.99,44.266666666666666,45.266666666666666,50.266666666666666,47.766666666666666,45.266666666666666,0.40336899062500003,124,32,D_SF_2TE_TEP
2025,00-0031610,Darren Waller,TE,9,100.7,52.150000000000006,0.7136194609375,5.394444444444444,28.333333333333332,29.333333333333332,34.333333333333336,31.833333333333332,29.333333333333332,0.38262750954861113,125,28,D_SF_2TE_TEP
2025,00-0039915,Ladd McConkey,WR,16,147.9,51.550000000000004,0.7134333437500002,6.0218750000000005,44.8125,45.8125,50.8125,48.3125,45.8125,0.402908109375,126,33,D_SF_2TE_TEP
2025,00-0039917,Michael Penix Jr.,QB,9,126.28,49.3,0.6991565078125,8.553333333333335,24.0,25.0,30.0,27.5,25.0,0.33941074479166666,127,34,D_SF_2TE_TEP
2025,00-0036894,Pat Freiermuth,TE,15,134.1,55.00000000000001,0.6905818437499998,5.2733333333333325,29.066666666666666,30.066666666666666,35.06666666666667,32.56666666666667,30.066666666666666,0.39312508802083335,128,29,D_SF_2TE_TEP
2025,00-0034960,Jakobi Meyers,WR,16,138.3,41.650000000000006,0.6319727421875001,6.040625,43.875,44.875,49.875,47.375,44.875,0.4023784370117187,129,34,D_SF_2TE_TEP
2025,00-0037816,Romeo Doubs,WR,16,137.9,42.8,0.6153572265625001,5.9437500000000005,44.5,45.5,50.5,48.0,45.5,0.4025421713867187,130,35,D_SF_2TE_TEP
2025,00-0037740,Garrett Wilson,WR,7,81.5,37.6,0.6100829296875001,6.271428571428572,45.0,46.0,51.0,48.5,46.0,0.3973209821428571,131,36,D_SF_2TE_TEP
2025,00-0033885,David Njoku,TE,11,102.8,42.55,0.606035390625,5.4772727272727275,27.727272727272727,28.727272727272727,33.72727272727273,31.227272727272727,28.727272727272727,0.3864127776988637,132,30,D_SF_2TE_TEP
2025,00-0040583,Woody Marks,RB,16,133.1,44.26,0.6041132578125,5.5525,34.4375,35.4375,40.4375,37.9375,35.4375,0.3763807548828125,133,33,D_SF_2TE_TEP
2025,00-0034827,DJ Moore,WR,17,147.18,46.33,0.6012847656250002,5.932352941176471,44.1764705882353,45.1764705882353,50.1764705882353,47.6764705882353,45.1764705882353,0.4029643864889706,134,37,D_SF_2TE_TEP
2025,00-0033881,Evan Engram,TE,16,127.8,41.25,0.5992525625000003,5.409375,28.5625,29.5625,34.5625,32.0625,29.5625,0.38742440771484377,135,31,D_SF_2TE_TEP
2025,00-0038606,Parker Washington,WR,16,143.70000000000002,46.1,0.5948662656250001,6.1000000000000005,44.0,45.0,50.0,47.5,45.0,0.402961181640625,136,38,D_SF_2TE_TEP
2025,00-0033923,Kareem Hunt,RB,17,136.4,40.35999999999999,0.5909175625,5.649411764705882,34.529411764705884,35.529411764705884,40.529411764705884,38.029411764705884,35.529411764705884,0.37767994301470587,137,34,D_SF_2TE_TEP
2025,00-0040242,Jacory Croskey-Merritt,RB,17,135.8,40.41,0.5839194218750001,5.611176470588235,34.8235294117647,35.8235294117647,40.8235294117647,38.3235294117647,35.8235294117647,0.37634718841911763,138,35,D_SF_2TE_TEP
2025,00-0040236,Kyle Monangai,RB,17,137.70000000000002,42.5,0.5821584531249999,5.6000000000000005,34.88235294117647,35.88235294117647,40.88235294117647,38.38235294117647,35.88235294117647,0.37828473621323533,139,36,D_SF_2TE_TEP
2025,00-0030279,Keenan Allen,WR,17,142.2,40.1,0.5793175234375003,6.005882352941177,44.470588235294116,45.470588235294116,50.470588235294116,47.970588235294116,45.470588235294116,0.4033087987132353,140,39,D_SF_2TE_TEP
2025,00-0040736,Mason Taylor,TE,13,110.9,42.0,0.5789413749999999,5.300000000000001,28.307692307692307,29.307692307692307,34.30769230769231,31.807692307692307,29.307692307692307,0.388293553485577,141,32,D_SF_2TE_TEP
2025,00-0040668,Shedeur Sanders,QB,8,104.9,43.64000000000001,0.5776322187499998,7.6575,24.0,25.0,30.0,27.5,25.0,0.3454949892578125,142,35,D_SF_2TE_TEP
2025,00-0039391,Kimani Vidal,RB,13,109.9,37.31,0.5589492812500001,5.583846153846154,35.23076923076923,36.23076923076923,41.23076923076923,38.73076923076923,36.23076923076923,0.37907819831730766,143,37,D_SF_2TE_TEP
2025,00-0039868,Troy Franklin,WR,17,144.6,42.5,0.544653828125,6.005882352941177,44.470588235294116,45.470588235294116,50.470588235294116,47.970588235294116,45.470588235294116,0.4033087987132353,144,40,D_SF_2TE_TEP
2025,00-0033293,Aaron Jones,RB,12,104.7,38.099999999999994,0.5263671796875,5.550000000000001,35.083333333333336,36.083333333333336,41.083333333333336,38.583333333333336,36.083333333333336,0.3769583177083333,145,38,D_SF_2TE_TEP
2025,00-0032950,Carson Wentz,QB,5,80.34,39.239999999999995,0.5208650937500001,8.22,24.0,25.0,30.0,27.5,25.0,0.3395591015625,146,36,D_SF_2TE_TEP
2025,00-0039849,Marvin Harrison Jr.,WR,12,107.30000000000001,32.400000000000006,0.5035291249999998,6.241666666666667,44.25,45.25,50.25,47.75,45.25,0.39963388802083327,147,41,D_SF_2TE_TEP
2025,00-0035659,Terry McLaurin,WR,10,95.2,34.85,0.4873279062500002,6.035,44.5,45.5,50.5,48.0,45.5,0.400294128125,148,42,D_SF_2TE_TEP
2025,00-0029604,Kirk Cousins,QB,10,113.53999999999999,37.92,0.4855635781249998,7.562,24.0,25.0,30.0,27.5,25.0,0.34467217578125,149,37,D_SF_2TE_TEP
2025,00-0035228,Kyler Murray,QB,5,83.78,32.03,0.48325839843750024,10.35,24.0,25.0,30.0,27.5,25.0,0.33748693124999996,150,38,D_SF_2TE_TEP
2025,00-0037525,Jordan Mason,RB,16,121.9,32.10999999999999,0.47749081250000014,5.611875,34.875,35.875,40.875,38.375,35.875,0.3779699106445312,151,39,D_SF_2TE_TEP
2025,00-0037261,Khalil Shakir,WR,16,130.4,34.599999999999994,0.4762734375000002,5.987500000000001,44.6875,45.6875,50.6875,48.1875,45.6875,0.40231717626953123,152,43,D_SF_2TE_TEP
2025,00-0036555,Chuba Hubbard,RB,15,110.4,25.150000000000002,0.4721726796875,5.683333333333334,34.733333333333334,35.733333333333334,40.733333333333334,38.233333333333334,35.733333333333334,0.37790264739583335,153,40,D_SF_2TE_TEP
2025,00-0035689,Dawson Knox,TE,16,121.7,36.1,0.46865146874999997,5.35,28.625,29.625,34.625,32.125,29.625,0.38910293017578124,154,33,D_SF_2TE_TEP
2025,00-0038563,Tre Tucker,WR,17,133.2,30.8,0.43293958593750004,6.023529411764706,44.0,45.0,50.0,47.5,45.0,0.4029148524816176,155,44,D_SF_2TE_TEP
2025,00-0038994,Jordan Addison,WR,14,114.10000000000001,32.199999999999996,0.4186632343750001,5.8500000000000005,44.07142857142857,45.07142857142857,50.07142857142857,47.57142857142857,45.07142857142857,0.4056775318080357,156,45,D_SF_2TE_TEP
2025,00-0033110,Tyler Higbee,TE,10,83.6,30.400000000000006,0.4069912578125,5.32,29.9,30.9,35.9,33.4,30.9,0.39146306875,157,34,D_SF_2TE_TEP
2025,00-0037256,Rachaad White,RB,17,123.0,28.71,0.4063657343750002,5.5464705882352945,35.05882352941177,36.05882352941177,41.05882352941177,38.55882352941177,36.05882352941177,0.37546218106617646,158,41,D_SF_2TE_TEP
2025,00-0039376,Spencer Rattler,QB,9,108.64,26.759999999999998,0.3982881093750001,9.097777777777777,24.0,25.0,30.0,27.5,25.0,0.33852744270833335,159,39,D_SF_2TE_TEP
2025,00-0036898,Davis Mills,QB,6,70.6,30.21,0.3936786171875001,6.7316666666666665,24.0,25.0,30.0,27.5,25.0,0.3325718502604167,160,40,D_SF_2TE_TEP
2025,00-0037252,Greg Dulcich,TE,9,75.80000000000001,28.600000000000005,0.3796711328124999,5.2444444444444445,28.88888888888889,29.88888888888889,34.888888888888886,32.388888888888886,29.88888888888889,0.3901734609375,161,35,D_SF_2TE_TEP
2025,00-0039893,Brian Thomas Jr.,WR,14,114.8,28.7,0.37497518749999986,6.15,44.07142857142857,45.07142857142857,50.07142857142857,47.57142857142857,45.07142857142857,0.40096122433035714,162,46,D_SF_2TE_TEP
2025,00-0033906,Alvin Kamara,RB,11,84.2,22.86,0.3592676171875001,5.576363636363637,33.0,34.0,39.0,36.5,34.0,0.3742196732954545,163,42,D_SF_2TE_TEP
2025,00-0028118,Tyrod Taylor,QB,6,69.46000000000001,22.5,0.35812392187499986,7.826666666666667,24.0,25.0,30.0,27.5,25.0,0.3386478346354167,164,41,D_SF_2TE_TEP
2025,00-0040584,Gunnar Helm,TE,16,113.7,27.200000000000003,0.3544806249999998,5.40625,28.5625,29.5625,34.5625,32.0625,29.5625,0.38846044921875,165,36,D_SF_2TE_TEP
2025,00-0035644,Noah Fant,TE,13,91.8,24.75,0.34426460156250005,5.157692307692307,29.53846153846154,30.53846153846154,35.53846153846154,33.03846153846154,30.53846153846154,0.3918729567307692,166,37,D_SF_2TE_TEP
2025,00-0039337,Malik Nabers,WR,4,48.1,21.750000000000004,0.3393010859375001,6.5875,45.0,46.0,51.0,48.5,46.0,0.38981087109375,167,47,D_SF_2TE_TEP
2025,00-0038611,Chris Rodriguez Jr.,RB,12,90.5,23.66,0.3366203125,5.57,35.416666666666664,36.416666666666664,41.416666666666664,38.916666666666664,36.416666666666664,0.37787214713541667,168,43,D_SF_2TE_TEP
2025,00-0037263,Tyler Allgeier,RB,17,116.0,20.799999999999997,0.33121825000000027,5.6000000000000005,34.88235294117647,35.88235294117647,40.88235294117647,38.38235294117647,35.88235294117647,0.37828473621323533,169,44,D_SF_2TE_TEP
2025,00-0039738,Blake Corum,RB,17,118.2,23.160000000000004,0.3297204140625001,5.590588235294118,34.88235294117647,35.88235294117647,40.88235294117647,38.38235294117647,35.88235294117647,0.37816937408088236,170,45,D_SF_2TE_TEP
2025,00-0038608,Kayshon Boutte,WR,14,107.60000000000001,21.949999999999996,0.32861612499999987,6.117857142857143,44.642857142857146,45.642857142857146,50.642857142857146,48.142857142857146,45.642857142857146,0.4006672589285714,171,48,D_SF_2TE_TEP
2025,00-0039066,Michael Mayer,TE,13,91.3,22.599999999999994,0.3259920156250001,5.2846153846153845,29.76923076923077,30.76923076923077,35.76923076923077,33.26923076923077,30.76923076923077,0.3935356027644231,172,38,D_SF_2TE_TEP
2025,00-0031503,Jameis Winston,QB,3,46.78,21.050000000000008,0.30891724218750005,8.576666666666666,24.0,25.0,30.0,27.5,25.0,0.36859475,173,42,D_SF_2TE_TEP
2025,00-0038128,Malik Willis,QB,4,51.17999999999999,22.879999999999995,0.29808967968749983,7.074999999999999,24.0,25.0,30.0,27.5,25.0,0.3464204765625,174,43,D_SF_2TE_TEP
2025,00-0035662,Marquise Brown,WR,16,113.2,17.45,0.2866515234375002,5.984375,44.4375,45.4375,50.4375,47.9375,45.4375,0.4020630986328125,175,49,D_SF_2TE_TEP
2025,00-0035100,Jake Browning,QB,5,64.74000000000001,17.21,0.27502368750000017,9.506,24.0,25.0,30.0,27.5,25.0,0.345761334375,176,44,D_SF_2TE_TEP
2025,00-0031408,Mike Evans,WR,8,69.80000000000001,19.950000000000003,0.26779310937500006,6.23125,44.5,45.5,50.5,48.0,45.5,0.40397800878906254,177,50,D_SF_2TE_TEP
2025,00-0033040,Tyreek Hill,WR,4,43.0,16.65,0.24890039062499997,6.5875,45.0,46.0,51.0,48.5,46.0,0.38981087109375,178,51,D_SF_2TE_TEP
2025,00-0037157,Bam Knight,RB,12,81.9,15.209999999999997,0.2469760078125,5.5575,34.666666666666664,35.666666666666664,40.666666666666664,38.166666666666664,35.666666666666664,0.37808108398437495,179,46,D_SF_2TE_TEP
2025,00-0038558,Darnell Washington,TE,13,88.9,19.55,0.24626784374999988,5.334615384615384,28.76923076923077,29.76923076923077,34.76923076923077,32.26923076923077,29.76923076923077,0.3925195,180,39,D_SF_2TE_TEP
2025,00-0034829,Mike Gesicki,TE,12,84.7,19.35,0.24291222656249983,5.445833333333333,28.5,29.5,34.5,32.0,29.5,0.38682400911458337,181,40,D_SF_2TE_TEP
2025,00-0037838,Isaiah Likely,TE,12,75.2,14.7,0.24101540624999984,5.041666666666667,29.25,30.25,35.25,32.75,30.25,0.3903498528645833,182,41,D_SF_2TE_TEP
2025,00-0039032,Tyjae Spears,RB,13,89.2,16.86,0.22875377343749975,5.564615384615385,34.30769230769231,35.30769230769231,40.30769230769231,37.80769230769231,35.30769230769231,0.3808995072115385,183,47,D_SF_2TE_TEP
2025,00-0039916,Ricky Pearsall,WR,9,70.60000000000001,15.0,0.222446875,6.177777777777778,44.111111111111114,45.111111111111114,50.111111111111114,47.611111111111114,45.111111111111114,0.3984135034722222,184,52,D_SF_2TE_TEP
2025,00-0039901,Keon Coleman,WR,12,83.4,11.3,0.21790582812500026,6.008333333333334,44.583333333333336,45.583333333333336,50.583333333333336,48.083333333333336,45.583333333333336,0.3986765787760416,185,53,D_SF_2TE_TEP
2025,00-0033858,Jonnu Smith,TE,17,104.2,14.000000000000004,0.20589684374999984,5.305882352941176,28.941176470588236,29.941176470588236,34.94117647058823,32.44117647058823,29.941176470588236,0.3911500114889706,186,42,D_SF_2TE_TEP
2025,00-0039373,Audric Estimé,RB,5,42.1,14.1,0.20211139843750003,5.6000000000000005,36.8,37.8,42.8,40.3,37.8,0.384923884375,187,48,D_SF_2TE_TEP
2025,00-0033553,James Conner,RB,3,29.3,11.850000000000001,0.19743110156250004,5.816666666666667,33.333333333333336,34.333333333333336,39.333333333333336,36.833333333333336,34.333333333333336,0.3693666770833333,188,49,D_SF_2TE_TEP
2025,00-0040735,Luther Burden III,WR,15,104.4,16.5,0.19395081249999996,5.86,44.266666666666666,45.266666666666666,50.266666666666666,47.766666666666666,45.266666666666666,0.4021305276041666,189,54,D_SF_2TE_TEP
2025,00-0039491,Jalen Coker,WR,11,73.9,9.849999999999998,0.1811021875,5.822727272727272,44.0,45.0,50.0,47.5,45.0,0.4076849488636363,190,55,D_SF_2TE_TEP
2025,00-0036924,Michael Carter,RB,13,82.5,11.16,0.16675678124999987,5.487692307692308,35.76923076923077,36.76923076923077,41.76923076923077,39.26923076923077,36.76923076923077,0.3781470144230769,191,50,D_SF_2TE_TEP
2025,00-0036290,Cole Kmet,TE,16,93.7,8.950000000000003,0.16421169531249985,5.296875,29.1875,30.1875,35.1875,32.6875,30.1875,0.39117930517578126,192,43,D_SF_2TE_TEP
2025,00-0038997,Josh Downs,WR,16,109.4,13.5,0.1620271093750002,5.99375,44.375,45.375,50.375,47.875,45.375,0.4014002885742187,193,56,D_SF_2TE_TEP
2025,00-0033921,Chris Godwin Jr.,WR,9,66.5,12.549999999999997,0.15482007031250006,5.9944444444444445,42.888888888888886,43.888888888888886,48.888888888888886,46.388888888888886,43.888888888888886,0.4016286640625,194,57,D_SF_2TE_TEP
2025,00-0040234,Quinn Ewers,QB,4,38.68,11.23,0.1529647812499999,6.8625,24.0,25.0,30.0,27.5,25.0,0.333834373046875,195,45,D_SF_2TE_TEP
2025,00-0022942,Philip Rivers,QB,3,37.66,11.79,0.15272437500000002,8.623333333333333,24.0,25.0,30.0,27.5,25.0,0.34730525,196,46,D_SF_2TE_TEP
2025,00-0039146,Jayden Reed,WR,5,39.0,9.350000000000001,0.14700998437499985,5.93,44.4,45.4,50.4,47.9,45.4,0.40616608125,197,58,D_SF_2TE_TEP
2025,00-0040206,Riley Leonard,QB,5,37.0,5.490000000000004,0.12835452343750012,6.302,24.0,25.0,30.0,27.5,25.0,0.3261141828125,198,47,D_SF_2TE_TEP
2025,00-0037545,Rashid Shaheed,WR,18,115.1,7.799999999999996,0.1230541640625003,5.961111111111112,44.44444444444444,45.44444444444444,50.44444444444444,47.94444444444444,45.44444444444444,0.4032384526909722,199,59,D_SF_2TE_TEP
2025,00-0040130,Jayden Higgins,WR,17,109.0,7.35,0.12250861718750022,5.979411764705882,44.529411764705884,45.529411764705884,50.529411764705884,48.029411764705884,45.529411764705884,0.40316759329044116,200,60,D_SF_2TE_TEP
2025,00-0033869,Mitchell Trubisky,QB,4,31.119999999999997,5.059999999999999,0.11418633593749994,6.515000000000001,24.0,25.0,30.0,27.5,25.0,0.31773926953125,201,48,D_SF_2TE_TEP
2025,00-0026300,Josh Johnson,QB,3,28.380000000000003,6.960000000000003,0.11222775781250005,7.14,24.0,25.0,30.0,27.5,25.0,0.33452629427083336,202,49,D_SF_2TE_TEP
2025,00-0035250,Devin Singletary,RB,17,99.8,3.8099999999999987,0.1050767578125002,5.646470588235295,34.35294117647059,35.35294117647059,40.35294117647059,37.85294117647059,35.35294117647059,0.3766967922794118,203,51,D_SF_2TE_TEP
2025,00-0039894,Xavier Worthy,WR,14,88.9,6.299999999999999,0.09474238281249991,5.9,44.642857142857146,45.642857142857146,50.642857142857146,48.142857142857146,45.642857142857146,0.40406854631696426,204,61,D_SF_2TE_TEP
2025,00-0039921,Trey Benson,RB,4,28.900000000000002,5.2,0.08282961718749998,5.925000000000001,35.25,36.25,41.25,38.75,36.25,0.367216359375,205,52,D_SF_2TE_TEP
2025,00-0036423,Albert Okwuegbunam,TE,1,11.1,5.749999999999999,0.08200295312500006,5.3500000000000005,28.0,29.0,34.0,31.5,29.0,0.34900303125,206,44,D_SF_2TE_TEP
2025,00-0034613,Tanner Hudson,TE,10,57.3,5.000000000000001,0.08114239843749993,5.2299999999999995,28.7,29.7,34.7,32.2,29.7,0.392552275,207,45,D_SF_2TE_TEP
2025,00-0039410,Ryan Flournoy,WR,15,94.0,4.149999999999997,0.07321873437500026,5.99,44.4,45.4,50.4,47.9,45.4,0.40289943489583335,208,62,D_SF_2TE_TEP
2025,00-0040021,Phil Mafah,RB,1,9.9,4.5,0.06596491406249999,5.4,34.0,35.0,40.0,37.5,35.0,0.3883633125,209,53,D_SF_2TE_TEP
2025,00-0039356,Ja'Tavion Sanders,TE,12,68.5,3.2,0.0625027421874999,5.441666666666666,28.583333333333332,29.583333333333332,34.583333333333336,32.083333333333336,29.583333333333332,0.39159000781250003,210,46,D_SF_2TE_TEP
2025,00-0040311,Theo Wease Jr.,WR,3,22.9,4.650000000000001,0.062290734375000045,6.083333333333333,41.333333333333336,42.333333333333336,47.333333333333336,44.833333333333336,42.333333333333336,0.4101143697916667,211,63,D_SF_2TE_TEP
2025,00-0035993,Tyler Huntley,QB,5,40.14,1.8200000000000056,0.05802907031250004,7.664,24.0,25.0,30.0,27.5,25.0,0.337692084375,212,50,D_SF_2TE_TEP
2025,00-0029263,Russell Wilson,QB,6,55.84,-1.2200000000000006,0.05555690625000004,9.51,24.0,25.0,30.0,27.5,25.0,0.34136438151041665,213,51,D_SF_2TE_TEP
2025,00-0037197,Isiah Pacheco,RB,13,77.8,4.209999999999996,0.052158125,5.660769230769231,35.07692307692308,36.07692307692308,41.07692307692308,38.57692307692308,36.07692307692308,0.37367065865384613,214,54,D_SF_2TE_TEP
2025,00-0033555,Mack Hollins,WR,14,90.4,5.850000000000001,0.04719449999999992,6.0392857142857155,44.57142857142857,45.57142857142857,50.57142857142857,48.07142857142857,45.57142857142857,0.4018412142857143,215,64,D_SF_2TE_TEP
2025,00-0040202,Devin Neal,RB,9,51.5,2.8499999999999996,0.04573039843749993,5.405555555555556,34.22222222222222,35.22222222222222,40.22222222222222,37.72222222222222,35.22222222222222,0.3814114965277777,216,55,D_SF_2TE_TEP
2025,00-0037004,Hunter Long,TE,7,38.5,1.9000000000000008,0.04290626562499983,5.228571428571429,30.142857142857142,31.142857142857142,36.142857142857146,33.642857142857146,31.142857142857142,0.3800241473214286,217,47,D_SF_2TE_TEP
2025,00-0034791,Nick Chubb,RB,15,81.80000000000001,-1.540000000000001,0.04162352343750009,5.556,34.86666666666667,35.86666666666667,40.86666666666667,38.36666666666667,35.86666666666667,0.37450414479166666,218,56,D_SF_2TE_TEP
2025,00-0040648,Tory Horton,WR,8,52.6,2.1999999999999957,0.041577828124999994,6.300000000000001,45.5,46.5,51.5,49.0,46.5,0.39920239453125,219,65,D_SF_2TE_TEP
2025,00-0036754,Brock Wright,TE,8,43.800000000000004,1.6500000000000026,0.039562328124999935,5.26875,29.125,30.125,35.125,32.625,30.125,0.3906480009765625,220,48,D_SF_2TE_TEP
2025,00-0039424,Devaughn Vele,WR,9,53.8,0.7999999999999972,0.035813531249999864,5.888888888888889,46.0,47.0,52.0,49.5,47.0,0.3993905494791667,221,66,D_SF_2TE_TEP
2025,00-0040398,Brady Cook,QB,5,42.46,2.890000000000004,0.035538289062499895,7.914,24.0,25.0,30.0,27.5,25.0,0.34400109843750004,222,52,D_SF_2TE_TEP
2025,00-0040719,Bhayshul Tuten,RB,15,83.6,0.2099999999999982,0.02846935156250019,5.559333333333333,34.53333333333333,35.53333333333333,40.53333333333333,38.03333333333333,35.53333333333333,0.37865877864583336,223,57,D_SF_2TE_TEP
2025,00-0039405,Jawhar Jordan,RB,4,26.2,2.7499999999999982,0.020446796875000006,5.862500000000001,36.0,37.0,42.0,39.5,37.0,0.38518491796875,224,58,D_SF_2TE_TEP
2025,00-0040737,Terrance Ferguson,TE,11,57.6,1.6500000000000021,0.011487585937499767,5.086363636363637,29.272727272727273,30.272727272727273,35.27272727272727,32.77272727272727,30.272727272727273,0.3862377720170455,225,49,D_SF_2TE_TEP
2025,00-0035249,Josh Oliver,TE,12,62.5,-0.8999999999999995,0.008521304687499842,5.283333333333333,28.75,29.75,34.75,32.25,29.75,0.3881855579427083,226,50,D_SF_2TE_TEP
2025,00-0032392,Austin Hooper,TE,13,69.8,1.7000000000000028,0.00647564062499989,5.238461538461538,29.615384615384617,30.615384615384617,35.61538461538461,33.11538461538461,30.615384615384617,0.3927218010817307,227,51,D_SF_2TE_TEP
2025,00-0034975,Justice Hill,RB,10,54.7,-1.139999999999998,0.0034093281250002216,5.5840000000000005,33.2,34.2,39.2,36.7,34.2,0.37248743984375,228,59,D_SF_2TE_TEP
2025,00-0036534,Shane Zylstra,TE,1,6.5,0.04999999999999982,0.0006252343750000056,6.45,26.0,27.0,32.0,29.5,27.0,0.408654859375,229,52,D_SF_2TE_TEP
2025,00-0038104,Tyquan Thornton,WR,12,71.30000000000001,-1.7500000000000009,-0.0010535234375000924,6.087500000000001,44.833333333333336,45.833333333333336,50.833333333333336,48.333333333333336,45.833333333333336,0.40042529752604167,230,67,D_SF_2TE_TEP
2025,00-0040170,Elic Ayomanor,WR,16,96.0,-0.6500000000000012,-0.002530890624999782,6.040625,44.5625,45.5625,50.5625,48.0625,45.5625,0.4029116767578125,231,68,D_SF_2TE_TEP
2025,00-0039855,Jalen McMillan,WR,4,23.900000000000002,-0.4499999999999993,-0.005634140625000117,6.0875,42.5,43.5,48.5,46.0,43.5,0.411490732421875,232,69,D_SF_2TE_TEP
2025,00-0033699,Austin Ekeler,RB,2,10.600000000000001,-0.7999999999999998,-0.006000617187500057,5.7,33.0,34.0,39.0,36.5,34.0,0.3599255546875,233,60,D_SF_2TE_TEP
2025,00-0040244,Moliki Matavao,TE,1,4.0,-0.8499999999999996,-0.010681195312500003,4.85,30.0,31.0,36.0,33.5,31.0,0.38996009375,234,53,D_SF_2TE_TEP
2025,00-0035243,Miles Sanders,RB,4,22.700000000000003,-0.9999999999999991,-0.01596557812499999,5.925000000000001,35.25,36.25,41.25,38.75,36.25,0.367216359375,235,61,D_SF_2TE_TEP
2025,00-0038647,Ronnie Bell,WR,2,9.3,-2.1999999999999993,-0.019739851562499966,5.75,41.5,42.5,47.5,45.0,42.5,0.4112219921875,236,70,D_SF_2TE_TEP
2025,00-0040704,Dillon Gabriel,QB,10,74.08,-2.610000000000001,-0.021213843750000072,7.669,24.0,25.0,30.0,27.5,25.0,0.33218877343750003,237,53,D_SF_2TE_TEP
2025,00-0038394,Will Mallory,TE,1,3.1,-1.7499999999999996,-0.02192306249999998,4.85,30.0,31.0,36.0,33.5,31.0,0.38996009375,238,54,D_SF_2TE_TEP
2025,00-0037329,Brittain Brown,RB,2,9.7,-2.950000000000001,-0.023852218750000098,6.325,31.5,32.5,37.5,35.0,32.5,0.40412341015625003,239,62,D_SF_2TE_TEP
2025,00-0038728,Jared Wayne,WR,1,3.0,-1.9000000000000004,-0.024476945312499998,4.9,52.0,53.0,58.0,55.5,53.0,0.40873965624999997,240,71,D_SF_2TE_TEP
2025,00-0033908,Cooper Kupp,WR,16,94.8,-1.4000000000000012,-0.02518379687500022,6.0125,43.875,44.875,49.875,47.375,44.875,0.4024384350585937,241,72,D_SF_2TE_TEP
2025,00-0038115,Daniel Bellinger,TE,13,69.1,-0.1999999999999993,-0.02538035937499994,5.3307692307692305,28.76923076923077,29.76923076923077,34.76923076923077,32.26923076923077,29.76923076923077,0.3884508467548077,242,55,D_SF_2TE_TEP
2025,00-0038579,Aidan O'Connell,QB,1,4.78,-2.419999999999999,-0.03230133593750001,7.199999999999999,24.0,25.0,30.0,27.5,25.0,0.3426721796875,243,54,D_SF_2TE_TEP
2025,00-0040406,Quentin Skinner,WR,1,3.5,-2.25,-0.032388375000000025,5.75,39.0,40.0,45.0,42.5,40.0,0.409719828125,244,73,D_SF_2TE_TEP
2025,00-0040317,Jacoby Jones,WR,1,3.0,-2.6500000000000004,-0.033296820312499975,5.65,44.0,45.0,50.0,47.5,45.0,0.42439003124999997,245,74,D_SF_2TE_TEP
2025,00-0038891,Shedrick Jackson,WR,3,13.9,-2.4000000000000004,-0.03352246874999998,5.433333333333334,42.333333333333336,43.333333333333336,48.333333333333336,45.833333333333336,43.333333333333336,0.4082058567708333,246,75,D_SF_2TE_TEP
2025,00-0037005,Tommy Tremble,TE,15,77.4,-4.6999999999999975,-0.036170070312500135,5.473333333333333,29.066666666666666,30.066666666666666,35.06666666666667,32.56666666666667,30.066666666666666,0.38707227552083334,247,56,D_SF_2TE_TEP
2025,00-0040628,Drake Dabney,TE,1,1.8,-2.6000000000000005,-0.036780679687499984,4.4,35.0,36.0,41.0,38.5,36.0,0.3930151171875,248,57,D_SF_2TE_TEP
2025,00-0039874,Jaylen Wright,RB,9,45.7,-3.5,-0.039197953124999796,5.466666666666667,36.55555555555556,37.55555555555556,42.55555555555556,40.05555555555556,37.55555555555556,0.37748009548611106,249,63,D_SF_2TE_TEP
2025,00-0035264,Jarrett Stidham,QB,1,-0.1,-3.69,-0.04103861718749996,3.59,24.0,25.0,30.0,27.5,25.0,0.29157446875,250,55,D_SF_2TE_TEP
2025,00-0040466,Raheim Sanders,RB,4,18.8,-3.500000000000001,-0.04199359374999995,5.575,35.75,36.75,41.75,39.25,36.75,0.375914357421875,251,64,D_SF_2TE_TEP
2025,00-0036679,Shane Buechele,QB,1,3.92,-3.2799999999999994,-0.0435161328125,7.199999999999999,24.0,25.0,30.0,27.5,25.0,0.3426721796875,252,56,D_SF_2TE_TEP
2025,00-0040388,Jakobie Keeney-James,WR,1,2.5,-3.25,-0.04651978906250004,5.75,39.0,40.0,45.0,42.5,40.0,0.409719828125,253,76,D_SF_2TE_TEP
2025,00-0037231,Kevin Austin Jr.,WR,5,26.5,-4.05,-0.051575476562499944,6.11,42.6,43.6,48.6,46.1,43.6,0.40872981093750005,254,77,D_SF_2TE_TEP
2025,00-0038498,E.J. Jenkins,TE,1,0.0,-4.8,-0.05298668750000002,4.8,31.0,32.0,37.0,34.5,32.0,0.385209640625,255,58,D_SF_2TE_TEP
2025,00-0040225,Thomas Fidone II,TE,1,0.0,-4.8,-0.05298668750000002,4.8,31.0,32.0,37.0,34.5,32.0,0.385209640625,256,59,D_SF_2TE_TEP
2025,00-0037282,James Mitchell,TE,2,7.300000000000001,-3.9,-0.05337896874999998,5.6,27.5,28.5,33.5,31.0,28.5,0.3659327109375,257,60,D_SF_2TE_TEP
2025,00-0040067,Jacardia Wright,RB,1,2.0,-4.050000000000001,-0.05639225000000003,6.050000000000001,34.0,35.0,40.0,37.5,35.0,0.388248921875,258,65,D_SF_2TE_TEP
2025,00-0032434,Brandon Allen,QB,1,2.88,-4.319999999999999,-0.05674092968750005,7.199999999999999,24.0,25.0,30.0,27.5,25.0,0.3426721796875,259,57,D_SF_2TE_TEP
2025,00-0039074,Davis Allen,TE,15,74.8,-4.749999999999999,-0.057632390625000085,5.303333333333333,29.2,30.2,35.2,32.7,30.2,0.38715348541666667,260,61,D_SF_2TE_TEP
2025,00-0036407,Jerry Jeudy,WR,17,95.7,-5.399999999999996,-0.05774007812499976,5.947058823529412,44.35294117647059,45.35294117647059,50.35294117647059,47.85294117647059,45.35294117647059,0.40280909512867646,261,78,D_SF_2TE_TEP
2025,00-0024243,Marcedes Lewis,TE,1,0.0,-4.65,-0.05790673437499999,4.65,28.0,29.0,34.0,31.5,29.0,0.39017092187499997,262,62,D_SF_2TE_TEP
2025,00-0040039,Amar Johnson,RB,1,0.8,-4.8500000000000005,-0.059930468749999966,5.65,37.0,38.0,43.0,40.5,38.0,0.37978599999999996,263,66,D_SF_2TE_TEP
2025,00-0038735,Princeton Fant,TE,1,0.0,-4.75,-0.06038492968749998,4.75,34.0,35.0,40.0,37.5,35.0,0.385593375,264,63,D_SF_2TE_TEP
2025,00-0038911,Malik Cunningham,WR,1,0.1,-4.700000000000001,-0.060702562499999946,4.800000000000001,44.0,45.0,50.0,47.5,45.0,0.40217358593749997,265,79,D_SF_2TE_TEP
2025,00-0040363,Keleki Latu,TE,3,9.5,-5.449999999999999,-0.06075908593749996,4.983333333333333,30.666666666666668,31.666666666666668,36.666666666666664,34.166666666666664,31.666666666666668,0.3978615833333334,266,64,D_SF_2TE_TEP
2025,00-0038658,Adrian Martinez,QB,1,-0.1,-5.68,-0.061706562500000006,5.58,24.0,25.0,30.0,27.5,25.0,0.2896619921875,267,58,D_SF_2TE_TEP
2025,00-0036527,DJ Turner,WR,1,0.0,-4.800000000000001,-0.061922656249999986,4.800000000000001,44.0,45.0,50.0,47.5,45.0,0.40217358593749997,268,80,D_SF_2TE_TEP
2025,00-0034837,Calvin Ridley,WR,7,38.800000000000004,-5.3,-0.0638605781249999,6.3,45.142857142857146,46.142857142857146,51.142857142857146,48.642857142857146,46.142857142857146,0.3994248794642857,269,81,D_SF_2TE_TEP
2025,00-0038396,Eric Gray,RB,1,0.0,-5.15,-0.06607421093750004,5.15,32.0,33.0,38.0,35.5,33.0,0.389823015625,270,67,D_SF_2TE_TEP
2025,00-0039266,Kendall Milton,RB,1,0.2,-5.45,-0.06710663281249996,5.65,37.0,38.0,43.0,40.5,38.0,0.37978599999999996,271,68,D_SF_2TE_TEP
2025,00-0035535,Darius Slayton,WR,14,80.3,-5.150000000000001,-0.06742453906249984,6.103571428571429,44.5,45.5,50.5,48.0,45.5,0.40112771205357145,272,82,D_SF_2TE_TEP
2025,00-0039489,Hayden Rucci,TE,1,0.0,-5.45,-0.06911053906250003,5.45,25.0,26.0,31.0,28.5,26.0,0.3906813125,273,65,D_SF_2TE_TEP
2025,00-0036567,Elijah Mitchell,RB,1,0.0,-5.65,-0.06944559374999998,5.65,37.0,38.0,43.0,40.5,38.0,0.37978599999999996,274,69,D_SF_2TE_TEP
2025,00-0035639,Parris Campbell,WR,1,0.0,-5.65,-0.06968542187499999,5.65,43.0,44.0,49.0,46.5,44.0,0.4044430625,275,83,D_SF_2TE_TEP
2025,00-0037098,Samori Toure,WR,1,0.8,-4.95,-0.07011957812500003,5.75,39.0,40.0,45.0,42.5,40.0,0.409719828125,276,84,D_SF_2TE_TEP
2025,00-0038456,Travis Vokolek,TE,1,0.0,-5.3500000000000005,-0.07050458593750003,5.3500000000000005,28.0,29.0,34.0,31.5,29.0,0.34900303125,277,66,D_SF_2TE_TEP
2025,00-0037015,Sal Cannella,TE,2,4.1,-5.15,-0.07096219531249992,4.625,32.5,33.5,38.5,36.0,33.5,0.39148760546875,278,67,D_SF_2TE_TEP
2025,00-0036950,Avery Williams,RB,1,0.0,-5.34,-0.0713635546875,5.34,31.0,32.0,37.0,34.5,32.0,0.356884703125,279,70,D_SF_2TE_TEP
2025,00-0039359,Cade Stover,TE,6,25.9,-6.1,-0.07159532031250004,5.333333333333333,29.333333333333332,30.333333333333332,35.333333333333336,32.833333333333336,30.333333333333332,0.3887441015625,280,68,D_SF_2TE_TEP
2025,00-0036463,Chris Blair,WR,1,0.0,-5.75,-0.07200589062500001,5.75,44.0,45.0,50.0,47.5,45.0,0.41272415625,281,85,D_SF_2TE_TEP
2025,00-0035311,Myles Gaskin,RB,1,0.6000000000000001,-4.950000000000001,-0.07692710156250004,5.550000000000001,40.0,41.0,46.0,43.5,41.0,0.366903390625,282,71,D_SF_2TE_TEP
2025,00-0040586,Jaydon Blue,RB,5,19.900000000000002,-7.239999999999999,-0.0773896718749999,5.428,31.8,32.8,37.8,35.3,32.8,0.3748113875,283,72,D_SF_2TE_TEP
2025,00-0038409,Lew Nichols III,RB,1,0.0,-6.25,-0.07876119531250003,6.25,28.0,29.0,34.0,31.5,29.0,0.40486814062500004,284,73,D_SF_2TE_TEP
2025,00-0036755,Jaret Patterson,RB,6,24.2,-8.350000000000001,-0.0793492812499999,5.425000000000001,34.0,35.0,40.0,37.5,35.0,0.3746554140625,285,74,D_SF_2TE_TEP
2025,00-0039710,Jeshaun Jones,WR,1,0.0,-5.75,-0.08104708593750004,5.75,39.0,40.0,45.0,42.5,40.0,0.409719828125,286,86,D_SF_2TE_TEP
2025,00-0035537,Ty Johnson,RB,17,88.30000000000001,-6.740000000000002,-0.08434728906249972,5.590588235294118,34.88235294117647,35.88235294117647,40.88235294117647,38.38235294117647,35.88235294117647,0.37624607123161763,287,75,D_SF_2TE_TEP
2025,00-0037380,Kaden Davis,WR,1,0.0,-6.2,-0.08439971875000002,6.2,43.0,44.0,49.0,46.5,44.0,0.397686125,288,87,D_SF_2TE_TEP
2025,00-0040629,Dalevon Campbell,WR,1,0.0,-6.2,-0.08439971875000002,6.2,43.0,44.0,49.0,46.5,44.0,0.397686125,289,88,D_SF_2TE_TEP
2025,00-0040476,Ulysses Bentley IV,RB,1,0.0,-5.25,-0.08455435156250002,5.25,34.0,35.0,40.0,37.5,35.0,0.3662964375,290,76,D_SF_2TE_TEP
2025,00-0038678,Jordan Mims,RB,1,0.0,-6.15,-0.08524800781250003,6.15,32.0,33.0,38.0,35.5,33.0,0.353554671875,291,77,D_SF_2TE_TEP
2025,00-0038809,Ben Sims,TE,3,7.5,-6.700000000000001,-0.08629196093749997,4.733333333333333,29.666666666666668,30.666666666666668,35.666666666666664,33.166666666666664,30.666666666666668,0.3910691276041667,292,69,D_SF_2TE_TEP
2025,00-0040522,Xavier Restrepo,WR,2,5.6,-6.15,-0.09237694531250001,5.875,41.5,42.5,47.5,45.0,42.5,0.38687201953125,293,89,D_SF_2TE_TEP
2025,00-0040162,Dylan Sampson,RB,15,71.10000000000001,-10.489999999999998,-0.0937486328124999,5.439333333333334,34.666666666666664,35.666666666666664,40.666666666666664,38.166666666666664,35.666666666666664,0.3728177541666666,294,78,D_SF_2TE_TEP
2025,00-0040172,Jordan Watkins,WR,2,3.6000000000000005,-7.500000000000001,-0.09594050781249991,5.550000000000001,49.0,50.0,55.0,52.5,50.0,0.40963859375,295,90,D_SF_2TE_TEP
2025,00-0040547,Nate Carter,RB,2,4.000000000000001,-7.55,-0.09989406249999994,5.775,32.5,33.5,38.5,36.0,33.5,0.373547390625,296,79,D_SF_2TE_TEP
2025,00-0037539,Lucas Krull,TE,2,4.5,-6.5,-0.10066465625000004,5.5,29.0,30.0,35.0,32.5,30.0,0.3815501328125,297,70,D_SF_2TE_TEP
2025,00-0038797,Emanuel Wilson,RB,17,87.00000000000001,-8.199999999999998,-0.10078528906249967,5.6000000000000005,34.88235294117647,35.88235294117647,40.88235294117647,38.38235294117647,35.88235294117647,0.37828473621323533,298,80,D_SF_2TE_TEP
2025,00-0039631,Cam Grandy,TE,2,3.7,-7.9,-0.10280930468750005,5.800000000000001,28.5,29.5,34.5,32.0,29.5,0.39817578124999997,299,71,D_SF_2TE_TEP
2025,00-0036360,Clyde Edwards-Helaire,RB,2,3.2,-8.2,-0.1047241484375,5.7,30.0,31.0,36.0,33.5,31.0,0.39734557812500004,300,81,D_SF_2TE_TEP
2025,00-0037277,Teagan Quitoriano,TE,2,0.0,-8.7,-0.10914792968750003,4.35,31.0,32.0,37.0,34.5,32.0,0.40101304687500006,301,72,D_SF_2TE_TEP
2025,00-0037031,Nikola Kalinic,TE,2,0.0,-8.25,-0.11111621875,4.125,33.5,34.5,39.5,37.0,34.5,0.40254055859375004,302,73,D_SF_2TE_TEP
2025,00-0032688,Robbie Chosen,WR,3,7.8,-9.05,-0.11189018749999996,5.616666666666667,44.333333333333336,45.333333333333336,50.333333333333336,47.833333333333336,45.333333333333336,0.4151834270833333,303,91,D_SF_2TE_TEP
2025,00-0036893,Najee Harris,RB,3,10.100000000000001,-7.35,-0.11189160156250005,5.816666666666667,33.333333333333336,34.333333333333336,39.333333333333336,36.833333333333336,34.333333333333336,0.3693666770833333,304,82,D_SF_2TE_TEP
2025,00-0036196,Gabe Davis,WR,6,24.900000000000002,-8.8,-0.11378585156249987,5.616666666666667,42.333333333333336,43.333333333333336,48.333333333333336,45.833333333333336,43.333333333333336,0.4037919401041667,305,92,D_SF_2TE_TEP
2025,00-0039824,Jared Wiley,TE,2,1.9,-7.75,-0.11402766406249998,4.825,32.0,33.0,38.0,35.5,33.0,0.38141330078125,306,74,D_SF_2TE_TEP
2025,00-0039884,Tahj Washington,WR,2,3.2,-8.750000000000002,-0.11421754687500002,5.9750000000000005,42.5,43.5,48.5,46.0,43.5,0.4101286796875,307,93,D_SF_2TE_TEP
2025,00-0037837,Calvin Austin III,WR,14,70.7,-13.000000000000004,-0.11421896874999982,5.978571428571429,44.142857142857146,45.142857142857146,50.142857142857146,47.642857142857146,45.142857142857146,0.4015521322544643,308,94,D_SF_2TE_TEP
2025,00-0038551,Kendre Miller,RB,7,30.8,-9.14,-0.1145914999999999,5.7057142857142855,33.57142857142857,34.57142857142857,39.57142857142857,37.07142857142857,34.57142857142857,0.370816171875,309,83,D_SF_2TE_TEP
2025,00-0037755,Jelani Woods,TE,2,1.9,-9.4,-0.11507494531250001,5.65,28.0,29.0,34.0,31.5,29.0,0.3993074765625,310,75,D_SF_2TE_TEP
2025,00-0038400,Tanner McKee,QB,4,15.760000000000002,-12.989999999999995,-0.11677974218749998,7.1875,24.0,25.0,30.0,27.5,25.0,0.33364640820312497,311,59,D_SF_2TE_TEP
2025,00-0033455,Anthony Firkser,TE,5,17.3,-8.600000000000001,-0.11957676562499997,5.18,28.8,29.8,34.8,32.3,29.8,0.3903347453125,312,76,D_SF_2TE_TEP
2025,00-0036497,Tim Jones,WR,2,2.0,-9.650000000000002,-0.12019957031249995,5.825000000000001,44.5,45.5,50.5,48.0,45.5,0.410100140625,313,95,D_SF_2TE_TEP
2025,00-0034983,Hunter Renfrow,WR,6,28.400000000000002,-10.05,-0.12178667968750012,6.408333333333334,45.333333333333336,46.333333333333336,51.333333333333336,48.833333333333336,46.333333333333336,0.39526402083333334,314,96,D_SF_2TE_TEP
2025,00-0039355,Luke McCaffrey,WR,9,45.800000000000004,-9.5,-0.12476890625000009,6.144444444444445,46.22222222222222,47.22222222222222,52.22222222222222,49.72222222222222,47.22222222222222,0.40026209027777776,315,97,D_SF_2TE_TEP
2025,00-0039794,Braelon Allen,RB,4,14.3,-9.400000000000002,-0.12505589843750003,5.925000000000001,35.25,36.25,41.25,38.75,36.25,0.367216359375,316,84,D_SF_2TE_TEP
2025,00-0039577,Kedon Slovis,QB,2,-0.08,-10.84,-0.12629363281250006,5.380000000000001,24.0,25.0,30.0,27.5,25.0,0.33086848437500005,317,60,D_SF_2TE_TEP
2025,00-0040429,Josh Williams,RB,2,1.1,-9.74,-0.12667946093749993,5.42,31.0,32.0,37.0,34.5,32.0,0.35786528124999994,318,85,D_SF_2TE_TEP
2025,00-0037324,Chris Oladokun,QB,3,11.200000000000001,-10.219999999999999,-0.12711265624999996,7.14,24.0,25.0,30.0,27.5,25.0,0.33452629427083336,319,61,D_SF_2TE_TEP
2025,00-0035956,Giovanni Ricci,TE,2,0.0,-11.049999999999999,-0.127962078125,5.5249999999999995,28.5,29.5,34.5,32.0,29.5,0.38173683984375,320,77,D_SF_2TE_TEP
2025,00-0038458,Owen Wright,RB,2,0.6000000000000001,-10.200000000000001,-0.12809175781249993,5.4,34.5,35.5,40.5,38.0,35.5,0.3848045078125,321,86,D_SF_2TE_TEP
2025,00-0037276,Ty Chandler,RB,3,7.300000000000001,-8.7,-0.12865913281249997,5.333333333333333,34.0,35.0,40.0,37.5,35.0,0.3721484479166666,322,87,D_SF_2TE_TEP
2025,00-0033757,Robert Tonyan,TE,2,1.6,-9.95,-0.13120507812499999,5.7749999999999995,27.0,28.0,33.0,30.5,28.0,0.39673596484375,323,78,D_SF_2TE_TEP
2025,00-0038582,Clayton Tune,QB,2,3.98,-11.129999999999999,-0.13346023437500004,7.555,24.0,25.0,30.0,27.5,25.0,0.34212447265625,324,62,D_SF_2TE_TEP
2025,00-0036959,Michael Bandy,WR,4,13.0,-10.5,-0.1343516953124999,5.875,44.75,45.75,50.75,48.25,45.75,0.412136064453125,325,98,D_SF_2TE_TEP
2025,00-0040194,Jackson Hawes,TE,13,60.7,-9.3,-0.13557261718750002,5.384615384615385,28.53846153846154,29.53846153846154,34.53846153846154,32.03846153846154,29.53846153846154,0.3899515841346154,326,79,D_SF_2TE_TEP
2025,00-0038951,Sean Tucker,RB,17,87.4,-6.890000000000003,-0.13569164062499994,5.5464705882352945,35.05882352941177,36.05882352941177,41.05882352941177,38.55882352941177,36.05882352941177,0.37546218106617646,327,88,D_SF_2TE_TEP
2025,00-0034270,Tyler Conklin,TE,6,20.8,-10.450000000000001,-0.13580521874999996,5.208333333333333,29.333333333333332,30.333333333333332,35.333333333333336,32.833333333333336,30.333333333333332,0.3796919544270833,328,80,D_SF_2TE_TEP
2025,00-0037524,Tay Martin,WR,2,3.3,-9.75,-0.13608679687499992,6.525,44.5,45.5,50.5,48.0,45.5,0.39638871093749994,329,99,D_SF_2TE_TEP
2025,00-0040241,Dominic Lovett,WR,2,0.0,-11.100000000000001,-0.13616609374999994,5.550000000000001,43.0,44.0,49.0,46.5,44.0,0.40705290625,330,100,D_SF_2TE_TEP
2025,00-0034955,Brett Rypien,QB,1,0.0,-10.770000000000001,-0.14017572656249994,10.770000000000001,24.0,25.0,30.0,27.5,25.0,0.39118737499999995,331,63,D_SF_2TE_TEP
2025,00-0039737,Tip Reiman,TE,3,6.3,-10.05,-0.1450204609375001,5.45,28.666666666666668,29.666666666666668,34.666666666666664,32.166666666666664,29.666666666666668,0.3707010989583333,332,81,D_SF_2TE_TEP
2025,00-0033307,Kendrick Bourne,WR,14,73.60000000000001,-11.799999999999994,-0.14989508593750006,6.1000000000000005,44.357142857142854,45.357142857142854,50.357142857142854,47.857142857142854,45.357142857142854,0.40266230301339284,333,101,D_SF_2TE_TEP
2025,00-0040352,Coleman Owen,WR,2,0.0,-12.85,-0.15005117968750004,6.425,43.5,44.5,49.5,47.0,44.5,0.41175947265625,334,102,D_SF_2TE_TEP
2025,00-0036569,Gary Brightwell,RB,2,0.0,-10.700000000000001,-0.15174817187500006,5.3500000000000005,36.0,37.0,42.0,39.5,37.0,0.378363203125,335,89,D_SF_2TE_TEP
2025,00-0040277,Jahdae Walker,WR,6,23.7,-12.250000000000004,-0.15203555468750002,5.991666666666667,43.666666666666664,44.666666666666664,49.666666666666664,47.166666666666664,44.666666666666664,0.4057500234375,336,103,D_SF_2TE_TEP
2025,00-0034867,Malik Turner,WR,2,0.0,-12.2,-0.15247919531249993,6.1,47.5,48.5,53.5,51.0,48.5,0.4096975390625,337,104,D_SF_2TE_TEP
2025,00-0040646,Jalen Royals,WR,2,1.4,-10.95,-0.15289560156249998,6.175000000000001,39.5,40.5,45.5,43.0,40.5,0.39729983593749996,338,105,D_SF_2TE_TEP
2025,00-0034054,River Cracraft,WR,2,0.0,-11.5,-0.15305297656250005,5.75,41.5,42.5,47.5,45.0,42.5,0.4112219921875,339,106,D_SF_2TE_TEP
2025,00-0039144,Luke Musgrave,TE,13,61.2,-9.799999999999997,-0.15308650000000007,5.461538461538462,28.076923076923077,29.076923076923077,34.07692307692308,31.576923076923077,29.076923076923077,0.39182066466346155,340,82,D_SF_2TE_TEP
2025,00-0035140,Mecole Hardman,WR,2,0.0,-12.4,-0.15331158593750005,6.2,42.5,43.5,48.5,46.0,43.5,0.416144578125,341,107,D_SF_2TE_TEP
2025,00-0038740,Jalen Moreno-Cropper,WR,2,0.0,-12.100000000000001,-0.15864173437499995,6.050000000000001,46.0,47.0,52.0,49.5,47.0,0.4061703203125,342,108,D_SF_2TE_TEP
2025,00-0038416,Tyson Bagent,QB,2,2.58,-13.280000000000001,-0.1592635078125,7.930000000000001,24.0,25.0,30.0,27.5,25.0,0.30216042187500003,343,64,D_SF_2TE_TEP
2025,00-0038393,Dontayvion Wicks,WR,13,60.800000000000004,-18.4,-0.16360086718749983,6.092307692307693,43.84615384615385,44.84615384615385,49.84615384615385,47.34615384615385,44.84615384615385,0.4014787668269231,344,109,D_SF_2TE_TEP
2025,00-0038783,Nate Adkins,TE,6,19.8,-12.95,-0.16556016406250001,5.458333333333333,28.333333333333332,29.333333333333332,34.333333333333336,31.833333333333332,29.333333333333332,0.3851352604166667,345,83,D_SF_2TE_TEP
2025,00-0037311,Ko Kieft,TE,2,0.0,-11.0,-0.16597321874999998,5.5,29.0,30.0,35.0,32.5,30.0,0.3815501328125,346,84,D_SF_2TE_TEP
2025,00-0039398,Joe Milton III,QB,4,14.32,-13.55,-0.16726228906249996,6.9675,24.0,25.0,30.0,27.5,25.0,0.336190990234375,347,65,D_SF_2TE_TEP
2025,00-0040669,Isaac TeSlaa,WR,14,67.9,-16.050000000000004,-0.16778359374999996,5.996428571428572,44.214285714285715,45.214285714285715,50.214285714285715,47.714285714285715,45.214285714285715,0.40354943247767855,348,110,D_SF_2TE_TEP
2025,00-0035726,Jakob Johnson,RB,2,0.0,-12.200000000000001,-0.168209546875,6.1000000000000005,33.0,34.0,39.0,36.5,34.0,0.370901796875,349,90,D_SF_2TE_TEP
2025,00-0036165,Isaiah Hodgins,WR,6,22.5,-12.500000000000002,-0.16850985937499996,5.833333333333333,42.666666666666664,43.666666666666664,48.666666666666664,46.166666666666664,43.666666666666664,0.40603297916666664,350,111,D_SF_2TE_TEP
2025,00-0038589,Josh Whyle,TE,6,17.1,-11.899999999999999,-0.16894577343750022,4.833333333333333,29.5,30.5,35.5,33.0,30.5,0.39428240104166673,351,85,D_SF_2TE_TEP
2025,00-0037340,Zaire Mitchell-Paden,TE,3,4.7,-12.5,-0.17401961718749992,5.733333333333334,27.333333333333332,28.333333333333332,33.333333333333336,30.833333333333332,28.333333333333332,0.38294768749999997,352,86,D_SF_2TE_TEP
2025,00-0033891,Zay Jones,WR,6,24.3,-11.45,-0.17466092187499993,5.958333333333333,45.166666666666664,46.166666666666664,51.166666666666664,48.666666666666664,46.166666666666664,0.40393345572916667,353,112,D_SF_2TE_TEP
2025,00-0040237,Tez Johnson,WR,15,78.4,-10.6,-0.17664957812500004,5.933333333333334,44.0,45.0,50.0,47.5,45.0,0.404087815625,354,113,D_SF_2TE_TEP
2025,00-0040705,Chimere Dike,WR,17,92.10000000000001,-9.750000000000004,-0.17745307812499977,5.991176470588236,44.529411764705884,45.529411764705884,50.529411764705884,48.029411764705884,45.529411764705884,0.4028605528492647,355,114,D_SF_2TE_TEP
2025,00-0037563,Malik Davis,RB,10,39.6,-16.600000000000005,-0.18137112499999974,5.62,34.9,35.9,40.9,38.4,35.9,0.38280245234375,356,91,D_SF_2TE_TEP
2025,00-0040556,Corey Kiner,RB,4,8.3,-15.150000000000002,-0.1825099140625,5.862500000000001,36.0,37.0,42.0,39.5,37.0,0.38518491796875,357,92,D_SF_2TE_TEP
2025,00-0035406,Lil'Jordan Humphrey,WR,7,28.099999999999998,-13.250000000000002,-0.1827745,5.9071428571428575,43.285714285714285,44.285714285714285,49.285714285714285,46.785714285714285,44.285714285714285,0.40372267410714285,358,115,D_SF_2TE_TEP
2025,00-0040488,Carter Runyon,TE,3,1.8,-15.149999999999999,-0.18285985156250006,5.6499999999999995,28.0,29.0,34.0,31.5,29.0,0.4014913463541667,359,87,D_SF_2TE_TEP
2025,00-0038618,Xavier Hutchinson,WR,16,80.5,-15.7,-0.1843014609375001,6.0125,44.625,45.625,50.625,48.125,45.625,0.40276164599609376,360,116,D_SF_2TE_TEP
2025,00-0038794,Jaleel McLaughlin,RB,8,29.400000000000002,-15.200000000000003,-0.1848119843749999,5.575,36.625,37.625,42.625,40.125,37.625,0.38121623339843747,361,93,D_SF_2TE_TEP
2025,00-0034419,Braxton Berrios,WR,4,6.700000000000001,-15.600000000000001,-0.1857575859374999,5.575,46.75,47.75,52.75,50.25,47.75,0.410109359375,362,117,D_SF_2TE_TEP
2025,00-0033943,Josh Reynolds,WR,5,17.6,-13.100000000000001,-0.18618910937499994,6.140000000000001,45.0,46.0,51.0,48.5,46.0,0.400226340625,363,118,D_SF_2TE_TEP
2025,00-0038619,Andrei Iosivas,WR,15,73.4,-16.0,-0.18637956249999993,5.96,44.46666666666667,45.46666666666667,50.46666666666667,47.96666666666667,45.46666666666667,0.40390197031249997,364,119,D_SF_2TE_TEP
2025,00-0039650,Bryce Oliver,WR,2,1.3,-12.25,-0.18767335937500002,6.775,48.5,49.5,54.5,52.0,49.5,0.38833875781250005,365,120,D_SF_2TE_TEP
2025,00-0036328,Antonio Gibson,RB,5,16.2,-12.840000000000002,-0.18828701562499994,5.808,34.4,35.4,40.4,37.9,35.4,0.365150028125,366,94,D_SF_2TE_TEP
2025,00-0033591,Noah Brown,WR,4,10.8,-13.65,-0.19204178124999993,6.112500000000001,46.75,47.75,52.75,50.25,47.75,0.39861773046875,367,121,D_SF_2TE_TEP
2025,00-0037475,Stone Smartt,TE,6,15.7,-16.25,-0.19265887500000012,5.325,28.0,29.0,34.0,31.5,29.0,0.39115532682291665,368,88,D_SF_2TE_TEP
2025,00-0031237,Teddy Bridgewater,QB,3,2.88,-17.229999999999997,-0.19661732031250007,6.703333333333333,24.0,25.0,30.0,27.5,25.0,0.35217793750000004,369,66,D_SF_2TE_TEP
2025,00-0036422,Adam Trautman,TE,13,55.5,-15.95,-0.1968928671875001,5.496153846153846,27.846153846153847,28.846153846153847,33.84615384615385,31.346153846153847,28.846153846153847,0.3877191195913462,370,89,D_SF_2TE_TEP
2025,00-0032385,Sterling Shepard,WR,13,62.5,-14.250000000000002,-0.1969198281249998,5.903846153846154,44.92307692307692,45.92307692307692,50.92307692307692,48.42307692307692,45.92307692307692,0.4001378221153846,371,122,D_SF_2TE_TEP
2025,00-0038621,DeMario Douglas,WR,16,80.3,-15.600000000000001,-0.19803016406249968,5.99375,44.75,45.75,50.75,48.25,45.75,0.404452419921875,372,123,D_SF_2TE_TEP
2025,00-0039754,Devin Culp,TE,4,8.1,-14.049999999999999,-0.19815766406249996,5.5375,29.0,30.0,35.0,32.5,30.0,0.38014694726562503,373,90,D_SF_2TE_TEP
2025,00-0039458,Brenden Bates,TE,5,10.8,-16.45,-0.19831209374999997,5.45,29.2,30.2,35.2,32.7,30.2,0.3828293375,374,91,D_SF_2TE_TEP
2025,00-0039880,Malik Washington,WR,17,87.7,-14.400000000000002,-0.19930585937500012,6.005882352941177,44.470588235294116,45.470588235294116,50.470588235294116,47.970588235294116,45.470588235294116,0.4033087987132353,375,124,D_SF_2TE_TEP
2025,00-0036414,Cam Akers,RB,4,7.180000000000001,-14.96,-0.19936818749999985,5.535,33.25,34.25,39.25,36.75,34.25,0.3738206328125,376,95,D_SF_2TE_TEP
2025,00-0040187,Mitchell Evans,TE,14,57.7,-16.849999999999998,-0.19981428906250026,5.325,29.285714285714285,30.285714285714285,35.285714285714285,32.785714285714285,30.285714285714285,0.38976020033482145,377,92,D_SF_2TE_TEP
2025,00-0034073,Ross Dwelley,TE,4,3.7,-15.0,-0.2005811171875001,4.675,28.25,29.25,34.25,31.75,29.25,0.39057014453125,378,93,D_SF_2TE_TEP
2025,00-0039792,Devontez Walker,WR,8,34.6,-16.200000000000003,-0.20162732031250008,6.3500000000000005,43.125,44.125,49.125,46.625,44.125,0.3957612919921875,379,125,D_SF_2TE_TEP
2025,00-0035500,Greg Dortch,WR,12,60.6,-12.65,-0.2025956171875002,6.104166666666667,44.5,45.5,50.5,48.0,45.5,0.400117998046875,380,126,D_SF_2TE_TEP
2025,00-0037012,Trey Lance,QB,4,15.54,-16.119999999999997,-0.20299910937500001,7.914999999999999,24.0,25.0,30.0,27.5,25.0,0.34080283984375004,381,67,D_SF_2TE_TEP
2025,00-0034681,Chase Edmonds,RB,3,0.0,-17.400000000000002,-0.20471159374999998,5.800000000000001,35.333333333333336,36.333333333333336,41.333333333333336,38.833333333333336,36.333333333333336,0.3816500911458333,382,96,D_SF_2TE_TEP
2025,00-0038705,Emari Demercado,RB,12,51.8,-16.340000000000003,-0.20733681249999997,5.678333333333334,34.833333333333336,35.833333333333336,40.833333333333336,38.333333333333336,35.833333333333336,0.3785980436197917,383,97,D_SF_2TE_TEP
2025,00-0037654,Tucker Fisk,TE,4,4.9,-15.5,-0.20914425781249985,5.1,30.0,31.0,36.0,33.5,31.0,0.38658084765625,384,94,D_SF_2TE_TEP
2025,00-0034577,Kyle Allen,QB,2,-0.30000000000000004,-17.46,-0.21276613281249998,8.58,24.0,25.0,30.0,27.5,25.0,0.3445282421875,385,68,D_SF_2TE_TEP
2025,00-0037801,KaVontae Turpin,WR,15,71.5,-18.25,-0.21503307812499994,5.983333333333333,44.333333333333336,45.333333333333336,50.333333333333336,47.833333333333336,45.333333333333336,0.4024192505208333,386,127,D_SF_2TE_TEP
2025,00-0039394,Casey Washington,WR,5,12.400000000000002,-16.75,-0.21778101562500002,5.83,45.6,46.6,51.6,49.1,46.6,0.40039475625,387,128,D_SF_2TE_TEP
2025,00-0040431,Dalen Cambre,WR,3,0.0,-17.5,-0.2178210390625,5.833333333333333,43.0,44.0,49.0,46.5,44.0,0.4165765598958333,388,129,D_SF_2TE_TEP
2025,00-0039912,Ben Sinnott,TE,9,33.9,-16.1,-0.21834027343749995,5.555555555555555,27.555555555555557,28.555555555555557,33.55555555555556,31.055555555555557,28.555555555555557,0.3920843958333333,389,95,D_SF_2TE_TEP
2025,00-0034386,Justin Watson,WR,3,4.5,-14.8,-0.218801203125,6.433333333333334,45.333333333333336,46.333333333333336,51.333333333333336,48.833333333333336,46.333333333333336,0.39546578125,390,130,D_SF_2TE_TEP
2025,00-0036984,Trey Sermon,RB,3,0.0,-17.0,-0.21922110937500006,5.666666666666667,35.333333333333336,36.333333333333336,41.333333333333336,38.833333333333336,36.333333333333336,0.3775999114583333,391,98,D_SF_2TE_TEP
2025,00-0033526,Samaje Perine,RB,15,69.4,-15.840000000000003,-0.2202271875000001,5.682666666666667,34.53333333333333,35.53333333333333,40.53333333333333,38.03333333333333,35.53333333333333,0.37673000104166665,392,99,D_SF_2TE_TEP
2025,00-0039041,Elijah Higgins,TE,17,73.1,-16.999999999999996,-0.22179399218750012,5.3,29.11764705882353,30.11764705882353,35.11764705882353,32.61764705882353,30.11764705882353,0.3886983478860294,393,96,D_SF_2TE_TEP
2025,00-0033282,Curtis Samuel,WR,6,17.6,-17.650000000000002,-0.2239376015624998,5.875,45.666666666666664,46.666666666666664,51.666666666666664,49.166666666666664,46.666666666666664,0.4076845651041667,394,131,D_SF_2TE_TEP
2025,00-0039164,Anthony Richardson,QB,2,1.66,-17.650000000000002,-0.22427780468749994,9.655000000000001,24.0,25.0,30.0,27.5,25.0,0.35372876171875,395,69,D_SF_2TE_TEP
2025,00-0033357,Taysom Hill,TE,13,47.28,-18.52,-0.22776422656250028,5.061538461538461,29.384615384615383,30.384615384615383,35.38461538461539,32.88461538461539,30.384615384615383,0.3871009170673077,396,97,D_SF_2TE_TEP
2025,00-0035208,Olamide Zaccheaus,WR,14,65.30000000000001,-18.4,-0.22938322656250004,5.978571428571429,44.57142857142857,45.57142857142857,50.57142857142857,48.07142857142857,45.57142857142857,0.40025432533482147,397,132,D_SF_2TE_TEP
2025,00-0036628,John Bates,TE,10,32.8,-19.45,-0.2300669921875001,5.225,28.7,29.7,34.7,32.2,29.7,0.38358855,398,98,D_SF_2TE_TEP
2025,00-0039305,Jack Westover,TE,4,1.5,-18.0,-0.23029093749999996,4.875,31.0,32.0,37.0,34.5,32.0,0.39484723828125,399,99,D_SF_2TE_TEP
2025,00-0039757,Terrell Jennings,RB,6,14.700000000000001,-17.75,-0.23084745312499994,5.408333333333334,33.166666666666664,34.166666666666664,39.166666666666664,36.666666666666664,34.166666666666664,0.37985810026041666,400,100,D_SF_2TE_TEP
2025,00-0037805,Jeremy Ruckert,TE,14,58.400000000000006,-18.999999999999996,-0.23092757031249994,5.528571428571429,27.714285714285715,28.714285714285715,33.714285714285715,31.214285714285715,28.714285714285715,0.387155859375,401,100,D_SF_2TE_TEP
2025,00-0036429,Charlie Woerner,TE,7,16.8,-19.15,-0.2323254453125,5.135714285714286,29.285714285714285,30.285714285714285,35.285714285714285,32.785714285714285,30.285714285714285,0.39246740066964286,402,101,D_SF_2TE_TEP
2025,00-0038590,Justin Shorter,TE,3,0.0,-16.549999999999997,-0.2332987890625,5.516666666666666,29.0,30.0,35.0,32.5,30.0,0.38422209375000005,403,102,D_SF_2TE_TEP
2025,00-0034159,Will Dissly,TE,8,26.200000000000003,-17.15,-0.2337922031250002,5.41875,29.0,30.0,35.0,32.5,30.0,0.3933181103515625,404,103,D_SF_2TE_TEP
2025,00-0034365,Ian Thomas,TE,9,30.9,-16.85,-0.23597482812499998,5.305555555555555,28.88888888888889,29.88888888888889,34.888888888888886,32.388888888888886,29.88888888888889,0.38936082552083334,405,104,D_SF_2TE_TEP
2025,00-0034928,Steven Sims,WR,3,0.0,-18.25,-0.23634738281250012,6.083333333333333,41.333333333333336,42.333333333333336,47.333333333333336,44.833333333333336,42.333333333333336,0.4101143697916667,406,133,D_SF_2TE_TEP
2025,00-0037291,Jalen Nailor,WR,17,86.2,-15.450000000000005,-0.23979119531249993,5.979411764705882,44.529411764705884,45.529411764705884,50.529411764705884,48.029411764705884,45.529411764705884,0.40316759329044116,407,134,D_SF_2TE_TEP
2025,00-0031345,Jimmy Garoppolo,QB,3,-1.0,-20.73,-0.24135980468750012,6.576666666666667,24.0,25.0,30.0,27.5,25.0,0.3366161171875,408,70,D_SF_2TE_TEP
2025,00-0034981,Foster Moreau,TE,7,16.4,-19.05,-0.2436409765625,5.064285714285715,28.142857142857142,29.142857142857142,34.142857142857146,31.642857142857142,29.142857142857142,0.3937167254464286,409,105,D_SF_2TE_TEP
2025,00-0040024,Darius Cooper,WR,6,13.700000000000003,-19.549999999999997,-0.24602990624999982,5.541666666666667,43.5,44.5,49.5,47.0,44.5,0.41111166536458327,410,135,D_SF_2TE_TEP
2025,00-0038454,Keaton Mitchell,RB,13,50.900000000000006,-20.44,-0.24695035156249984,5.487692307692308,34.76923076923077,35.76923076923077,40.76923076923077,38.26923076923077,35.76923076923077,0.37902444411057695,411,101,D_SF_2TE_TEP
2025,00-0033589,David Moore,WR,3,2.2,-16.85,-0.24979172656250004,6.3500000000000005,43.333333333333336,44.333333333333336,49.333333333333336,46.833333333333336,44.333333333333336,0.3916598958333333,412,136,D_SF_2TE_TEP
2025,00-0035291,Trayveon Williams,RB,6,13.1,-20.5,-0.251329765625,5.6000000000000005,36.333333333333336,37.333333333333336,42.333333333333336,39.833333333333336,37.333333333333336,0.38128197656249996,413,102,D_SF_2TE_TEP
2025,00-0040134,Pat Bryant,WR,13,59.300000000000004,-18.500000000000004,-0.2514000234374998,5.984615384615386,44.30769230769231,45.30769230769231,50.30769230769231,47.80769230769231,45.30769230769231,0.4029081352163461,414,137,D_SF_2TE_TEP
2025,00-0033217,Mo Alie-Cox,TE,11,37.2,-19.4,-0.2539390937500002,5.1454545454545455,29.636363636363637,30.636363636363637,35.63636363636363,33.13636363636363,30.636363636363637,0.3940341072443182,415,106,D_SF_2TE_TEP
2025,00-0036906,Khalil Herbert,RB,5,6.1000000000000005,-20.94,-0.25733998437499994,5.408,34.8,35.8,40.8,38.3,35.8,0.3788584078125,416,103,D_SF_2TE_TEP
2025,00-0037086,Grant Calcaterra,TE,9,27.1,-20.400000000000002,-0.25832704687499997,5.277777777777778,29.333333333333332,30.333333333333332,35.333333333333336,32.833333333333336,30.333333333333332,0.3875507725694444,417,107,D_SF_2TE_TEP
2025,00-0035298,Scott Miller,WR,5,10.7,-19.9,-0.25877869531250003,6.12,42.0,43.0,48.0,45.5,43.0,0.405344090625,418,138,D_SF_2TE_TEP
2025,00-0037348,Tanner Conner,TE,8,22.6,-19.45,-0.25946167187499997,5.25625,29.5,30.5,35.5,33.0,30.5,0.38135629296875,419,108,D_SF_2TE_TEP
2025,00-0040179,DJ Giddens,RB,5,9.600000000000001,-18.59,-0.26044328125,5.638,33.0,34.0,39.0,36.5,34.0,0.370669609375,420,104,D_SF_2TE_TEP
2025,00-0031484,Chris Manhertz,TE,4,2.2,-19.65,-0.2615228203124999,5.4625,29.75,30.75,35.75,33.25,30.75,0.393057267578125,421,109,D_SF_2TE_TEP
2025,00-0038492,Jason Brownlee,WR,3,0.0,-18.35,-0.2618658203125,6.116666666666667,46.333333333333336,47.333333333333336,52.333333333333336,49.833333333333336,47.333333333333336,0.40158478645833334,422,139,D_SF_2TE_TEP
2025,00-0027973,Andy Dalton,QB,4,11.52,-21.040000000000003,-0.26563962499999993,8.14,24.0,25.0,30.0,27.5,25.0,0.34538133984374997,423,71,D_SF_2TE_TEP
2025,00-0034775,Christian Kirk,WR,11,43.9,-20.900000000000002,-0.26799840624999993,5.890909090909091,43.36363636363637,44.36363636363637,49.36363636363637,46.86363636363637,44.36363636363637,0.4063284659090909,424,140,D_SF_2TE_TEP
2025,00-0034771,Mason Rudolph,QB,5,19.0,-21.83,-0.2691638906250001,8.166,24.0,25.0,30.0,27.5,25.0,0.3427166953125,425,72,D_SF_2TE_TEP
2025,00-0040205,Kalel Mullings,RB,4,0.7000000000000001,-22.5,-0.26963428125000005,5.800000000000001,35.5,36.5,41.5,39.0,36.5,0.38554984375,426,105,D_SF_2TE_TEP
2025,00-0039739,Roman Wilson,WR,9,32.6,-20.050000000000004,-0.2708733203125001,5.8500000000000005,45.22222222222222,46.22222222222222,51.22222222222222,48.72222222222222,46.22222222222222,0.4030309296875,427,141,D_SF_2TE_TEP
2025,00-0035704,Drew Lock,QB,3,0.09999999999999998,-22.160000000000004,-0.27145825,7.420000000000001,24.0,25.0,30.0,27.5,25.0,0.34955217187500004,428,73,D_SF_2TE_TEP
2025,00-0034367,Nyheim Hines,RB,4,-0.2,-22.0,-0.27353202343749994,5.45,32.0,33.0,38.0,35.5,33.0,0.37929305859374995,429,106,D_SF_2TE_TEP
2025,00-0038976,Marvin Mims Jr.,WR,15,70.5,-19.950000000000003,-0.27393796093750006,6.03,44.46666666666667,45.46666666666667,50.46666666666667,47.96666666666667,45.46666666666667,0.4024032864583333,430,142,D_SF_2TE_TEP
2025,00-0040432,Beaux Collins,WR,4,3.5,-20.900000000000002,-0.2748141953125,6.1000000000000005,49.25,50.25,55.25,52.75,50.25,0.4030996328125,431,143,D_SF_2TE_TEP
2025,00-0038979,Cedric Tillman,WR,12,49.5,-22.750000000000004,-0.2766525390624999,6.020833333333333,43.166666666666664,44.166666666666664,49.166666666666664,46.666666666666664,44.166666666666664,0.39996308333333336,432,144,D_SF_2TE_TEP
2025,00-0040649,Robbie Ouzts,RB,4,0.0,-21.450000000000003,-0.27680753906250005,5.362500000000001,34.25,35.25,40.25,37.75,35.25,0.3773671875,433,107,D_SF_2TE_TEP
2025,00-0035876,Andre Baccellia,WR,4,1.8,-21.3,-0.2772603906249998,5.775,43.25,44.25,49.25,46.75,44.25,0.4034712265625,434,145,D_SF_2TE_TEP
2025,00-0039342,Xavier Legette,WR,15,71.80000000000001,-17.9,-0.27781753906249995,5.98,44.86666666666667,45.86666666666667,50.86666666666667,48.36666666666667,45.86666666666667,0.40490350625,435,146,D_SF_2TE_TEP
2025,00-0040058,Nick Kallerup,TE,4,0.0,-21.799999999999997,-0.27818744531250006,5.449999999999999,27.75,28.75,33.75,31.25,28.75,0.3860263828125,436,110,D_SF_2TE_TEP
2025,00-0033439,Pharaoh Brown,TE,5,3.1,-22.0,-0.2797034296875,5.0200000000000005,29.0,30.0,35.0,32.5,30.0,0.3958872828125,437,111,D_SF_2TE_TEP
2025,00-0038720,Julian Hill,TE,11,38.5,-19.75,-0.27992771093750013,5.295454545454546,29.545454545454547,30.545454545454547,35.54545454545455,33.04545454545455,30.545454545454547,0.3828623160511364,438,112,D_SF_2TE_TEP
2025,00-0038040,Zamir White,RB,5,7.6,-20.6,-0.29047857812499994,5.640000000000001,33.6,34.6,39.6,37.1,34.6,0.3716497875,439,108,D_SF_2TE_TEP
2025,00-0037742,Treylon Burks,WR,8,24.0,-23.35,-0.2907747578124999,5.91875,42.75,43.75,48.75,46.25,43.75,0.405004783203125,440,147,D_SF_2TE_TEP
2025,00-0035628,D'Ernest Johnson,RB,5,2.5,-23.900000000000002,-0.29444785156249986,5.28,34.6,35.6,40.6,38.1,35.6,0.3777286203125,441,109,D_SF_2TE_TEP
2025,00-0036849,Tutu Atwell,WR,8,28.2,-22.200000000000003,-0.29543459374999986,6.3,44.75,45.75,50.75,48.25,45.75,0.40065060839843747,442,148,D_SF_2TE_TEP
2025,00-0036427,Tyler Johnson,WR,9,31.7,-22.3,-0.2980733359374999,6.0,45.44444444444444,46.44444444444444,51.44444444444444,48.94444444444444,46.44444444444444,0.4032588767361111,443,149,D_SF_2TE_TEP
2025,00-0039890,Adonai Mitchell,WR,16,71.4,-24.799999999999997,-0.30003696875,6.0125,44.625,45.625,50.625,48.125,45.625,0.40276164599609376,444,150,D_SF_2TE_TEP
2025,00-0033376,Patrick Ricard,RB,5,1.6,-23.85,-0.30189254687499983,5.090000000000001,36.4,37.4,42.4,39.9,37.4,0.37619616875,445,110,D_SF_2TE_TEP
2025,00-0038640,Jalen Brooks,WR,5,6.6000000000000005,-23.25,-0.30223215625000005,5.970000000000001,43.8,44.8,49.8,47.3,44.8,0.40866198750000005,446,151,D_SF_2TE_TEP
2025,00-0038839,Mitchell Tinsley,WR,8,27.6,-23.300000000000004,-0.3055211484374999,6.362500000000001,43.625,44.625,49.625,47.125,44.625,0.39682878515625,447,152,D_SF_2TE_TEP
2025,00-0037258,Dameon Pierce,RB,5,3.6,-22.39,-0.30642299218749997,5.198,33.4,34.4,39.4,36.9,34.4,0.3675113,448,111,D_SF_2TE_TEP
2025,00-0034487,Trent Sherfield,WR,4,3.6,-21.200000000000003,-0.3088637109375,6.2,47.5,48.5,53.5,51.0,48.5,0.396687169921875,449,153,D_SF_2TE_TEP
2025,00-0036332,Josiah Deguara,TE,7,12.6,-24.8,-0.3092891875,5.3428571428571425,28.571428571428573,29.571428571428573,34.57142857142857,32.07142857142857,29.571428571428573,0.4020295558035714,450,113,D_SF_2TE_TEP
2025,00-0036309,Darnell Mooney,WR,15,66.3,-22.650000000000002,-0.30967256249999975,5.930000000000001,44.06666666666667,45.06666666666667,50.06666666666667,47.56666666666667,45.06666666666667,0.4035691859375,451,154,D_SF_2TE_TEP
2025,00-0036232,Harrison Bryant,TE,5,3.7,-23.85,-0.31070253125,5.51,28.8,29.8,34.8,32.3,29.8,0.38403129375,452,114,D_SF_2TE_TEP
2025,00-0036626,Dyami Brown,WR,11,39.7,-27.05,-0.3135896796875,6.068181818181818,45.09090909090909,46.09090909090909,51.09090909090909,48.59090909090909,46.09090909090909,0.4061937947443182,453,155,D_SF_2TE_TEP
2025,00-0038046,Charlie Kolar,TE,13,41.2,-26.25,-0.3200253828125,5.188461538461539,28.76923076923077,29.76923076923077,34.76923076923077,32.26923076923077,29.76923076923077,0.3886456466346154,454,115,D_SF_2TE_TEP
2025,00-0036133,James Proche,WR,6,9.5,-24.650000000000002,-0.32360798437499994,5.691666666666666,42.666666666666664,43.666666666666664,48.666666666666664,46.166666666666664,43.666666666666664,0.40233023828125,455,156,D_SF_2TE_TEP
2025,00-0035631,Drew Sample,TE,12,39.4,-24.8,-0.32675225000000013,5.3500000000000005,29.583333333333332,30.583333333333332,35.583333333333336,33.083333333333336,30.583333333333332,0.38736695963541673,456,116,D_SF_2TE_TEP
2025,00-0034798,Durham Smythe,TE,7,8.5,-26.2,-0.32826294531250005,4.957142857142857,29.857142857142858,30.857142857142858,35.857142857142854,33.357142857142854,30.857142857142858,0.3935699832589286,457,117,D_SF_2TE_TEP
2025,00-0037013,Zach Wilson,QB,4,1.3800000000000001,-25.9,-0.3295096171875,6.82,24.0,25.0,30.0,27.5,25.0,0.316994396484375,458,74,D_SF_2TE_TEP
2025,00-0036425,DeeJay Dallas,RB,5,2.1,-25.69,-0.33040420312499996,5.558000000000001,34.4,35.4,40.4,37.9,35.4,0.37453335,459,112,D_SF_2TE_TEP
2025,00-0036637,Noah Gray,TE,14,49.300000000000004,-24.799999999999997,-0.33157137500000017,5.292857142857143,29.142857142857142,30.142857142857142,35.142857142857146,32.642857142857146,30.142857142857142,0.3940038716517857,460,118,D_SF_2TE_TEP
2025,00-0039062,Jonathan Mingo,WR,5,3.0,-26.15,-0.33266035937500005,5.83,42.8,43.8,48.8,46.3,43.8,0.409627303125,461,157,D_SF_2TE_TEP
2025,00-0037614,John Metchie III,WR,13,55.400000000000006,-22.950000000000003,-0.3351738671874999,6.026923076923078,43.38461538461539,44.38461538461539,49.38461538461539,46.88461538461539,44.38461538461539,0.40116744771634616,462,158,D_SF_2TE_TEP
2025,00-0040739,Elijah Arroyo,TE,13,44.4,-23.8,-0.3363427421875,5.246153846153846,29.0,30.0,35.0,32.5,30.0,0.38790217367788465,463,119,D_SF_2TE_TEP
2025,00-0038752,Jake Bobo,WR,5,3.0,-26.75,-0.34434111718750005,5.95,44.6,45.6,50.6,48.1,45.6,0.40380832968749997,464,159,D_SF_2TE_TEP
2025,00-0038953,Dylan Drummond,WR,6,7.7,-26.450000000000003,-0.3496044765625,5.691666666666666,42.666666666666664,43.666666666666664,48.666666666666664,46.166666666666664,43.666666666666664,0.40233023828125,465,160,D_SF_2TE_TEP
2025,00-0038397,Evan Hull,RB,6,5.9,-27.650000000000006,-0.3544181171875,5.591666666666668,37.333333333333336,38.333333333333336,43.333333333333336,40.833333333333336,38.333333333333336,0.38192046875,466,113,D_SF_2TE_TEP
2025,00-0036176,Mason Kinsey,WR,6,5.800000000000001,-28.5,-0.36005278125,5.716666666666668,43.833333333333336,44.833333333333336,49.833333333333336,47.333333333333336,44.833333333333336,0.4118186028645833,467,161,D_SF_2TE_TEP
2025,00-0038102,Kenny Pickett,QB,6,11.72,-32.56,-0.3601996718750001,7.379999999999999,24.0,25.0,30.0,27.5,25.0,0.3424142903645833,468,75,D_SF_2TE_TEP
2025,00-0036741,Jack Stoll,TE,9,19.6,-28.95,-0.3636591328125001,5.394444444444444,27.77777777777778,28.77777777777778,33.77777777777778,31.27777777777778,28.77777777777778,0.3895911362847222,469,120,D_SF_2TE_TEP
2025,00-0038938,Jalin Hyatt,WR,6,6.0,-29.8,-0.3641502187499999,5.966666666666668,45.666666666666664,46.666666666666664,51.666666666666664,49.166666666666664,46.666666666666664,0.4123975872395833,470,162,D_SF_2TE_TEP
2025,00-0040509,Ben Yurosek,TE,6,4.4,-27.200000000000003,-0.3673081718749998,5.266666666666667,29.833333333333332,30.833333333333332,35.833333333333336,33.333333333333336,30.833333333333332,0.3928044231770833,471,121,D_SF_2TE_TEP
2025,00-0036265,AJ Dillon,RB,6,7.6000000000000005,-26.19,-0.36751879687500005,5.631666666666667,34.0,35.0,40.0,37.5,35.0,0.3673809309895833,472,114,D_SF_2TE_TEP
2025,00-0033955,Jeremy McNichols,RB,16,60.2,-29.040000000000003,-0.3685792421875,5.577500000000001,35.0,36.0,41.0,38.5,36.0,0.377771720703125,473,115,D_SF_2TE_TEP
2025,00-0033662,Cooper Rush,QB,4,9.719999999999999,-30.130000000000003,-0.36952119531249994,9.9625,24.0,25.0,30.0,27.5,25.0,0.33822602734375,474,76,D_SF_2TE_TEP
2025,00-0034407,Ray-Ray McCloud,WR,6,10.4,-27.6,-0.36958436718749993,6.333333333333333,44.833333333333336,45.833333333333336,50.833333333333336,48.333333333333336,45.833333333333336,0.3965739609375,475,163,D_SF_2TE_TEP
2025,00-0032398,Chris Moore,WR,10,33.1,-27.4,-0.37003190624999993,6.05,44.0,45.0,50.0,47.5,45.0,0.4053493890625,476,164,D_SF_2TE_TEP
2025,00-0036841,Austin Trammell,WR,6,6.1000000000000005,-27.750000000000004,-0.37012624218749995,5.641666666666667,43.333333333333336,44.333333333333336,49.333333333333336,46.833333333333336,44.333333333333336,0.40341798958333336,477,165,D_SF_2TE_TEP
2025,00-0038440,Zavier Scott,RB,11,32.2,-29.840000000000003,-0.3703736484374999,5.640000000000001,35.0,36.0,41.0,38.5,36.0,0.377209015625,478,116,D_SF_2TE_TEP
2025,00-0037557,Ronnie Rivers,RB,6,4.6000000000000005,-28.950000000000003,-0.3721476640625,5.591666666666668,37.333333333333336,38.333333333333336,43.333333333333336,40.833333333333336,38.333333333333336,0.38192046875,479,117,D_SF_2TE_TEP
2025,00-0033949,Joshua Dobbs,QB,4,2.1,-31.209999999999997,-0.3738495703125,8.3275,24.0,25.0,30.0,27.5,25.0,0.345753115234375,480,77,D_SF_2TE_TEP
2025,00-0035359,David Sills,WR,12,40.1,-29.200000000000003,-0.37387757031250013,5.7749999999999995,43.75,44.75,49.75,47.25,44.75,0.406074720703125,481,166,D_SF_2TE_TEP
2025,00-0038555,Tank Bigsby,RB,15,52.3,-30.290000000000003,-0.37648647656249984,5.506,34.93333333333333,35.93333333333333,40.93333333333333,38.43333333333333,35.93333333333333,0.3774932677083333,482,118,D_SF_2TE_TEP
2025,00-0035544,Tom Kennedy,WR,6,5.6,-30.1,-0.380444453125,5.95,42.166666666666664,43.166666666666664,48.166666666666664,45.666666666666664,43.166666666666664,0.40330633072916666,483,167,D_SF_2TE_TEP
2025,00-0039623,Mason Tipton,WR,8,14.900000000000002,-30.8,-0.3812409296875,5.7125,44.375,45.375,50.375,47.875,45.375,0.4030145986328125,484,168,D_SF_2TE_TEP
2025,00-0040667,Matthew Golden,WR,14,55.5,-28.150000000000002,-0.38205558593749983,5.9750000000000005,44.642857142857146,45.642857142857146,50.642857142857146,48.142857142857146,45.642857142857146,0.4047848415178571,485,169,D_SF_2TE_TEP
2025,00-0031763,DeAndre Carter,WR,4,0.0,-26.35,-0.3836051171875,6.5875,45.0,46.0,51.0,48.5,46.0,0.38981087109375,486,170,D_SF_2TE_TEP
2025,00-0036415,Van Jefferson,WR,14,55.5,-27.900000000000002,-0.38569392968749977,5.957142857142857,44.42857142857143,45.42857142857143,50.42857142857143,47.92857142857143,45.42857142857143,0.40275701953125004,487,171,D_SF_2TE_TEP
2025,00-0035289,Gardner Minshew,QB,4,1.6799999999999997,-34.48,-0.3880323203124999,9.04,24.0,25.0,30.0,27.5,25.0,0.349775625,488,78,D_SF_2TE_TEP
2025,00-0035567,Craig Reynolds,RB,5,0.4,-27.990000000000002,-0.3882066015625,5.678,34.0,35.0,40.0,37.5,35.0,0.3631844546875,489,119,D_SF_2TE_TEP
2025,00-0034418,Cedrick Wilson Jr.,WR,6,6.9,-29.000000000000004,-0.38845599999999997,5.983333333333334,43.5,44.5,49.5,47.0,44.5,0.4035536276041667,490,172,D_SF_2TE_TEP
2025,00-0037745,Velus Jones Jr.,WR,5,3.2,-27.1,-0.38874715624999995,6.0600000000000005,44.6,45.6,50.6,48.1,45.6,0.39701017031249997,491,173,D_SF_2TE_TEP
2025,00-0033319,Nick Mullens,QB,4,-0.040000000000000036,-33.0,-0.392648125,8.239999999999998,24.0,25.0,30.0,27.5,25.0,0.344569501953125,492,79,D_SF_2TE_TEP
2025,00-0038679,Tyrell Shavers,WR,11,38.0,-28.800000000000004,-0.3934521249999998,6.072727272727274,44.27272727272727,45.27272727272727,50.27272727272727,47.77272727272727,45.27272727272727,0.4042325078125,493,174,D_SF_2TE_TEP
2025,00-0034860,Dante Pettis,WR,8,15.200000000000001,-31.15,-0.39376829687499987,5.79375,42.5,43.5,48.5,46.0,43.5,0.4039429130859375,494,175,D_SF_2TE_TEP
2025,00-0036980,Elijah Moore,WR,9,24.099999999999998,-29.650000000000006,-0.3944047265624998,5.972222222222222,45.333333333333336,46.333333333333336,51.333333333333336,48.833333333333336,46.333333333333336,0.39940767274305555,495,176,D_SF_2TE_TEP
2025,00-0040673,Jalen Milroe,QB,3,-1.6,-30.900000000000002,-0.39593641406249996,9.766666666666667,24.0,25.0,30.0,27.5,25.0,0.33525696614583333,496,80,D_SF_2TE_TEP
2025,00-0039798,Isaiah Davis,RB,16,60.7,-28.190000000000005,-0.39950385156249996,5.555625,35.125,36.125,41.125,38.625,36.125,0.3746558603515625,497,120,D_SF_2TE_TEP
2025,00-0037306,John FitzPatrick,TE,11,31.2,-29.65,-0.4016713906250001,5.531818181818182,27.727272727272727,28.727272727272727,33.72727272727273,31.227272727272727,28.727272727272727,0.3921407244318182,498,122,D_SF_2TE_TEP
2025,00-0034272,Marquez Valdes-Scantling,WR,9,25.0,-29.750000000000004,-0.40331207812500003,6.083333333333333,44.333333333333336,45.333333333333336,50.333333333333336,47.833333333333336,45.333333333333336,0.40471411979166666,499,177,D_SF_2TE_TEP
2025,00-0040563,Efton Chism III,WR,8,15.0,-31.750000000000004,-0.40557110156249987,5.84375,43.0,44.0,49.0,46.5,44.0,0.406834541015625,500,178,D_SF_2TE_TEP
2025,00-0038496,Xavier Gipson,WR,6,1.6,-31.6,-0.4121067109375,5.533333333333334,46.0,47.0,52.0,49.5,47.0,0.40812437109375005,501,179,D_SF_2TE_TEP
2025,00-0035891,Cody White,WR,8,16.5,-30.35,-0.4124702499999999,5.85625,43.5,44.5,49.5,47.0,44.5,0.40260259765625,502,180,D_SF_2TE_TEP
2025,00-0036988,Josh Palmer,WR,12,41.300000000000004,-32.35,-0.41493422656249995,6.1375,44.166666666666664,45.166666666666664,50.166666666666664,47.666666666666664,45.166666666666664,0.4036649713541667,503,181,D_SF_2TE_TEP
2025,00-0039521,Xavier Weaver,WR,7,10.200000000000001,-32.05,-0.42216704687499984,6.035714285714286,42.57142857142857,43.57142857142857,48.57142857142857,46.07142857142857,43.57142857142857,0.4021620993303571,504,182,D_SF_2TE_TEP
2025,00-0037132,Britain Covey,WR,6,3.0,-32.7,-0.4242242265625,5.95,42.166666666666664,43.166666666666664,48.166666666666664,45.666666666666664,43.166666666666664,0.40330633072916666,505,183,D_SF_2TE_TEP
2025,00-0032951,Laquon Treadwell,WR,6,0.0,-33.5,-0.4314118437499999,5.583333333333333,43.333333333333336,44.333333333333336,49.333333333333336,46.833333333333336,44.333333333333336,0.401633671875,506,184,D_SF_2TE_TEP
2025,00-0039021,Roschon Johnson,RB,6,1.7000000000000002,-33.300000000000004,-0.43152266406250006,5.833333333333333,34.5,35.5,40.5,38.0,35.5,0.37538634375,507,121,D_SF_2TE_TEP
2025,00-0038465,Malik Heath,WR,7,11.6,-31.900000000000006,-0.43275145312499974,6.214285714285714,45.142857142857146,46.142857142857146,51.142857142857146,48.642857142857146,46.142857142857146,0.3956151316964286,508,185,D_SF_2TE_TEP
2025,00-0040218,Jimmy Horn Jr.,WR,10,23.2,-35.300000000000004,-0.44381601562499995,5.85,45.0,46.0,51.0,48.5,46.0,0.4091120828125,509,186,D_SF_2TE_TEP
2025,00-0039379,Jamari Thrash,WR,8,15.7,-32.25,-0.4438317890624999,5.99375,46.625,47.625,52.625,50.125,47.625,0.40207552343749997,510,187,D_SF_2TE_TEP
2025,00-0038643,Brayden Willis,TE,6,0.0,-33.25,-0.4456166171874999,5.541666666666667,29.166666666666668,30.166666666666668,35.166666666666664,32.666666666666664,30.166666666666668,0.38559860937499996,511,123,D_SF_2TE_TEP
2025,00-0034521,Allen Lazard,WR,9,18.0,-34.550000000000004,-0.4519533515624998,5.8388888888888895,44.77777777777778,45.77777777777778,50.77777777777778,48.27777777777778,45.77777777777778,0.40024868315972223,512,188,D_SF_2TE_TEP
2025,00-0036550,Rashod Bateman,WR,13,45.900000000000006,-32.95,-0.45428292187499997,6.065384615384616,44.69230769230769,45.69230769230769,50.69230769230769,48.19230769230769,45.69230769230769,0.3996171075721154,513,189,D_SF_2TE_TEP
2025,00-0039603,British Brooks,RB,8,7.800000000000001,-37.09,-0.45550311718750003,5.61125,34.0,35.0,40.0,37.5,35.0,0.384156943359375,514,122,D_SF_2TE_TEP
2025,00-0036887,Luke Farrell,TE,13,35.0,-35.0,-0.45866942968750024,5.384615384615385,28.692307692307693,29.692307692307693,34.69230769230769,32.19230769230769,29.692307692307693,0.38954888882211536,515,124,D_SF_2TE_TEP
2025,00-0032775,Demarcus Robinson,WR,14,47.2,-35.550000000000004,-0.4659645781249998,5.910714285714286,44.0,45.0,50.0,47.5,45.0,0.40583963727678574,516,190,D_SF_2TE_TEP
2025,00-0037487,Deven Thompkins,WR,7,4.7,-36.65,-0.46720365625000004,5.9071428571428575,42.285714285714285,43.285714285714285,48.285714285714285,45.785714285714285,43.285714285714285,0.40346872098214287,517,191,D_SF_2TE_TEP
2025,00-0033375,Tim Patrick,WR,13,44.2,-34.2,-0.4701752890625,6.0307692307692315,43.53846153846154,44.53846153846154,49.53846153846154,47.03846153846154,44.53846153846154,0.4016398978365385,518,192,D_SF_2TE_TEP
2025,00-0033246,Johnny Mundt,TE,12,24.6,-35.449999999999996,-0.4786974609375001,5.004166666666666,30.25,31.25,36.25,33.75,31.25,0.3879992252604167,519,125,D_SF_2TE_TEP
2025,00-0040590,Konata Mumpfield,WR,10,20.2,-37.550000000000004,-0.4910715859375,5.775,42.9,43.9,48.9,46.4,43.9,0.40474838671875,520,193,D_SF_2TE_TEP
2025,00-0040494,Max Brosmer,QB,7,12.22,-39.71,-0.4933499765624999,7.418571428571428,24.0,25.0,30.0,27.5,25.0,0.3316842991071428,521,81,D_SF_2TE_TEP
2025,00-0037746,Brian Robinson,RB,17,58.50000000000001,-37.49,-0.4944017109374998,5.646470588235295,34.35294117647059,35.35294117647059,40.35294117647059,37.85294117647059,35.35294117647059,0.3766967922794118,522,123,D_SF_2TE_TEP
2025,00-0037666,Jalen Tolbert,WR,12,37.3,-35.5,-0.50103865625,6.066666666666666,44.666666666666664,45.666666666666664,50.666666666666664,48.166666666666664,45.666666666666664,0.40086306380208336,523,194,D_SF_2TE_TEP
2025,00-0040131,Kyle Williams,WR,14,44.2,-39.65,-0.5038444999999998,5.989285714285715,43.214285714285715,44.214285714285715,49.214285714285715,46.714285714285715,44.214285714285715,0.40394410937499997,524,195,D_SF_2TE_TEP
2025,00-0039875,Ray Davis,RB,17,53.10000000000001,-41.940000000000005,-0.517065796875,5.590588235294118,34.88235294117647,35.88235294117647,40.88235294117647,38.38235294117647,35.88235294117647,0.37624607123161763,525,124,D_SF_2TE_TEP
2025,00-0036590,Quintin Morris,TE,11,20.5,-39.55,-0.5184903593749999,5.459090909090909,28.272727272727273,29.272727272727273,34.27272727272727,31.772727272727273,29.272727272727273,0.3899452166193182,526,126,D_SF_2TE_TEP
2025,00-0034854,KhaDarel Hodge,WR,8,4.6,-41.35,-0.5219891953125,5.74375,45.875,46.875,51.875,49.375,46.875,0.4096630087890625,527,196,D_SF_2TE_TEP
2025,00-0037267,Jerome Ford,RB,13,30.6,-40.24,-0.5307650468749997,5.44923076923077,34.76923076923077,35.76923076923077,40.76923076923077,38.26923076923077,35.76923076923077,0.37247056971153847,528,125,D_SF_2TE_TEP
2025,00-0032104,Ameer Abdullah,RB,13,29.9,-41.290000000000006,-0.5334316171875001,5.476153846153846,34.30769230769231,35.30769230769231,40.30769230769231,37.80769230769231,35.30769230769231,0.37992875240384616,529,126,D_SF_2TE_TEP
2025,00-0033576,Eric Saubert,TE,9,11.1,-39.7,-0.5351597968749999,5.644444444444444,29.11111111111111,30.11111111111111,35.111111111111114,32.611111111111114,30.11111111111111,0.39057508333333335,530,127,D_SF_2TE_TEP
2025,00-0031236,Brandin Cooks,WR,13,39.900000000000006,-40.550000000000004,-0.537035265625,6.188461538461539,45.07692307692308,46.07692307692308,51.07692307692308,48.57692307692308,46.07692307692308,0.4007925679086538,531,197,D_SF_2TE_TEP
2025,00-0036646,Simi Fehoko,WR,7,0.0,-42.300000000000004,-0.5424709531249998,6.042857142857144,44.285714285714285,45.285714285714285,50.285714285714285,47.785714285714285,45.285714285714285,0.4038006272321429,532,198,D_SF_2TE_TEP
2025,00-0031687,Raheem Mostert,RB,12,23.400000000000002,-43.44,-0.5433026328125,5.57,35.416666666666664,36.416666666666664,41.416666666666664,38.916666666666664,36.416666666666664,0.38088586848958333,533,127,D_SF_2TE_TEP
2025,00-0038710,Blake Whiteheart,TE,9,3.4,-41.35,-0.5479860703124999,4.972222222222222,29.77777777777778,30.77777777777778,35.77777777777778,33.27777777777778,30.77777777777778,0.3870398723958333,534,128,D_SF_2TE_TEP
2025,00-0039363,Isaac Guerendo,RB,7,0.0,-40.09,-0.5491242812500001,5.727142857142858,32.857142857142854,33.857142857142854,38.857142857142854,36.357142857142854,33.857142857142854,0.3754711819196429,535,128,D_SF_2TE_TEP
2025,00-0039920,Malachi Corley,WR,12,26.1,-43.0,-0.5581593671874998,5.758333333333334,44.25,45.25,50.25,47.75,45.25,0.40700567252604164,536,199,D_SF_2TE_TEP
2025,00-0038547,Luke Schoonmaker,TE,14,34.2,-39.75,-0.5589513203125,5.2821428571428575,29.142857142857142,30.142857142857142,35.142857142857146,32.642857142857146,30.142857142857142,0.3859934475446428,537,129,D_SF_2TE_TEP
2025,00-0032464,Kalif Raymond,WR,15,48.800000000000004,-42.25,-0.5612322421875,6.069999999999999,44.333333333333336,45.333333333333336,50.333333333333336,47.833333333333336,45.333333333333336,0.40504516249999994,538,200,D_SF_2TE_TEP
2025,00-0035594,Travis Homer,RB,8,-0.2,-43.95,-0.5635705156249998,5.46875,34.375,35.375,40.375,37.875,35.375,0.3794967568359375,539,129,D_SF_2TE_TEP
2025,00-0039299,George Holani,RB,10,13.8,-42.54,-0.56465278125,5.634,33.7,34.7,39.7,37.2,34.7,0.37475335312499997,540,130,D_SF_2TE_TEP
2025,00-0030564,DeAndre Hopkins,WR,17,56.0,-45.550000000000004,-0.5652140234375,5.973529411764707,44.35294117647059,45.35294117647059,50.35294117647059,47.85294117647059,45.35294117647059,0.4027526263786765,541,201,D_SF_2TE_TEP
2025,00-0039364,Sione Vaki,RB,8,0.4,-43.650000000000006,-0.5656854609374999,5.5062500000000005,35.25,36.25,41.25,38.75,36.25,0.3830742470703125,542,131,D_SF_2TE_TEP
2025,00-0040727,Tre Harris,WR,16,54.4,-41.25000000000001,-0.5665904140625,5.978125,44.1875,45.1875,50.1875,47.6875,45.1875,0.403022,543,202,D_SF_2TE_TEP
2025,00-0039050,Payne Durham,TE,8,2.6,-40.9,-0.57256940625,5.4375,28.0,29.0,34.0,31.5,29.0,0.3825209736328125,544,130,D_SF_2TE_TEP
2025,00-0039648,David Martin-Robinson,TE,11,15.0,-43.699999999999996,-0.5757277656250002,5.336363636363636,28.818181818181817,29.818181818181817,34.81818181818182,32.31818181818182,29.818181818181817,0.38926140269886367,545,131,D_SF_2TE_TEP
2025,00-0033857,JuJu Smith-Schuster,WR,17,57.0,-44.85,-0.5758483750000001,5.991176470588236,44.529411764705884,45.529411764705884,50.529411764705884,48.029411764705884,45.529411764705884,0.4028605528492647,546,203,D_SF_2TE_TEP
2025,00-0040198,Ollie Gordon II,RB,17,50.6,-44.79,-0.5761617031250001,5.611176470588235,34.8235294117647,35.8235294117647,40.8235294117647,38.3235294117647,35.8235294117647,0.37634718841911763,547,132,D_SF_2TE_TEP
2025,00-0037093,Dareke Young,WR,8,5.8,-44.650000000000006,-0.579768015625,6.30625,44.5,45.5,50.5,48.0,45.5,0.4014113984375,548,204,D_SF_2TE_TEP
2025,00-0038824,Ryan Miller,WR,9,10.4,-43.2,-0.5810607578125,5.955555555555556,44.333333333333336,45.333333333333336,50.333333333333336,47.833333333333336,45.333333333333336,0.3998035598958333,549,205,D_SF_2TE_TEP
2025,00-0037292,Andrew Ogletree,TE,11,14.700000000000001,-44.35,-0.595643390625,5.368181818181818,28.09090909090909,29.09090909090909,34.09090909090909,31.59090909090909,29.09090909090909,0.39094134801136365,550,132,D_SF_2TE_TEP
2025,00-0040078,Brashard Smith,RB,17,50.8,-45.24,-0.6089422890625,5.649411764705882,34.529411764705884,35.529411764705884,40.529411764705884,38.029411764705884,35.529411764705884,0.37767994301470587,551,133,D_SF_2TE_TEP
2025,00-0036842,Kene Nwangwu,RB,10,4.9,-48.150000000000006,-0.6157956796875,5.305000000000001,35.2,36.2,41.2,38.7,36.2,0.37942754453125,552,134,D_SF_2TE_TEP
2025,00-0040782,Isaiah Bond,WR,15,45.7,-44.2,-0.6170278906249999,5.993333333333334,44.333333333333336,45.333333333333336,50.333333333333336,47.833333333333336,45.333333333333336,0.4017729578125,553,206,D_SF_2TE_TEP
2025,00-0038738,Hunter Luepke,RB,14,30.5,-48.690000000000005,-0.6237680390625,5.656428571428571,34.214285714285715,35.214285714285715,40.214285714285715,37.714285714285715,35.214285714285715,0.37850787723214285,554,135,D_SF_2TE_TEP
2025,00-0040142,Kaleb Johnson,RB,10,8.3,-47.650000000000006,-0.635756859375,5.595000000000001,35.6,36.6,41.6,39.1,36.6,0.376501971875,555,136,D_SF_2TE_TEP
2025,00-0040138,Jaylin Noel,WR,17,55.4,-46.25,-0.6396365937499999,5.979411764705882,44.529411764705884,45.529411764705884,50.529411764705884,48.029411764705884,45.529411764705884,0.40316759329044116,556,207,D_SF_2TE_TEP
2025,00-0037741,Jahan Dotson,WR,15,41.2,-48.050000000000004,-0.6419789296875,5.95,44.13333333333333,45.13333333333333,50.13333333333333,47.63333333333333,45.13333333333333,0.40137581979166664,557,208,D_SF_2TE_TEP
2025,00-0039686,Colson Yankoff,TE,10,4.800000000000001,-49.15,-0.6447863593750001,5.395,28.4,29.4,34.4,31.9,29.4,0.38187424375,558,133,D_SF_2TE_TEP
2025,00-0038564,Cameron Latu,TE,10,0.0,-50.45,-0.6575499140625001,5.045,29.1,30.1,35.1,32.6,30.1,0.3877891015625,559,134,D_SF_2TE_TEP
2025,00-0036825,Feleipe Franks,TE,10,0.4,-49.9,-0.6607112421875001,5.029999999999999,29.2,30.2,35.2,32.7,30.2,0.392503471875,560,135,D_SF_2TE_TEP
2025,00-0040581,Dont'e Thornton Jr.,WR,11,18.5,-48.75,-0.6612566718749999,6.113636363636363,44.0,45.0,50.0,47.5,45.0,0.39858993963068184,561,209,D_SF_2TE_TEP
2025,00-0036876,Kylen Granson,TE,12,14.5,-52.1,-0.6756350546874998,5.55,28.0,29.0,34.0,31.5,29.0,0.38839925716145834,562,136,D_SF_2TE_TEP
2025,00-0040184,KeAndre Lambert-Smith,WR,10,13.6,-49.2,-0.6776389296875002,6.28,44.5,45.5,50.5,48.0,45.5,0.40303984609375,563,210,D_SF_2TE_TEP
2025,00-0040009,Savion Williams,WR,12,20.5,-51.400000000000006,-0.6788376796874999,5.991666666666667,44.916666666666664,45.916666666666664,50.916666666666664,48.416666666666664,45.916666666666664,0.403204642578125,564,211,D_SF_2TE_TEP
2025,00-0036630,Tylan Wallace,WR,11,12.5,-53.0,-0.6860697421874999,5.954545454545454,45.27272727272727,46.27272727272727,51.27272727272727,48.77272727272727,46.27272727272727,0.4031526278409091,565,212,D_SF_2TE_TEP
2025,00-0030035,Adam Thielen,WR,14,30.1,-52.35,-0.6865135468750001,5.889285714285714,44.5,45.5,50.5,48.0,45.5,0.4045508934151786,566,213,D_SF_2TE_TEP
2025,00-0040729,Jack Bech,WR,14,32.4,-51.75,-0.6873487187499998,6.010714285714286,43.57142857142857,44.57142857142857,49.57142857142857,47.07142857142857,44.57142857142857,0.4036087120535714,567,214,D_SF_2TE_TEP
2025,00-0037120,Tyler Goodson,RB,10,4.2,-53.150000000000006,-0.6913106796875003,5.735,35.3,36.3,41.3,38.8,36.3,0.3815575,568,137,D_SF_2TE_TEP
2025,00-0039451,Isaiah Williams,WR,15,35.7,-52.7,-0.7023033749999998,5.8933333333333335,43.86666666666667,44.86666666666667,49.86666666666667,47.36666666666667,44.86666666666667,0.4031628880208333,569,215,D_SF_2TE_TEP
2025,00-0032211,Tyler Lockett,WR,17,51.1,-51.300000000000004,-0.7039946640625,6.023529411764706,44.0,45.0,50.0,47.5,45.0,0.4029148524816176,570,216,D_SF_2TE_TEP
2025,00-0037091,Bo Melton,WR,13,22.200000000000003,-53.75,-0.7058972421874998,5.842307692307693,43.69230769230769,44.69230769230769,49.69230769230769,47.19230769230769,44.69230769230769,0.4042972728365385,571,217,D_SF_2TE_TEP
2025,00-0037617,Hassan Haskins,RB,11,8.0,-53.540000000000006,-0.7148041171875,5.594545454545455,34.90909090909091,35.90909090909091,40.90909090909091,38.40909090909091,35.90909090909091,0.37426854048295455,572,138,D_SF_2TE_TEP
2025,00-0038488,Brady Russell,RB,10,0.0,-56.35,-0.7169791796875,5.635,34.5,35.5,40.5,38.0,35.5,0.38054290625,573,139,D_SF_2TE_TEP
2025,00-0035021,Ashton Dulin,WR,12,17.5,-54.2,-0.73428009375,5.9750000000000005,45.0,46.0,51.0,48.5,46.0,0.40208421809895833,574,218,D_SF_2TE_TEP
2025,00-0036187,Reggie Gilliam,RB,11,3.8,-57.49,-0.741822140625,5.571818181818182,34.0,35.0,40.0,37.5,35.0,0.37709755610795453,575,140,D_SF_2TE_TEP
2025,00-0039530,Brevyn Spann-Ford,TE,16,28.5,-56.55,-0.7445590468750002,5.315625,29.0625,30.0625,35.0625,32.5625,30.0625,0.3890949946289063,576,137,D_SF_2TE_TEP
2025,00-0038359,Xavier Smith,WR,16,39.300000000000004,-57.900000000000006,-0.7525426640625001,6.075,44.0,45.0,50.0,47.5,45.0,0.4029693701171875,577,219,D_SF_2TE_TEP
2025,00-0036620,Dee Eskridge,WR,11,8.2,-58.150000000000006,-0.7667422421875001,6.031818181818182,46.09090909090909,47.09090909090909,52.09090909090909,49.59090909090909,47.09090909090909,0.4039246818181818,578,220,D_SF_2TE_TEP
2025,00-0040534,Ke'Shawn Williams,WR,11,2.0,-61.6,-0.7883275390625,5.781818181818182,43.72727272727273,44.72727272727273,49.72727272727273,47.22727272727273,44.72727272727273,0.4066688799715909,579,221,D_SF_2TE_TEP
2025,00-0039746,Will Shipley,RB,14,15.0,-61.440000000000005,-0.7902651328125001,5.46,35.214285714285715,36.214285714285715,41.214285714285715,38.714285714285715,36.214285714285715,0.3758048203125,580,141,D_SF_2TE_TEP
2025,00-0033854,Dare Ogunbowale,RB,14,19.1,-59.940000000000005,-0.7953784765625003,5.645714285714286,34.285714285714285,35.285714285714285,40.285714285714285,37.785714285714285,35.285714285714285,0.37997049832589286,581,142,D_SF_2TE_TEP
2025,00-0038896,Jacob Saylors,RB,11,1.1,-61.34,-0.8036145625000002,5.676363636363637,34.63636363636363,35.63636363636363,40.63636363636363,38.13636363636363,35.63636363636363,0.378441921875,582,143,D_SF_2TE_TEP
2025,00-0040164,Jaylin Lane,WR,15,31.200000000000003,-59.400000000000006,-0.8086144999999998,6.040000000000001,44.86666666666667,45.86666666666667,50.86666666666667,48.36666666666667,45.86666666666667,0.40225370624999995,583,222,D_SF_2TE_TEP
2025,00-0040259,Gage Larvadain,WR,13,10.9,-63.85,-0.811821234375,5.75,44.15384615384615,45.15384615384615,50.15384615384615,47.65384615384615,45.15384615384615,0.40680854867788463,584,223,D_SF_2TE_TEP
2025,00-0040208,Tahj Brooks,RB,12,5.9,-63.900000000000006,-0.8200232812499999,5.816666666666666,34.166666666666664,35.166666666666664,40.166666666666664,37.666666666666664,35.166666666666664,0.37884223502604164,585,144,D_SF_2TE_TEP
2025,00-0037085,Tyler Badie,RB,16,25.900000000000002,-64.09,-0.8296342031249999,5.624375000000001,35.0,36.0,41.0,38.5,36.0,0.3762175717773437,586,145,D_SF_2TE_TEP
2025,00-0033572,Jamal Agnew,WR,11,0.0,-63.00000000000001,-0.8338624140625,5.7272727272727275,44.36363636363637,45.36363636363637,50.36363636363637,47.86363636363637,45.36363636363637,0.4020437926136363,587,224,D_SF_2TE_TEP
2025,00-0038573,Derius Davis,WR,11,2.5,-62.300000000000004,-0.8435589843749999,5.8909090909090915,44.81818181818182,45.81818181818182,50.81818181818182,48.31818181818182,45.81818181818182,0.40207145383522724,588,225,D_SF_2TE_TEP
2025,00-0035602,Alex Bachman,WR,11,2.2,-63.550000000000004,-0.8458080234375001,5.9772727272727275,43.72727272727273,44.72727272727273,49.72727272727273,47.22727272727273,44.72727272727273,0.40368538991477276,589,226,D_SF_2TE_TEP
2025,00-0036182,Nick Westbrook-Ikhine,WR,13,14.4,-63.10000000000001,-0.8525325234374999,5.961538461538462,44.46153846153846,45.46153846153846,50.46153846153846,47.96153846153846,45.46153846153846,0.4002568221153846,590,227,D_SF_2TE_TEP
2025,00-0039751,Jordan Whittington,WR,15,27.3,-63.45,-0.8549114765625,6.05,43.93333333333333,44.93333333333333,49.93333333333333,47.43333333333333,44.93333333333333,0.4019568140625,591,228,D_SF_2TE_TEP
2025,00-0035645,Gunner Olszewski,WR,16,30.82,-65.58,-0.8683595703124999,6.025,44.375,45.375,50.375,47.875,45.375,0.40253117138671873,592,229,D_SF_2TE_TEP
2025,00-0039816,Anthony Gould,WR,11,1.6,-64.05000000000001,-0.878535484375,5.968181818181819,45.18181818181818,46.18181818181818,51.18181818181818,48.68181818181818,46.18181818181818,0.3970671732954545,593,230,D_SF_2TE_TEP
2025,00-0040582,Arian Smith,WR,13,10.0,-67.5,-0.8869567109374998,5.961538461538462,45.15384615384615,46.15384615384615,51.15384615384615,48.65384615384615,46.15384615384615,0.4049699759615385,594,231,D_SF_2TE_TEP
2025,00-0039796,Rasheen Ali,RB,15,19.7,-65.69000000000001,-0.88948240625,5.692666666666667,34.93333333333333,35.93333333333333,40.93333333333333,38.43333333333333,35.93333333333333,0.37594626718749996,595,146,D_SF_2TE_TEP
2025,00-0038685,Chris Brooks,RB,17,26.200000000000003,-69.0,-0.8914185546874999,5.6000000000000005,34.88235294117647,35.88235294117647,40.88235294117647,38.38235294117647,35.88235294117647,0.37828473621323533,596,147,D_SF_2TE_TEP
2025,00-0038840,Brycen Tremayne,WR,15,23.0,-68.4,-0.9055126796874999,6.093333333333334,44.666666666666664,45.666666666666664,50.666666666666664,48.166666666666664,45.666666666666664,0.40280085,597,232,D_SF_2TE_TEP
2025,00-0040238,LeQuint Allen Jr.,RB,16,19.8,-69.84,-0.9164171015625001,5.6025,34.9375,35.9375,40.9375,38.4375,35.9375,0.3775322529296875,598,148,D_SF_2TE_TEP
2025,00-0040154,Tai Felton,WR,12,4.0,-68.15,-0.9228194999999999,6.0125,43.5,44.5,49.5,47.0,44.5,0.4019032421875,599,233,D_SF_2TE_TEP
2025,00-0036862,Ben Skowronek,WR,16,14.9,-80.2,-1.0299069609374998,5.9437500000000005,44.1875,45.1875,50.1875,47.6875,45.1875,0.4023544008789062,600,234,D_SF_2TE_TEP
2025,00-0038519,Nikko Remigio,WR,14,3.7,-81.85000000000001,-1.0836881250000001,6.110714285714287,45.0,46.0,51.0,48.5,46.0,0.4017151305803571,601,235,D_SF_2TE_TEP
2025,00-0040644,Trevor Etienne,RB,17,12.200000000000001,-83.79,-1.08808946875,5.646470588235295,34.35294117647059,35.35294117647059,40.35294117647059,37.85294117647059,35.35294117647059,0.3766967922794118,602,149,D_SF_2TE_TEP
2025,00-0040075,LaJohntay Wester,WR,14,0.0,-83.5,-1.0977701718750001,5.964285714285714,44.5,45.5,50.5,48.0,45.5,0.4058195485491071,603,236,D_SF_2TE_TEP
2025,00-0037594,Julius Chestnut,RB,16,4.0,-85.89,-1.1117590625,5.618125,34.6875,35.6875,40.6875,38.1875,35.6875,0.3791877724609375,604,150,D_SF_2TE_TEP
2025,00-0038576,Charlie Jones,WR,14,0.0,-83.60000000000001,-1.1124108203124998,5.971428571428572,45.214285714285715,46.214285714285715,51.214285714285715,48.714285714285715,46.214285714285715,0.40130616350446424,605,237,D_SF_2TE_TEP
2025,00-0039589,Kameron Johnson,WR,17,15.7,-85.4,-1.1380217578125,5.947058823529412,44.35294117647059,45.35294117647059,50.35294117647059,47.85294117647059,45.35294117647059,0.40280909512867646,606,238,D_SF_2TE_TEP
2025,00-0039407,Dylan Laube,RB,17,4.2,-90.84,-1.1836970703125,5.590588235294118,34.88235294117647,35.88235294117647,40.88235294117647,38.38235294117647,35.88235294117647,0.37816937408088236,607,151,D_SF_2TE_TEP
2025,00-0038090,Skyy Moore,WR,17,12.3,-90.2,-1.2048293124999998,6.029411764705882,44.470588235294116,45.470588235294116,50.470588235294116,47.970588235294116,45.470588235294116,0.4033010919117647,608,239,D_SF_2TE_TEP
2025,00-0040506,Myles Price,WR,16,0.0,-95.9,-1.2645063671874999,5.99375,44.875,45.875,50.875,48.375,45.875,0.4027580786132812,609,240,D_SF_2TE_TEP
2025,00-0036331,Devin Duvernay,WR,17,3.6000000000000005,-97.25,-1.2806967656250001,5.932352941176471,44.1764705882353,45.1764705882353,50.1764705882353,47.6764705882353,45.1764705882353,0.4029643864889706,610,241,D_SF_2TE_TEP
