season,player_id,player_name,position,games,fantasy_points,porp,worp,avg_replacement_points,avg_starter_cutoff_rank,avg_replacement_pool_start,avg_replacement_pool_end,avg_replacement_effective_rank,avg_replacement_rank,avg_replacement_win_prob,overall_rank,pos_rank
2016,00-0032187,David Johnson,RB,16,367.8,266.35,3.7480448984375,6.340625,32.9375,33.9375,38.9375,36.4375,33.9375,0.37505261767578124,1,1
2016,00-0023459,Aaron Rodgers,QB,16,394.02,247.66000000000003,3.4644391015625,9.1475,24.0,25.0,30.0,27.5,25.0,0.3477889873046875,2,1
2016,00-0033045,Ezekiel Elliott,RB,15,309.4,214.5,3.0046238828125,6.326666666666667,32.4,33.4,38.4,35.9,33.4,0.3775007375,3,2
2016,00-0026143,Matt Ryan,QB,16,361.46,211.82,2.9760381796875004,9.352500000000001,24.0,25.0,30.0,27.5,25.0,0.3518304384765625,4,2
2016,00-0020531,Drew Brees,QB,16,362.32,214.12,2.97181365625,9.262500000000001,24.0,25.0,30.0,27.5,25.0,0.3480596826171875,5,3
2016,00-0030496,Le'Veon Bell,RB,12,279.90000000000003,206.85000000000002,2.8799033046875,6.0874999999999995,33.083333333333336,34.083333333333336,39.083333333333336,36.583333333333336,34.083333333333336,0.3762132962239583,6,3
2016,00-0029668,Andrew Luck,QB,15,333.7,199.26,2.7823840078125,8.962666666666667,24.0,25.0,30.0,27.5,25.0,0.34752855677083333,7,4
2016,00-0027029,LeSean McCoy,RB,15,273.3,178.6,2.5226892968750003,6.3133333333333335,33.13333333333333,34.13333333333333,39.13333333333333,36.63333333333333,34.13333333333333,0.37620407239583337,8,4
2016,00-0030506,Travis Kelce,TE,16,265.5,176.15,2.4932263203125,5.584375,26.4375,27.4375,32.4375,29.9375,27.4375,0.3793791284179687,9,1
2016,00-0029604,Kirk Cousins,QB,16,324.28,171.70999999999998,2.445598265625,9.535625,24.0,25.0,30.0,27.5,25.0,0.3519983984375,10,5
2016,00-0028009,DeMarco Murray,RB,16,267.3,165.60000000000002,2.41056528125,6.35625,32.875,33.875,38.875,36.375,33.875,0.3768201201171875,11,5
2016,00-0027981,Kyle Rudolph,TE,16,250.5,162.4,2.3178721953125003,5.50625,26.375,27.375,32.375,29.875,27.375,0.37763461083984373,12,2
2016,00-0025418,Greg Olsen,TE,16,247.3,157.45000000000002,2.2421416718750002,5.615625,26.4375,27.4375,32.4375,29.9375,27.4375,0.3769794140625,13,3
2016,00-0031285,Devonta Freeman,RB,16,257.1,154.9,2.1797364843750002,6.3875,32.4375,33.4375,38.4375,35.9375,33.4375,0.378087025390625,14,6
2016,00-0019596,Tom Brady,QB,12,262.56,153.96,2.1765522265625,9.05,24.0,25.0,30.0,27.5,25.0,0.3491783971354167,15,6
2016,00-0031407,Blake Bortles,QB,16,302.6,154.4,2.175532375,9.262500000000001,24.0,25.0,30.0,27.5,25.0,0.3480596826171875,16,7
2016,00-0027793,Antonio Brown,WR,15,254.3,155.9,2.1604821875,6.5600000000000005,49.0,50.0,55.0,52.5,50.0,0.3991838885416667,17,1
2016,00-0022942,Philip Rivers,QB,16,300.94,151.29999999999998,2.1035201484375,9.352500000000001,24.0,25.0,30.0,27.5,25.0,0.3518304384765625,18,8
2016,00-0026176,Jordy Nelson,WR,16,256.2,149.9,2.0989155703125,6.643750000000001,48.875,49.875,54.875,52.375,49.875,0.401140685546875,19,2
2016,00-0031408,Mike Evans,WR,16,256.1,149.9,2.0809067265624996,6.6375,48.625,49.625,54.625,52.125,49.625,0.3994181484375,20,3
2016,00-0033077,Dak Prescott,QB,16,294.88,146.70000000000002,2.0772620312499996,9.26125,24.0,25.0,30.0,27.5,25.0,0.34759590478515623,21,9
2016,00-0032144,Melvin Gordon,RB,13,230.10000000000002,148.25,2.073721078125,6.296153846153847,32.0,33.0,38.0,35.5,33.0,0.37872353545673076,22,7
2016,00-0026498,Matthew Stafford,QB,16,299.78,150.82,2.0616010468750003,9.31,24.0,25.0,30.0,27.5,25.0,0.3501506127929688,23,10
2016,00-0030061,Zach Ertz,TE,14,222.60000000000002,145.0,2.0517034453125005,5.542857142857143,26.071428571428573,27.071428571428573,32.07142857142857,29.571428571428573,27.071428571428573,0.3809856623883929,24,4
2016,00-0031280,Derek Carr,QB,15,280.48,140.37,2.0314546406249994,9.340666666666667,24.0,25.0,30.0,27.5,25.0,0.35053703177083334,25,11
2016,00-0022924,Ben Roethlisberger,QB,14,278.16,144.95,2.0139224609375,9.515,24.0,25.0,30.0,27.5,25.0,0.35275238671875003,26,12
2016,00-0029263,Russell Wilson,QB,16,291.06,142.86,2.0120855546875,9.262500000000001,24.0,25.0,30.0,27.5,25.0,0.3480596826171875,27,13
2016,00-0027939,Cam Newton,QB,15,282.26,142.66,2.011574109375,9.306666666666667,24.0,25.0,30.0,27.5,25.0,0.3468060244791667,28,14
2016,00-0031503,Jameis Winston,QB,16,292.1,144.94,2.00439809375,9.1975,24.0,25.0,30.0,27.5,25.0,0.34824727783203124,29,15
2016,00-0028118,Tyrod Taylor,QB,15,282.92,142.81,1.983676578125,9.340666666666667,24.0,25.0,30.0,27.5,25.0,0.35053703177083334,30,16
2016,00-0024389,Delanie Walker,TE,15,220.6,137.75,1.97343734375,5.5233333333333325,26.6,27.6,32.6,30.1,27.6,0.37915092135416667,31,5
2016,00-0030472,Jordan Reed,TE,12,201.6,135.65,1.9387241015625003,5.495833333333334,26.666666666666668,27.666666666666668,32.666666666666664,30.166666666666668,27.666666666666668,0.3742666796875,32,6
2016,00-0032268,Marcus Mariota,QB,15,277.94,138.7,1.9216947890625,9.282666666666668,24.0,25.0,30.0,27.5,25.0,0.3476461895833333,33,17
2016,00-0031235,Odell Beckham Jr.,WR,16,246.10000000000002,140.45000000000002,1.9061360625000001,6.603125,48.9375,49.9375,54.9375,52.4375,49.9375,0.4003813876953125,34,4
2016,00-0031299,Jordan Matthews,TE,14,207.9,129.35,1.8909896796874999,5.610714285714286,26.642857142857142,27.642857142857142,32.642857142857146,30.142857142857142,27.642857142857142,0.38252278738839285,35,7
2016,00-0021429,Carson Palmer,QB,15,271.12,127.13,1.8507744375000001,9.599333333333334,24.0,25.0,30.0,27.5,25.0,0.35150201770833334,36,18
2016,00-0027696,Jimmy Graham,TE,16,221.79999999999998,132.45,1.8246413515624997,5.584375,26.4375,27.4375,32.4375,29.9375,27.4375,0.3793791284179687,37,8
2016,00-0027325,LeGarrette Blount,RB,16,229.4,127.94999999999999,1.8207113671875002,6.340625,32.9375,33.9375,38.9375,36.4375,33.9375,0.37505261767578124,38,8
2016,00-0027973,Andy Dalton,QB,16,276.64,124.07,1.7563231171874998,9.535625,24.0,25.0,30.0,27.5,25.0,0.3519983984375,39,19
2016,00-0032780,Jordan Howard,RB,15,215.60000000000002,121.25,1.7339536015625001,6.290000000000001,32.93333333333333,33.93333333333333,38.93333333333333,36.43333333333333,33.93333333333333,0.3750185880208333,40,9
2016,00-0027714,Dennis Pitta,TE,16,211.9,123.3,1.7322154765625,5.5375,26.1875,27.1875,32.1875,29.6875,27.1875,0.37971925048828126,41,9
2016,00-0026158,Joe Flacco,QB,16,272.48,121.82,1.7084923515625,9.41625,24.0,25.0,30.0,27.5,25.0,0.3531095185546875,42,20
2016,00-0029608,T.Y. Hilton,WR,16,228.3,122.15,1.7052673203124997,6.634375,49.0,50.0,55.0,52.5,50.0,0.4002301342773438,43,5
2016,00-0027944,Julio Jones,WR,14,218.4,123.95000000000002,1.7016596328125,6.746428571428572,49.285714285714285,50.285714285714285,55.285714285714285,52.785714285714285,50.285714285714285,0.40195694587053576,44,6
2016,00-0031273,Cameron Brate,TE,15,199.5,116.35000000000001,1.6382303281250001,5.543333333333334,26.4,27.4,32.4,29.9,27.4,0.37891059322916665,45,10
2016,00-0027966,Mark Ingram,RB,16,219.20000000000002,116.6,1.6070257421875003,6.4125000000000005,32.5,33.5,38.5,36.0,33.5,0.375811287109375,46,10
2016,00-0027974,Colin Kaepernick,QB,11,208.44,110.33,1.536744578125,8.91909090909091,24.0,25.0,30.0,27.5,25.0,0.3498613252840909,47,21
2016,00-0026201,Martellus Bennett,TE,16,195.6,106.6,1.5178724453125,5.5625,26.1875,27.1875,32.1875,29.6875,27.1875,0.37865412939453125,48,11
2016,00-0031236,Brandin Cooks,WR,15,207.3,107.1,1.5044312109374998,6.680000000000001,49.0,50.0,55.0,52.5,50.0,0.40145904947916666,49,7
2016,00-0032765,Michael Thomas,WR,15,209.70000000000002,107.95,1.50296434375,6.783333333333333,49.06666666666667,50.06666666666667,55.06666666666667,52.56666666666667,50.06666666666667,0.40143922291666667,50,8
2016,00-0030513,Latavius Murray,RB,14,191.70000000000002,101.6,1.4905710703125,6.435714285714286,33.0,34.0,39.0,36.5,34.0,0.3760533002232143,51,11
2016,00-0031387,Eric Ebron,TE,13,174.7,100.80000000000001,1.4687483906249998,5.684615384615385,26.384615384615383,27.384615384615383,32.38461538461539,29.884615384615383,27.384615384615383,0.3760136280048077,52,12
2016,00-0022127,Jason Witten,TE,15,186.8,102.4,1.4640041875,5.626666666666667,26.6,27.6,32.6,30.1,27.6,0.3780178739583333,53,13
2016,00-0022803,Eli Manning,QB,16,256.18,105.52,1.433473078125,9.41625,24.0,25.0,30.0,27.5,25.0,0.3531095185546875,54,22
2016,00-0031590,Jay Ajayi,RB,15,201.8,107.85000000000001,1.4308383906250004,6.263333333333334,32.86666666666667,33.86666666666667,38.86666666666667,36.36666666666667,33.86666666666667,0.3766924098958333,55,12
2016,00-0031381,Davante Adams,WR,16,209.2,102.9,1.4236935859375,6.643750000000001,48.875,49.875,54.875,52.375,49.875,0.401140685546875,56,9
2016,00-0021547,Antonio Gates,TE,13,174.3,101.9,1.4198619765624998,5.56923076923077,26.615384615384617,27.615384615384617,32.61538461538461,30.115384615384617,27.615384615384617,0.3789090769230769,57,14
2016,00-0023436,Alex Smith,QB,15,240.28,96.28999999999999,1.38609434375,9.599333333333334,24.0,25.0,30.0,27.5,25.0,0.35150201770833334,58,23
2016,00-0031045,Carlos Hyde,RB,13,178.60000000000002,96.1,1.3840124140625,6.346153846153846,32.69230769230769,33.69230769230769,38.69230769230769,36.19230769230769,33.69230769230769,0.3764780576923077,59,13
2016,00-0023500,Frank Gore,RB,16,195.20000000000002,94.10000000000001,1.3824292968750003,6.3187500000000005,33.0,34.0,39.0,36.5,34.0,0.3759159736328125,60,14
2016,00-0028434,Doug Baldwin,WR,16,206.60000000000002,98.80000000000001,1.3595939921875,6.737500000000001,49.0625,50.0625,55.0625,52.5625,50.0625,0.401294466796875,61,10
2016,00-0029701,Ryan Tannehill,QB,13,214.2,92.27,1.3372852734374998,9.37923076923077,24.0,25.0,30.0,27.5,25.0,0.35291273677884616,62,24
2016,00-0032950,Carson Wentz,QB,16,241.48000000000002,95.11999999999999,1.3358113671875,9.1475,24.0,25.0,30.0,27.5,25.0,0.3477889873046875,63,25
2016,00-0027854,Sam Bradford,QB,15,231.38,95.88,1.3153703203125002,9.033333333333333,24.0,25.0,30.0,27.5,25.0,0.34725300989583335,64,26
2016,00-0029615,Lamar Miller,RB,14,175.6,88.35,1.3027630703125,6.232142857142857,32.714285714285715,33.714285714285715,38.714285714285715,36.214285714285715,33.714285714285715,0.37399910825892857,65,15
2016,00-0032058,Tevin Coleman,RB,13,175.6,92.14999999999999,1.2840706328125,6.4192307692307695,33.0,34.0,39.0,36.5,34.0,0.3767852283653846,66,16
2016,00-0026986,Michael Crabtree,WR,16,194.8,88.64999999999999,1.2679600937499995,6.634375,49.0,50.0,55.0,52.5,50.0,0.4002301342773438,67,11
2016,00-0027125,Zach Miller,TE,10,143.1,89.2,1.2484908750000003,5.39,26.3,27.3,32.3,29.8,27.3,0.37703928046875,68,15
2016,00-0030414,Spencer Ware,RB,14,177.3,87.5,1.2409633984375001,6.4142857142857155,32.57142857142857,33.57142857142857,38.57142857142857,36.07142857142857,33.57142857142857,0.37476147600446424,69,17
2016,00-0030656,Isaiah Crowell,RB,16,185.1,83.39999999999999,1.2247254062499997,6.35625,32.875,33.875,38.875,36.375,33.875,0.3768201201171875,70,18
2016,00-0027942,A.J. Green,WR,10,153.4,87.2,1.2002038984374999,6.62,48.7,49.7,54.7,52.2,49.7,0.3981788296875,71,12
2016,00-0026184,Matt Forte,RB,14,168.6,80.60000000000001,1.1944455781249999,6.285714285714286,32.142857142857146,33.142857142857146,38.142857142857146,35.642857142857146,33.142857142857146,0.3774670027901786,72,19
2016,00-0030181,Jack Doyle,TE,16,174.9,86.45,1.191715625,5.528125,26.0,27.0,32.0,29.5,27.0,0.3773281943359375,73,16
2016,00-0022921,Larry Fitzgerald,WR,16,190.3,83.15,1.1915621406249999,6.696875,48.875,49.875,54.875,52.375,49.875,0.40013626708984373,74,13
2016,00-0031544,Amari Cooper,WR,16,190.8,84.65,1.1852022578124997,6.634375,49.0,50.0,55.0,52.5,50.0,0.4002301342773438,75,14
2016,00-0031382,Jarvis Landry,WR,16,186.3,80.65,1.1801371406249999,6.603125,48.9375,49.9375,54.9375,52.4375,49.9375,0.4003813876953125,76,15
2016,00-0028112,Charles Clay,TE,15,164.7,81.7,1.1713017500000003,5.533333333333333,26.133333333333333,27.133333333333333,32.13333333333333,29.633333333333333,27.133333333333333,0.37838990624999996,77,17
2016,00-0031302,C.J. Fiedorowicz,TE,15,160.9,78.05,1.1243221484375003,5.5233333333333325,26.2,27.2,32.2,29.7,27.2,0.37888659635416666,78,18
2016,00-0027150,Julian Edelman,WR,16,183.3,76.15,1.1237857890625,6.696875,48.875,49.875,54.875,52.375,49.875,0.40013626708984373,79,16
2016,00-0027874,Demaryius Thomas,WR,16,181.3,74.75,1.086913375,6.659375000000001,49.1875,50.1875,55.1875,52.6875,50.1875,0.4006772094726563,80,17
2016,00-0032156,Trevor Siemian,QB,14,211.74,79.37,1.0736609140625002,9.455,24.0,25.0,30.0,27.5,25.0,0.3500350747767857,81,27
2016,00-0033090,Hunter Henry,TE,13,147.8,77.55,1.0732181953125002,5.403846153846154,25.692307692307693,26.692307692307693,31.692307692307693,29.192307692307693,26.692307692307693,0.3772383762019231,82,19
2016,00-0032241,Todd Gurley,RB,16,176.70000000000002,75.65,1.0578293203125002,6.315625000000001,32.875,33.875,38.875,36.375,33.875,0.37662182568359376,83,20
2016,00-0030107,Theo Riddick,RB,10,135.3,72.8,1.0553765078125,6.25,32.6,33.6,38.6,36.1,33.6,0.37926572109375,84,21
2016,00-0032160,Tyrell Williams,WR,16,182.4,75.85,1.0487878593749995,6.659375000000001,49.1875,50.1875,55.1875,52.6875,50.1875,0.4006772094726563,85,18
2016,00-0031301,Jeremy Hill,RB,15,165.8,71.15,1.0475698828125002,6.3100000000000005,32.86666666666667,33.86666666666667,38.86666666666667,36.36666666666667,33.86666666666667,0.37541491822916667,86,22
2016,00-0027685,Emmanuel Sanders,WR,15,173.1,73.8,1.033571734375,6.620000000000001,49.266666666666666,50.266666666666666,55.266666666666666,52.766666666666666,50.266666666666666,0.3994994317708333,87,19
2016,00-0030549,Tyler Eifert,TE,8,112.9,70.05,1.0278706640625002,5.35625,26.5,27.5,32.5,30.0,27.5,0.3797452275390625,88,20
2016,00-0029580,Rishard Matthews,WR,16,179.0,72.4,1.0229207968749998,6.6625000000000005,48.6875,49.6875,54.6875,52.1875,49.6875,0.39951756640625,89,20
2016,00-0027902,Dez Bryant,WR,13,155.0,66.45,0.9904529765624999,6.811538461538462,48.76923076923077,49.76923076923077,54.76923076923077,52.26923076923077,49.76923076923077,0.4017781730769231,90,21
2016,00-0028064,Bilal Powell,RB,16,168.0,65.8,0.9870708749999999,6.3875,32.4375,33.4375,38.4375,35.9375,33.4375,0.378087025390625,91,23
2016,00-0026281,Gary Barnidge,TE,16,157.7,69.2,0.9833670937500003,5.53125,26.4375,27.4375,32.4375,29.9375,27.4375,0.37934910107421876,92,21
2016,00-0029697,Coby Fleener,TE,16,162.3,72.95,0.9734818671875002,5.584375,26.4375,27.4375,32.4375,29.9375,27.4375,0.3793791284179687,93,22
2016,00-0031588,Stefon Diggs,WR,13,151.3,65.0,0.9555694999999998,6.63846153846154,48.69230769230769,49.69230769230769,54.69230769230769,52.19230769230769,49.69230769230769,0.39887629507211536,94,22
2016,00-0027891,Golden Tate,WR,16,177.6,71.45,0.9519660312499999,6.634375,49.0,50.0,55.0,52.5,50.0,0.4002301342773438,95,23
2016,00-0033040,Tyreek Hill,WR,16,170.5,62.7,0.9201868749999997,6.737500000000001,49.0625,50.0625,55.0625,52.5625,50.0625,0.401294466796875,96,24
2016,00-0027656,Rob Gronkowski,TE,8,109.5,67.95,0.9199679140625001,5.19375,26.0,27.0,32.0,29.5,27.0,0.378237615234375,97,23
2016,00-0028825,Terrelle Pryor,WR,16,174.94,68.34,0.9149542109374997,6.6625000000000005,48.6875,49.6875,54.6875,52.1875,49.6875,0.39951756640625,98,25
2016,00-0026901,Mike Wallace,WR,16,166.8,61.15,0.895001546875,6.603125,48.9375,49.9375,54.9375,52.4375,49.9375,0.4003813876953125,99,26
2016,00-0027006,Kenny Britt,WR,15,162.2,63.8,0.8792297578125001,6.5600000000000005,49.0,50.0,55.0,52.5,50.0,0.3991838885416667,100,27
2016,00-0031359,Kelvin Benjamin,WR,16,165.60000000000002,58.8,0.8742145781249998,6.675000000000001,49.0625,50.0625,55.0625,52.5625,50.0625,0.401249041015625,101,28
2016,00-0026153,Jonathan Stewart,RB,13,142.4,58.2,0.8588240312500002,6.476923076923077,31.76923076923077,32.76923076923077,37.76923076923077,35.26923076923077,32.76923076923077,0.37492988641826924,102,24
2016,00-0027864,Ryan Mathews,RB,13,138.1,56.24999999999999,0.8428436015625,6.296153846153847,32.92307692307692,33.92307692307692,38.92307692307692,36.42307692307692,33.92307692307692,0.37523466526442306,103,25
2016,00-0020337,Steve Smith,WR,14,148.9,55.949999999999996,0.8238345625000001,6.639285714285714,48.714285714285715,49.714285714285715,54.714285714285715,52.214285714285715,49.714285714285715,0.3999354587053571,104,29
2016,00-0029682,Brock Osweiler,QB,15,200.48,57.769999999999996,0.8131121093749999,9.514000000000001,24.0,25.0,30.0,27.5,25.0,0.3531819942708333,105,28
2016,00-0030663,Willie Snead,WR,15,155.5,53.85,0.8010618749999998,6.776666666666667,49.13333333333333,50.13333333333333,55.13333333333333,52.63333333333333,50.13333333333333,0.40130578020833335,106,30
2016,00-0026345,Pierre Garcon,WR,16,161.60000000000002,54.45,0.8004596874999999,6.696875,48.875,49.875,54.875,52.375,49.875,0.40013626708984373,107,31
2016,00-0026189,DeSean Jackson,WR,15,152.5,52.050000000000004,0.7676913828124998,6.696666666666667,48.93333333333333,49.93333333333333,54.93333333333333,52.43333333333333,49.93333333333333,0.39980146770833336,108,32
2016,00-0030564,DeAndre Hopkins,WR,16,158.4,51.25000000000001,0.7643803281249999,6.696875,48.875,49.875,54.875,52.375,49.875,0.40013626708984373,109,33
2016,00-0031375,Terrance West,RB,16,154.0,52.95,0.763514828125,6.315625000000001,32.875,33.875,38.875,36.375,33.875,0.37662182568359376,110,26
2016,00-0031912,Cameron Meredith,WR,14,146.48000000000002,54.879999999999995,0.7629142578125,6.542857142857144,48.785714285714285,49.785714285714285,54.785714285714285,52.285714285714285,49.785714285714285,0.4009387438616071,111,34
2016,00-0031941,Jamison Crowder,WR,16,158.0,50.85,0.7613693046874999,6.696875,48.875,49.875,54.875,52.375,49.875,0.40013626708984373,112,35
2016,00-0024221,Vernon Davis,TE,15,136.3,52.95,0.7563740546875002,5.556666666666667,26.333333333333332,27.333333333333332,32.333333333333336,29.833333333333332,27.333333333333332,0.3784096182291667,113,24
2016,00-0030035,Adam Thielen,WR,16,162.70000000000002,56.5,0.7465677968749997,6.6375,48.625,49.625,54.625,52.125,49.625,0.3994181484375,114,36
2016,00-0029854,C.J. Anderson,RB,7,94.5,50.45,0.7438014531249999,6.292857142857144,33.142857142857146,34.142857142857146,39.142857142857146,36.642857142857146,34.142857142857146,0.37670807477678575,115,27
2016,00-0031428,Allen Robinson,WR,16,162.8,55.00000000000001,0.7371463203124997,6.737500000000001,49.0625,50.0625,55.0625,52.5625,50.0625,0.401294466796875,116,37
2016,00-0029689,Dwayne Allen,TE,14,131.1,52.1,0.71683909375,5.642857142857143,26.0,27.0,32.0,29.5,27.0,0.37731810546875,117,25
2016,00-0028067,Julius Thomas,TE,9,97.1,47.85,0.7066571328125002,5.472222222222222,27.0,28.0,33.0,30.5,28.0,0.3806912300347222,118,26
2016,00-0032385,Sterling Shepard,WR,16,151.9,46.25,0.6914438749999999,6.603125,48.9375,49.9375,54.9375,52.4375,49.9375,0.4003813876953125,119,38
2016,00-0032371,Rob Kelley,RB,14,126.60000000000001,39.800000000000004,0.6794329609375004,6.2,33.42857142857143,34.42857142857143,39.42857142857143,36.92857142857143,34.42857142857143,0.3751919146205357,120,28
2016,00-0030470,Vance McDonald,TE,10,99.10000000000001,44.25,0.6753803671875003,5.485,26.7,27.7,32.7,30.2,27.7,0.38216597734375,121,27
2016,00-0027985,Lance Kendricks,TE,16,134.9,46.3,0.6638908203125,5.5375,26.1875,27.1875,32.1875,29.6875,27.1875,0.37971925048828126,122,28
2016,00-0030085,Kenny Stills,WR,16,147.6,41.95,0.642077,6.603125,48.9375,49.9375,54.9375,52.4375,49.9375,0.4003813876953125,123,39
2016,00-0024242,DeAngelo Williams,RB,8,91.10000000000001,40.0,0.6377759921874999,6.3875,32.375,33.375,38.375,35.875,33.375,0.379732740234375,124,29
2016,00-0027681,Brandon LaFell,WR,16,154.0,46.849999999999994,0.6372956249999999,6.696875,48.875,49.875,54.875,52.375,49.875,0.40013626708984373,125,40
2016,00-0031228,Taylor Gabriel,WR,12,122.5,42.150000000000006,0.6337389296875001,6.695833333333334,49.5,50.5,55.5,53.0,50.5,0.400604806640625,126,41
2016,00-0029000,Cole Beasley,WR,16,151.5,44.7,0.6279260937499997,6.675000000000001,49.0625,50.0625,55.0625,52.5625,50.0625,0.401249041015625,127,42
2016,00-0030456,Giovani Bernard,RB,10,102.8,40.75,0.608927625,6.205,33.0,34.0,39.0,36.5,34.0,0.37395904375,128,30
2016,00-0029293,Marvin Jones,WR,15,144.8,44.9,0.597616640625,6.66,48.733333333333334,49.733333333333334,54.733333333333334,52.233333333333334,49.733333333333334,0.3991415203125,129,43
2016,00-0030108,Ryan Griffin,TE,16,129.2,40.2,0.5922081718750001,5.5625,26.1875,27.1875,32.1875,29.6875,27.1875,0.37865412939453125,130,29
2016,00-0027155,Rashad Jennings,RB,13,120.9,37.349999999999994,0.5765781171875002,6.426923076923078,32.23076923076923,33.23076923076923,38.23076923076923,35.73076923076923,33.23076923076923,0.3744545048076923,131,31
2016,00-0029137,Alshon Jeffery,WR,12,120.10000000000001,39.15,0.5725945234375001,6.745833333333334,48.75,49.75,54.75,52.25,49.75,0.3991389186197916,132,44
2016,00-0023564,Darren Sproles,RB,15,136.5,41.300000000000004,0.5562200468750003,6.346666666666667,32.6,33.6,38.6,36.1,33.6,0.37710337031249996,133,32
2016,00-0031023,Quincy Enunwa,WR,16,139.9,33.349999999999994,0.5230363828125,6.659375000000001,49.1875,50.1875,55.1875,52.6875,50.1875,0.4006772094726563,134,45
2016,00-0031431,Marqise Lee,WR,16,142.9,35.1,0.5092572499999999,6.737500000000001,49.0625,50.0625,55.0625,52.5625,50.0625,0.401294466796875,135,46
2016,00-0023682,Ryan Fitzpatrick,QB,14,167.4,34.36,0.5020845390624998,9.502857142857142,24.0,25.0,30.0,27.5,25.0,0.3514554486607143,136,29
2016,00-0028986,Case Keenum,QB,10,133.14000000000001,40.31999999999999,0.5005140156249999,9.282,24.0,25.0,30.0,27.5,25.0,0.3530286671875,137,30
2016,00-0027061,Jared Cook,TE,10,86.7,28.1,0.4827147500000001,5.86,26.3,27.3,32.3,29.8,27.3,0.38044032578125,138,30
2016,00-0022084,Anquan Boldin,WR,16,139.9,33.74999999999999,0.4744169062499999,6.634375,49.0,50.0,55.0,52.5,50.0,0.4002301342773438,139,47
2016,00-0031376,Jerick McKinnon,RB,15,126.9,32.0,0.4708934843750002,6.326666666666667,33.13333333333333,34.13333333333333,39.13333333333333,36.63333333333333,34.13333333333333,0.3773735296875,140,33
2016,00-0028002,Randall Cobb,WR,13,118.30000000000001,34.199999999999996,0.46462988281249984,6.46923076923077,49.07692307692308,50.07692307692308,55.07692307692308,52.57692307692308,50.07692307692308,0.3995341514423077,141,48
2016,00-0026267,Jacob Tamme,TE,8,72.0,29.000000000000004,0.4594107421875001,5.375,25.875,26.875,31.875,29.375,26.875,0.37488693457031247,142,31
2016,00-0025396,Ted Ginn,WR,16,136.0,29.2,0.4522181796874998,6.675000000000001,49.0625,50.0625,55.0625,52.5625,50.0625,0.401249041015625,143,49
2016,00-0030533,Matt Barkley,QB,7,99.34,30.02,0.4385048046874999,9.902857142857144,24.0,25.0,30.0,27.5,25.0,0.36721515624999995,144,31
2016,00-0031547,DeVante Parker,WR,15,126.4,28.599999999999998,0.43557321874999994,6.5200000000000005,48.8,49.8,54.8,52.3,49.8,0.39985687291666666,145,50
2016,00-0032112,J.J. Nelson,WR,14,122.10000000000001,28.8,0.43335400781249983,6.6642857142857155,49.0,50.0,55.0,52.5,50.0,0.4014476255580357,146,51
2016,00-0028411,Dontrelle Inman,WR,16,134.0,27.45,0.43320480468749994,6.659375000000001,49.1875,50.1875,55.1875,52.6875,50.1875,0.4006772094726563,147,52
2016,00-0031062,James White,RB,16,131.70000000000002,30.25,0.4324565078125001,6.340625,32.9375,33.9375,38.9375,36.4375,33.9375,0.37505261767578124,148,34
2016,00-0029275,Ladarius Green,TE,6,63.4,29.999999999999996,0.4286751562500002,5.566666666666666,26.666666666666668,27.666666666666668,32.666666666666664,30.166666666666668,27.666666666666668,0.3805273645833333,149,32
2016,00-0032004,Will Tye,TE,16,117.5,28.900000000000002,0.41334237500000015,5.5375,26.1875,27.1875,32.1875,29.6875,27.1875,0.37971925048828126,150,33
2016,00-0029613,Doug Martin,RB,8,78.50000000000001,27.050000000000008,0.41099206250000014,6.43125,31.75,32.75,37.75,35.25,32.75,0.371948947265625,151,35
2016,00-0030433,Mike Gillislee,RB,15,121.2,27.049999999999994,0.40053212499999996,6.276666666666667,33.2,34.2,39.2,36.7,34.2,0.37420423229166666,152,36
2016,00-0024334,Brandon Marshall,WR,15,126.3,26.999999999999993,0.396081640625,6.620000000000001,49.266666666666666,50.266666666666666,55.266666666666666,52.766666666666666,50.266666666666666,0.3994994317708333,153,53
2016,00-0030432,Christine Michael,RB,15,126.0,28.649999999999995,0.39511713281250005,6.49,32.13333333333333,33.13333333333333,38.13333333333333,35.63333333333333,33.13333333333333,0.37765528645833335,154,37
2016,00-0031939,Matt Jones,RB,7,71.30000000000001,27.250000000000004,0.3897405703125,6.292857142857144,33.142857142857146,34.142857142857146,39.142857142857146,36.642857142857146,34.142857142857146,0.37670807477678575,155,38
2016,00-0027948,Blaine Gabbert,QB,6,85.2,23.96,0.3733292890625001,10.206666666666667,24.0,25.0,30.0,27.5,25.0,0.3617715963541667,156,32
2016,00-0031339,Donte Moncrief,WR,9,87.6,25.199999999999996,0.3638580156250002,6.933333333333334,49.111111111111114,50.111111111111114,55.111111111111114,52.611111111111114,50.111111111111114,0.4015749296875,157,54
2016,00-0032972,Devontae Booker,RB,16,127.2,25.0,0.36322985937500024,6.3875,32.4375,33.4375,38.4375,35.9375,33.4375,0.378087025390625,158,39
2016,00-0029665,Robert Griffin III,QB,5,72.44,23.270000000000003,0.34392771093750013,9.834,24.0,25.0,30.0,27.5,25.0,0.36159390468749997,159,33
2016,00-0025708,Matt Moore,QB,4,60.739999999999995,23.229999999999993,0.34083148437500016,9.377500000000001,24.0,25.0,30.0,27.5,25.0,0.361202056640625,160,34
2016,00-0029269,Travis Benjamin,WR,14,110.9,18.300000000000004,0.3218761093749998,6.614285714285715,49.357142857142854,50.357142857142854,55.357142857142854,52.857142857142854,50.357142857142854,0.39909522991071433,161,55
2016,00-0032200,Ty Montgomery,WR,15,118.5,19.400000000000002,0.3194102265625,6.606666666666667,48.86666666666667,49.86666666666667,54.86666666666667,52.36666666666667,49.86666666666667,0.401034184375,162,56
2016,00-0032256,Clive Walford,TE,15,103.4,19.550000000000004,0.3157863750000001,5.59,26.133333333333333,27.133333333333333,32.13333333333333,29.633333333333333,27.133333333333333,0.37842193541666663,163,34
2016,00-0027873,Jermaine Gresham,TE,16,106.6,17.6,0.3129362109375002,5.5625,26.1875,27.1875,32.1875,29.6875,27.1875,0.37865412939453125,164,35
2016,00-0030710,Trey Burton,TE,14,94.2,17.5,0.30956506250000015,5.478571428571429,26.285714285714285,27.285714285714285,32.285714285714285,29.785714285714285,27.285714285714285,0.3774376316964286,165,36
2016,00-0032135,Jesse James,TE,16,110.3,21.700000000000003,0.3055620390625001,5.5375,26.1875,27.1875,32.1875,29.6875,27.1875,0.37971925048828126,166,37
2016,00-0030404,Chris Thompson,RB,16,123.0,21.549999999999997,0.2999621953125003,6.340625,32.9375,33.9375,38.9375,36.4375,33.9375,0.37505261767578124,167,40
2016,00-0032134,C.J. Uzomah,TE,8,66.9,20.75,0.29235156250000005,5.76875,25.875,26.875,31.875,29.375,26.875,0.37756303125,168,38
2016,00-0032209,T.J. Yeldon,RB,15,112.7,16.9,0.28323389062500015,6.386666666666668,32.4,33.4,38.4,35.9,33.4,0.376224165625,169,41
2016,00-0030422,Dion Sims,TE,13,88.60000000000001,15.800000000000002,0.2818930234375,5.6,26.384615384615383,27.384615384615383,32.38461538461539,29.884615384615383,27.384615384615383,0.3774089146634615,170,39
2016,00-0026289,Tim Hightower,RB,16,115.80000000000001,13.200000000000005,0.28114164062499986,6.4125000000000005,32.5,33.5,38.5,36.0,33.5,0.375811287109375,171,42
2016,00-0028083,Jacquizz Rodgers,RB,10,84.30000000000001,20.8,0.2791226640625003,6.35,33.4,34.4,39.4,36.9,34.4,0.37661689609375,172,43
2016,00-0029632,Mohamed Sanu,WR,15,119.3,18.799999999999994,0.27459411718750004,6.7,49.2,50.2,55.2,52.7,50.2,0.40078081510416663,173,57
2016,00-0021206,Josh McCown,QB,5,64.1,16.3,0.2713178046874998,9.559999999999999,24.0,25.0,30.0,27.5,25.0,0.3258377578125,174,35
2016,00-0026625,Brian Hoyer,QB,6,79.6,20.489999999999995,0.26796717968749983,9.851666666666668,24.0,25.0,30.0,27.5,25.0,0.36023726041666665,175,36
2016,00-0032393,C.J. Prosise,RB,6,52.5,15.650000000000002,0.26620900781250006,6.141666666666667,33.0,34.0,39.0,36.5,34.0,0.3733855546875,176,44
2016,00-0028903,Garrett Celek,TE,14,94.5,17.200000000000003,0.26071983593750003,5.521428571428571,26.428571428571427,27.428571428571427,32.42857142857143,29.928571428571427,27.428571428571427,0.3803765094866071,177,40
2016,00-0030525,Tavon Austin,WR,15,117.80000000000001,18.399999999999995,0.24718846875,6.626666666666667,48.666666666666664,49.666666666666664,54.666666666666664,52.166666666666664,49.666666666666664,0.39930285729166665,178,58
2016,00-0027690,Eric Decker,WR,3,35.9,14.2,0.24606635156249995,7.233333333333334,49.0,50.0,55.0,52.5,50.0,0.396720875,179,59
2016,00-0032411,Kenneth Dixon,RB,12,87.4,13.649999999999999,0.242450640625,6.145833333333333,33.083333333333336,34.083333333333336,39.083333333333336,36.583333333333336,34.083333333333336,0.3753597161458333,180,45
2016,00-0032257,Duke Johnson,RB,16,117.7,16.0,0.23861860937500007,6.35625,32.875,33.875,38.875,36.375,33.875,0.3768201201171875,181,46
2016,00-0029567,Nick Foles,QB,2,28.0,17.669999999999998,0.236436125,5.165000000000001,24.0,25.0,30.0,27.5,25.0,0.2875356953125,182,37
2016,00-0027531,Chris Ivory,RB,11,84.5,15.45,0.2292781718750001,6.277272727272727,33.0,34.0,39.0,36.5,34.0,0.3783213181818182,183,47
2016,00-0028198,Matt Asiata,RB,16,116.5,15.2,0.2258957343750002,6.331250000000001,33.0,34.0,39.0,36.5,34.0,0.37701233984375,184,48
2016,00-0031782,Eli Rogers,WR,13,102.0,13.999999999999996,0.20071684375000004,6.769230769230769,49.15384615384615,50.15384615384615,55.15384615384615,52.65384615384615,50.15384615384615,0.4029636983173077,185,60
2016,00-0031665,Zach Zenner,RB,11,84.0,15.349999999999998,0.19962285937500013,6.240909090909091,33.18181818181818,34.18181818181818,39.18181818181818,36.68181818181818,34.18181818181818,0.37527553764204546,186,49
2016,00-0028237,Chris Hogan,WR,15,109.9,9.05,0.18616991406249983,6.723333333333334,49.13333333333333,50.13333333333333,55.13333333333333,52.63333333333333,50.13333333333333,0.40027834791666667,187,61
2016,00-0032764,Derrick Henry,RB,14,99.2,8.749999999999998,0.17745499999999997,6.460714285714286,32.714285714285715,33.714285714285715,38.714285714285715,36.214285714285715,33.714285714285715,0.37744777176339284,188,50
2016,00-0024226,Jay Cutler,QB,5,56.76,11.82,0.1764275781249999,8.988,24.0,25.0,30.0,27.5,25.0,0.32057372656250005,189,38
2016,00-0032966,Corey Coleman,WR,10,76.8,7.85,0.16547219531249985,6.8950000000000005,48.4,49.4,54.4,51.9,49.4,0.40026939375000004,190,62
2016,00-0031897,Thomas Rawls,RB,9,69.0,9.7,0.1615726953124999,6.5888888888888895,32.666666666666664,33.666666666666664,38.666666666666664,36.166666666666664,33.666666666666664,0.37306198003472224,191,51
2016,00-0031325,Sammy Watkins,WR,8,69.0,12.499999999999998,0.1544687187499998,7.0625,49.25,50.25,55.25,52.75,50.25,0.4011787294921875,192,63
2016,00-0028091,Jeremy Kerley,WR,16,116.7,11.050000000000004,0.15088488281249984,6.603125,48.9375,49.9375,54.9375,52.4375,49.9375,0.4003813876953125,193,64
2016,00-0032104,Ameer Abdullah,RB,2,24.3,9.649999999999999,0.1385707499999999,7.325000000000001,29.5,30.5,35.5,33.0,30.5,0.3740775390625,194,52
2016,00-0030821,Allen Hurns,WR,11,83.2,8.749999999999996,0.13721799218750008,6.7681818181818185,49.09090909090909,50.09090909090909,55.09090909090909,52.59090909090909,50.09090909090909,0.3999222926136364,195,65
2016,00-0031599,Cameron Artis-Payne,RB,3,28.0,10.5,0.13710096093750007,5.833333333333333,35.666666666666664,36.666666666666664,41.666666666666664,39.166666666666664,36.666666666666664,0.3860135494791666,196,53
2016,00-0026019,Danny Woodhead,RB,2,24.1,9.449999999999998,0.13542824999999992,7.325000000000001,29.5,30.5,35.5,33.0,30.5,0.3740775390625,197,54
2016,00-0026995,Jeremy Maclin,WR,12,87.5,6.550000000000001,0.13521614843749996,6.745833333333334,49.083333333333336,50.083333333333336,55.083333333333336,52.583333333333336,50.083333333333336,0.40018025716145833,198,66
2016,00-0028040,Jordan Cameron,TE,3,24.0,5.899999999999999,0.12416519531250003,6.033333333333334,27.333333333333332,28.333333333333332,33.333333333333336,30.833333333333332,28.333333333333332,0.3795898958333333,199,41
2016,00-0032098,Daniel Brown,TE,6,42.4,7.299999999999999,0.11701308593749998,5.8500000000000005,26.0,27.0,32.0,29.5,27.0,0.38134554427083334,200,42
2016,00-0032211,Tyler Lockett,WR,15,103.6,3.049999999999997,0.10452490624999994,6.703333333333334,49.13333333333333,50.13333333333333,55.13333333333333,52.63333333333333,50.13333333333333,0.40015783958333334,201,67
2016,00-0028142,Virgil Green,TE,10,62.7,6.650000000000002,0.10439099218749986,5.6049999999999995,27.2,28.2,33.2,30.7,28.2,0.37478668828124995,202,43
2016,00-0033127,Will Fuller,WR,14,98.7,4.900000000000001,0.10318061718749982,6.700000000000001,48.57142857142857,49.57142857142857,54.57142857142857,52.07142857142857,49.57142857142857,0.3984908560267857,203,68
2016,00-0030485,Eddie Lacy,RB,5,40.8,8.599999999999998,0.10289253124999997,6.44,32.2,33.2,38.2,35.7,33.2,0.378336184375,204,55
2016,00-0031390,Charles Sims,RB,7,55.9,8.699999999999998,0.09768003125000008,6.742857142857143,33.0,34.0,39.0,36.5,34.0,0.3776074397321429,205,56
2016,00-0032392,Austin Hooper,TE,13,73.60000000000001,3.5000000000000027,0.0955164140625,5.392307692307692,26.53846153846154,27.53846153846154,32.53846153846154,30.03846153846154,27.53846153846154,0.3760297740384615,206,44
2016,00-0032688,Robbie Chosen,WR,14,93.9,2.9000000000000012,0.09507337499999968,6.5,49.142857142857146,50.142857142857146,55.142857142857146,52.642857142857146,50.142857142857146,0.40155696372767863,207,69
2016,00-0030047,Marquess Wilson,WR,3,26.5,6.35,0.09373606249999988,6.716666666666666,49.333333333333336,50.333333333333336,55.333333333333336,52.833333333333336,50.333333333333336,0.404463375,208,70
2016,00-0032009,Adam Humphries,WR,15,105.5,5.3500000000000005,0.09131046874999987,6.676666666666667,48.6,49.6,54.6,52.1,49.6,0.39943781666666667,209,71
2016,00-0026182,Eddie Royal,WR,9,65.4,4.85,0.08325015624999998,6.727777777777778,49.0,50.0,55.0,52.5,50.0,0.3987800078125,210,72
2016,00-0033104,Cody Kessler,QB,9,81.0,5.059999999999993,0.0750947968749999,8.437777777777779,24.0,25.0,30.0,27.5,25.0,0.34235939583333336,211,39
2016,00-0032400,Malcolm Mitchell,WR,12,80.10000000000001,0.6000000000000014,0.07059328124999997,6.625,48.416666666666664,49.416666666666664,54.416666666666664,51.916666666666664,49.416666666666664,0.39769656054687497,212,73
2016,00-0030431,Robert Woods,WR,13,93.4,7.149999999999996,0.0642095234374998,6.634615384615385,48.76923076923077,49.76923076923077,54.76923076923077,52.26923076923077,49.76923076923077,0.3999570252403846,213,74
2016,00-0030542,Terrance Williams,WR,15,103.4,4.299999999999999,0.06359185937500006,6.606666666666667,49.13333333333333,50.13333333333333,55.13333333333333,52.63333333333333,50.13333333333333,0.40261306041666667,214,75
2016,00-0031042,Jace Amaro,TE,1,10.4,4.75,0.059721468750000006,5.65,24.0,25.0,30.0,27.5,25.0,0.382321796875,215,45
2016,00-0031732,Connor Hamlett,TE,1,9.2,4.6,0.059525710937499976,4.6,24.0,25.0,30.0,27.5,25.0,0.360922078125,216,46
2016,00-0030520,Mike Glennon,QB,1,9.0,4.79,0.05850231250000004,4.21,24.0,25.0,30.0,27.5,25.0,0.29642465625,217,40
2016,00-0028202,Shaun Draughn,RB,15,94.4,-0.3000000000000007,0.05441424218750002,6.3133333333333335,33.13333333333333,34.13333333333333,39.13333333333333,36.63333333333333,34.13333333333333,0.37620407239583337,218,57
2016,00-0029708,Kendall Wright,WR,11,75.6,3.999999999999994,0.05158579687499998,6.50909090909091,48.63636363636363,49.63636363636363,54.63636363636363,52.13636363636363,49.63636363636363,0.3986046761363636,219,76
2016,00-0029638,Michael Floyd,WR,14,97.3,3.399999999999997,0.048451710937500114,6.707142857142857,48.92857142857143,49.92857142857143,54.92857142857143,52.42857142857143,49.92857142857143,0.40108050613839286,220,77
2016,00-0028050,Greg Salas,WR,2,16.9,1.3499999999999988,0.04617672656249994,7.775,49.5,50.5,55.5,53.0,50.5,0.3945189296875,221,78
2016,00-0031793,Terrell Watson,RB,1,9.8,3.0,0.04165202343750002,6.800000000000001,34.0,35.0,40.0,37.5,35.0,0.369618109375,222,58
2016,00-0024296,Charlie Whitehurst,QB,1,11.38,2.799999999999999,0.03530117187499998,8.580000000000002,24.0,25.0,30.0,27.5,25.0,0.35944410937500004,223,41
2016,00-0028087,Dion Lewis,RB,7,46.2,1.5500000000000016,0.03501710937500008,6.378571428571429,33.57142857142857,34.57142857142857,39.57142857142857,37.07142857142857,34.57142857142857,0.3727718203125,224,59
2016,00-0033108,Paxton Lynch,QB,3,30.380000000000003,2.6899999999999995,0.03403891406249998,9.23,24.0,25.0,30.0,27.5,25.0,0.3641904010416667,225,42
2016,00-0033025,Jalen Richard,RB,16,101.0,-0.10000000000000409,0.0312105156250001,6.3187500000000005,33.0,34.0,39.0,36.5,34.0,0.3759159736328125,226,60
2016,00-0031055,Andre Williams,RB,1,8.700000000000001,1.9000000000000004,0.02611888281250002,6.800000000000001,34.0,35.0,40.0,37.5,35.0,0.369618109375,227,61
2016,00-0030279,Keenan Allen,WR,1,9.3,1.4500000000000002,0.021431054687500006,7.8500000000000005,51.0,52.0,57.0,54.5,52.0,0.408249109375,228,79
2016,00-0029273,Robert Turbin,RB,15,95.3,-0.9500000000000046,0.02083853125000007,6.416666666666667,32.733333333333334,33.733333333333334,38.733333333333334,36.233333333333334,33.733333333333334,0.37533949791666665,229,62
2016,00-0030514,Mychal Rivera,TE,10,52.199999999999996,-0.5000000000000009,0.011118203125000059,5.2700000000000005,25.9,26.9,31.9,29.4,26.9,0.37422875078124995,230,47
2016,00-0030216,Josh Hill,TE,8,43.4,1.299999999999999,0.008593117187500054,5.2625,26.625,27.625,32.625,30.125,27.625,0.3797962763671875,231,48
2016,00-0024243,Marcedes Lewis,TE,10,52.900000000000006,-1.3499999999999983,0.007643289062500114,5.425,26.7,27.7,32.7,30.2,27.7,0.37819927890625,232,49
2016,00-0031545,Kevin White,WR,4,29.1,0.8499999999999979,0.004666765625000013,7.0625,49.25,50.25,55.25,52.75,50.25,0.395188015625,233,80
2016,00-0032784,Kevin Hogan,QB,3,20.66,-1.8800000000000043,0.004287882812499977,7.5133333333333345,24.0,25.0,30.0,27.5,25.0,0.32383350520833337,234,43
2016,00-0031609,A.J. Derby,TE,7,38.0,-1.7000000000000002,0.003913546875000007,5.671428571428572,26.714285714285715,27.714285714285715,32.714285714285715,30.214285714285715,27.714285714285715,0.38221121316964285,235,50
2016,00-0031384,Richard Rodgers,TE,15,84.1,0.5,0.0029242343750000566,5.573333333333333,26.333333333333332,27.333333333333332,32.333333333333336,29.833333333333332,27.333333333333332,0.38131575260416667,236,51
2016,00-0032048,Mack Brown,RB,2,14.500000000000002,0.9500000000000011,0.0010824453125001243,6.775,34.5,35.5,40.5,38.0,35.5,0.37818416796875,237,63
2016,00-0031568,Bryce Petty,QB,6,46.26,-3.120000000000002,0.0004958984375000586,8.23,24.0,25.0,30.0,27.5,25.0,0.34870327343749996,238,44
2016,00-0033106,Jared Goff,QB,7,67.16000000000001,-0.6999999999999957,-3.56562499999602e-05,9.694285714285714,24.0,25.0,30.0,27.5,25.0,0.35753622209821423,239,45
2016,00-0032893,Connor Cook,QB,1,8.0,-0.8499999999999996,-0.011099523437500036,8.85,24.0,25.0,30.0,27.5,25.0,0.344354328125,240,46
2016,00-0031035,Xavier Grimble,TE,8,40.3,-3.0499999999999994,-0.015513273437499808,5.41875,27.0,28.0,33.0,30.5,28.0,0.380988953125,241,52
2016,00-0032365,DeMarcus Ayers,WR,2,13.1,-1.9000000000000004,-0.015548796874999937,7.5,47.5,48.5,53.5,51.0,48.5,0.41078439843750003,242,81
2016,00-0030460,Markus Wheaton,WR,3,15.1,-2.6500000000000004,-0.019518273437499956,5.916666666666667,48.333333333333336,49.333333333333336,54.333333333333336,51.833333333333336,49.333333333333336,0.39328104687500004,243,82
2016,00-0031788,Matt Lengel,TE,2,11.200000000000001,-1.399999999999999,-0.019629406249999926,6.3,26.0,27.0,32.0,29.5,27.0,0.388103203125,244,53
2016,00-0028838,Larry Donnell,TE,7,35.7,-2.75,-0.03126956250000007,5.492857142857143,25.857142857142858,26.857142857142858,31.857142857142858,29.357142857142858,26.857142857142858,0.3781169921875,245,54
2016,00-0027994,Shane Vereen,RB,5,32.7,-1.0000000000000009,-0.033394843750000014,6.74,32.4,33.4,38.4,35.9,33.4,0.37363095,246,64
2016,00-0032190,Gerald Christian,TE,1,2.9000000000000004,-2.55,-0.03396872656249994,5.45,24.0,25.0,30.0,27.5,25.0,0.361402515625,247,55
2016,00-0032841,Paul Turner,WR,3,17.1,-2.4500000000000006,-0.03633507031250016,6.516666666666667,50.0,51.0,56.0,53.5,51.0,0.41134211458333336,248,83
2016,00-0030992,Crockett Gillmore,TE,5,25.1,-2.8,-0.036878820312500005,5.58,26.2,27.2,32.2,29.7,27.2,0.372395209375,249,56
2016,00-0028994,Dominique Jones,TE,5,22.599999999999998,-3.75,-0.04100435937499991,5.2700000000000005,26.4,27.4,32.4,29.9,27.4,0.3754836078125,250,57
2016,00-0031066,Lorenzo Taliaferro,RB,1,2.5,-3.250000000000001,-0.04296578906249998,5.750000000000001,37.0,38.0,43.0,40.5,38.0,0.36541453125,251,65
2016,00-0030117,Kerwynn Williams,RB,5,28.8,-4.850000000000001,-0.04368953906249984,6.730000000000001,33.2,34.2,39.2,36.7,34.2,0.3785659328125,252,66
2016,00-0021678,Tony Romo,QB,1,5.16,-3.6899999999999995,-0.04717147656249998,8.85,24.0,25.0,30.0,27.5,25.0,0.344354328125,253,47
2016,00-0032602,J.D. McKissic,RB,1,2.8,-4.000000000000001,-0.0530453984375,6.800000000000001,34.0,35.0,40.0,37.5,35.0,0.369618109375,254,67
2016,00-0032739,Wendall Williams,WR,2,9.5,-3.8,-0.054878749999999976,6.65,48.0,49.0,54.0,51.5,49.0,0.4013294296875,255,84
2016,00-0032964,Byron Marshall,RB,2,8.9,-4.050000000000001,-0.05860517187499992,6.4750000000000005,34.0,35.0,40.0,37.5,35.0,0.36537509375,256,68
2016,00-0026998,Percy Harvin,WR,1,2.7,-3.6000000000000005,-0.059324460937499934,6.300000000000001,45.0,46.0,51.0,48.5,46.0,0.39800505468749997,257,85
2016,00-0027791,James Starks,RB,9,49.400000000000006,-7.3,-0.05969033593750006,6.300000000000001,32.55555555555556,33.55555555555556,38.55555555555556,36.05555555555556,33.55555555555556,0.3769598975694444,258,69
2016,00-0032523,Henry Krieger-Coble,TE,1,2.8,-4.8500000000000005,-0.060428554687500025,7.65,26.0,27.0,32.0,29.5,27.0,0.41771153125,259,58
2016,00-0032064,DeAndre Smelter,WR,1,2.8000000000000003,-4.449999999999999,-0.06055015624999999,7.25,48.0,49.0,54.0,51.5,49.0,0.41834387500000003,260,86
2016,00-0031484,Chris Manhertz,TE,1,2.5,-5.15,-0.06410025781249995,7.65,26.0,27.0,32.0,29.5,27.0,0.41771153125,261,59
2016,00-0033098,Cardale Jones,QB,1,3.7399999999999998,-5.109999999999999,-0.06435107812499996,8.85,24.0,25.0,30.0,27.5,25.0,0.344354328125,262,48
2016,00-0031768,Terrence Magee,RB,1,1.2000000000000002,-5.3500000000000005,-0.06442358593749997,6.550000000000001,36.0,37.0,42.0,39.5,37.0,0.39361646874999995,263,70
2016,00-0029848,Nick Williams,WR,2,8.4,-4.9,-0.06485102343750004,6.65,48.5,49.5,54.5,52.0,49.5,0.4087335,264,87
2016,00-0026855,Antone Smith,RB,3,13.400000000000002,-4.75,-0.0654664296875,6.050000000000001,32.666666666666664,33.666666666666664,38.666666666666664,36.166666666666664,33.666666666666664,0.37790361458333327,265,71
2016,00-0032120,Neal Sterling,TE,6,29.0,-4.2,-0.06592714062499977,5.533333333333334,27.0,28.0,33.0,30.5,28.0,0.3711223203125,266,60
2016,00-0026008,Matthew Mulligan,TE,1,2.3,-5.3500000000000005,-0.06646949218749998,7.65,26.0,27.0,32.0,29.5,27.0,0.41771153125,267,61
2016,00-0029414,Orson Charles,TE,1,0.0,-5.0,-0.06693713281249991,5.0,24.0,25.0,30.0,27.5,25.0,0.35577171874999997,268,62
2016,00-0031922,Khari Lee,TE,1,0.0,-5.0,-0.06693713281249991,5.0,24.0,25.0,30.0,27.5,25.0,0.35577171874999997,269,63
2016,00-0033119,Jacoby Brissett,QB,3,28.300000000000004,-4.009999999999998,-0.06704136718749998,10.770000000000001,24.0,25.0,30.0,27.5,25.0,0.35955743749999997,270,49
2016,00-0028011,Stevan Ridley,RB,1,0.7000000000000001,-5.3,-0.06818839062500004,6.0,30.0,31.0,36.0,33.5,31.0,0.3967018203125,271,72
2016,00-0031868,Damiere Byrd,WR,1,2.1,-5.15,-0.06986407031250008,7.25,48.0,49.0,54.0,51.5,49.0,0.41834387500000003,272,88
2016,00-0032298,Bronson Hill,RB,1,1.1,-5.700000000000001,-0.07459700000000002,6.800000000000001,34.0,35.0,40.0,37.5,35.0,0.369618109375,273,73
2016,00-0031585,MyCole Pruitt,TE,2,4.300000000000001,-5.649999999999999,-0.07645871093750001,4.975,25.0,26.0,31.0,28.5,26.0,0.35713329687499995,274,64
2016,00-0031690,Eric Tomlinson,TE,1,0.0,-5.4,-0.07753556250000004,5.4,26.0,27.0,32.0,29.5,27.0,0.38578090625,275,65
2016,00-0032227,Jeff Heuerman,TE,6,27.6,-6.3999999999999995,-0.07778948437499977,5.666666666666667,25.0,26.0,31.0,28.5,26.0,0.37506485416666663,276,66
2016,00-0029415,Keshawn Martin,WR,1,0.0,-6.65,-0.07859789843749998,6.65,54.0,55.0,60.0,57.5,55.0,0.41815003125,277,89
2016,00-0030856,Tony Washington,WR,1,1.4,-5.85,-0.07895461718750008,7.25,48.0,49.0,54.0,51.5,49.0,0.41834387500000003,278,90
2016,00-0029048,Joe Banyard,RB,1,0.7000000000000001,-6.1000000000000005,-0.07957653906249995,6.800000000000001,34.0,35.0,40.0,37.5,35.0,0.369618109375,279,74
2016,00-0026213,Jamaal Charles,RB,3,12.4,-5.6,-0.08073578125000008,6.0,33.333333333333336,34.333333333333336,39.333333333333336,36.833333333333336,34.333333333333336,0.37020728906250006,280,75
2016,00-0031687,Raheem Mostert,RB,1,0.6000000000000001,-6.200000000000001,-0.08077872656249996,6.800000000000001,34.0,35.0,40.0,37.5,35.0,0.369618109375,281,76
2016,00-0032679,Paul McRoberts,WR,1,1.1,-6.15,-0.08289341406250006,7.25,48.0,49.0,54.0,51.5,49.0,0.41834387500000003,282,91
2016,00-0032070,Dezmin Lewis,WR,1,0.0,-6.25,-0.08319895312499997,6.25,53.0,54.0,59.0,56.5,54.0,0.41655934375000003,283,92
2016,00-0030805,Je'Ron Hamm,TE,2,4.3,-6.45,-0.08464065625,5.375,25.0,26.0,31.0,28.5,26.0,0.36804460156249996,284,67
2016,00-0028958,Cory Harkey,TE,1,0.0,-5.7,-0.08600416406249994,5.7,34.0,35.0,40.0,37.5,35.0,0.35909534374999996,285,68
2016,00-0030348,Khiry Robinson,RB,1,0.20000000000000018,-7.2,-0.08672967187499991,7.4,35.0,36.0,41.0,38.5,36.0,0.39523625781249994,286,77
2016,00-0029738,Darren Fells,TE,9,42.4,-7.150000000000002,-0.08916387499999995,5.505555555555556,26.0,27.0,32.0,29.5,27.0,0.37160321614583336,287,69
2016,00-0030565,Geno Smith,QB,2,9.94,-8.280000000000003,-0.09194271875000004,9.110000000000001,24.0,25.0,30.0,27.5,25.0,0.3616535703125,288,50
2016,00-0032844,Brandon Burks,RB,1,-0.4,-7.200000000000001,-0.09291345312500005,6.800000000000001,34.0,35.0,40.0,37.5,35.0,0.369618109375,289,78
2016,00-0033009,Tyler Boyd,WR,16,97.10000000000001,-10.05,-0.09354789843750022,6.696875,48.875,49.875,54.875,52.375,49.875,0.40013626708984373,290,93
2016,00-0029572,Jarius Wright,WR,4,18.2,-6.8500000000000005,-0.09445777343749989,6.2625,47.75,48.75,53.75,51.25,48.75,0.398986513671875,291,94
2016,00-0033080,Seth DeValve,TE,8,39.7,-6.200000000000001,-0.09572375000000016,5.7375,27.0,28.0,33.0,30.5,28.0,0.381681025390625,292,70
2016,00-0032012,Isaac Fruechte,WR,1,0.0,-7.25,-0.096960171875,7.25,48.0,49.0,54.0,51.5,49.0,0.41834387500000003,293,95
2016,00-0032250,Kasen Williams,WR,1,0.0,-7.25,-0.096960171875,7.25,48.0,49.0,54.0,51.5,49.0,0.41834387500000003,294,96
2016,00-0031076,David Fales,QB,1,0.88,-7.97,-0.09751659374999999,8.85,24.0,25.0,30.0,27.5,25.0,0.344354328125,295,51
2016,00-0032139,Ben Koyack,TE,10,50.6,-6.449999999999999,-0.09878631249999992,5.705,27.4,28.4,33.4,30.9,28.4,0.37739460625,296,71
2016,00-0032394,Nick Vannett,TE,3,7.7,-7.199999999999999,-0.09894905468749987,4.966666666666666,25.333333333333332,26.333333333333332,31.333333333333332,28.833333333333332,26.333333333333332,0.3720667161458333,297,72
2016,00-0032245,Sean Mannion,QB,1,0.66,-8.19,-0.099936359375,8.85,24.0,25.0,30.0,27.5,25.0,0.344354328125,298,52
2016,00-0026544,Chase Daniel,QB,1,0.64,-9.22,-0.10100825,9.860000000000001,24.0,25.0,30.0,27.5,25.0,0.3342444609375,299,53
2016,00-0026197,Chad Henne,QB,1,-0.2,-7.34,-0.10115542968750002,7.14,24.0,25.0,30.0,27.5,25.0,0.299112015625,300,54
2016,00-0026983,Darrius Heyward-Bey,WR,7,38.4,-7.650000000000002,-0.10316041406249993,6.578571428571429,49.285714285714285,50.285714285714285,55.285714285714285,52.785714285714285,50.285714285714285,0.4006446774553572,301,97
2016,00-0026373,Justin Forsett,RB,9,51.6,-8.200000000000003,-0.10402208593750001,6.644444444444445,33.0,34.0,39.0,36.5,34.0,0.3737522126736111,302,79
2016,00-0030854,Erik Swoope,TE,12,58.2,-8.899999999999999,-0.10638444531249985,5.591666666666666,25.666666666666668,26.666666666666668,31.666666666666668,29.166666666666668,26.666666666666668,0.3790942486979167,303,73
2016,00-0032940,DeAndre Washington,RB,13,76.7,-5.350000000000004,-0.10741396874999998,6.311538461538462,33.38461538461539,34.38461538461539,39.38461538461539,36.88461538461539,34.38461538461539,0.3753377367788462,304,80
2016,00-0030300,Jaron Brown,WR,6,30.200000000000003,-9.75,-0.10795350000000004,6.658333333333334,49.666666666666664,50.666666666666664,55.666666666666664,53.166666666666664,50.666666666666664,0.3978385052083333,305,98
2016,00-0030089,Luke Willson,TE,10,47.4,-8.950000000000001,-0.11086708593749989,5.635,26.2,27.2,32.2,29.7,27.2,0.37698952890625004,306,74
2016,00-0023645,Derek Anderson,QB,4,26.520000000000003,-10.860000000000003,-0.11090525000000001,9.345,24.0,25.0,30.0,27.5,25.0,0.36787723046875,307,55
2016,00-0026898,Mark Sanchez,QB,2,3.52,-9.54,-0.11449985156249998,6.529999999999999,24.0,25.0,30.0,27.5,25.0,0.3203894921875,308,56
2016,00-0032760,Josh Doctson,WR,2,7.6,-7.950000000000001,-0.11545169531249999,7.775,49.5,50.5,55.5,53.0,50.5,0.3945189296875,309,99
2016,00-0026144,Darren McFadden,RB,3,11.9,-8.450000000000001,-0.11773593749999983,6.783333333333334,34.333333333333336,35.333333333333336,40.333333333333336,37.833333333333336,35.333333333333336,0.37532881510416666,310,81
2016,00-0031189,T.J. Jones,WR,3,11.8,-9.45,-0.12060663281250006,7.083333333333333,49.333333333333336,50.333333333333336,55.333333333333336,52.833333333333336,50.333333333333336,0.4127093802083334,311,100
2016,00-0029626,Isaiah Pead,RB,2,3.3000000000000003,-9.350000000000001,-0.12096019531249996,6.325,35.0,36.0,41.0,38.5,36.0,0.38673876953124997,312,82
2016,00-0023496,Vincent Jackson,WR,5,24.8,-8.5,-0.12211435937500004,6.660000000000001,48.8,49.8,54.8,52.3,49.8,0.3937762,313,101
2016,00-0032626,Geronimo Allison,WR,7,38.2,-8.75,-0.12613661718750008,6.707142857142857,47.857142857142854,48.857142857142854,53.857142857142854,51.357142857142854,48.857142857142854,0.40263506138392857,314,102
2016,00-0031598,Nick Boyle,TE,4,13.4,-10.05,-0.12693888281249988,5.8625,25.5,26.5,31.5,29.0,26.5,0.38084745703125,315,75
2016,00-0031684,Shane Wynn,WR,2,2.9000000000000004,-9.4,-0.13020214062500002,6.15,51.0,52.0,57.0,54.5,52.0,0.40784123437500003,316,103
2016,00-0028595,Scott Tolzien,QB,2,12.94,-10.27,-0.13020896875000004,11.605,24.0,25.0,30.0,27.5,25.0,0.37941665625,317,57
2016,00-0031064,Tom Savage,QB,3,17.64,-11.09,-0.1311645781249999,9.576666666666666,24.0,25.0,30.0,27.5,25.0,0.3539622395833333,318,58
2016,00-0030187,Rashad Ross,WR,2,1.3,-10.45,-0.13248226562499993,5.875,47.5,48.5,53.5,51.0,48.5,0.39664359765625,319,104
2016,00-0031558,Maxx Williams,TE,2,0.0,-10.65,-0.1343143828124999,5.325,24.0,25.0,30.0,27.5,25.0,0.36904675781249996,320,76
2016,00-0032515,Braedon Bowman,TE,2,0.0,-10.65,-0.1343143828124999,5.325,24.0,25.0,30.0,27.5,25.0,0.36904675781249996,321,77
2016,00-0026796,Arian Foster,RB,4,16.3,-10.250000000000004,-0.13773235937500006,6.637500000000001,31.25,32.25,37.25,34.75,32.25,0.36972896875,322,83
2016,00-0026164,Chris Johnson,RB,4,15.5,-11.8,-0.1394910000000001,6.825,32.25,33.25,38.25,35.75,33.25,0.380408154296875,323,84
2016,00-0028097,Lee Smith,TE,4,11.9,-11.2,-0.14041264062500003,5.775,26.5,27.5,32.5,30.0,27.5,0.3736353515625,324,78
2016,00-0027265,Victor Cruz,WR,14,82.10000000000001,-10.600000000000001,-0.1436879843750002,6.621428571428572,48.714285714285715,49.714285714285715,54.714285714285715,52.214285714285715,49.714285714285715,0.3988846143973214,325,105
2016,00-0031418,Austin Seferian-Jenkins,TE,9,40.9,-11.25,-0.14400857031249997,5.794444444444444,26.666666666666668,27.666666666666668,32.666666666666664,30.166666666666668,27.666666666666668,0.3799411579861111,326,79
2016,00-0029394,Brenton Bersin,WR,2,2.7,-10.8,-0.1454235468750001,6.75,50.5,51.5,56.5,54.0,51.5,0.41745160937500003,327,106
2016,00-0031310,Devin Street,WR,2,2.5,-10.75,-0.14741932812500003,6.625,48.0,49.0,54.0,51.5,49.0,0.3957969765625,328,107
2016,00-0030691,Jeremy Butler,WR,2,2.1,-11.200000000000001,-0.14819113281250001,6.65,50.0,51.0,56.0,53.5,51.0,0.40274292968750003,329,108
2016,00-0032430,David Morgan,TE,2,1.9,-11.15,-0.14885354687500008,6.525,26.0,27.0,32.0,29.5,27.0,0.40174621875,330,80
2016,00-0029640,Brian Quick,WR,16,94.9,-10.75,-0.15079117187500013,6.603125,48.9375,49.9375,54.9375,52.4375,49.9375,0.4003813876953125,331,109
2016,00-0030758,Justin Perillo,TE,4,9.5,-12.450000000000001,-0.15362517187499997,5.4875,27.0,28.0,33.0,30.5,28.0,0.384353810546875,332,81
2016,00-0031934,Devin Smith,WR,2,2.5,-11.3,-0.1544649687500001,6.9,47.5,48.5,53.5,51.0,48.5,0.393769953125,333,110
2016,00-0031746,George Farmer,RB,2,1.0,-11.7,-0.157505,6.35,30.5,31.5,36.5,34.0,31.5,0.3850069375,334,85
2016,00-0033112,Temarrick Hemingway,TE,2,0.0,-11.15,-0.1576197656249999,5.575,25.0,26.0,31.0,28.5,26.0,0.365469421875,335,82
2016,00-0029119,Derek Carrier,TE,3,4.0,-11.899999999999999,-0.158993328125,5.3,26.0,27.0,32.0,29.5,27.0,0.3698045677083333,336,83
2016,00-0030391,Mike James,RB,3,6.1000000000000005,-11.5,-0.16338207812499994,5.866666666666667,32.333333333333336,33.333333333333336,38.333333333333336,35.833333333333336,33.333333333333336,0.37591374739583333,337,86
2016,00-0024264,Kellen Clemens,QB,1,-0.1,-12.299999999999999,-0.1644246875,12.2,24.0,25.0,30.0,27.5,25.0,0.335959359375,338,59
2016,00-0032482,Bralon Addison,WR,2,2.0,-13.0,-0.16572669531250012,7.5,47.5,48.5,53.5,51.0,48.5,0.41078439843750003,339,111
2016,00-0031959,Marcus Murphy,RB,2,0.8,-11.55,-0.1672278203125,6.175000000000001,35.5,36.5,41.5,39.0,36.5,0.3618571796875,340,87
2016,00-0030091,Tavarres King,WR,3,6.0,-13.0,-0.1672633671875,6.333333333333333,47.666666666666664,48.666666666666664,53.666666666666664,51.166666666666664,48.666666666666664,0.4038770234375,341,112
2016,00-0032562,Cole Wick,TE,3,4.8,-12.600000000000001,-0.16786028125000002,5.8,24.0,25.0,30.0,27.5,25.0,0.3784820208333333,342,84
2016,00-0032974,Jordan Payton,WR,2,0.8,-13.05,-0.1678632109374999,6.925000000000001,51.5,52.5,57.5,55.0,52.5,0.41044411718749996,343,113
2016,00-0030068,Marquise Goodwin,WR,14,75.60000000000001,-15.500000000000002,-0.17041614843750008,6.507142857142858,48.857142857142854,49.857142857142854,54.857142857142854,52.357142857142854,49.857142857142854,0.3994782025669643,344,114
2016,00-0031021,Jared Abbrederis,WR,2,1.3,-13.200000000000001,-0.1710948359374999,7.25,52.5,53.5,58.5,56.0,53.5,0.4131995703125,345,115
2016,00-0032429,Jerell Adams,TE,10,42.2,-12.85,-0.17242427343749983,5.505,25.9,26.9,31.9,29.4,26.9,0.38329554140625,346,85
2016,00-0030578,Cordarrelle Patterson,RB,16,87.60000000000001,-13.700000000000003,-0.17493363281249996,6.331250000000001,33.0,34.0,39.0,36.5,34.0,0.37701233984375,347,88
2016,00-0032801,Daniel Braverman,WR,2,0.0,-12.100000000000001,-0.17623917187500004,6.050000000000001,48.5,49.5,54.5,52.0,49.5,0.3917190546875,348,116
2016,00-0031569,Jeremy Langford,RB,12,63.7,-14.900000000000002,-0.18019242187499984,6.550000000000001,32.5,33.5,38.5,36.0,33.5,0.37547140885416663,349,89
2016,00-0030874,Damien Williams,RB,15,81.9,-11.600000000000001,-0.18023286718749987,6.233333333333333,33.333333333333336,34.333333333333336,39.333333333333336,36.833333333333336,34.333333333333336,0.3768904796875,350,90
2016,00-0029612,Daryl Richardson,RB,2,0.7000000000000001,-13.400000000000002,-0.18358448437500002,7.050000000000001,31.0,32.0,37.0,34.5,32.0,0.3831042421875,351,91
2016,00-0031166,Seth Roberts,WR,16,92.7,-13.450000000000006,-0.18420362500000004,6.634375,49.0,50.0,55.0,52.5,50.0,0.4002301342773438,352,117
2016,00-0031025,Michael Campanaro,WR,3,7.200000000000001,-13.85,-0.1843298906250001,7.016666666666667,47.666666666666664,48.666666666666664,53.666666666666664,51.166666666666664,48.666666666666664,0.4019612604166667,353,118
2016,00-0030443,Levine Toilolo,TE,13,57.9,-12.750000000000002,-0.18472062499999997,5.434615384615385,26.384615384615383,27.384615384615383,32.38461538461539,29.884615384615383,27.384615384615383,0.37538588161057695,354,86
2016,00-0022044,Andre Johnson,WR,6,25.0,-14.35,-0.18913682812500004,6.558333333333334,48.5,49.5,54.5,52.0,49.5,0.392956125,355,119
2016,00-0028093,Niles Paul,TE,4,5.7,-14.75,-0.19540265624999992,5.1125,26.5,27.5,32.5,30.0,27.5,0.374126591796875,356,87
2016,00-0030668,Charcandrick West,RB,15,80.10000000000001,-16.400000000000002,-0.1955704296875001,6.433333333333334,32.4,33.4,38.4,35.9,33.4,0.37554130156250004,357,92
2016,00-0025394,Adrian Peterson,RB,3,7.5,-13.3,-0.19661205468750004,6.933333333333334,31.0,32.0,37.0,34.5,32.0,0.3697623854166667,358,93
2016,00-0032593,Brandon Wilds,RB,3,5.699999999999999,-14.850000000000001,-0.19690259375000002,6.8500000000000005,34.0,35.0,40.0,37.5,35.0,0.3767018307291667,359,94
2016,00-0031682,Terron Ward,RB,5,16.700000000000003,-14.549999999999999,-0.19759300000000002,6.25,31.4,32.4,37.4,34.9,32.4,0.375513528125,360,95
2016,00-0032636,Don Jackson,RB,3,3.2,-14.950000000000001,-0.19827090624999993,6.050000000000001,32.666666666666664,33.666666666666664,38.666666666666664,36.166666666666664,33.666666666666664,0.37790361458333327,361,96
2016,00-0031345,Jimmy Garoppolo,QB,6,35.480000000000004,-21.79,-0.19932224218750005,9.545,24.0,25.0,30.0,27.5,25.0,0.3359683815104167,362,60
2016,00-0027725,Clay Harbor,TE,4,6.3999999999999995,-16.15,-0.19965707812499994,5.6375,25.25,26.25,31.25,28.75,26.25,0.391089568359375,363,88
2016,00-0032577,D.J. Foster,RB,3,3.1000000000000005,-15.45,-0.20548253906250008,6.183333333333334,30.666666666666668,31.666666666666668,36.666666666666664,34.166666666666664,31.666666666666668,0.37416713020833337,364,97
2016,00-0032054,Breshad Perriman,WR,15,84.60000000000001,-14.75,-0.20562353906250042,6.623333333333334,49.2,50.2,55.2,52.7,50.2,0.4005398098958333,365,120
2016,00-0030282,Stepfan Taylor,RB,3,1.2000000000000002,-17.2,-0.20720174999999985,6.133333333333333,33.666666666666664,34.666666666666664,39.666666666666664,37.166666666666664,34.666666666666664,0.3817152109375,366,98
2016,00-0031051,John Brown,WR,15,84.2,-16.900000000000002,-0.20872502343749982,6.74,49.0,50.0,55.0,52.5,50.0,0.40088830156250005,367,121
2016,00-0029740,Ifeanyi Momah,TE,5,8.0,-16.9,-0.20988560156249986,4.9799999999999995,25.0,26.0,31.0,28.5,26.0,0.37206515781249994,368,89
2016,00-0032208,Phillip Dorsett,WR,15,82.3,-17.800000000000004,-0.2114447187500001,6.673333333333334,49.13333333333333,50.13333333333333,55.13333333333333,52.63333333333333,50.13333333333333,0.4009884265625,369,122
2016,00-0032417,Paul Perkins,RB,14,69.30000000000001,-17.099999999999998,-0.21553130468749987,6.171428571428572,33.357142857142854,34.357142857142854,39.357142857142854,36.857142857142854,34.357142857142854,0.37698529520089286,370,99
2016,00-0031577,Javorius Allen,RB,4,6.3999999999999995,-16.9,-0.21970495312500005,5.824999999999999,32.5,33.5,38.5,36.0,33.5,0.38600353125,371,100
2016,00-0023662,Matt Cassel,QB,4,19.66,-17.37,-0.2231326328125001,9.2575,24.0,25.0,30.0,27.5,25.0,0.323301220703125,372,61
2016,00-0031044,Troy Niklas,TE,3,1.5,-16.6,-0.22887407812500005,6.033333333333334,27.333333333333332,28.333333333333332,33.333333333333336,30.833333333333332,28.333333333333332,0.3795898958333333,373,90
2016,00-0030521,Justin Hunter,WR,10,47.9,-15.950000000000003,-0.23442694531250002,6.385,49.5,50.5,55.5,53.0,50.5,0.4021700109375,374,123
2016,00-0020679,Shaun Hill,QB,3,10.18,-19.02,-0.23534296093749996,9.733333333333333,24.0,25.0,30.0,27.5,25.0,0.358955828125,375,62
2016,00-0032475,Tanner McEvoy,WR,8,32.22,-19.930000000000003,-0.23963275000000017,6.518750000000001,49.75,50.75,55.75,53.25,50.75,0.40443556640625,376,124
2016,00-0032795,Cody Core,WR,7,28.5,-17.5,-0.24010427343750007,6.571428571428571,48.857142857142854,49.857142857142854,54.857142857142854,52.357142857142854,49.857142857142854,0.4012172734375,377,125
2016,00-0027595,Bryan Walters,WR,10,47.5,-19.550000000000004,-0.2401379218750001,6.705000000000001,49.8,50.8,55.8,53.3,50.8,0.40385297812500004,378,126
2016,00-0030860,Orleans Darkwa,RB,7,25.3,-17.099999999999998,-0.24600892187500012,6.057142857142857,33.857142857142854,34.857142857142854,39.857142857142854,37.357142857142854,34.857142857142854,0.3752980881696429,379,101
2016,00-0031560,Jaelen Strong,WR,6,20.1,-18.05,-0.24875389062500008,6.358333333333333,49.0,50.0,55.0,52.5,50.0,0.3946062786458333,380,127
2016,00-0027218,Joique Bell,RB,3,0.9000000000000001,-18.35,-0.2502691484375001,6.416666666666667,33.666666666666664,34.666666666666664,39.666666666666664,37.166666666666664,34.666666666666664,0.3715767682291667,381,102
2016,00-0028409,DuJuan Harris,RB,8,31.300000000000004,-18.949999999999996,-0.2511088515624998,6.28125,33.0,34.0,39.0,36.5,34.0,0.378503001953125,382,103
2016,00-0026035,Danny Amendola,WR,12,57.800000000000004,-22.25,-0.25198617187499983,6.670833333333333,49.166666666666664,50.166666666666664,55.166666666666664,52.666666666666664,50.166666666666664,0.399764447265625,383,128
2016,00-0033164,Troymaine Pope,RB,4,5.4,-17.700000000000003,-0.2529519296875001,5.775,34.75,35.75,40.75,38.25,35.75,0.36180968359375,384,104
2016,00-0031610,Darren Waller,TE,10,35.5,-20.0,-0.2535807031249999,5.55,26.4,27.4,32.4,29.9,27.4,0.384248421875,385,91
2016,00-0030780,Ryan Hewitt,TE,4,4.3,-19.8,-0.25634204687499995,6.025,27.25,28.25,33.25,30.75,28.25,0.390591845703125,386,92
2016,00-0032725,Stephen Anderson,TE,9,31.799999999999997,-19.15,-0.2653606875,5.661111111111111,27.333333333333332,28.333333333333332,33.333333333333336,30.833333333333332,28.333333333333332,0.37652505034722217,387,93
2016,00-0032055,Devin Funchess,WR,14,74.60000000000001,-19.900000000000002,-0.26640328906250005,6.75,49.285714285714285,50.285714285714285,55.285714285714285,52.785714285714285,50.285714285714285,0.4009651316964286,388,129
2016,00-0032778,Tajae Sharpe,WR,16,84.80000000000001,-21.8,-0.26686540625000027,6.6625000000000005,48.6875,49.6875,54.6875,52.1875,49.6875,0.39951756640625,389,130
2016,00-0030288,Rex Burkhead,RB,14,67.4,-20.850000000000005,-0.2671640312499999,6.303571428571429,32.857142857142854,33.857142857142854,38.857142857142854,36.357142857142854,33.857142857142854,0.37467269642857143,390,105
2016,00-0028249,Jeremy Ross,WR,5,11.7,-21.0,-0.27724042968749996,6.540000000000001,49.6,50.6,55.6,53.1,50.6,0.40248946406249997,391,131
2016,00-0032599,Josh Perkins,TE,6,14.7,-20.4,-0.2776830625000001,5.8500000000000005,26.833333333333332,27.833333333333332,32.833333333333336,30.333333333333332,27.833333333333332,0.38438686067708333,392,94
2016,00-0027861,C.J. Spiller,RB,6,15.799999999999999,-21.5,-0.27876317187499994,6.216666666666666,30.5,31.5,36.5,34.0,31.5,0.38246852604166665,393,106
2016,00-0031953,Geremy Davis,WR,3,0.0,-21.05,-0.2809450546875001,7.016666666666667,47.666666666666664,48.666666666666664,53.666666666666664,51.166666666666664,48.666666666666664,0.4019612604166667,394,132
2016,00-0031962,Mario Alford,WR,3,0.0,-21.05,-0.2809450546875001,7.016666666666667,47.666666666666664,48.666666666666664,53.666666666666664,51.166666666666664,48.666666666666664,0.4019612604166667,395,133
2016,00-0030737,Freddie Martino,WR,7,24.200000000000003,-20.35,-0.2842061562500002,6.364285714285715,49.42857142857143,50.42857142857143,55.42857142857143,52.92857142857143,50.42857142857143,0.4029641651785715,396,134
2016,00-0032141,Geoff Swaim,TE,7,15.899999999999999,-22.099999999999998,-0.28547258593749986,5.428571428571429,26.571428571428573,27.571428571428573,32.57142857142857,30.071428571428573,27.571428571428573,0.3690665245535714,397,95
2016,00-0029878,MarQueis Gray,TE,10,38.4,-20.05,-0.2918045312499997,5.845000000000001,27.1,28.1,33.1,30.6,28.1,0.3827268328125,398,96
2016,00-0032218,Dorial Green-Beckham,WR,14,69.2,-24.35,-0.29708653124999995,6.682142857142858,48.92857142857143,49.92857142857143,54.92857142857143,52.42857142857143,49.92857142857143,0.4009978275669643,399,135
2016,00-0022787,Matt Schaub,QB,3,0.44,-22.57,-0.30282850781249987,7.670000000000001,24.0,25.0,30.0,27.5,25.0,0.3542113645833333,400,63
2016,00-0031268,Walt Powell,WR,7,21.2,-23.1,-0.30305957031249986,6.328571428571429,48.714285714285715,49.714285714285715,54.714285714285715,52.214285714285715,49.714285714285715,0.3967032790178572,401,136
2016,00-0029033,Griff Whalen,WR,4,3.2,-23.400000000000002,-0.30330896093750004,6.65,49.5,50.5,55.5,53.0,50.5,0.403725560546875,402,137
2016,00-0029205,Travaris Cadet,RB,15,74.0,-23.35,-0.30438428124999983,6.49,32.13333333333333,33.13333333333333,38.13333333333333,35.63333333333333,33.13333333333333,0.37765528645833335,403,107
2016,00-0029091,Bradley Sowell,TE,4,0.0,-22.0,-0.30535318749999996,5.5,26.5,27.5,32.5,30.0,27.5,0.379291978515625,404,97
2016,00-0031533,Randall Telfer,TE,5,3.4000000000000004,-22.799999999999997,-0.3082419843749999,5.24,27.0,28.0,33.0,30.5,28.0,0.3698529296875,405,98
2016,00-0032951,Laquon Treadwell,WR,4,2.0,-22.550000000000004,-0.3083899296875,6.137500000000001,50.5,51.5,56.5,54.0,51.5,0.40323300976562504,406,138
2016,00-0025549,Brent Celek,TE,10,36.5,-20.75,-0.309034703125,5.725,26.6,27.6,32.6,30.1,27.6,0.38465389609375,407,99
2016,00-0027996,Torrey Smith,WR,12,54.7,-23.6,-0.30908622656250007,6.5249999999999995,49.583333333333336,50.583333333333336,55.583333333333336,53.083333333333336,50.583333333333336,0.400184447265625,408,139
2016,00-0032319,Ross Travis,TE,5,6.0,-22.6,-0.3116185546874998,5.720000000000001,27.4,28.4,33.4,30.9,28.4,0.3776556859375,409,100
2016,00-0032462,Trevone Boykin,QB,4,9.899999999999999,-24.47,-0.31340648437499996,8.5925,24.0,25.0,30.0,27.5,25.0,0.34793898046875,410,64
2016,00-0032166,Sammie Coates,WR,14,67.4,-23.250000000000007,-0.31611604687499995,6.4750000000000005,49.142857142857146,50.142857142857146,55.142857142857146,52.642857142857146,50.142857142857146,0.39889524330357146,411,140
2016,00-0030705,Juwan Thompson,RB,5,8.6,-24.1,-0.31800771093749985,6.540000000000001,32.8,33.8,38.8,36.3,33.8,0.374024353125,412,108
2016,00-0033060,Leonte Carroo,WR,5,10.4,-23.55,-0.31820452343749994,6.790000000000001,50.8,51.8,56.8,54.3,51.8,0.40417675,413,141
2016,00-0030544,Gavin Escobar,TE,7,15.0,-23.25,-0.3210751562500001,5.464285714285714,25.857142857142858,26.857142857142858,31.857142857142858,29.357142857142858,26.857142857142858,0.3726561908482143,414,101
2016,00-0032661,Ben Braunecker,TE,6,10.100000000000001,-24.35,-0.3218921171874999,5.741666666666667,26.833333333333332,27.833333333333332,32.833333333333336,30.333333333333332,27.833333333333332,0.37893653776041664,415,102
2016,00-0027139,John Phillips,TE,9,28.2,-22.8,-0.32508660937499984,5.666666666666667,25.555555555555557,26.555555555555557,31.555555555555557,29.055555555555557,26.555555555555557,0.3780303446180555,416,103
2016,00-0029683,Ronnie Hillman,RB,8,25.900000000000002,-24.200000000000003,-0.32626502343749997,6.2625,33.5,34.5,39.5,37.0,34.5,0.3738420888671875,417,109
2016,00-0032864,Alex Ellis,TE,5,5.6,-24.0,-0.3275808828125,5.92,25.6,26.6,31.6,29.1,26.6,0.379711390625,418,104
2016,00-0032214,Tyler Kroft,TE,9,24.200000000000003,-23.95,-0.32842414843749995,5.35,27.333333333333332,28.333333333333332,33.333333333333336,30.833333333333332,28.333333333333332,0.3786500868055555,419,105
2016,00-0032068,Malcolm Johnson,RB,5,5.1,-25.250000000000004,-0.32869753125,6.07,35.4,36.4,41.4,38.9,36.4,0.3798036484375,420,110
2016,00-0031900,Rod Smith,RB,4,0.9,-24.450000000000003,-0.33013617187499994,6.3375,32.5,33.5,38.5,36.0,33.5,0.380591521484375,421,111
2016,00-0033021,Jake Lampman,WR,4,0.0,-25.35,-0.3371531249999999,6.3375,49.25,50.25,55.25,52.75,50.25,0.406993369140625,422,142
2016,00-0028042,Luke Stocker,TE,6,9.8,-25.3,-0.3399154296874998,5.8500000000000005,27.5,28.5,33.5,31.0,28.5,0.38168449869791665,423,106
2016,00-0030524,Landry Jones,QB,7,37.92,-31.360000000000003,-0.3406071875000001,9.897142857142857,24.0,25.0,30.0,27.5,25.0,0.36424487499999997,424,65
2016,00-0032508,Hakeem Valles,TE,5,0.0,-25.9,-0.340777640625,5.18,26.2,27.2,32.2,29.7,27.2,0.3720674796875,425,107
2016,00-0026932,Cedric Peerman,RB,4,1.5,-26.0,-0.3442316406249999,6.875,33.0,34.0,39.0,36.5,34.0,0.382924396484375,426,112
2016,00-0028012,Ryan Mallett,QB,4,0.4399999999999999,-29.13,-0.3480521484374999,7.3925,24.0,25.0,30.0,27.5,25.0,0.334030017578125,427,66
2016,00-0029793,Brandon Williams,TE,6,6.6,-26.15,-0.3501573046875,5.458333333333333,25.5,26.5,31.5,29.0,26.5,0.3819480794270833,428,108
2016,00-0032804,Daniel Lasco,RB,5,5.300000000000001,-26.8,-0.3608253203125,6.42,32.0,33.0,38.0,35.5,33.0,0.37152320312500003,429,113
2016,00-0032464,Kalif Raymond,WR,4,0.0,-27.3,-0.3615669140625,6.825,49.25,50.25,55.25,52.75,50.25,0.40931281640625006,430,143
2016,00-0030450,Quinton Patton,WR,13,59.300000000000004,-25.100000000000005,-0.3627459062499999,6.492307692307692,48.84615384615385,49.84615384615385,54.84615384615385,52.34615384615385,49.84615384615385,0.39753646634615386,431,144
2016,00-0028987,Phillip Supernaw,TE,7,12.2,-26.95,-0.36434774218749993,5.5928571428571425,27.714285714285715,28.714285714285715,33.714285714285715,31.214285714285715,28.714285714285715,0.3733043783482142,432,109
2016,00-0028052,Cecil Shorts,WR,7,20.7,-26.750000000000004,-0.3649613125,6.778571428571429,49.0,50.0,55.0,52.5,50.0,0.4012479241071429,433,145
2016,00-0032741,Peyton Barber,RB,10,33.6,-26.650000000000002,-0.36620795312500004,6.025,33.1,34.1,39.1,36.6,34.1,0.37500774375,434,114
2016,00-0029492,Jamize Olawale,RB,13,51.4,-30.400000000000006,-0.36780569531249985,6.292307692307693,33.30769230769231,34.30769230769231,39.30769230769231,36.80769230769231,34.30769230769231,0.3758193287259616,435,115
2016,00-0026298,Kellen Davis,TE,5,0.0,-27.4,-0.3692558437499998,5.4799999999999995,26.2,27.2,32.2,29.7,27.2,0.3800742953125,436,110
2016,00-0028116,Aldrick Robinson,WR,13,54.300000000000004,-31.1,-0.37038852343750023,6.56923076923077,48.92307692307692,49.92307692307692,54.92307692307692,52.42307692307692,49.92307692307692,0.39977695252403844,437,146
2016,00-0026224,Harry Douglas,WR,8,28.5,-26.150000000000002,-0.3711338046875,6.831250000000001,48.5,49.5,54.5,52.0,49.5,0.4041945888671875,438,147
2016,00-0030669,Albert Wilson,WR,14,66.4,-28.050000000000004,-0.37502469531250016,6.746428571428572,49.142857142857146,50.142857142857146,55.142857142857146,52.642857142857146,50.142857142857146,0.40120346428571424,439,148
2016,00-0030419,Matt McGloin,QB,3,1.6999999999999997,-31.53,-0.37770655468750003,11.076666666666668,24.0,25.0,30.0,27.5,25.0,0.35602674739583334,440,67
2016,00-0032450,Dwayne Washington,RB,11,43.7,-27.450000000000003,-0.3801131874999998,6.468181818181819,32.72727272727273,33.72727272727273,38.72727272727273,36.22727272727273,33.72727272727273,0.37801082457386365,441,116
2016,00-0032062,Blake Bell,TE,8,14.5,-28.0,-0.38820174999999996,5.3125,26.375,27.375,32.375,29.875,27.375,0.378710171875,442,111
2016,00-0032794,Danny Vitale,RB,5,4.7,-28.950000000000003,-0.392440234375,6.730000000000001,33.2,34.2,39.2,36.7,34.2,0.3785659328125,443,117
2016,00-0030147,Russell Shepard,WR,13,58.5,-28.75,-0.39260823437500003,6.711538461538462,48.46153846153846,49.46153846153846,54.46153846153846,51.96153846153846,49.46153846153846,0.399098657451923,444,149
2016,00-0030290,Cobi Hamilton,WR,11,43.9,-28.450000000000003,-0.39418907031250017,6.577272727272728,49.0,50.0,55.0,52.5,50.0,0.4033837457386364,445,150
2016,00-0032426,Alex Collins,RB,9,30.400000000000002,-28.6,-0.39418935156250007,6.555555555555555,32.55555555555556,33.55555555555556,38.55555555555556,36.05555555555556,33.55555555555556,0.37664710763888887,446,118
2016,00-0027651,Dexter McCluster,WR,6,7.3,-30.35,-0.39607570312499984,6.275000000000001,49.166666666666664,50.166666666666664,55.166666666666664,52.666666666666664,50.166666666666664,0.3982645208333333,447,151
2016,00-0031549,Nelson Agholor,WR,15,69.9,-28.800000000000004,-0.4017273281250001,6.58,48.8,49.8,54.8,52.3,49.8,0.40129501614583335,448,152
2016,00-0032063,Mike Davis,RB,7,13.0,-30.5,-0.40969834375000014,6.214285714285714,32.285714285714285,33.285714285714285,38.285714285714285,35.785714285714285,33.285714285714285,0.3771488392857143,449,119
2016,00-0029601,Brandon Bostick,TE,9,18.3,-30.4,-0.41026419531249997,5.411111111111111,26.666666666666668,27.666666666666668,32.666666666666664,30.166666666666668,27.666666666666668,0.3764134661458333,450,112
2016,00-0031589,Brett Hundley,QB,4,0.48,-33.120000000000005,-0.41040270312499993,8.4,24.0,25.0,30.0,27.5,25.0,0.335566802734375,451,68
2016,00-0032188,Vince Mayle,TE,5,0.0,-30.1,-0.42273839062500007,6.0200000000000005,26.2,27.2,32.2,29.7,27.2,0.3891472359375,452,113
2016,00-0032724,Bryce Treggs,WR,6,10.200000000000001,-30.450000000000003,-0.42543990625,6.775000000000001,48.0,49.0,54.0,51.5,49.0,0.40156244921875,453,153
2016,00-0025430,Drew Stanton,QB,5,15.38,-34.29,-0.42683040625,9.934000000000001,24.0,25.0,30.0,27.5,25.0,0.3519951234375,454,69
2016,00-0031731,Corey Grant,RB,10,33.900000000000006,-32.8,-0.42815108593749973,6.67,32.6,33.6,38.6,36.1,33.6,0.37828840625,455,120
2016,00-0031102,Kapri Bibbs,RB,9,27.4,-31.35,-0.4293073046875,6.527777777777778,31.11111111111111,32.111111111111114,37.111111111111114,34.611111111111114,32.111111111111114,0.3825367699652778,456,121
2016,00-0032782,Wendell Smallwood,RB,12,43.7,-32.45,-0.43182216406250007,6.345833333333334,31.916666666666668,32.916666666666664,37.916666666666664,35.416666666666664,32.916666666666664,0.37559442317708336,457,122
2016,00-0029159,Jermaine Kearse,WR,16,77.5,-30.300000000000004,-0.435184515625,6.737500000000001,49.0625,50.0625,55.0625,52.5625,50.0625,0.401294466796875,458,154
2016,00-0032128,Chris Conley,WR,16,75.0,-32.800000000000004,-0.4447683671874999,6.737500000000001,49.0625,50.0625,55.0625,52.5625,50.0625,0.401294466796875,459,155
2016,00-0030155,Demetrius Harris,TE,14,45.8,-32.75,-0.4496282890625,5.610714285714286,26.571428571428573,27.571428571428573,32.57142857142857,30.071428571428573,27.571428571428573,0.3790517745535714,460,114
2016,00-0027135,Brandon Myers,TE,10,24.4,-32.65,-0.4497033124999999,5.705,26.6,27.6,32.6,30.1,27.6,0.3808406109375,461,115
2016,00-0024268,Anthony Fasano,TE,12,32.3,-33.0,-0.45522488281250006,5.441666666666666,26.583333333333332,27.583333333333332,32.583333333333336,30.083333333333332,27.583333333333332,0.3819242454427083,462,116
2016,00-0031075,Alfred Blue,RB,14,56.0,-33.25,-0.4583997500000001,6.375,32.785714285714285,33.785714285714285,38.785714285714285,36.285714285714285,33.785714285714285,0.37507846372767856,463,123
2016,00-0029239,Brandon Bolden,RB,6,2.9,-34.5,-0.45905917187499984,6.233333333333334,34.166666666666664,35.166666666666664,40.166666666666664,37.666666666666664,35.166666666666664,0.3740014986979167,464,124
2016,00-0031514,Quan Bray,WR,6,5.800000000000001,-34.15,-0.4594104296875,6.658333333333334,49.666666666666664,50.666666666666664,55.666666666666664,53.166666666666664,50.666666666666664,0.3978385052083333,465,156
2016,00-0032130,Jalston Fowler,RB,6,2.2,-34.0,-0.46105564062499993,6.033333333333334,34.5,35.5,40.5,38.0,35.5,0.3664852942708334,466,125
2016,00-0031854,Chris Harper,WR,8,19.8,-34.150000000000006,-0.46258118750000027,6.74375,48.5,49.5,54.5,52.0,49.5,0.4029444111328125,467,157
2016,00-0031570,Justin Hardy,WR,13,54.800000000000004,-34.300000000000004,-0.46340253125000014,6.853846153846154,49.38461538461539,50.38461538461539,55.38461538461539,52.88461538461539,50.38461538461539,0.40083754026442303,468,158
2016,00-0030801,Brandon Coleman,WR,14,59.1,-34.6,-0.46648371875,6.692857142857143,48.642857142857146,49.642857142857146,54.642857142857146,52.142857142857146,49.642857142857146,0.39970735825892856,469,159
2016,00-0032694,Jalin Marshall,WR,10,33.2,-35.650000000000006,-0.47851998437500015,6.885000000000001,49.3,50.3,55.3,52.8,50.3,0.40288946015624993,470,160
2016,00-0029384,Bobby Rainey,RB,11,31.6,-37.400000000000006,-0.48088760937499986,6.2727272727272725,33.18181818181818,34.18181818181818,39.18181818181818,36.68181818181818,34.18181818181818,0.37925535795454546,471,126
2016,00-0033110,Tyler Higbee,TE,12,31.0,-35.6,-0.48406653906249997,5.55,25.25,26.25,31.25,28.75,26.25,0.38127886718750004,472,117
2016,00-0029587,Rhett Ellison,TE,11,25.3,-36.05,-0.4920774921875,5.577272727272727,25.818181818181817,26.818181818181817,31.818181818181817,29.318181818181817,26.818181818181817,0.3848176569602273,473,118
2016,00-0031697,Jordan Taylor,WR,11,38.9,-36.300000000000004,-0.49457333593750025,6.836363636363637,49.18181818181818,50.18181818181818,55.18181818181818,52.68181818181818,50.18181818181818,0.4007197677556818,474,161
2016,00-0031743,Akeem Hunt,RB,8,15.3,-35.7,-0.4979838124999998,6.375,33.0,34.0,39.0,36.5,34.0,0.37403635839843746,475,127
2016,00-0032975,Jonathan Williams,RB,8,11.9,-38.35,-0.5006531796875,6.28125,32.75,33.75,38.75,36.25,33.75,0.37596907812499997,476,128
2016,00-0030526,EJ Manuel,QB,5,7.440000000000001,-39.370000000000005,-0.5074404140625,9.362,24.0,25.0,30.0,27.5,25.0,0.33973818749999996,477,70
2016,00-0029319,Josh Bellamy,WR,13,47.4,-39.2,-0.523025125,6.661538461538462,48.69230769230769,49.69230769230769,54.69230769230769,52.19230769230769,49.69230769230769,0.40017053545673076,478,162
2016,00-0032362,Maurice Harris,WR,7,10.600000000000001,-38.45,-0.5234854531250002,7.007142857142858,48.57142857142857,49.57142857142857,54.57142857142857,52.07142857142857,49.57142857142857,0.40612219754464285,479,163
2016,00-0027675,Ed Dickson,TE,13,34.4,-37.85,-0.5274017578124999,5.5576923076923075,26.384615384615383,27.384615384615383,32.38461538461539,29.884615384615383,27.384615384615383,0.3761016646634615,480,119
2016,00-0032659,Roger Lewis,WR,10,25.200000000000003,-38.900000000000006,-0.5281681406249998,6.410000000000001,49.0,50.0,55.0,52.5,50.0,0.40226912812500004,481,164
2016,00-0032423,Trevor Davis,WR,8,9.9,-41.300000000000004,-0.5300692187499998,6.4,48.875,49.875,54.875,52.375,49.875,0.398950603515625,482,165
2016,00-0032902,Kenneth Farrow,RB,11,30.700000000000003,-40.1,-0.5308868906249999,6.4363636363636365,31.363636363636363,32.36363636363637,37.36363636363637,34.86363636363637,32.36363636363637,0.3769245987215909,483,129
2016,00-0033111,Pharoh Cooper,WR,9,17.6,-39.5,-0.5311405625000002,6.344444444444445,48.333333333333336,49.333333333333336,54.333333333333336,51.833333333333336,49.333333333333336,0.40216873697916666,484,166
2016,00-0024217,Reggie Bush,RB,10,20.2,-40.800000000000004,-0.5312299765624999,6.1,33.4,34.4,39.4,36.9,34.4,0.37362437421875,485,130
2016,00-0032745,Alan Cross,TE,11,18.8,-42.0,-0.5362828671875,5.527272727272727,26.0,27.0,32.0,29.5,27.0,0.3768297585227272,486,120
2016,00-0030465,Kenjon Barner,RB,11,31.6,-38.6,-0.5395942499999999,6.381818181818182,31.545454545454547,32.54545454545455,37.54545454545455,35.04545454545455,32.54545454545455,0.3761454090909091,487,131
2016,00-0027918,Andrew Hawkins,WR,16,66.9,-39.7,-0.5399897421875,6.6625000000000005,48.6875,49.6875,54.6875,52.1875,49.6875,0.39951756640625,488,167
2016,00-0029731,Fozzy Whittaker,RB,16,59.6,-42.1,-0.5481182109374996,6.35625,32.5,33.5,38.5,36.0,33.5,0.3770080732421875,489,132
2016,00-0026957,David Johnson,TE,11,20.5,-40.65,-0.548170546875,5.559090909090909,26.636363636363637,27.636363636363637,32.63636363636363,30.136363636363637,27.636363636363637,0.3806273089488636,490,121
2016,00-0030990,Josh Huff,WR,10,26.8,-39.7,-0.5511137265625,6.65,48.8,49.8,54.8,52.3,49.8,0.3974698578125,491,168
2016,00-0029510,Jonathan Grimes,RB,10,26.4,-40.60000000000001,-0.5576186796874998,6.7,32.3,33.3,38.3,35.8,33.3,0.37746174843749997,492,133
2016,00-0031600,Keith Mumphery,WR,8,11.9,-40.95,-0.5593082421875002,6.60625,49.25,50.25,55.25,52.75,50.25,0.40353884667968754,493,169
2016,00-0033069,Braxton Miller,WR,10,23.4,-43.95,-0.5800434453124999,6.735000000000001,49.2,50.2,55.2,52.7,50.2,0.40054591640625,494,170
2016,00-0029795,Benny Cunningham,RB,11,27.200000000000003,-42.3,-0.5863913359375001,6.318181818181818,32.09090909090909,33.09090909090909,38.09090909090909,35.59090909090909,33.09090909090909,0.3772862301136364,495,134
2016,00-0033114,Mike Thomas,WR,8,5.2,-44.35,-0.587682,6.1937500000000005,48.5,49.5,54.5,52.0,49.5,0.40020112988281253,496,171
2016,00-0029391,Sean McGrath,TE,9,5.5,-44.2,-0.5977842265625,5.522222222222222,27.333333333333332,28.333333333333332,33.333333333333336,30.833333333333332,28.333333333333332,0.37676167447916664,497,122
2016,00-0030547,Denard Robinson,RB,10,18.1,-45.75,-0.6058009140624999,6.385,32.4,33.4,38.4,35.9,33.4,0.37570174453125,498,135
2016,00-0031257,Paul Richardson,WR,13,45.8,-43.050000000000004,-0.6073303125,6.834615384615385,48.46153846153846,49.46153846153846,54.46153846153846,51.96153846153846,49.46153846153846,0.4001297776442308,499,172
2016,00-0030670,Bennie Fowler,WR,12,32.0,-46.7,-0.6107091953125001,6.558333333333334,48.916666666666664,49.916666666666664,54.916666666666664,52.416666666666664,49.916666666666664,0.40174359700520834,500,173
2016,00-0031158,George Atkinson,RB,9,9.4,-46.25,-0.6194457265625,6.183333333333334,32.77777777777778,33.77777777777778,38.77777777777778,36.27777777777778,33.77777777777778,0.3757827387152778,501,136
2016,00-0028581,Patrick DiMarco,RB,10,14.7,-47.7,-0.6264032734374998,6.24,32.9,33.9,38.9,36.4,33.9,0.37979511171875,502,137
2016,00-0030516,Brice Butler,WR,14,47.9,-45.95,-0.6329641640625001,6.703571428571429,48.857142857142854,49.857142857142854,54.857142857142854,52.357142857142854,49.857142857142854,0.3998762181919643,503,174
2016,00-0026293,Matthew Slater,WR,7,0.5,-46.0,-0.63445978125,6.642857142857143,48.42857142857143,49.42857142857143,54.42857142857143,51.92857142857143,49.42857142857143,0.3978386551339286,504,175
2016,00-0032117,Nick O'Leary,TE,13,26.900000000000002,-46.6,-0.6387208828125,5.653846153846154,26.076923076923077,27.076923076923077,32.07692307692308,29.576923076923077,27.076923076923077,0.3789420510817308,505,123
2016,00-0032775,Demarcus Robinson,WR,7,0.0,-47.5,-0.6478152500000001,6.785714285714286,48.857142857142854,49.857142857142854,54.857142857142854,52.357142857142854,49.857142857142854,0.39623089397321426,506,176
2016,00-0032959,Charone Peake,WR,12,28.1,-49.150000000000006,-0.6604944374999999,6.4375,49.166666666666664,50.166666666666664,55.166666666666664,52.666666666666664,50.166666666666664,0.4018205833333333,507,177
2016,00-0027215,Logan Paulsen,TE,10,6.0,-49.05,-0.66507075,5.505,26.1,27.1,32.1,29.6,27.1,0.375283646875,508,124
2016,00-0030789,Antonio Andrews,RB,8,1.5,-49.050000000000004,-0.6667078437500001,6.3187500000000005,32.625,33.625,38.625,36.125,33.625,0.373377390625,509,138
2016,00-0029004,Lance Dunbar,RB,12,29.3,-49.0,-0.6734748593749997,6.5249999999999995,32.75,33.75,38.75,36.25,33.75,0.3761602903645833,510,139
2016,00-0029141,Alfred Morris,RB,14,38.900000000000006,-49.25,-0.674971859375,6.296428571428572,32.214285714285715,33.214285714285715,38.214285714285715,35.714285714285715,33.214285714285715,0.37684005970982143,511,140
2016,00-0031057,Ka'Deem Carey,RB,11,20.6,-48.75,-0.6782132421874998,6.304545454545456,31.818181818181817,32.81818181818182,37.81818181818182,35.31818181818182,32.81818181818182,0.3740326072443182,512,141
2016,00-0031818,Bradley Marquez,WR,9,5.4,-50.400000000000006,-0.67856625,6.2,49.111111111111114,50.111111111111114,55.111111111111114,52.611111111111114,50.111111111111114,0.40006941406249996,513,178
2016,00-0032170,Rashad Greene,WR,8,5.7,-49.2,-0.6845346328124999,6.862500000000001,48.375,49.375,54.375,51.875,49.375,0.39644960644531246,514,179
2016,00-0030280,Knile Davis,RB,9,7.800000000000001,-49.35,-0.6851848359375001,6.3500000000000005,32.111111111111114,33.111111111111114,38.111111111111114,35.611111111111114,33.111111111111114,0.3764903949652778,515,142
2016,00-0029129,Rod Streater,WR,14,40.1,-51.150000000000006,-0.6950604921875001,6.517857142857143,48.714285714285715,49.714285714285715,54.714285714285715,52.214285714285715,49.714285714285715,0.4005188325892857,516,180
2016,00-0029388,Deonte Thompson,WR,15,47.900000000000006,-52.6,-0.702093125,6.7,48.53333333333333,49.53333333333333,54.53333333333333,52.03333333333333,49.53333333333333,0.39893534947916665,517,181
2016,00-0028497,Kamar Aiken,WR,16,53.300000000000004,-52.35,-0.7054669765624999,6.603125,48.9375,49.9375,54.9375,52.4375,49.9375,0.4003813876953125,518,182
2016,00-0030671,Isaiah Burse,WR,8,0.0,-53.35,-0.710888234375,6.66875,49.125,50.125,55.125,52.625,50.125,0.4040262958984375,519,183
2016,00-0033118,Kenyan Drake,RB,15,39.0,-54.95,-0.7405074609375,6.263333333333334,32.86666666666667,33.86666666666667,38.86666666666667,36.36666666666667,33.86666666666667,0.3766924098958333,520,143
2016,00-0032355,Chester Rogers,WR,14,36.8,-54.300000000000004,-0.7465437031250001,6.507142857142858,48.857142857142854,49.857142857142854,54.857142857142854,52.357142857142854,49.857142857142854,0.3994782025669643,521,184
2016,00-0026739,Jordan Norwood,WR,14,37.7,-55.550000000000004,-0.7561342499999999,6.660714285714286,49.285714285714285,50.285714285714285,55.285714285714285,52.785714285714285,50.285714285714285,0.39952631082589285,522,185
2016,00-0031060,De'Anthony Thomas,WR,10,9.9,-55.2,-0.7636528125,6.510000000000001,49.3,50.3,55.3,52.8,50.3,0.40315762265625,523,186
2016,00-0032977,Rashard Higgins,WR,10,10.700000000000001,-57.0,-0.7702283124999999,6.7700000000000005,48.3,49.3,54.3,51.8,49.3,0.3998186015625,524,187
2016,00-0031001,Jeff Janis,WR,14,30.6,-60.150000000000006,-0.7914049921875,6.482142857142857,48.785714285714285,49.785714285714285,54.785714285714285,52.285714285714285,49.785714285714285,0.40208665066964283,525,188
2016,00-0030113,Charles D. Johnson,WR,14,33.2,-60.00000000000001,-0.8044735000000001,6.6571428571428575,48.92857142857143,49.92857142857143,54.92857142857143,52.42857142857143,49.92857142857143,0.39910907589285716,526,189
2016,00-0031118,Corey Brown,WR,16,47.7,-59.1,-0.8079031249999999,6.675000000000001,49.0625,50.0625,55.0625,52.5625,50.0625,0.401249041015625,527,190
2016,00-0027654,Arrelious Benn,WR,12,20.1,-58.800000000000004,-0.8162167109375,6.575,49.583333333333336,50.583333333333336,55.583333333333336,53.083333333333336,50.583333333333336,0.40019265755208333,528,191
2016,00-0028063,Taiwan Jones,RB,10,5.5,-60.2,-0.8162318984375,6.57,32.6,33.6,38.6,36.1,33.6,0.378674403125,529,144
2016,00-0031806,Malcolm Brown,RB,11,8.0,-60.7,-0.8253584218750001,6.245454545454546,34.09090909090909,35.09090909090909,40.09090909090909,37.59090909090909,35.09090909090909,0.3766440504261364,530,145
2016,00-0031344,Cody Latimer,WR,11,11.600000000000001,-61.75,-0.837312421875,6.668181818181819,48.81818181818182,49.81818181818182,54.81818181818182,52.31818181818182,49.81818181818182,0.3996005007102273,531,192
2016,00-0029336,Brittan Golden,WR,12,16.200000000000003,-62.7,-0.83910940625,6.575,48.75,49.75,54.75,52.25,49.75,0.4017856842447917,532,193
2016,00-0030287,Andre Ellington,RB,14,24.1,-63.6,-0.8631791015624999,6.264285714285714,32.785714285714285,33.785714285714285,38.785714285714285,36.285714285714285,33.785714285714285,0.3743110357142857,533,146
2016,00-0031951,James O'Shaughnessy,TE,12,2.9,-65.25,-0.8757779999999998,5.679166666666667,26.75,27.75,32.75,30.25,27.75,0.3843025657552083,534,125
2016,00-0033079,Ricardo Louis,WR,14,29.5,-64.10000000000001,-0.8839389765625001,6.685714285714286,49.0,50.0,55.0,52.5,50.0,0.3992226964285714,535,194
2016,00-0031332,Fitzgerald Toussaint,RB,12,10.600000000000001,-68.25,-0.9043771874999996,6.570833333333334,32.25,33.25,38.25,35.75,33.25,0.376389326171875,536,147
2016,00-0031291,James Wright,WR,12,16.5,-66.3,-0.9049121406250002,6.8999999999999995,49.0,50.0,55.0,52.5,50.0,0.40159837630208334,537,195
2016,00-0028795,Chase Reynolds,RB,11,0.9,-69.85000000000001,-0.9167410546874997,6.431818181818182,32.27272727272727,33.27272727272727,38.27272727272727,35.77272727272727,33.27272727272727,0.37701502272727266,538,148
2016,00-0032377,Josh Ferguson,RB,15,25.6,-68.7,-0.9238545703124998,6.286666666666667,32.93333333333333,33.93333333333333,38.93333333333333,36.43333333333333,33.93333333333333,0.37633583125,539,149
2016,00-0027796,Joe Webb,QB,9,0.8,-74.13,-0.9294539296875,8.325555555555557,24.0,25.0,30.0,27.5,25.0,0.34296690190972223,540,71
2016,00-0032881,Tommylee Lewis,WR,12,12.2,-69.05,-0.9448273906250002,6.770833333333333,49.25,50.25,55.25,52.75,50.25,0.40021990950520836,541,196
2016,00-0028263,Andre Holmes,WR,16,37.6,-68.55000000000001,-0.9528311796874999,6.634375,49.0,50.0,55.0,52.5,50.0,0.4002301342773438,542,197
2016,00-0031068,Ryan Grant,WR,12,12.1,-70.15,-0.9583361562499999,6.854166666666667,49.0,50.0,55.0,52.5,50.0,0.40049957486979165,543,198
2016,00-0032404,Tyler Ervin,RB,12,3.6,-72.65,-0.9638025390625,6.354166666666667,33.25,34.25,39.25,36.75,34.25,0.375370400390625,544,150
2016,00-0028121,Jordan Todman,RB,13,5.9,-73.75,-0.9751636406249998,6.126923076923077,33.46153846153846,34.46153846153846,39.46153846153846,36.96153846153846,34.46153846153846,0.3766832608173077,545,151
2016,00-0032935,Johnny Holton,WR,12,6.700000000000001,-74.25,-1.00608759375,6.745833333333334,48.75,49.75,54.75,52.25,49.75,0.399189791015625,546,199
2016,00-0027691,Andre Roberts,WR,16,31.8,-74.35000000000001,-1.0235916640624998,6.634375,49.0,50.0,55.0,52.5,50.0,0.4002301342773438,547,200
2016,00-0024272,Devin Hester,WR,12,0.0,-77.95,-1.06574009375,6.495833333333334,48.833333333333336,49.833333333333336,54.833333333333336,52.333333333333336,49.833333333333336,0.39850569921874995,548,201
2016,00-0027057,Brandon Tate,WR,15,20.5,-79.95,-1.07754159375,6.696666666666667,48.93333333333333,49.93333333333333,54.93333333333333,52.43333333333333,49.93333333333333,0.39980146770833336,549,202
2016,00-0032398,Chris Moore,WR,14,10.0,-84.30000000000001,-1.1301952421875001,6.735714285714287,49.357142857142854,50.357142857142854,55.357142857142854,52.857142857142854,50.357142857142854,0.40142630078125,550,203
2016,00-0032441,Aaron Burbridge,WR,15,12.3,-87.3,-1.1757467656249998,6.640000000000001,48.93333333333333,49.93333333333333,54.93333333333333,52.43333333333333,49.93333333333333,0.40046527187500003,551,204
2016,00-0031757,Lucky Whitehead,WR,15,12.5,-88.25,-1.2057500703125,6.716666666666667,49.06666666666667,50.06666666666667,55.06666666666667,52.56666666666667,50.06666666666667,0.40139076875,552,205
2016,00-0032791,Jakeem Grant,WR,14,0.1,-91.80000000000001,-1.219842125,6.564285714285715,49.0,50.0,55.0,52.5,50.0,0.4018707377232143,553,206
2016,00-0032543,Alex Erickson,WR,16,10.100000000000001,-97.05000000000001,-1.3153998750000002,6.696875,48.875,49.875,54.875,52.375,49.875,0.40013626708984373,554,207
2016,00-0028114,Dwayne Harris,WR,16,7.8,-97.85000000000001,-1.3198476953125,6.603125,48.9375,49.9375,54.9375,52.4375,49.9375,0.4003813876953125,555,208
2016,00-0027816,Marc Mariani,WR,16,1.5,-105.10000000000001,-1.42271528125,6.6625000000000005,48.6875,49.6875,54.6875,52.1875,49.6875,0.39951756640625,556,209
2016,00-0024535,Eric Weems,WR,16,0.0,-106.55000000000001,-1.424047640625,6.659375000000001,49.1875,50.1875,55.1875,52.6875,50.1875,0.4006772094726563,557,210
2017,00-0032241,Todd Gurley,RB,15,351.3,263.85,3.6811077343750007,5.83,36.333333333333336,37.333333333333336,42.333333333333336,39.833333333333336,37.333333333333336,0.3826657026041666,1,1
2017,00-0029263,Russell Wilson,QB,16,369.92,238.69,3.3503965625000003,8.201875000000001,24.0,25.0,29.9375,27.46875,25.0,0.34259648388671876,2,1
2017,00-0030496,Le'Veon Bell,RB,15,300.40000000000003,214.95000000000002,3.069789078125,5.696666666666667,37.0,38.0,43.0,40.5,38.0,0.3828786026041666,3,2
2017,00-0027939,Cam Newton,QB,16,331.48,198.98,2.8853254375,8.28125,24.0,25.0,29.9375,27.46875,25.0,0.3432097470703125,4,2
2017,00-0030506,Travis Kelce,TE,15,277.0,197.45000000000002,2.85768328125,5.303333333333333,25.6,26.6,31.6,29.1,26.6,0.3838317588541667,5,1
2017,00-0032950,Carson Wentz,QB,13,295.74,192.49,2.7411348593750002,7.9423076923076925,24.0,25.0,29.923076923076923,27.46153846153846,25.0,0.3396316099759616,6,3
2017,00-0027656,Rob Gronkowski,TE,13,261.9,191.9,2.7233038984375,5.384615384615385,25.307692307692307,26.307692307692307,31.307692307692307,28.807692307692307,26.307692307692307,0.3831206514423077,7,2
2017,00-0033906,Alvin Kamara,RB,16,273.9,184.2,2.6465961640625,5.60625,37.0,38.0,43.0,40.5,38.0,0.38008779638671875,8,3
2017,00-0023436,Alex Smith,QB,15,305.18,180.91,2.5986301796874995,8.284666666666668,24.0,25.0,29.933333333333334,27.466666666666665,25.0,0.3454448046875,9,4
2017,00-0033923,Kareem Hunt,RB,16,268.70000000000005,180.15,2.5386043828125002,5.534375000000001,36.9375,37.9375,42.9375,40.4375,37.9375,0.3805652719726562,10,4
2017,00-0019596,Tom Brady,QB,16,311.88,173.13,2.47306559375,8.671875,24.0,25.0,29.9375,27.46875,25.0,0.34906377880859374,11,5
2017,00-0032144,Melvin Gordon,RB,16,259.1,168.75,2.4615563828125,5.6468750000000005,37.0625,38.0625,43.0625,40.5625,38.0625,0.38126024169921874,12,5
2017,00-0029604,Kirk Cousins,QB,16,303.62,169.3,2.4559577734375,8.395,24.0,25.0,29.9375,27.46875,25.0,0.34507857421875,13,6
2017,00-0030564,DeAndre Hopkins,WR,15,261.8,172.5,2.4437173359375,5.953333333333334,45.93333333333333,46.93333333333333,51.93333333333333,49.43333333333333,46.93333333333333,0.40024399739583333,14,1
2017,00-0027793,Antonio Brown,WR,14,259.8,175.75,2.4311777500000002,6.003571428571429,45.642857142857146,46.642857142857146,51.642857142857146,49.142857142857146,46.642857142857146,0.39927601004464286,15,2
2017,00-0030061,Zach Ertz,TE,14,239.4,164.65,2.3600207734375003,5.339285714285714,25.5,26.5,31.5,29.0,26.5,0.3841255926339286,16,3
2017,00-0026498,Matthew Stafford,QB,16,293.64,160.67,2.34471775,8.310625,24.0,25.0,29.9375,27.46875,25.0,0.3446840483398438,17,7
2017,00-0027966,Mark Ingram,RB,16,249.0,159.29999999999998,2.3230639609374997,5.60625,37.0,38.0,43.0,40.5,38.0,0.38008779638671875,18,6
2017,00-0033077,Dak Prescott,QB,16,286.66,155.43,2.2293100546874998,8.201875000000001,24.0,25.0,29.9375,27.46875,25.0,0.34259648388671876,19,8
2017,00-0022924,Ben Roethlisberger,QB,15,289.06,158.53,2.2195212890625,8.702,24.0,25.0,29.933333333333334,27.466666666666665,25.0,0.34901899635416667,20,9
2017,00-0022942,Philip Rivers,QB,16,290.4,151.64999999999998,2.2004547031249997,8.671875,24.0,25.0,29.9375,27.46875,25.0,0.34906377880859374,21,10
2017,00-0020531,Drew Brees,QB,16,278.56,144.23999999999998,2.0600031796875,8.395,24.0,25.0,29.9375,27.46875,25.0,0.34507857421875,22,11
2017,00-0033106,Jared Goff,QB,15,269.26,141.49,2.0446586874999997,8.518,24.0,25.0,30.0,27.5,25.0,0.3437232276041667,23,12
2017,00-0027029,LeSean McCoy,RB,16,234.10000000000002,144.05,2.0422727890625,5.628125000000001,36.6875,37.6875,42.6875,40.1875,37.6875,0.38285180810546876,24,7
2017,00-0033856,Leonard Fournette,RB,13,212.20000000000002,135.4,2.0302635703125,5.907692307692309,36.69230769230769,37.69230769230769,42.69230769230769,40.19230769230769,37.69230769230769,0.38108126262019226,25,8
2017,00-0031407,Blake Bortles,QB,16,275.68,139.69,1.97853228125,8.499375,24.0,25.0,30.0,27.5,25.0,0.34409899560546875,26,13
2017,00-0033045,Ezekiel Elliott,RB,10,190.2,136.5,1.9316003984374999,5.37,36.1,37.1,42.1,39.6,37.1,0.37963178203125,27,9
2017,00-0030279,Keenan Allen,WR,16,227.20000000000002,131.85,1.8856884687500004,5.9593750000000005,45.625,46.625,51.625,49.125,46.625,0.39868687548828124,28,3
2017,00-0024389,Delanie Walker,TE,16,211.5,128.0,1.86982871875,5.21875,25.5,26.5,31.5,29.0,26.5,0.383548095703125,29,4
2017,00-0033881,Evan Engram,TE,15,205.6,126.4,1.8659220390625002,5.28,25.6,26.6,31.6,29.1,26.6,0.3824788458333333,30,5
2017,00-0030181,Jack Doyle,TE,15,209.0,130.3,1.858732015625,5.246666666666667,25.333333333333332,26.333333333333332,31.333333333333332,28.833333333333332,26.333333333333332,0.38447769479166666,31,6
2017,00-0033537,Deshaun Watson,QB,7,184.86,126.77,1.7833143671874998,8.29857142857143,24.0,25.0,29.857142857142858,27.428571428571427,25.0,0.3413691127232143,32,14
2017,00-0031045,Carlos Hyde,RB,16,204.3,114.3,1.7200828359375002,5.625,36.6875,37.6875,42.6875,40.1875,37.6875,0.381416982421875,33,10
2017,00-0021206,Josh McCown,QB,13,223.44,120.18,1.7168293437500002,7.943076923076924,24.0,25.0,29.923076923076923,27.46153846153846,25.0,0.3365507151442308,34,15
2017,00-0026143,Matt Ryan,QB,16,252.1,117.77999999999999,1.6873969375,8.395,24.0,25.0,29.9375,27.46875,25.0,0.34507857421875,35,16
2017,00-0027696,Jimmy Graham,TE,16,199.5,115.25,1.6737262578125003,5.265625,25.25,26.25,31.25,28.75,26.25,0.38535569775390627,36,7
2017,00-0022921,Larry Fitzgerald,WR,16,206.94,111.49,1.6611290000000003,5.965625,46.0625,47.0625,52.0625,49.5625,47.0625,0.39870960595703125,37,4
2017,00-0028986,Case Keenum,QB,15,251.88,119.63,1.6520297343749997,8.816666666666666,24.0,25.0,29.933333333333334,27.466666666666665,25.0,0.3509064651041667,38,17
2017,00-0031503,Jameis Winston,QB,13,223.66,114.62,1.6442347109375,8.387692307692308,24.0,25.0,29.923076923076923,27.46153846153846,25.0,0.34608181490384615,39,18
2017,00-0033040,Tyreek Hill,WR,15,203.70000000000002,114.65,1.637892390625,5.936666666666667,45.53333333333333,46.53333333333333,51.53333333333333,49.03333333333333,46.53333333333333,0.40096875364583334,40,5
2017,00-0032268,Marcus Mariota,QB,15,240.48000000000002,110.66,1.621433015625,8.654666666666666,24.0,25.0,30.0,27.5,25.0,0.3458029880208333,41,19
2017,00-0031382,Jarvis Landry,WR,16,204.0,110.0,1.6096627734375002,5.875,45.6875,46.6875,51.6875,49.1875,46.6875,0.39817355517578124,42,6
2017,00-0032765,Michael Thomas,WR,16,206.5,112.0,1.606088875,5.90625,45.75,46.75,51.75,49.25,46.75,0.39814733642578126,43,7
2017,00-0028118,Tyrod Taylor,QB,15,230.66000000000003,108.41,1.5390673984374996,8.15,24.0,25.0,29.933333333333334,27.466666666666665,25.0,0.3412265302083333,44,20
2017,00-0027944,Julio Jones,WR,16,207.9,113.39999999999999,1.5387163281250003,5.90625,45.75,46.75,51.75,49.25,46.75,0.39814733642578126,45,8
2017,00-0031285,Devonta Freeman,RB,14,182.2,103.6,1.5012588515625,5.614285714285715,37.0,38.0,43.0,40.5,38.0,0.37745208370535716,46,11
2017,00-0031280,Derek Carr,QB,15,232.44,106.11999999999999,1.4975314765624999,8.421333333333333,24.0,25.0,29.933333333333334,27.466666666666665,25.0,0.3475245651041667,47,21
2017,00-0027973,Andy Dalton,QB,16,234.70000000000002,103.47,1.4919367265624999,8.201875000000001,24.0,25.0,29.9375,27.46875,25.0,0.34259648388671876,48,22
2017,00-0031381,Davante Adams,WR,14,185.5,101.35,1.4649558984375004,6.010714285714286,46.142857142857146,47.142857142857146,52.142857142857146,49.642857142857146,47.142857142857146,0.3993019877232143,49,9
2017,00-0027981,Kyle Rudolph,TE,16,186.7,103.2,1.4632063359375,5.21875,25.3125,26.3125,31.3125,28.8125,26.3125,0.383406056640625,50,8
2017,00-0029293,Marvin Jones,WR,16,194.6,100.0,1.4469389765625,5.9125000000000005,45.9375,46.9375,51.9375,49.4375,46.9375,0.3982247456054687,51,10
2017,00-0033280,Christian McCaffrey,RB,16,188.6,98.6,1.4406896406250003,5.625,36.6875,37.6875,42.6875,40.1875,37.6875,0.381416982421875,52,12
2017,00-0030035,Adam Thielen,WR,16,194.20000000000002,98.85000000000001,1.434687796875,5.9593750000000005,45.625,46.625,51.625,49.125,46.625,0.39868687548828124,53,11
2017,00-0022127,Jason Witten,TE,16,180.5,96.25,1.4273206250000003,5.265625,25.25,26.25,31.25,28.75,26.25,0.38535569775390627,54,9
2017,00-0032780,Jordan Howard,RB,16,188.2,97.85,1.4153508750000001,5.6468750000000005,37.0625,38.0625,43.0625,40.5625,38.0625,0.38126024169921874,55,13
2017,00-0027942,A.J. Green,WR,16,189.3,94.55,1.3759685000000004,5.921875,46.0625,47.0625,52.0625,49.5625,47.0625,0.39892939501953123,56,12
2017,00-0028087,Dion Lewis,RB,16,181.0,90.64999999999999,1.3578185781250003,5.6468750000000005,37.0625,38.0625,43.0625,40.5625,38.0625,0.38126024169921874,57,14
2017,00-0028434,Doug Baldwin,WR,16,185.8,91.05,1.3531626953125002,5.921875,46.0625,47.0625,52.0625,49.5625,47.0625,0.39892939501953123,58,13
2017,00-0031236,Brandin Cooks,WR,16,188.7,93.35,1.325081671875,5.9593750000000005,45.625,46.625,51.625,49.125,46.625,0.39868687548828124,59,14
2017,00-0033899,DeShone Kizer,QB,15,219.66,90.17,1.3080168203124998,8.632666666666667,24.0,25.0,29.933333333333334,27.466666666666665,25.0,0.34845119375,60,23
2017,00-0032257,Duke Johnson,RB,16,179.1,88.75,1.2980287031250004,5.6468750000000005,37.0625,38.0625,43.0625,40.5625,38.0625,0.38126024169921874,61,15
2017,00-0027891,Golden Tate,WR,16,178.5,83.9,1.2682678203125002,5.9125000000000005,45.9375,46.9375,51.9375,49.4375,46.9375,0.3982247456054687,62,15
2017,00-0022943,Benjamin Watson,TE,16,167.7,83.85000000000001,1.251883453125,5.240625,25.5,26.5,31.5,29.0,26.5,0.38481645166015627,63,10
2017,00-0033090,Hunter Henry,TE,12,149.4,86.60000000000001,1.2473462265625,5.233333333333333,25.75,26.75,31.75,29.25,26.75,0.3811342643229167,64,11
2017,00-0031273,Cameron Brate,TE,16,167.1,84.05,1.2429748984375,5.190625,25.5,26.5,31.5,29.0,26.5,0.38451961962890624,65,12
2017,00-0033119,Jacoby Brissett,QB,16,219.92000000000002,87.42,1.241128609375,8.28125,24.0,25.0,29.9375,27.46875,25.0,0.3432097470703125,66,24
2017,00-0029615,Lamar Miller,RB,16,175.5,85.25,1.240094328125,5.640625,36.75,37.75,42.75,40.25,37.75,0.38077222509765624,67,16
2017,00-0022803,Eli Manning,QB,15,213.32,87.3,1.2395833828125,8.401333333333334,24.0,25.0,30.0,27.5,25.0,0.34224336302083336,68,25
2017,00-0031588,Stefon Diggs,WR,14,166.2,81.89999999999999,1.1943011015625002,6.021428571428572,46.0,47.0,52.0,49.5,47.0,0.39886978292410713,69,16
2017,00-0030404,Chris Thompson,RB,10,135.9,81.45,1.1816004218750003,5.445,36.1,37.1,42.1,39.6,37.1,0.3791547078125,70,17
2017,00-0031408,Mike Evans,WR,15,167.6,79.45,1.17342496875,5.876666666666667,45.4,46.4,51.4,48.9,46.4,0.39857363385416666,71,17
2017,00-0033857,JuJu Smith-Schuster,WR,14,162.70000000000002,79.65,1.1673915,5.932142857142858,45.357142857142854,46.357142857142854,51.357142857142854,48.857142857142854,46.357142857142854,0.39782056529017856,72,18
2017,00-0026158,Joe Flacco,QB,16,211.04,78.54999999999998,1.1512180078125,8.280625,24.0,25.0,29.9375,27.46875,25.0,0.34571297412109375,73,26
2017,00-0023459,Aaron Rodgers,QB,7,141.6,76.34,1.1025505468749999,9.322857142857144,24.0,25.0,30.0,27.5,25.0,0.3479924620535714,74,27
2017,00-0031387,Eric Ebron,TE,16,158.9,75.85,1.1018714296875,5.190625,25.3125,26.3125,31.3125,28.8125,26.3125,0.38484095166015625,75,13
2017,00-0032426,Alex Collins,RB,15,159.5,76.7,1.0945534609375003,5.5200000000000005,37.0,38.0,43.0,40.5,38.0,0.3796863463541667,76,18
2017,00-0027061,Jared Cook,TE,16,159.8,75.95,1.0944475078125002,5.240625,25.5,26.5,31.5,29.0,26.5,0.38481645166015627,77,14
2017,00-0029854,C.J. Anderson,RB,16,161.1,71.39999999999999,1.0822751093749998,5.60625,37.0,38.0,43.0,40.5,38.0,0.38008779638671875,78,19
2017,00-0028112,Charles Clay,TE,13,141.3,72.5,1.0644084609375,5.292307692307692,25.076923076923077,26.076923076923077,31.076923076923077,28.576923076923077,26.076923076923077,0.3848842229567308,79,15
2017,00-0027874,Demaryius Thomas,WR,16,164.4,69.9,1.0460538828125001,5.90625,45.75,46.75,51.75,49.25,46.75,0.39814733642578126,80,19
2017,00-0029137,Alshon Jeffery,WR,16,167.4,73.05,1.0410949531250004,5.8968750000000005,45.5625,46.5625,51.5625,49.0625,46.5625,0.39890420458984377,81,20
2017,00-0032058,Tevin Coleman,RB,15,154.20000000000002,70.45,1.0343896328125,5.583333333333333,37.0,38.0,43.0,40.5,38.0,0.3802801786458333,82,20
2017,00-0032055,Devin Funchess,WR,16,163.5,68.6,1.01988515625,5.93125,45.8125,46.8125,51.8125,49.3125,46.8125,0.3991454892578125,83,21
2017,00-0032688,Robbie Chosen,WR,16,168.5,73.6,1.0106634140625006,5.93125,45.8125,46.8125,51.8125,49.3125,46.8125,0.3991454892578125,84,22
2017,00-0025399,Marshawn Lynch,RB,15,154.20000000000002,68.4,1.0104502656250003,5.720000000000001,36.6,37.6,42.6,40.1,37.6,0.3804599359375,85,21
2017,00-0023500,Frank Gore,RB,16,159.1,69.1,0.9987444687500001,5.625,36.6875,37.6875,42.6875,40.1875,37.6875,0.381416982421875,86,22
2017,00-0026986,Michael Crabtree,WR,13,142.8,67.4,0.9798452578125003,5.800000000000001,46.0,47.0,52.0,49.5,47.0,0.3971406219951923,87,23
2017,00-0028009,DeMarco Murray,RB,15,152.0,64.55,0.9621932265625001,5.83,36.333333333333336,37.333333333333336,42.333333333333336,39.833333333333336,37.333333333333336,0.3826657026041666,88,23
2017,00-0024226,Jay Cutler,QB,14,185.84,65.30999999999999,0.9436383359375,8.609285714285715,24.0,25.0,30.0,27.5,25.0,0.344405734375,89,28
2017,00-0032392,Austin Hooper,TE,16,144.1,60.7,0.93988303125,5.2125,25.25,26.25,31.25,28.75,26.25,0.3849662651367187,90,16
2017,00-0031549,Nelson Agholor,WR,16,156.5,62.15,0.9127617656250003,5.8968750000000005,45.5625,46.5625,51.5625,49.0625,46.5625,0.39890420458984377,91,24
2017,00-0030431,Robert Woods,WR,12,135.3,63.5,0.910770203125,5.983333333333333,46.333333333333336,47.333333333333336,52.333333333333336,49.833333333333336,47.333333333333336,0.40086785611979164,92,25
2017,00-0024221,Vernon Davis,TE,16,143.3,59.9,0.9063459609375,5.2125,25.25,26.25,31.25,28.75,26.25,0.3849662651367187,93,17
2017,00-0031376,Jerick McKinnon,RB,16,152.6,62.25,0.905049515625,5.6468750000000005,37.0625,38.0625,43.0625,40.5625,38.0625,0.38126024169921874,94,24
2017,00-0032214,Tyler Kroft,TE,16,145.4,61.150000000000006,0.8978209921875001,5.265625,25.25,26.25,31.25,28.75,26.25,0.38535569775390627,95,18
2017,00-0030513,Latavius Murray,RB,16,150.0,59.65,0.8841097656250001,5.6468750000000005,37.0625,38.0625,43.0625,40.5625,38.0625,0.38126024169921874,96,25
2017,00-0031418,Austin Seferian-Jenkins,TE,13,126.7,58.5,0.8824861796875003,5.246153846153846,25.53846153846154,26.53846153846154,31.53846153846154,29.03846153846154,26.53846153846154,0.38458336418269234,97,19
2017,00-0033936,C.J. Beathard,QB,6,100.8,60.81999999999999,0.8756266171874998,6.663333333333334,24.0,25.0,29.833333333333332,27.416666666666668,25.0,0.323826859375,98,29
2017,00-0032156,Trevor Siemian,QB,11,154.1,55.07999999999999,0.8351858828125001,9.001818181818182,24.0,25.0,29.90909090909091,27.454545454545453,25.0,0.3521846775568182,99,30
2017,00-0027902,Dez Bryant,WR,16,151.9,57.15,0.8277005468750002,5.921875,46.0625,47.0625,52.0625,49.5625,47.0625,0.39892939501953123,100,26
2017,00-0021429,Carson Palmer,QB,7,116.32000000000001,55.21000000000001,0.8257491874999999,8.73,24.0,25.0,30.0,27.5,25.0,0.3400318493303572,101,31
2017,00-0033908,Cooper Kupp,WR,15,145.9,55.75,0.8238983046875001,6.010000000000001,46.06666666666667,47.06666666666667,52.06666666666667,49.56666666666667,47.06666666666667,0.4007611817708333,102,27
2017,00-0030288,Rex Burkhead,RB,10,114.80000000000001,58.75,0.8234568124999999,5.605,37.5,38.5,43.5,41.0,38.5,0.3870351546875,103,26
2017,00-0031589,Brett Hundley,QB,11,147.94,58.74,0.8206867499999998,8.10909090909091,24.0,25.0,30.0,27.5,25.0,0.34137255113636367,104,32
2017,00-0031577,Javorius Allen,RB,16,143.1,54.55,0.7965866328125002,5.534375000000001,36.9375,37.9375,42.9375,40.4375,37.9375,0.3805652719726562,105,27
2017,00-0033288,George Kittle,TE,15,128.0,48.85,0.7620150703125003,5.276666666666667,25.6,26.6,31.6,29.1,26.6,0.38431789375,106,20
2017,00-0031544,Amari Cooper,WR,14,134.4,52.0,0.7590876250000002,5.885714285714286,45.92857142857143,46.92857142857143,51.92857142857143,49.42857142857143,46.92857142857143,0.39951175,107,28
2017,00-0030085,Kenny Stills,WR,16,145.7,51.69999999999999,0.758559890625,5.875,45.6875,46.6875,51.6875,49.1875,46.6875,0.39817355517578124,108,29
2017,00-0029608,T.Y. Hilton,WR,16,147.1,52.199999999999996,0.7516713593750002,5.93125,45.8125,46.8125,51.8125,49.3125,46.8125,0.3991454892578125,109,30
2017,00-0028064,Bilal Powell,RB,15,133.7,48.75,0.7408613359374998,5.663333333333333,36.6,37.6,42.6,40.1,37.6,0.38327899791666664,110,28
2017,00-0029159,Jermaine Kearse,WR,16,143.5,48.6,0.728737765625,5.93125,45.8125,46.8125,51.8125,49.3125,46.8125,0.3991454892578125,111,31
2017,00-0029632,Mohamed Sanu,WR,15,140.84,51.79,0.7213910312500003,5.936666666666667,46.0,47.0,52.0,49.5,47.0,0.39857253697916667,112,32
2017,00-0031590,Jay Ajayi,RB,14,123.10000000000001,45.199999999999996,0.6853417109375004,5.564285714285715,36.92857142857143,37.92857142857143,42.92857142857143,40.42857142857143,37.92857142857143,0.3813078833705357,113,29
2017,00-0033869,Mitchell Trubisky,QB,12,148.52,47.93,0.6827123984374999,8.3825,24.0,25.0,29.916666666666668,27.458333333333332,25.0,0.3505367252604166,114,33
2017,00-0032385,Sterling Shepard,WR,11,115.0,47.25,0.6696266406250002,6.159090909090909,46.45454545454545,47.45454545454545,52.45454545454545,49.95454545454545,47.45454545454545,0.4014905511363636,115,33
2017,00-0030860,Orleans Darkwa,RB,15,128.2,42.65,0.665619671875,5.703333333333334,36.46666666666667,37.46666666666667,42.46666666666667,39.96666666666667,37.46666666666667,0.38217443229166664,116,30
2017,00-0029580,Rishard Matthews,WR,14,129.70000000000002,46.35,0.6645835625000002,5.953571428571429,46.357142857142854,47.357142857142854,52.357142857142854,49.857142857142854,47.357142857142854,0.39828253850446427,117,34
2017,00-0033897,Joe Mixon,RB,14,126.30000000000001,48.85,0.6638164531249999,5.5321428571428575,36.642857142857146,37.642857142857146,42.642857142857146,40.142857142857146,37.642857142857146,0.38418916127232144,118,31
2017,00-0025396,Ted Ginn,WR,15,133.10000000000002,44.5,0.6636785937500005,5.906666666666667,45.733333333333334,46.733333333333334,51.733333333333334,49.233333333333334,46.733333333333334,0.3981703979166667,119,35
2017,00-0032135,Jesse James,TE,14,119.7,45.900000000000006,0.661919671875,5.271428571428571,25.0,26.0,31.0,28.5,26.0,0.38550223883928575,120,21
2017,00-0028067,Julius Thomas,TE,14,118.3,45.199999999999996,0.66113746875,5.221428571428571,25.714285714285715,26.714285714285715,31.714285714285715,29.214285714285715,26.714285714285715,0.38224868917410715,121,22
2017,00-0030068,Marquise Goodwin,WR,16,140.6,45.7,0.6573371875,5.93125,45.8125,46.8125,51.8125,49.3125,46.8125,0.3991454892578125,122,36
2017,00-0028002,Randall Cobb,WR,14,126.4,44.599999999999994,0.6530730781250003,5.842857142857143,46.214285714285715,47.214285714285715,52.214285714285715,49.714285714285715,47.214285714285715,0.3992766540178571,123,37
2017,00-0031431,Marqise Lee,WR,13,119.9,41.64999999999999,0.6367699687499999,6.019230769230769,46.15384615384615,47.15384615384615,52.15384615384615,49.65384615384615,47.15384615384615,0.39941741646634615,124,38
2017,00-0033879,O.J. Howard,TE,13,114.19999999999999,45.75,0.633340515625,5.265384615384615,25.846153846153847,26.846153846153847,31.846153846153847,29.346153846153847,26.846153846153847,0.3829414537259615,125,23
2017,00-0030456,Giovani Bernard,RB,16,130.2,40.15,0.6316238593750002,5.628125000000001,36.6875,37.6875,42.6875,40.1875,37.6875,0.38285180810546876,126,32
2017,00-0031345,Jimmy Garoppolo,QB,6,97.4,40.24999999999999,0.6108299765625,9.525,24.0,25.0,30.0,27.5,25.0,0.3689593489583333,127,34
2017,00-0033948,Jamaal Williams,RB,15,130.3,42.99999999999999,0.6013384218750002,5.820000000000001,36.333333333333336,37.333333333333336,42.333333333333336,39.833333333333336,37.333333333333336,0.38289890781249997,128,33
2017,00-0030472,Jordan Reed,TE,6,73.6,41.15,0.60107440625,5.408333333333334,26.666666666666668,27.666666666666668,32.666666666666664,30.166666666666668,27.666666666666668,0.37788114713541665,129,24
2017,00-0032764,Derrick Henry,RB,16,129.5,37.15,0.59709821875,5.7718750000000005,36.4375,37.4375,42.4375,39.9375,37.4375,0.38106064794921873,130,34
2017,00-0033127,Will Fuller,WR,10,99.2,42.3,0.5927300703125002,5.69,45.7,46.7,51.7,49.2,46.7,0.3979933171875,131,39
2017,00-0031941,Jamison Crowder,WR,15,133.3,43.65,0.5881271171875002,5.9766666666666675,45.53333333333333,46.53333333333333,51.53333333333333,49.03333333333333,46.53333333333333,0.39831384947916665,132,40
2017,00-0033118,Kenyan Drake,RB,16,126.30000000000001,36.949999999999996,0.5551053593750002,5.5843750000000005,36.8125,37.8125,42.8125,40.3125,37.8125,0.38033540771484375,133,35
2017,00-0030107,Theo Riddick,RB,16,127.5,37.24999999999999,0.5496722109375,5.640625,36.75,37.75,42.75,40.25,37.75,0.38077222509765624,134,36
2017,00-0028237,Chris Hogan,WR,9,92.60000000000001,37.7,0.5479977343749999,6.1,45.44444444444444,46.44444444444444,51.44444444444444,48.94444444444444,46.44444444444444,0.40090893055555554,135,41
2017,00-0026184,Matt Forte,RB,12,101.9,35.55,0.5468541875000001,5.529166666666668,37.166666666666664,38.166666666666664,43.166666666666664,40.666666666666664,38.166666666666664,0.3827958951822916,136,37
2017,00-0030656,Isaiah Crowell,RB,16,129.5,39.15,0.5464579531250002,5.6468750000000005,37.0625,38.0625,43.0625,40.5625,38.0625,0.38126024169921874,137,38
2017,00-0026901,Mike Wallace,WR,15,125.2,35.6,0.5405349062500002,5.973333333333334,45.8,46.8,51.8,49.3,46.8,0.39914542135416664,138,42
2017,00-0032104,Ameer Abdullah,RB,14,111.9,34.4,0.5174877109375,5.535714285714286,36.214285714285715,37.214285714285715,42.214285714285715,39.714285714285715,37.214285714285715,0.3805281037946428,139,39
2017,00-0031325,Sammy Watkins,WR,15,126.80000000000001,36.65,0.5168123984375,6.010000000000001,46.06666666666667,47.06666666666667,52.06666666666667,49.56666666666667,47.06666666666667,0.4007611817708333,140,43
2017,00-0033893,Dalvin Cook,RB,4,59.900000000000006,34.5,0.49647740625000014,6.3500000000000005,35.0,36.0,41.0,38.5,36.0,0.380921958984375,141,40
2017,00-0023682,Ryan Fitzpatrick,QB,6,79.92,33.3,0.4944105703124997,7.7700000000000005,24.0,25.0,30.0,27.5,25.0,0.33607215625000003,142,35
2017,00-0032200,Ty Montgomery,WR,8,80.10000000000001,31.200000000000003,0.4918901250000001,6.112500000000001,46.5,47.5,52.5,50.0,47.5,0.399853609375,143,44
2017,00-0031235,Odell Beckham Jr.,WR,4,61.5,34.849999999999994,0.4904248281250001,6.6625,46.5,47.5,52.5,50.0,47.5,0.404153328125,144,45
2017,00-0033556,Tarik Cohen,RB,16,119.64,29.29,0.4465438359375001,5.6468750000000005,37.0625,38.0625,43.0625,40.5625,38.0625,0.38126024169921874,145,41
2017,00-0026189,DeSean Jackson,WR,14,113.60000000000001,30.9,0.4454504531250002,5.9071428571428575,45.714285714285715,46.714285714285715,51.714285714285715,49.214285714285715,46.714285714285715,0.39868935825892854,146,46
2017,00-0031257,Paul Richardson,WR,16,128.3,33.55,0.44392727343750005,5.921875,46.0625,47.0625,52.0625,49.5625,47.0625,0.39892939501953123,147,47
2017,00-0026176,Jordy Nelson,WR,14,110.7,27.049999999999997,0.4196671015625001,5.9750000000000005,46.07142857142857,47.07142857142857,52.07142857142857,49.57142857142857,47.07142857142857,0.4009504921875,148,48
2017,00-0029682,Brock Osweiler,QB,6,77.92,29.909999999999997,0.4120080859374999,8.001666666666667,24.0,25.0,30.0,27.5,25.0,0.3393864309895833,149,36
2017,00-0033885,David Njoku,TE,16,110.7,27.199999999999996,0.4047349531250001,5.21875,25.3125,26.3125,31.3125,28.8125,26.3125,0.383406056640625,150,25
2017,00-0031062,James White,RB,14,106.0,26.199999999999992,0.4035739453125002,5.700000000000001,36.857142857142854,37.857142857142854,42.857142857142854,40.357142857142854,37.857142857142854,0.3837930016741072,151,42
2017,00-0026201,Martellus Bennett,TE,9,73.60000000000001,26.400000000000002,0.3998311093749999,5.2444444444444445,26.22222222222222,27.22222222222222,32.22222222222222,29.72222222222222,27.22222222222222,0.3769105720486111,152,26
2017,00-0031359,Kelvin Benjamin,WR,14,108.60000000000001,25.349999999999998,0.3941479843749999,5.946428571428571,45.857142857142854,46.857142857142854,51.857142857142854,49.357142857142854,46.857142857142854,0.39825656082589284,153,49
2017,00-0026153,Jonathan Stewart,RB,15,113.2,28.099999999999994,0.3937283984375003,5.673333333333334,36.6,37.6,42.6,40.1,37.6,0.38304579270833333,154,43
2017,00-0025430,Drew Stanton,QB,5,60.46,25.629999999999995,0.3905356875,6.965999999999999,24.0,25.0,30.0,27.5,25.0,0.3247273828125,155,37
2017,00-0027948,Blaine Gabbert,QB,5,73.64,26.07,0.3645842734375,9.514000000000001,24.0,25.0,30.0,27.5,25.0,0.36531511875,156,38
2017,00-0027125,Zach Miller,TE,8,65.6,22.75,0.36430064843749993,5.35625,26.5,27.5,32.5,30.0,27.5,0.3775242529296875,157,27
2017,00-0031547,DeVante Parker,WR,13,101.5,23.3,0.35698117187500034,6.015384615384615,46.38461538461539,47.38461538461539,52.38461538461539,49.88461538461539,47.38461538461539,0.3985136832932692,158,50
2017,00-0027675,Ed Dickson,TE,14,94.7,22.049999999999997,0.3539593749999999,5.189285714285715,25.642857142857142,26.642857142857142,31.642857142857142,29.142857142857142,26.642857142857142,0.38303130915178574,159,28
2017,00-0027873,Jermaine Gresham,TE,14,93.7,21.549999999999997,0.33478002343749985,5.153571428571429,25.357142857142858,26.357142857142858,31.357142857142858,28.857142857142858,26.357142857142858,0.3858281149553572,160,29
2017,00-0032160,Tyrell Williams,WR,16,116.3,20.95,0.3291254453125004,5.9593750000000005,45.625,46.625,51.625,49.125,46.625,0.39868687548828124,161,51
2017,00-0030433,Mike Gillislee,RB,9,68.3,19.2,0.31920975000000024,5.455555555555556,36.55555555555556,37.55555555555556,42.55555555555556,40.05555555555556,37.55555555555556,0.3793186588541666,162,44
2017,00-0026035,Danny Amendola,WR,15,108.4,19.55,0.31726789062499994,5.923333333333334,45.6,46.6,51.6,49.1,46.6,0.398725278125,163,52
2017,00-0026345,Pierre Garcon,WR,8,70.0,21.35,0.3096631640625,6.08125,45.25,46.25,51.25,48.75,46.25,0.401321884765625,164,53
2017,00-0033526,Samaje Perine,RB,13,97.5,21.15,0.3073339296875001,5.8730769230769235,36.69230769230769,37.69230769230769,42.69230769230769,40.19230769230769,37.69230769230769,0.37836539963942306,165,45
2017,00-0030821,Allen Hurns,WR,10,79.9,20.0,0.2993010781249999,5.99,46.5,47.5,52.5,50.0,47.5,0.3971047109375,166,54
2017,00-0025708,Matt Moore,QB,4,51.34,22.369999999999997,0.29907902343750004,7.2425,24.0,25.0,29.75,27.375,25.0,0.342496099609375,167,39
2017,00-0027685,Emmanuel Sanders,WR,12,91.0,18.15,0.29758165625000005,6.070833333333334,46.25,47.25,52.25,49.75,47.25,0.3985751536458333,168,55
2017,00-0029697,Coby Fleener,TE,11,74.5,16.5,0.2818979843749999,5.2727272727272725,25.727272727272727,26.727272727272727,31.727272727272727,29.227272727272727,26.727272727272727,0.38369507315340906,169,30
2017,00-0029664,Josh Gordon,WR,5,48.5,19.0,0.2744147578125001,5.9,44.8,45.8,50.8,48.3,45.8,0.3952067875,170,56
2017,00-0033293,Aaron Jones,RB,10,75.5,17.749999999999993,0.2642955156250001,5.775,36.7,37.7,42.7,40.2,37.7,0.3783576015625,171,46
2017,00-0030710,Trey Burton,TE,14,91.3,19.8,0.2603416562499998,5.107142857142857,25.357142857142858,26.357142857142858,31.357142857142858,28.857142857142858,26.357142857142858,0.38211914676339287,172,31
2017,00-0032209,T.J. Yeldon,RB,10,72.7,16.2,0.2590569140625001,5.65,37.2,38.2,43.2,40.7,38.2,0.382208484375,173,47
2017,00-0030669,Albert Wilson,WR,13,95.0,16.25,0.25810750000000016,6.0576923076923075,45.53846153846154,46.53846153846154,51.53846153846154,49.03846153846154,46.53846153846154,0.40051819110576925,174,57
2017,00-0031102,Kapri Bibbs,RB,3,33.7,17.2,0.2556296562500001,5.5,38.0,39.0,44.0,41.5,39.0,0.36808796875,175,48
2017,00-0025394,Adrian Peterson,RB,10,73.4,15.699999999999996,0.25518600781250006,5.7700000000000005,35.5,36.5,41.5,39.0,36.5,0.3830033375,176,49
2017,00-0031373,Martavis Bryant,WR,15,107.5,16.899999999999995,0.2533339140625003,6.040000000000001,45.86666666666667,46.86666666666667,51.86666666666667,49.36666666666667,46.86666666666667,0.39891360364583334,177,58
2017,00-0033951,Marlon Mack,RB,14,92.8,16.099999999999994,0.2474249375,5.478571428571429,36.92857142857143,37.92857142857143,42.92857142857143,40.42857142857143,37.92857142857143,0.3822227806919643,178,50
2017,00-0033932,Kenny Golladay,WR,11,80.6,13.599999999999998,0.24165982031250038,6.090909090909091,46.54545454545455,47.54545454545455,52.54545454545455,50.04545454545455,47.54545454545455,0.39712433735795455,179,59
2017,00-0028903,Garrett Celek,TE,14,89.1,16.4,0.24058185937500015,5.192857142857143,25.714285714285715,26.714285714285715,31.714285714285715,29.214285714285715,26.714285714285715,0.38276954799107143,180,32
2017,00-0027854,Sam Bradford,QB,2,26.98,14.309999999999999,0.236174015625,6.335,24.0,25.0,30.0,27.5,25.0,0.319981296875,181,40
2017,00-0033699,Austin Ekeler,RB,14,93.4,13.599999999999994,0.23280678125000015,5.700000000000001,36.857142857142854,37.857142857142854,42.857142857142854,40.357142857142854,37.857142857142854,0.3837930016741072,182,51
2017,00-0027325,LeGarrette Blount,RB,16,103.60000000000001,15.049999999999995,0.22849114062500014,5.534375000000001,36.9375,37.9375,42.9375,40.4375,37.9375,0.3805652719726562,183,52
2017,00-0031299,Jordan Matthews,TE,10,69.7,14.800000000000004,0.2222144687499999,5.49,25.5,26.5,31.5,29.0,26.5,0.38438950781250003,184,33
2017,00-0032602,J.D. McKissic,RB,12,80.3,14.5,0.22085100000000019,5.483333333333334,37.0,38.0,43.0,40.5,38.0,0.3830181634114583,185,53
2017,00-0024243,Marcedes Lewis,TE,16,99.8,16.3,0.22063588281249974,5.21875,25.5,26.5,31.5,29.0,26.5,0.383548095703125,186,34
2017,00-0021547,Antonio Gates,TE,16,94.6,11.100000000000005,0.21646746093750002,5.21875,25.3125,26.3125,31.3125,28.8125,26.3125,0.383406056640625,187,35
2017,00-0033681,Keelan Cole,WR,16,111.80000000000001,16.35,0.21473107031249994,5.965625,46.0625,47.0625,52.0625,49.5625,47.0625,0.39870960595703125,188,60
2017,00-0032760,Josh Doctson,WR,15,102.3,13.999999999999996,0.214325078125,5.886666666666668,45.6,46.6,51.6,49.1,46.6,0.3977663078125,189,61
2017,00-0033950,Wayne Gallman,RB,13,87.9,14.149999999999997,0.21058500000000024,5.673076923076923,36.84615384615385,37.84615384615385,42.84615384615385,40.34615384615385,37.84615384615385,0.3798181856971154,190,54
2017,00-0029613,Doug Martin,RB,11,71.5,13.850000000000001,0.20629664843750017,5.240909090909091,36.72727272727273,37.72727272727273,42.72727272727273,40.22727272727273,37.72727272727273,0.3802765674715909,191,55
2017,00-0033896,Adam Shaheen,TE,7,48.7,13.2,0.19927714062500018,5.071428571428571,24.571428571428573,25.571428571428573,30.571428571428573,28.071428571428573,25.571428571428573,0.3850615245535714,192,36
2017,00-0033611,Ricky Seals-Jones,TE,8,56.099999999999994,14.999999999999998,0.19308260156250007,5.1375,24.625,25.625,30.625,28.125,25.625,0.38898823339843747,193,37
2017,00-0026995,Jeremy Maclin,WR,12,82.0,10.0,0.1854013515625002,6.0,46.0,47.0,52.0,49.5,47.0,0.39987736328125,194,62
2017,00-0033839,Dede Westbrook,WR,7,53.400000000000006,12.55,0.17887360937500002,5.835714285714286,45.42857142857143,46.42857142857143,51.42857142857143,48.92857142857143,46.42857142857143,0.3966060792410714,195,63
2017,00-0029269,Travis Benjamin,WR,16,107.30000000000001,11.95,0.17662169531250022,5.9593750000000005,45.625,46.625,51.625,49.125,46.625,0.39868687548828124,196,64
2017,00-0025418,Greg Olsen,TE,7,50.6,13.850000000000001,0.17590648437499995,5.25,24.714285714285715,25.714285714285715,30.714285714285715,28.214285714285715,25.714285714285715,0.386778140625,197,38
2017,00-0031068,Ryan Grant,WR,16,103.8,9.299999999999999,0.1734125546875001,5.90625,45.75,46.75,51.75,49.25,46.75,0.39814733642578126,198,65
2017,00-0030108,Ryan Griffin,TE,6,43.3,11.75,0.16821617968749986,5.258333333333334,26.166666666666668,27.166666666666668,32.166666666666664,29.666666666666668,27.166666666666668,0.3810824596354167,199,39
2017,00-0033080,Seth DeValve,TE,16,93.0,9.500000000000004,0.1594560859375,5.21875,25.3125,26.3125,31.3125,28.8125,26.3125,0.383406056640625,200,40
2017,00-0032063,Mike Davis,RB,6,44.6,10.25,0.15473252343750016,5.7250000000000005,38.833333333333336,39.833333333333336,44.833333333333336,42.333333333333336,39.833333333333336,0.3742783359375,201,56
2017,00-0033594,Chris Carson,RB,4,36.2,10.8,0.15358928125,6.3500000000000005,35.0,36.0,41.0,38.5,36.0,0.380921958984375,202,57
2017,00-0032117,Nick O'Leary,TE,13,75.2,9.1,0.1510847500000001,5.084615384615384,24.846153846153847,25.846153846153847,30.846153846153847,28.346153846153847,25.846153846153847,0.38671072656249994,203,41
2017,00-0032784,Kevin Hogan,QB,4,43.78,8.469999999999995,0.13315027343750002,8.8275,24.0,25.0,30.0,27.5,25.0,0.347023951171875,204,41
2017,00-0031609,A.J. Derby,TE,11,65.9,8.550000000000002,0.12544880468749986,5.213636363636364,25.727272727272727,26.727272727272727,31.727272727272727,29.227272727272727,26.727272727272727,0.38356657954545453,205,42
2017,00-0029708,Kendall Wright,WR,15,96.9,7.1499999999999995,0.1183327578125003,5.983333333333333,45.733333333333334,46.733333333333334,51.733333333333334,49.233333333333334,46.733333333333334,0.3983964192708333,206,66
2017,00-0032725,Stephen Anderson,TE,14,77.7,6.4,0.11359458593749999,5.0928571428571425,25.214285714285715,26.214285714285715,31.214285714285715,28.714285714285715,26.214285714285715,0.38476113113839283,207,43
2017,00-0031302,C.J. Fiedorowicz,TE,5,33.7,7.15,0.10318324999999995,5.3100000000000005,24.0,25.0,30.0,27.5,25.0,0.38672788281250003,208,44
2017,00-0028011,Stevan Ridley,RB,2,16.8,6.25,0.10080977343750014,5.275,38.5,39.5,44.5,42.0,39.5,0.36353092187499997,209,58
2017,00-0030520,Mike Glennon,QB,4,43.72,5.559999999999999,0.09404687499999997,9.54,24.0,25.0,30.0,27.5,25.0,0.344644939453125,210,42
2017,00-0033308,Matt Breida,RB,16,93.0,3.0,0.08908812500000007,5.625,36.6875,37.6875,42.6875,40.1875,37.6875,0.381416982421875,211,59
2017,00-0032972,Devontae Booker,RB,13,76.4,5.300000000000001,0.08354175000000025,5.46923076923077,37.53846153846154,38.53846153846154,43.53846153846154,41.03846153846154,38.53846153846154,0.3786208299278846,212,60
2017,00-0030091,Tavarres King,WR,8,51.300000000000004,6.249999999999998,0.08331952343750004,5.6312500000000005,45.625,46.625,51.625,49.125,46.625,0.396518306640625,213,67
2017,00-0031076,David Fales,QB,2,21.4,3.2099999999999973,0.08207077343750008,9.095,24.0,25.0,30.0,27.5,25.0,0.3608345,214,43
2017,00-0033108,Paxton Lynch,QB,2,20.8,3.619999999999999,0.08112335937500004,8.59,24.0,25.0,30.0,27.5,25.0,0.35610783984375,215,44
2017,00-0033725,Corey Clement,RB,15,87.4,5.1999999999999975,0.07986317968750006,5.48,37.13333333333333,38.13333333333333,43.13333333333333,40.63333333333333,38.13333333333333,0.38071056406250003,216,61
2017,00-0032009,Adam Humphries,WR,16,98.2,4.2,0.07607892968750019,5.875,45.6875,46.6875,51.6875,49.1875,46.6875,0.39817355517578124,217,68
2017,00-0027681,Brandon LaFell,WR,16,98.8,4.049999999999997,0.06852932812500012,5.921875,46.0625,47.0625,52.0625,49.5625,47.0625,0.39892939501953123,218,69
2017,00-0031900,Rod Smith,RB,13,82.9,6.249999999999998,0.06740333593750025,5.8961538461538465,36.23076923076923,37.23076923076923,42.23076923076923,39.73076923076923,37.23076923076923,0.3840576640625,219,62
2017,00-0032187,David Johnson,RB,1,10.0,4.25,0.06726814062499997,5.75,36.0,37.0,42.0,39.5,37.0,0.39374915625,220,63
2017,00-0033873,Patrick Mahomes,QB,1,12.36,4.139999999999999,0.0642775390625,8.22,24.0,25.0,30.0,27.5,25.0,0.349735515625,221,45
2017,00-0030287,Andre Ellington,RB,11,67.9,3.0999999999999996,0.05679404687500006,5.890909090909091,36.0,37.0,42.0,39.5,37.0,0.3787141491477273,222,64
2017,00-0031051,John Brown,WR,10,59.400000000000006,2.3,0.053515921875000205,5.71,46.0,47.0,52.0,49.5,47.0,0.39844588124999997,223,70
2017,00-0031064,Tom Savage,QB,8,62.68000000000001,1.33,0.05285033593750005,7.66875,24.0,25.0,30.0,27.5,25.0,0.332224578125,224,46
2017,00-0033748,Tion Green,RB,5,30.900000000000002,1.6499999999999995,0.04717473437500003,5.8500000000000005,39.0,40.0,45.0,42.5,40.0,0.3738452109375,225,65
2017,00-0032371,Rob Kelley,RB,7,41.2,3.4000000000000004,0.046535406249999856,5.4,35.857142857142854,36.857142857142854,41.857142857142854,39.357142857142854,36.857142857142854,0.38205963727678566,226,66
2017,00-0032741,Peyton Barber,RB,14,77.7,0.25,0.029511859375000227,5.5321428571428575,37.285714285714285,38.285714285714285,43.285714285714285,40.785714285714285,38.285714285714285,0.3786040485491071,227,67
2017,00-0033514,Emanuel Byrd,TE,1,6.1,1.799999999999999,0.028408406249999962,4.300000000000001,24.0,25.0,30.0,27.5,25.0,0.39958684375,228,45
2017,00-0029587,Rhett Ellison,TE,14,71.5,-1.200000000000001,0.018656343749999915,5.192857142857143,25.642857142857142,26.642857142857142,31.642857142857142,29.142857142857142,26.642857142857142,0.38431290848214283,229,46
2017,00-0033925,D'Onta Foreman,RB,9,54.0,1.7499999999999964,0.018187570312500012,5.805555555555555,35.0,36.0,41.0,38.5,36.0,0.3800391805555556,230,68
2017,00-0028090,T.J. Yates,QB,4,40.02,1.799999999999999,0.0169647656250001,9.555000000000001,24.0,25.0,30.0,27.5,25.0,0.369835611328125,231,47
2017,00-0031959,Marcus Murphy,RB,1,5.800000000000001,0.9000000000000004,0.013776562499999978,4.9,38.0,39.0,44.0,41.5,39.0,0.356984828125,232,69
2017,00-0032211,Tyler Lockett,WR,16,95.80000000000001,1.049999999999998,0.012544789062500172,5.921875,46.0625,47.0625,52.0625,49.5625,47.0625,0.39892939501953123,233,71
2017,00-0030526,EJ Manuel,QB,2,16.1,0.7199999999999989,0.012312054687499963,7.69,24.0,25.0,30.0,27.5,25.0,0.3228739609375,234,48
2017,00-0032966,Corey Coleman,WR,9,54.0,0.4499999999999984,0.01104674218750007,5.95,45.77777777777778,46.77777777777778,51.77777777777778,49.27777777777778,46.77777777777778,0.3975795729166667,235,72
2017,00-0029004,Lance Dunbar,RB,2,11.7,0.24999999999999956,0.00607703124999992,5.725,36.0,37.0,42.0,39.5,37.0,0.373528078125,236,70
2017,00-0031560,Jaelen Strong,WR,2,11.3,-1.1999999999999993,-0.008763304687500029,6.25,45.5,46.5,51.5,49.0,46.5,0.4096503671875,237,73
2017,00-0032792,Nate Sudfeld,QB,1,7.5600000000000005,-0.6600000000000001,-0.009973585937499974,8.22,24.0,25.0,30.0,27.5,25.0,0.349735515625,238,49
2017,00-0030549,Tyler Eifert,TE,2,10.6,-0.7000000000000006,-0.010055632812499937,5.65,26.0,27.0,32.0,29.5,27.0,0.3694202890625,239,47
2017,00-0033413,De'Veon Smith,RB,1,4.2,-0.7000000000000002,-0.010663765624999988,4.9,38.0,39.0,44.0,41.5,39.0,0.356984828125,240,71
2017,00-0023564,Darren Sproles,RB,3,16.900000000000002,-1.7000000000000002,-0.011599492187499894,6.2,34.666666666666664,35.666666666666664,40.666666666666664,38.166666666666664,35.666666666666664,0.38644465104166664,241,72
2017,00-0028595,Scott Tolzien,QB,1,5.32,-1.1799999999999997,-0.016717710937500074,6.5,24.0,25.0,30.0,27.5,25.0,0.321423484375,242,50
2017,00-0033110,Tyler Higbee,TE,14,73.0,-2.099999999999999,-0.01742968750000007,5.364285714285714,25.714285714285715,26.714285714285715,31.714285714285715,29.214285714285715,26.714285714285715,0.3824062020089286,243,48
2017,00-0032004,Will Tye,TE,2,9.8,-1.4999999999999996,-0.018450851562500037,5.65,26.0,27.0,32.0,29.5,27.0,0.3694202890625,244,49
2017,00-0031375,Terrance West,RB,5,27.1,-3.700000000000002,-0.02007657031249982,6.16,34.6,35.6,40.6,38.1,35.6,0.3842797546875,245,73
2017,00-0030565,Geno Smith,QB,2,9.680000000000001,-2.03,-0.024818382812499956,5.855,24.0,25.0,30.0,27.5,25.0,0.31335466015625,246,51
2017,00-0032782,Wendell Smallwood,RB,8,40.2,-2.4500000000000006,-0.031028562499999857,5.331250000000001,36.125,37.125,42.125,39.625,37.125,0.3785662333984375,247,74
2017,00-0032839,Hunter Sharp,WR,3,13.9,-3.000000000000001,-0.03240704687500012,5.633333333333334,45.0,46.0,51.0,48.5,46.0,0.3973898619791667,248,74
2017,00-0029848,Nick Williams,WR,1,4.5,-2.3500000000000005,-0.034938773437500015,6.8500000000000005,43.0,44.0,49.0,46.5,44.0,0.41624103125,249,75
2017,00-0029141,Alfred Morris,RB,13,68.7,-2.8500000000000023,-0.035591281249999884,5.503846153846155,36.92307692307692,37.92307692307692,42.92307692307692,40.42307692307692,37.92307692307692,0.38384362439903846,250,75
2017,00-0030874,Damien Williams,RB,10,49.6,-4.1499999999999995,-0.03852226562499994,5.375,36.0,37.0,42.0,39.5,37.0,0.3837754578125,251,76
2017,00-0031260,Logan Thomas,TE,5,23.2,-3.2,-0.04146334375000005,5.279999999999999,26.0,27.0,32.0,29.5,27.0,0.38264018125,252,50
2017,00-0031326,Bruce Ellington,WR,11,61.2,-3.45,-0.04365839062500004,5.877272727272728,45.90909090909091,46.90909090909091,51.90909090909091,49.40909090909091,46.90909090909091,0.3989956832386364,253,76
2017,00-0032656,Darius Powe,WR,1,2.3,-3.95,-0.050885632812500026,6.25,47.0,48.0,53.0,50.5,48.0,0.397605296875,254,77
2017,00-0030470,Vance McDonald,TE,10,45.8,-4.900000000000004,-0.05182963281250019,5.07,25.6,26.6,31.6,29.1,26.6,0.38233799375000005,255,51
2017,00-0027531,Chris Ivory,RB,14,74.2,-7.600000000000003,-0.05418318749999973,5.842857142857143,36.142857142857146,37.142857142857146,42.142857142857146,39.642857142857146,37.142857142857146,0.38356489453125003,256,77
2017,00-0026019,Danny Woodhead,RB,8,42.1,-4.0,-0.056835156249999685,5.7625,38.125,39.125,44.125,41.625,39.125,0.38250634765624997,257,78
2017,00-0031801,Jordan Leslie,WR,1,3.1,-4.5,-0.05726098437499999,7.6,50.0,51.0,56.0,53.5,51.0,0.3979791796875,258,78
2017,00-0033581,De'Angelo Henderson Sr.,RB,3,11.9,-5.15,-0.05825807031249991,5.683333333333334,37.0,38.0,43.0,40.5,38.0,0.37142024999999995,259,79
2017,00-0032650,Ryan Malleck,TE,1,1.8,-3.8500000000000005,-0.058828218749999994,5.65,24.0,25.0,30.0,27.5,25.0,0.401245421875,260,52
2017,00-0026224,Harry Douglas,WR,1,1.3,-4.750000000000001,-0.05896666406250001,6.050000000000001,48.0,49.0,54.0,51.5,49.0,0.411896796875,261,79
2017,00-0031428,Allen Robinson,WR,1,2.2,-4.0,-0.06117387499999999,6.2,48.0,49.0,54.0,51.5,49.0,0.403862765625,262,80
2017,00-0031744,Matt LaCosse,TE,1,0.0,-4.25,-0.06223093750000003,4.25,28.0,29.0,34.0,31.5,29.0,0.3646148125,263,53
2017,00-0027861,C.J. Spiller,RB,1,0.0,-4.8500000000000005,-0.06420070312499992,4.8500000000000005,37.0,38.0,43.0,40.5,38.0,0.38676007812499996,264,80
2017,00-0030668,Charcandrick West,RB,12,59.7,-6.650000000000003,-0.06574094531249974,5.529166666666668,36.5,37.5,42.5,40.0,37.5,0.3809775013020833,265,81
2017,00-0029388,Deonte Thompson,WR,16,86.0,-8.750000000000004,-0.06734980468749996,5.921875,46.0625,47.0625,52.0625,49.5625,47.0625,0.39892939501953123,266,81
2017,00-0031884,Gabe Holmes,TE,1,0.0,-5.5,-0.06810852343750001,5.5,25.0,26.0,31.0,28.5,26.0,0.37432740625,267,54
2017,00-0032523,Henry Krieger-Coble,TE,1,0.0,-5.1,-0.06930828906250003,5.1,28.0,29.0,34.0,31.5,29.0,0.370845734375,268,55
2017,00-0032553,Jace Billingsley,WR,1,0.0,-4.8500000000000005,-0.06962707812499996,4.8500000000000005,49.0,50.0,55.0,52.5,50.0,0.39564964062499997,269,82
2017,00-0031545,Kevin White,WR,1,1.6,-4.6,-0.07001122656249997,6.2,48.0,49.0,54.0,51.5,49.0,0.403862765625,270,83
2017,00-0033043,Austin Traylor,TE,5,22.0,-5.6,-0.07036514843750002,5.5200000000000005,24.2,25.2,30.2,27.7,25.2,0.3915954859375,271,56
2017,00-0027690,Eric Decker,WR,16,89.3,-6.150000000000001,-0.07085040624999961,5.965625,46.0625,47.0625,52.0625,49.5625,47.0625,0.39870960595703125,272,84
2017,00-0031339,Donte Moncrief,WR,12,64.1,-7.350000000000003,-0.07269158593750003,5.954166666666667,45.75,46.75,51.75,49.25,46.75,0.4001496041666666,273,85
2017,00-0032621,Rashawn Scott,WR,1,0.0,-5.300000000000001,-0.07305329687499995,5.300000000000001,46.0,47.0,52.0,49.5,47.0,0.38831182031249994,274,86
2017,00-0028012,Ryan Mallett,QB,2,9.94,-6.34,-0.0752735625,8.14,24.0,25.0,29.5,27.25,25.0,0.34003225000000004,275,52
2017,00-0033528,Jeremy Sprinkle,TE,3,10.299999999999999,-5.050000000000001,-0.07591493750000006,5.116666666666666,25.0,26.0,31.0,28.5,26.0,0.3964497708333334,276,57
2017,00-0029033,Griff Whalen,WR,2,4.300000000000001,-6.05,-0.07739466406250006,5.175000000000001,43.0,44.0,49.0,46.5,44.0,0.3991648359375,277,87
2017,00-0033315,Cole Hikutini,TE,2,4.5,-5.95,-0.0778037734375,5.225,25.5,26.5,31.5,29.0,26.5,0.38319359765624994,278,58
2017,00-0032926,K.J. Brent,WR,1,0.0,-5.300000000000001,-0.07842762499999995,5.300000000000001,46.0,47.0,52.0,49.5,47.0,0.36793596874999995,279,88
2017,00-0033087,Marquis Bundy,WR,1,0.0,-5.300000000000001,-0.07842762499999995,5.300000000000001,46.0,47.0,52.0,49.5,47.0,0.36793596874999995,280,89
2017,00-0033352,Michael Clark,WR,2,6.1,-5.200000000000001,-0.07857160156249987,5.65,45.5,46.5,51.5,49.0,46.5,0.39456293359374994,281,90
2017,00-0033763,Evan Baylis,TE,1,0.0,-5.85,-0.08236510156249993,5.85,28.0,29.0,34.0,31.5,29.0,0.3608485156249999,282,59
2017,00-0033449,Isaac Whitney,WR,1,0.0,-6.050000000000001,-0.08317516406249997,6.050000000000001,40.0,41.0,46.0,43.5,41.0,0.39150135937499997,283,91
2017,00-0032959,Charone Peake,WR,1,0.8,-5.7,-0.08332921874999993,6.5,46.0,47.0,52.0,49.5,47.0,0.39811083593749996,284,92
2017,00-0028825,Terrelle Pryor,WR,8,40.0,-7.799999999999999,-0.08409222656249998,5.9750000000000005,45.5,46.5,51.5,49.0,46.5,0.400242806640625,285,93
2017,00-0031568,Bryce Petty,QB,4,31.259999999999998,-6.960000000000004,-0.08445529687500003,9.555000000000001,24.0,25.0,30.0,27.5,25.0,0.369835611328125,286,53
2017,00-0033760,Justin Davis,RB,1,0.1,-5.65,-0.08445599999999998,5.75,36.0,37.0,42.0,39.5,37.0,0.39374915625,287,82
2017,00-0027139,John Phillips,TE,1,0.0,-5.65,-0.08514205468750002,5.65,24.0,25.0,30.0,27.5,25.0,0.401245421875,288,60
2017,00-0033955,Jeremy McNichols,RB,1,0.0,-5.65,-0.08527018749999993,5.65,39.0,40.0,45.0,42.5,40.0,0.37007701562499995,289,83
2017,00-0028957,Austin Davis,QB,1,-0.1,-7.619999999999999,-0.09017078906249998,7.52,24.0,25.0,30.0,27.5,25.0,0.32485152343749996,290,54
2017,00-0031075,Alfred Blue,RB,9,41.1,-8.650000000000002,-0.09123322656249988,5.527777777777778,38.22222222222222,39.22222222222222,44.22222222222222,41.72222222222222,39.22222222222222,0.37890403645833337,291,84
2017,00-0032707,Andy Jones,WR,1,0.0,-6.0,-0.09205121874999994,6.0,45.0,46.0,51.0,48.5,46.0,0.4211898984375,292,94
2017,00-0026164,Chris Johnson,RB,4,18.200000000000003,-6.85,-0.09248042187499989,6.2625,34.25,35.25,40.25,37.75,35.25,0.381912404296875,293,85
2017,00-0028411,Dontrelle Inman,WR,10,52.800000000000004,-8.600000000000001,-0.09389087499999982,6.140000000000001,46.0,47.0,52.0,49.5,47.0,0.39831406796874996,294,95
2017,00-0032804,Daniel Lasco,RB,1,0.0,-6.55,-0.09533278125000005,6.55,34.0,35.0,40.0,37.5,35.0,0.39007132812500006,295,86
2017,00-0026144,Darren McFadden,RB,1,-0.2,-6.75,-0.0980274765625001,6.55,34.0,35.0,40.0,37.5,35.0,0.39007132812500006,296,87
2017,00-0029414,Orson Charles,TE,3,8.3,-7.150000000000001,-0.103663,5.15,24.333333333333332,25.333333333333332,30.333333333333332,27.833333333333332,25.333333333333332,0.39171989062499996,297,61
2017,00-0026544,Chase Daniel,QB,1,-0.2,-8.2,-0.10444789062499998,8.0,24.0,25.0,30.0,27.5,25.0,0.3083887109375,298,55
2017,00-0030300,Jaron Brown,WR,16,87.2,-8.250000000000005,-0.1047318593749999,5.965625,46.0625,47.0625,52.0625,49.5625,47.0625,0.39870960595703125,299,96
2017,00-0033095,Garrett Griffin,TE,2,1.9,-7.9,-0.10522547656249998,4.9,24.5,25.5,30.5,28.0,25.5,0.386957125,300,62
2017,00-0028091,Jeremy Kerley,WR,8,38.7,-8.599999999999998,-0.10529656249999986,5.9125000000000005,45.375,46.375,51.375,48.875,46.375,0.400295244140625,301,97
2017,00-0032355,Chester Rogers,WR,10,46.7,-9.9,-0.10534464843749974,5.66,45.7,46.7,51.7,49.2,46.7,0.3974082421875,302,98
2017,00-0033921,Chris Godwin Jr.,WR,15,75.5,-11.65,-0.1053998593749999,5.8100000000000005,45.86666666666667,46.86666666666667,51.86666666666667,49.36666666666667,46.86666666666667,0.39696905677083333,303,99
2017,00-0029738,Darren Fells,TE,14,61.2,-10.75,-0.10751467187499986,5.139285714285714,25.5,26.5,31.5,29.0,26.5,0.38415841015625,304,63
2017,00-0032362,Maurice Harris,WR,4,14.2,-9.650000000000002,-0.10884517968749996,5.9625,46.0,47.0,52.0,49.5,47.0,0.398342986328125,305,100
2017,00-0032630,Joe Callahan,QB,1,0.44,-7.78,-0.10889833593750001,8.22,24.0,25.0,30.0,27.5,25.0,0.349735515625,306,56
2017,00-0023662,Matt Cassel,QB,2,6.48,-8.9,-0.11127672656250007,7.69,24.0,25.0,30.0,27.5,25.0,0.3228739609375,307,57
2017,00-0033434,Bobo Wilson,WR,3,9.100000000000001,-8.25,-0.1136886796874999,5.783333333333334,43.666666666666664,44.666666666666664,49.666666666666664,47.166666666666664,44.666666666666664,0.39354240885416664,308,101
2017,00-0032062,Blake Bell,TE,3,8.4,-7.999999999999999,-0.11574994531249999,5.466666666666666,27.0,28.0,33.0,30.5,28.0,0.38059622395833337,309,64
2017,00-0031511,DeAndrew White,WR,2,2.9000000000000004,-9.25,-0.11640622656250005,6.075,46.5,47.5,52.5,50.0,47.5,0.39770335546875,310,102
2017,00-0031570,Justin Hardy,WR,10,50.1,-7.500000000000003,-0.11779626562499979,5.76,45.7,46.7,51.7,49.2,46.7,0.397222603125,311,103
2017,00-0030542,Terrance Williams,WR,16,84.8,-9.950000000000003,-0.11821064843749962,5.921875,46.0625,47.0625,52.0625,49.5625,47.0625,0.39892939501953123,312,104
2017,00-0029319,Josh Bellamy,WR,11,56.2,-8.900000000000002,-0.11906488281249983,5.918181818181819,45.0,46.0,51.0,48.5,46.0,0.39758874786931814,313,105
2017,00-0030155,Demetrius Harris,TE,13,55.400000000000006,-11.45,-0.12140000000000012,5.142307692307692,25.53846153846154,26.53846153846154,31.53846153846154,29.03846153846154,26.53846153846154,0.3872303383413461,314,65
2017,00-0031055,Andre Williams,RB,2,2.5000000000000004,-9.25,-0.12158388281249993,5.875,37.5,38.5,43.5,41.0,38.5,0.37311128515624997,315,88
2017,00-0032256,Clive Walford,TE,6,21.5,-9.75,-0.12365342187499984,5.208333333333333,25.166666666666668,26.166666666666668,31.166666666666668,28.666666666666668,26.166666666666668,0.37861837630208334,316,66
2017,00-0031800,Taylor Heinicke,QB,1,0.6000000000000001,-8.750000000000002,-0.1265103828125,9.350000000000001,24.0,25.0,30.0,27.5,25.0,0.385885328125,317,58
2017,00-0033573,Shelton Gibson,WR,2,2.1,-9.450000000000001,-0.12775246874999996,5.775,46.5,47.5,52.5,50.0,47.5,0.3827706328125,318,106
2017,00-0032128,Chris Conley,WR,5,23.0,-9.850000000000001,-0.12853375,6.57,46.8,47.8,52.8,50.3,47.8,0.40409521562500006,319,107
2017,00-0024334,Brandon Marshall,WR,5,24.400000000000002,-8.45,-0.1293809296875001,6.57,46.8,47.8,52.8,50.3,47.8,0.40409521562500006,320,108
2017,00-0028042,Luke Stocker,TE,5,15.0,-9.7,-0.1319085234375001,4.94,25.6,26.6,31.6,29.1,26.6,0.3871167109375,321,67
2017,00-0032689,Jason Vander Laan,TE,2,0.0,-9.95,-0.13262493750000004,4.975,24.0,25.0,30.0,27.5,25.0,0.3818273828125,322,68
2017,00-0030290,Cobi Hamilton,WR,2,1.3,-9.900000000000002,-0.13301147656249995,5.6000000000000005,46.0,47.0,52.0,49.5,47.0,0.38286869140624996,323,109
2017,00-0030151,Tyler Bray,QB,1,-2.0,-10.22,-0.1387348828125,8.22,24.0,25.0,30.0,27.5,25.0,0.349735515625,324,59
2017,00-0031237,Teddy Bridgewater,QB,1,-0.30000000000000004,-11.970000000000002,-0.1392100859375,11.670000000000002,24.0,25.0,30.0,27.5,25.0,0.3805758125,325,60
2017,00-0031834,Larry Pinkard,WR,2,1.0,-10.55,-0.14020277343749998,5.775,46.5,47.5,52.5,50.0,47.5,0.39295855859374995,326,110
2017,00-0033968,Stacy Coley,WR,2,0.0,-10.2,-0.14020557812499995,5.1,42.0,43.0,48.0,45.5,43.0,0.393527640625,327,111
2017,00-0033895,Gerald Everett,TE,14,59.7,-12.850000000000001,-0.14102635156249987,5.182142857142857,25.714285714285715,26.714285714285715,31.714285714285715,29.214285714285715,26.714285714285715,0.38239019308035715,328,69
2017,00-0033384,LeShun Daniels,RB,2,1.4000000000000001,-11.200000000000001,-0.14121181249999998,6.300000000000001,37.0,38.0,43.0,40.5,38.0,0.3734903359375,329,89
2017,00-0028142,Virgil Green,TE,11,46.1,-11.450000000000001,-0.14153739062499981,5.2318181818181815,25.09090909090909,26.09090909090909,31.09090909090909,28.59090909090909,26.09090909090909,0.3825657130681818,330,70
2017,00-0033304,Devante Mays,RB,2,-0.40000000000000013,-10.400000000000002,-0.14295285156249998,5.0,38.0,39.0,44.0,41.5,39.0,0.36671439453125,331,90
2017,00-0032227,Jeff Heuerman,TE,10,39.7,-10.049999999999999,-0.1453789687499999,4.975,25.2,26.2,31.2,28.7,26.2,0.38246991874999997,332,71
2017,00-0032937,Max McCaffrey,WR,2,0.9,-10.25,-0.14750715624999994,5.575,44.5,45.5,50.5,48.0,45.5,0.398025796875,333,112
2017,00-0029205,Travaris Cadet,RB,7,29.500000000000004,-11.0,-0.1492810859374999,5.785714285714286,38.42857142857143,39.42857142857143,44.42857142857143,41.92857142857143,39.42857142857143,0.38040050669642855,334,91
2017,00-0033871,Corey Davis,WR,11,52.5,-11.750000000000002,-0.14982875781249988,5.840909090909091,46.45454545454545,47.45454545454545,52.45454545454545,49.95454545454545,47.45454545454545,0.3969125610795455,335,113
2017,00-0033025,Jalen Richard,RB,16,76.60000000000001,-11.950000000000005,-0.1521874531249997,5.534375000000001,36.9375,37.9375,42.9375,40.4375,37.9375,0.3805652719726562,336,92
2017,00-0030089,Luke Willson,TE,14,61.8,-10.700000000000001,-0.15555330468749984,5.178571428571429,25.428571428571427,26.428571428571427,31.428571428571427,28.928571428571427,26.428571428571427,0.38397009877232147,337,72
2017,00-0031533,Randall Telfer,TE,4,8.1,-11.399999999999999,-0.15822439062499993,4.875,26.0,27.0,32.0,29.5,27.0,0.37275514843749996,338,73
2017,00-0031939,Matt Jones,RB,2,1.4000000000000001,-11.900000000000002,-0.15860124999999992,6.65,35.0,36.0,41.0,38.5,36.0,0.37577639453125,339,93
2017,00-0032298,Bronson Hill,RB,2,-0.2,-10.75,-0.15946509374999995,5.275,38.5,39.5,44.5,42.0,39.5,0.36353092187499997,340,94
2017,00-0031332,Fitzgerald Toussaint,RB,3,4.3999999999999995,-13.100000000000001,-0.16631998437499995,5.833333333333333,37.333333333333336,38.333333333333336,43.333333333333336,40.833333333333336,38.333333333333336,0.3679885,341,95
2017,00-0032120,Neal Sterling,TE,6,17.2,-14.05,-0.16865481249999986,5.208333333333333,24.833333333333332,25.833333333333332,30.833333333333332,28.333333333333332,25.833333333333332,0.381885390625,342,74
2017,00-0032393,C.J. Prosise,RB,4,14.000000000000002,-11.15,-0.16868928125000004,6.2875,34.5,35.5,40.5,38.0,35.5,0.3873513203125,343,96
2017,00-0031384,Richard Rodgers,TE,10,40.0,-12.1,-0.16885396093749977,5.21,25.5,26.5,31.5,29.0,26.5,0.38138246875,344,75
2017,00-0032130,Jalston Fowler,RB,3,6.3999999999999995,-11.900000000000002,-0.17006530468750003,6.1000000000000005,33.666666666666664,34.666666666666664,39.666666666666664,37.166666666666664,34.666666666666664,0.38872271875,345,97
2017,00-0029567,Nick Foles,QB,7,37.78,-15.640000000000006,-0.17354772656249995,7.631428571428572,24.0,25.0,29.857142857142858,27.428571428571427,25.0,0.3472586875,346,61
2017,00-0033662,Cooper Rush,QB,2,1.3800000000000001,-14.129999999999999,-0.17529231249999994,7.755,24.0,25.0,30.0,27.5,25.0,0.33664593359374995,347,62
2017,00-0033295,Elijah McGuire,RB,15,69.7,-14.55,-0.1754962890624996,5.616666666666666,36.733333333333334,37.733333333333334,42.733333333333334,40.233333333333334,37.733333333333334,0.3805948375,348,98
2017,00-0033060,Leonte Carroo,WR,4,10.4,-13.0,-0.17568095312500004,5.85,44.5,45.5,50.5,48.0,45.5,0.397019544921875,349,114
2017,00-0033292,Trent Taylor,WR,15,76.5,-12.550000000000002,-0.17634341406249987,5.936666666666667,45.53333333333333,46.53333333333333,51.53333333333333,49.03333333333333,46.53333333333333,0.3996103635416667,350,115
2017,00-0029384,Bobby Rainey,RB,4,4.5,-12.900000000000002,-0.1783360859374999,4.3500000000000005,37.25,38.25,43.25,40.75,38.25,0.37533598828125,351,99
2017,00-0033604,Krishawn Hogan,WR,2,0.0,-12.55,-0.17833743750000003,6.275,45.0,46.0,51.0,48.5,46.0,0.4102616484375,352,116
2017,00-0031315,Matt Hazel,WR,2,0.6,-13.2,-0.17932145312500003,6.9,49.0,50.0,55.0,52.5,50.0,0.40092097265625004,353,117
2017,00-0032048,Mack Brown,RB,3,4.5,-13.700000000000001,-0.17986278906249986,6.066666666666667,36.333333333333336,37.333333333333336,42.333333333333336,39.833333333333336,37.333333333333336,0.3701547552083333,354,100
2017,00-0032964,Byron Marshall,RB,4,9.8,-14.05,-0.1804890234374999,5.9625,38.75,39.75,44.75,42.25,39.75,0.3905094296875,355,101
2017,00-0031598,Nick Boyle,TE,15,64.3,-14.549999999999999,-0.18552634374999988,5.256666666666666,25.4,26.4,31.4,28.9,26.4,0.38408361041666667,356,76
2017,00-0032745,Alan Cross,TE,5,13.3,-13.5,-0.18691791406249986,5.36,25.0,26.0,31.0,28.5,26.0,0.379396615625,357,77
2017,00-0031344,Cody Latimer,WR,11,52.2,-13.100000000000001,-0.19195413281249984,5.9363636363636365,46.54545454545455,47.54545454545455,52.54545454545455,50.04545454545455,47.54545454545455,0.39728885795454544,358,118
2017,00-0033009,Tyler Boyd,WR,10,45.5,-15.8,-0.19263804687499997,6.130000000000001,46.0,47.0,52.0,49.5,47.0,0.40008063828124996,359,119
2017,00-0032112,J.J. Nelson,WR,16,79.0,-16.450000000000003,-0.19405128906249985,5.965625,46.0625,47.0625,52.0625,49.5625,47.0625,0.39870960595703125,360,120
2017,00-0029000,Cole Beasley,WR,15,73.4,-16.05,-0.19461778124999984,5.963333333333334,46.06666666666667,47.06666666666667,52.06666666666667,49.56666666666667,47.06666666666667,0.4009956234375,361,121
2017,00-0027089,Louis Murphy,WR,6,22.1,-13.400000000000002,-0.1964417109374999,5.916666666666667,46.0,47.0,52.0,49.5,47.0,0.39705028255208336,362,122
2017,00-0031189,T.J. Jones,WR,13,62.900000000000006,-13.900000000000002,-0.1973949453124999,5.907692307692309,46.0,47.0,52.0,49.5,47.0,0.3987968635817308,363,123
2017,00-0033567,Brian Hill,RB,4,8.3,-14.850000000000001,-0.1975723593749999,5.7875000000000005,37.75,38.75,43.75,41.25,38.75,0.36851062890624997,364,102
2017,00-0030524,Landry Jones,QB,3,10.56,-15.000000000000002,-0.19821317187499995,8.520000000000001,24.0,25.0,30.0,27.5,25.0,0.36135372916666664,365,63
2017,00-0033958,Nathan Peterman,QB,4,19.54,-15.400000000000002,-0.20220464062500004,8.735,24.0,25.0,30.0,27.5,25.0,0.34797708203125,366,64
2017,00-0029273,Robert Turbin,RB,6,21.4,-14.450000000000003,-0.2041553203124999,5.9750000000000005,35.166666666666664,36.166666666666664,41.166666666666664,38.666666666666664,36.166666666666664,0.3791475872395833,367,103
2017,00-0033576,Eric Saubert,TE,3,0.0,-14.8,-0.21200865624999998,4.933333333333334,24.0,25.0,30.0,27.5,25.0,0.3811765442708333,368,78
2017,00-0032123,Tre McBride,WR,6,18.400000000000002,-14.700000000000001,-0.21388675781249994,5.516666666666667,45.833333333333336,46.833333333333336,51.833333333333336,49.333333333333336,46.833333333333336,0.39728642317708335,369,124
2017,00-0033357,Taysom Hill,TE,3,0.0,-15.65,-0.21390585156250003,5.216666666666667,24.333333333333332,25.333333333333332,30.333333333333332,27.833333333333332,25.333333333333332,0.3846910520833333,370,79
2017,00-0031288,AJ McCarron,QB,2,2.64,-18.01,-0.21421403125,10.325000000000001,24.0,25.0,30.0,27.5,25.0,0.37186080078125,371,65
2017,00-0033421,Antony Auclair,TE,4,5.5,-15.6,-0.21596460156250002,5.275,24.25,25.25,30.25,27.75,25.25,0.3848068984375,372,80
2017,00-0029391,Sean McGrath,TE,5,10.6,-16.2,-0.21713209374999987,5.359999999999999,25.8,26.8,31.8,29.3,26.8,0.37991237968749997,373,81
2017,00-0033858,Jonnu Smith,TE,14,54.7,-16.45,-0.21804853125000012,5.082142857142857,25.357142857142858,26.357142857142858,31.357142857142858,28.857142857142858,26.357142857142858,0.38066959709821424,374,82
2017,00-0032141,Geoff Swaim,TE,4,5.5,-15.7,-0.21945990625,5.3,25.75,26.75,31.75,29.25,26.75,0.384619587890625,375,83
2017,00-0031558,Maxx Williams,TE,10,35.7,-16.75,-0.21964820312499994,5.245,25.2,26.2,31.2,28.7,26.2,0.3856828734375,376,84
2017,00-0030422,Dion Sims,TE,12,46.5,-16.9,-0.21976360156250002,5.283333333333333,25.5,26.5,31.5,29.0,26.5,0.38450393164062496,377,85
2017,00-0030578,Cordarrelle Patterson,RB,16,70.5,-18.050000000000008,-0.2201066406249998,5.534375000000001,36.9375,37.9375,42.9375,40.4375,37.9375,0.3805652719726562,378,104
2017,00-0032394,Nick Vannett,TE,10,36.4,-16.25,-0.22325570312499993,5.265,24.8,25.8,30.8,28.3,25.8,0.38376462109375,379,86
2017,00-0033117,Bronson Kaufusi,TE,3,0.0,-16.15,-0.2250153203125001,5.383333333333333,28.0,29.0,34.0,31.5,29.0,0.37830328645833333,380,87
2017,00-0030443,Levine Toilolo,TE,10,36.2,-16.15,-0.22503128125000016,5.235,24.9,25.9,30.9,28.4,25.9,0.38695470390625003,381,88
2017,00-0030780,Ryan Hewitt,TE,4,5.2,-16.7,-0.2252596328125,5.475,26.5,27.5,32.5,30.0,27.5,0.37902901953125,382,89
2017,00-0032430,David Morgan,TE,9,30.5,-17.05,-0.225810953125,5.283333333333333,25.11111111111111,26.11111111111111,31.11111111111111,28.61111111111111,26.11111111111111,0.38561317361111114,383,90
2017,00-0032404,Tyler Ervin,RB,4,9.0,-16.400000000000002,-0.22654992968749987,6.3500000000000005,35.0,36.0,41.0,38.5,36.0,0.380921958984375,384,105
2017,00-0027215,Logan Paulsen,TE,3,0.0,-16.6,-0.22776800781250006,5.533333333333334,26.0,27.0,32.0,29.5,27.0,0.38167148437500004,385,91
2017,00-0032577,D.J. Foster,RB,7,23.700000000000003,-16.650000000000002,-0.22788663281249982,5.764285714285714,38.42857142857143,39.42857142857143,44.42857142857143,41.92857142857143,39.42857142857143,0.3809002321428571,386,106
2017,00-0032940,DeAndre Washington,RB,15,68.0,-15.150000000000002,-0.22831299218749984,5.543333333333334,37.2,38.2,43.2,40.7,38.2,0.37942222760416666,387,107
2017,00-0033376,Patrick Ricard,RB,6,15.2,-16.0,-0.23212693749999996,5.2,39.166666666666664,40.166666666666664,45.166666666666664,42.666666666666664,40.166666666666664,0.37522136588541666,388,108
2017,00-0026625,Brian Hoyer,QB,10,71.88,-17.250000000000004,-0.2325828203125002,8.913,24.0,25.0,30.0,27.5,25.0,0.34713144609375,389,66
2017,00-0031690,Eric Tomlinson,TE,9,30.1,-16.8,-0.23337303906250018,5.211111111111111,26.11111111111111,27.11111111111111,32.111111111111114,29.61111111111111,27.11111111111111,0.3869589878472222,390,92
2017,00-0033104,Cody Kessler,QB,3,4.94,-19.54,-0.23631670312499997,8.16,24.0,25.0,30.0,27.5,25.0,0.3319067994791666,391,67
2017,00-0033633,Tanner Gentry,WR,4,5.0,-17.3,-0.23951229687499986,5.575,43.5,44.5,49.5,47.0,44.5,0.397052458984375,392,125
2017,00-0026213,Jamaal Charles,RB,13,56.00000000000001,-17.2,-0.24159608593749987,5.630769230769231,36.76923076923077,37.76923076923077,42.76923076923077,40.26923076923077,37.76923076923077,0.38285698737980767,393,109
2017,00-0032139,Ben Koyack,TE,6,13.3,-18.05,-0.24762422656249988,5.2250000000000005,26.0,27.0,32.0,29.5,27.0,0.37452160937499995,394,93
2017,00-0032659,Roger Lewis,WR,15,71.60000000000001,-18.550000000000004,-0.24926145312499998,6.010000000000001,46.06666666666667,47.06666666666667,52.06666666666667,49.56666666666667,47.06666666666667,0.4007611817708333,395,126
2017,00-0033460,John Ross,WR,3,-0.7999999999999998,-17.9,-0.25035815624999996,5.7,46.0,47.0,52.0,49.5,47.0,0.39518972135416663,396,127
2017,00-0029394,Brenton Bersin,WR,6,16.8,-18.700000000000003,-0.2513798437499999,5.916666666666667,46.0,47.0,52.0,49.5,47.0,0.39705028255208336,397,128
2017,00-0030516,Brice Butler,WR,13,57.2,-19.400000000000006,-0.252612609375,5.892307692307693,46.07692307692308,47.07692307692308,52.07692307692308,49.57692307692308,47.07692307692308,0.39740567007211536,398,129
2017,00-0030521,Justin Hunter,WR,5,10.3,-19.05,-0.25323418750000004,5.87,45.0,46.0,51.0,48.5,46.0,0.40977918906250005,399,130
2017,00-0033296,Alex Armah,RB,3,0.0,-18.1,-0.25745580468749996,6.033333333333334,34.0,35.0,40.0,37.5,35.0,0.3777923411458333,400,110
2017,00-0031682,Terron Ward,RB,6,13.8,-19.400000000000002,-0.26422773437499997,5.533333333333334,35.666666666666664,36.666666666666664,41.666666666666664,39.166666666666664,36.666666666666664,0.3883434752604167,401,111
2017,00-0027985,Lance Kendricks,TE,14,53.3,-18.85,-0.2680748906250002,5.153571428571429,25.5,26.5,31.5,29.0,26.5,0.38242627901785714,402,94
2017,00-0031021,Jared Abbrederis,WR,4,5.9,-19.7,-0.2715870078125,6.4,45.5,46.5,51.5,49.0,46.5,0.402567951171875,403,131
2017,00-0026197,Chad Henne,QB,2,-0.5,-23.950000000000003,-0.2736808046875,11.725000000000001,24.0,25.0,30.0,27.5,25.0,0.36321397265625,404,68
2017,00-0031166,Seth Roberts,WR,15,69.0,-20.6,-0.27501728124999975,5.973333333333334,45.8,46.8,51.8,49.3,46.8,0.39914542135416664,405,132
2017,00-0031044,Troy Niklas,TE,11,35.7,-20.049999999999997,-0.27507257812499963,5.068181818181818,25.363636363636363,26.363636363636363,31.363636363636363,28.863636363636363,26.363636363636363,0.3813436683238636,406,95
2017,00-0032098,Daniel Brown,TE,10,32.400000000000006,-19.099999999999998,-0.2761003437499998,5.15,24.5,25.5,30.5,28.0,25.5,0.38686878437499994,407,96
2017,00-0033717,Travis Rudolph,WR,6,14.100000000000001,-19.6,-0.2778044140624999,5.616666666666667,45.166666666666664,46.166666666666664,51.166666666666664,48.666666666666664,46.166666666666664,0.397357921875,408,133
2017,00-0031897,Thomas Rawls,RB,9,27.6,-19.700000000000003,-0.27914407031249994,5.255555555555556,37.0,38.0,43.0,40.5,38.0,0.3818078602430555,409,112
2017,00-0032450,Dwayne Washington,RB,5,6.800000000000001,-19.35,-0.2811825156250001,5.2299999999999995,35.6,36.6,41.6,39.1,36.6,0.3846607,410,113
2017,00-0031484,Chris Manhertz,TE,5,4.7,-21.7,-0.28516517968750005,5.279999999999999,25.4,26.4,31.4,28.9,26.4,0.383460425,411,97
2017,00-0029492,Jamize Olawale,RB,7,16.6,-20.900000000000002,-0.28540858593749985,5.357142857142857,37.714285714285715,38.714285714285715,43.714285714285715,41.214285714285715,38.714285714285715,0.3842566595982143,412,114
2017,00-0029091,Bradley Sowell,TE,4,0.0,-19.900000000000002,-0.28569171874999993,4.9750000000000005,24.0,25.0,30.0,27.5,25.0,0.38903410546875,413,98
2017,00-0033282,Curtis Samuel,WR,8,25.4,-20.900000000000002,-0.2913805937499998,5.7875000000000005,46.25,47.25,52.25,49.75,47.25,0.397286662109375,414,134
2017,00-0029793,Brandon Williams,TE,10,31.6,-21.65,-0.29304277343750007,5.325,26.0,27.0,32.0,29.5,27.0,0.37910846953125,415,99
2017,00-0031806,Malcolm Brown,RB,11,40.400000000000006,-21.700000000000003,-0.29729599999999967,5.645454545454546,36.09090909090909,37.09090909090909,42.09090909090909,39.59090909090909,37.09090909090909,0.37522191122159093,416,115
2017,00-0033094,Marvin Hall,WR,6,13.0,-21.900000000000002,-0.3003255937499998,5.816666666666667,45.0,46.0,51.0,48.5,46.0,0.3970916796875,417,135
2017,00-0027321,Jeff Cumberland,TE,5,3.2,-22.65,-0.30036170312499993,5.17,24.2,25.2,30.2,27.7,25.2,0.3922628765625,418,100
2017,00-0027996,Torrey Smith,WR,16,72.7,-21.650000000000002,-0.30037998437499974,5.8968750000000005,45.5625,46.5625,51.5625,49.0625,46.5625,0.39890420458984377,419,136
2017,00-0032724,Bryce Treggs,WR,6,11.0,-22.400000000000002,-0.3050020859375001,5.566666666666667,45.5,46.5,51.5,49.0,46.5,0.39974173958333337,420,137
2017,00-0032431,Jake Rudock,QB,3,0.96,-24.470000000000002,-0.3053051328125,8.476666666666667,24.0,25.0,30.0,27.5,25.0,0.3519457109375,421,69
2017,00-0033114,Mike Thomas,WR,6,11.8,-23.000000000000004,-0.3060830468749998,5.800000000000001,45.0,46.0,51.0,48.5,46.0,0.39405762630208335,422,138
2017,00-0032705,Ed Eagan,WR,4,0.0,-21.75,-0.30946965624999995,5.4375,46.25,47.25,52.25,49.75,47.25,0.395658765625,423,139
2017,00-0030485,Eddie Lacy,RB,9,25.6,-21.900000000000002,-0.3098930859374999,5.277777777777778,37.111111111111114,38.111111111111114,43.111111111111114,40.611111111111114,38.111111111111114,0.3884366987847222,424,116
2017,00-0024264,Kellen Clemens,QB,3,0.94,-24.25,-0.3119648984375,8.396666666666667,24.0,25.0,30.0,27.5,25.0,0.35377388281250005,425,70
2017,00-0033559,Michael Roberts,TE,6,10.6,-22.299999999999997,-0.3138589140625,5.483333333333333,25.5,26.5,31.5,29.0,26.5,0.38612157421875,426,101
2017,00-0033307,Kendrick Bourne,WR,10,33.7,-22.900000000000002,-0.31490178124999996,5.66,45.7,46.7,51.7,49.2,46.7,0.3974082421875,427,140
2017,00-0028702,Chris Matthews,WR,4,4.0,-22.4,-0.3153286484375,6.6,45.25,46.25,51.25,48.75,46.25,0.40102509375,428,141
2017,00-0030216,Josh Hill,TE,12,37.7,-22.9,-0.31801835156249997,5.05,25.0,26.0,31.0,28.5,26.0,0.38152199479166665,429,102
2017,00-0024268,Anthony Fasano,TE,11,34.7,-22.4,-0.3196959921875,5.190909090909091,25.454545454545453,26.454545454545453,31.454545454545453,28.954545454545453,26.454545454545453,0.38741777769886365,430,103
2017,00-0032429,Jerell Adams,TE,9,21.200000000000003,-22.85,-0.3218451718749998,4.894444444444444,25.333333333333332,26.333333333333332,31.333333333333332,28.833333333333332,26.333333333333332,0.3804629800347222,431,104
2017,00-0032398,Chris Moore,WR,13,50.900000000000006,-24.400000000000002,-0.3236176406250001,5.792307692307693,45.61538461538461,46.61538461538461,51.61538461538461,49.11538461538461,46.61538461538461,0.39721793389423077,432,142
2017,00-0031301,Jeremy Hill,RB,7,15.200000000000001,-23.2,-0.32420668749999987,5.485714285714287,36.0,37.0,42.0,39.5,37.0,0.3843291662946428,433,117
2017,00-0025549,Brent Celek,TE,12,38.5,-24.45,-0.32899426562500017,5.245833333333334,25.25,26.25,31.25,28.75,26.25,0.389600923828125,434,105
2017,00-0028263,Andre Holmes,WR,10,36.5,-22.900000000000002,-0.32948546875000007,5.94,45.5,46.5,51.5,49.0,46.5,0.39942685703124997,435,143
2017,00-0031868,Damiere Byrd,WR,8,28.700000000000003,-22.65,-0.3310022578125001,6.41875,45.625,46.625,51.625,49.125,46.625,0.40303647265625,436,144
2017,00-0032977,Rashard Higgins,WR,14,55.1,-28.0,-0.33288416406249965,5.935714285714286,45.857142857142854,46.857142857142854,51.857142857142854,49.357142857142854,46.857142857142854,0.3988304202008929,437,145
2017,00-0029640,Brian Quick,WR,6,10.6,-23.9,-0.33441879687499987,5.75,46.833333333333336,47.833333333333336,52.833333333333336,50.333333333333336,47.833333333333336,0.39734083072916665,438,146
2017,00-0032775,Demarcus Robinson,WR,10,31.7,-24.950000000000003,-0.3381979921875,5.665000000000001,45.4,46.4,51.4,48.9,46.4,0.394765603125,439,147
2017,00-0032250,Kasen Williams,WR,6,12.900000000000002,-24.5,-0.3389312500000002,6.233333333333333,45.666666666666664,46.666666666666664,51.666666666666664,49.166666666666664,46.666666666666664,0.40286304817708335,440,148
2017,00-0027732,Michael Hoomanawanui,TE,9,20.2,-26.85,-0.34362228906250003,5.227777777777778,25.444444444444443,26.444444444444443,31.444444444444443,28.944444444444443,26.444444444444443,0.3826791380208333,441,106
2017,00-0031599,Cameron Artis-Payne,RB,8,16.200000000000003,-26.45,-0.3469476718749998,5.33125,36.375,37.375,42.375,39.875,37.375,0.383293931640625,442,118
2017,00-0031035,Xavier Grimble,TE,8,16.7,-25.35,-0.3485124453125001,5.2562500000000005,24.5,25.5,30.5,28.0,25.5,0.38795968359375,443,107
2017,00-0033891,Zay Jones,WR,14,57.1,-25.550000000000004,-0.3493408203124999,5.903571428571429,45.714285714285715,46.714285714285715,51.714285714285715,49.214285714285715,46.714285714285715,0.3995066177455357,444,149
2017,00-0032661,Ben Braunecker,TE,5,0.0,-24.95,-0.349923875,4.99,24.0,25.0,30.0,27.5,25.0,0.3860875515625,445,108
2017,00-0032377,Josh Ferguson,RB,5,3.6,-26.5,-0.3538488203125001,6.0200000000000005,37.8,38.8,43.8,41.3,38.8,0.3837991234375,446,119
2017,00-0030670,Bennie Fowler,WR,16,67.5,-27.000000000000004,-0.36381549218749976,5.90625,45.75,46.75,51.75,49.25,46.75,0.39814733642578126,447,150
2017,00-0023645,Derek Anderson,QB,3,0.48000000000000004,-28.65,-0.3645248515624999,9.71,24.0,25.0,30.0,27.5,25.0,0.3467087239583333,448,71
2017,00-0027006,Kenny Britt,WR,12,47.6,-25.6,-0.3649476874999999,6.1000000000000005,46.0,47.0,52.0,49.5,47.0,0.39917059700520835,449,151
2017,00-0028063,Taiwan Jones,RB,5,1.6,-25.950000000000003,-0.366842375,5.51,34.8,35.8,40.8,38.3,35.8,0.3843051734375,450,120
2017,00-0030801,Brandon Coleman,WR,15,61.900000000000006,-26.550000000000004,-0.37074449999999964,5.8966666666666665,45.6,46.6,51.6,49.1,46.6,0.3972307057291667,451,152
2017,00-0029119,Derek Carrier,TE,9,19.1,-27.7,-0.37635814843749993,5.199999999999999,25.22222222222222,26.22222222222222,31.22222222222222,28.72222222222222,26.22222222222222,0.3807923133680556,452,109
2017,00-0029740,Ifeanyi Momah,TE,6,6.1000000000000005,-26.4,-0.37667385937500003,5.416666666666667,26.666666666666668,27.666666666666668,32.666666666666664,30.166666666666668,27.666666666666668,0.37936373828125003,453,110
2017,00-0032245,Sean Mannion,QB,5,5.2,-30.450000000000003,-0.37739128124999993,7.130000000000001,24.0,25.0,30.0,27.5,25.0,0.326272434375,454,72
2017,00-0032980,Marcus Johnson,WR,6,7.0,-26.75,-0.38066490624999993,5.625,45.166666666666664,46.166666666666664,51.166666666666664,48.666666666666664,46.166666666666664,0.3964869921875,455,153
2017,00-0033552,Brendan Langley,WR,5,0.0,-28.450000000000003,-0.39082147656249994,5.69,44.0,45.0,50.0,47.5,45.0,0.39322943437499996,456,154
2017,00-0027654,Arrelious Benn,WR,5,1.7000000000000002,-27.25,-0.39192184374999994,5.790000000000001,45.2,46.2,51.2,48.7,46.2,0.40211329687499997,457,155
2017,00-0030737,Freddie Martino,WR,7,12.100000000000001,-28.550000000000004,-0.39226373437499973,5.807142857142858,45.714285714285715,46.714285714285715,51.714285714285715,49.214285714285715,46.714285714285715,0.3937883046875,458,156
2017,00-0030117,Kerwynn Williams,RB,16,62.900000000000006,-29.450000000000003,-0.3930606015624997,5.7718750000000005,36.4375,37.4375,42.4375,39.9375,37.4375,0.38106064794921873,459,121
2017,00-0033464,Jehu Chesson,WR,6,2.8,-29.200000000000003,-0.39755519531249994,5.333333333333333,45.166666666666664,46.166666666666664,51.166666666666664,48.666666666666664,46.166666666666664,0.3942635677083333,460,157
2017,00-0027994,Shane Vereen,RB,16,63.7,-28.650000000000002,-0.3979984609374997,5.7718750000000005,36.4375,37.4375,42.4375,39.9375,37.4375,0.38106064794921873,461,122
2017,00-0028093,Niles Paul,TE,11,29.3,-28.15,-0.39842849999999996,5.222727272727273,25.181818181818183,26.181818181818183,31.181818181818183,28.681818181818183,26.181818181818183,0.3870937634943182,462,111
2017,00-0033933,Chad Williams,WR,6,7.9,-30.450000000000003,-0.39908540625,6.391666666666667,46.166666666666664,47.166666666666664,52.166666666666664,49.666666666666664,47.166666666666664,0.39914914713541666,463,158
2017,00-0031228,Taylor Gabriel,WR,16,65.2,-29.300000000000004,-0.4038236015624998,5.90625,45.75,46.75,51.75,49.25,46.75,0.39814733642578126,464,159
2017,00-0029878,MarQueis Gray,TE,7,3.9,-30.1,-0.408916359375,4.857142857142857,25.142857142857142,26.142857142857142,31.142857142857142,28.642857142857142,26.142857142857142,0.385488734375,465,112
2017,00-0033069,Braxton Miller,WR,10,31.8,-28.500000000000004,-0.41339202343749987,6.03,46.1,47.1,52.1,49.6,47.1,0.3964730328125,466,160
2017,00-0031390,Charles Sims,RB,15,55.9,-30.700000000000006,-0.4159758749999999,5.773333333333334,36.46666666666667,37.46666666666667,42.46666666666667,39.96666666666667,37.46666666666667,0.38021474739583333,467,123
2017,00-0028987,Phillip Supernaw,TE,9,15.9,-30.0,-0.41716904687500006,5.1,25.88888888888889,26.88888888888889,31.88888888888889,29.38888888888889,26.88888888888889,0.3812612439236111,468,113
2017,00-0029634,James Hanna,TE,10,20.8,-30.75,-0.4181345390625002,5.154999999999999,25.6,26.6,31.6,29.1,26.6,0.3869961609375,469,114
2017,00-0032166,Sammie Coates,WR,7,10.000000000000002,-30.05,-0.42277982812499987,5.721428571428572,45.0,46.0,51.0,48.5,46.0,0.39991050334821426,470,161
2017,00-0033258,Darrell Daniels,TE,7,7.1,-30.0,-0.4237800703124999,5.3,26.285714285714285,27.285714285714285,32.285714285714285,29.785714285714285,27.285714285714285,0.37955432812500006,471,115
2017,00-0032417,Paul Perkins,RB,8,17.6,-30.450000000000003,-0.42827096093749994,6.0062500000000005,37.125,38.125,43.125,40.625,38.125,0.38332060351562497,472,124
2017,00-0033555,Mack Hollins,WR,12,36.6,-31.6,-0.4300921406249999,5.683333333333334,45.333333333333336,46.333333333333336,51.333333333333336,48.833333333333336,46.333333333333336,0.39523124153645833,473,162
2017,00-0029572,Jarius Wright,WR,12,40.800000000000004,-31.250000000000004,-0.43079505468749985,6.004166666666666,46.0,47.0,52.0,49.5,47.0,0.3998967845052083,474,163
2017,00-0031277,Branden Oliver,RB,8,13.9,-30.750000000000004,-0.43332077343749986,5.581250000000001,37.0,38.0,43.0,40.5,38.0,0.3762621318359375,475,125
2017,00-0033838,Trey Edmunds,RB,7,10.8,-32.35,-0.4355678124999999,6.1642857142857155,35.857142857142854,36.857142857142854,41.857142857142854,39.357142857142854,36.857142857142854,0.3814938895089286,476,126
2017,00-0033338,Cethan Carter,TE,6,0.0,-31.450000000000003,-0.43995821875,5.241666666666667,24.666666666666668,25.666666666666668,30.666666666666668,28.166666666666668,25.666666666666668,0.38917175520833336,477,116
2017,00-0032134,C.J. Uzomah,TE,12,30.2,-33.4,-0.4421289609375001,5.3,25.333333333333332,26.333333333333332,31.333333333333332,28.833333333333332,26.333333333333332,0.38844275130208333,478,117
2017,00-0029795,Benny Cunningham,RB,14,46.9,-32.25000000000001,-0.44284756249999985,5.653571428571429,37.285714285714285,38.285714285714285,43.285714285714285,40.785714285714285,38.285714285714285,0.38107270703125,479,127
2017,00-0031665,Zach Zenner,RB,7,8.6,-33.900000000000006,-0.4488752656249997,6.071428571428571,36.857142857142854,37.857142857142854,42.857142857142854,40.357142857142854,37.857142857142854,0.38404917633928565,480,128
2017,00-0026293,Matthew Slater,WR,6,0.0,-33.650000000000006,-0.4501209453125,5.608333333333334,45.833333333333336,46.833333333333336,51.833333333333336,49.333333333333336,46.833333333333336,0.3923074544270833,481,164
2017,00-0033840,Chad Hansen,WR,8,13.9,-32.2,-0.45019504687499995,5.7625,45.625,46.625,51.625,49.125,46.625,0.39770581640624997,482,165
2017,00-0030663,Willie Snead,WR,8,13.2,-32.650000000000006,-0.4511222187499998,5.73125,45.375,46.375,51.375,48.875,46.375,0.3994656943359375,483,166
2017,00-0028116,Aldrick Robinson,WR,14,47.5,-34.85,-0.45444799999999985,5.882142857142858,46.214285714285715,47.214285714285715,52.214285714285715,49.714285714285715,47.214285714285715,0.39976540234374996,484,167
2017,00-0033079,Ricardo Louis,WR,14,49.2,-33.85,-0.4588340312499998,5.932142857142858,45.92857142857143,46.92857142857143,51.92857142857143,49.42857142857143,46.92857142857143,0.39927738225446424,485,168
2017,00-0028114,Dwayne Harris,WR,5,0.0,-32.85,-0.4606310078125001,6.57,46.8,47.8,52.8,50.3,47.8,0.40409521562500006,486,169
2017,00-0029689,Dwayne Allen,TE,12,29.6,-34.1,-0.46372696093750015,5.308333333333334,24.833333333333332,25.833333333333332,30.833333333333332,28.333333333333332,25.833333333333332,0.3860540970052084,487,118
2017,00-0028097,Lee Smith,TE,10,19.6,-34.800000000000004,-0.47406141406249996,5.44,25.6,26.6,31.6,29.1,26.6,0.388766103125,488,119
2017,00-0031697,Jordan Taylor,WR,10,20.7,-36.75,-0.4819311562499999,5.745,44.9,45.9,50.9,48.4,45.9,0.39910812265624995,489,170
2017,00-0033006,Jaydon Mickens,WR,10,22.700000000000003,-34.45,-0.48573864062499983,5.715000000000001,46.1,47.1,52.1,49.6,47.1,0.39671082890625,490,171
2017,00-0033859,Josh Malone,WR,9,15.5,-35.800000000000004,-0.4876432343749999,5.7,45.666666666666664,46.666666666666664,51.666666666666664,49.166666666666664,46.666666666666664,0.4006829392361111,491,172
2017,00-0033536,Mike Williams,WR,9,15.000000000000002,-35.400000000000006,-0.4878853281249999,5.6000000000000005,45.333333333333336,46.333333333333336,51.333333333333336,48.833333333333336,46.333333333333336,0.3950128637152777,492,173
2017,00-0030460,Markus Wheaton,WR,7,6.6000000000000005,-36.1,-0.4892128593749999,6.1000000000000005,46.57142857142857,47.57142857142857,52.57142857142857,50.07142857142857,47.57142857142857,0.3977783537946428,493,174
2017,00-0033591,Noah Brown,WR,7,5.300000000000001,-37.1,-0.5071885156249998,6.057142857142858,45.714285714285715,46.714285714285715,51.714285714285715,49.214285714285715,46.714285714285715,0.3946178482142857,494,175
2017,00-0033266,JoJo Natson,WR,7,4.300000000000001,-37.1,-0.5134266406249999,5.9142857142857155,46.0,47.0,52.0,49.5,47.0,0.3971575870535714,495,176
2017,00-0032626,Geronimo Allison,WR,12,34.800000000000004,-35.7,-0.5134823906249998,5.875,45.666666666666664,46.666666666666664,51.666666666666664,49.166666666666664,46.666666666666664,0.396265060546875,496,177
2017,00-0033943,Josh Reynolds,WR,10,21.9,-36.2,-0.5259302578125,5.8100000000000005,45.9,46.9,51.9,49.4,46.9,0.39791081015624996,497,178
2017,00-0031731,Corey Grant,RB,14,42.400000000000006,-39.150000000000006,-0.5355131953125,5.825000000000001,36.357142857142854,37.357142857142854,42.357142857142854,39.857142857142854,37.357142857142854,0.38212389006696423,498,129
2017,00-0032319,Ross Travis,TE,11,18.1,-39.6,-0.5415146249999998,5.245454545454546,25.363636363636363,26.363636363636363,31.363636363636363,28.863636363636363,26.363636363636363,0.38483608735795455,499,120
2017,00-0033937,Amara Darboh,WR,8,11.100000000000001,-38.7,-0.5427377421874999,6.2250000000000005,46.625,47.625,52.625,50.125,47.625,0.3971434111328125,500,179
2017,00-0031951,James O'Shaughnessy,TE,16,41.9,-41.6,-0.5477570078125001,5.21875,25.5,26.5,31.5,29.0,26.5,0.383548095703125,501,121
2017,00-0030525,Tavon Austin,WR,14,44.2,-39.95,-0.5491270703125,6.010714285714286,46.142857142857146,47.142857142857146,52.142857142857146,49.642857142857146,47.142857142857146,0.3978465697544643,502,180
2017,00-0032935,Johnny Holton,WR,14,40.300000000000004,-42.150000000000006,-0.5542467031249998,5.889285714285714,45.285714285714285,46.285714285714285,51.285714285714285,48.785714285714285,46.285714285714285,0.3981658744419643,503,181
2017,00-0032208,Phillip Dorsett,WR,11,26.1,-39.650000000000006,-0.559231265625,5.9772727272727275,45.27272727272727,46.27272727272727,51.27272727272727,48.77272727272727,46.27272727272727,0.39959322656249996,504,182
2017,00-0031793,Terrell Watson,RB,7,0.8,-40.400000000000006,-0.5592454140624998,5.885714285714286,35.857142857142854,36.857142857142854,41.857142857142854,39.357142857142854,36.857142857142854,0.37667154241071427,505,130
2017,00-0031025,Michael Campanaro,WR,13,37.0,-41.7,-0.5672216171875001,6.053846153846154,45.38461538461539,46.38461538461539,51.38461538461539,48.88461538461539,46.38461538461539,0.39843345252403845,506,183
2017,00-0032795,Cody Core,WR,7,0.0,-41.7,-0.5689077578125001,5.957142857142857,46.285714285714285,47.285714285714285,52.285714285714285,49.785714285714285,47.285714285714285,0.40062351116071426,507,184
2017,00-0031209,Senorise Perry,RB,8,3.8000000000000003,-41.25,-0.5839961484374998,5.6312500000000005,36.875,37.875,42.875,40.375,37.875,0.3765306025390625,508,131
2017,00-0031782,Eli Rogers,WR,12,29.900000000000002,-42.150000000000006,-0.5862228750000001,6.004166666666666,46.0,47.0,52.0,49.5,47.0,0.398198796875,509,185
2017,00-0029731,Fozzy Whittaker,RB,10,15.0,-44.35,-0.5971368437499998,5.9350000000000005,37.5,38.5,43.5,41.0,38.5,0.37886463593749997,510,132
2017,00-0030711,David Fluellen,RB,8,2.1,-43.1,-0.6022328359374998,5.65,35.375,36.375,41.375,38.875,36.375,0.37755291894531245,511,133
2017,00-0029638,Michael Floyd,WR,10,12.8,-43.95,-0.6033241484374998,5.675,44.9,45.9,50.9,48.4,45.9,0.39675801015624995,512,186
2017,00-0026983,Darrius Heyward-Bey,WR,10,14.9,-45.6,-0.6132489609375,6.05,45.1,46.1,51.1,48.6,46.1,0.39924465859375,513,187
2017,00-0028083,Jacquizz Rodgers,RB,16,42.3,-47.050000000000004,-0.6250247265625001,5.5843750000000005,36.8125,37.8125,42.8125,40.3125,37.8125,0.38033540771484375,514,134
2017,00-0029336,Brittan Golden,WR,9,9.5,-46.25,-0.6251068828124999,6.194444444444445,45.44444444444444,46.44444444444444,51.44444444444444,48.94444444444444,46.44444444444444,0.39943076909722225,515,188
2017,00-0032464,Kalif Raymond,WR,8,1.6,-45.95,-0.627864609375,5.9437500000000005,45.875,46.875,51.875,49.375,46.875,0.3946282822265625,516,189
2017,00-0032791,Jakeem Grant,WR,15,40.0,-48.150000000000006,-0.6282612499999998,5.876666666666667,45.4,46.4,51.4,48.9,46.4,0.39857363385416666,517,190
2017,00-0032794,Danny Vitale,RB,9,3.4000000000000004,-46.45,-0.6288756796874999,5.538888888888889,38.0,39.0,44.0,41.5,39.0,0.3820950078125,518,135
2017,00-0031001,Jeff Janis,WR,8,2.2,-46.0,-0.644453078125,6.025,45.0,46.0,51.0,48.5,46.0,0.3969765693359375,519,191
2017,00-0031060,De'Anthony Thomas,WR,14,33.7,-48.6,-0.6477809609374998,5.878571428571429,45.42857142857143,46.42857142857143,51.42857142857143,48.92857142857143,46.42857142857143,0.39638432700892856,520,192
2017,00-0028581,Patrick DiMarco,RB,9,6.1,-45.7,-0.6500674453124998,5.755555555555556,36.0,37.0,42.0,39.5,37.0,0.3762466597222222,521,136
2017,00-0032475,Tanner McEvoy,WR,10,11.8,-46.650000000000006,-0.6510851484375001,5.845000000000001,45.3,46.3,51.3,48.8,46.3,0.401767578125,522,193
2017,00-0032951,Laquon Treadwell,WR,13,30.000000000000004,-47.7,-0.6741278828124998,5.976923076923077,45.30769230769231,46.30769230769231,51.30769230769231,48.80769230769231,46.30769230769231,0.3973084254807692,523,194
2017,00-0031514,Quan Bray,WR,9,5.4,-48.1,-0.6770469375000001,5.944444444444445,45.666666666666664,46.666666666666664,51.666666666666664,49.166666666666664,46.666666666666664,0.4006916354166667,524,195
2017,00-0030465,Kenjon Barner,RB,13,19.8,-50.150000000000006,-0.6837051015624998,5.380769230769231,37.46153846153846,38.46153846153846,43.46153846153846,40.96153846153846,38.46153846153846,0.37920849218749997,525,137
2017,00-0033306,Victor Bolden,WR,8,0.0,-49.650000000000006,-0.6849511562499999,6.206250000000001,46.5,47.5,52.5,50.0,47.5,0.399192748046875,526,196
2017,00-0031687,Raheem Mostert,RB,9,1.0000000000000002,-50.45,-0.6914139843749998,5.716666666666667,35.111111111111114,36.111111111111114,41.111111111111114,38.611111111111114,36.111111111111114,0.38458100260416667,527,138
2017,00-0030147,Russell Shepard,WR,15,36.6,-52.300000000000004,-0.6941566875,5.926666666666667,45.86666666666667,46.86666666666667,51.86666666666667,49.36666666666667,46.86666666666667,0.39767586197916666,528,197
2017,00-0028121,Jordan Todman,RB,9,0.0,-52.75,-0.7041421171874997,5.861111111111111,37.666666666666664,38.666666666666664,43.666666666666664,41.166666666666664,38.666666666666664,0.3827729809027778,529,139
2017,00-0029239,Brandon Bolden,RB,11,7.9,-52.95,-0.7297838281249998,5.531818181818182,36.72727272727273,37.72727272727273,42.72727272727273,40.22727272727273,37.72727272727273,0.3774833458806818,530,140
2017,00-0032054,Breshad Perriman,WR,11,12.700000000000001,-53.15,-0.7322722187499999,5.986363636363637,46.0,47.0,52.0,49.5,47.0,0.4030971917613636,531,198
2017,00-0033553,James Conner,RB,12,14.400000000000002,-52.900000000000006,-0.7349594765625,5.608333333333334,37.166666666666664,38.166666666666664,43.166666666666664,40.666666666666664,38.166666666666664,0.3804392923177083,532,141
2017,00-0033911,Taywan Taylor,WR,16,41.400000000000006,-54.050000000000004,-0.7352477499999996,5.965625,46.0625,47.0625,52.0625,49.5625,47.0625,0.39870960595703125,533,199
2017,00-0032188,Vince Mayle,TE,12,6.2,-55.65,-0.7543431015625002,5.154166666666667,25.333333333333332,26.333333333333332,31.333333333333332,28.833333333333332,26.333333333333332,0.385402734375,534,122
2017,00-0027796,Joe Webb,QB,9,6.800000000000001,-62.510000000000005,-0.7629672968750001,7.7011111111111115,24.0,25.0,29.88888888888889,27.444444444444443,25.0,0.3318373784722222,535,73
2017,00-0033387,Jacob Hollister,TE,13,10.7,-57.65,-0.7882366640625,5.257692307692308,25.076923076923077,26.076923076923077,31.076923076923077,28.576923076923077,26.076923076923077,0.38607994471153845,536,123
2017,00-0033855,Chris Thompson,WR,12,10.9,-57.150000000000006,-0.7903473671874999,5.670833333333334,45.333333333333336,46.333333333333336,51.333333333333336,48.833333333333336,46.333333333333336,0.3978364876302083,537,200
2017,00-0033916,ArDarius Stewart,WR,12,13.900000000000002,-57.7,-0.7965389375,5.966666666666668,46.0,47.0,52.0,49.5,47.0,0.3966536953125,538,201
2017,00-0027057,Brandon Tate,WR,13,17.1,-59.45,-0.80866425,5.88846153846154,46.07692307692308,47.07692307692308,52.07692307692308,49.57692307692308,47.07692307692308,0.39791298557692306,539,202
2017,00-0032881,Tommylee Lewis,WR,14,24.0,-59.2,-0.8159384453124998,5.942857142857143,45.714285714285715,46.714285714285715,51.714285714285715,49.214285714285715,46.714285714285715,0.39902969140625,540,203
2017,00-0030743,Bernard Reedy,WR,11,4.800000000000001,-60.650000000000006,-0.83600221875,5.95,45.45454545454545,46.45454545454545,51.45454545454545,48.95454545454545,46.45454545454545,0.39851281676136363,541,204
2017,00-0033466,Isaiah McKenzie,WR,11,5.300000000000001,-60.1,-0.8553172187499998,5.945454545454546,45.54545454545455,46.54545454545455,51.54545454545455,49.04545454545455,46.54545454545455,0.3974271214488636,542,205
2017,00-0032543,Alex Erickson,WR,16,31.6,-63.150000000000006,-0.8679906953124998,5.921875,46.0625,47.0625,52.0625,49.5625,47.0625,0.39892939501953123,543,206
2017,00-0028497,Kamar Aiken,WR,14,20.8,-62.2,-0.8683864531249998,5.928571428571429,45.357142857142854,46.357142857142854,51.357142857142854,48.857142857142854,46.357142857142854,0.39873276116071427,544,207
2017,00-0032115,Kaelin Clay,WR,13,14.200000000000001,-63.45,-0.8726607656249998,5.973076923076923,46.07692307692308,47.07692307692308,52.07692307692308,49.57692307692308,47.07692307692308,0.3990501550480769,545,208
2017,00-0024535,Eric Weems,WR,11,1.0,-64.8,-0.9025801328124999,5.9818181818181815,46.0,47.0,52.0,49.5,47.0,0.3942340830965909,546,209
2017,00-0033596,Matt Dayes,RB,13,6.2,-66.30000000000001,-0.9225518828124997,5.576923076923077,37.61538461538461,38.61538461538461,43.61538461538461,41.11538461538461,38.61538461538461,0.37985015084134616,547,142
2017,00-0031743,Akeem Hunt,RB,14,7.4,-68.75,-0.9391858593749998,5.439285714285715,37.0,38.0,43.0,40.5,38.0,0.38039404185267855,548,143
2017,00-0033572,Jamal Agnew,WR,13,3.7,-72.55,-1.0259212421874997,5.865384615384615,46.15384615384615,47.15384615384615,52.15384615384615,49.65384615384615,47.15384615384615,0.3977378828125,549,210
2017,00-0032423,Trevor Davis,WR,15,10.8,-78.95,-1.0871233437499999,5.983333333333333,46.0,47.0,52.0,49.5,47.0,0.3983380953125,550,211
2017,00-0033111,Pharoh Cooper,WR,16,14.5,-80.95,-1.125512375,5.965625,46.0625,47.0625,52.0625,49.5625,47.0625,0.39870960595703125,551,212
2017,00-0033562,Ryan Switzer,WR,16,7.6000000000000005,-87.15,-1.1957964531249998,5.921875,46.0625,47.0625,52.0625,49.5625,47.0625,0.39892939501953123,552,213
2017,00-0027691,Andre Roberts,WR,16,1.7000000000000002,-92.80000000000001,-1.2841394375,5.90625,45.75,46.75,51.75,49.25,46.75,0.39814733642578126,553,214
2018,00-0033873,Patrick Mahomes,QB,16,441.08,305.46000000000004,3.982965070312501,8.47625,24.0,25.0,30.0,27.5,25.0,0.33644079345703126,1,1
2018,00-0032241,Todd Gurley,RB,14,342.6,259.15,3.4748662890624997,5.960714285714286,34.642857142857146,35.642857142857146,40.642857142857146,38.142857142857146,35.642857142857146,0.37331794754464287,2,1
2018,00-0030506,Travis Kelce,TE,16,346.1,258.05,3.3427600234375,5.503125,24.625,25.625,30.625,28.125,25.625,0.3942114194335937,3,1
2018,00-0034844,Saquon Barkley,RB,16,340.3,243.55,3.2411935390625,6.046875,34.6875,35.6875,40.6875,38.1875,35.6875,0.37389012841796876,4,2
2018,00-0030061,Zach Ertz,TE,16,338.3,248.25,3.1775043984375,5.628125,24.6875,25.6875,30.6875,28.1875,25.6875,0.39509489697265626,5,2
2018,00-0033280,Christian McCaffrey,RB,16,332.0,236.45000000000002,3.1261416796874997,5.971875,35.0625,36.0625,41.0625,38.5625,36.0625,0.3764572861328125,6,3
2018,00-0026143,Matt Ryan,QB,16,368.46000000000004,231.40000000000003,3.0760036718749997,8.56625,24.0,25.0,30.0,27.5,25.0,0.33702225732421875,7,2
2018,00-0022924,Ben Roethlisberger,QB,16,373.36,234.86,3.0603107578124997,8.65625,24.0,25.0,30.0,27.5,25.0,0.33695193017578123,8,3
2018,00-0033906,Alvin Kamara,RB,15,313.70000000000005,223.15,2.8996039453124998,6.036666666666666,35.0,36.0,41.0,38.5,36.0,0.37452628906249996,9,4
2018,00-0033537,Deshaun Watson,QB,16,349.7,210.29,2.8377136875,8.713125,24.0,25.0,30.0,27.5,25.0,0.33625372021484373,10,4
2018,00-0033288,George Kittle,TE,16,302.7,212.4,2.7611814296875,5.64375,24.625,25.625,30.625,28.125,25.625,0.39401962646484373,11,3
2018,00-0029668,Andrew Luck,QB,16,357.42,211.97,2.7533139765625,9.090625,24.0,25.0,30.0,27.5,25.0,0.3397637763671875,12,5
2018,00-0033045,Ezekiel Elliott,RB,15,290.6,198.75,2.5685146406249997,6.123333333333334,34.86666666666667,35.86666666666667,40.86666666666667,38.36666666666667,35.86666666666667,0.37749433125000004,13,5
2018,00-0033106,Jared Goff,QB,16,334.32,198.7,2.5631091796874994,8.47625,24.0,25.0,30.0,27.5,25.0,0.33644079345703126,14,6
2018,00-0027939,Cam Newton,QB,14,308.6,185.68,2.4905480312500003,8.78,24.0,25.0,30.0,27.5,25.0,0.34270224274553573,15,7
2018,00-0020531,Drew Brees,QB,15,314.48,182.8,2.3692713671875,8.778666666666668,24.0,25.0,30.0,27.5,25.0,0.34059880416666666,16,8
2018,00-0031381,Davante Adams,WR,15,274.1,175.95000000000002,2.3313523750000003,6.543333333333334,48.4,49.4,54.4,51.9,49.4,0.4013617640625,17,1
2018,00-0033553,James Conner,RB,13,252.5,175.45000000000002,2.317574921875,5.926923076923076,34.53846153846154,35.53846153846154,40.53846153846154,38.03846153846154,35.53846153846154,0.3743545372596154,18,6
2018,00-0032144,Melvin Gordon,RB,12,250.5,177.65,2.3086267109375003,6.070833333333334,34.25,35.25,40.25,37.75,35.25,0.37793475390625003,19,7
2018,00-0030564,DeAndre Hopkins,WR,16,276.0,170.85000000000002,2.294622109375,6.571875,48.6875,49.6875,54.6875,52.1875,49.6875,0.39955251708984374,20,2
2018,00-0023459,Aaron Rodgers,QB,16,316.58,178.07999999999998,2.2824931953125,8.65625,24.0,25.0,30.0,27.5,25.0,0.33695193017578123,21,9
2018,00-0027793,Antonio Brown,WR,15,271.7,173.55,2.2668804296875003,6.543333333333334,48.4,49.4,54.4,51.9,49.4,0.4013617640625,22,3
2018,00-0029263,Russell Wilson,QB,16,312.92,174.42000000000002,2.2661123984375,8.65625,24.0,25.0,30.0,27.5,25.0,0.33695193017578123,23,10
2018,00-0022942,Philip Rivers,QB,16,309.02,171.96,2.2435870390624997,8.56625,24.0,25.0,30.0,27.5,25.0,0.33702225732421875,24,11
2018,00-0033040,Tyreek Hill,WR,16,284.5,180.25,2.2266616484374997,6.515625,48.6875,49.6875,54.6875,52.1875,49.6875,0.4019200869140625,25,4
2018,00-0029604,Kirk Cousins,QB,16,302.62,163.21,2.1682631796875,8.713125,24.0,25.0,30.0,27.5,25.0,0.33625372021484373,26,12
2018,00-0031387,Eric Ebron,TE,16,255.2,165.15,2.165869703125,5.628125,24.6875,25.6875,30.6875,28.1875,25.6875,0.39509489697265626,27,4
2018,00-0033869,Mitchell Trubisky,QB,14,287.02,171.76,2.153891796875,8.232857142857144,24.0,25.0,30.0,27.5,25.0,0.3321721077008929,28,13
2018,00-0027944,Julio Jones,WR,16,269.40000000000003,164.9,2.1414073515625,6.53125,48.5625,49.5625,54.5625,52.0625,49.5625,0.40235114306640624,29,5
2018,00-0019596,Tom Brady,QB,16,302.8,162.14,2.1118430781249997,8.79125,24.0,25.0,30.0,27.5,25.0,0.33704961181640625,30,14
2018,00-0033077,Dak Prescott,QB,16,301.90000000000003,164.84,2.1102710156249995,8.56625,24.0,25.0,30.0,27.5,25.0,0.33702225732421875,31,15
2018,00-0033923,Kareem Hunt,RB,11,217.2,152.8,1.9943193437500002,5.854545454545455,33.81818181818182,34.81818181818182,39.81818181818182,37.31818181818182,34.81818181818182,0.37049656534090913,32,8
2018,00-0030035,Adam Thielen,WR,16,250.8,145.65,1.9848284375,6.571875,48.6875,49.6875,54.6875,52.1875,49.6875,0.39955251708984374,33,6
2018,00-0034855,Baker Mayfield,QB,14,268.1,151.5,1.9703395859375,8.32857142857143,24.0,25.0,30.0,27.5,25.0,0.33454849832589284,34,16
2018,00-0032765,Michael Thomas,WR,16,253.0,148.9,1.91343996875,6.5062500000000005,48.3125,49.3125,54.3125,51.8125,49.3125,0.4016020825195312,35,7
2018,00-0031408,Mike Evans,WR,16,241.4,138.05,1.9120736484375003,6.4593750000000005,48.5,49.5,54.5,52.0,49.5,0.4002923569335937,36,8
2018,00-0033897,Joe Mixon,RB,14,221.9,138.3,1.8992593984375,5.971428571428572,35.142857142857146,36.142857142857146,41.142857142857146,38.642857142857146,36.142857142857146,0.3757517036830357,37,9
2018,00-0031062,James White,RB,16,233.10000000000002,135.8,1.8214400546875,6.08125,35.0,36.0,41.0,38.5,36.0,0.37529203808593753,38,10
2018,00-0033857,JuJu Smith-Schuster,WR,16,241.4,136.45000000000002,1.8008863984375005,6.559375,48.4375,49.4375,54.4375,51.9375,49.4375,0.4009281953125,39,9
2018,00-0027061,Jared Cook,TE,16,227.6,137.15,1.7672421953125002,5.653125,24.6875,25.6875,30.6875,28.1875,25.6875,0.39598593212890626,40,5
2018,00-0031503,Jameis Winston,QB,11,223.78,130.06,1.7172622578124999,8.52,24.0,25.0,30.0,27.5,25.0,0.3385376086647727,41,17
2018,00-0023682,Ryan Fitzpatrick,QB,8,189.84,123.75,1.6285750625,8.26125,24.0,25.0,30.0,27.5,25.0,0.32723246875,42,18
2018,00-0034857,Josh Allen,QB,12,230.86,116.30000000000001,1.6269396718749998,9.546666666666667,24.0,25.0,30.0,27.5,25.0,0.34023469401041667,43,19
2018,00-0032187,David Johnson,RB,16,221.6,124.85,1.6174904296875001,6.046875,34.6875,35.6875,40.6875,38.1875,35.6875,0.37389012841796876,44,11
2018,00-0030431,Robert Woods,WR,16,222.6,118.35000000000001,1.593299375,6.515625,48.6875,49.6875,54.6875,52.1875,49.6875,0.4019200869140625,45,10
2018,00-0031588,Stefon Diggs,WR,15,215.3,115.55,1.5702258828124998,6.65,48.8,49.8,54.8,52.3,49.8,0.39796263958333333,46,11
2018,00-0031235,Odell Beckham Jr.,WR,12,193.84,115.99000000000001,1.5374042968750001,6.487500000000001,49.0,50.0,55.0,52.5,50.0,0.39666533203124993,47,12
2018,00-0022803,Eli Manning,QB,16,261.96,116.51,1.51630875,9.090625,24.0,25.0,30.0,27.5,25.0,0.3397637763671875,48,20
2018,00-0034109,Phillip Lindsay,RB,15,205.3,113.85000000000001,1.5141872968749996,6.096666666666667,34.6,35.6,40.6,38.1,35.6,0.37469615260416667,49,12
2018,00-0033594,Chris Carson,RB,14,191.4,106.2,1.4946100781249998,6.085714285714286,34.92857142857143,35.92857142857143,40.92857142857143,38.42857142857143,35.92857142857143,0.3780465831473214,50,13
2018,00-0030279,Keenan Allen,WR,15,211.6,113.25,1.4507451796875,6.5566666666666675,48.733333333333334,49.733333333333334,54.733333333333334,52.233333333333334,49.733333333333334,0.4019135557291667,51,13
2018,00-0029608,T.Y. Hilton,WR,14,201.0,109.60000000000001,1.4284923203125002,6.528571428571429,48.357142857142854,49.357142857142854,54.357142857142854,51.857142857142854,49.357142857142854,0.39927880803571425,52,14
2018,00-0032392,Austin Hooper,TE,16,198.5,108.3,1.4071604218749998,5.6375,24.5625,25.5625,30.5625,28.0625,25.5625,0.3957870556640625,53,6
2018,00-0033556,Tarik Cohen,RB,16,198.44,103.49000000000001,1.395920078125,5.934375,34.8125,35.8125,40.8125,38.3125,35.8125,0.37456987646484374,54,14
2018,00-0032950,Carson Wentz,QB,11,207.16,107.82,1.3915804296874998,9.030909090909091,24.0,25.0,30.0,27.5,25.0,0.3402631328125,55,21
2018,00-0033951,Marlon Mack,RB,12,169.6,99.55000000000001,1.3872412578125002,5.8374999999999995,35.166666666666664,36.166666666666664,41.166666666666664,38.666666666666664,36.166666666666664,0.37425609244791663,56,15
2018,00-0031236,Brandin Cooks,WR,15,203.2,106.25,1.3744721953125,6.463333333333334,48.666666666666664,49.666666666666664,54.666666666666664,52.166666666666664,49.666666666666664,0.4012261375,57,15
2018,00-0028986,Case Keenum,QB,16,244.9,105.49,1.37013965625,8.713125,24.0,25.0,30.0,27.5,25.0,0.33625372021484373,58,22
2018,00-0033009,Tyler Boyd,WR,14,183.10000000000002,92.2,1.3029289531250001,6.492857142857143,48.57142857142857,49.57142857142857,54.57142857142857,52.07142857142857,49.57142857142857,0.39864337890624996,59,16
2018,00-0031280,Derek Carr,QB,16,236.26000000000002,97.76,1.2856381875,8.65625,24.0,25.0,30.0,27.5,25.0,0.33695193017578123,60,23
2018,00-0027981,Kyle Rudolph,TE,16,183.4,93.95,1.2727537890624998,5.590625,24.6875,25.6875,30.6875,28.1875,25.6875,0.39437008544921875,61,7
2018,00-0026498,Matthew Stafford,QB,16,234.18,95.78,1.261551140625,8.65,24.0,25.0,30.0,27.5,25.0,0.33818503271484374,62,24
2018,00-0027150,Julian Edelman,WR,12,170.42000000000002,93.12,1.2405166953125,6.441666666666667,47.75,48.75,53.75,51.25,48.75,0.405462171875,63,17
2018,00-0027973,Andy Dalton,QB,11,196.54,93.12,1.2253428515625,9.401818181818182,24.0,25.0,30.0,27.5,25.0,0.33516378124999996,64,25
2018,00-0032211,Tyler Lockett,WR,16,193.9,88.94999999999999,1.2077908593750002,6.559375,48.4375,49.4375,54.4375,51.9375,49.4375,0.4009281953125,65,18
2018,00-0032764,Derrick Henry,RB,16,193.86,96.61,1.205330171875,6.078125,34.875,35.875,40.875,38.375,35.875,0.3781012509765625,66,16
2018,00-0033881,Evan Engram,TE,11,148.8,87.5,1.1961151640625,5.572727272727273,24.727272727272727,25.727272727272727,30.727272727272727,28.227272727272727,25.727272727272727,0.3972164644886364,67,8
2018,00-0033118,Kenyan Drake,RB,16,179.70000000000002,82.4,1.168673234375,6.08125,35.0,36.0,41.0,38.5,36.0,0.37529203808593753,68,17
2018,00-0033885,David Njoku,TE,15,171.9,86.3,1.167579125,5.706666666666667,24.533333333333335,25.533333333333335,30.533333333333335,28.033333333333335,25.533333333333335,0.39488431875,69,9
2018,00-0025394,Adrian Peterson,RB,16,179.0,83.45,1.1660307343749996,5.971875,35.0625,36.0625,41.0625,38.5625,36.0625,0.3764572861328125,70,18
2018,00-0027685,Emmanuel Sanders,WR,12,162.72,84.97,1.1610427734375002,6.479166666666667,49.083333333333336,50.083333333333336,55.083333333333336,52.583333333333336,50.083333333333336,0.39660149153645835,71,19
2018,00-0030710,Trey Burton,TE,16,174.1,84.5,1.1371510312500002,5.6000000000000005,24.6875,25.6875,30.6875,28.1875,25.6875,0.3960648447265625,72,10
2018,00-0033879,O.J. Howard,TE,10,137.5,82.4,1.1311668828125006,5.51,24.8,25.8,30.8,28.3,25.8,0.39360863515625,73,11
2018,00-0034869,Sam Darnold,QB,13,198.10000000000002,84.89,1.1183299296875,8.708461538461538,24.0,25.0,30.0,27.5,25.0,0.3331833798076923,74,26
2018,00-0034791,Nick Chubb,RB,16,184.5,87.2,1.11250034375,6.08125,35.0,36.0,41.0,38.5,36.0,0.37529203808593753,75,19
2018,00-0033293,Aaron Jones,RB,12,158.4,88.39999999999999,1.1080993515625002,5.833333333333333,35.083333333333336,36.083333333333336,41.083333333333336,38.583333333333336,36.083333333333336,0.3698216953125,76,20
2018,00-0029615,Lamar Miller,RB,14,160.1,77.4,1.0794163828124996,5.9071428571428575,34.57142857142857,35.57142857142857,40.57142857142857,38.07142857142857,35.57142857142857,0.3730565401785714,77,21
2018,00-0032058,Tevin Coleman,RB,16,177.6,80.35,1.076005671875,6.078125,34.875,35.875,40.875,38.375,35.875,0.3781012509765625,78,22
2018,00-0033319,Nick Mullens,QB,8,143.48000000000002,82.03999999999999,1.0523086328124998,7.68,24.0,25.0,30.0,27.5,25.0,0.3415586865234375,79,27
2018,00-0027656,Rob Gronkowski,TE,13,154.70000000000002,79.15,1.0460537890625,5.811538461538461,24.76923076923077,25.76923076923077,30.76923076923077,28.26923076923077,25.76923076923077,0.3946617121394231,80,12
2018,00-0032780,Jordan Howard,RB,16,170.0,75.05000000000001,1.0307890468749998,5.934375,34.8125,35.8125,40.8125,38.3125,35.8125,0.37456987646484374,81,23
2018,00-0033932,Kenny Golladay,WR,15,172.1,74.8,1.0114495859375001,6.486666666666667,48.266666666666666,49.266666666666666,54.266666666666666,51.766666666666666,49.266666666666666,0.4020805770833333,82,20
2018,00-0031407,Blake Bortles,QB,13,195.22,76.87,1.0104277968750002,9.103846153846153,24.0,25.0,30.0,27.5,25.0,0.33144984074519235,83,28
2018,00-0030472,Jordan Reed,TE,13,146.8,73.85000000000001,0.9882128515624997,5.611538461538462,24.615384615384617,25.615384615384617,30.615384615384617,28.115384615384617,25.615384615384617,0.3941729735576923,84,13
2018,00-0034837,Calvin Ridley,WR,16,174.8,70.3,0.982702,6.53125,48.5625,49.5625,54.5625,52.0625,49.5625,0.40235114306640624,85,21
2018,00-0030470,Vance McDonald,TE,15,158.0,73.0,0.9754199062499999,5.666666666666667,24.733333333333334,25.733333333333334,30.733333333333334,28.233333333333334,25.733333333333334,0.3947890744791667,86,14
2018,00-0031544,Amari Cooper,WR,15,178.0,79.20000000000002,0.9743732734375001,6.586666666666668,48.46666666666667,49.46666666666667,54.46666666666667,51.96666666666667,49.46666666666667,0.40236415833333333,87,22
2018,00-0031382,Jarvis Landry,WR,16,176.62,71.12,0.9698882656250003,6.59375,48.375,49.375,54.375,51.875,49.375,0.4010206254882812,88,23
2018,00-0032268,Marcus Mariota,QB,14,191.42000000000002,76.21000000000001,0.963093171875,8.229285714285714,24.0,25.0,30.0,27.5,25.0,0.3372367924107143,89,29
2018,00-0027696,Jimmy Graham,TE,16,158.1,67.65,0.9214000781249998,5.653125,24.6875,25.6875,30.6875,28.1875,25.6875,0.39598593212890626,90,15
2018,00-0033893,Dalvin Cook,RB,11,132.0,64.75,0.9188907031249998,6.113636363636363,35.18181818181818,36.18181818181818,41.18181818181818,38.68181818181818,36.18181818181818,0.3815673089488636,91,24
2018,00-0029137,Alshon Jeffery,WR,13,152.8,68.5,0.9165997421874998,6.484615384615386,48.30769230769231,49.30769230769231,54.30769230769231,51.80769230769231,49.30769230769231,0.40324060757211544,92,24
2018,00-0027942,A.J. Green,WR,9,126.4,65.60000000000001,0.89991609375,6.755555555555556,49.44444444444444,50.44444444444444,55.44444444444444,52.94444444444444,50.44444444444444,0.3943171710069444,93,25
2018,00-0026158,Joe Flacco,QB,9,149.1,68.69999999999999,0.8903157734375,8.933333333333334,24.0,25.0,30.0,27.5,25.0,0.3279516640625,94,30
2018,00-0033699,Austin Ekeler,RB,14,149.3,65.45,0.8902504999999998,5.989285714285715,34.714285714285715,35.714285714285715,40.714285714285715,38.214285714285715,35.714285714285715,0.3781507712053572,95,25
2018,00-0033308,Matt Breida,RB,14,149.0,63.15000000000001,0.85096534375,6.132142857142857,34.857142857142854,35.857142857142854,40.857142857142854,38.357142857142854,35.857142857142854,0.3734358470982143,96,26
2018,00-0034349,Kerryon Johnson,RB,10,123.4,64.9,0.8375143828125,5.85,34.0,35.0,40.0,37.5,35.0,0.37056637734375003,97,27
2018,00-0033536,Mike Williams,WR,16,158.7,54.199999999999996,0.8268232812499998,6.53125,48.5625,49.5625,54.5625,52.0625,49.5625,0.40235114306640624,98,26
2018,00-0032209,T.J. Yeldon,RB,14,145.6,61.5,0.8253762812499998,6.007142857142858,34.642857142857146,35.642857142857146,40.642857142857146,38.142857142857146,35.642857142857146,0.3708543599330357,99,28
2018,00-0033908,Cooper Kupp,WR,8,115.10000000000001,62.150000000000006,0.806233703125,6.61875,49.375,50.375,55.375,52.875,50.375,0.40025680468749997,100,27
2018,00-0027966,Mark Ingram,RB,12,132.0,63.050000000000004,0.7978379374999998,5.745833333333334,35.833333333333336,36.833333333333336,41.833333333333336,39.333333333333336,36.833333333333336,0.3750032194010417,101,29
2018,00-0023436,Alex Smith,QB,10,148.0,63.19000000000001,0.7973273984375,8.481,24.0,25.0,30.0,27.5,25.0,0.33260505,102,31
2018,00-0033856,Leonard Fournette,RB,8,109.4,61.7,0.7954648203124998,5.9625,35.25,36.25,41.25,38.75,36.25,0.3724710458984375,103,30
2018,00-0029701,Ryan Tannehill,QB,11,160.46,54.129999999999995,0.7631550234374999,9.666363636363636,24.0,25.0,30.0,27.5,25.0,0.34239234090909093,104,32
2018,00-0034845,Sony Michel,RB,13,135.60000000000002,54.650000000000006,0.7443348671875001,6.226923076923077,34.92307692307692,35.92307692307692,40.92307692307692,38.42307692307692,35.92307692307692,0.37685139122596156,105,31
2018,00-0034766,Chris Herndon,TE,14,132.7,53.15,0.7236697109374998,5.682142857142857,24.714285714285715,25.714285714285715,30.714285714285715,28.214285714285715,25.714285714285715,0.3938407578125,106,16
2018,00-0030656,Isaiah Crowell,RB,13,130.20000000000002,51.70000000000001,0.7190362890624998,6.038461538461538,34.84615384615385,35.84615384615385,40.84615384615385,38.34615384615385,35.84615384615385,0.373996795673077,107,32
2018,00-0026189,DeSean Jackson,WR,12,130.8,54.2,0.7155163906250004,6.383333333333334,49.166666666666664,50.166666666666664,55.166666666666664,52.666666666666664,50.166666666666664,0.39803390364583335,108,28
2018,00-0033921,Chris Godwin Jr.,WR,16,155.70000000000002,52.35,0.7005314687499996,6.4593750000000005,48.5,49.5,54.5,52.0,49.5,0.4002923569335937,109,29
2018,00-0027891,Golden Tate,WR,15,145.9,47.199999999999996,0.6360208515625001,6.58,48.4,49.4,54.4,51.9,49.4,0.4001488427083333,110,30
2018,00-0033127,Will Fuller,WR,7,90.30000000000001,42.900000000000006,0.6308392812500003,6.771428571428572,50.142857142857146,51.142857142857146,56.142857142857146,53.642857142857146,51.142857142857146,0.3923627723214285,111,31
2018,00-0022921,Larry Fitzgerald,WR,16,151.18,45.93000000000001,0.6286436015625001,6.578125,48.625,49.625,54.625,52.125,49.625,0.3996003974609375,112,32
2018,00-0032741,Peyton Barber,RB,16,140.3,45.349999999999994,0.6256937890625001,5.934375,34.8125,35.8125,40.8125,38.3125,35.8125,0.37456987646484374,113,33
2018,00-0032009,Adam Humphries,WR,16,150.70000000000002,47.35,0.6073280624999999,6.4593750000000005,48.5,49.5,54.5,52.0,49.5,0.4002923569335937,114,33
2018,00-0029632,Mohamed Sanu,WR,16,149.4,44.9,0.6051792031250001,6.53125,48.5625,49.5625,54.5625,52.0625,49.5625,0.40235114306640624,115,34
2018,00-0032385,Sterling Shepard,WR,16,149.5,44.24999999999999,0.5935869140625001,6.578125,48.625,49.625,54.625,52.125,49.625,0.3996003974609375,116,35
2018,00-0025418,Greg Olsen,TE,9,93.60000000000001,46.25,0.5916343046875001,5.261111111111111,24.444444444444443,25.444444444444443,30.444444444444443,27.944444444444443,25.444444444444443,0.3962502456597222,117,17
2018,00-0033871,Corey Davis,WR,16,151.1,46.599999999999994,0.5836773828124999,6.53125,48.5625,49.5625,54.5625,52.0625,49.5625,0.40235114306640624,118,36
2018,00-0029293,Marvin Jones,WR,9,98.30000000000001,40.050000000000004,0.5708128437500001,6.472222222222222,49.0,50.0,55.0,52.5,50.0,0.3991361536458333,119,37
2018,00-0032426,Alex Collins,RB,10,101.10000000000001,41.7,0.5655478046874999,5.9399999999999995,33.4,34.4,39.4,36.9,34.4,0.37082117265625003,120,34
2018,00-0034365,Ian Thomas,TE,10,99.30000000000001,42.25,0.55972459375,5.705,24.7,25.7,30.7,28.2,25.7,0.39408164609375,121,18
2018,00-0033936,C.J. Beathard,QB,5,88.98,43.13,0.5497252734374998,9.17,24.0,25.0,30.0,27.5,25.0,0.33169249375,122,33
2018,00-0030181,Jack Doyle,TE,6,73.5,39.05,0.5321482343749999,5.741666666666667,24.666666666666668,25.666666666666668,30.666666666666668,28.166666666666668,25.666666666666668,0.39955916796875,123,19
2018,00-0029664,Josh Gordon,WR,12,118.2,41.5,0.5256277421875002,6.391666666666667,47.916666666666664,48.916666666666664,53.916666666666664,51.416666666666664,48.916666666666664,0.403478728515625,124,38
2018,00-0032688,Robbie Chosen,WR,14,131.4,37.550000000000004,0.5163784687499999,6.703571428571429,48.57142857142857,49.57142857142857,54.57142857142857,52.07142857142857,49.57142857142857,0.4009124637276785,125,39
2018,00-0030669,Albert Wilson,WR,7,83.78,36.03,0.5040696015625001,6.821428571428571,50.285714285714285,51.285714285714285,56.285714285714285,53.785714285714285,51.285714285714285,0.39380612946428567,126,40
2018,00-0033839,Dede Westbrook,WR,16,142.5,37.25,0.5017962578124999,6.578125,48.625,49.625,54.625,52.125,49.625,0.3996003974609375,127,41
2018,00-0029567,Nick Foles,QB,5,83.72,37.61,0.501397515625,9.222,24.0,25.0,30.0,27.5,25.0,0.3386651921875,128,34
2018,00-0032134,C.J. Uzomah,TE,16,126.4,36.35,0.5013692578124996,5.628125,24.6875,25.6875,30.6875,28.1875,25.6875,0.39509489697265626,129,20
2018,00-0034753,Mark Andrews,TE,16,124.2,34.75,0.4901550078125,5.590625,24.6875,25.6875,30.6875,28.1875,25.6875,0.39437008544921875,130,21
2018,00-0031325,Sammy Watkins,WR,10,95.10000000000001,30.650000000000006,0.48392934375000013,6.445,49.8,50.8,55.8,53.3,50.8,0.39601093671875,131,42
2018,00-0031428,Allen Robinson,WR,13,125.80000000000001,40.8,0.48187630468750003,6.538461538461538,48.61538461538461,49.61538461538461,54.61538461538461,52.11538461538461,49.61538461538461,0.40057412439903844,132,43
2018,00-0033282,Curtis Samuel,WR,13,119.3,36.849999999999994,0.48026735156250006,6.342307692307693,48.0,49.0,54.0,51.5,49.0,0.4050940841346154,133,44
2018,00-0028434,Doug Baldwin,WR,13,116.8,33.199999999999996,0.4564967031249999,6.430769230769231,48.30769230769231,49.30769230769231,54.30769230769231,51.80769230769231,49.30769230769231,0.40313511899038457,134,45
2018,00-0034367,Nyheim Hines,RB,16,129.4,32.65,0.4343995859374998,6.046875,34.6875,35.6875,40.6875,38.1875,35.6875,0.37389012841796876,135,35
2018,00-0025399,Marshawn Lynch,RB,6,71.5,31.700000000000003,0.43368034374999986,6.633333333333334,32.833333333333336,33.833333333333336,38.833333333333336,36.333333333333336,33.833333333333336,0.37610649999999995,136,36
2018,00-0028087,Dion Lewis,RB,16,131.20000000000002,33.95,0.4327123671874998,6.078125,34.875,35.875,40.875,38.375,35.875,0.3781012509765625,137,37
2018,00-0022943,Benjamin Watson,TE,13,104.5,29.900000000000002,0.42385845312500003,5.738461538461539,24.615384615384617,25.615384615384617,30.615384615384617,28.115384615384617,25.615384615384617,0.39548460817307696,138,22
2018,00-0027874,Demaryius Thomas,WR,15,127.2,28.85,0.4185582421875005,6.5566666666666675,48.666666666666664,49.666666666666664,54.666666666666664,52.166666666666664,49.666666666666664,0.3998943739583333,139,46
2018,00-0034796,Lamar Jackson,QB,16,163.54,24.129999999999995,0.4112651875,8.713125,24.0,25.0,30.0,27.5,25.0,0.33625372021484373,140,35
2018,00-0026176,Jordy Nelson,WR,15,125.2,25.4,0.4087690781250002,6.653333333333334,48.266666666666666,49.266666666666666,54.266666666666666,51.766666666666666,49.266666666666666,0.40094493958333327,141,47
2018,00-0034351,Dallas Goedert,TE,15,106.9,24.25,0.401110515625,5.510000000000001,24.733333333333334,25.733333333333334,30.733333333333334,28.233333333333334,25.733333333333334,0.39589731197916667,142,23
2018,00-0033891,Zay Jones,WR,16,137.2,31.699999999999996,0.3854384765625002,6.59375,48.375,49.375,54.375,51.875,49.375,0.4010206254882812,143,48
2018,00-0034827,DJ Moore,WR,16,131.5,28.099999999999998,0.37471870312500016,6.4625,48.375,49.375,54.375,51.875,49.375,0.4011063471679687,144,49
2018,00-0033295,Elijah McGuire,RB,8,76.4,28.849999999999998,0.3729846171874999,5.9437500000000005,36.875,37.875,42.875,40.375,37.875,0.382417734375,145,38
2018,00-0030513,Latavius Murray,RB,16,120.9,24.049999999999994,0.37125052343749987,6.0531250000000005,34.625,35.625,40.625,38.125,35.625,0.3754779584960938,146,39
2018,00-0031549,Nelson Agholor,WR,16,133.4,28.15,0.36894072656250027,6.578125,48.625,49.625,54.625,52.125,49.625,0.3996003974609375,147,50
2018,00-0034184,Gus Edwards,RB,11,88.80000000000001,25.85,0.3663220078125,5.722727272727273,35.36363636363637,36.36363636363637,41.36363636363637,38.86363636363637,36.36363636363637,0.3746187982954545,148,40
2018,00-0032063,Mike Davis,RB,15,119.8,29.950000000000003,0.3595362499999999,5.99,34.86666666666667,35.86666666666667,40.86666666666667,38.36666666666667,35.86666666666667,0.37492086458333335,149,41
2018,00-0031273,Cameron Brate,TE,15,107.89999999999999,25.7,0.3576236093749998,5.48,24.733333333333334,25.733333333333334,30.733333333333334,28.233333333333334,25.733333333333334,0.3969319229166667,150,24
2018,00-0034775,Christian Kirk,WR,12,102.0,24.149999999999995,0.34838221093750027,6.487500000000001,49.0,50.0,55.0,52.5,50.0,0.39666533203124993,151,51
2018,00-0033025,Jalen Richard,RB,16,122.60000000000001,26.1,0.34159459375000006,6.03125,34.875,35.875,40.875,38.375,35.875,0.375717744140625,152,42
2018,00-0034331,Jaylen Samuels,RB,9,76.5,24.350000000000005,0.33504635937500005,5.794444444444444,36.55555555555556,37.55555555555556,42.55555555555556,40.05555555555556,37.55555555555556,0.37606885416666663,153,43
2018,00-0027029,LeSean McCoy,RB,14,110.2,25.900000000000006,0.3323198749999999,6.021428571428571,35.07142857142857,36.07142857142857,41.07142857142857,38.57142857142857,36.07142857142857,0.37729302901785716,154,44
2018,00-0026300,Josh Johnson,QB,4,57.6,24.789999999999996,0.3300986484375,8.2025,24.0,25.0,30.0,27.5,25.0,0.344954740234375,155,36
2018,00-0029682,Brock Osweiler,QB,7,75.98,22.110000000000007,0.30474384374999997,7.695714285714287,24.0,25.0,30.0,27.5,25.0,0.33280988839285713,156,37
2018,00-0031345,Jimmy Garoppolo,QB,3,54.019999999999996,20.65,0.29943878124999995,11.123333333333333,24.0,25.0,30.0,27.5,25.0,0.33395394270833334,157,38
2018,00-0030549,Tyler Eifert,TE,4,46.400000000000006,21.4,0.29622296093750006,6.25,25.25,26.25,31.25,28.75,26.25,0.393944796875,158,25
2018,00-0032782,Wendell Smallwood,RB,15,105.4,15.500000000000004,0.2923683124999997,5.993333333333334,34.4,35.4,40.4,37.9,35.4,0.37153679739583334,159,45
2018,00-0032227,Jeff Heuerman,TE,11,86.6,24.8,0.285041765625,5.618181818181818,24.818181818181817,25.818181818181817,30.818181818181817,28.318181818181817,25.818181818181817,0.39229360227272725,160,26
2018,00-0032436,Jeff Driskel,QB,8,89.12,20.73,0.2798853671874999,8.54875,24.0,25.0,30.0,27.5,25.0,0.34718237890625003,161,39
2018,00-0032160,Tyrell Williams,WR,15,117.30000000000001,19.200000000000003,0.2641540781250001,6.540000000000001,48.733333333333334,49.733333333333334,54.733333333333334,52.233333333333334,49.733333333333334,0.40342217604166664,162,52
2018,00-0031051,John Brown,WR,16,122.9,17.75,0.2547213828125001,6.571875,48.6875,49.6875,54.6875,52.1875,49.6875,0.39955251708984374,163,53
2018,00-0032626,Geronimo Allison,WR,5,52.300000000000004,17.950000000000003,0.25020540625000004,6.87,49.8,50.8,55.8,53.3,50.8,0.38603453906249996,164,54
2018,00-0032141,Geoff Swaim,TE,9,69.2,18.35,0.24769632031249994,5.65,24.666666666666668,25.666666666666668,30.666666666666668,28.166666666666668,25.666666666666668,0.3932797717013889,165,27
2018,00-0033895,Gerald Everett,TE,15,103.10000000000001,20.499999999999996,0.24341565625,5.506666666666667,24.666666666666668,25.666666666666668,30.666666666666668,28.166666666666668,25.666666666666668,0.3928962609375,166,28
2018,00-0034343,Josh Rosen,QB,14,140.92000000000002,19.529999999999998,0.23484542968750008,8.670714285714286,24.0,25.0,30.0,27.5,25.0,0.33765040066964286,167,40
2018,00-0030085,Kenny Stills,WR,15,115.92,16.57,0.22739364843750026,6.623333333333334,48.4,49.4,54.4,51.9,49.4,0.4024627505208333,168,55
2018,00-0024221,Vernon Davis,TE,13,88.2,14.149999999999999,0.21199821874999997,5.696153846153846,24.692307692307693,25.692307692307693,30.692307692307693,28.192307692307693,25.692307692307693,0.39790001802884617,169,29
2018,00-0033658,Blake Jarwin,TE,13,89.19999999999999,16.45,0.20249140625000012,5.596153846153846,24.615384615384617,25.615384615384617,30.615384615384617,28.115384615384617,25.615384615384617,0.3951142572115384,170,30
2018,00-0029613,Doug Martin,RB,16,110.9,14.400000000000002,0.2007066640625002,6.03125,34.875,35.875,40.875,38.375,35.875,0.375717744140625,171,46
2018,00-0023564,Darren Sproles,RB,6,53.5,15.149999999999999,0.1958028593749998,6.391666666666667,36.333333333333336,37.333333333333336,42.333333333333336,39.833333333333336,37.333333333333336,0.38815683333333334,172,47
2018,00-0034159,Will Dissly,TE,4,39.6,14.599999999999998,0.19287096875000004,6.25,25.25,26.25,31.25,28.75,26.25,0.393944796875,173,31
2018,00-0031228,Taylor Gabriel,WR,16,118.4,15.049999999999997,0.19105281249999995,6.4593750000000005,48.5,49.5,54.5,52.0,49.5,0.4002923569335937,174,56
2018,00-0032135,Jesse James,TE,15,99.3,13.75,0.18653830468749977,5.703333333333333,24.733333333333334,25.733333333333334,30.733333333333334,28.233333333333334,25.733333333333334,0.39718378385416664,175,32
2018,00-0034510,Robert Foster,WR,11,85.6,11.199999999999996,0.1829403203124999,6.763636363636365,48.0,49.0,54.0,51.5,49.0,0.4006983288352272,176,57
2018,00-0034860,Dante Pettis,WR,12,90.0,10.850000000000003,0.1806906250000001,6.595833333333334,47.833333333333336,48.833333333333336,53.833333333333336,51.333333333333336,48.833333333333336,0.40133719856770833,177,58
2018,00-0031590,Jay Ajayi,RB,4,40.9,13.849999999999998,0.177586140625,6.7625,33.25,34.25,39.25,36.75,34.25,0.379175900390625,178,48
2018,00-0034577,Kyle Allen,QB,2,26.54,11.609999999999996,0.1705194296874999,7.465000000000001,24.0,25.0,30.0,27.5,25.0,0.31102316796875,179,41
2018,00-0029000,Cole Beasley,WR,16,117.7,13.2,0.16870695312499984,6.53125,48.5625,49.5625,54.5625,52.0625,49.5625,0.40235114306640624,180,59
2018,00-0032055,Devin Funchess,WR,14,100.9,10.699999999999998,0.16866592187500012,6.442857142857143,48.5,49.5,54.5,52.0,49.5,0.4026422315848214,181,60
2018,00-0032411,Kenneth Dixon,RB,6,51.400000000000006,13.05,0.16761752343749997,6.391666666666667,36.333333333333336,37.333333333333336,42.333333333333336,39.833333333333336,37.333333333333336,0.38815683333333334,182,49
2018,00-0031665,Zach Zenner,RB,7,53.6,11.149999999999999,0.16510724999999982,6.064285714285715,36.857142857142854,37.857142857142854,42.857142857142854,40.357142857142854,37.857142857142854,0.38095515736607144,183,50
2018,00-0031045,Carlos Hyde,RB,14,93.4,8.150000000000002,0.1637622421874998,6.089285714285714,34.57142857142857,35.57142857142857,40.57142857142857,38.07142857142857,35.57142857142857,0.37617106305803577,184,51
2018,00-0029854,C.J. Anderson,RB,9,64.9,9.950000000000001,0.16004310937500005,6.105555555555556,34.77777777777778,35.77777777777778,40.77777777777778,38.27777777777778,35.77777777777778,0.37896937760416666,185,52
2018,00-0030874,Damien Williams,RB,13,87.1,6.4499999999999975,0.1521770078125,6.203846153846154,35.23076923076923,36.23076923076923,41.23076923076923,38.73076923076923,36.23076923076923,0.3822806153846154,186,53
2018,00-0032977,Rashard Higgins,WR,13,98.7,11.600000000000001,0.14980544531249995,6.700000000000001,48.0,49.0,54.0,51.5,49.0,0.4033393557692308,187,61
2018,00-0028411,Dontrelle Inman,WR,8,62.4,11.799999999999997,0.1435515937500001,6.325,47.5,48.5,53.5,51.0,48.5,0.4031068857421875,188,62
2018,00-0028118,Tyrod Taylor,QB,4,45.42,10.870000000000001,0.14108131249999994,8.6375,24.0,25.0,30.0,27.5,25.0,0.323275626953125,189,42
2018,00-0034348,Courtland Sutton,WR,16,115.3,10.149999999999999,0.13782827343750015,6.571875,48.6875,49.6875,54.6875,52.1875,49.6875,0.39955251708984374,190,63
2018,00-0028064,Bilal Powell,RB,7,54.800000000000004,9.650000000000002,0.13668067187499988,6.45,33.0,34.0,39.0,36.5,34.0,0.3742932745535715,191,54
2018,00-0031299,Jordan Matthews,TE,11,72.0,10.700000000000001,0.13582375781249995,5.572727272727273,24.90909090909091,25.90909090909091,30.90909090909091,28.40909090909091,25.90909090909091,0.39296242471590914,192,33
2018,00-0034772,Antonio Callaway,WR,16,110.8,5.2999999999999945,0.13067803125000027,6.59375,48.375,49.375,54.375,51.875,49.375,0.4010206254882812,193,64
2018,00-0034366,Keke Coutee,WR,6,48.7,10.350000000000001,0.1255396640625,6.391666666666667,49.833333333333336,50.833333333333336,55.833333333333336,53.333333333333336,50.833333333333336,0.3986878541666667,194,65
2018,00-0025396,Ted Ginn,WR,5,44.0,8.25,0.12552077343750007,7.15,50.0,51.0,56.0,53.5,51.0,0.3937916671875,195,66
2018,00-0027681,Brandon LaFell,WR,4,31.5,9.3,0.12390784375000002,5.550000000000001,48.0,49.0,54.0,51.5,49.0,0.40690830664062494,196,67
2018,00-0023500,Frank Gore,RB,14,96.60000000000001,11.950000000000005,0.1225228281249996,6.046428571428572,35.0,36.0,41.0,38.5,36.0,0.3724565424107143,197,55
2018,00-0033725,Corey Clement,RB,11,70.10000000000001,5.349999999999999,0.11755429687500002,5.886363636363637,34.72727272727273,35.72727272727273,40.72727272727273,38.22727272727273,35.72727272727273,0.3732878849431818,198,56
2018,00-0032257,Duke Johnson,RB,16,108.5,11.200000000000001,0.10948887499999976,6.08125,35.0,36.0,41.0,38.5,36.0,0.37529203808593753,199,57
2018,00-0027688,Colt McCoy,QB,3,33.18,6.980000000000002,0.10779768750000002,8.733333333333333,24.0,25.0,30.0,27.5,25.0,0.3495585286458333,200,43
2018,00-0033948,Jamaal Williams,RB,16,100.9,4.4,0.10778161718749985,6.03125,34.875,35.875,40.875,38.375,35.875,0.375717744140625,201,58
2018,00-0030533,Matt Barkley,QB,1,17.080000000000002,9.860000000000003,0.10625522656249997,7.22,24.0,25.0,30.0,27.5,25.0,0.347401578125,202,44
2018,00-0033943,Josh Reynolds,WR,12,85.5,5.149999999999997,0.10427147656249974,6.695833333333334,49.0,50.0,55.0,52.5,50.0,0.4018300794270833,203,68
2018,00-0034838,Royce Freeman,RB,14,94.30000000000001,7.149999999999999,0.10176539062499984,6.2250000000000005,34.5,35.5,40.5,38.0,35.5,0.3778366964285715,204,59
2018,00-0030443,Levine Toilolo,TE,11,63.8,5.050000000000001,0.09832792187499989,5.340909090909091,24.636363636363637,25.636363636363637,30.636363636363637,28.136363636363637,25.636363636363637,0.3969674183238636,205,34
2018,00-0030404,Chris Thompson,RB,10,71.1,7.2,0.09440665624999983,6.390000000000001,35.1,36.1,41.1,38.6,36.1,0.38018071796875,206,60
2018,00-0026544,Chase Daniel,QB,4,34.2,4.010000000000003,0.09430578125000003,7.547499999999999,24.0,25.0,30.0,27.5,25.0,0.32820808007812496,207,45
2018,00-0033455,Anthony Firkser,TE,9,57.0,6.399999999999998,0.090242171875,5.622222222222223,24.444444444444443,25.444444444444443,30.444444444444443,27.944444444444443,25.444444444444443,0.4011353428819444,208,35
2018,00-0028002,Randall Cobb,WR,9,67.30000000000001,8.05,0.09014869531250008,6.583333333333333,47.888888888888886,48.888888888888886,53.888888888888886,51.388888888888886,48.888888888888886,0.39805986197916665,209,69
2018,00-0031941,Jamison Crowder,WR,9,68.3,5.749999999999998,0.088333703125,6.95,48.22222222222222,49.22222222222222,54.22222222222222,51.72222222222222,49.22222222222222,0.4011392274305556,210,70
2018,00-0033611,Ricky Seals-Jones,TE,15,91.3,7.15,0.0874849921875,5.61,24.733333333333334,25.733333333333334,30.733333333333334,28.233333333333334,25.733333333333334,0.39491801041666663,211,36
2018,00-0030068,Marquise Goodwin,WR,11,75.9,5.750000000000001,0.08714974999999991,6.377272727272728,48.45454545454545,49.45454545454545,54.45454545454545,51.95454545454545,49.45454545454545,0.40183472869318176,212,71
2018,00-0030456,Giovani Bernard,RB,12,78.4,4.399999999999995,0.0796887578124999,6.166666666666667,35.0,36.0,41.0,38.5,36.0,0.37849767252604166,213,61
2018,00-0024389,Delanie Walker,TE,1,11.2,5.75,0.07433482031250005,5.449999999999999,24.0,25.0,30.0,27.5,25.0,0.41393879687499996,214,37
2018,00-0033858,Jonnu Smith,TE,12,73.8,6.300000000000002,0.07032942968750028,5.625,24.583333333333332,25.583333333333332,30.583333333333332,28.083333333333332,25.583333333333332,0.39363733138020834,215,38
2018,00-0034353,Anthony Miller,WR,15,103.72000000000001,7.620000000000001,0.06758933593750016,6.406666666666667,48.333333333333336,49.333333333333336,54.333333333333336,51.833333333333336,49.333333333333336,0.4003581484375,216,72
2018,00-0030663,Willie Snead,WR,15,103.4,4.650000000000001,0.06055984374999995,6.583333333333333,48.86666666666667,49.86666666666667,54.86666666666667,52.36666666666667,49.86666666666667,0.400436975,217,73
2018,00-0034378,Ito Smith,RB,13,84.2,6.249999999999999,0.05942687499999988,5.996153846153846,34.84615384615385,35.84615384615385,40.84615384615385,38.34615384615385,35.84615384615385,0.37474369711538463,218,62
2018,00-0034457,Josh Adams,RB,13,78.4,1.8000000000000007,0.0555218437499998,5.892307692307693,35.15384615384615,36.15384615384615,41.15384615384615,38.65384615384615,36.15384615384615,0.3728706352163461,219,63
2018,00-0031257,Paul Richardson,WR,7,49.1,2.7500000000000013,0.048826789062500264,6.621428571428572,49.42857142857143,50.42857142857143,55.42857142857143,52.92857142857143,50.42857142857143,0.3939958482142857,220,74
2018,00-0034440,Justin Jackson,RB,9,53.6,-0.09999999999999876,0.046022703125000064,5.966666666666667,36.0,37.0,42.0,39.5,37.0,0.3777664965277778,221,64
2018,00-0027675,Ed Dickson,TE,9,51.2,2.049999999999998,0.04597696874999985,5.461111111111112,24.666666666666668,25.666666666666668,30.666666666666668,28.166666666666668,25.666666666666668,0.4001584704861111,222,39
2018,00-0034011,Dan Arnold,TE,7,39.0,2.299999999999998,0.045093093750000035,5.242857142857143,24.428571428571427,25.428571428571427,30.428571428571427,27.928571428571427,25.428571428571427,0.40019498883928567,223,40
2018,00-0029587,Rhett Ellison,TE,13,72.7,0.9499999999999975,0.044250320312500036,5.519230769230769,24.76923076923077,25.76923076923077,30.76923076923077,28.26923076923077,25.76923076923077,0.39389941105769233,224,41
2018,00-0032394,Nick Vannett,TE,15,88.4,3.999999999999999,0.03737518750000013,5.626666666666667,24.733333333333334,25.733333333333334,30.733333333333334,28.233333333333334,25.733333333333334,0.3959704578125,225,42
2018,00-0033589,David Moore,WR,14,88.0,-2.500000000000001,0.03276117187500022,6.464285714285714,48.142857142857146,49.142857142857146,54.142857142857146,51.642857142857146,49.142857142857146,0.40377606529017857,226,75
2018,00-0029141,Alfred Morris,RB,11,64.1,-1.299999999999999,0.03275824999999988,5.945454545454546,34.54545454545455,35.54545454545455,40.54545454545455,38.04545454545455,35.54545454545455,0.3738190276988636,227,65
2018,00-0033925,D'Onta Foreman,RB,1,9.7,2.4499999999999993,0.03129417968749998,7.25,35.0,36.0,41.0,38.5,36.0,0.40307596875,228,66
2018,00-0031577,Javorius Allen,RB,13,76.10000000000001,-1.2499999999999991,0.02759921093749984,5.950000000000001,34.23076923076923,35.23076923076923,40.23076923076923,37.73076923076923,35.23076923076923,0.3698597097355769,229,67
2018,00-0026986,Michael Crabtree,WR,16,105.7,0.5499999999999998,0.021907234375000084,6.571875,48.6875,49.6875,54.6875,52.1875,49.6875,0.39955251708984374,230,76
2018,00-0031418,Austin Seferian-Jenkins,TE,5,31.5,1.200000000000001,0.021432414062500127,6.0600000000000005,25.0,26.0,31.0,28.5,26.0,0.3904767609375,231,43
2018,00-0031339,Donte Moncrief,WR,16,108.8,3.5499999999999985,0.020934117187499934,6.578125,48.625,49.625,54.625,52.125,49.625,0.3996003974609375,232,77
2018,00-0034115,Jeff Wilson,RB,6,38.400000000000006,0.9500000000000011,0.014574304687499928,6.241666666666667,36.666666666666664,37.666666666666664,42.666666666666664,40.166666666666664,37.666666666666664,0.3832392682291667,233,68
2018,00-0034765,Tre'Quan Smith,WR,13,86.7,1.0,0.013574179687500021,6.592307692307693,48.61538461538461,49.61538461538461,54.61538461538461,52.11538461538461,49.61538461538461,0.40334462800480764,234,78
2018,00-0033564,Jake Butt,TE,3,20.5,1.1000000000000014,0.012117726562499986,6.466666666666666,25.0,26.0,31.0,28.5,26.0,0.396156953125,235,44
2018,00-0034339,Trey Quinn,WR,3,18.0,-0.05000000000000071,0.010780093749999997,6.016666666666667,48.666666666666664,49.666666666666664,54.666666666666664,52.166666666666664,49.666666666666664,0.3921516432291667,236,79
2018,00-0032634,David Grinnage,TE,3,15.1,-0.10000000000000053,0.00602999999999998,5.066666666666666,24.666666666666668,25.666666666666668,30.666666666666668,28.166666666666668,25.666666666666668,0.3850448359375,237,45
2018,00-0030854,Erik Swoope,TE,7,38.7,-0.3999999999999986,0.004776539062499807,5.585714285714286,24.571428571428573,25.571428571428573,30.571428571428573,28.071428571428573,25.571428571428573,0.3926726662946428,238,46
2018,00-0034258,Derrick Willies,WR,1,7.6000000000000005,0.2999999999999998,0.0039725000000000454,7.300000000000001,49.0,50.0,55.0,52.5,50.0,0.41232932812499995,239,80
2018,00-0030107,Theo Riddick,RB,14,86.0,-2.6645352591003757e-15,-0.0007526250000000623,6.142857142857143,35.142857142857146,36.142857142857146,41.142857142857146,38.642857142857146,36.142857142857146,0.37974340345982144,240,69
2018,00-0033104,Cody Kessler,QB,5,42.660000000000004,-0.7799999999999967,-0.0018569375000002109,8.687999999999999,24.0,25.0,30.0,27.5,25.0,0.35673411718750003,241,46
2018,00-0031744,Matt LaCosse,TE,13,67.0,-3.5999999999999988,-0.002344445312500054,5.43076923076923,24.615384615384617,25.615384615384617,30.615384615384617,28.115384615384617,25.615384615384617,0.3967208575721154,242,47
2018,00-0021547,Antonio Gates,TE,16,89.3,-0.9000000000000039,-0.0028489921874999546,5.6375,24.5625,25.5625,30.5625,28.0625,25.5625,0.3957870556640625,243,48
2018,00-0026035,Danny Amendola,WR,15,97.92,-0.6800000000000059,-0.005456945312499739,6.573333333333334,48.6,49.6,54.6,52.1,49.6,0.40023380833333333,244,81
2018,00-0031102,Kapri Bibbs,RB,10,53.8,-1.5999999999999996,-0.009080406249999895,5.54,34.6,35.6,40.6,38.1,35.6,0.3685909015625,245,70
2018,00-0033110,Tyler Higbee,TE,14,77.2,0.6499999999999986,-0.009268960937500015,5.4678571428571425,24.714285714285715,25.714285714285715,30.714285714285715,28.214285714285715,25.714285714285715,0.39265899051339287,246,49
2018,00-0031912,Cameron Meredith,WR,3,19.900000000000002,-1.1499999999999995,-0.009998804687499863,7.016666666666667,49.666666666666664,50.666666666666664,55.666666666666664,53.166666666666664,50.666666666666664,0.3944451848958333,247,82
2018,00-0033958,Nathan Peterman,QB,4,26.84,-1.0700000000000003,-0.01291871875000003,6.9775,24.0,25.0,30.0,27.5,25.0,0.320724623046875,248,47
2018,00-0033559,Michael Roberts,TE,8,41.5,-3.9999999999999996,-0.01749263281250024,5.6875,24.5,25.5,30.5,28.0,25.5,0.39560970800781253,249,50
2018,00-0030668,Charcandrick West,RB,2,10.600000000000001,-2.05,-0.024436750000000007,6.325,35.0,36.0,41.0,38.5,36.0,0.3951405078125,250,71
2018,00-0034509,Keith Ford,RB,2,11.5,-1.8999999999999995,-0.024623742187499964,6.7,36.0,37.0,42.0,39.5,37.0,0.377754609375,251,72
2018,00-0031285,Devonta Freeman,RB,2,11.600000000000001,-1.9500000000000002,-0.0257718359375001,6.775,35.0,36.0,41.0,38.5,36.0,0.38472537109375005,252,73
2018,00-0033742,Tyrone Swoopes,TE,1,3.8000000000000003,-2.2499999999999996,-0.027672382812500007,6.05,24.0,25.0,30.0,27.5,25.0,0.396218046875,253,51
2018,00-0027139,John Phillips,TE,2,8.3,-2.5000000000000004,-0.03153264062499994,5.4,24.0,25.0,30.0,27.5,25.0,0.38788317578125,254,52
2018,00-0029205,Travaris Cadet,RB,1,2.7,-2.7,-0.03448915625000004,5.4,35.0,36.0,41.0,38.5,36.0,0.387205046875,255,74
2018,00-0031569,Jeremy Langford,RB,1,2.5,-2.9000000000000004,-0.0369516875,5.4,35.0,36.0,41.0,38.5,36.0,0.387205046875,256,75
2018,00-0031301,Jeremy Hill,RB,1,3.6,-3.0500000000000003,-0.03769131250000002,6.65,35.0,36.0,41.0,38.5,36.0,0.38767093750000003,257,76
2018,00-0031326,Bruce Ellington,WR,7,44.1,-2.200000000000003,-0.038731648437499766,6.614285714285715,48.285714285714285,49.285714285714285,54.285714285714285,51.785714285714285,49.285714285714285,0.394767484375,258,83
2018,00-0034101,Matt Flanagan,TE,1,2.9000000000000004,-3.0,-0.03974251562500003,5.9,24.0,25.0,30.0,27.5,25.0,0.3977481953125,259,53
2018,00-0023645,Derek Anderson,QB,2,14.5,-3.1999999999999993,-0.04064875781249999,8.85,24.0,25.0,30.0,27.5,25.0,0.3356676015625,260,48
2018,00-0030414,Spencer Ware,RB,12,69.0,-3.700000000000003,-0.04088451562499995,6.058333333333334,34.5,35.5,40.5,38.0,35.5,0.37906168359375,261,77
2018,00-0031610,Darren Waller,TE,4,18.6,-4.100000000000001,-0.04111976562500008,5.675000000000001,24.5,25.5,30.5,28.0,25.5,0.402236228515625,262,54
2018,00-0031922,Khari Lee,TE,1,2.0,-3.6000000000000005,-0.042102710937499954,5.6000000000000005,26.0,27.0,32.0,29.5,27.0,0.387308328125,263,55
2018,00-0029091,Bradley Sowell,TE,2,7.7,-3.1000000000000005,-0.042157000000000056,5.4,24.5,25.5,30.5,28.0,25.5,0.3923634921875,264,56
2018,00-0031023,Quincy Enunwa,WR,11,67.9,-5.249999999999998,-0.043789843749999724,6.65,48.36363636363637,49.36363636363637,54.36363636363637,51.86363636363637,49.36363636363637,0.40120648508522727,265,84
2018,00-0030520,Mike Glennon,QB,2,10.96,-4.370000000000001,-0.04598598437500001,7.665000000000001,24.0,25.0,30.0,27.5,25.0,0.34111634375,266,49
2018,00-0033246,Johnny Mundt,TE,1,2.0,-3.9000000000000004,-0.05143429687499995,5.9,24.0,25.0,30.0,27.5,25.0,0.3977481953125,267,57
2018,00-0033854,Dare Ogunbowale,RB,1,0.0,-4.550000000000001,-0.052427148437500015,4.550000000000001,32.0,33.0,38.0,35.5,33.0,0.37022521875000003,268,78
2018,00-0031609,A.J. Derby,TE,3,15.3,-4.1,-0.05278057812499998,6.466666666666666,25.0,26.0,31.0,28.5,26.0,0.39275094270833333,269,58
2018,00-0031395,Garrett Gilbert,QB,1,1.6,-5.120000000000001,-0.059088804687500024,6.720000000000001,24.0,25.0,30.0,27.5,25.0,0.3019784609375,270,50
2018,00-0028091,Jeremy Kerley,WR,1,1.7000000000000002,-4.8,-0.05931964843750004,6.5,49.0,50.0,55.0,52.5,50.0,0.38949225000000004,271,85
2018,00-0028237,Chris Hogan,WR,15,88.7,-9.250000000000002,-0.059574937499999814,6.53,48.333333333333336,49.333333333333336,54.333333333333336,51.833333333333336,49.333333333333336,0.39987704114583333,272,86
2018,00-0033992,Lance Lenoir,WR,1,0.0,-5.15,-0.06018021093749998,5.15,51.0,52.0,57.0,54.5,52.0,0.40067703125,273,87
2018,00-0026197,Chad Henne,QB,1,1.46,-5.260000000000001,-0.06058340625,6.720000000000001,24.0,25.0,30.0,27.5,25.0,0.3019784609375,274,51
2018,00-0031462,Jerome Cunningham,TE,1,0.0,-4.9,-0.06085379687500003,4.9,24.0,25.0,30.0,27.5,25.0,0.37801815625,275,59
2018,00-0033896,Adam Shaheen,TE,5,20.3,-5.600000000000001,-0.06268123437499984,5.180000000000001,24.4,25.4,30.4,27.9,25.4,0.3994320171875,276,60
2018,00-0034317,Keith Kirkwood,WR,7,39.4,-5.150000000000002,-0.06337826562499999,6.364285714285715,47.0,48.0,53.0,50.5,48.0,0.4090214341517857,277,88
2018,00-0032098,Daniel Brown,TE,1,0.0,-4.95,-0.06446289062499999,4.95,24.0,25.0,30.0,27.5,25.0,0.385746828125,278,61
2018,00-0032117,Nick O'Leary,TE,6,26.599999999999998,-4.5500000000000025,-0.06587253906250012,5.191666666666667,24.5,25.5,30.5,28.0,25.5,0.39515348307291664,279,62
2018,00-0033955,Jeremy McNichols,RB,1,0.4,-5.9,-0.0665221640625,6.300000000000001,31.0,32.0,37.0,34.5,32.0,0.35158125,280,79
2018,00-0031782,Eli Rogers,WR,3,15.5,-5.000000000000001,-0.0671709921875,6.833333333333333,48.0,49.0,54.0,51.5,49.0,0.4071713359375,281,89
2018,00-0033798,Mason Schreck,TE,1,0.0,-5.3,-0.06858073437500006,5.3,24.0,25.0,30.0,27.5,25.0,0.37660461718750005,282,63
2018,00-0034830,Hayden Hurst,TE,9,41.8,-6.750000000000002,-0.06883865624999991,5.394444444444445,24.444444444444443,25.444444444444443,30.444444444444443,27.944444444444443,25.444444444444443,0.39246749739583336,283,64
2018,00-0033581,De'Angelo Henderson Sr.,RB,1,-0.09999999999999987,-5.5,-0.06888579687500002,5.4,35.0,36.0,41.0,38.5,36.0,0.387205046875,284,80
2018,00-0030432,Christine Michael,RB,1,0.9,-5.75,-0.06981775781249999,6.65,35.0,36.0,41.0,38.5,36.0,0.38767093750000003,285,81
2018,00-0033217,Mo Alie-Cox,TE,8,35.800000000000004,-5.85,-0.0699031484375,5.20625,24.625,25.625,30.625,28.125,25.625,0.3914072578125,286,65
2018,00-0034710,Darvin Kidsy,WR,1,1.3,-5.500000000000001,-0.06992116406249999,6.800000000000001,49.0,50.0,55.0,52.5,50.0,0.39442466406250004,287,90
2018,00-0034521,Allen Lazard,WR,1,1.2000000000000002,-5.6000000000000005,-0.0712287109375001,6.800000000000001,49.0,50.0,55.0,52.5,50.0,0.39442466406250004,288,91
2018,00-0031884,Gabe Holmes,TE,1,0.0,-6.05,-0.07297913281249996,6.05,24.0,25.0,30.0,27.5,25.0,0.396218046875,289,66
2018,00-0033112,Temarrick Hemingway,TE,1,0.0,-5.9,-0.07680778124999993,5.9,24.0,25.0,30.0,27.5,25.0,0.3977481953125,290,67
2018,00-0031599,Cameron Artis-Payne,RB,4,15.9,-7.350000000000001,-0.07794381250000004,5.8125,34.75,35.75,40.75,38.25,35.75,0.387467984375,291,82
2018,00-0033466,Isaiah McKenzie,WR,8,45.5,-6.850000000000002,-0.07892290624999992,6.54375,46.875,47.875,52.875,50.375,47.875,0.404535802734375,292,92
2018,00-0026901,Mike Wallace,WR,1,0.0,-6.5,-0.0793450937500001,6.5,49.0,50.0,55.0,52.5,50.0,0.38949225000000004,293,93
2018,00-0030737,Freddie Martino,WR,1,0.0,-6.5,-0.0793450937500001,6.5,49.0,50.0,55.0,52.5,50.0,0.38949225000000004,294,94
2018,00-0033773,Riley McCarron,WR,1,0.0,-6.5,-0.0793450937500001,6.5,49.0,50.0,55.0,52.5,50.0,0.38949225000000004,295,95
2018,00-0028825,Terrelle Pryor,WR,8,45.1,-7.850000000000001,-0.08098710156249989,6.61875,49.375,50.375,55.375,52.875,50.375,0.40025680468749997,296,96
2018,00-0032508,Hakeem Valles,TE,2,4.1,-6.949999999999999,-0.084297796875,5.525,25.0,26.0,31.0,28.5,26.0,0.4006235625,297,68
2018,00-0027057,Brandon Tate,WR,1,0.0,-7.25,-0.08480699218750004,7.25,51.0,52.0,57.0,54.5,52.0,0.399305484375,298,97
2018,00-0034593,Chris Lacy,WR,1,0.0,-6.800000000000001,-0.08572510156250007,6.800000000000001,49.0,50.0,55.0,52.5,50.0,0.39442466406250004,299,98
2018,00-0032935,Johnny Holton,WR,1,0.0,-6.4,-0.08816428124999992,6.4,46.0,47.0,52.0,49.5,47.0,0.38628564843749996,300,99
2018,00-0034414,Boston Scott,RB,1,0.0,-7.25,-0.08832585937499998,7.25,35.0,36.0,41.0,38.5,36.0,0.40307596875,301,83
2018,00-0033471,Isaiah Ford,WR,1,0.0,-6.9,-0.08881995312499996,6.9,45.0,46.0,51.0,48.5,46.0,0.41282288281249996,302,100
2018,00-0034256,Da'Mari Scott,WR,1,0.0,-6.15,-0.08929763281250003,6.15,46.0,47.0,52.0,49.5,47.0,0.40891495312500004,303,101
2018,00-0033597,Chad Kelly,QB,1,-0.1,-8.33,-0.08969591406249999,8.23,24.0,25.0,30.0,27.5,25.0,0.316500578125,304,52
2018,00-0021206,Josh McCown,QB,4,28.759999999999998,-9.45,-0.09006821875000004,9.5525,24.0,25.0,30.0,27.5,25.0,0.364254416015625,305,53
2018,00-0032120,Neal Sterling,TE,4,13.7,-6.949999999999999,-0.09260775000000004,5.1625,24.5,25.5,30.5,28.0,25.5,0.392268326171875,306,69
2018,00-0033387,Jacob Hollister,TE,3,11.2,-8.0,-0.09296960937500015,6.400000000000001,24.333333333333332,25.333333333333332,30.333333333333332,27.833333333333332,25.333333333333332,0.397879734375,307,70
2018,00-0032208,Phillip Dorsett,WR,11,65.9,-6.950000000000002,-0.09734651562499991,6.622727272727274,48.81818181818182,49.81818181818182,54.81818181818182,52.31818181818182,49.81818181818182,0.4010655759943182,308,102
2018,00-0031545,Kevin White,WR,3,11.200000000000001,-7.450000000000001,-0.09813346093749997,6.216666666666668,49.0,50.0,55.0,52.5,50.0,0.3919897760416666,309,103
2018,00-0026345,Pierre Garcon,WR,8,46.6,-6.550000000000001,-0.09823828906249998,6.643750000000001,49.875,50.875,55.875,53.375,50.875,0.3975054482421875,310,104
2018,00-0032393,C.J. Prosise,RB,2,3.4000000000000004,-8.8,-0.1025768749999999,6.1,35.0,36.0,41.0,38.5,36.0,0.38146105078125,311,84
2018,00-0032475,Tanner McEvoy,WR,1,0.0,-7.95,-0.10397040625000004,7.95,52.0,53.0,58.0,55.5,53.0,0.39028546875,312,105
2018,00-0027531,Chris Ivory,RB,13,68.0,-10.899999999999999,-0.10468808593750034,6.06923076923077,34.61538461538461,35.61538461538461,40.61538461538461,38.11538461538461,35.61538461538461,0.37553176141826927,313,85
2018,00-0030108,Ryan Griffin,TE,13,66.5,-9.200000000000003,-0.10507714843750005,5.823076923076924,24.615384615384617,25.615384615384617,30.615384615384617,28.115384615384617,25.615384615384617,0.3955135997596154,314,71
2018,00-0034426,Javon Wims,WR,2,5.2,-8.850000000000001,-0.10571205468750011,7.025,50.0,51.0,56.0,53.5,51.0,0.39686507421875006,315,106
2018,00-0027325,LeGarrette Blount,RB,16,81.5,-14.45,-0.1069434765625002,5.996875,35.0,36.0,41.0,38.5,36.0,0.37531871142578127,316,86
2018,00-0029129,Rod Streater,WR,1,-1.1,-8.4,-0.10825551562499991,7.300000000000001,49.0,50.0,55.0,52.5,50.0,0.41232932812499995,317,107
2018,00-0034270,Tyler Conklin,TE,4,15.200000000000001,-8.7,-0.11084099218749982,5.975,25.25,26.25,31.25,28.75,26.25,0.40964768749999997,318,72
2018,00-0026213,Jamaal Charles,RB,2,2.4,-8.85,-0.11142441406250003,5.625,33.0,34.0,39.0,36.5,34.0,0.36660618359375,319,87
2018,00-0034301,Darrel Williams,RB,4,14.6,-9.850000000000003,-0.11481520312499993,6.112500000000001,37.0,38.0,43.0,40.5,38.0,0.3845485234375,320,88
2018,00-0033696,Sean Culkin,TE,2,3.9000000000000004,-9.0,-0.11493292968750002,6.45,24.5,25.5,30.5,28.0,25.5,0.401238734375,321,73
2018,00-0031384,Richard Rodgers,TE,2,2.2,-8.25,-0.11555375781249999,5.2250000000000005,24.5,25.5,30.5,28.0,25.5,0.4021684765625,322,74
2018,00-0032792,Nate Sudfeld,QB,2,4.68,-10.250000000000002,-0.11567345312499999,7.465000000000001,24.0,25.0,30.0,27.5,25.0,0.31102316796875,323,54
2018,00-0029677,Brandon Weeden,QB,1,-0.1,-9.67,-0.11731194531249997,9.57,24.0,25.0,30.0,27.5,25.0,0.33510498437499997,324,55
2018,00-0032980,Marcus Johnson,WR,4,19.0,-8.600000000000001,-0.11832755468749989,6.9,50.25,51.25,56.25,53.75,51.25,0.393677318359375,325,108
2018,00-0032054,Breshad Perriman,WR,10,54.2,-9.250000000000002,-0.11842567968749984,6.345000000000001,47.2,48.2,53.2,50.7,48.2,0.40618430156249996,326,109
2018,00-0034369,Kyle Lauletta,QB,1,-0.2,-10.96,-0.12354620312500003,10.760000000000002,24.0,25.0,30.0,27.5,25.0,0.39560781250000004,327,56
2018,00-0034201,De'Lance Turner,RB,2,3.1,-10.100000000000001,-0.12380553124999999,6.6000000000000005,33.0,34.0,39.0,36.5,34.0,0.36668052734375,328,89
2018,00-0031075,Alfred Blue,RB,16,87.30000000000001,-9.549999999999997,-0.12463264062500012,6.0531250000000005,34.625,35.625,40.625,38.125,35.625,0.3754779584960938,329,90
2018,00-0034631,Vyncint Smith,WR,4,17.6,-9.75,-0.12668029687500004,6.8375,49.0,50.0,55.0,52.5,50.0,0.39344801171875,330,110
2018,00-0031373,Martavis Bryant,WR,7,36.400000000000006,-10.05,-0.12760167187499988,6.635714285714286,49.42857142857143,50.42857142857143,55.42857142857143,52.92857142857143,50.42857142857143,0.4017945982142857,331,111
2018,00-0029738,Darren Fells,TE,10,46.2,-9.3,-0.1281069453125001,5.55,24.5,25.5,30.5,28.0,25.5,0.38875994765625,332,75
2018,00-0034273,Damion Ratley,WR,5,20.900000000000002,-9.8,-0.12894954687499988,6.140000000000001,48.4,49.4,54.4,51.9,49.4,0.40182838906249996,333,112
2018,00-0028097,Lee Smith,TE,9,40.3,-11.000000000000002,-0.1289865624999999,5.7,24.666666666666668,25.666666666666668,30.666666666666668,28.166666666666668,25.666666666666668,0.4033029210069444,334,76
2018,00-0031585,MyCole Pruitt,TE,7,29.7,-9.400000000000002,-0.12903556249999998,5.585714285714286,24.571428571428573,25.571428571428573,30.571428571428573,28.071428571428573,25.571428571428573,0.40146846763392857,335,77
2018,00-0030288,Rex Burkhead,RB,8,42.7,-9.700000000000003,-0.12951030468750013,6.550000000000001,35.25,36.25,41.25,38.75,36.25,0.3868436953125,336,91
2018,00-0032540,Tra Carson,RB,2,0.0,-11.65,-0.13211133593749996,5.825,36.5,37.5,42.5,40.0,37.5,0.37746071484375,337,92
2018,00-0029640,Brian Quick,WR,2,3.3000000000000003,-10.55,-0.13422122656250002,6.925000000000001,50.5,51.5,56.5,54.0,51.5,0.40185152343749997,338,113
2018,00-0033049,Darius Jackson,RB,2,1.6,-11.05,-0.13650155468750003,6.325,35.0,36.0,41.0,38.5,36.0,0.3951405078125,339,93
2018,00-0033117,Bronson Kaufusi,TE,2,0.0,-10.8,-0.13766157812499996,5.4,24.0,25.0,30.0,27.5,25.0,0.38788317578125,340,78
2018,00-0032791,Jakeem Grant,WR,10,49.8,-15.000000000000002,-0.13883355468749997,6.4799999999999995,49.3,50.3,55.3,52.8,50.3,0.39835991015624994,341,114
2018,00-0030525,Tavon Austin,WR,7,35.5,-13.350000000000001,-0.13935032031249994,6.978571428571429,50.142857142857146,51.142857142857146,56.142857142857146,53.642857142857146,51.142857142857146,0.3927016651785714,342,115
2018,00-0034512,Cam Phillips,WR,2,1.4,-10.45,-0.1397308203124999,5.925000000000001,49.0,50.0,55.0,52.5,50.0,0.39077233203124995,343,116
2018,00-0034614,Godwin Igwebuike,RB,2,0.0,-11.8,-0.1407530078125,5.9,33.5,34.5,39.5,37.0,34.5,0.38665059375,344,94
2018,00-0033474,Gehrig Dieter,WR,2,2.7,-11.0,-0.1414903125,6.8500000000000005,47.0,48.0,53.0,50.5,48.0,0.4036237734375,345,117
2018,00-0032760,Josh Doctson,WR,15,87.2,-8.9,-0.14214557812499978,6.406666666666667,48.333333333333336,49.333333333333336,54.333333333333336,51.833333333333336,49.333333333333336,0.4003581484375,346,118
2018,00-0030578,Cordarrelle Patterson,RB,15,82.0,-9.899999999999999,-0.14383977343749987,6.126666666666667,35.0,36.0,41.0,38.5,36.0,0.3744978375,347,95
2018,00-0031344,Cody Latimer,WR,6,30.5,-11.350000000000001,-0.14496692968750013,6.9750000000000005,50.0,51.0,56.0,53.5,51.0,0.39257520572916665,348,119
2018,00-0028093,Niles Paul,TE,6,24.5,-11.85,-0.14548820312500016,6.058333333333334,24.833333333333332,25.833333333333332,30.833333333333332,28.333333333333332,25.833333333333332,0.39143364192708335,349,79
2018,00-0034653,Deontay Burnett,WR,5,19.300000000000004,-12.3,-0.14709792187499993,6.32,48.6,49.6,54.6,52.1,49.6,0.4035088796875,350,120
2018,00-0031288,AJ McCarron,QB,2,0.12,-12.069999999999999,-0.1475809531249999,6.095,24.0,25.0,30.0,27.5,25.0,0.31782454296874996,351,57
2018,00-0032794,Danny Vitale,RB,2,0.7,-11.95,-0.14793767187500007,6.325,35.0,36.0,41.0,38.5,36.0,0.3951405078125,352,96
2018,00-0032423,Trevor Davis,WR,2,0.0,-11.55,-0.1483444921874999,5.775,48.5,49.5,54.5,52.0,49.5,0.39348133984375,353,121
2018,00-0030542,Terrance Williams,WR,2,2.8000000000000003,-11.65,-0.14938042968750015,7.225,50.5,51.5,56.5,54.0,51.5,0.389888859375,354,122
2018,00-0034309,Chad Beebe,WR,3,5.9,-12.200000000000001,-0.14945114062499992,6.033333333333334,49.0,50.0,55.0,52.5,50.0,0.41408403385416664,355,123
2018,00-0033441,Keon Hatcher,WR,2,1.3,-11.600000000000001,-0.1503155937500001,6.45,47.5,48.5,53.5,51.0,48.5,0.38788894921875,356,124
2018,00-0027854,Sam Bradford,QB,3,20.700000000000003,-12.669999999999998,-0.15039964843749995,11.123333333333333,24.0,25.0,30.0,27.5,25.0,0.33395394270833334,357,58
2018,00-0023662,Matt Cassel,QB,2,3.66,-13.48,-0.15211775781249995,8.57,24.0,25.0,30.0,27.5,25.0,0.3300600625,358,59
2018,00-0033307,Kendrick Bourne,WR,16,93.7,-11.8,-0.15448624218750007,6.59375,48.375,49.375,54.375,51.875,49.375,0.4010206254882812,359,125
2018,00-0034073,Ross Dwelley,TE,3,4.4,-12.700000000000001,-0.15659613281250007,5.7,24.333333333333332,25.333333333333332,30.333333333333332,27.833333333333332,25.333333333333332,0.3989105807291667,360,80
2018,00-0034750,Rashaad Penny,RB,13,65.9,-10.3,-0.1597142109375001,5.861538461538462,34.69230769230769,35.69230769230769,40.69230769230769,38.19230769230769,35.69230769230769,0.3749380679086538,361,97
2018,00-0031166,Seth Roberts,WR,15,84.4,-14.050000000000002,-0.16041985937499997,6.5633333333333335,48.4,49.4,54.4,51.9,49.4,0.4028766921875,362,126
2018,00-0026898,Mark Sanchez,QB,2,6.32,-13.66,-0.16083578906249996,9.99,24.0,25.0,30.0,27.5,25.0,0.38260383984375,363,60
2018,00-0029273,Robert Turbin,RB,2,-0.19999999999999996,-13.0,-0.16171369531250002,6.4,33.5,34.5,39.5,37.0,34.5,0.375789125,364,98
2018,00-0033080,Seth DeValve,TE,7,20.900000000000002,-15.299999999999999,-0.16403507812499996,5.171428571428572,24.285714285714285,25.285714285714285,30.285714285714285,27.785714285714285,25.285714285714285,0.3876402053571429,365,81
2018,00-0032562,Cole Wick,TE,2,0.0,-11.85,-0.16407539843750002,5.925,25.5,26.5,31.5,29.0,26.5,0.38403900390625,366,82
2018,00-0031598,Nick Boyle,TE,12,55.8,-11.0,-0.1650255312500002,5.566666666666666,24.75,25.75,30.75,28.25,25.75,0.3905725690104167,367,83
2018,00-0032371,Rob Kelley,RB,2,0.8,-13.05,-0.1665379609375,6.925000000000001,33.5,34.5,39.5,37.0,34.5,0.3916712734375,368,99
2018,00-0033460,John Ross,WR,13,74.4,-10.850000000000005,-0.16719142968750017,6.5576923076923075,48.38461538461539,49.38461538461539,54.38461538461539,51.88461538461539,49.38461538461539,0.4008088125,369,127
2018,00-0027996,Torrey Smith,WR,8,41.5,-13.350000000000001,-0.1684727109375,6.85625,49.875,50.875,55.875,53.375,50.875,0.3962420595703125,370,128
2018,00-0034272,Marquez Valdes-Scantling,WR,16,92.0,-12.950000000000001,-0.17098024218750008,6.559375,48.4375,49.4375,54.4375,51.9375,49.4375,0.4009281953125,371,129
2018,00-0034427,Dave Williams,RB,3,3.6000000000000005,-13.3,-0.17373788281250013,5.633333333333333,35.333333333333336,36.333333333333336,41.333333333333336,38.833333333333336,36.333333333333336,0.36768407291666666,372,100
2018,00-0030422,Dion Sims,TE,3,3.9,-12.549999999999999,-0.1740883749999999,5.483333333333333,25.0,26.0,31.0,28.5,26.0,0.39442646875000004,373,84
2018,00-0031687,Raheem Mostert,RB,8,35.6,-12.95,-0.1748418750000001,6.06875,33.875,34.875,39.875,37.375,34.875,0.3733006572265625,374,101
2018,00-0033060,Leonte Carroo,WR,5,17.8,-14.600000000000001,-0.17555524999999994,6.480000000000001,47.2,48.2,53.2,50.7,48.2,0.406393284375,375,130
2018,00-0034808,John Kelly,RB,4,11.100000000000001,-13.75,-0.17579406250000007,6.2125,36.0,37.0,42.0,39.5,37.0,0.3830199921875,376,102
2018,00-0029689,Dwayne Allen,TE,4,7.2,-14.6,-0.17623503906249988,5.45,24.5,25.5,30.5,28.0,25.5,0.395225267578125,377,85
2018,00-0028497,Kamar Aiken,WR,3,8.3,-13.399999999999999,-0.17704054687499987,7.233333333333333,50.666666666666664,51.666666666666664,56.666666666666664,54.166666666666664,51.666666666666664,0.38709723177083327,378,131
2018,00-0033567,Brian Hill,RB,5,15.1,-14.75,-0.1776458828125,5.970000000000001,36.4,37.4,42.4,39.9,37.4,0.3798660921875,379,103
2018,00-0031787,Jake Kumerow,WR,5,20.3,-14.000000000000002,-0.18233278906250006,6.860000000000001,47.0,48.0,53.0,50.5,48.0,0.4092890515625,380,132
2018,00-0032115,Kaelin Clay,WR,2,0.0,-14.45,-0.18331550000000013,7.225,50.5,51.5,56.5,54.0,51.5,0.389888859375,381,133
2018,00-0034307,Janarion Grant,WR,2,0.0,-14.45,-0.18331550000000013,7.225,50.5,51.5,56.5,54.0,51.5,0.389888859375,382,134
2018,00-0033899,DeShone Kizer,QB,3,9.38,-17.03,-0.18791557031250006,8.803333333333335,24.0,25.0,30.0,27.5,25.0,0.34587950781250004,383,61
2018,00-0034532,Jordan Franks,TE,4,6.7,-14.4,-0.19028280468750003,5.275,25.0,26.0,31.0,28.5,26.0,0.395595900390625,384,86
2018,00-0032355,Chester Rogers,WR,16,90.60000000000001,-14.650000000000002,-0.19176421874999988,6.578125,48.625,49.625,54.625,52.125,49.625,0.3996003974609375,385,135
2018,00-0031558,Maxx Williams,TE,10,45.1,-13.5,-0.1925695859374999,5.86,24.7,25.7,30.7,28.2,25.7,0.3957395828125,386,87
2018,00-0034383,Dalton Schultz,TE,8,29.6,-14.800000000000004,-0.1949426015625001,5.550000000000001,24.375,25.375,30.375,27.875,25.375,0.3978173935546875,387,88
2018,00-0033968,Stacy Coley,WR,2,0.0,-14.45,-0.19657501562499996,7.225,50.5,51.5,56.5,54.0,51.5,0.38099310546875,388,136
2018,00-0028112,Charles Clay,TE,11,47.9,-14.450000000000001,-0.19745574999999999,5.668181818181818,24.818181818181817,25.818181818181817,30.818181818181817,28.318181818181817,25.818181818181817,0.39331306392045456,389,89
2018,00-0028903,Garrett Celek,TE,8,28.5,-18.15,-0.20236398437499997,5.83125,24.875,25.875,30.875,28.375,25.875,0.3954286982421875,390,90
2018,00-0034489,Jalen Tolliver,WR,3,5.2,-15.400000000000002,-0.20484380468750002,6.866666666666667,47.0,48.0,53.0,50.5,48.0,0.41306590364583334,391,137
2018,00-0033526,Samaje Perine,RB,4,5.2,-16.55,-0.20652125000000016,5.4375,34.5,35.5,40.5,38.0,35.5,0.378268296875,392,104
2018,00-0030780,Ryan Hewitt,TE,4,7.6,-15.950000000000001,-0.20709828125000002,5.8875,24.0,25.0,30.0,27.5,25.0,0.38578957812500003,393,91
2018,00-0034764,Michael Gallup,WR,15,81.2,-17.150000000000002,-0.20922250781249985,6.5566666666666675,48.733333333333334,49.733333333333334,54.733333333333334,52.233333333333334,49.733333333333334,0.4019135557291667,394,138
2018,00-0024334,Brandon Marshall,WR,6,25.1,-16.95,-0.21428741406250001,7.008333333333334,50.333333333333336,51.333333333333336,56.333333333333336,53.833333333333336,51.333333333333336,0.3924144986979166,395,139
2018,00-0033757,Robert Tonyan,TE,7,19.7,-15.750000000000002,-0.21695443750000004,5.064285714285715,24.571428571428573,25.571428571428573,30.571428571428573,28.071428571428573,25.571428571428573,0.3957618727678572,396,92
2018,00-0028042,Luke Stocker,TE,12,51.0,-17.150000000000002,-0.21865630468750002,5.679166666666667,24.583333333333332,25.583333333333332,30.583333333333332,28.083333333333332,25.583333333333332,0.39663324348958334,397,93
2018,00-0029665,Robert Griffin III,QB,2,0.84,-19.14,-0.2229051796875,9.99,24.0,25.0,30.0,27.5,25.0,0.38260383984375,398,62
2018,00-0034747,Marcell Ateman,WR,7,28.9,-16.950000000000003,-0.22492196875000003,6.55,47.42857142857143,48.42857142857143,53.42857142857143,50.92857142857143,48.42857142857143,0.4047725625,399,140
2018,00-0034867,Malik Turner,WR,3,3.0000000000000004,-16.450000000000003,-0.22689470312499993,6.483333333333334,45.666666666666664,46.666666666666664,51.666666666666664,49.166666666666664,46.666666666666664,0.40267449479166667,400,141
2018,00-0030147,Russell Shepard,WR,8,35.800000000000004,-18.200000000000003,-0.2286962421874999,6.75,48.25,49.25,54.25,51.75,49.25,0.40284114550781247,401,142
2018,00-0034646,Brandon Powell,WR,6,18.8,-18.75,-0.23041594531249993,6.258333333333334,47.5,48.5,53.5,51.0,48.5,0.40807836718749996,402,143
2018,00-0031237,Teddy Bridgewater,QB,4,9.219999999999999,-21.830000000000002,-0.23421171875000002,7.7625,24.0,25.0,30.0,27.5,25.0,0.33677266796875,403,63
2018,00-0031731,Corey Grant,RB,5,15.200000000000001,-18.700000000000003,-0.2353225234375002,6.779999999999999,33.0,34.0,39.0,36.5,34.0,0.3773681109375,404,105
2018,00-0033911,Taywan Taylor,WR,13,69.1,-18.350000000000005,-0.23558953125000015,6.726923076923077,48.76923076923077,49.76923076923077,54.76923076923077,52.26923076923077,49.76923076923077,0.40203760336538463,405,144
2018,00-0030216,Josh Hill,TE,12,48.5,-19.4,-0.2415014218749999,5.658333333333334,24.666666666666668,25.666666666666668,30.666666666666668,28.166666666666668,25.666666666666668,0.39720844791666665,406,94
2018,00-0032707,Andy Jones,WR,6,19.5,-19.700000000000003,-0.24263412499999987,6.533333333333334,47.166666666666664,48.166666666666664,53.166666666666664,50.666666666666664,48.166666666666664,0.4072181171875,407,145
2018,00-0033596,Matt Dayes,RB,3,0.0,-20.150000000000002,-0.24918621875000002,6.716666666666668,37.0,38.0,43.0,40.5,38.0,0.40054392187500004,408,106
2018,00-0034487,Trent Sherfield,WR,9,36.5,-20.550000000000004,-0.2498114453125001,6.3388888888888895,47.55555555555556,48.55555555555556,53.55555555555556,51.05555555555556,48.55555555555556,0.40663673524305555,409,146
2018,00-0033379,Tim White,WR,3,1.9000000000000001,-19.15,-0.2506573828124999,7.016666666666667,49.666666666666664,50.666666666666664,55.666666666666664,53.166666666666664,50.666666666666664,0.3944451848958333,410,147
2018,00-0026153,Jonathan Stewart,RB,3,1.7000000000000002,-19.0,-0.25138668750000004,6.8999999999999995,33.0,34.0,39.0,36.5,34.0,0.38449316666666666,411,107
2018,00-0032602,J.D. McKissic,RB,3,0.8,-19.450000000000003,-0.25255294531250005,6.75,37.0,38.0,43.0,40.5,38.0,0.3882331041666667,412,108
2018,00-0033306,Victor Bolden,WR,3,1.5,-20.150000000000002,-0.25603847656249995,7.216666666666668,49.0,50.0,55.0,52.5,50.0,0.4083094609375,413,148
2018,00-0033552,Brendan Langley,WR,3,0.0,-20.1,-0.256853796875,6.7,47.0,48.0,53.0,50.5,48.0,0.3976062265625,414,149
2018,00-0033859,Josh Malone,WR,3,1.7000000000000002,-19.55,-0.2592218828125,7.083333333333333,50.0,51.0,56.0,53.5,51.0,0.38547029166666663,415,150
2018,00-0032593,Brandon Wilds,RB,3,1.5,-19.45,-0.2616217578125,6.983333333333333,33.0,34.0,39.0,36.5,34.0,0.3825294557291667,416,109
2018,00-0034370,DaeSean Hamilton,WR,11,51.300000000000004,-20.950000000000003,-0.26250100000000004,6.568181818181818,48.90909090909091,49.90909090909091,54.90909090909091,52.40909090909091,49.90909090909091,0.3997682038352273,417,151
2018,00-0027215,Logan Paulsen,TE,8,28.6,-19.200000000000003,-0.2631809296875002,5.975,24.875,25.875,30.875,28.375,25.875,0.3991044599609375,418,95
2018,00-0032599,Josh Perkins,TE,6,14.2,-21.25,-0.26403268750000014,5.908333333333334,24.833333333333332,25.833333333333332,30.833333333333332,28.333333333333332,25.833333333333332,0.3886874557291667,419,96
2018,00-0032975,Jonathan Williams,RB,3,0.6,-20.1,-0.26460416406250004,6.8999999999999995,33.0,34.0,39.0,36.5,34.0,0.38449316666666666,420,110
2018,00-0031547,DeVante Parker,WR,11,48.9,-21.900000000000006,-0.2647693749999998,6.436363636363637,47.54545454545455,48.54545454545455,53.54545454545455,51.04545454545455,48.54545454545455,0.40206923295454544,421,152
2018,00-0032245,Sean Mannion,QB,3,0.01999999999999999,-23.04,-0.26554737500000003,7.686666666666667,24.0,25.0,30.0,27.5,25.0,0.3194255182291667,422,64
2018,00-0032450,Dwayne Washington,RB,7,15.400000000000002,-22.75,-0.26587675,5.450000000000001,35.285714285714285,36.285714285714285,41.285714285714285,38.785714285714285,36.285714285714285,0.3737784330357143,423,111
2018,00-0031800,Taylor Heinicke,QB,5,19.900000000000002,-23.83,-0.2672193281249999,8.746,24.0,25.0,30.0,27.5,25.0,0.35100957031249996,424,65
2018,00-0032214,Tyler Kroft,TE,5,9.6,-20.7,-0.267978421875,6.0600000000000005,25.0,26.0,31.0,28.5,26.0,0.3904767609375,425,97
2018,00-0033528,Jeremy Sprinkle,TE,8,17.6,-24.0,-0.27697239062499995,5.2,24.5,25.5,30.5,28.0,25.5,0.39628356640625,426,98
2018,00-0033627,Jason Croom,TE,15,60.9,-23.050000000000004,-0.2809435859375001,5.596666666666667,24.6,25.6,30.6,28.1,25.6,0.3931636171875,427,99
2018,00-0034221,Roc Thomas,RB,5,6.1,-22.95,-0.2829762656250001,5.8100000000000005,33.2,34.2,39.2,36.7,34.2,0.358370246875,428,112
2018,00-0030521,Justin Hunter,WR,4,3.6,-22.5,-0.2842623203125001,6.525,48.5,49.5,54.5,52.0,49.5,0.39326940039062497,429,153
2018,00-0024243,Marcedes Lewis,TE,5,8.4,-22.5,-0.28691504687500013,6.180000000000001,24.4,25.4,30.4,27.9,25.4,0.39840448125,430,100
2018,00-0029159,Jermaine Kearse,WR,13,61.6,-23.700000000000003,-0.28947305468749973,6.561538461538462,48.53846153846154,49.53846153846154,54.53846153846154,52.03846153846154,49.53846153846154,0.4015069393028846,431,154
2018,00-0034565,Detrez Newsome,RB,5,7.800000000000001,-22.7,-0.29285154687500004,6.1,35.4,36.4,41.4,38.9,36.4,0.37181000625,432,113
2018,00-0032964,Byron Marshall,RB,5,5.9,-23.5,-0.2930335703125001,5.880000000000001,35.2,36.2,41.2,38.7,36.2,0.38046103750000004,433,114
2018,00-0030433,Mike Gillislee,RB,4,3.7,-23.3,-0.29790587500000004,6.75,32.5,33.5,38.5,36.0,33.5,0.37626518750000004,434,115
2018,00-0034816,Ronald Jones,RB,7,17.200000000000003,-24.0,-0.30166467968750005,5.885714285714286,34.857142857142854,35.857142857142854,40.857142857142854,38.357142857142854,35.857142857142854,0.3658657823660714,435,116
2018,00-0029848,Nick Williams,WR,4,2.7,-23.700000000000003,-0.30268714062499996,6.6000000000000005,49.5,50.5,55.5,53.0,50.5,0.39829486914062495,436,155
2018,00-0033374,Ricky Ortiz,RB,4,2.6,-23.75,-0.3028068906250001,6.5875,35.75,36.75,41.75,39.25,36.75,0.38936494726562504,437,117
2018,00-0032430,David Morgan,TE,6,11.100000000000001,-22.9,-0.30510047656250006,5.666666666666667,24.833333333333332,25.833333333333332,30.833333333333332,28.333333333333332,25.833333333333332,0.3947130755208333,438,101
2018,00-0028083,Jacquizz Rodgers,RB,15,64.0,-24.1,-0.30673990624999997,5.873333333333334,34.53333333333333,35.53333333333333,40.53333333333333,38.03333333333333,35.53333333333333,0.3722618619791667,439,118
2018,00-0022787,Matt Schaub,QB,2,0.6,-25.67,-0.308030765625,13.135,24.0,25.0,30.0,27.5,25.0,0.36605294140625,440,66
2018,00-0033681,Keelan Cole,WR,14,70.1,-24.5,-0.30952131249999976,6.757142857142858,48.642857142857146,49.642857142857146,54.642857142857146,52.142857142857146,49.642857142857146,0.3977687544642857,441,156
2018,00-0034686,Auden Tate,WR,5,5.5,-24.5,-0.3127675390625,6.0,47.6,48.6,53.6,51.1,48.6,0.4028938125,442,157
2018,00-0032362,Maurice Harris,WR,11,45.4,-22.700000000000003,-0.3134065546874997,6.190909090909091,47.81818181818182,48.81818181818182,53.81818181818182,51.31818181818182,48.81818181818182,0.4048749126420454,443,158
2018,00-0028142,Virgil Green,TE,14,55.5,-23.4,-0.31355539062500004,5.635714285714286,24.571428571428573,25.571428571428573,30.571428571428573,28.071428571428573,25.571428571428573,0.39571330691964285,444,102
2018,00-0030711,David Fluellen,RB,5,1.6,-26.4,-0.3148444062500001,5.6,35.2,36.2,41.2,38.7,36.2,0.3761579140625,445,119
2018,00-0034829,Mike Gesicki,TE,14,51.2,-26.75,-0.3150423359375002,5.567857142857143,24.714285714285715,25.714285714285715,30.714285714285715,28.214285714285715,25.714285714285715,0.3953934659598214,446,103
2018,00-0030300,Jaron Brown,WR,12,53.6,-26.300000000000004,-0.3163257890624998,6.658333333333334,48.666666666666664,49.666666666666664,54.666666666666664,52.166666666666664,49.666666666666664,0.40025626432291667,447,159
2018,00-0033373,Taquan Mizzell,RB,8,19.400000000000002,-27.3,-0.3195581171875,5.8375,36.5,37.5,42.5,40.0,37.5,0.380295255859375,448,120
2018,00-0034279,Equanimeous St. Brown,WR,11,43.800000000000004,-26.150000000000002,-0.31972808593749985,6.359090909090909,47.72727272727273,48.72727272727273,53.72727272727273,51.22727272727273,48.72727272727273,0.4063311377840909,449,160
2018,00-0032166,Sammie Coates,WR,4,1.7000000000000002,-25.35,-0.32194158593750005,6.7625,47.75,48.75,53.75,51.25,48.75,0.39697656640625,450,161
2018,00-0031060,De'Anthony Thomas,WR,5,11.0,-24.5,-0.32276370312499997,7.1,50.0,51.0,56.0,53.5,51.0,0.39262265468749996,451,162
2018,00-0034621,Shaun Wilson,RB,5,4.9,-25.9,-0.3237854921874999,6.16,34.8,35.8,40.8,38.3,35.8,0.382677153125,452,121
2018,00-0031788,Matt Lengel,TE,7,12.200000000000001,-24.35,-0.32642966406249996,5.221428571428572,24.714285714285715,25.714285714285715,30.714285714285715,28.214285714285715,25.714285714285715,0.39861291183035713,453,104
2018,00-0033760,Justin Davis,RB,4,1.9000000000000001,-24.35,-0.3268410781250001,6.5625,34.5,35.5,40.5,38.0,35.5,0.37690187890625,454,122
2018,00-0032745,Alan Cross,TE,6,3.9000000000000004,-26.75,-0.3276897421875001,5.108333333333333,24.333333333333332,25.333333333333332,30.333333333333332,27.833333333333332,25.333333333333332,0.3976440833333333,455,105
2018,00-0030516,Brice Butler,WR,6,15.0,-24.6,-0.33066767187499996,6.6000000000000005,47.0,48.0,53.0,50.5,48.0,0.40674369270833327,456,163
2018,00-0031951,James O'Shaughnessy,TE,14,57.400000000000006,-23.5,-0.3316882812500002,5.778571428571429,24.642857142857142,25.642857142857142,30.642857142857142,28.142857142857142,25.642857142857142,0.39732870647321433,457,106
2018,00-0032200,Ty Montgomery,WR,13,60.800000000000004,-27.100000000000005,-0.332953734375,6.761538461538462,48.92307692307692,49.92307692307692,54.92307692307692,52.42307692307692,49.92307692307692,0.39679759435096157,458,164
2018,00-0027873,Jermaine Gresham,TE,8,20.9,-25.05,-0.3342121250000002,5.74375,25.125,26.125,31.125,28.625,26.125,0.39926392382812503,459,107
2018,00-0033576,Eric Saubert,TE,7,12.3,-26.4,-0.3348178281250001,5.528571428571429,24.285714285714285,25.285714285714285,30.285714285714285,27.785714285714285,25.285714285714285,0.39676776674107145,460,108
2018,00-0031260,Logan Thomas,TE,9,26.3,-25.7,-0.3349933515625001,5.777777777777778,24.444444444444443,25.444444444444443,30.444444444444443,27.944444444444443,25.444444444444443,0.3956940720486111,461,109
2018,00-0032062,Blake Bell,TE,8,18.7,-25.6,-0.33739903124999987,5.5375000000000005,24.75,25.75,30.75,28.25,25.75,0.401162806640625,462,110
2018,00-0034400,Jordan Wilkins,RB,13,52.1,-25.450000000000003,-0.34225788281250014,5.9653846153846155,34.69230769230769,35.69230769230769,40.69230769230769,38.19230769230769,35.69230769230769,0.3707693798076923,463,123
2018,00-0031484,Chris Manhertz,TE,7,14.2,-27.900000000000002,-0.3442104140624999,6.014285714285714,24.285714285714285,25.285714285714285,30.285714285714285,27.785714285714285,25.285714285714285,0.40022286941964286,464,111
2018,00-0032972,Devontae Booker,RB,16,68.80000000000001,-28.049999999999997,-0.3456943515625003,6.0531250000000005,34.625,35.625,40.625,38.125,35.625,0.3754779584960938,465,124
2018,00-0029572,Jarius Wright,WR,16,76.1,-27.300000000000004,-0.3473958828124999,6.4625,48.375,49.375,54.375,51.875,49.375,0.4011063471679687,466,165
2018,00-0032775,Demarcus Robinson,WR,14,63.8,-27.400000000000006,-0.3475475468749997,6.514285714285714,48.42857142857143,49.42857142857143,54.42857142857143,51.92857142857143,49.42857142857143,0.40356110156249997,467,166
2018,00-0030089,Luke Willson,TE,10,28.2,-27.200000000000003,-0.3511200000000001,5.54,24.9,25.9,30.9,28.4,25.9,0.39281537890624996,468,112
2018,00-0034560,J.J. Jones,WR,4,0.8,-26.950000000000003,-0.3519506250000001,6.9375,49.75,50.75,55.75,53.25,50.75,0.38647578125,469,167
2018,00-0031806,Malcolm Brown,RB,11,36.9,-28.05,-0.3529203515625,5.904545454545455,34.54545454545455,35.54545454545455,40.54545454545455,38.04545454545455,35.54545454545455,0.37573373295454543,470,125
2018,00-0033375,Tim Patrick,WR,12,48.7,-29.400000000000006,-0.35344933593750005,6.508333333333334,49.0,50.0,55.0,52.5,50.0,0.40189379296875,471,168
2018,00-0033434,Bobo Wilson,WR,5,7.2,-27.1,-0.353872203125,6.860000000000001,47.0,48.0,53.0,50.5,48.0,0.4092890515625,472,169
2018,00-0033481,Marcus Kemp,WR,5,1.2000000000000002,-29.35,-0.35745912500000004,6.11,48.2,49.2,54.2,51.7,49.2,0.39962903125,473,170
2018,00-0030155,Demetrius Harris,TE,15,52.400000000000006,-30.200000000000003,-0.36082959374999996,5.506666666666667,24.666666666666668,25.666666666666668,30.666666666666668,28.166666666666668,25.666666666666668,0.3928962609375,474,113
2018,00-0031167,Scott Simonson,TE,10,28.1,-27.900000000000002,-0.36114255468750006,5.6,24.6,25.6,30.6,28.1,25.6,0.39009649687500003,475,114
2018,00-0033789,T.J. Logan,RB,6,7.4,-28.1,-0.36129105468750006,5.916666666666667,35.833333333333336,36.833333333333336,41.833333333333336,39.333333333333336,36.833333333333336,0.3754893684895833,476,126
2018,00-0028116,Aldrick Robinson,WR,14,61.6,-29.1,-0.3645898125,6.478571428571429,48.42857142857143,49.42857142857143,54.42857142857143,51.92857142857143,49.42857142857143,0.40093303962053567,477,171
2018,00-0034206,Quadree Henderson,WR,5,0.0,-28.900000000000002,-0.36476833593749985,5.78,48.2,49.2,54.2,51.7,49.2,0.39853482187499994,478,172
2018,00-0027985,Lance Kendricks,TE,14,51.5,-29.3,-0.3675251875,5.771428571428571,24.642857142857142,25.642857142857142,30.642857142857142,28.142857142857142,25.642857142857142,0.397784203125,479,115
2018,00-0030670,Bennie Fowler,WR,10,33.9,-29.300000000000004,-0.36769525781249984,6.32,47.6,48.6,53.6,51.1,48.6,0.40391193671875003,480,173
2018,00-0032128,Chris Conley,WR,16,75.4,-28.850000000000005,-0.3693216484374998,6.515625,48.6875,49.6875,54.6875,52.1875,49.6875,0.4019200869140625,481,174
2018,00-0029239,Brandon Bolden,RB,9,27.9,-29.550000000000004,-0.3725044140625001,6.383333333333334,35.888888888888886,36.888888888888886,41.888888888888886,39.388888888888886,36.888888888888886,0.3859603229166667,482,127
2018,00-0033573,Shelton Gibson,WR,5,5.300000000000001,-28.3,-0.3742836250000002,6.720000000000001,49.2,50.2,55.2,52.7,50.2,0.4006355828125,483,175
2018,00-0027948,Blaine Gabbert,QB,8,41.04,-29.57,-0.37507954687500017,8.82625,24.0,25.0,30.0,27.5,25.0,0.33629251953125,484,67
2018,00-0034052,Brandon Zylstra,WR,5,2.8000000000000003,-29.950000000000003,-0.376962515625,6.55,48.8,49.8,54.8,52.3,49.8,0.41009699531250005,485,176
2018,00-0034208,Mike Boone,RB,6,5.800000000000001,-30.1,-0.38466154687499987,5.983333333333333,33.0,34.0,39.0,36.5,34.0,0.3603313645833333,486,128
2018,00-0034798,Durham Smythe,TE,8,14.0,-30.55,-0.3860686328125002,5.5687500000000005,24.75,25.75,30.75,28.25,25.75,0.3899493193359375,487,116
2018,00-0034164,Trenton Cannon,RB,12,40.2,-30.85,-0.38971012499999996,5.920833333333333,36.083333333333336,37.083333333333336,42.083333333333336,39.583333333333336,37.083333333333336,0.37645702929687497,488,129
2018,00-0031035,Xavier Grimble,TE,8,15.600000000000001,-29.25,-0.3937591875000001,5.60625,24.875,25.875,30.875,28.375,25.875,0.3920873974609375,489,117
2018,00-0028063,Taiwan Jones,RB,5,0.0,-32.6,-0.4073330937500001,6.5200000000000005,33.0,34.0,39.0,36.5,34.0,0.372193478125,490,130
2018,00-0027796,Joe Webb,QB,4,2.3,-34.95,-0.4132915078124999,9.3125,24.0,25.0,30.0,27.5,25.0,0.359329130859375,491,68
2018,00-0031953,Geremy Davis,WR,5,0.0,-32.050000000000004,-0.41393897656249995,6.410000000000001,48.0,49.0,54.0,51.5,49.0,0.40562987812499995,492,177
2018,00-0033382,Austin Carr,WR,9,26.2,-32.050000000000004,-0.41645001562500006,6.472222222222222,48.77777777777778,49.77777777777778,54.77777777777778,52.27777777777778,49.77777777777778,0.39430562760416665,493,178
2018,00-0034364,Jordan Akins,TE,14,48.0,-31.450000000000003,-0.41747459374999996,5.675,24.714285714285715,25.714285714285715,30.714285714285715,28.214285714285715,25.714285714285715,0.3932668108258928,494,118
2018,00-0032795,Cody Core,WR,10,30.5,-33.1,-0.41851886718750014,6.36,48.0,49.0,54.0,51.5,49.0,0.40511043359375,495,179
2018,00-0029119,Derek Carrier,TE,10,23.2,-33.25,-0.41857953125,5.6450000000000005,24.7,25.7,30.7,28.2,25.7,0.39424343828124997,496,119
2018,00-0033119,Jacoby Brissett,QB,4,-0.6200000000000001,-35.04,-0.421498046875,8.605,24.0,25.0,30.0,27.5,25.0,0.32701323828125,497,69
2018,00-0033949,Joshua Dobbs,QB,5,2.82,-37.05,-0.4228728828125,7.974000000000001,24.0,25.0,30.0,27.5,25.0,0.346479675,498,70
2018,00-0033054,Rico Gathers,TE,7,9.0,-32.7,-0.42311113281249996,5.957142857142857,24.857142857142858,25.857142857142858,30.857142857142858,28.357142857142858,25.857142857142858,0.38848429129464285,499,120
2018,00-0031959,Marcus Murphy,RB,11,33.1,-32.45,-0.4270144296875001,5.959090909090909,35.63636363636363,36.63636363636363,41.63636363636363,39.13636363636363,36.63636363636363,0.3737483721590909,500,131
2018,00-0034799,Kalen Ballage,RB,12,33.2,-37.5,-0.4290698750000001,5.891666666666667,35.75,36.75,41.75,39.25,36.75,0.3734495553385417,501,132
2018,00-0032959,Charone Peake,WR,6,3.5,-33.6,-0.43046357031249993,6.183333333333334,48.166666666666664,49.166666666666664,54.166666666666664,51.666666666666664,49.166666666666664,0.40094720442708326,502,180
2018,00-0033258,Darrell Daniels,TE,6,0.0,-35.05,-0.4387006171875,5.841666666666666,24.0,25.0,30.0,27.5,25.0,0.3905161875,503,121
2018,00-0031189,T.J. Jones,WR,12,40.5,-34.95,-0.44295259375000007,6.2875000000000005,47.75,48.75,53.75,51.25,48.75,0.4036936907552083,504,181
2018,00-0033953,Jordan Leggett,TE,13,38.4,-33.0,-0.44325804687499976,5.492307692307692,24.76923076923077,25.76923076923077,30.76923076923077,28.26923076923077,25.76923076923077,0.3931614236778846,505,122
2018,00-0029580,Rishard Matthews,WR,6,4.9,-34.6,-0.4440264218749999,6.583333333333333,48.0,49.0,54.0,51.5,49.0,0.3994447578125,506,182
2018,00-0032089,Brian Parker,TE,8,10.8,-34.95,-0.4453164765624999,5.71875,24.375,25.375,30.375,27.875,25.375,0.39751884765625,507,123
2018,00-0033421,Antony Auclair,TE,9,15.3,-34.95,-0.44871585937499986,5.583333333333333,24.666666666666668,25.666666666666668,30.666666666666668,28.166666666666668,25.666666666666668,0.3984362265625,508,124
2018,00-0032940,DeAndre Washington,RB,8,10.9,-34.75,-0.44885907812499987,5.70625,35.75,36.75,41.75,39.25,36.75,0.3747785888671875,509,133
2018,00-0026625,Brian Hoyer,QB,5,-0.52,-41.02,-0.45074693750000006,8.1,24.0,25.0,30.0,27.5,25.0,0.322427253125,510,71
2018,00-0031068,Ryan Grant,WR,14,56.900000000000006,-36.5,-0.45250610156249993,6.671428571428572,48.57142857142857,49.57142857142857,54.57142857142857,52.07142857142857,49.57142857142857,0.40086154966517856,511,183
2018,00-0034652,Cameron Batson,WR,8,12.299999999999999,-36.2,-0.45338509374999997,6.0625,47.875,48.875,53.875,51.375,48.875,0.40662387597656247,512,184
2018,00-0032881,Tommylee Lewis,WR,7,12.5,-35.75,-0.4576171718750002,6.892857142857143,48.142857142857146,49.142857142857146,54.142857142857146,51.642857142857146,49.142857142857146,0.39995510602678574,513,185
2018,00-0033591,Noah Brown,WR,7,7.9,-36.550000000000004,-0.46194949999999996,6.3500000000000005,47.42857142857143,48.42857142857143,53.42857142857143,50.92857142857143,48.42857142857143,0.4064951908482143,514,186
2018,00-0033933,Chad Williams,WR,10,32.5,-35.75,-0.464469875,6.825,49.8,50.8,55.8,53.3,50.8,0.39486307109375,515,187
2018,00-0034854,KhaDarel Hodge,WR,6,2.7,-36.1,-0.4810889843749998,6.466666666666668,48.666666666666664,49.666666666666664,54.666666666666664,52.166666666666664,49.666666666666664,0.3985308658854166,516,188
2018,00-0032170,Rashad Greene,WR,7,7.0,-38.1,-0.4836680703124997,6.442857142857143,47.142857142857146,48.142857142857146,53.142857142857146,50.642857142857146,48.142857142857146,0.40501467410714287,517,189
2018,00-0029269,Travis Benjamin,WR,12,34.7,-41.50000000000001,-0.4897572421874999,6.3500000000000005,47.916666666666664,48.916666666666664,53.916666666666664,51.416666666666664,48.916666666666664,0.40599408593749997,518,190
2018,00-0029638,Michael Floyd,WR,10,23.0,-39.6,-0.49406073437500003,6.26,48.1,49.1,54.1,51.6,49.1,0.40882193671875006,519,191
2018,00-0032778,Tajae Sharpe,WR,15,58.2,-38.75,-0.4952994843749997,6.463333333333334,48.53333333333333,49.53333333333333,54.53333333333333,52.03333333333333,49.53333333333333,0.40129625989583334,520,192
2018,00-0033464,Jehu Chesson,WR,6,0.8000000000000002,-39.300000000000004,-0.49797257812499995,6.683333333333334,47.833333333333336,48.833333333333336,53.833333333333336,51.333333333333336,48.833333333333336,0.4020718020833333,521,193
2018,00-0030565,Geno Smith,QB,4,-1.48,-42.57,-0.498878203125,10.2725,24.0,25.0,30.0,27.5,25.0,0.332987501953125,522,72
2018,00-0033296,Alex Armah,RB,9,14.5,-40.0,-0.5081079765625,6.055555555555555,35.0,36.0,41.0,38.5,36.0,0.38168336024305555,523,134
2018,00-0028581,Patrick DiMarco,RB,8,8.600000000000001,-39.75,-0.5085562109375,6.04375,36.0,37.0,42.0,39.5,37.0,0.3763038408203125,524,135
2018,00-0033950,Wayne Gallman,RB,13,37.5,-40.85,-0.5125027109375002,6.026923076923078,34.53846153846154,35.53846153846154,40.53846153846154,38.03846153846154,35.53846153846154,0.3757396213942308,525,136
2018,00-0034449,Buddy Howell,RB,7,0.0,-40.0,-0.5132592109374999,5.714285714285714,34.714285714285715,35.714285714285715,40.714285714285715,38.214285714285715,35.714285714285715,0.3699596495535714,526,137
2018,00-0031868,Damiere Byrd,WR,7,1.3,-41.300000000000004,-0.5271469531249999,6.085714285714286,48.57142857142857,49.57142857142857,54.57142857142857,52.07142857142857,49.57142857142857,0.3991042287946428,527,194
2018,00-0032966,Corey Coleman,WR,8,10.1,-41.25,-0.5277449453124998,6.41875,47.25,48.25,53.25,50.75,48.25,0.407196837890625,528,195
2018,00-0033572,Jamal Agnew,WR,6,1.7000000000000002,-41.35,-0.5306158125,7.175000000000001,49.833333333333336,50.833333333333336,55.833333333333336,53.333333333333336,50.833333333333336,0.39688127734375,529,196
2018,00-0030821,Allen Hurns,WR,14,51.5,-40.95,-0.5308267968750001,6.603571428571429,48.642857142857146,49.642857142857146,54.642857142857146,52.142857142857146,49.642857142857146,0.4017227410714286,530,197
2018,00-0034681,Chase Edmonds,RB,16,53.1,-43.65,-0.5324841796875002,6.046875,34.6875,35.6875,40.6875,38.1875,35.6875,0.37389012841796876,531,138
2018,00-0034499,Jawill Davis,WR,7,6.0,-42.6,-0.5342533984375001,6.942857142857143,48.285714285714285,49.285714285714285,54.285714285714285,51.785714285714285,49.285714285714285,0.4078613035714286,532,198
2018,00-0031359,Kelvin Benjamin,WR,15,56.5,-42.1,-0.5342732890624997,6.573333333333334,48.53333333333333,49.53333333333333,54.53333333333333,52.03333333333333,49.53333333333333,0.4002814427083333,533,199
2018,00-0033006,Jaydon Mickens,WR,6,0.0,-42.050000000000004,-0.5343079687500001,7.008333333333334,50.333333333333336,51.333333333333336,56.333333333333336,53.833333333333336,51.333333333333336,0.3924144986979166,534,200
2018,00-0033251,Zach Pascal,WR,14,53.300000000000004,-40.050000000000004,-0.5390590468750001,6.667857142857144,49.0,50.0,55.0,52.5,50.0,0.39879671037946424,535,201
2018,00-0034253,Dontrell Hilliard,RB,10,15.0,-43.0,-0.5391013124999999,5.8,36.0,37.0,42.0,39.5,37.0,0.37306270078125003,536,139
2018,00-0033376,Patrick Ricard,RB,7,0.0,-43.050000000000004,-0.5439827890625002,6.15,33.0,34.0,39.0,36.5,34.0,0.3689062265625,537,140
2018,00-0028011,Stevan Ridley,RB,9,13.3,-42.6,-0.54775975,6.211111111111111,34.666666666666664,35.666666666666664,40.666666666666664,38.166666666666664,35.666666666666664,0.3727544487847222,538,141
2018,00-0034676,James Washington,WR,12,35.7,-44.2,-0.5528411093749999,6.658333333333334,48.916666666666664,49.916666666666664,54.916666666666664,52.416666666666664,49.916666666666664,0.400748373046875,539,202
2018,00-0032661,Ben Braunecker,TE,10,8.7,-43.900000000000006,-0.5564448125000001,5.26,24.7,25.7,30.7,28.2,25.7,0.39524352578125,540,125
2018,00-0034268,J'Mon Moore,WR,7,2.5,-44.400000000000006,-0.5586252109374998,6.700000000000001,48.285714285714285,49.285714285714285,54.285714285714285,51.785714285714285,49.285714285714285,0.4054423995535714,541,203
2018,00-0030465,Kenjon Barner,RB,9,7.9,-45.650000000000006,-0.568815375,5.95,35.111111111111114,36.111111111111114,41.111111111111114,38.611111111111114,36.111111111111114,0.3729769131944444,542,142
2018,00-0033292,Trent Taylor,WR,13,42.50000000000001,-44.65,-0.5704124921874998,6.703846153846154,48.38461538461539,49.38461538461539,54.38461538461539,51.88461538461539,49.38461538461539,0.40117461237980767,543,204
2018,00-0032951,Laquon Treadwell,WR,15,53.7,-43.900000000000006,-0.5771483203124999,6.506666666666667,48.666666666666664,49.666666666666664,54.666666666666664,52.166666666666664,49.666666666666664,0.3983110588541666,544,205
2018,00-0034386,Justin Watson,WR,7,1.0,-45.7,-0.5804309687500001,6.671428571428572,48.142857142857146,49.142857142857146,54.142857142857146,51.642857142857146,49.142857142857146,0.3997626886160714,545,206
2018,00-0033111,Pharoh Cooper,WR,7,0.0,-45.95,-0.5806045781250001,6.564285714285715,47.857142857142854,48.857142857142854,53.857142857142854,51.357142857142854,48.857142857142854,0.4052306484375,546,207
2018,00-0034407,Ray-Ray McCloud,WR,8,6.5,-45.6,-0.5891143593749999,6.5125,48.875,49.875,54.875,52.375,49.875,0.39760479003906246,547,208
2018,00-0034054,River Cracraft,WR,8,4.9,-46.35,-0.5918337343749998,6.40625,47.375,48.375,53.375,50.875,48.375,0.40710107714843746,548,209
2018,00-0033357,Taysom Hill,TE,15,37.06,-46.34,-0.5923840546875002,5.5600000000000005,24.733333333333334,25.733333333333334,30.733333333333334,28.233333333333334,25.733333333333334,0.3935656859375,549,126
2018,00-0032112,J.J. Nelson,WR,9,9.899999999999999,-47.75,-0.5978501953124999,6.405555555555556,49.44444444444444,50.44444444444444,55.44444444444444,52.94444444444444,50.44444444444444,0.3967958046875,550,210
2018,00-0031690,Eric Tomlinson,TE,12,19.200000000000003,-47.4,-0.6039133750000002,5.55,24.75,25.75,30.75,28.25,25.75,0.39383918359375003,551,127
2018,00-0026983,Darrius Heyward-Bey,WR,8,0.6999999999999998,-48.95,-0.6048481015625,6.206250000000001,47.75,48.75,53.75,51.25,48.75,0.4035991728515625,552,211
2018,00-0034777,DJ Chark,WR,11,22.400000000000002,-48.95,-0.6072431249999999,6.486363636363637,49.63636363636363,50.63636363636363,55.63636363636363,53.13636363636363,50.63636363636363,0.39593637428977274,553,212
2018,00-0032104,Ameer Abdullah,RB,9,4.4,-49.050000000000004,-0.6284546093750001,5.938888888888889,35.55555555555556,36.55555555555556,41.55555555555556,39.05555555555556,36.55555555555556,0.37254748003472227,554,143
2018,00-0029795,Benny Cunningham,RB,9,3.4,-49.85,-0.6294006328125001,5.916666666666667,34.111111111111114,35.111111111111114,40.111111111111114,37.611111111111114,35.111111111111114,0.36632036892361114,555,144
2018,00-0032404,Tyler Ervin,RB,9,5.000000000000001,-49.85,-0.6296241015624999,6.094444444444445,33.55555555555556,34.55555555555556,39.55555555555556,37.05555555555556,34.55555555555556,0.37088738975694446,556,145
2018,00-0034411,Russell Gage,WR,9,9.3,-49.95,-0.6308488671875,6.583333333333334,48.111111111111114,49.111111111111114,54.111111111111114,51.611111111111114,49.111111111111114,0.40841165538194446,557,213
2018,00-0029414,Orson Charles,TE,10,6.8,-49.6,-0.6407026093750001,5.64,24.9,25.9,30.9,28.4,25.9,0.39504418046875,558,128
2018,00-0034679,Mark Walton,RB,10,10.0,-50.45,-0.6485578515625001,6.045,34.9,35.9,40.9,38.4,35.9,0.3701921140625,559,146
2018,00-0031763,DeAndre Carter,WR,13,33.300000000000004,-52.0,-0.6525981406249999,6.561538461538462,48.53846153846154,49.53846153846154,54.53846153846154,52.03846153846154,49.53846153846154,0.40057333713942306,560,214
2018,00-0033562,Ryan Switzer,WR,16,51.400000000000006,-53.550000000000004,-0.6739914296874998,6.559375,48.4375,49.4375,54.4375,51.9375,49.4375,0.4009281953125,561,215
2018,00-0034286,Richie James,WR,12,23.5,-53.800000000000004,-0.6868618828124998,6.441666666666667,47.75,48.75,53.75,51.25,48.75,0.405462171875,562,216
2018,00-0031900,Rod Smith,RB,14,29.200000000000003,-55.85,-0.6963752421875004,6.075000000000001,35.142857142857146,36.142857142857146,41.142857142857146,38.642857142857146,36.142857142857146,0.37971922433035715,563,147
2018,00-0029492,Jamize Olawale,RB,10,2.3,-58.6,-0.7449881093749999,6.09,35.0,36.0,41.0,38.5,36.0,0.37627678593749997,564,148
2018,00-0026293,Matthew Slater,WR,9,0.0,-60.6,-0.77791565625,6.733333333333333,48.77777777777778,49.77777777777778,54.77777777777778,52.27777777777778,49.77777777777778,0.4016429244791666,565,217
2018,00-0032398,Chris Moore,WR,15,36.800000000000004,-61.85,-0.7883559375000002,6.576666666666667,48.666666666666664,49.666666666666664,54.666666666666664,52.166666666666664,49.666666666666664,0.40140930208333336,566,218
2018,00-0028263,Andre Holmes,WR,13,22.7,-61.550000000000004,-0.7947320312499997,6.480769230769231,48.46153846153846,49.46153846153846,54.46153846153846,51.96153846153846,49.46153846153846,0.39935558353365386,567,219
2018,00-0031209,Senorise Perry,RB,11,0.0,-63.95,-0.8014331796875,5.8136363636363635,35.36363636363637,36.36363636363637,41.36363636363637,38.86363636363637,36.36363636363637,0.3702782151988636,568,149
2018,00-0029388,Deonte Thompson,WR,13,24.6,-62.45,-0.8099817265625,6.696153846153847,48.53846153846154,49.53846153846154,54.53846153846154,52.03846153846154,49.53846153846154,0.4014115252403846,569,220
2018,00-0033094,Marvin Hall,WR,14,25.900000000000002,-65.2,-0.813781046875,6.507142857142858,48.785714285714285,49.785714285714285,54.785714285714285,52.285714285714285,49.785714285714285,0.40252165401785717,570,221
2018,00-0029319,Josh Bellamy,WR,14,26.7,-64.60000000000001,-0.8383434062499999,6.521428571428572,48.42857142857143,49.42857142857143,54.42857142857143,51.92857142857143,49.42857142857143,0.3992240876116071,571,222
2018,00-0031570,Justin Hardy,WR,16,32.300000000000004,-72.2,-0.8995625546874999,6.53125,48.5625,49.5625,54.5625,52.0625,49.5625,0.40235114306640624,572,223
2018,00-0031972,Darius Jennings,WR,14,16.64,-74.76,-0.956521234375,6.528571428571429,48.142857142857146,49.142857142857146,54.142857142857146,51.642857142857146,49.142857142857146,0.40333255636160714,573,224
2018,00-0032543,Alex Erickson,WR,16,28.900000000000002,-76.35000000000001,-0.9743451953125,6.578125,48.625,49.625,54.625,52.125,49.625,0.3996003974609375,574,225
2018,00-0033266,JoJo Natson,WR,13,0.0,-83.2,-1.056463234375,6.4,48.46153846153846,49.46153846153846,54.46153846153846,51.96153846153846,49.46153846153846,0.40227648677884614,575,226
2018,00-0027691,Andre Roberts,WR,16,20.9,-84.60000000000001,-1.0606590468749997,6.59375,48.375,49.375,54.375,51.875,49.375,0.4010206254882812,576,227
2018,00-0028114,Dwayne Harris,WR,15,8.2,-88.80000000000001,-1.1229510937499998,6.466666666666667,48.2,49.2,54.2,51.7,49.2,0.4016377104166667,577,228
2019,00-0033280,Christian McCaffrey,RB,16,413.2,317.6,4.0194599843750005,5.9750000000000005,35.4375,36.4375,41.4375,38.9375,36.4375,0.3816824072265625,1,1
2019,00-0034796,Lamar Jackson,QB,15,427.68,295.73,3.8845769999999997,8.796666666666665,24.0,25.0,29.8,27.4,25.0,0.3449860776041667,2,1
2019,00-0033077,Dak Prescott,QB,16,359.78000000000003,219.97,2.9310850078125004,8.738125,24.0,25.0,29.8125,27.40625,25.0,0.34454885888671877,3,2
2019,00-0031503,Jameis Winston,QB,16,365.36,223.03,2.9032058125,8.895625,24.0,25.0,29.8125,27.40625,25.0,0.34730620068359375,4,3
2019,00-0030506,Travis Kelce,TE,16,302.8,212.05,2.852032265625,5.671875,25.5,26.5,31.5,29.0,26.5,0.38885601318359375,5,1
2019,00-0033537,Deshaun Watson,QB,15,344.48,208.75,2.6356538984375,9.048666666666666,24.0,25.0,29.933333333333334,27.466666666666665,25.0,0.3482542567708334,6,4
2019,00-0032764,Derrick Henry,RB,15,285.6,196.25,2.605770953125,5.956666666666667,35.06666666666667,36.06666666666667,41.06666666666667,38.56666666666667,36.06666666666667,0.382832646875,7,2
2019,00-0033045,Ezekiel Elliott,RB,16,284.70000000000005,189.75,2.5674030078125,5.934375,35.25,36.25,41.25,38.75,36.25,0.3829208427734375,8,3
2019,00-0029263,Russell Wilson,QB,16,338.6,196.89,2.518540296875,8.856875,24.0,25.0,29.8125,27.40625,25.0,0.34918092138671875,9,5
2019,00-0032765,Michael Thomas,WR,16,300.1,197.75,2.5167979765625,6.3968750000000005,47.5625,48.5625,53.5625,51.0625,48.5625,0.40179960937500003,10,1
2019,00-0033293,Aaron Jones,RB,16,290.3,194.6,2.4423162109375003,5.98125,35.0,36.0,41.0,38.5,36.0,0.382595224609375,11,4
2019,00-0033893,Dalvin Cook,RB,14,265.90000000000003,181.9,2.3904663671875,6.000000000000001,35.214285714285715,36.214285714285715,41.214285714285715,38.714285714285715,36.214285714285715,0.38365348995535714,12,5
2019,00-0033288,George Kittle,TE,14,265.0,187.39999999999998,2.3758645546875,5.542857142857143,25.142857142857142,26.142857142857142,31.142857142857142,28.642857142857142,26.142857142857142,0.3914598041294643,13,2
2019,00-0031610,Darren Waller,TE,16,266.0,176.15,2.3270165781249994,5.615625,25.375,26.375,31.375,28.875,26.375,0.39036106298828127,14,3
2019,00-0030061,Zach Ertz,TE,15,259.6,176.15,2.2972668906249996,5.5633333333333335,25.333333333333332,26.333333333333332,31.333333333333332,28.833333333333332,26.333333333333332,0.39139808697916667,15,4
2019,00-0033873,Patrick Mahomes,QB,14,297.04,170.57999999999998,2.2313676640624998,9.032857142857143,24.0,25.0,29.857142857142858,27.428571428571427,25.0,0.34529624274553566,16,6
2019,00-0033699,Austin Ekeler,RB,16,263.0,166.25,2.2220354296875,6.046875000000001,35.3125,36.3125,41.3125,38.8125,36.3125,0.38118560791015627,17,6
2019,00-0035228,Kyler Murray,QB,16,309.28,167.17,2.1954591328124997,8.881875,24.0,25.0,29.8125,27.40625,25.0,0.34468351123046875,18,7
2019,00-0034857,Josh Allen,QB,16,306.56,163.14000000000001,2.1710335703125,8.963750000000001,24.0,25.0,29.8125,27.40625,25.0,0.34843854052734374,19,8
2019,00-0026143,Matt Ryan,QB,15,295.34000000000003,162.69,2.1004600234375,8.843333333333334,24.0,25.0,29.866666666666667,27.433333333333334,25.0,0.34576205885416667,20,9
2019,00-0034753,Mark Andrews,TE,15,239.2,155.85,2.0712238125,5.556666666666667,25.6,26.6,31.6,29.1,26.6,0.39111606406250005,21,5
2019,00-0032392,Austin Hooper,TE,13,229.20000000000002,155.65,1.9873962890625,5.657692307692307,25.46153846153846,26.46153846153846,31.46153846153846,28.96153846153846,26.46153846153846,0.3916901159855769,22,6
2019,00-0032950,Carson Wentz,QB,16,289.86,146.27,1.9383443281249997,8.974375,24.0,25.0,29.9375,27.46875,25.0,0.34761277685546876,23,10
2019,00-0023459,Aaron Rodgers,QB,16,286.38,144.67,1.9131374296875001,8.856875,24.0,25.0,29.8125,27.40625,25.0,0.34918092138671875,24,11
2019,00-0033106,Jared Goff,QB,16,279.52,138.38,1.8469456406250004,8.821250000000001,24.0,25.0,29.875,27.4375,25.0,0.34630430029296877,25,12
2019,00-0034791,Nick Chubb,RB,16,237.20000000000002,141.6,1.84632640625,5.9750000000000005,35.4375,36.4375,41.4375,38.9375,36.4375,0.3816824072265625,26,7
2019,00-0034844,Saquon Barkley,RB,13,218.10000000000002,139.95000000000002,1.8332785468750001,6.011538461538462,34.23076923076923,35.23076923076923,40.23076923076923,37.73076923076923,35.23076923076923,0.3816450126201923,27,8
2019,00-0033921,Chris Godwin Jr.,WR,14,233.10000000000002,142.65,1.8101587656250002,6.460714285714286,47.142857142857146,48.142857142857146,53.142857142857146,50.642857142857146,48.142857142857146,0.4007376171875,28,2
2019,00-0027966,Mark Ingram,RB,15,229.5,140.95,1.7946422265625,5.903333333333334,35.06666666666667,36.06666666666667,41.06666666666667,38.56666666666667,36.06666666666667,0.38519643385416663,29,9
2019,00-0023682,Ryan Fitzpatrick,QB,15,267.46000000000004,132.42000000000002,1.788394640625,9.002666666666666,24.0,25.0,29.8,27.4,25.0,0.34509418072916664,30,13
2019,00-0022942,Philip Rivers,QB,16,275.5,133.39000000000001,1.7784807578125,8.881875,24.0,25.0,29.8125,27.40625,25.0,0.34468351123046875,31,14
2019,00-0031345,Jimmy Garoppolo,QB,16,273.32,131.16000000000003,1.776420875,8.885,24.0,25.0,29.8125,27.40625,25.0,0.3462631015625,32,15
2019,00-0019596,Tom Brady,QB,16,279.68,136.09,1.7655128281249999,8.974375,24.0,25.0,29.9375,27.46875,25.0,0.34761277685546876,33,16
2019,00-0029701,Ryan Tannehill,QB,12,236.18,132.17000000000002,1.7568319843749998,8.6675,24.0,25.0,29.75,27.375,25.0,0.3451297805989583,34,17
2019,00-0034855,Baker Mayfield,QB,16,271.18,128.85000000000002,1.7364133984374999,8.895625,24.0,25.0,29.8125,27.40625,25.0,0.34730620068359375,35,18
2019,00-0035710,Daniel Jones,QB,13,238.98000000000002,134.3,1.723614125,8.052307692307693,24.0,25.0,29.76923076923077,27.384615384615383,25.0,0.34301245132211544,36,19
2019,00-0027944,Julio Jones,WR,15,224.60000000000002,129.7,1.6970651874999998,6.326666666666667,47.6,48.6,53.6,51.1,48.6,0.40241685625,37,3
2019,00-0020531,Drew Brees,QB,11,232.76,128.08,1.6794417187500001,9.516363636363637,24.0,25.0,29.818181818181817,27.40909090909091,25.0,0.3516104552556818,38,20
2019,00-0033856,Leonard Fournette,RB,15,221.4,130.6,1.6747365156249998,6.053333333333334,35.13333333333333,36.13333333333333,41.13333333333333,38.63333333333333,36.13333333333333,0.3849373859375,39,10
2019,00-0033594,Chris Carson,RB,15,214.1,124.8,1.6367170624999998,5.953333333333334,34.8,35.8,40.8,38.3,35.8,0.38484910781250004,40,11
2019,00-0029604,Kirk Cousins,QB,15,256.42,122.17,1.6156247812499998,8.95,24.0,25.0,29.8,27.4,25.0,0.3451297067708333,41,21
2019,00-0033906,Alvin Kamara,RB,14,208.02,123.47,1.5869850468749997,6.0392857142857155,35.5,36.5,41.5,39.0,36.5,0.38338293191964284,42,12
2019,00-0033908,Cooper Kupp,WR,16,223.5,121.15,1.5840451328124994,6.3968750000000005,47.5625,48.5625,53.5625,51.0625,48.5625,0.40179960937500003,43,4
2019,00-0033932,Kenny Golladay,WR,16,215.5,112.9,1.5704395078124997,6.4125000000000005,47.5,48.5,53.5,51.0,48.5,0.40133319775390625,44,5
2019,00-0033110,Tyler Higbee,TE,14,194.9,116.35,1.5696029218749996,5.610714285714286,25.357142857142858,26.357142857142858,31.357142857142858,28.857142857142858,26.357142857142858,0.3932586936383929,45,7
2019,00-0030564,DeAndre Hopkins,WR,15,218.54,121.03999999999999,1.56678365625,6.5,47.53333333333333,48.53333333333333,53.53333333333333,51.03333333333333,48.53333333333333,0.402661609375,46,6
2019,00-0031280,Derek Carr,QB,16,260.36,116.94,1.5624342031249998,8.963750000000001,24.0,25.0,29.8125,27.40625,25.0,0.34843854052734374,47,22
2019,00-0032241,Todd Gurley,RB,15,203.9,112.7,1.548434125,6.08,35.06666666666667,36.06666666666667,41.06666666666667,38.56666666666667,36.06666666666667,0.384344634375,48,13
2019,00-0033897,Joe Mixon,RB,16,207.9,111.6,1.5387255781249995,6.018750000000001,35.125,36.125,41.125,38.625,36.125,0.3837662880859375,49,14
2019,00-0031547,DeVante Parker,WR,16,210.2,107.6,1.4876174999999996,6.4125000000000005,47.5,48.5,53.5,51.0,48.5,0.40133319775390625,50,7
2019,00-0031408,Mike Evans,WR,13,199.20000000000002,115.25,1.471051484375,6.457692307692308,47.15384615384615,48.15384615384615,53.15384615384615,50.65384615384615,48.15384615384615,0.4015969777644231,51,8
2019,00-0033090,Hunter Henry,TE,12,177.7,109.19999999999999,1.4636992031249998,5.708333333333333,25.833333333333332,26.833333333333332,31.833333333333332,29.333333333333332,26.833333333333332,0.38769450260416666,52,8
2019,00-0027061,Jared Cook,TE,14,189.0,109.3,1.4275466875,5.692857142857143,25.357142857142858,26.357142857142858,31.357142857142858,28.857142857142858,26.357142857142858,0.39085252176339286,53,9
2019,00-0035289,Gardner Minshew,QB,14,241.24,110.43,1.4150577265625,9.343571428571428,24.0,25.0,29.928571428571427,27.464285714285715,25.0,0.35208543024553574,54,23
2019,00-0030279,Keenan Allen,WR,16,209.5,105.70000000000002,1.4082530078124997,6.487500000000001,47.1875,48.1875,53.1875,50.6875,48.1875,0.40107922802734375,55,9
2019,00-0026498,Matthew Stafford,QB,8,176.56,107.16000000000001,1.4058072421875,8.675,24.0,25.0,29.875,27.4375,25.0,0.343339041015625,56,24
2019,00-0034869,Sam Darnold,QB,13,215.16,104.56,1.3942578515624997,8.507692307692308,24.0,25.0,29.76923076923077,27.384615384615383,25.0,0.3401447914663462,57,25
2019,00-0035700,Josh Jacobs,RB,13,181.6,105.95,1.368847734375,5.81923076923077,35.15384615384615,36.15384615384615,41.15384615384615,38.65384615384615,36.15384615384615,0.3852431243990384,58,15
2019,00-0033118,Kenyan Drake,RB,14,189.2,104.75,1.3675315546875,6.0321428571428575,35.214285714285715,36.214285714285715,41.214285714285715,38.714285714285715,36.214285714285715,0.3799978482142857,59,16
2019,00-0027973,Andy Dalton,QB,13,231.16,107.50999999999999,1.36222359375,9.511538461538462,24.0,25.0,30.0,27.5,25.0,0.3540650126201923,60,26
2019,00-0034577,Kyle Allen,QB,13,209.48,102.06,1.3513365390624998,8.263076923076923,24.0,25.0,29.76923076923077,27.384615384615383,25.0,0.34001387860576926,61,27
2019,00-0027150,Julian Edelman,WR,16,206.28,102.38,1.3425690546875,6.49375,47.4375,48.4375,53.4375,50.9375,48.4375,0.40203671044921874,62,10
2019,00-0031544,Amari Cooper,WR,16,207.0,104.85000000000001,1.3316856015624996,6.384375,47.25,48.25,53.25,50.75,48.25,0.40137825341796873,63,11
2019,00-0031428,Allen Robinson,WR,16,205.9,102.60000000000001,1.3104310390624998,6.456250000000001,47.5,48.5,53.5,51.0,48.5,0.40132535400390623,64,12
2019,00-0031381,Davante Adams,WR,12,171.20000000000002,92.60000000000001,1.2807884843750004,6.550000000000001,47.416666666666664,48.416666666666664,53.416666666666664,50.916666666666664,48.416666666666664,0.39904802734375,65,13
2019,00-0030431,Robert Woods,WR,15,187.9,91.95,1.2706489375,6.3966666666666665,47.8,48.8,53.8,51.3,48.8,0.40155635364583336,66,14
2019,00-0035243,Miles Sanders,RB,16,193.70000000000002,96.5,1.2688097421875,6.075,35.3125,36.3125,41.3125,38.8125,36.3125,0.3826779853515625,67,17
2019,00-0030496,Le'Veon Bell,RB,15,182.0,94.85000000000001,1.2598043671874999,5.8100000000000005,34.93333333333333,35.93333333333333,40.93333333333333,38.43333333333333,35.93333333333333,0.381898853125,68,18
2019,00-0032144,Melvin Gordon,RB,12,159.8,89.8,1.249864703125,5.833333333333333,35.25,36.25,41.25,38.75,36.25,0.3777285638020833,69,19
2019,00-0034764,Michael Gallup,WR,14,179.70000000000002,91.5,1.2259578671875002,6.3,47.5,48.5,53.5,51.0,48.5,0.4007387890625,70,15
2019,00-0034351,Dallas Goedert,TE,15,173.7,89.4,1.2226984140625,5.62,25.333333333333332,26.333333333333332,31.333333333333332,28.833333333333332,26.333333333333332,0.39219979791666665,71,10
2019,00-0031382,Jarvis Landry,WR,16,195.9,93.0,1.2224626171875002,6.43125,47.1875,48.1875,53.1875,50.6875,48.1875,0.40107942529296875,72,16
2019,00-0033119,Jacoby Brissett,QB,15,229.18,90.47,1.2086363828124997,9.247333333333334,24.0,25.0,29.933333333333334,27.466666666666665,25.0,0.35130676093749996,73,28
2019,00-0034827,DJ Moore,WR,15,187.0,90.5,1.1990900859374998,6.433333333333334,47.266666666666666,48.266666666666666,53.266666666666666,50.766666666666666,48.266666666666666,0.40164050520833333,74,17
2019,00-0035676,A.J. Brown,WR,16,191.1,88.85,1.1895241406249994,6.390625,47.625,48.625,53.625,51.125,48.625,0.4014893662109375,75,18
2019,00-0032211,Tyler Lockett,WR,16,194.20000000000002,91.95,1.1781478906249998,6.390625,47.625,48.625,53.625,51.125,48.625,0.4014893662109375,76,19
2019,00-0033869,Mitchell Trubisky,QB,15,222.82,86.52000000000001,1.1658246953125002,9.086666666666668,24.0,25.0,29.8,27.4,25.0,0.3474146489583333,77,29
2019,00-0033951,Marlon Mack,RB,14,174.3,89.05,1.163291125,6.089285714285714,35.142857142857146,36.142857142857146,41.142857142857146,38.642857142857146,36.142857142857146,0.3825228962053572,78,20
2019,00-0034777,DJ Chark,WR,15,189.3,91.9,1.1623745390624998,6.493333333333334,47.46666666666667,48.46666666666667,53.46666666666667,50.96666666666667,48.46666666666667,0.40286809583333333,79,20
2019,00-0031051,John Brown,WR,15,183.82000000000002,86.92,1.1539454843749999,6.46,47.6,48.6,53.6,51.1,48.6,0.4019028291666667,80,21
2019,00-0022127,Jason Witten,TE,16,171.4,81.7,1.1427694921874998,5.60625,25.5,26.5,31.5,29.0,26.5,0.39078429248046875,81,11
2019,00-0034348,Courtland Sutton,WR,16,186.42000000000002,82.52,1.1242430546875002,6.49375,47.4375,48.4375,53.4375,50.9375,48.4375,0.40203671044921874,82,22
2019,00-0034837,Calvin Ridley,WR,13,165.5,82.1,1.1231615234374999,6.415384615384616,47.61538461538461,48.61538461538461,53.61538461538461,51.11538461538461,48.61538461538461,0.4024833581730769,83,23
2019,00-0031588,Stefon Diggs,WR,15,182.6,85.2,1.1228055781249997,6.493333333333334,47.266666666666666,48.266666666666666,53.266666666666666,50.766666666666666,48.266666666666666,0.4016402947916667,84,24
2019,00-0033881,Evan Engram,TE,8,131.4,87.65,1.0934724921875,5.46875,24.875,25.875,30.875,28.375,25.875,0.39139021191406254,85,12
2019,00-0033040,Tyreek Hill,WR,12,159.3,82.55,1.0802975468750002,6.395833333333333,47.333333333333336,48.333333333333336,53.333333333333336,50.833333333333336,48.333333333333336,0.40088080989583336,86,25
2019,00-0034829,Mike Gesicki,TE,15,161.5,78.2,1.0652021015625,5.553333333333333,25.466666666666665,26.466666666666665,31.466666666666665,28.966666666666665,26.466666666666665,0.3884274453125,87,13
2019,00-0031062,James White,RB,15,166.20000000000002,75.60000000000001,1.0622885546875003,6.040000000000001,35.4,36.4,41.4,38.9,36.4,0.38135869166666664,88,21
2019,00-0031285,Devonta Freeman,RB,14,168.1,81.64999999999999,1.0604116875,6.175,35.07142857142857,36.07142857142857,41.07142857142857,38.57142857142857,36.07142857142857,0.38244302622767856,89,22
2019,00-0029293,Marvin Jones,WR,13,162.9,79.25,1.043647015625,6.434615384615385,47.53846153846154,48.53846153846154,53.53846153846154,51.03846153846154,48.53846153846154,0.40190931310096156,90,26
2019,00-0034109,Phillip Lindsay,RB,16,180.2,83.0,1.041704046875,6.075,35.3125,36.3125,41.3125,38.8125,36.3125,0.3826779853515625,91,23
2019,00-0025418,Greg Olsen,TE,14,149.7,72.95,0.9852941562499997,5.482142857142857,25.0,26.0,31.0,28.5,26.0,0.3897756356026786,92,14
2019,00-0031687,Raheem Mostert,RB,16,160.2,65.39999999999999,0.9684475703125002,5.925000000000001,34.8125,35.8125,40.8125,38.3125,35.8125,0.382542875,93,24
2019,00-0033009,Tyler Boyd,WR,16,177.9,75.55000000000001,0.9495742343750002,6.3968750000000005,47.5625,48.5625,53.5625,51.0625,48.5625,0.40179960937500003,94,27
2019,00-0035719,Deebo Samuel Sr.,WR,15,160.6,64.14999999999999,0.9467151640625,6.430000000000001,47.6,48.6,53.6,51.1,48.6,0.4009738192708333,95,28
2019,00-0035659,Terry McLaurin,WR,14,162.9,71.85,0.9165979453124998,6.503571428571429,48.0,49.0,54.0,51.5,49.0,0.4026614732142857,96,29
2019,00-0035250,Devin Singletary,RB,12,133.4,62.8,0.8762238437499998,5.883333333333334,34.25,35.25,40.25,37.75,35.25,0.38265691536458335,97,25
2019,00-0033553,James Conner,RB,10,128.5,66.55,0.8752736640625001,6.195,35.7,36.7,41.7,39.2,36.7,0.38496210078125,98,26
2019,00-0035685,David Montgomery,RB,16,157.9,61.849999999999994,0.8750215390625,6.003125000000001,35.125,36.125,41.125,38.625,36.125,0.38301154296875,99,27
2019,00-0031235,Odell Beckham Jr.,WR,16,166.3,63.4,0.8534263828124996,6.43125,47.1875,48.1875,53.1875,50.6875,48.1875,0.40107942529296875,100,30
2019,00-0030874,Damien Williams,RB,11,126.1,62.349999999999994,0.8481424765625001,5.795454545454546,35.0,36.0,41.0,38.5,36.0,0.3804212947443182,101,28
2019,00-0027891,Golden Tate,WR,11,129.70000000000002,63.85000000000001,0.8460784999999997,5.986363636363637,47.54545454545455,48.54545454545455,53.54545454545455,51.04545454545455,48.54545454545455,0.4031386981534091,102,31
2019,00-0033387,Jacob Hollister,TE,10,114.4,58.95,0.8040124609374999,5.545,25.8,26.8,31.8,29.3,26.8,0.39109649375,103,15
2019,00-0031941,Jamison Crowder,WR,16,158.70000000000002,56.5,0.7809819140625,6.3875,47.8125,48.8125,53.8125,51.3125,48.8125,0.4016634243164062,104,32
2019,00-0035640,DK Metcalf,WR,16,158.10000000000002,55.85,0.7649085625,6.390625,47.625,48.625,53.625,51.125,48.625,0.4014893662109375,105,33
2019,00-0029000,Cole Beasley,WR,15,151.3,54.400000000000006,0.7556368984375001,6.46,47.6,48.6,53.6,51.1,48.6,0.4019028291666667,106,34
2019,00-0035535,Darius Slayton,WR,14,146.0,58.74999999999999,0.7484374609375,6.232142857142857,47.214285714285715,48.214285714285715,53.214285714285715,50.714285714285715,48.214285714285715,0.40276968526785717,107,35
2019,00-0027981,Kyle Rudolph,TE,15,133.2,48.8,0.735453515625,5.626666666666667,25.6,26.6,31.6,29.1,26.6,0.38905923281250004,108,16
2019,00-0027685,Emmanuel Sanders,WR,17,157.3,48.650000000000006,0.7078623906249998,6.391176470588236,47.411764705882355,48.411764705882355,53.411764705882355,50.911764705882355,48.411764705882355,0.4017222532169118,109,36
2019,00-0034816,Ronald Jones,RB,16,150.8,55.199999999999996,0.7027698984374999,5.9750000000000005,35.4375,36.4375,41.4375,38.9375,36.4375,0.3816824072265625,110,29
2019,00-0034159,Will Dissly,TE,6,85.39999999999999,51.8,0.6983352578124998,5.6000000000000005,24.666666666666668,25.666666666666668,30.666666666666668,28.166666666666668,25.666666666666668,0.39287999869791673,111,17
2019,00-0034988,Kaden Smith,TE,7,91.3,50.75,0.6918871484374999,5.792857142857143,25.857142857142858,26.857142857142858,31.857142857142858,29.357142857142858,26.857142857142858,0.3914209888392857,112,18
2019,00-0032780,Jordan Howard,RB,9,106.4,51.849999999999994,0.6791844687500003,6.061111111111112,35.22222222222222,36.22222222222222,41.22222222222222,38.72222222222222,36.22222222222222,0.38663226041666665,113,30
2019,00-0025394,Adrian Peterson,RB,15,138.5,47.9,0.6741817187500001,6.040000000000001,35.46666666666667,36.46666666666667,41.46666666666667,38.96666666666667,36.46666666666667,0.38228470260416664,114,31
2019,00-0030108,Ryan Griffin,TE,13,115.0,46.35,0.6623047734374998,5.2807692307692315,25.46153846153846,26.46153846153846,31.46153846153846,28.96153846153846,26.46153846153846,0.38988598918269235,115,19
2019,00-0031045,Carlos Hyde,RB,16,148.2,50.999999999999986,0.6611353750000002,6.075,35.3125,36.3125,41.3125,38.8125,36.3125,0.3826779853515625,116,32
2019,00-0032436,Jeff Driskel,QB,3,65.6,48.11,0.6580016015624999,5.830000000000001,24.0,25.0,29.333333333333332,27.166666666666668,25.0,0.312674546875,117,30
2019,00-0034845,Sony Michel,RB,16,146.6,49.39999999999999,0.6300196953125001,6.075,35.3125,36.3125,41.3125,38.8125,36.3125,0.3826779853515625,118,33
2019,00-0032187,David Johnson,RB,12,123.5,49.65,0.6290902343749998,6.154166666666668,34.916666666666664,35.916666666666664,40.916666666666664,38.416666666666664,35.916666666666664,0.3857394244791667,119,34
2019,00-0034775,Christian Kirk,WR,13,134.20000000000002,47.55,0.6157780859374999,6.665384615384616,47.07692307692308,48.07692307692308,53.07692307692308,50.57692307692308,48.07692307692308,0.3991723359375,120,37
2019,00-0030181,Jack Doyle,TE,16,133.3,43.45,0.6075123749999998,5.615625,25.375,26.375,31.375,28.875,26.375,0.39036106298828127,121,20
2019,00-0031387,Eric Ebron,TE,11,102.0,44.05,0.6063584843749998,5.2681818181818185,25.181818181818183,26.181818181818183,31.181818181818183,28.681818181818183,26.181818181818183,0.39211468110795455,122,21
2019,00-0032385,Sterling Shepard,WR,10,113.30000000000001,46.75,0.6001173124999998,6.655000000000001,47.3,48.3,53.3,50.8,48.3,0.40123061953125,123,38
2019,00-0034771,Mason Rudolph,QB,10,126.8,45.459999999999994,0.5961292031249998,8.134,24.0,25.0,29.7,27.35,25.0,0.34443019218750004,124,31
2019,00-0033948,Jamaal Williams,RB,14,126.80000000000001,43.6,0.5910175703125002,5.942857142857143,34.57142857142857,35.57142857142857,40.57142857142857,38.07142857142857,35.57142857142857,0.38359136160714286,125,35
2019,00-0035644,Noah Fant,TE,16,131.0,41.2,0.5875490703124999,5.6125,25.25,26.25,31.25,28.75,26.25,0.39104868896484374,126,22
2019,00-0029137,Alshon Jeffery,WR,9,100.7,41.550000000000004,0.5765005859374999,6.572222222222223,46.888888888888886,47.888888888888886,52.888888888888886,50.388888888888886,47.888888888888886,0.40250343315972226,127,39
2019,00-0033282,Curtis Samuel,WR,16,144.7,41.8,0.5723633828124999,6.43125,47.1875,48.1875,53.1875,50.6875,48.1875,0.40107942529296875,128,40
2019,00-0033895,Gerald Everett,TE,12,108.3,44.6,0.5613537421874998,5.308333333333334,25.083333333333332,26.083333333333332,31.083333333333332,28.583333333333332,26.083333333333332,0.3927552923177084,129,23
2019,00-0030513,Latavius Murray,RB,16,140.2,43.9,0.54837346875,6.018750000000001,35.125,36.125,41.125,38.625,36.125,0.3837662880859375,130,36
2019,00-0029738,Darren Fells,TE,15,127.1,43.65,0.5453994609375001,5.5633333333333335,25.333333333333332,26.333333333333332,31.333333333333332,28.833333333333332,26.333333333333332,0.39139808697916667,131,24
2019,00-0033536,Mike Williams,WR,15,136.8,39.45,0.5450146015624999,6.49,47.6,48.6,53.6,51.1,48.6,0.40097360885416666,132,41
2019,00-0032058,Tevin Coleman,RB,14,124.9,43.89999999999999,0.5271356093749999,5.785714285714286,34.92857142857143,35.92857142857143,40.92857142857143,38.42857142857143,35.92857142857143,0.3804018604910714,133,37
2019,00-0032257,Duke Johnson,RB,16,132.0,34.8,0.5156472109375001,6.075,35.3125,36.3125,41.3125,38.8125,36.3125,0.3826779853515625,134,38
2019,00-0030549,Tyler Eifert,TE,16,128.1,38.55,0.5056269687499996,5.596875,25.3125,26.3125,31.3125,28.8125,26.3125,0.39121053662109373,135,25
2019,00-0033923,Kareem Hunt,RB,8,82.9,36.300000000000004,0.5023351093749999,5.825,35.125,36.125,41.125,38.625,36.125,0.3779481796875,136,39
2019,00-0033858,Jonnu Smith,TE,15,122.2,38.65,0.49438030468750016,5.569999999999999,25.466666666666665,26.466666666666665,31.466666666666665,28.966666666666665,26.466666666666665,0.3929641916666667,137,26
2019,00-0034414,Boston Scott,RB,9,86.9,33.8,0.492647046875,5.9,34.666666666666664,35.666666666666664,40.666666666666664,38.166666666666664,35.666666666666664,0.3802877769097222,138,40
2019,00-0029608,T.Y. Hilton,WR,10,102.6,38.0,0.4902774921875,6.460000000000001,49.1,50.1,55.1,52.6,50.1,0.40298013984375,139,42
2019,00-0032688,Robbie Chosen,WR,16,136.3,34.1,0.48862617187499985,6.3875,47.8125,48.8125,53.8125,51.3125,48.8125,0.4016634243164062,140,43
2019,00-0032160,Tyrell Williams,WR,13,122.10000000000001,37.0,0.4767311015625,6.546153846153847,47.46153846153846,48.46153846153846,53.46153846153846,50.96153846153846,48.46153846153846,0.40066059975961543,141,44
2019,00-0022921,Larry Fitzgerald,WR,16,139.9,36.1,0.4726095937499998,6.487500000000001,47.1875,48.1875,53.1875,50.6875,48.1875,0.40107922802734375,142,45
2019,00-0031273,Cameron Brate,TE,14,109.1,29.3,0.44458498437500016,5.7,25.071428571428573,26.071428571428573,31.071428571428573,28.571428571428573,26.071428571428573,0.3911546891741072,143,27
2019,00-0028002,Randall Cobb,WR,15,127.4,30.599999999999998,0.4309158984374999,6.453333333333334,47.333333333333336,48.333333333333336,53.333333333333336,50.833333333333336,48.333333333333336,0.4009319609375,144,46
2019,00-0034349,Kerryon Johnson,RB,8,80.0,29.849999999999994,0.42028721093750016,6.268750000000001,35.125,36.125,41.125,38.625,36.125,0.3831870234375,145,41
2019,00-0035229,T.J. Hockenson,TE,12,96.7,32.05,0.41293365624999984,5.3875,25.25,26.25,31.25,28.75,26.25,0.3889134264322917,146,28
2019,00-0027696,Jimmy Graham,TE,16,119.7,30.650000000000006,0.4098261171874998,5.565625,25.375,26.375,31.375,28.875,26.375,0.3917653081054688,147,29
2019,00-0032054,Breshad Perriman,WR,14,120.1,28.599999999999998,0.4053274062499999,6.535714285714286,47.357142857142854,48.357142857142854,53.357142857142854,50.857142857142854,48.357142857142854,0.40008935881696434,148,47
2019,00-0034983,Hunter Renfrow,WR,13,109.0,27.000000000000004,0.4008515312499998,6.3076923076923075,47.76923076923077,48.76923076923077,53.76923076923077,51.26923076923077,48.76923076923077,0.40350176322115383,149,48
2019,00-0030470,Vance McDonald,TE,14,102.5,26.4,0.39571678906249985,5.435714285714285,25.285714285714285,26.285714285714285,31.285714285714285,28.785714285714285,26.285714285714285,0.38882195535714287,150,30
2019,00-0024389,Delanie Walker,TE,6,65.0,31.4,0.3936195390624999,5.6000000000000005,24.666666666666668,25.666666666666668,30.666666666666668,28.166666666666668,25.666666666666668,0.39287999869791673,151,31
2019,00-0030035,Adam Thielen,WR,10,99.4,34.45,0.3926198593749999,6.495,47.6,48.6,53.6,51.1,48.6,0.40291219765625,152,49
2019,00-0033556,Tarik Cohen,RB,16,124.4,28.349999999999994,0.3872548515625001,6.003125000000001,35.125,36.125,41.125,38.625,36.125,0.38301154296875,153,42
2019,00-0034358,Derrius Guice,RB,5,53.900000000000006,23.4,0.38137775781249994,6.1,34.8,35.8,40.8,38.3,35.8,0.3870793515625,154,43
2019,00-0032128,Chris Conley,WR,16,133.0,29.1,0.37599090625000026,6.49375,47.4375,48.4375,53.4375,50.9375,48.4375,0.40203671044921874,155,50
2019,00-0033839,Dede Westbrook,WR,15,123.7,26.1,0.3717244765625001,6.506666666666667,47.6,48.6,53.6,51.1,48.6,0.40214018749999997,156,51
2019,00-0035662,Marquise Brown,WR,14,123.4,32.349999999999994,0.36973514062500007,6.503571428571429,47.07142857142857,48.07142857142857,53.07142857142857,50.57142857142857,48.07142857142857,0.4001408510044643,157,52
2019,00-0027029,LeSean McCoy,RB,13,104.60000000000001,24.549999999999997,0.35677321093750003,6.157692307692309,35.38461538461539,36.38461538461539,41.38461538461539,38.88461538461539,36.38461538461539,0.38390160336538465,158,44
2019,00-0028986,Case Keenum,QB,10,113.48,26.690000000000005,0.35602100000000003,8.679,24.0,25.0,30.0,27.5,25.0,0.349078765625,159,32
2019,00-0033127,Will Fuller,WR,11,109.5,38.550000000000004,0.3500805078125001,6.45,48.09090909090909,49.09090909090909,54.09090909090909,51.59090909090909,49.09090909090909,0.4030171803977273,160,53
2019,00-0026158,Joe Flacco,QB,8,94.88,25.519999999999996,0.3492451953124999,8.67,24.0,25.0,30.0,27.5,25.0,0.3480197978515625,161,33
2019,00-0035216,Diontae Johnson,WR,16,129.6,26.699999999999996,0.33893686718749994,6.43125,47.1875,48.1875,53.1875,50.6875,48.1875,0.40107942529296875,162,54
2019,00-0032268,Marcus Mariota,QB,7,89.02,26.259999999999998,0.33886191406250005,8.965714285714286,24.0,25.0,30.0,27.5,25.0,0.35105579799107145,163,34
2019,00-0033460,John Ross,WR,8,81.0,25.75,0.3371328359375001,6.90625,47.375,48.375,53.375,50.875,48.375,0.3983561591796875,164,55
2019,00-0033357,Taysom Hill,TE,16,111.7,22.15,0.3319580624999998,5.596875,25.3125,26.3125,31.3125,28.8125,26.3125,0.39121053662109373,165,32
2019,00-0034838,Royce Freeman,RB,16,120.7,23.499999999999996,0.3047437812500001,6.075,35.3125,36.3125,41.3125,38.8125,36.3125,0.3826779853515625,166,45
2019,00-0035350,Preston Williams,WR,8,74.8,21.95,0.2997073749999998,6.60625,48.0,49.0,54.0,51.5,49.0,0.40306927734375003,167,56
2019,00-0034750,Rashaad Penny,RB,9,71.3,17.949999999999992,0.297214515625,5.927777777777779,34.55555555555556,35.55555555555556,40.55555555555556,38.05555555555556,35.55555555555556,0.3854089079861111,168,46
2019,00-0033879,O.J. Howard,TE,14,100.9,21.200000000000003,0.2877712734374999,5.692857142857143,25.357142857142858,26.357142857142858,31.357142857142858,28.857142857142858,26.357142857142858,0.39085252176339286,169,33
2019,00-0035704,Drew Lock,QB,5,74.0,19.71,0.2850638828125001,10.858,24.0,25.0,30.0,27.5,25.0,0.36373735625000003,170,35
2019,00-0033308,Matt Breida,RB,12,93.8,21.599999999999994,0.2565336875,6.016666666666667,34.583333333333336,35.583333333333336,40.583333333333336,38.083333333333336,35.583333333333336,0.38225298177083333,171,47
2019,00-0034981,Foster Moreau,TE,11,78.9,18.650000000000002,0.256099671875,5.4772727272727275,25.363636363636363,26.363636363636363,31.363636363636363,28.863636363636363,26.363636363636363,0.3920925973011364,172,34
2019,00-0031325,Sammy Watkins,WR,13,112.5,25.849999999999994,0.25428021875,6.665384615384616,47.07692307692308,48.07692307692308,53.07692307692308,50.57692307692308,48.07692307692308,0.3991723359375,173,57
2019,00-0033611,Ricky Seals-Jones,TE,9,65.9,16.55,0.24724523437499996,5.483333333333333,25.77777777777778,26.77777777777778,31.77777777777778,29.27777777777778,26.77777777777778,0.39698605555555555,174,35
2019,00-0034364,Jordan Akins,TE,16,107.8,18.000000000000004,0.24124610937500013,5.6125,25.25,26.25,31.25,28.75,26.25,0.39104868896484374,175,36
2019,00-0031951,James O'Shaughnessy,TE,5,48.3,19.45,0.2400353437499999,5.7700000000000005,24.4,25.4,30.4,27.9,25.4,0.3920207359375,176,37
2019,00-0032434,Brandon Allen,QB,3,36.5,16.560000000000002,0.23938074218749988,6.646666666666666,24.0,25.0,29.666666666666668,27.333333333333332,25.0,0.3196530885416667,177,36
2019,00-0031228,Taylor Gabriel,WR,9,75.8,18.749999999999996,0.23811856250000007,6.3388888888888895,48.77777777777778,49.77777777777778,54.77777777777778,52.27777777777778,49.77777777777778,0.40310756684027776,178,58
2019,00-0032741,Peyton Barber,RB,16,108.5,12.899999999999991,0.23510581249999996,5.9750000000000005,35.4375,36.4375,41.4375,38.9375,36.4375,0.3816824072265625,179,48
2019,00-0034970,Irv Smith,TE,14,97.1,17.6,0.23132343750000006,5.678571428571429,25.714285714285715,26.714285714285715,31.714285714285715,29.214285714285715,26.714285714285715,0.3868604603794643,180,38
2019,00-0034521,Allen Lazard,WR,12,85.3,12.0,0.22280035156249983,6.108333333333333,47.5,48.5,53.5,51.0,48.5,0.402255548828125,181,59
2019,00-0033658,Blake Jarwin,TE,15,101.0,15.95,0.21133587499999978,5.67,25.6,26.6,31.6,29.1,26.6,0.3891760276041667,182,39
2019,00-0026189,DeSean Jackson,WR,2,32.4,18.15,0.2065292578125001,7.125,48.0,49.0,54.0,51.5,49.0,0.39924851953124996,183,60
2019,00-0033251,Zach Pascal,WR,16,114.80000000000001,11.499999999999993,0.20465107812500022,6.456250000000001,47.5,48.5,53.5,51.0,48.5,0.40132535400390623,184,61
2019,00-0034676,James Washington,WR,15,111.5,13.95,0.2043947656249998,6.503333333333334,47.266666666666666,48.266666666666666,53.266666666666666,50.766666666666666,48.266666666666666,0.4006132109375,185,62
2019,00-0022803,Eli Manning,QB,4,64.38,15.030000000000003,0.19492646874999997,12.3375,24.0,25.0,30.0,27.5,25.0,0.377398123046875,186,37
2019,00-0031237,Teddy Bridgewater,QB,9,94.46000000000001,17.020000000000003,0.19276147656249992,8.604444444444445,24.0,25.0,30.0,27.5,25.0,0.34816721267361106,187,38
2019,00-0035040,David Blough,QB,5,66.86,12.570000000000006,0.19272347656249994,10.858,24.0,25.0,30.0,27.5,25.0,0.36373735625000003,188,39
2019,00-0030085,Kenny Stills,WR,13,100.1,13.999999999999996,0.18555137499999974,6.6230769230769235,47.76923076923077,48.76923076923077,53.76923076923077,51.26923076923077,48.76923076923077,0.401838796875,189,63
2019,00-0035342,Patrick Laird,RB,8,56.7,10.100000000000003,0.17704053906249972,5.825,35.125,36.125,41.125,38.625,36.125,0.3779481796875,190,49
2019,00-0033857,JuJu Smith-Schuster,WR,12,92.2,15.449999999999998,0.16652281250000028,6.395833333333333,47.083333333333336,48.083333333333336,53.083333333333336,50.583333333333336,48.083333333333336,0.4024647838541667,191,64
2019,00-0032975,Jonathan Williams,RB,5,37.9,11.699999999999998,0.16422956249999981,5.24,35.2,36.2,41.2,38.7,36.2,0.3807122734375,192,50
2019,00-0034301,Darrel Williams,RB,9,60.3,9.849999999999994,0.15898460937500003,5.605555555555556,35.55555555555556,36.55555555555556,41.55555555555556,39.05555555555556,36.55555555555556,0.3807556987847222,193,51
2019,00-0035689,Dawson Knox,TE,15,93.7,10.200000000000001,0.15599296093749992,5.566666666666666,25.466666666666665,26.466666666666665,31.466666666666665,28.966666666666665,26.466666666666665,0.3906646192708333,194,40
2019,00-0032599,Josh Perkins,TE,3,28.2,9.8,0.15564190625000002,6.133333333333333,26.333333333333332,27.333333333333332,32.333333333333336,29.833333333333332,27.333333333333332,0.38676666927083336,195,41
2019,00-0026035,Danny Amendola,WR,15,109.56,13.409999999999997,0.1540492968749999,6.41,47.93333333333333,48.93333333333333,53.93333333333333,51.43333333333333,48.93333333333333,0.4012445098958333,196,65
2019,00-0035232,Dwayne Haskins,QB,9,90.7,9.700000000000005,0.14941606249999995,9.0,24.0,25.0,29.88888888888889,27.444444444444443,25.0,0.34678926996527776,197,40
2019,00-0035652,Ryan Finley,QB,3,28.66,11.17,0.1363964374999998,5.830000000000001,24.0,25.0,29.333333333333332,27.166666666666668,25.0,0.312674546875,198,41
2019,00-0032940,DeAndre Washington,RB,16,103.9,7.849999999999996,0.12899282031249987,6.003125000000001,35.125,36.125,41.125,38.625,36.125,0.38301154296875,199,52
2019,00-0034011,Dan Arnold,TE,5,36.7,7.550000000000001,0.12302667187500022,5.83,25.0,26.0,31.0,28.5,26.0,0.3920470734375,200,42
2019,00-0034331,Jaylen Samuels,RB,13,82.9,5.199999999999996,0.12255807812500008,5.976923076923077,35.61538461538461,36.61538461538461,41.61538461538461,39.11538461538461,36.61538461538461,0.3809859795673077,201,53
2019,00-0032208,Phillip Dorsett,WR,11,86.3,11.2,0.11905780468749994,6.827272727272728,47.27272727272727,48.27272727272727,53.27272727272727,50.77272727272727,48.27272727272727,0.40006455113636363,202,66
2019,00-0035489,Wes Hills,RB,1,15.2,9.2,0.11636610937499997,6.0,35.0,36.0,41.0,38.5,36.0,0.36851702343750004,203,54
2019,00-0026544,Chase Daniel,QB,3,30.000000000000004,10.150000000000002,0.11182171093750004,6.616666666666667,24.0,25.0,30.0,27.5,25.0,0.323710625,204,42
2019,00-0031598,Nick Boyle,TE,15,90.6,7.799999999999999,0.10981160937499984,5.52,25.466666666666665,26.466666666666665,31.466666666666665,28.966666666666665,26.466666666666665,0.39011765,205,43
2019,00-0024221,Vernon Davis,TE,4,33.3,9.099999999999998,0.10783998437499998,6.05,24.5,25.5,30.5,28.0,25.5,0.386298853515625,206,44
2019,00-0027793,Antonio Brown,WR,1,14.100000000000001,7.050000000000001,0.10537950000000001,7.050000000000001,50.0,51.0,56.0,53.5,51.0,0.38704178125,207,67
2019,00-0029567,Nick Foles,QB,4,41.74,5.650000000000002,0.09896483593749991,9.0225,24.0,25.0,30.0,27.5,25.0,0.34049656835937503,208,43
2019,00-0034432,Bo Scarbrough,RB,6,42.7,6.050000000000001,0.09548907031249998,6.108333333333333,35.5,36.5,41.5,39.0,36.5,0.3791067330729167,209,55
2019,00-0031236,Brandin Cooks,WR,14,96.5,5.300000000000002,0.07904027343749981,6.514285714285714,47.857142857142854,48.857142857142854,53.857142857142854,51.357142857142854,48.857142857142854,0.40190388337053573,210,68
2019,00-0031288,AJ McCarron,QB,2,18.9,4.449999999999999,0.07641892968750003,7.225,24.0,25.0,30.0,27.5,25.0,0.30915775,211,44
2019,00-0033733,Greg Ward,WR,6,45.900000000000006,7.300000000000001,0.07553642187499998,6.433333333333334,47.5,48.5,53.5,51.0,48.5,0.39910626041666664,212,69
2019,00-0034686,Auden Tate,WR,12,81.5,6.049999999999998,0.07083290624999994,6.2875000000000005,47.333333333333336,48.333333333333336,53.333333333333336,50.833333333333336,48.333333333333336,0.40285593098958333,213,70
2019,00-0030288,Rex Burkhead,RB,13,87.6,7.149999999999995,0.06854729687500011,6.188461538461539,35.38461538461539,36.38461538461539,41.38461538461539,38.88461538461539,36.38461538461539,0.38068783473557694,214,56
2019,00-0034208,Mike Boone,RB,8,48.5,1.6000000000000014,0.06099635156249983,5.862500000000001,34.875,35.875,40.875,38.375,35.875,0.376192845703125,215,57
2019,00-0031549,Nelson Agholor,WR,11,74.5,1.7500000000000022,0.05789732812499998,6.613636363636363,47.36363636363637,48.36363636363637,53.36363636363637,50.86363636363637,48.36363636363637,0.4027718828125,216,71
2019,00-0032945,Duke Williams,WR,4,28.6,3.9,0.05755819531250006,6.175000000000001,48.25,49.25,54.25,51.75,49.25,0.404961029296875,217,72
2019,00-0033567,Brian Hill,RB,10,62.2,3.8499999999999988,0.05379485937499995,5.835,34.6,35.6,40.6,38.1,35.6,0.3796485,218,58
2019,00-0032112,J.J. Nelson,WR,1,11.6,4.099999999999999,0.049738343750000025,7.500000000000001,50.0,51.0,56.0,53.5,51.0,0.4090454921875,219,73
2019,00-0034073,Ross Dwelley,TE,8,43.6,0.1499999999999977,0.046802593750000065,5.43125,25.75,26.75,31.75,29.25,26.75,0.38964759375,220,45
2019,00-0025399,Marshawn Lynch,RB,1,9.4,3.0,0.04290788281250002,6.4,38.0,39.0,44.0,41.5,39.0,0.34878697656249996,221,59
2019,00-0034830,Hayden Hurst,TE,16,91.9,2.1999999999999997,0.04176091406249982,5.60625,25.5,26.5,31.5,29.0,26.5,0.39078429248046875,222,46
2019,00-0035624,N'Keal Harry,TE,7,45.4,4.1000000000000005,0.040877625000000084,5.8999999999999995,25.571428571428573,26.571428571428573,31.571428571428573,29.071428571428573,26.571428571428573,0.38978300223214285,223,47
2019,00-0035261,Tony Pollard,RB,14,81.7,0.7499999999999964,0.03949417968749985,5.7821428571428575,35.0,36.0,41.0,38.5,36.0,0.38228146428571425,224,60
2019,00-0026625,Brian Hoyer,QB,4,29.080000000000002,0.120000000000001,0.027062562499999915,7.24,24.0,25.0,29.25,27.125,25.0,0.32306078515625003,225,45
2019,00-0032980,Marcus Johnson,WR,8,48.2,-1.5500000000000025,0.014699335937499891,6.21875,47.0,48.0,53.0,50.5,48.0,0.3995971181640625,226,74
2019,00-0034353,Anthony Miller,WR,16,101.5,-1.8000000000000052,0.014626781249999943,6.456250000000001,47.5,48.5,53.5,51.0,48.5,0.40132535400390623,227,75
2019,00-0030404,Chris Thompson,RB,11,72.60000000000001,1.8499999999999979,0.009056484375000118,6.431818181818182,35.72727272727273,36.72727272727273,41.72727272727273,39.22727272727273,36.72727272727273,0.38189770809659085,228,61
2019,00-0035140,Mecole Hardman,WR,16,104.5,0.7000000000000002,0.009030007812499963,6.487500000000001,47.1875,48.1875,53.1875,50.6875,48.1875,0.40107922802734375,229,76
2019,00-0032134,C.J. Uzomah,TE,14,76.7,-2.4000000000000004,0.004108390624999847,5.6499999999999995,25.357142857142858,26.357142857142858,31.357142857142858,28.857142857142858,26.357142857142858,0.3920398493303571,230,48
2019,00-0031934,Devin Smith,WR,3,19.8,-1.200000000000001,0.0012788828124999374,7.0,47.0,48.0,53.0,50.5,48.0,0.3995835963541667,231,77
2019,00-0034115,Jeff Wilson,RB,8,45.400000000000006,-1.2500000000000044,0.00016708593750008882,5.831250000000001,34.625,35.625,40.625,38.125,35.625,0.385698876953125,232,62
2019,00-0034681,Chase Edmonds,RB,12,76.8,0.6999999999999984,-0.00041373437499986343,6.341666666666668,35.083333333333336,36.083333333333336,41.083333333333336,38.583333333333336,36.083333333333336,0.38376802213541666,233,63
2019,00-0023500,Frank Gore,RB,15,88.4,-1.3000000000000034,-0.004524203124999904,5.98,35.2,36.2,41.2,38.7,36.2,0.38327671979166666,234,64
2019,00-0030216,Josh Hill,TE,14,78.1,-1.1499999999999986,-0.006919164062500205,5.660714285714286,25.214285714285715,26.214285714285715,31.214285714285715,28.714285714285715,26.214285714285715,0.3928151595982143,235,49
2019,00-0027688,Colt McCoy,QB,1,6.28,-0.8400000000000007,-0.008461937500000016,7.120000000000001,24.0,25.0,30.0,27.5,25.0,0.36379691406250003,236,46
2019,00-0034653,Deontay Burnett,WR,1,5.800000000000001,-0.5999999999999996,-0.008566812499999965,6.4,46.0,47.0,52.0,49.5,47.0,0.39266322656249997,237,78
2019,00-0031299,Jordan Matthews,TE,2,9.3,-0.10000000000000009,-0.00966414843750002,4.7,25.0,26.0,31.0,28.5,26.0,0.39798275000000005,238,50
2019,00-0035562,Jesper Horsted,TE,5,26.7,-2.6999999999999984,-0.01794357031249999,5.88,25.8,26.8,31.8,29.3,26.8,0.39359298125,239,51
2019,00-0034735,Codey McElroy,TE,1,4.5,-1.5499999999999998,-0.018765937499999996,6.05,25.0,26.0,31.0,28.5,26.0,0.3862104375,240,52
2019,00-0027874,Demaryius Thomas,WR,11,67.3,-0.5000000000000004,-0.01983892968750023,6.163636363636363,47.45454545454545,48.45454545454545,53.45454545454545,50.95454545454545,48.45454545454545,0.40209515625000003,241,79
2019,00-0032209,T.J. Yeldon,RB,4,23.200000000000003,-2.2500000000000018,-0.021223781250000018,6.362500000000001,37.75,38.75,43.75,41.25,38.75,0.38407542578125,242,65
2019,00-0033885,David Njoku,TE,3,17.599999999999998,-0.5,-0.02312811718750013,6.033333333333334,26.0,27.0,32.0,29.5,27.0,0.38426846875000004,243,53
2019,00-0035025,Hale Hentges,TE,5,28.3,-1.1500000000000004,-0.02320318750000011,5.89,24.6,25.6,30.6,28.1,25.6,0.38171255312499996,244,54
2019,00-0030533,Matt Barkley,QB,2,11.959999999999999,-2.040000000000001,-0.026464726562499874,7.0,24.0,25.0,30.0,27.5,25.0,0.33250030859374996,245,47
2019,00-0033871,Corey Davis,WR,15,93.60000000000001,-3.8999999999999995,-0.026787898437499902,6.5,47.666666666666664,48.666666666666664,53.666666666666664,51.166666666666664,48.666666666666664,0.40180926145833334,246,80
2019,00-0029587,Rhett Ellison,TE,10,49.7,-3.600000000000002,-0.02771614062500033,5.33,25.3,26.3,31.3,28.8,26.3,0.39144723046875,247,55
2019,00-0034766,Chris Herndon,TE,1,2.2,-2.6000000000000005,-0.0329490234375,4.800000000000001,28.0,29.0,34.0,31.5,29.0,0.386174296875,248,56
2019,00-0032055,Devin Funchess,WR,1,4.7,-3.25,-0.03784006250000005,7.95,51.0,52.0,57.0,54.5,52.0,0.398012484375,249,81
2019,00-0034765,Tre'Quan Smith,WR,10,62.400000000000006,-2.3500000000000023,-0.038173374999999954,6.475,47.7,48.7,53.7,51.2,48.7,0.39818312109375,250,82
2019,00-0035308,Tommy Sweeney,TE,5,23.400000000000002,-5.149999999999999,-0.041801124999999884,5.71,24.0,25.0,30.0,27.5,25.0,0.3888556046875,251,57
2019,00-0034184,Gus Edwards,RB,16,89.10000000000001,-5.850000000000002,-0.04206753906249999,5.934375,35.25,36.25,41.25,38.75,36.25,0.3829208427734375,252,66
2019,00-0022787,Matt Schaub,QB,5,34.900000000000006,-4.739999999999996,-0.05079320312499999,7.928,24.0,25.0,30.0,27.5,25.0,0.3314354078125,253,48
2019,00-0032661,Ben Braunecker,TE,5,20.900000000000002,-3.7500000000000004,-0.05107678906250013,4.930000000000001,25.6,26.6,31.6,29.1,26.6,0.39059009843750003,254,58
2019,00-0035726,Jakob Johnson,RB,1,1.0,-5.1000000000000005,-0.05282703124999999,6.1000000000000005,38.0,39.0,44.0,41.5,39.0,0.4024575546875,255,67
2019,00-0035577,Devlin Hodges,QB,8,67.32000000000001,-5.159999999999998,-0.05301664843750015,9.06,24.0,25.0,30.0,27.5,25.0,0.3533712744140625,256,49
2019,00-0035657,Damien Harris,RB,1,1.2000000000000002,-4.3500000000000005,-0.05470338281249998,5.550000000000001,31.0,32.0,37.0,34.5,32.0,0.39635726562499995,257,68
2019,00-0035510,Jeff Smith,WR,1,1.7000000000000002,-4.8,-0.05717740625000001,6.5,47.0,48.0,53.0,50.5,48.0,0.3895659296875,258,83
2019,00-0029141,Alfred Morris,RB,1,0.4,-4.45,-0.05751459375000001,4.8500000000000005,36.0,37.0,42.0,39.5,37.0,0.363015171875,259,69
2019,00-0034808,John Kelly,RB,1,0.9,-4.65,-0.05830899218749991,5.550000000000001,31.0,32.0,37.0,34.5,32.0,0.39635726562499995,260,70
2019,00-0033742,Tyrone Swoopes,TE,1,2.0,-4.35,-0.05949104687499995,6.35,24.0,25.0,30.0,27.5,25.0,0.38580771875,261,59
2019,00-0034034,Rashard Davis,WR,1,2.1,-4.300000000000001,-0.06022008593749989,6.4,46.0,47.0,52.0,49.5,47.0,0.39266322656249997,262,84
2019,00-0032377,Josh Ferguson,RB,1,0.9,-5.1,-0.06047935937500004,6.0,35.0,36.0,41.0,38.5,36.0,0.36851702343750004,263,71
2019,00-0033604,Krishawn Hogan,WR,1,0.9,-5.15,-0.06212130468749999,6.050000000000001,49.0,50.0,55.0,52.5,50.0,0.4142809375,264,85
2019,00-0027939,Cam Newton,QB,2,18.68,-5.729999999999999,-0.06626665624999989,12.205,24.0,25.0,30.0,27.5,25.0,0.37828333203125,265,50
2019,00-0035597,John Ursua,WR,1,1.6,-4.800000000000001,-0.06696589062499991,6.4,46.0,47.0,52.0,49.5,47.0,0.39266322656249997,266,86
2019,00-0033374,Ricky Ortiz,RB,1,1.3,-5.1000000000000005,-0.06826896093749996,6.4,38.0,39.0,44.0,41.5,39.0,0.34878697656249996,267,72
2019,00-0029632,Mohamed Sanu,WR,15,94.6,-4.450000000000004,-0.06841546875000015,6.603333333333334,47.2,48.2,53.2,50.7,48.2,0.4013717807291667,268,87
2019,00-0031076,David Fales,QB,1,0.0,-7.120000000000001,-0.06949323437500005,7.120000000000001,24.0,25.0,30.0,27.5,25.0,0.36379691406250003,269,51
2019,00-0035587,Spencer Schnell,WR,1,0.0,-6.050000000000001,-0.07265700781249995,6.050000000000001,49.0,50.0,55.0,52.5,50.0,0.4142809375,270,88
2019,00-0034267,Jaleel Scott,WR,1,1.1,-5.300000000000001,-0.07365924218749997,6.4,46.0,47.0,52.0,49.5,47.0,0.39266322656249997,271,89
2019,00-0034705,John Franklin,WR,1,1.1,-5.300000000000001,-0.07365924218749997,6.4,46.0,47.0,52.0,49.5,47.0,0.39266322656249997,272,90
2019,00-0033094,Marvin Hall,WR,7,36.300000000000004,-5.299999999999999,-0.07391951562500021,5.942857142857143,46.857142857142854,47.857142857142854,52.857142857142854,50.357142857142854,47.857142857142854,0.40684479464285717,273,91
2019,00-0030711,David Fluellen,RB,1,0.0,-6.6000000000000005,-0.07406664843749994,6.6000000000000005,33.0,34.0,39.0,36.5,34.0,0.38857722656249993,274,73
2019,00-0034660,Rico Gafford,WR,3,13.600000000000001,-6.200000000000001,-0.0757433515624999,6.6000000000000005,46.666666666666664,47.666666666666664,52.666666666666664,50.166666666666664,47.666666666666664,0.40017335677083327,275,92
2019,00-0022943,Benjamin Watson,TE,9,42.8,-6.5,-0.07670106250000014,5.477777777777778,25.555555555555557,26.555555555555557,31.555555555555557,29.055555555555557,26.555555555555557,0.38874612239583334,276,60
2019,00-0033117,Bronson Kaufusi,TE,1,0.0,-5.5,-0.07710511718750002,5.5,24.0,25.0,30.0,27.5,25.0,0.37378205468750003,277,61
2019,00-0033215,Cyril Grayson,WR,1,0.8,-5.6000000000000005,-0.07758331250000006,6.4,46.0,47.0,52.0,49.5,47.0,0.39266322656249997,278,93
2019,00-0035273,Qadree Ollison,RB,6,30.2,-6.0500000000000025,-0.08171160156250001,6.041666666666667,35.166666666666664,36.166666666666664,41.166666666666664,38.666666666666664,36.166666666666664,0.37909988932291666,279,74
2019,00-0032227,Jeff Heuerman,TE,8,38.4,-7.65,-0.08330420312500003,5.75625,25.125,26.125,31.125,28.625,26.125,0.3881051552734375,280,62
2019,00-0035406,Lil'Jordan Humphrey,WR,1,0.0,-6.45,-0.08543875781250004,6.45,41.0,42.0,47.0,44.5,42.0,0.402663515625,281,94
2019,00-0033080,Seth DeValve,TE,7,32.0,-6.949999999999998,-0.08578208593749986,5.564285714285715,25.428571428571427,26.428571428571427,31.428571428571427,28.928571428571427,26.428571428571427,0.39157091629464286,282,63
2019,00-0030520,Mike Glennon,QB,2,4.239999999999999,-7.92,-0.08741192968750006,6.08,24.0,25.0,30.0,27.5,25.0,0.33130196875000006,283,52
2019,00-0032141,Geoff Swaim,TE,6,26.0,-7.6,-0.08795306250000012,5.6000000000000005,24.666666666666668,25.666666666666668,30.666666666666668,28.166666666666668,25.666666666666668,0.39287999869791673,284,64
2019,00-0033006,Jaydon Mickens,WR,1,0.0,-6.4,-0.08814354687499998,6.4,46.0,47.0,52.0,49.5,47.0,0.39266322656249997,285,95
2019,00-0034710,Darvin Kidsy,WR,1,0.0,-6.4,-0.08814354687499998,6.4,46.0,47.0,52.0,49.5,47.0,0.39266322656249997,286,96
2019,00-0033950,Wayne Gallman,RB,9,42.7,-9.550000000000004,-0.08819635937499992,5.805555555555556,35.111111111111114,36.111111111111114,41.111111111111114,38.611111111111114,36.111111111111114,0.3881084505208333,287,75
2019,00-0031023,Quincy Enunwa,WR,1,0.09999999999999998,-7.8500000000000005,-0.08899000000000001,7.95,51.0,52.0,57.0,54.5,52.0,0.398012484375,288,97
2019,00-0034679,Mark Walton,RB,7,34.5,-7.350000000000003,-0.0891424687499997,5.9785714285714295,35.0,36.0,41.0,38.5,36.0,0.38210934263392854,289,76
2019,00-0031744,Matt LaCosse,TE,8,38.6,-6.499999999999998,-0.08959097656249998,5.6375,25.375,26.375,31.375,28.875,26.375,0.3914204521484375,290,65
2019,00-0033576,Eric Saubert,TE,2,5.1,-7.299999999999999,-0.09420292968749994,6.199999999999999,24.5,25.5,30.5,28.0,25.5,0.38600907812499996,291,66
2019,00-0032689,Jason Vander Laan,TE,1,0.0,-6.6,-0.09491652343750001,6.6,24.0,25.0,30.0,27.5,25.0,0.371431578125,292,67
2019,00-0033933,Chad Williams,WR,1,0.0,-7.3500000000000005,-0.09502449999999996,7.3500000000000005,45.0,46.0,51.0,48.5,46.0,0.39357590625,293,98
2019,00-0035414,Jalen Guyton,WR,1,0.0,-7.3500000000000005,-0.09502449999999996,7.3500000000000005,45.0,46.0,51.0,48.5,46.0,0.39357590625,294,99
2019,00-0032009,Adam Humphries,WR,12,68.0,-7.950000000000002,-0.09532195312500025,6.329166666666667,47.916666666666664,48.916666666666664,53.916666666666664,51.416666666666664,48.916666666666664,0.40281198828125,295,100
2019,00-0035146,Trace McSorley,QB,1,0.1,-7.76,-0.09678051562499992,7.859999999999999,24.0,25.0,30.0,27.5,25.0,0.33799057812499994,296,53
2019,00-0032117,Nick O'Leary,TE,8,36.4,-7.300000000000001,-0.09696969531250016,5.4625,25.25,26.25,31.25,28.75,26.25,0.39037567578125004,297,68
2019,00-0034922,Ishmael Hyman,WR,2,4.4,-8.15,-0.09739971874999998,6.275,48.0,49.0,54.0,51.5,49.0,0.40192343359375,298,101
2019,00-0033319,Nick Mullens,QB,1,-0.30000000000000004,-8.790000000000001,-0.09814378906249999,8.49,24.0,25.0,30.0,27.5,25.0,0.35443792187499995,299,54
2019,00-0032775,Demarcus Robinson,WR,15,84.9,-11.450000000000001,-0.09841853124999994,6.423333333333334,47.2,48.2,53.2,50.7,48.2,0.40164844947916667,300,102
2019,00-0034319,Deon Yelder,TE,3,9.5,-7.500000000000002,-0.10325267968750002,5.666666666666667,26.666666666666668,27.666666666666668,32.666666666666664,30.166666666666668,27.666666666666668,0.38750535416666665,301,69
2019,00-0031690,Eric Tomlinson,TE,2,1.6,-8.8,-0.10535013281250005,5.2,25.0,26.0,31.0,28.5,26.0,0.3880335625,302,70
2019,00-0035104,Alexander Hollins,WR,2,5.6000000000000005,-8.15,-0.10652591406249995,6.875,45.5,46.5,51.5,49.0,46.5,0.39311956640625,303,103
2019,00-0032540,Tra Carson,RB,3,8.600000000000001,-8.8,-0.10690310937500003,5.800000000000001,36.0,37.0,42.0,39.5,37.0,0.3846969817708333,304,77
2019,00-0034654,Dalyn Dawkins,RB,2,2.6000000000000005,-8.85,-0.1074889140625,5.725,35.0,36.0,41.0,38.5,36.0,0.37706249218750004,305,78
2019,00-0034081,Steven Mitchell,WR,2,4.7,-8.0,-0.10800325,6.3500000000000005,45.5,46.5,51.5,49.0,46.5,0.396573890625,306,104
2019,00-0033455,Anthony Firkser,TE,10,47.4,-8.95,-0.10850099999999985,5.635,26.0,27.0,32.0,29.5,27.0,0.3886884140625,307,71
2019,00-0033367,C.J. Board,WR,2,4.1000000000000005,-8.700000000000001,-0.1090228359375,6.4,46.0,47.0,52.0,49.5,47.0,0.3950252421875,308,105
2019,00-0031189,T.J. Jones,WR,3,11.3,-9.700000000000001,-0.10918131250000002,7.0,47.0,48.0,53.0,50.5,48.0,0.3995835963541667,309,106
2019,00-0035539,Isaac Nauta,TE,2,4.3,-8.600000000000001,-0.1095981875,6.45,28.0,29.0,34.0,31.5,29.0,0.39453289062499997,310,72
2019,00-0035251,Will Grier,QB,2,9.32,-9.04,-0.11082417968749994,9.18,24.0,25.0,30.0,27.5,25.0,0.3590713515625,311,55
2019,00-0034439,Ryan Izzo,TE,6,26.4,-7.200000000000001,-0.11096823437500009,5.6000000000000005,24.666666666666668,25.666666666666668,30.666666666666668,28.166666666666668,25.666666666666668,0.39287999869791673,312,73
2019,00-0035184,Devine Ozigbo,RB,3,6.5,-9.150000000000002,-0.11247564062499993,5.216666666666668,35.666666666666664,36.666666666666664,41.666666666666664,39.166666666666664,36.666666666666664,0.37203606770833336,313,79
2019,00-0035217,Benny Snell,RB,11,56.400000000000006,-12.250000000000004,-0.11285950000000017,6.240909090909091,35.36363636363637,36.36363636363637,41.36363636363637,38.86363636363637,36.36363636363637,0.3809716690340909,314,80
2019,00-0034457,Josh Adams,RB,2,1.2000000000000002,-8.65,-0.11446863281249997,4.925000000000001,35.5,36.5,41.5,39.0,36.5,0.39302912109375,315,81
2019,00-0031035,Xavier Grimble,TE,2,1.8,-9.15,-0.11976235937500002,5.475,24.0,25.0,30.0,27.5,25.0,0.37641026953125,316,74
2019,00-0030443,Levine Toilolo,TE,3,4.0,-10.350000000000001,-0.12028899218749994,4.783333333333334,25.333333333333332,26.333333333333332,31.333333333333332,28.833333333333332,26.333333333333332,0.40303773958333333,317,75
2019,00-0033763,Evan Baylis,TE,2,0.0,-9.850000000000001,-0.1214214609375,4.925000000000001,25.0,26.0,31.0,28.5,26.0,0.393716640625,318,76
2019,00-0034367,Nyheim Hines,RB,16,83.9,-12.150000000000004,-0.12288957031249992,6.003125000000001,35.125,36.125,41.125,38.625,36.125,0.38301154296875,319,82
2019,00-0035222,Zach Gentry,TE,2,1.9,-10.45,-0.12434612499999997,6.175000000000001,25.0,26.0,31.0,28.5,26.0,0.38991120703124993,320,77
2019,00-0029854,C.J. Anderson,RB,2,4.3,-9.500000000000002,-0.12473796874999993,6.9,33.5,34.5,39.5,37.0,34.5,0.39058489453124995,321,83
2019,00-0032577,D.J. Foster,RB,2,0.0,-11.200000000000001,-0.125556421875,5.6000000000000005,37.0,38.0,43.0,40.5,38.0,0.38877432421875,322,84
2019,00-0034772,Antonio Callaway,WR,4,12.9,-11.3,-0.12674589843750006,6.050000000000001,46.75,47.75,52.75,50.25,47.75,0.405932646484375,323,107
2019,00-0034411,Russell Gage,WR,14,76.30000000000001,-12.099999999999998,-0.12727229687500013,6.314285714285715,47.857142857142854,48.857142857142854,53.857142857142854,51.357142857142854,48.857142857142854,0.4012203387276786,324,108
2019,00-0032319,Ross Travis,TE,3,9.1,-9.55,-0.12729481250000002,6.216666666666666,26.333333333333332,27.333333333333332,32.333333333333336,29.833333333333332,27.333333333333332,0.38197462239583335,325,78
2019,00-0033681,Keelan Cole,WR,12,66.7,-11.250000000000002,-0.1277574609375,6.495833333333334,47.25,48.25,53.25,50.75,48.25,0.4017066927083333,326,109
2019,00-0035249,Josh Oliver,TE,3,6.0,-9.5,-0.12789070312499995,5.166666666666667,25.666666666666668,26.666666666666668,31.666666666666668,29.166666666666668,26.666666666666668,0.3828992552083334,327,79
2019,00-0025708,Matt Moore,QB,6,42.26,-13.17,-0.1281002578124999,9.238333333333333,24.0,25.0,29.833333333333332,27.416666666666668,25.0,0.35010653776041667,328,56
2019,00-0022924,Ben Roethlisberger,QB,2,14.74,-9.67,-0.12852296874999997,12.205,24.0,25.0,30.0,27.5,25.0,0.37828333203125,329,57
2019,00-0035590,Riley Ridley,WR,3,9.9,-10.350000000000001,-0.12918836718749988,6.75,46.0,47.0,52.0,49.5,47.0,0.39193502083333326,330,110
2019,00-0030414,Spencer Ware,RB,3,9.8,-10.2,-0.12982901562500004,6.666666666666667,34.0,35.0,40.0,37.5,35.0,0.37991803906250005,331,85
2019,00-0026986,Michael Crabtree,WR,2,4.199999999999999,-10.350000000000001,-0.13236940625000004,7.275,50.0,51.0,56.0,53.5,51.0,0.39804363671875,332,111
2019,00-0035013,Jon Hilliman,RB,3,6.7,-10.850000000000001,-0.13300990625000003,5.8500000000000005,38.333333333333336,39.333333333333336,44.333333333333336,41.833333333333336,39.333333333333336,0.3867128098958334,333,86
2019,00-0030147,Russell Shepard,WR,2,4.0,-10.55,-0.13329208593750003,7.275,50.0,51.0,56.0,53.5,51.0,0.39804363671875,334,112
2019,00-0032417,Paul Perkins,RB,3,4.3,-10.700000000000001,-0.13392985156249992,5.000000000000001,34.333333333333336,35.333333333333336,40.333333333333336,37.833333333333336,35.333333333333336,0.37332849479166663,335,87
2019,00-0033382,Austin Carr,WR,2,1.4,-10.85,-0.13429811718750012,6.125,50.5,51.5,56.5,54.0,51.5,0.40961687500000005,336,113
2019,00-0035553,Charles Jones,TE,2,2.0,-10.35,-0.13774786718750004,6.175,27.0,28.0,33.0,30.5,28.0,0.38704478515625,337,80
2019,00-0027985,Lance Kendricks,TE,4,9.5,-12.05,-0.13844967968749994,5.3875,25.5,26.5,31.5,29.0,26.5,0.39543860546875,338,81
2019,00-0034366,Keke Coutee,WR,8,41.800000000000004,-9.000000000000002,-0.14013721874999996,6.3500000000000005,46.125,47.125,52.125,49.625,47.125,0.40117751953125,339,114
2019,00-0034995,Dexter Williams,RB,2,1.1,-10.850000000000001,-0.14020194531249996,5.9750000000000005,34.5,35.5,40.5,38.0,35.5,0.37257212109374993,340,88
2019,00-0034365,Ian Thomas,TE,10,43.6,-13.85,-0.1414468828125,5.745,25.1,26.1,31.1,28.6,26.1,0.3924535421875,341,82
2019,00-0029623,Alex Tanney,QB,1,0.04,-12.5,-0.14222859375000002,12.54,24.0,25.0,30.0,27.5,25.0,0.3932155703125,342,58
2019,00-0034747,Marcell Ateman,WR,4,12.100000000000001,-11.200000000000001,-0.14315687500000007,5.825,48.25,49.25,54.25,51.75,49.25,0.404291484375,343,115
2019,00-0029664,Josh Gordon,WR,11,62.2,-9.05,-0.14451888281249992,6.4772727272727275,47.36363636363637,48.36363636363637,53.36363636363637,50.86363636363637,48.36363636363637,0.3997424900568182,344,116
2019,00-0031068,Ryan Grant,WR,2,3.4,-11.600000000000001,-0.14943596874999998,7.5,50.5,51.5,56.5,54.0,51.5,0.39252713281249996,345,117
2019,00-0034378,Ito Smith,RB,7,30.8,-12.700000000000005,-0.15373750781249995,6.214285714285715,35.285714285714285,36.285714285714285,41.285714285714285,38.785714285714285,36.285714285714285,0.3914475535714286,346,89
2019,00-0032156,Trevor Siemian,QB,1,0.12,-11.97,-0.1556901875,12.09,24.0,25.0,30.0,27.5,25.0,0.374707046875,347,59
2019,00-0031257,Paul Richardson,WR,10,50.5,-13.25,-0.15570410937500012,6.375,48.1,49.1,54.1,51.6,49.1,0.40445120156250003,348,118
2019,00-0032139,Ben Koyack,TE,3,2.4,-12.05,-0.15767702343750012,4.816666666666666,25.666666666666668,26.666666666666668,31.666666666666668,29.166666666666668,26.666666666666668,0.3931834114583334,349,83
2019,00-0031167,Scott Simonson,TE,3,4.1,-12.65,-0.1592925703125001,5.583333333333333,26.666666666666668,27.666666666666668,32.666666666666664,30.166666666666668,27.666666666666668,0.4034409635416667,350,84
2019,00-0035592,Travis Fulgham,WR,2,0.0,-12.450000000000001,-0.16080055468749993,6.2250000000000005,47.5,48.5,53.5,51.0,48.5,0.40347208203124996,351,119
2019,00-0033725,Corey Clement,RB,2,0.0,-13.3,-0.1627221874999999,6.65,36.0,37.0,42.0,39.5,37.0,0.39752505859375,352,90
2019,00-0034164,Trenton Cannon,RB,2,0.0,-13.3,-0.1627221874999999,6.65,36.0,37.0,42.0,39.5,37.0,0.39752505859375,353,91
2019,00-0035593,Juwann Winfree,WR,2,0.0,-12.8,-0.16298900000000005,6.4,47.5,48.5,53.5,51.0,48.5,0.40385540234375006,354,120
2019,00-0034309,Chad Beebe,WR,3,8.0,-14.500000000000002,-0.16822871874999995,7.5,50.333333333333336,51.333333333333336,56.333333333333336,53.833333333333336,51.333333333333336,0.3980332526041666,355,121
2019,00-0030710,Trey Burton,TE,8,29.4,-12.550000000000004,-0.16983219531249993,5.24375,25.375,26.375,31.375,28.875,26.375,0.3908193115234375,356,85
2019,00-0030669,Albert Wilson,WR,13,67.9,-13.700000000000003,-0.17174435156249984,6.276923076923078,47.61538461538461,48.61538461538461,53.61538461538461,51.11538461538461,48.61538461538461,0.4017369519230769,357,122
2019,00-0032778,Tajae Sharpe,WR,13,69.39999999999999,-14.100000000000005,-0.1735538046874998,6.423076923076923,47.92307692307692,48.92307692307692,53.92307692307692,51.42307692307692,48.92307692307692,0.4012780600961538,358,123
2019,00-0031665,Zach Zenner,RB,3,2.7,-13.900000000000002,-0.17495482031249987,5.533333333333334,33.666666666666664,34.666666666666664,39.666666666666664,37.166666666666664,34.666666666666664,0.3786382447916667,359,92
2019,00-0035311,Myles Gaskin,RB,7,27.9,-12.3,-0.17500008593750005,5.742857142857143,34.714285714285715,35.714285714285715,40.714285714285715,38.214285714285715,35.714285714285715,0.38211406584821433,360,93
2019,00-0035500,Greg Dortch,WR,2,0.0,-13.650000000000002,-0.17874740624999996,6.825000000000001,45.0,46.0,51.0,48.5,46.0,0.39703023046874997,361,124
2019,00-0031484,Chris Manhertz,TE,3,2.6,-14.75,-0.1787651406250002,5.783333333333334,26.666666666666668,27.666666666666668,32.666666666666664,30.166666666666668,27.666666666666668,0.3920665546875,362,86
2019,00-0035039,Stephen Carlson,TE,6,18.6,-14.499999999999998,-0.17964828906250013,5.516666666666667,26.0,27.0,32.0,29.5,27.0,0.38757901692708335,363,87
2019,00-0035551,Tony Brooks-James,RB,3,0.7000000000000001,-13.55,-0.18213175000000004,4.75,35.666666666666664,36.666666666666664,41.666666666666664,39.166666666666664,36.666666666666664,0.37506512500000005,364,94
2019,00-0033911,Taywan Taylor,WR,2,0.0,-13.5,-0.18285454687500008,6.75,45.5,46.5,51.5,49.0,46.5,0.3948526484375,365,125
2019,00-0033471,Isaiah Ford,WR,8,37.0,-14.3,-0.18443399999999993,6.4125000000000005,46.5,47.5,52.5,50.0,47.5,0.4006713203125,366,126
2019,00-0034788,Jaeden Graham,TE,10,34.400000000000006,-18.349999999999998,-0.18902129687500024,5.275,25.3,26.3,31.3,28.8,26.3,0.39409330468750003,367,88
2019,00-0031577,Javorius Allen,RB,4,11.000000000000002,-14.149999999999999,-0.1898437500000001,6.2875,36.0,37.0,42.0,39.5,37.0,0.366223994140625,368,95
2019,00-0035275,Jordan Scarlett,RB,3,0.9,-16.5,-0.19026329687499993,5.800000000000001,36.0,37.0,42.0,39.5,37.0,0.3846969817708333,369,96
2019,00-0033696,Sean Culkin,TE,3,2.7,-14.9,-0.19267115625000003,5.866666666666667,24.666666666666668,25.666666666666668,30.666666666666668,28.166666666666668,25.666666666666668,0.3848179713541667,370,89
2019,00-0035631,Drew Sample,TE,5,10.5,-16.1,-0.19392279687500003,5.32,25.6,26.6,31.6,29.1,26.6,0.3889805609375,371,90
2019,00-0033896,Adam Shaheen,TE,7,22.9,-16.2,-0.19400203906250002,5.585714285714286,25.0,26.0,31.0,28.5,26.0,0.38803048995535716,372,91
2019,00-0034972,Alexander Mattison,RB,13,63.400000000000006,-14.600000000000005,-0.19408377343749983,6.000000000000001,35.23076923076923,36.23076923076923,41.23076923076923,38.73076923076923,36.23076923076923,0.38481783353365384,373,97
2019,00-0034412,Luke Falk,QB,3,14.64,-16.92,-0.19492270312499999,10.520000000000001,24.0,25.0,30.0,27.5,25.0,0.3727757786458334,374,60
2019,00-0034052,Brandon Zylstra,WR,5,14.600000000000001,-17.05,-0.1989533203124999,6.33,47.2,48.2,53.2,50.7,48.2,0.40316379218750004,375,127
2019,00-0033474,Gehrig Dieter,WR,2,0.0,-13.850000000000001,-0.2031047890625,6.925000000000001,45.5,46.5,51.5,49.0,46.5,0.39899467578125003,376,128
2019,00-0030089,Luke Willson,TE,7,19.9,-17.1,-0.2057202890625,5.285714285714286,25.428571428571427,26.428571428571427,31.428571428571427,28.928571428571427,26.428571428571427,0.39584948660714286,377,92
2019,00-0031407,Blake Bortles,QB,2,-0.78,-16.480000000000004,-0.20607191406250003,7.8500000000000005,24.0,25.0,29.0,27.0,25.0,0.32646674218750005,378,61
2019,00-0031590,Jay Ajayi,RB,3,3.0,-15.450000000000001,-0.20689996874999994,6.150000000000001,34.333333333333336,35.333333333333336,40.333333333333336,37.833333333333336,35.333333333333336,0.38835578125000003,379,98
2019,00-0034104,Cam Sims,WR,3,3.7,-15.150000000000002,-0.2083055312499999,6.283333333333334,46.333333333333336,47.333333333333336,52.333333333333336,49.833333333333336,47.333333333333336,0.4041308697916666,380,129
2019,00-0033307,Kendrick Bourne,WR,16,82.8,-19.400000000000006,-0.2109010624999999,6.3875,47.8125,48.8125,53.8125,51.3125,48.8125,0.4016634243164062,381,130
2019,00-0033530,Robert Davis,WR,3,2.7,-16.200000000000003,-0.21291093750000006,6.300000000000001,45.333333333333336,46.333333333333336,51.333333333333336,48.833333333333336,46.333333333333336,0.4032025598958333,382,131
2019,00-0030670,Bennie Fowler,WR,8,34.8,-17.450000000000003,-0.2131693593750002,6.53125,48.125,49.125,54.125,51.625,49.125,0.401646564453125,383,132
2019,00-0031868,Damiere Byrd,WR,11,55.9,-17.950000000000006,-0.21576744531250014,6.713636363636365,48.36363636363637,49.36363636363637,54.36363636363637,51.86363636363637,49.36363636363637,0.40036664133522726,384,133
2019,00-0034393,Troy Fumagalli,TE,6,18.8,-16.55,-0.21597935156250003,5.891666666666667,26.166666666666668,27.166666666666668,32.166666666666664,29.666666666666668,27.166666666666668,0.3844914466145833,385,93
2019,00-0028903,Garrett Celek,TE,3,0.0,-16.35,-0.2173335546875001,5.45,28.0,29.0,34.0,31.5,29.0,0.3830548463541667,386,94
2019,00-0021206,Josh McCown,QB,2,0.76,-18.45,-0.21742803125000001,9.605,24.0,25.0,30.0,27.5,25.0,0.36925198046875,387,62
2019,00-0030068,Marquise Goodwin,WR,8,32.1,-18.700000000000003,-0.21930040625000008,6.3500000000000005,48.125,49.125,54.125,51.625,49.125,0.403033302734375,388,134
2019,00-0035671,Jace Sternberger,TE,3,0.0,-17.15,-0.22368650000000007,5.716666666666666,27.333333333333332,28.333333333333332,33.333333333333336,30.833333333333332,28.333333333333332,0.38675462239583336,389,95
2019,00-0032728,Tevin Jones,WR,4,8.100000000000001,-17.1,-0.22476769531249996,6.300000000000001,47.25,48.25,53.25,50.75,48.25,0.399891484375,390,135
2019,00-0034343,Josh Rosen,QB,5,27.98,-19.800000000000004,-0.22498231250000006,9.556000000000001,24.0,25.0,30.0,27.5,25.0,0.35112061875,391,63
2019,00-0034613,Tanner Hudson,TE,4,5.6000000000000005,-17.6,-0.2259151874999999,5.8,25.25,26.25,31.25,28.75,26.25,0.390145255859375,392,96
2019,00-0035298,Scott Miller,WR,9,34.1,-19.049999999999997,-0.22698750781250004,5.905555555555556,46.333333333333336,47.333333333333336,52.333333333333336,49.833333333333336,47.333333333333336,0.40334556336805555,393,136
2019,00-0034928,Steven Sims,WR,16,86.5,-17.400000000000006,-0.2290145078125,6.49375,47.4375,48.4375,53.4375,50.9375,48.4375,0.40203671044921874,394,137
2019,00-0031900,Rod Smith,RB,3,0.0,-18.950000000000003,-0.23454869531249994,6.316666666666667,35.333333333333336,36.333333333333336,41.333333333333336,38.833333333333336,36.333333333333336,0.3681210546875,395,99
2019,00-0035006,Bisi Johnson,WR,13,63.5,-17.800000000000004,-0.23521692968750024,6.253846153846154,46.46153846153846,47.46153846153846,52.46153846153846,49.96153846153846,47.46153846153846,0.4017821454326923,396,138
2019,00-0035639,Parris Campbell,WR,7,29.1,-20.000000000000004,-0.23753062500000016,7.014285714285714,47.42857142857143,48.42857142857143,53.42857142857143,50.92857142857143,48.42857142857143,0.3997214263392857,397,139
2019,00-0034201,De'Lance Turner,RB,3,0.6000000000000001,-19.4,-0.23758066406249995,6.666666666666667,34.0,35.0,40.0,37.5,35.0,0.37991803906250005,398,100
2019,00-0034440,Justin Jackson,RB,7,26.700000000000003,-18.6,-0.2402486015625001,6.471428571428572,34.714285714285715,35.714285714285715,40.714285714285715,38.214285714285715,35.714285714285715,0.37945136495535714,399,101
2019,00-0035208,Olamide Zaccheaus,WR,6,19.0,-18.8,-0.240357453125,6.3,46.333333333333336,47.333333333333336,52.333333333333336,49.833333333333336,47.333333333333336,0.3955182578125,400,140
2019,00-0034593,Chris Lacy,WR,4,7.500000000000001,-18.8,-0.24108067187499982,6.575,46.75,47.75,52.75,50.25,47.75,0.39752149999999997,401,141
2019,00-0035594,Travis Homer,RB,7,22.5,-20.8,-0.24156521093749983,6.185714285714286,35.42857142857143,36.42857142857143,41.42857142857143,38.92857142857143,36.42857142857143,0.3805518270089286,402,102
2019,00-0033386,Cody Hollister,WR,3,2.3,-18.55,-0.24489298437499996,6.95,47.0,48.0,53.0,50.5,48.0,0.40013258333333335,403,142
2019,00-0031589,Brett Hundley,QB,3,6.0600000000000005,-20.79,-0.24570122656249987,8.950000000000001,24.0,25.0,30.0,27.5,25.0,0.35752687499999997,404,64
2019,00-0033528,Jeremy Sprinkle,TE,16,69.1,-20.7,-0.25055945312500033,5.6125,25.25,26.25,31.25,28.75,26.25,0.39104868896484374,405,97
2019,00-0028114,Dwayne Harris,WR,3,1.2000000000000002,-20.3,-0.25375864062500003,7.166666666666667,50.333333333333336,51.333333333333336,56.333333333333336,53.833333333333336,51.333333333333336,0.39742683854166666,406,143
2019,00-0032355,Chester Rogers,WR,10,39.7,-22.35,-0.25394553906249984,6.205,47.6,48.6,53.6,51.1,48.6,0.4029533265625,407,144
2019,00-0031431,Marqise Lee,WR,4,3.4000000000000004,-20.950000000000003,-0.2551404375000001,6.0875,45.75,46.75,51.75,49.25,46.75,0.40647738671875,408,145
2019,00-0034418,Cedrick Wilson Jr.,WR,4,7.1000000000000005,-20.150000000000002,-0.25664896875000004,6.8125,47.75,48.75,53.75,51.25,48.75,0.399433955078125,409,146
2019,00-0030155,Demetrius Harris,TE,14,57.400000000000006,-20.7,-0.2631296250000001,5.578571428571428,25.0,26.0,31.0,28.5,26.0,0.39163817410714286,410,98
2019,00-0033838,Trey Edmunds,RB,7,17.0,-21.85,-0.264924890625,5.55,34.42857142857143,35.42857142857143,40.42857142857143,37.92857142857143,35.42857142857143,0.3824686886160715,411,103
2019,00-0035264,Jarrett Stidham,QB,3,0.36000000000000004,-25.080000000000002,-0.26526629687500003,8.48,24.0,25.0,30.0,27.5,25.0,0.3513135807291667,412,65
2019,00-0035120,Keelan Doss,WR,6,18.8,-20.75,-0.26949475781250004,6.591666666666668,46.166666666666664,47.166666666666664,52.166666666666664,49.666666666666664,47.166666666666664,0.39971681640625006,413,147
2019,00-0032602,J.D. McKissic,RB,15,66.8,-21.90000000000001,-0.2698240703125,5.913333333333333,35.06666666666667,36.06666666666667,41.06666666666667,38.56666666666667,36.06666666666667,0.38145228906249995,414,104
2019,00-0033526,Samaje Perine,RB,4,1.6,-24.1,-0.2778030781249999,6.425000000000001,35.75,36.75,41.75,39.25,36.75,0.38557228710937497,415,105
2019,00-0034960,Jakobi Meyers,WR,11,48.900000000000006,-22.3,-0.27846342187500017,6.472727272727273,48.18181818181818,49.18181818181818,54.18181818181818,51.68181818181818,49.18181818181818,0.4054698508522728,416,148
2019,00-0033421,Antony Auclair,TE,5,2.6,-22.95,-0.28048685937500006,5.11,24.6,25.6,30.6,28.1,25.6,0.3883436359375,417,99
2019,00-0034177,Tim Boyle,QB,3,-0.10000000000000009,-23.25,-0.28090055468750014,7.716666666666666,24.0,25.0,30.0,27.5,25.0,0.33670739583333337,418,66
2019,00-0031585,MyCole Pruitt,TE,9,24.0,-24.9,-0.28114913281250015,5.433333333333334,25.11111111111111,26.11111111111111,31.11111111111111,28.61111111111111,26.11111111111111,0.3933594157986111,419,100
2019,00-0033757,Robert Tonyan,TE,9,31.0,-22.05,-0.28307344531250006,5.894444444444444,25.11111111111111,26.11111111111111,31.11111111111111,28.61111111111111,26.11111111111111,0.39487597916666667,420,101
2019,00-0029857,Ryan Griffin,QB,2,0.62,-24.32,-0.28503806249999997,12.469999999999999,24.0,25.0,30.0,27.5,25.0,0.3765129140625,421,67
2019,00-0030821,Allen Hurns,WR,14,67.60000000000001,-22.15,-0.28543741406250034,6.410714285714286,48.07142857142857,49.07142857142857,54.07142857142857,51.57142857142857,49.07142857142857,0.4018574587053571,422,149
2019,00-0031339,Donte Moncrief,WR,4,3.8000000000000003,-23.05,-0.2902699375,6.7125,49.25,50.25,55.25,52.75,50.25,0.40008828906250005,423,150
2019,00-0029119,Derek Carrier,TE,11,39.0,-23.099999999999998,-0.29059660156250006,5.6454545454545455,25.09090909090909,26.09090909090909,31.09090909090909,28.59090909090909,26.09090909090909,0.3919214758522727,424,102
2019,00-0033375,Tim Patrick,WR,8,29.8,-23.150000000000002,-0.2910160859374998,6.61875,47.5,48.5,53.5,51.0,48.5,0.3997623115234375,425,151
2019,00-0028411,Dontrelle Inman,WR,7,24.1,-23.800000000000004,-0.2921626484374999,6.842857142857143,47.714285714285715,48.714285714285715,53.714285714285715,51.214285714285715,48.714285714285715,0.39903905245535715,426,152
2019,00-0023564,Darren Sproles,RB,6,14.0,-23.700000000000003,-0.29520039062500003,6.283333333333334,36.0,37.0,42.0,39.5,37.0,0.38861661458333335,427,106
2019,00-0032464,Kalif Raymond,WR,8,25.0,-24.75,-0.2964486250000001,6.21875,47.625,48.625,53.625,51.125,48.625,0.400797009765625,428,153
2019,00-0034597,Ryan Nall,RB,4,0.8,-23.55,-0.2977158359375,6.0875,34.5,35.5,40.5,38.0,35.5,0.37511302148437503,429,107
2019,00-0032791,Jakeem Grant,WR,9,32.400000000000006,-25.35,-0.30096159375,6.416666666666667,47.666666666666664,48.666666666666664,53.666666666666664,51.166666666666664,48.666666666666664,0.4020693463541667,430,154
2019,00-0034799,Kalen Ballage,RB,12,44.800000000000004,-23.85000000000001,-0.30136663281249987,5.720833333333334,35.0,36.0,41.0,38.5,36.0,0.384356427734375,431,108
2019,00-0031558,Maxx Williams,TE,13,48.7,-24.45,-0.3041777734375001,5.626923076923077,25.692307692307693,26.692307692307693,31.692307692307693,29.192307692307693,26.692307692307693,0.3920398275240385,432,103
2019,00-0032543,Alex Erickson,WR,16,78.74,-23.610000000000003,-0.3072597968749999,6.3968750000000005,47.5625,48.5625,53.5625,51.0625,48.5625,0.40179960937500003,433,155
2019,00-0034272,Marquez Valdes-Scantling,WR,15,71.1,-23.800000000000004,-0.30764710937500017,6.326666666666667,47.8,48.8,53.8,51.3,48.8,0.40201693020833335,434,156
2019,00-0035596,Kerrith Whyte,RB,6,13.600000000000001,-23.6,-0.30779746875000014,6.2,35.0,36.0,41.0,38.5,36.0,0.37690087239583336,435,109
2019,00-0031806,Malcolm Brown,RB,14,58.1,-26.450000000000006,-0.31095429687500015,6.0392857142857155,35.5,36.5,41.5,39.0,36.5,0.38338293191964284,436,110
2019,00-0030663,Willie Snead,WR,16,79.60000000000001,-22.55,-0.31259291406249995,6.384375,47.25,48.25,53.25,50.75,48.25,0.40137825341796873,437,157
2019,00-0034386,Justin Watson,WR,9,35.400000000000006,-23.450000000000003,-0.313094171875,6.538888888888889,46.22222222222222,47.22222222222222,52.22222222222222,49.72222222222222,47.22222222222222,0.39960836631944446,438,158
2019,00-0032256,Clive Walford,TE,6,12.1,-23.8,-0.32184965625000006,5.983333333333333,26.5,27.5,32.5,30.0,27.5,0.3845984140625,439,104
2019,00-0034383,Dalton Schultz,TE,6,2.1,-27.6,-0.3235610390625001,4.95,24.833333333333332,25.833333333333332,30.833333333333332,28.333333333333332,25.833333333333332,0.39926987500000005,440,105
2019,00-0034400,Jordan Wilkins,RB,13,50.5,-27.100000000000005,-0.3240484999999999,5.96923076923077,34.84615384615385,35.84615384615385,40.84615384615385,38.34615384615385,35.84615384615385,0.38531294591346155,441,111
2019,00-0025396,Ted Ginn,WR,15,70.9,-24.4,-0.3277557734375001,6.353333333333334,47.4,48.4,53.4,50.9,48.4,0.4027834645833333,442,159
2019,00-0033466,Isaiah McKenzie,WR,12,49.8,-26.100000000000005,-0.33089442968750016,6.325,47.583333333333336,48.583333333333336,53.583333333333336,51.083333333333336,48.583333333333336,0.4019781236979167,443,160
2019,00-0035621,Nsimba Webster,WR,4,0.0,-26.3,-0.3323645624999999,6.575,46.75,47.75,52.75,50.25,47.75,0.39752149999999997,444,161
2019,00-0024243,Marcedes Lewis,TE,12,44.1,-26.3,-0.3340381484375,5.866666666666667,25.083333333333332,26.083333333333332,31.083333333333332,28.583333333333332,26.083333333333332,0.3900166790364583,445,106
2019,00-0034273,Damion Ratley,WR,9,32.0,-29.300000000000004,-0.3362140312499998,6.811111111111112,47.22222222222222,48.22222222222222,53.22222222222222,50.72222222222222,48.22222222222222,0.39942182378472224,446,162
2019,00-0032986,J.P. Holtz,TE,8,19.6,-27.7,-0.3374451484375,5.9125000000000005,25.625,26.625,31.625,29.125,26.625,0.393459048828125,447,107
2019,00-0030300,Jaron Brown,WR,10,40.0,-25.850000000000005,-0.338617046875,6.585000000000001,46.9,47.9,52.9,50.4,47.9,0.39951240390625,448,163
2019,00-0029269,Travis Benjamin,WR,5,6.0,-27.900000000000002,-0.33902021875000005,6.780000000000001,48.6,49.6,54.6,52.1,49.6,0.40202390781249997,449,164
2019,00-0033246,Johnny Mundt,TE,6,8.6,-25.75,-0.3403564843750001,5.7250000000000005,25.666666666666668,26.666666666666668,31.666666666666668,29.166666666666668,26.666666666666668,0.38973374609375,450,108
2019,00-0034860,Dante Pettis,WR,9,29.04,-28.160000000000004,-0.3408057109375001,6.355555555555556,48.44444444444444,49.44444444444444,54.44444444444444,51.94444444444444,49.44444444444444,0.40294764236111114,451,165
2019,00-0032245,Sean Mannion,QB,3,2.54,-30.21,-0.3421404687499999,10.916666666666666,24.0,25.0,30.0,27.5,25.0,0.3703431744791666,452,68
2019,00-0032393,C.J. Prosise,RB,8,23.8,-27.000000000000004,-0.3425756875000001,6.3500000000000005,34.75,35.75,40.75,38.25,35.75,0.3861065263671875,453,112
2019,00-0035259,Trevon Wesco,TE,6,7.9,-26.650000000000002,-0.34473567187499987,5.758333333333334,25.5,26.5,31.5,29.0,26.5,0.38734823567708326,454,109
2019,00-0029665,Robert Griffin III,QB,6,20.0,-30.21,-0.3465502656249999,8.368333333333334,24.0,25.0,29.666666666666668,27.333333333333332,25.0,0.341848234375,455,69
2019,00-0028112,Charles Clay,TE,15,56.7,-27.7,-0.35531611718750006,5.626666666666667,25.6,26.6,31.6,29.1,26.6,0.38905923281250004,456,110
2019,00-0032214,Tyler Kroft,TE,9,22.1,-27.5,-0.3572233906250001,5.511111111111111,25.77777777777778,26.77777777777778,31.77777777777778,29.27777777777778,26.77777777777778,0.39200749479166663,457,111
2019,00-0028097,Lee Smith,TE,8,15.100000000000001,-28.400000000000002,-0.35736526562500004,5.4375,25.0,26.0,31.0,28.5,26.0,0.3917139072265625,458,112
2019,00-0035287,KeeSean Johnson,WR,10,35.5,-28.050000000000004,-0.3585560078124999,6.355,47.1,48.1,53.1,50.6,48.1,0.40274144921875,459,166
2019,00-0032450,Dwayne Washington,RB,6,7.1000000000000005,-30.000000000000004,-0.36674149999999994,6.183333333333334,34.333333333333336,35.333333333333336,40.333333333333336,37.833333333333336,35.333333333333336,0.3786174739583333,460,113
2019,00-0033338,Cethan Carter,TE,7,10.3,-31.2,-0.37566732812500003,5.928571428571429,25.571428571428573,26.571428571428573,31.571428571428573,29.071428571428573,26.571428571428573,0.39482319196428567,461,113
2019,00-0034132,Christian Blake,WR,7,14.6,-29.1,-0.3778034062499999,6.242857142857143,46.714285714285715,47.714285714285715,52.714285714285715,50.214285714285715,47.714285714285715,0.3974994296875,462,167
2019,00-0029319,Josh Bellamy,WR,5,3.0,-32.050000000000004,-0.3814493906249999,7.010000000000001,49.4,50.4,55.4,52.9,50.4,0.40185462968749996,463,168
2019,00-0032977,Rashard Higgins,WR,7,13.5,-30.35,-0.38957634375,6.264285714285714,48.57142857142857,49.57142857142857,54.57142857142857,52.07142857142857,49.57142857142857,0.40303524665178575,464,169
2019,00-0034256,Da'Mari Scott,WR,5,3.7,-30.05,-0.394992890625,6.75,46.8,47.8,52.8,50.3,47.8,0.39652538125,465,170
2019,00-0031953,Geremy Davis,WR,6,5.3,-31.85,-0.3960083671875001,6.191666666666666,47.333333333333336,48.333333333333336,53.333333333333336,50.833333333333336,48.333333333333336,0.40415980468750007,466,171
2019,00-0033439,Pharaoh Brown,TE,7,5.699999999999999,-32.8,-0.396039859375,5.5,24.571428571428573,25.571428571428573,30.571428571428573,28.071428571428573,25.571428571428573,0.39252637611607144,467,114
2019,00-0031787,Jake Kumerow,WR,11,33.900000000000006,-31.650000000000002,-0.39686135156249996,5.959090909090909,48.0,49.0,54.0,51.5,49.0,0.40254468678977273,468,172
2019,00-0033111,Pharoh Cooper,WR,12,43.0,-31.85,-0.3970556093750001,6.237500000000001,46.916666666666664,47.916666666666664,52.916666666666664,50.416666666666664,47.916666666666664,0.4017086979166667,469,173
2019,00-0033994,Fred Brown,WR,6,3.1,-32.5,-0.4024580703125002,5.933333333333334,46.666666666666664,47.666666666666664,52.666666666666664,50.166666666666664,47.666666666666664,0.40509723828125005,470,174
2019,00-0028118,Tyrod Taylor,QB,4,6.02,-35.34,-0.4046029140625,10.34,24.0,25.0,30.0,27.5,25.0,0.362208009765625,471,70
2019,00-0034867,Malik Turner,WR,11,38.0,-31.1,-0.40552609375000004,6.281818181818182,48.45454545454545,49.45454545454545,54.45454545454545,51.95454545454545,49.45454545454545,0.40200535795454545,472,175
2019,00-0033025,Jalen Richard,RB,16,64.80000000000001,-31.250000000000004,-0.4069922265624999,6.003125000000001,35.125,36.125,41.125,38.625,36.125,0.38301154296875,473,114
2019,00-0032063,Mike Davis,RB,6,8.4,-31.000000000000004,-0.4083178828125,6.566666666666667,35.0,36.0,41.0,38.5,36.0,0.3795874231770833,474,115
2019,00-0035432,Jason Moore,WR,6,5.3,-30.700000000000003,-0.40841016406249997,6.0,46.5,47.5,52.5,50.0,47.5,0.40140977604166667,475,176
2019,00-0028581,Patrick DiMarco,RB,7,7.3,-33.050000000000004,-0.41298958593749996,5.764285714285714,33.714285714285715,34.714285714285715,39.714285714285715,37.214285714285715,34.714285714285715,0.38086136607142856,476,116
2019,00-0035246,J.J. Arcega-Whiteside,WR,9,27.9,-33.2,-0.4130517734374998,6.788888888888889,48.22222222222222,49.22222222222222,54.22222222222222,51.72222222222222,49.22222222222222,0.40016917100694444,477,177
2019,00-0035304,Cullen Gillaspia,RB,6,0.0,-35.550000000000004,-0.41480276562499985,5.925000000000001,34.5,35.5,40.5,38.0,35.5,0.38459041015625,478,117
2019,00-0035664,Darrell Henderson,RB,9,20.400000000000002,-33.4,-0.415327421875,5.977777777777778,34.0,35.0,40.0,37.5,35.0,0.3805897890625,479,118
2019,00-0034270,Tyler Conklin,TE,9,17.8,-33.85,-0.4173735000000001,5.738888888888889,25.88888888888889,26.88888888888889,31.88888888888889,29.38888888888889,26.88888888888889,0.38949808680555553,480,115
2019,00-0031344,Cody Latimer,WR,14,54.0,-33.400000000000006,-0.42186605468750027,6.242857142857143,47.642857142857146,48.642857142857146,53.642857142857146,51.142857142857146,48.642857142857146,0.4015148900669643,481,178
2019,00-0035703,Miles Boykin,WR,12,44.3,-32.25000000000001,-0.4233887578125,6.379166666666667,47.583333333333336,48.583333333333336,53.583333333333336,51.083333333333336,48.583333333333336,0.40260809700520833,482,179
2019,00-0032951,Laquon Treadwell,WR,10,28.900000000000002,-34.15,-0.4248342734375,6.305000000000001,46.6,47.6,52.6,50.1,47.6,0.4000549734375,483,180
2019,00-0033434,Bobo Wilson,WR,6,5.0,-35.35,-0.43057489062499993,6.7250000000000005,47.333333333333336,48.333333333333336,53.333333333333336,50.833333333333336,48.333333333333336,0.4021305091145833,484,181
2019,00-0035148,Darwin Thompson,RB,10,27.6,-35.75,-0.43145497656250004,6.335000000000001,34.5,35.5,40.5,38.0,35.5,0.37977066718749997,485,119
2019,00-0032135,Jesse James,TE,13,38.2,-34.7,-0.43623310156250017,5.607692307692308,25.692307692307693,26.692307692307693,31.692307692307693,29.192307692307693,26.692307692307693,0.39165388040865384,486,116
2019,00-0033589,David Moore,WR,14,51.1,-36.150000000000006,-0.4403070390625,6.232142857142857,47.214285714285715,48.214285714285715,53.214285714285715,50.714285714285715,48.214285714285715,0.40276968526785717,487,182
2019,00-0032626,Geronimo Allison,WR,15,58.400000000000006,-35.9,-0.44232761718750013,6.286666666666667,47.4,48.4,53.4,50.9,48.4,0.40172115833333333,488,183
2019,00-0035268,Ryquell Armstead,RB,14,44.2,-39.2,-0.44346782031249976,5.957142857142857,35.5,36.5,41.5,39.0,36.5,0.3805562723214285,489,120
2019,00-0034370,DaeSean Hamilton,WR,13,49.7,-34.35,-0.44474799218750005,6.4653846153846155,47.53846153846154,48.53846153846154,53.53846153846154,51.03846153846154,48.53846153846154,0.40116232151442305,490,184
2019,00-0035181,Darrius Shepherd,WR,6,0.6,-37.0,-0.4458404609375001,6.266666666666667,47.333333333333336,48.333333333333336,53.333333333333336,50.833333333333336,48.333333333333336,0.40782708984375,491,185
2019,00-0032394,Nick Vannett,TE,14,42.1,-35.2,-0.4467261875,5.521428571428571,25.142857142857142,26.142857142857142,31.142857142857142,28.642857142857142,26.142857142857142,0.39084536495535716,492,117
2019,00-0035548,Ventell Bryant,WR,7,8.0,-36.25,-0.4477873515625,6.321428571428571,47.857142857142854,48.857142857142854,53.857142857142854,51.357142857142854,48.857142857142854,0.40206662723214287,493,186
2019,00-0033258,Darrell Daniels,TE,7,1.9,-35.4,-0.4501408828125001,5.328571428571429,26.571428571428573,27.571428571428573,32.57142857142857,30.071428571428573,27.571428571428573,0.38662757031250006,494,118
2019,00-0032098,Daniel Brown,TE,11,23.7,-37.7,-0.4506530390624999,5.581818181818182,25.454545454545453,26.454545454545453,31.454545454545453,28.954545454545453,26.454545454545453,0.3911855582386364,495,119
2019,00-0035401,Damion Willis,WR,7,12.700000000000001,-34.0,-0.46469415624999993,6.671428571428572,46.42857142857143,47.42857142857143,52.42857142857143,49.92857142857143,47.42857142857143,0.40024670200892853,496,187
2019,00-0034433,Nick Bawden,RB,7,3.7,-36.95,-0.4649576953125001,5.807142857142858,35.285714285714285,36.285714285714285,41.285714285714285,38.785714285714285,36.285714285714285,0.38353732031250004,497,121
2019,00-0028237,Chris Hogan,WR,7,10.700000000000001,-37.2,-0.46511971093750004,6.842857142857143,47.714285714285715,48.714285714285715,53.714285714285715,51.214285714285715,48.714285714285715,0.39903905245535715,498,188
2019,00-0033217,Mo Alie-Cox,TE,10,21.3,-35.75,-0.46539632812500004,5.705,25.4,26.4,31.4,28.9,26.4,0.3859960921875,499,120
2019,00-0034426,Javon Wims,WR,11,33.6,-38.6,-0.46540882031249986,6.5636363636363635,47.36363636363637,48.36363636363637,53.36363636363637,50.86363636363637,48.36363636363637,0.40365420099431815,500,189
2019,00-0033296,Alex Armah,RB,8,8.7,-38.150000000000006,-0.4771172890625,5.856250000000001,35.375,36.375,41.375,38.875,36.375,0.387468986328125,501,122
2019,00-0028064,Bilal Powell,RB,12,29.700000000000003,-38.7,-0.47777777343749983,5.7,35.083333333333336,36.083333333333336,41.083333333333336,38.583333333333336,36.083333333333336,0.3807109830729167,502,123
2019,00-0031260,Logan Thomas,TE,15,47.3,-36.05,-0.4836395234375003,5.556666666666667,25.6,26.6,31.6,29.1,26.6,0.3891535703125,503,121
2019,00-0033854,Dare Ogunbowale,RB,16,57.800000000000004,-37.800000000000004,-0.4861905312499998,5.9750000000000005,35.4375,36.4375,41.4375,38.9375,36.4375,0.3816824072265625,504,124
2019,00-0028063,Taiwan Jones,RB,8,5.4,-40.300000000000004,-0.48677776562499975,5.7125,35.125,36.125,41.125,38.625,36.125,0.38303579101562496,505,125
2019,00-0034407,Ray-Ray McCloud,WR,6,0.0,-40.35,-0.48969926562499994,6.7250000000000005,47.333333333333336,48.333333333333336,53.333333333333336,50.833333333333336,48.333333333333336,0.4021305091145833,506,190
2019,00-0029492,Jamize Olawale,RB,6,0.0,-38.35,-0.48983972656249986,6.391666666666667,34.666666666666664,35.666666666666664,40.666666666666664,38.166666666666664,35.666666666666664,0.38676795703124994,507,126
2019,00-0028087,Dion Lewis,RB,15,53.800000000000004,-37.95,-0.4916516796874998,6.116666666666668,35.13333333333333,36.13333333333333,41.13333333333333,38.63333333333333,36.13333333333333,0.38273970520833334,508,127
2019,00-0034631,Vyncint Smith,WR,13,42.2,-37.5,-0.49975632031250017,6.130769230769231,47.23076923076923,48.23076923076923,53.23076923076923,50.73076923076923,48.23076923076923,0.40250115625,509,191
2019,00-0032398,Chris Moore,WR,7,3.5999999999999996,-39.2,-0.5008224062500002,6.114285714285715,46.42857142857143,47.42857142857143,52.42857142857143,49.92857142857143,47.42857142857143,0.4028197578125,510,192
2019,00-0034339,Trey Quinn,WR,12,38.8,-38.800000000000004,-0.5064082187500001,6.466666666666668,47.666666666666664,48.666666666666664,53.666666666666664,51.166666666666664,48.666666666666664,0.40354178059895834,511,193
2019,00-0032795,Cody Core,WR,7,4.300000000000001,-41.6,-0.5129417734374999,6.557142857142858,47.857142857142854,48.857142857142854,53.857142857142854,51.357142857142854,48.857142857142854,0.3998629676339286,512,194
2019,00-0028142,Virgil Green,TE,12,27.3,-39.65,-0.5129627578125,5.579166666666667,25.333333333333332,26.333333333333332,31.333333333333332,28.833333333333332,26.333333333333332,0.38783884375,513,122
2019,00-0031395,Garrett Gilbert,QB,5,-0.30000000000000004,-43.59,-0.5157993906250002,8.658,24.0,25.0,30.0,27.5,25.0,0.34074676562500006,514,71
2019,00-0031166,Seth Roberts,WR,14,49.6,-40.75,-0.5159244765625,6.453571428571429,47.07142857142857,48.07142857142857,53.07142857142857,50.57142857142857,48.07142857142857,0.4027370954241071,515,195
2019,00-0035399,Stanley Morgan,WR,7,3.3,-41.35,-0.5175536875,6.378571428571429,47.285714285714285,48.285714285714285,53.285714285714285,50.785714285714285,48.285714285714285,0.4002611439732143,516,196
2019,00-0033114,Mike Thomas,WR,7,2.4,-40.3,-0.5261050234375001,6.1000000000000005,47.42857142857143,48.42857142857143,53.42857142857143,50.92857142857143,48.42857142857143,0.40165037276785714,517,197
2019,00-0034578,Reggie Bonnafon,RB,11,26.3,-41.400000000000006,-0.5393512656249999,6.154545454545455,35.54545454545455,36.54545454545455,41.54545454545455,39.04545454545455,36.54545454545455,0.37986227982954546,518,128
2019,00-0032404,Tyler Ervin,RB,7,3.1,-43.300000000000004,-0.5403612265624997,6.628571428571429,34.42857142857143,35.42857142857143,40.42857142857143,37.92857142857143,35.42857142857143,0.3780361685267857,519,129
2019,00-0033705,Andre Patton,WR,8,8.6,-41.45,-0.540660625,6.2562500000000005,45.875,46.875,51.875,49.375,46.875,0.4002251298828125,520,198
2019,00-0035297,Kelvin Harmon,WR,15,51.940000000000005,-44.910000000000004,-0.5515111640624999,6.456666666666667,47.266666666666666,48.266666666666666,53.266666666666666,50.766666666666666,48.266666666666666,0.40303637239583334,521,199
2019,00-0035374,Michael Walker,WR,7,2.5,-42.400000000000006,-0.5553118046875,6.4142857142857155,46.857142857142854,47.857142857142854,52.857142857142854,50.357142857142854,47.857142857142854,0.40112961941964287,522,200
2019,00-0029239,Brandon Bolden,RB,15,46.4,-43.60000000000001,-0.5563697421874998,6.0,35.4,36.4,41.4,38.9,36.4,0.3820170135416667,523,130
2019,00-0030456,Giovani Bernard,RB,16,53.4,-42.900000000000006,-0.5566556718749999,6.018750000000001,35.125,36.125,41.125,38.625,36.125,0.3837662880859375,524,131
2019,00-0031209,Senorise Perry,RB,8,0.9,-44.15,-0.559226,5.6312500000000005,35.0,36.0,41.0,38.5,36.0,0.3772553154296875,525,132
2019,00-0026293,Matthew Slater,WR,7,0.0,-44.45,-0.5620966953125002,6.3500000000000005,47.857142857142854,48.857142857142854,53.857142857142854,51.357142857142854,48.857142857142854,0.40058450558035713,526,201
2019,00-0031511,DeAndrew White,WR,8,7.1,-42.650000000000006,-0.5637360859375,6.21875,47.375,48.375,53.375,50.875,48.375,0.401804658203125,527,202
2019,00-0035527,Andy Isabella,WR,12,30.900000000000002,-46.900000000000006,-0.5760852968749999,6.483333333333333,46.666666666666664,47.666666666666664,52.666666666666664,50.166666666666664,47.666666666666664,0.40133795442708337,528,203
2019,00-0035628,D'Ernest Johnson,RB,10,12.200000000000001,-46.6,-0.5776309453124999,5.880000000000001,35.7,36.7,41.7,39.2,36.7,0.38290412734375,529,133
2019,00-0032972,Devontae Booker,RB,9,9.600000000000001,-44.25,-0.5781570781250001,5.983333333333333,36.111111111111114,37.111111111111114,42.111111111111114,39.611111111111114,37.111111111111114,0.37652915277777776,530,134
2019,00-0035645,Gunner Olszewski,WR,8,4.4,-48.2,-0.5856108984375,6.575,48.125,49.125,54.125,51.625,49.125,0.4040021005859375,531,204
2019,00-0033789,T.J. Logan,RB,9,3.3000000000000003,-47.0,-0.5877454921874998,5.5888888888888895,35.888888888888886,36.888888888888886,41.888888888888886,39.388888888888886,36.888888888888886,0.3831362638888889,532,135
2019,00-0033376,Patrick Ricard,RB,10,14.7,-44.85,-0.5903021015625001,5.955,35.6,36.6,41.6,39.1,36.6,0.37933243515625004,533,136
2019,00-0035537,Ty Johnson,RB,16,48.2,-46.85000000000001,-0.5918611249999999,5.940625000000001,35.0,36.0,41.0,38.5,36.0,0.38130113916015623,534,137
2019,00-0035021,Ashton Dulin,WR,8,2.7,-47.15,-0.5974695078125001,6.23125,46.875,47.875,52.875,50.375,47.875,0.40016317578125,535,205
2019,00-0030525,Tavon Austin,WR,14,40.9,-46.7,-0.6074826640624997,6.257142857142858,46.857142857142854,47.857142857142854,52.857142857142854,50.357142857142854,47.857142857142854,0.4018546272321428,536,206
2019,00-0034253,Dontrell Hilliard,RB,14,32.1,-49.900000000000006,-0.613077609375,5.857142857142857,35.357142857142854,36.357142857142854,41.357142857142854,38.857142857142854,36.357142857142854,0.3832527840401786,537,138
2019,00-0031972,Darius Jennings,WR,8,2.7,-49.800000000000004,-0.61435509375,6.5625,47.625,48.625,53.625,51.125,48.625,0.40218172265625,538,207
2019,00-0034975,Justice Hill,RB,16,45.5,-49.45,-0.6184688906249998,5.934375,35.25,36.25,41.25,38.75,36.25,0.3829208427734375,539,139
2019,00-0028042,Luke Stocker,TE,12,17.3,-50.35,-0.6213265781250003,5.6375,25.083333333333332,26.083333333333332,31.083333333333332,28.583333333333332,26.083333333333332,0.39416880664062504,540,123
2019,00-0034449,Buddy Howell,RB,8,1.0,-48.5,-0.6227999375,6.1875,35.0,36.0,41.0,38.5,36.0,0.3787949912109375,541,140
2019,00-0033943,Josh Reynolds,WR,16,51.400000000000006,-50.95,-0.633218359375,6.3968750000000005,47.5625,48.5625,53.5625,51.0625,48.5625,0.40179960937500003,542,208
2019,00-0033562,Ryan Switzer,WR,9,6.7,-51.2,-0.6358951640625001,6.433333333333334,47.333333333333336,48.333333333333336,53.333333333333336,50.833333333333336,48.333333333333336,0.401909421875,543,209
2019,00-0034487,Trent Sherfield,WR,10,10.000000000000002,-52.650000000000006,-0.639957125,6.265000000000001,47.6,48.6,53.6,51.1,48.6,0.40564314531250006,544,210
2019,00-0031570,Justin Hardy,WR,12,29.000000000000004,-50.8,-0.6472245078125001,6.650000000000001,47.916666666666664,48.916666666666664,53.916666666666664,51.416666666666664,48.916666666666664,0.40232189257812506,545,211
2019,00-0034798,Durham Smythe,TE,12,17.0,-49.8,-0.6475653515625002,5.566666666666666,25.666666666666668,26.666666666666668,31.666666666666668,29.166666666666668,26.666666666666668,0.3874115559895834,546,124
2019,00-0034297,Byron Pringle,WR,12,29.0,-47.900000000000006,-0.6609617421875003,6.408333333333334,46.583333333333336,47.583333333333336,52.583333333333336,50.083333333333336,47.583333333333336,0.40042372916666663,547,212
2019,00-0033164,Troymaine Pope,RB,11,10.4,-53.45,-0.6646267265625,5.804545454545455,35.90909090909091,36.90909090909091,41.90909090909091,39.40909090909091,36.90909090909091,0.3781921974431818,548,141
2019,00-0032782,Wendell Smallwood,RB,12,19.0,-52.85000000000001,-0.6729213281249999,5.987500000000001,35.5,36.5,41.5,39.0,36.5,0.384846794921875,549,142
2019,00-0034510,Robert Foster,WR,10,10.8,-53.400000000000006,-0.6929649453125,6.42,48.0,49.0,54.0,51.5,49.0,0.40055606484375,550,213
2019,00-0034406,Deon Cain,WR,11,16.9,-56.60000000000001,-0.7202903203125002,6.681818181818182,47.45454545454545,48.45454545454545,53.45454545454545,50.95454545454545,48.45454545454545,0.4006517549715909,551,214
2019,00-0033891,Zay Jones,WR,14,35.400000000000006,-56.1,-0.7297412265625001,6.535714285714286,47.357142857142854,48.357142857142854,53.357142857142854,50.857142857142854,48.357142857142854,0.40008935881696434,552,215
2019,00-0032104,Ameer Abdullah,RB,15,33.800000000000004,-57.85000000000001,-0.7327807109375,6.11,35.266666666666666,36.266666666666666,41.266666666666666,38.766666666666666,36.266666666666666,0.38159190885416666,553,143
2019,00-0029572,Jarius Wright,WR,16,42.900000000000006,-60.0,-0.7596592109374998,6.43125,47.1875,48.1875,53.1875,50.6875,48.1875,0.40107942529296875,554,216
2019,00-0033555,Mack Hollins,WR,12,17.5,-60.60000000000001,-0.7915194765624999,6.508333333333334,46.666666666666664,47.666666666666664,52.666666666666664,50.166666666666664,47.666666666666664,0.4021476705729167,555,217
2019,00-0032423,Trevor Davis,WR,14,26.400000000000002,-62.050000000000004,-0.797788328125,6.317857142857143,47.5,48.5,53.5,51.0,48.5,0.40132744754464283,556,218
2019,00-0032794,Danny Vitale,RB,13,13.5,-63.20000000000001,-0.7986204218749999,5.9,34.92307692307692,35.92307692307692,40.92307692307692,38.42307692307692,35.92307692307692,0.38581864362980767,557,144
2019,00-0032062,Blake Bell,TE,14,18.7,-61.85,-0.7988810312500002,5.753571428571428,25.571428571428573,26.571428571428573,31.571428571428573,29.071428571428573,26.571428571428573,0.3880056824776786,558,125
2019,00-0032200,Ty Montgomery,WR,15,25.8,-70.10000000000001,-0.8780807187500002,6.3933333333333335,48.0,49.0,54.0,51.5,49.0,0.40174201562499995,559,219
2019,00-0034854,KhaDarel Hodge,WR,12,9.600000000000001,-69.65,-0.8976552500000001,6.604166666666667,47.166666666666664,48.166666666666664,53.166666666666664,50.666666666666664,48.166666666666664,0.3996262161458333,560,220
2019,00-0030578,Cordarrelle Patterson,RB,16,24.1,-71.95,-0.9088566953125,6.003125000000001,35.125,36.125,41.125,38.625,36.125,0.38301154296875,561,145
2019,00-0032935,Johnny Holton,WR,12,4.5,-72.10000000000001,-0.9123976250000001,6.383333333333334,47.083333333333336,48.083333333333336,53.083333333333336,50.583333333333336,48.083333333333336,0.40079370703125,562,221
2019,00-0030465,Kenjon Barner,RB,14,8.120000000000001,-75.73,-0.9571431015624998,5.989285714285715,34.5,35.5,40.5,38.0,35.5,0.3825152338169643,563,146
2019,00-0033266,JoJo Natson,WR,12,0.0,-76.05,-0.9600061484375,6.3374999999999995,47.833333333333336,48.833333333333336,53.833333333333336,51.333333333333336,48.833333333333336,0.40322564583333337,564,222
2019,00-0034286,Richie James,WR,16,25.400000000000002,-76.80000000000001,-0.9747447031250001,6.3875,47.8125,48.8125,53.8125,51.3125,48.8125,0.4016634243164062,565,223
2019,00-0027691,Andre Roberts,WR,13,4.200000000000001,-77.7,-0.9839735,6.300000000000001,47.15384615384615,48.15384615384615,53.15384615384615,50.65384615384615,48.15384615384615,0.40334524399038457,566,224
2019,00-0031763,DeAndre Carter,WR,16,21.700000000000003,-82.2,-1.0359533359375002,6.49375,47.4375,48.4375,53.4375,50.9375,48.4375,0.40203671044921874,567,225
2019,00-0033572,Jamal Agnew,WR,13,1.2,-81.75,-1.0368620234375001,6.380769230769231,47.46153846153846,48.46153846153846,53.46153846153846,50.96153846153846,48.46153846153846,0.40178489963942304,568,226
2019,00-0035215,Deonte Harty,WR,14,8.5,-82.60000000000001,-1.037467859375,6.507142857142858,47.57142857142857,48.57142857142857,53.57142857142857,51.07142857142857,48.57142857142857,0.40080961774553575,569,227
2019,00-0031060,De'Anthony Thomas,WR,14,1.6,-86.30000000000001,-1.1024866640625,6.278571428571429,47.142857142857146,48.142857142857146,53.142857142857146,50.642857142857146,48.142857142857146,0.4016825011160714,570,228
2019,00-0034419,Braxton Berrios,WR,16,14.5,-87.7,-1.1165227734374998,6.3875,47.8125,48.8125,53.8125,51.3125,48.8125,0.4016634243164062,571,229
2019,00-0031319,Diontae Spencer,WR,16,4.7,-99.2,-1.2625346249999998,6.49375,47.4375,48.4375,53.4375,50.9375,48.4375,0.40203671044921874,572,230
2020,00-0030506,Travis Kelce,TE,15,365.26,275.05,3.7958924765625004,6.014,26.333333333333332,27.333333333333332,32.333333333333336,29.833333333333332,27.333333333333332,0.38806781875,1,1
2020,00-0034857,Josh Allen,QB,16,415.56,259.19,3.5348196875,9.773125,24.0,25.0,30.0,27.5,25.0,0.3328430151367187,2,1
2020,00-0035228,Kyler Murray,QB,16,402.74,246.27,3.4480045625000004,9.779375,24.0,25.0,30.0,27.5,25.0,0.3323379584960937,3,2
2020,00-0033873,Patrick Mahomes,QB,15,386.4,243.3,3.3446034062500005,9.54,24.0,25.0,30.0,27.5,25.0,0.32989784322916665,4,3
2020,00-0023459,Aaron Rodgers,QB,16,392.76,236.76999999999998,3.2733354140625006,9.749375,24.0,25.0,30.0,27.5,25.0,0.332761361328125,5,4
2020,00-0033906,Alvin Kamara,RB,15,336.3,241.4,3.2023043906249997,6.326666666666667,33.333333333333336,34.333333333333336,39.333333333333336,36.833333333333336,34.333333333333336,0.37977656822916667,6,1
2020,00-0029263,Russell Wilson,QB,16,385.78000000000003,231.20000000000002,3.1884071328125003,9.661249999999999,24.0,25.0,30.0,27.5,25.0,0.3316091166992187,7,5
2020,00-0031610,Darren Waller,TE,16,332.1,236.79,3.1608926953124996,5.956875,26.0,27.0,32.0,29.5,27.0,0.3906004970703125,8,2
2020,00-0033537,Deshaun Watson,QB,16,383.32,226.85,3.0954652578125,9.779375,24.0,25.0,30.0,27.5,25.0,0.3323379584960937,9,6
2020,00-0033893,Dalvin Cook,RB,14,315.8,227.05,3.0947659921875,6.339285714285714,33.57142857142857,34.57142857142857,39.57142857142857,37.07142857142857,34.57142857142857,0.37934860546875,10,2
2020,00-0032764,Derrick Henry,RB,16,323.6,223.40000000000003,3.0204007343750003,6.2625,33.375,34.375,39.375,36.875,34.375,0.379104087890625,11,3
2020,00-0036355,Justin Herbert,QB,15,352.84000000000003,211.24,2.9327065390625,9.44,24.0,25.0,30.0,27.5,25.0,0.32953215468749997,12,7
2020,00-0029701,Ryan Tannehill,QB,16,357.86,207.28,2.8514320859374997,9.41125,24.0,25.0,30.0,27.5,25.0,0.3285168862304687,13,8
2020,00-0019596,Tom Brady,QB,16,361.92,210.3,2.8473070781250005,9.47625,24.0,25.0,30.0,27.5,25.0,0.32961123779296875,14,9
2020,00-0034796,Lamar Jackson,QB,15,350.78000000000003,202.47,2.8079693125,9.887333333333334,24.0,25.0,30.0,27.5,25.0,0.33253633072916666,15,10
2020,00-0031381,Davante Adams,WR,14,300.90000000000003,204.25,2.7770520703125,6.903571428571429,48.357142857142854,49.357142857142854,54.357142857142854,51.857142857142854,49.357142857142854,0.39985641573660713,16,1
2020,00-0029604,Kirk Cousins,QB,16,332.2,175.48,2.42415771875,9.795,24.0,25.0,30.0,27.5,25.0,0.3348942661132812,17,11
2020,00-0033040,Tyreek Hill,WR,15,285.40000000000003,181.20000000000002,2.4189466562499997,6.946666666666667,48.4,49.4,54.4,51.9,49.4,0.39944394791666665,18,2
2020,00-0031588,Stefon Diggs,WR,16,265.1,155.60000000000002,2.107629765625,6.84375,48.5,49.5,54.5,52.0,49.5,0.39853840478515623,19,3
2020,00-0022924,Ben Roethlisberger,QB,15,287.22,149.78,2.077863421875,9.162666666666667,24.0,25.0,30.0,27.5,25.0,0.3258413994791666,20,12
2020,00-0026143,Matt Ryan,QB,16,304.44,148.20000000000002,1.9978109765625005,9.765,24.0,25.0,30.0,27.5,25.0,0.33231980224609375,21,13
2020,00-0033293,Aaron Jones,RB,14,235.4,146.75,1.9909299453125,6.332142857142857,33.785714285714285,34.785714285714285,39.785714285714285,37.285714285714285,34.785714285714285,0.37932765736607144,22,4
2020,00-0035685,David Montgomery,RB,15,237.8,142.0,1.9331298593749997,6.386666666666667,33.46666666666667,34.46666666666667,39.46666666666667,36.96666666666667,34.46666666666667,0.3814597296875,23,5
2020,00-0036223,Jonathan Taylor,RB,15,234.8,140.6,1.91408053125,6.28,33.93333333333333,34.93333333333333,39.93333333333333,37.43333333333333,34.93333333333333,0.37836392500000005,24,6
2020,00-0035831,James Robinson,RB,14,225.9,138.35,1.906821796875,6.253571428571428,33.07142857142857,34.07142857142857,39.07142857142857,36.57142857142857,34.07142857142857,0.3796464129464286,25,7
2020,00-0031280,Derek Carr,QB,16,290.12,135.54000000000002,1.8780466328125005,9.661249999999999,24.0,25.0,30.0,27.5,25.0,0.3316091166992187,26,14
2020,00-0027939,Cam Newton,QB,15,279.98,135.44,1.8731706484375004,9.636,24.0,25.0,30.0,27.5,25.0,0.33104034687499995,27,15
2020,00-0034837,Calvin Ridley,WR,15,236.5,132.75,1.8468602343749998,6.916666666666667,47.86666666666667,48.86666666666667,53.86666666666667,51.36666666666667,48.86666666666667,0.3974578838541667,28,4
2020,00-0033106,Jared Goff,QB,15,265.98,125.81,1.7669699609375003,9.344666666666667,24.0,25.0,30.0,27.5,25.0,0.32982039999999996,29,16
2020,00-0026498,Matthew Stafford,QB,16,280.56,124.57,1.7268441953125007,9.749375,24.0,25.0,30.0,27.5,25.0,0.332761361328125,30,17
2020,00-0035700,Josh Jacobs,RB,15,214.8,120.05000000000001,1.7177001093750004,6.316666666666666,34.0,35.0,40.0,37.5,35.0,0.3788023265625,31,8
2020,00-0030564,DeAndre Hopkins,WR,16,230.3,120.00000000000001,1.704326546875,6.89375,48.375,49.375,54.375,51.875,49.375,0.3992615942382812,32,5
2020,00-0034791,Nick Chubb,RB,12,199.7,122.75,1.7012257109375002,6.4125000000000005,34.166666666666664,35.166666666666664,40.166666666666664,37.666666666666664,35.166666666666664,0.3756297799479167,33,9
2020,00-0032950,Carson Wentz,QB,12,228.4,123.77,1.6892105625,8.719166666666666,24.0,25.0,30.0,27.5,25.0,0.3225120130208333,34,18
2020,00-0035640,DK Metcalf,WR,16,229.8,118.7,1.6648995468749994,6.9437500000000005,48.3125,49.3125,54.3125,51.8125,49.3125,0.39784897412109377,35,6
2020,00-0034753,Mark Andrews,TE,14,199.10000000000002,115.74000000000001,1.65802990625,5.954285714285715,26.0,27.0,32.0,29.5,27.0,0.39186654352678574,36,3
2020,00-0036322,Justin Jefferson,WR,16,230.20000000000002,121.0,1.6443570000000003,6.825,48.125,49.125,54.125,51.625,49.125,0.39810827685546873,37,7
2020,00-0030035,Adam Thielen,WR,15,217.0,113.80000000000001,1.6192227500000003,6.88,48.0,49.0,54.0,51.5,49.0,0.3976541463541666,38,8
2020,00-0031237,Teddy Bridgewater,QB,15,263.21999999999997,117.25999999999999,1.6170026718750004,9.730666666666668,24.0,25.0,30.0,27.5,25.0,0.33229475260416663,39,19
2020,00-0031260,Logan Thomas,TE,16,212.62,117.11,1.6148077890624997,5.969375,26.1875,27.1875,32.1875,29.6875,27.1875,0.39069161328125,40,4
2020,00-0035229,T.J. Hockenson,TE,16,208.8,112.74,1.5820575156249999,6.00375,26.1875,27.1875,32.1875,29.6875,27.1875,0.39141387109375003,41,5
2020,00-0035676,A.J. Brown,WR,14,206.5,111.80000000000001,1.5517690156250001,6.764285714285714,48.785714285714285,49.785714285714285,54.785714285714285,52.285714285714285,49.785714285714285,0.3973481925223214,42,9
2020,00-0033757,Robert Tonyan,TE,15,202.6,112.2,1.5393008984374998,6.026666666666667,26.333333333333332,27.333333333333332,32.333333333333336,29.833333333333332,27.333333333333332,0.392756984375,43,6
2020,00-0034855,Baker Mayfield,QB,16,264.12,110.81,1.5146589375000006,9.581875,24.0,25.0,30.0,27.5,25.0,0.33224719921875,44,20
2020,00-0022942,Philip Rivers,QB,16,261.96,105.24000000000001,1.4872420078125002,9.795,24.0,25.0,30.0,27.5,25.0,0.3348942661132812,45,21
2020,00-0033045,Ezekiel Elliott,RB,15,197.7,103.94999999999999,1.458162796875,6.25,33.46666666666667,34.46666666666667,39.46666666666667,36.96666666666667,34.46666666666667,0.38160504270833334,46,10
2020,00-0030279,Keenan Allen,WR,14,195.1,98.5,1.418240421875,6.9,48.92857142857143,49.92857142857143,54.92857142857143,52.42857142857143,49.92857142857143,0.39908062779017855,47,10
2020,00-0031428,Allen Robinson,WR,16,211.9,102.4,1.4091485078125001,6.84375,48.5,49.5,54.5,52.0,49.5,0.39853840478515623,48,11
2020,00-0033923,Kareem Hunt,RB,16,199.5,100.15,1.3957617265624997,6.2093750000000005,33.75,34.75,39.75,37.25,34.75,0.37693704833984376,49,11
2020,00-0031408,Mike Evans,WR,16,213.6,104.10000000000001,1.395136453125,6.84375,48.125,49.125,54.125,51.625,49.125,0.39813164697265624,50,12
2020,00-0020531,Drew Brees,QB,12,221.48000000000002,101.19,1.3778978906250001,10.024166666666666,24.0,25.0,30.0,27.5,25.0,0.3301682428385417,51,22
2020,00-0032211,Tyler Lockett,WR,16,215.4,104.3,1.374360140625,6.9437500000000005,48.3125,49.3125,54.3125,51.8125,49.3125,0.39784897412109377,52,13
2020,00-0034829,Mike Gesicki,TE,15,185.8,97.74000000000001,1.3528351328125,5.870666666666667,26.066666666666666,27.066666666666666,32.06666666666667,29.566666666666666,27.066666666666666,0.39106772708333337,53,7
2020,00-0035644,Noah Fant,TE,14,180.3,96.14,1.3435457734375,6.011428571428572,26.0,27.0,32.0,29.5,27.0,0.39101121763392854,54,8
2020,00-0033090,Hunter Henry,TE,14,175.3,93.19,1.3333653671875,5.865,25.714285714285715,26.714285714285715,31.714285714285715,29.214285714285715,26.714285714285715,0.3872639129464286,55,9
2020,00-0030431,Robert Woods,WR,16,200.10000000000002,91.1,1.3303732812499998,6.8125,48.0625,49.0625,54.0625,51.5625,49.0625,0.39775146630859376,56,14
2020,00-0036442,Joe Burrow,QB,10,183.72,97.91,1.3259947734375002,8.581,24.0,25.0,30.0,27.5,25.0,0.315881390625,57,23
2020,00-0036328,Antonio Gibson,RB,14,184.20000000000002,96.85000000000001,1.3259543359375,6.239285714285715,33.5,34.5,39.5,37.0,34.5,0.38173061160714283,58,12
2020,00-0033288,George Kittle,TE,8,149.1,102.14,1.2659026953124999,5.87,25.875,26.875,31.875,29.375,26.875,0.395515435546875,59,10
2020,00-0035704,Drew Lock,QB,13,211.32,88.49000000000001,1.2644376406250002,9.448461538461538,24.0,25.0,30.0,27.5,25.0,0.32547928305288465,60,24
2020,00-0033594,Chris Carson,RB,12,169.3,90.4,1.243285875,6.575,33.583333333333336,34.583333333333336,39.583333333333336,37.083333333333336,34.583333333333336,0.37871623242187497,61,13
2020,00-0032144,Melvin Gordon,RB,15,182.4,87.2,1.220847703125,6.346666666666667,33.8,34.8,39.8,37.3,34.8,0.37920456822916665,62,14
2020,00-0033127,Will Fuller,WR,11,162.4,88.35,1.2031991328125002,6.7318181818181815,48.90909090909091,49.90909090909091,54.90909090909091,52.40909090909091,49.90909090909091,0.3991340198863636,63,15
2020,00-0034816,Ronald Jones,RB,14,172.3,86.65,1.1919417968750001,6.117857142857143,33.785714285714285,34.785714285714285,39.785714285714285,37.285714285714285,34.785714285714285,0.3789717723214286,64,15
2020,00-0033118,Kenyan Drake,RB,15,179.7,85.55,1.1883519843750001,6.276666666666667,33.6,34.6,39.6,37.1,34.6,0.3771147640625,65,16
2020,00-0032063,Mike Davis,RB,15,177.0,84.0,1.1880220703125002,6.2,33.53333333333333,34.53333333333333,39.53333333333333,37.03333333333333,34.53333333333333,0.3794889947916667,66,17
2020,00-0031236,Brandin Cooks,WR,15,191.5,88.3,1.1848296640625,6.88,48.266666666666666,49.266666666666666,54.266666666666666,51.766666666666666,49.266666666666666,0.398467190625,67,16
2020,00-0036275,D'Andre Swift,RB,13,166.8,84.3,1.1812310000000004,6.346153846153846,34.0,35.0,40.0,37.5,35.0,0.3786334549278846,68,18
2020,00-0031387,Eric Ebron,TE,15,169.8,81.44,1.140883390625,5.890666666666666,26.2,27.2,32.2,29.7,27.2,0.3894218375,69,11
2020,00-0033077,Dak Prescott,QB,5,143.14,87.1,1.1401483828125,11.208,24.0,25.0,30.0,27.5,25.0,0.34172933125,70,25
2020,00-0032187,David Johnson,RB,12,163.0,85.05,1.137584875,6.495833333333334,33.666666666666664,34.666666666666664,39.666666666666664,37.166666666666664,34.666666666666664,0.382793744140625,71,19
2020,00-0035243,Miles Sanders,RB,12,156.4,81.65,1.1375462421875,6.229166666666667,33.083333333333336,34.083333333333336,39.083333333333336,36.583333333333336,34.083333333333336,0.3762199088541667,72,20
2020,00-0029293,Marvin Jones,WR,16,189.8,79.35,1.1245744999999998,6.903125,48.125,49.125,54.125,51.625,49.125,0.3988888540039062,73,17
2020,00-0034383,Dalton Schultz,TE,16,178.0,81.64,1.1194186953124996,6.0225,26.1875,27.1875,32.1875,29.6875,27.1875,0.38888884960937503,74,12
2020,00-0036360,Clyde Edwards-Helaire,RB,13,158.0,77.5,1.1123396093749998,6.1923076923076925,33.61538461538461,34.61538461538461,39.61538461538461,37.11538461538461,34.61538461538461,0.3803202439903846,75,21
2020,00-0033858,Jonnu Smith,TE,14,160.7,77.14,1.0971337109374997,5.968571428571429,26.0,27.0,32.0,29.5,27.0,0.3925524095982143,76,13
2020,00-0034827,DJ Moore,WR,15,178.5,76.10000000000001,1.090957484375,6.826666666666667,48.0,49.0,54.0,51.5,49.0,0.3972619135416667,77,18
2020,00-0035216,Diontae Johnson,WR,15,179.8,75.55000000000001,1.071603421875,6.95,48.53333333333333,49.53333333333333,54.53333333333333,52.03333333333333,49.53333333333333,0.3977344286458333,78,19
2020,00-0023682,Ryan Fitzpatrick,QB,9,169.24,80.01,1.0678190859375003,9.914444444444445,24.0,25.0,30.0,27.5,25.0,0.3396272986111111,79,26
2020,00-0035311,Myles Gaskin,RB,10,143.7,80.55000000000001,1.0677841796875,6.3149999999999995,34.3,35.3,40.3,37.8,35.3,0.3792453734375,80,22
2020,00-0034830,Hayden Hurst,TE,16,177.1,80.74,1.0673264375,6.0225,26.1875,27.1875,32.1875,29.6875,27.1875,0.38888884960937503,81,14
2020,00-0035659,Terry McLaurin,WR,15,180.3,77.4,1.0640473515625002,6.86,48.733333333333334,49.733333333333334,54.733333333333334,52.233333333333334,49.733333333333334,0.3989204697916666,82,20
2020,00-0031544,Amari Cooper,WR,16,190.8,79.5,1.0632959921875,6.95625,48.1875,49.1875,54.1875,51.6875,49.1875,0.39785847216796877,83,21
2020,00-0036261,Brandon Aiyuk,WR,12,154.5,73.1,1.05971659375,6.783333333333334,48.5,49.5,54.5,52.0,49.5,0.3997205052083333,84,22
2020,00-0034351,Dallas Goedert,TE,11,139.4,74.64,1.0592379765625002,5.887272727272728,26.545454545454547,27.545454545454547,32.54545454545455,30.045454545454547,27.545454545454547,0.3860149367897728,85,15
2020,00-0027656,Rob Gronkowski,TE,16,171.8,77.24000000000001,1.0550778046875,5.91,26.0,27.0,32.0,29.5,27.0,0.3930898388671875,86,16
2020,00-0033857,JuJu Smith-Schuster,WR,16,185.6,75.9,1.0541103046874998,6.85625,48.5625,49.5625,54.5625,52.0625,49.5625,0.3980202250976562,87,23
2020,00-0033881,Evan Engram,TE,16,172.5,78.24,1.0485777499999995,5.89125,26.0625,27.0625,32.0625,29.5625,27.0625,0.39139856933593753,88,17
2020,00-0033921,Chris Godwin Jr.,WR,12,158.5,76.25,1.0392079921875,6.854166666666667,48.25,49.25,54.25,51.75,49.25,0.3986983860677083,89,24
2020,00-0036326,Chase Claypool,WR,16,183.9,74.2,1.0308431875000001,6.85625,48.5625,49.5625,54.5625,52.0625,49.5625,0.3980202250976562,90,25
2020,00-0035289,Gardner Minshew,QB,9,170.16,77.49,1.0264993906250002,10.296666666666667,24.0,25.0,30.0,27.5,25.0,0.3302412847222222,91,27
2020,00-0033357,Taysom Hill,TE,16,164.62,69.31,1.0197635156249998,5.956875,26.0,27.0,32.0,29.5,27.0,0.3906004970703125,92,18
2020,00-0027696,Jimmy Graham,TE,16,168.6,74.34,1.0036565703125,5.89125,26.0625,27.0625,32.0625,29.5625,27.0625,0.39139856933593753,93,19
2020,00-0033282,Curtis Samuel,WR,15,173.6,69.55,0.9825337812500001,6.9366666666666665,48.06666666666667,49.06666666666667,54.06666666666667,51.56666666666667,49.06666666666667,0.3978532786458333,94,26
2020,00-0033699,Austin Ekeler,RB,10,138.3,71.80000000000001,0.9745682109375,6.65,34.1,35.1,40.1,37.6,35.1,0.37779887265625,95,23
2020,00-0035710,Daniel Jones,QB,14,200.02,68.12,0.9445196484375,9.421428571428573,24.0,25.0,30.0,27.5,25.0,0.33068385435267855,96,28
2020,00-0036158,J.K. Dobbins,RB,15,159.5,65.3,0.9257348437500001,6.28,33.93333333333333,34.93333333333333,39.93333333333333,37.43333333333333,34.93333333333333,0.37836392500000005,97,24
2020,00-0033553,James Conner,RB,13,147.1,66.45,0.9229831875000001,6.203846153846154,33.61538461538461,34.61538461538461,39.61538461538461,37.11538461538461,34.61538461538461,0.3784194963942307,98,25
2020,00-0032688,Robbie Chosen,WR,16,176.6,67.1,0.9213207734375,6.84375,48.125,49.125,54.125,51.625,49.125,0.39813164697265624,99,27
2020,00-0029000,Cole Beasley,WR,15,166.5,64.1,0.9131295468749999,6.826666666666667,48.733333333333334,49.733333333333334,54.733333333333334,52.233333333333334,49.733333333333334,0.400169209375,100,28
2020,00-0034367,Nyheim Hines,RB,16,161.7,61.599999999999994,0.9104620078124999,6.2562500000000005,33.8125,34.8125,39.8125,37.3125,34.8125,0.37910603320312497,101,26
2020,00-0033871,Corey Davis,WR,14,158.9,60.75,0.9015407265625001,7.010714285714286,48.285714285714285,49.285714285714285,54.285714285714285,51.785714285714285,49.285714285714285,0.39859623828124996,102,29
2020,00-0033908,Cooper Kupp,WR,15,164.70000000000002,62.800000000000004,0.9013841953124996,6.793333333333334,48.266666666666666,49.266666666666666,54.266666666666666,51.766666666666666,49.266666666666666,0.39932980833333337,103,30
2020,00-0033110,Tyler Higbee,TE,15,150.2,62.89,0.872326078125,5.820666666666667,26.2,27.2,32.2,29.7,27.2,0.38765514218749997,104,20
2020,00-0036358,CeeDee Lamb,WR,16,174.70000000000002,63.4,0.8685687656249999,6.95625,48.1875,49.1875,54.1875,51.6875,49.1875,0.39785847216796877,105,31
2020,00-0034115,Jeff Wilson,RB,11,135.8,63.6,0.8424110312500002,6.5636363636363635,33.18181818181818,34.18181818181818,39.18181818181818,36.68181818181818,34.18181818181818,0.37823075426136366,106,27
2020,00-0033280,Christian McCaffrey,RB,3,81.9,61.2,0.8403186874999999,6.900000000000001,34.666666666666664,35.666666666666664,40.666666666666664,38.166666666666664,35.666666666666664,0.3912215833333333,107,28
2020,00-0036410,Tee Higgins,WR,15,161.1,59.55,0.8233620156249999,6.7700000000000005,48.2,49.2,54.2,51.7,49.2,0.39779459427083336,108,32
2020,00-0031941,Jamison Crowder,WR,12,142.52,59.82,0.8139584296875,6.891666666666667,48.083333333333336,49.083333333333336,54.083333333333336,51.583333333333336,49.083333333333336,0.39853525585937505,109,33
2020,00-0032392,Austin Hooper,TE,13,136.5,60.89,0.808427453125,5.8161538461538465,26.23076923076923,27.23076923076923,32.23076923076923,29.73076923076923,27.23076923076923,0.3867553924278846,110,21
2020,00-0027944,Julio Jones,WR,9,120.60000000000001,57.55000000000001,0.8072189843749998,7.005555555555556,48.55555555555556,49.55555555555556,54.55555555555556,52.05555555555556,49.55555555555556,0.39895051736111115,111,34
2020,00-0032241,Todd Gurley,RB,15,150.7,55.9,0.7871558828124999,6.319999999999999,33.733333333333334,34.733333333333334,39.733333333333334,37.233333333333334,34.733333333333334,0.38019604270833335,112,29
2020,00-0027061,Jared Cook,TE,15,145.9,56.84,0.7848618437499997,5.937333333333333,26.0,27.0,32.0,29.5,27.0,0.390093315625,113,22
2020,00-0033869,Mitchell Trubisky,QB,10,169.70000000000002,58.09,0.7770547187500003,11.161,24.0,25.0,30.0,27.5,25.0,0.35139858046874994,114,29
2020,00-0036212,Tua Tagovailoa,QB,10,145.46,53.19,0.7718244765625002,9.227,24.0,25.0,30.0,27.5,25.0,0.32793983046874997,115,30
2020,00-0033009,Tyler Boyd,WR,15,153.14000000000001,51.54,0.7390313906249997,6.773333333333334,48.4,49.4,54.4,51.9,49.4,0.39730966666666667,116,35
2020,00-0032602,J.D. McKissic,RB,16,151.4,50.35,0.7192990546874998,6.315625,33.4375,34.4375,39.4375,36.9375,34.4375,0.3798245791015625,117,30
2020,00-0031549,Nelson Agholor,WR,16,161.6,50.5,0.7108885703124999,6.9437500000000005,48.3125,49.3125,54.3125,51.8125,49.3125,0.39784897412109377,118,36
2020,00-0027973,Andy Dalton,QB,11,152.4,48.169999999999995,0.6911343515625004,9.475454545454546,24.0,25.0,30.0,27.5,25.0,0.33048495383522725,119,31
2020,00-0031382,Jarvis Landry,WR,15,151.96,50.36,0.6736580468749999,6.773333333333334,48.4,49.4,54.4,51.9,49.4,0.39730966666666667,120,37
2020,00-0033897,Joe Mixon,RB,6,89.10000000000001,51.35000000000001,0.6471593984374999,6.291666666666667,34.333333333333336,35.333333333333336,40.333333333333336,37.833333333333336,35.333333333333336,0.3781945494791667,121,31
2020,00-0029567,Nick Foles,QB,9,120.18,44.89,0.6388250703125001,8.365555555555556,24.0,25.0,30.0,27.5,25.0,0.3169254904513889,122,32
2020,00-0034681,Chase Edmonds,RB,16,141.5,40.45,0.6130467031250002,6.315625,33.4375,34.4375,39.4375,36.9375,34.4375,0.3798245791015625,123,32
2020,00-0035662,Marquise Brown,WR,16,154.0,44.8,0.6025275156250001,6.825,48.125,49.125,54.125,51.625,49.125,0.39810827685546873,124,38
2020,00-0033319,Nick Mullens,QB,10,140.28,40.5,0.5955484218750001,9.978,24.0,25.0,30.0,27.5,25.0,0.33584948125,125,33
2020,00-0032385,Sterling Shepard,WR,12,129.5,45.349999999999994,0.5907334843750001,7.0125,48.5,49.5,54.5,52.0,49.5,0.40036719726562503,126,39
2020,00-0031687,Raheem Mostert,RB,8,91.7,40.550000000000004,0.5627047656249999,6.39375,33.0,34.0,39.0,36.5,34.0,0.378332875,127,33
2020,00-0031547,DeVante Parker,WR,14,134.8,40.599999999999994,0.5557838046875001,6.728571428571429,48.642857142857146,49.642857142857146,54.642857142857146,52.142857142857146,49.642857142857146,0.3967899665178572,128,40
2020,00-0033950,Wayne Gallman,RB,14,126.10000000000001,36.650000000000006,0.5414601874999998,6.389285714285714,33.42857142857143,34.42857142857143,39.42857142857143,36.92857142857143,34.42857142857143,0.3806062667410714,129,34
2020,00-0027793,Antonio Brown,WR,8,94.60000000000001,39.550000000000004,0.5348680000000003,6.8812500000000005,48.0,49.0,54.0,51.5,49.0,0.40026823730468747,130,41
2020,00-0033856,Leonard Fournette,RB,12,114.0,38.3,0.5315363750000001,6.308333333333334,34.25,35.25,40.25,37.75,35.25,0.37929463867187496,131,35
2020,00-0030456,Giovani Bernard,RB,16,134.6,35.25,0.5244629140624998,6.2093750000000005,33.75,34.75,39.75,37.25,34.75,0.37693704833984376,132,36
2020,00-0031384,Richard Rodgers,TE,8,82.5,36.8,0.5199803828124999,5.7125,25.875,26.875,31.875,29.375,26.875,0.3986983994140625,133,23
2020,00-0027685,Emmanuel Sanders,WR,14,134.3,36.80000000000001,0.5164306562500001,6.964285714285714,48.07142857142857,49.07142857142857,54.07142857142857,51.57142857142857,49.07142857142857,0.39912285770089284,134,42
2020,00-0030288,Rex Burkhead,RB,10,95.10000000000001,34.9,0.5088946328124997,6.0200000000000005,34.0,35.0,40.0,37.5,35.0,0.3798409078125,135,37
2020,00-0033536,Mike Williams,WR,14,129.7,32.55,0.5015241874999997,6.939285714285715,48.42857142857143,49.42857142857143,54.42857142857143,51.92857142857143,49.42857142857143,0.3967741986607143,136,43
2020,00-0034411,Russell Gage,WR,16,145.06,33.760000000000005,0.48868974999999987,6.95625,48.1875,49.1875,54.1875,51.6875,49.1875,0.39785847216796877,137,44
2020,00-0034777,DJ Chark,WR,13,127.1,36.849999999999994,0.4882501484375001,6.9423076923076925,48.53846153846154,49.53846153846154,54.53846153846154,52.03846153846154,49.53846153846154,0.4018864807692308,138,45
2020,00-0029608,T.Y. Hilton,WR,15,136.20000000000002,34.550000000000004,0.48783453125000015,6.776666666666667,47.8,48.8,53.8,51.3,48.8,0.39772434218749997,139,46
2020,00-0033375,Tim Patrick,WR,15,135.70000000000002,31.5,0.4705491328125001,6.946666666666667,48.13333333333333,49.13333333333333,54.13333333333333,51.63333333333333,49.13333333333333,0.4001677609375,140,47
2020,00-0034970,Irv Smith,TE,13,113.5,34.54,0.46835117187499997,6.073846153846154,26.153846153846153,27.153846153846153,32.15384615384615,29.653846153846153,27.153846153846153,0.3898163930288462,141,24
2020,00-0035657,Damien Harris,RB,10,88.80000000000001,29.900000000000002,0.4497901640625002,5.890000000000001,32.6,33.6,38.6,36.1,33.6,0.38194083515625,142,38
2020,00-0035664,Darrell Henderson,RB,15,122.30000000000001,29.500000000000004,0.4337941718750001,6.1866666666666665,33.4,34.4,39.4,36.9,34.4,0.37724898385416666,143,39
2020,00-0034764,Michael Gallup,WR,16,143.8,32.50000000000001,0.43174784374999997,6.95625,48.1875,49.1875,54.1875,51.6875,49.1875,0.39785847216796877,144,48
2020,00-0034960,Jakobi Meyers,WR,12,113.02000000000001,29.270000000000003,0.42893053125,6.979166666666667,48.5,49.5,54.5,52.0,49.5,0.39988150846354165,145,49
2020,00-0036268,Laviska Shenault Jr.,WR,14,128.1,30.1,0.40418269531249995,7.0,48.357142857142854,49.357142857142854,54.357142857142854,51.857142857142854,49.357142857142854,0.39962528738839287,146,50
2020,00-0036414,Cam Akers,RB,11,96.30000000000001,27.750000000000004,0.4036729609375,6.2318181818181815,34.18181818181818,35.18181818181818,40.18181818181818,37.68181818181818,35.18181818181818,0.37456390198863637,147,40
2020,00-0030710,Trey Burton,TE,12,97.3,27.349999999999998,0.39853232812499995,5.829166666666667,25.833333333333332,26.833333333333332,31.833333333333332,29.333333333333332,26.833333333333332,0.39281183789062496,148,25
2020,00-0036020,Salvon Ahmed,RB,6,63.50000000000001,25.700000000000003,0.3958975625,6.300000000000001,34.666666666666664,35.666666666666664,40.666666666666664,38.166666666666664,35.666666666666664,0.3802144296875,149,41
2020,00-0030061,Zach Ertz,TE,11,95.5,29.09,0.39568172656249967,6.037272727272727,26.636363636363637,27.636363636363637,32.63636363636363,30.136363636363637,27.636363636363637,0.3847978089488637,150,26
2020,00-0030513,Latavius Murray,RB,15,124.7,29.799999999999994,0.38981953906250005,6.326666666666667,33.333333333333336,34.333333333333336,39.333333333333336,36.833333333333336,34.333333333333336,0.37977656822916667,151,42
2020,00-0030472,Jordan Reed,TE,10,86.1,26.089999999999996,0.3811483281249999,6.001,26.6,27.6,32.6,30.1,27.6,0.389622965625,152,27
2020,00-0034272,Marquez Valdes-Scantling,WR,14,120.80000000000001,23.749999999999996,0.3778679765625,6.932142857142857,48.357142857142854,49.357142857142854,54.357142857142854,51.857142857142854,49.357142857142854,0.39806592633928567,153,51
2020,00-0033895,Gerald Everett,TE,15,113.4,24.689999999999998,0.3684953046874999,5.914000000000001,26.133333333333333,27.133333333333333,32.13333333333333,29.633333333333333,27.133333333333333,0.39293273906250004,154,28
2020,00-0033948,Jamaal Williams,RB,14,111.6,25.449999999999996,0.3658101718750001,6.153571428571429,33.92857142857143,34.92857142857143,39.92857142857143,37.42857142857143,34.92857142857143,0.37573352064732146,155,43
2020,00-0034775,Christian Kirk,WR,14,122.4,26.15,0.361252671875,6.875,48.642857142857146,49.642857142857146,54.642857142857146,52.142857142857146,49.642857142857146,0.4021031774553571,156,52
2020,00-0034869,Sam Darnold,QB,12,156.02,27.650000000000002,0.35875713281250016,10.6975,24.0,25.0,30.0,27.5,25.0,0.344091740234375,157,34
2020,00-0034364,Jordan Akins,TE,13,102.2,23.290000000000003,0.3456590781249999,6.069999999999999,26.307692307692307,27.307692307692307,32.30769230769231,29.807692307692307,27.307692307692307,0.3903080901442308,158,29
2020,00-0026158,Joe Flacco,QB,5,60.760000000000005,21.44,0.344783,7.864,24.0,25.0,30.0,27.5,25.0,0.30931850625,159,35
2020,00-0034184,Gus Edwards,RB,16,123.7,23.599999999999998,0.33558429687500013,6.2562500000000005,33.8125,34.8125,39.8125,37.3125,34.8125,0.37910603320312497,160,44
2020,00-0032977,Rashard Higgins,WR,12,102.4,22.65,0.3344558828125001,6.645833333333333,48.916666666666664,49.916666666666664,54.916666666666664,52.416666666666664,49.916666666666664,0.39621907812499996,161,53
2020,00-0031376,Jerick McKinnon,RB,14,109.7,21.799999999999997,0.3307873125000001,6.278571428571429,34.0,35.0,40.0,37.5,35.0,0.38067489564732143,162,45
2020,00-0034011,Dan Arnold,TE,15,112.3,21.490000000000002,0.3302658281249997,6.054,26.333333333333332,27.333333333333332,32.333333333333336,29.833333333333332,27.333333333333332,0.39152984375,163,30
2020,00-0031235,Odell Beckham Jr.,WR,7,75.32,27.119999999999997,0.329155125,6.885714285714286,48.285714285714285,49.285714285714285,54.285714285714285,51.785714285714285,49.285714285714285,0.39832217187499996,164,54
2020,00-0031345,Jimmy Garoppolo,QB,6,74.34,24.729999999999997,0.32847142187500006,8.268333333333333,24.0,25.0,30.0,27.5,25.0,0.30817294401041667,165,36
2020,00-0035250,Devin Singletary,RB,16,124.60000000000001,23.250000000000004,0.32831867968749995,6.3343750000000005,33.4375,34.4375,39.4375,36.9375,34.4375,0.38001138916015625,166,46
2020,00-0033932,Kenny Golladay,WR,5,55.8,22.949999999999996,0.30686066406249995,6.57,48.4,49.4,54.4,51.9,49.4,0.39288051875,167,55
2020,00-0023436,Alex Smith,QB,8,87.58,19.6,0.2967014453125001,8.4975,24.0,25.0,30.0,27.5,25.0,0.32495782617187496,168,37
2020,00-0036407,Jerry Jeudy,WR,16,131.6,21.15,0.293715234375,6.903125,48.125,49.125,54.125,51.625,49.125,0.3988888540039062,169,56
2020,00-0031051,John Brown,WR,9,80.3,19.400000000000002,0.2863001484375,6.766666666666667,47.888888888888886,48.888888888888886,53.888888888888886,51.388888888888886,48.888888888888886,0.3960257630208333,170,57
2020,00-0036312,Jake Luton,QB,3,40.26,20.090000000000003,0.28345092187499993,6.723333333333333,24.0,25.0,30.0,27.5,25.0,0.29532666927083334,171,38
2020,00-0033879,O.J. Howard,TE,4,43.1,18.939999999999998,0.2660338671875,6.04,26.25,27.25,32.25,29.75,27.25,0.380015791015625,172,31
2020,00-0035592,Travis Fulgham,WR,12,96.9,17.449999999999996,0.26432150781249986,6.620833333333334,48.25,49.25,54.25,51.75,49.25,0.3958576966145833,173,58
2020,00-0025394,Adrian Peterson,RB,16,118.5,18.5,0.26032353125,6.25,33.6875,34.6875,39.6875,37.1875,34.6875,0.37941416015625,174,47
2020,00-0034577,Kyle Allen,QB,4,47.0,19.480000000000004,0.2547733671875001,6.88,24.0,25.0,30.0,27.5,25.0,0.288798984375,175,39
2020,00-0034766,Chris Herndon,TE,12,89.2,17.939999999999998,0.249544546875,5.9383333333333335,26.25,27.25,32.25,29.75,27.25,0.387822818359375,176,32
2020,00-0032765,Michael Thomas,WR,7,63.900000000000006,16.45,0.24953162499999998,6.778571428571429,49.714285714285715,50.714285714285715,55.714285714285715,53.214285714285715,50.714285714285715,0.4011836595982143,177,59
2020,00-0035719,Deebo Samuel Sr.,WR,7,64.2,18.3,0.24075146874999992,6.557142857142858,50.0,51.0,56.0,53.5,51.0,0.3999405770089286,178,60
2020,00-0034845,Sony Michel,RB,8,71.80000000000001,17.250000000000004,0.23778913281250014,6.81875,34.0,35.0,40.0,37.5,35.0,0.3752439873046875,179,48
2020,00-0033455,Anthony Firkser,TE,15,103.2,15.89,0.2304559921874994,5.820666666666667,25.933333333333334,26.933333333333334,31.933333333333334,29.433333333333334,26.933333333333334,0.38803936614583334,180,33
2020,00-0035689,Dawson Knox,TE,11,78.8,15.889999999999999,0.2278234374999999,5.71909090909091,26.181818181818183,27.181818181818183,32.18181818181818,29.681818181818183,27.181818181818183,0.3848833039772728,181,34
2020,00-0034366,Keke Coutee,WR,8,72.5,15.15,0.22685508593749998,7.16875,47.25,48.25,53.25,50.75,48.25,0.40183650292968753,182,61
2020,00-0030520,Mike Glennon,QB,5,70.58,17.139999999999993,0.21795680468750012,10.687999999999999,24.0,25.0,30.0,27.5,25.0,0.36045879062499997,183,40
2020,00-0032134,C.J. Uzomah,TE,2,26.7,15.989999999999998,0.21147633593749993,5.355,25.5,26.5,31.5,29.0,26.5,0.34995678125,184,35
2020,00-0031045,Carlos Hyde,RB,10,76.9,11.950000000000003,0.2112049062500001,6.495,33.1,34.1,39.1,36.6,34.1,0.37769819375,185,49
2020,00-0032268,Marcus Mariota,QB,1,27.840000000000003,13.780000000000005,0.20165722656250018,14.059999999999999,24.0,25.0,30.0,27.5,25.0,0.35484732812499997,186,41
2020,00-0036251,Zack Moss,RB,13,94.6,12.399999999999997,0.19758073437500034,6.323076923076924,33.38461538461539,34.38461538461539,39.38461538461539,36.88461538461539,34.38461538461539,0.38052045492788455,187,50
2020,00-0029738,Darren Fells,TE,12,86.7,14.79,0.19636878124999985,5.9925,26.416666666666668,27.416666666666668,32.416666666666664,29.916666666666668,27.416666666666668,0.3899701536458333,188,36
2020,00-0033681,Keelan Cole,WR,16,121.89999999999999,11.599999999999998,0.1894218281250002,6.89375,48.375,49.375,54.375,51.875,49.375,0.3992615942382812,189,62
2020,00-0035624,N'Keal Harry,TE,13,90.4,10.99,0.18413660156249995,6.108461538461539,26.692307692307693,27.692307692307693,32.69230769230769,30.192307692307693,27.692307692307693,0.3874097337740385,190,37
2020,00-0036188,Antonio Williams,RB,1,20.8,14.25,0.18305814843750007,6.55,39.0,40.0,45.0,42.5,40.0,0.372258015625,191,51
2020,00-0028002,Randall Cobb,WR,10,81.10000000000001,13.049999999999999,0.180934234375,6.805,48.8,49.8,54.8,52.3,49.8,0.3985553984375,192,63
2020,00-0033217,Mo Alie-Cox,TE,14,95.9,13.190000000000001,0.17826976562499997,5.907857142857144,26.142857142857142,27.142857142857142,32.142857142857146,29.642857142857142,27.142857142857142,0.38861380691964287,193,38
2020,00-0030549,Tyler Eifert,TE,15,100.9,11.84,0.17276134374999974,5.937333333333333,26.2,27.2,32.2,29.7,27.2,0.3895503645833333,194,39
2020,00-0036309,Darnell Mooney,WR,16,121.6,12.099999999999998,0.17225254687500008,6.84375,48.5,49.5,54.5,52.0,49.5,0.39853840478515623,195,64
2020,00-0035350,Preston Williams,WR,8,65.8,11.150000000000002,0.1713587734375001,6.83125,48.375,49.375,54.375,51.875,49.375,0.396708677734375,196,65
2020,00-0027981,Kyle Rudolph,TE,12,79.4,10.990000000000002,0.16178093749999983,5.700833333333333,25.583333333333332,26.583333333333332,31.583333333333332,29.083333333333332,26.583333333333332,0.38673083203124997,197,40
2020,00-0034799,Kalen Ballage,RB,11,79.4,8.150000000000002,0.15837414843749997,6.4772727272727275,33.72727272727273,34.72727272727273,39.72727272727273,37.22727272727273,34.72727272727273,0.3776122741477273,198,52
2020,00-0035535,Darius Slayton,WR,16,116.00000000000001,6.5000000000000036,0.15297385937500002,6.84375,48.5,49.5,54.5,52.0,49.5,0.39853840478515623,199,66
2020,00-0034521,Allen Lazard,WR,10,81.30000000000001,9.550000000000006,0.14923045312499994,7.175,47.2,48.2,53.2,50.7,48.2,0.39964612578125,200,67
2020,00-0035261,Tony Pollard,RB,16,106.8,6.1,0.14476296875000005,6.29375,33.625,34.625,39.625,37.125,34.625,0.3808236435546875,201,53
2020,00-0036423,Albert Okwuegbunam,TE,4,34.6,10.450000000000003,0.14369525,6.0375,25.25,26.25,31.25,28.75,26.25,0.401679845703125,202,41
2020,00-0036196,Gabe Davis,WR,16,119.4,9.900000000000002,0.1394415624999999,6.84375,48.5,49.5,54.5,52.0,49.5,0.39853840478515623,203,68
2020,00-0031273,Cameron Brate,TE,13,82.2,6.889999999999999,0.127827671875,5.7930769230769235,25.923076923076923,26.923076923076923,31.923076923076923,29.423076923076923,26.923076923076923,0.3939036177884615,204,42
2020,00-0031395,Garrett Gilbert,QB,1,16.52,7.800000000000001,0.1060137109375,8.719999999999999,24.0,25.0,30.0,27.5,25.0,0.2988915703125,205,42
2020,00-0034440,Justin Jackson,RB,8,55.800000000000004,5.2,0.10177984375000021,6.325,34.375,35.375,40.375,37.875,35.375,0.3795923212890625,206,54
2020,00-0031062,James White,RB,14,92.1,6.05,0.09016724999999998,6.146428571428571,33.714285714285715,34.714285714285715,39.714285714285715,37.214285714285715,34.714285714285715,0.38105078459821423,207,55
2020,00-0032214,Tyler Kroft,TE,7,47.9,5.6,0.08564755468749996,6.042857142857143,25.571428571428573,26.571428571428573,31.571428571428573,29.071428571428573,26.571428571428573,0.4007124486607143,208,43
2020,00-0033251,Zach Pascal,WR,16,114.9,5.699999999999998,0.0795465546875001,6.825,48.125,49.125,54.125,51.625,49.125,0.39810827685546873,209,69
2020,00-0033307,Kendrick Bourne,WR,15,105.2,3.249999999999999,0.07409178124999993,6.796666666666667,48.2,49.2,54.2,51.7,49.2,0.39818314531250004,210,70
2020,00-0035631,Drew Sample,TE,16,98.9,5.139999999999997,0.06622843749999985,5.86,26.1875,27.1875,32.1875,29.6875,27.1875,0.38891484228515627,211,44
2020,00-0032434,Brandon Allen,QB,5,57.7,4.260000000000002,0.0643683984375002,10.687999999999999,24.0,25.0,30.0,27.5,25.0,0.36045879062499997,212,43
2020,00-0027150,Julian Edelman,WR,6,45.720000000000006,3.620000000000001,0.053667929687500004,7.016666666666667,47.666666666666664,48.666666666666664,53.666666666666664,51.166666666666664,48.666666666666664,0.40043101822916666,213,71
2020,00-0033840,Chad Hansen,WR,5,38.1,1.8500000000000005,0.052696859375000016,7.25,47.2,48.2,53.2,50.7,48.2,0.39954225781249997,214,72
2020,00-0032257,Duke Johnson,RB,11,70.4,3.75,0.05236653125000007,6.0590909090909095,32.72727272727273,33.72727272727273,38.72727272727273,36.22727272727273,33.72727272727273,0.38273014062500005,215,56
2020,00-0036232,Harrison Bryant,TE,12,73.8,3.289999999999999,0.05104181249999967,5.8758333333333335,26.5,27.5,32.5,30.0,27.5,0.38943741731770837,216,45
2020,00-0031285,Devonta Freeman,RB,5,32.5,2.4000000000000004,0.04595333593749995,6.0200000000000005,32.6,33.6,38.6,36.1,33.6,0.3803484796875,217,57
2020,00-0031806,Malcolm Brown,RB,16,97.6,-1.7500000000000009,0.038568039062500004,6.2093750000000005,33.75,34.75,39.75,37.25,34.75,0.37693704833984376,218,58
2020,00-0031325,Sammy Watkins,WR,10,70.9,0.34999999999999787,0.038484023437500126,7.055,47.8,48.8,53.8,51.3,48.8,0.4016344890625,219,73
2020,00-0034578,Reggie Bonnafon,RB,2,15.700000000000001,2.8000000000000007,0.0358163749999999,6.449999999999999,34.5,35.5,40.5,38.0,35.5,0.37628914843750005,220,59
2020,00-0033627,Jason Croom,TE,1,7.8,2.3499999999999996,0.03134770312499996,5.45,27.0,28.0,33.0,30.5,28.0,0.391132140625,221,46
2020,00-0034270,Tyler Conklin,TE,9,53.9,0.599999999999997,0.030162468749999893,5.9222222222222225,26.444444444444443,27.444444444444443,32.44444444444444,29.944444444444443,27.444444444444443,0.3893583793402778,222,47
2020,00-0025418,Greg Olsen,TE,11,65.9,0.39000000000000057,0.028892929687499902,5.955454545454546,25.90909090909091,26.90909090909091,31.90909090909091,29.40909090909091,26.90909090909091,0.3943053551136364,223,48
2020,00-0032426,Alex Collins,RB,3,20.6,1.6000000000000005,0.025694281250000006,6.333333333333333,34.333333333333336,35.333333333333336,40.333333333333336,37.833333333333336,35.333333333333336,0.38367203385416665,224,60
2020,00-0032054,Breshad Perriman,WR,12,84.10000000000001,-1.0500000000000025,0.02376967187499973,7.095833333333334,48.166666666666664,49.166666666666664,54.166666666666664,51.666666666666664,49.166666666666664,0.4013441139322917,225,74
2020,00-0034899,John Wolford,QB,1,14.84,1.6999999999999993,0.02094470312500002,13.14,24.0,25.0,30.0,27.5,25.0,0.3686491875,226,44
2020,00-0031787,Jake Kumerow,WR,1,8.7,1.0999999999999988,0.01555848437500007,7.6000000000000005,46.0,47.0,52.0,49.5,47.0,0.41029443749999994,227,75
2020,00-0036110,Ja'Marcus Bradley,WR,1,8.5,1.0999999999999996,0.013112835937499956,7.4,43.0,44.0,49.0,46.5,44.0,0.4043784609375,228,76
2020,00-0034972,Alexander Mattison,RB,13,80.4,0.6999999999999993,0.006762468749999917,6.130769230769231,34.53846153846154,35.53846153846154,40.53846153846154,38.03846153846154,35.53846153846154,0.3788521057692308,229,61
2020,00-0033951,Marlon Mack,RB,1,7.1,0.39999999999999947,0.005678015625000032,6.7,38.0,39.0,44.0,41.5,39.0,0.3840564921875,230,62
2020,00-0033733,Greg Ward,WR,16,106.60000000000001,-2.400000000000003,0.004778859374999889,6.8125,48.0625,49.0625,54.0625,51.5625,49.0625,0.39775146630859376,231,77
2020,00-0023500,Frank Gore,RB,15,92.2,-1.9499999999999966,0.003178468749999941,6.276666666666667,33.266666666666666,34.266666666666666,39.266666666666666,36.766666666666666,34.266666666666666,0.38139468541666666,232,63
2020,00-0034348,Courtland Sutton,WR,1,8.100000000000001,0.05000000000000071,0.0006199609374999415,8.05,46.0,47.0,52.0,49.5,47.0,0.42078421875000005,233,78
2020,00-0031800,Taylor Heinicke,QB,1,11.68,0.009999999999999787,0.00013333593750003425,11.67,24.0,25.0,30.0,27.5,25.0,0.37927632812499995,234,45
2020,00-0026189,DeSean Jackson,WR,5,37.800000000000004,0.5999999999999996,-0.0010419062500000575,7.44,47.0,48.0,53.0,50.5,48.0,0.4010180484375,235,79
2020,00-0026197,Chad Henne,QB,3,23.72,-0.2900000000000027,-0.002976101562499972,8.003333333333334,24.0,25.0,30.0,27.5,25.0,0.30754236979166666,236,46
2020,00-0034844,Saquon Barkley,RB,2,12.4,-1.4000000000000012,-0.011391437499999935,6.9,36.5,37.5,42.5,40.0,37.5,0.37659647265624996,237,64
2020,00-0033387,Jacob Hollister,TE,13,78.4,-0.9100000000000028,-0.011576453124999997,6.100769230769231,26.076923076923077,27.076923076923077,32.07692307692308,29.576923076923077,27.076923076923077,0.3957411682692308,238,49
2020,00-0030181,Jack Doyle,TE,13,75.6,-2.0599999999999987,-0.012137820312500047,5.973846153846154,26.0,27.0,32.0,29.5,27.0,0.3895248828125,239,50
2020,00-0035148,Darwin Thompson,RB,5,29.7,-0.8000000000000007,-0.013604210937499917,6.1,34.8,35.8,40.8,38.3,35.8,0.3730005890625,240,65
2020,00-0030496,Le'Veon Bell,RB,11,66.60000000000001,-2.7500000000000018,-0.013939671874999782,6.304545454545456,33.0,34.0,39.0,36.5,34.0,0.3833315901988636,241,66
2020,00-0033720,Colin Thompson,TE,2,8.2,-1.450000000000001,-0.014808398437499981,4.825,24.0,25.0,30.0,27.5,25.0,0.404096390625,242,51
2020,00-0036456,Dominique Dafney,TE,2,11.600000000000001,-1.5999999999999996,-0.01563168749999999,6.6,28.0,29.0,34.0,31.5,29.0,0.4139565859375,243,52
2020,00-0032436,Jeff Driskel,QB,3,34.08,-2.9399999999999977,-0.018165843750000077,12.339999999999998,24.0,25.0,30.0,27.5,25.0,0.3517393776041667,244,47
2020,00-0035232,Dwayne Haskins,QB,7,82.16,-3.3799999999999972,-0.019205171874999927,12.219999999999999,24.0,25.0,30.0,27.5,25.0,0.35644907477678567,245,48
2020,00-0036244,Colby Parkinson,TE,1,4.6,-1.8500000000000005,-0.02579487500000005,6.45,28.0,29.0,34.0,31.5,29.0,0.39733275,246,53
2020,00-0035406,Lil'Jordan Humphrey,WR,2,12.100000000000001,-2.5999999999999996,-0.02645652343749999,7.35,45.5,46.5,51.5,49.0,46.5,0.39218538671875,247,80
2020,00-0034432,Bo Scarbrough,RB,1,3.1,-1.8000000000000003,-0.027586093749999985,4.9,36.0,37.0,42.0,39.5,37.0,0.3712823515625,248,67
2020,00-0032209,T.J. Yeldon,RB,3,15.700000000000001,-3.4499999999999993,-0.02953542187500008,6.383333333333333,33.666666666666664,34.666666666666664,39.666666666666664,37.166666666666664,34.666666666666664,0.3778054375,249,68
2020,00-0032009,Adam Humphries,WR,7,46.3,-2.250000000000001,-0.030374765625000133,6.935714285714286,48.714285714285715,49.714285714285715,54.714285714285715,52.214285714285715,49.714285714285715,0.397215515625,250,81
2020,00-0035102,Brandon Dillon,TE,1,2.1,-2.65,-0.03223483593749993,4.75,26.0,27.0,32.0,29.5,27.0,0.39549546874999997,251,54
2020,00-0034109,Phillip Lindsay,RB,11,62.50000000000001,-3.9999999999999973,-0.03407296874999993,6.045454545454546,33.0,34.0,39.0,36.5,34.0,0.3806153025568182,252,69
2020,00-0034169,Marcus Baugh,TE,1,1.7,-3.3500000000000005,-0.03930686718750004,5.050000000000001,27.0,28.0,33.0,30.5,28.0,0.32864639062500006,253,55
2020,00-0035639,Parris Campbell,WR,2,11.7,-3.8000000000000007,-0.03971325000000009,7.75,46.0,47.0,52.0,49.5,47.0,0.4089443828125,254,82
2020,00-0033658,Blake Jarwin,TE,1,2.7,-2.96,-0.040118296875000015,5.66,24.0,25.0,30.0,27.5,25.0,0.37126717187499997,255,56
2020,00-0036332,Josiah Deguara,TE,1,2.7,-2.96,-0.040118296875000015,5.66,24.0,25.0,30.0,27.5,25.0,0.37126717187499997,256,57
2020,00-0036384,Ben DiNucci,QB,2,6.960000000000001,-3.9100000000000006,-0.04240989062500003,5.4350000000000005,24.0,25.0,30.0,27.5,25.0,0.27698896093750003,257,49
2020,00-0034653,Deontay Burnett,WR,1,3.4000000000000004,-3.55,-0.046335671874999984,6.95,48.0,49.0,54.0,51.5,49.0,0.3846646875,258,83
2020,00-0034317,Keith Kirkwood,WR,1,1.8,-3.6500000000000004,-0.047050320312500005,5.45,49.0,50.0,55.0,52.5,50.0,0.402307171875,259,84
2020,00-0036389,Jalen Hurts,QB,14,116.64,-11.42,-0.048831398437499784,9.147142857142857,24.0,25.0,30.0,27.5,25.0,0.3300472366071428,260,50
2020,00-0036425,DeeJay Dallas,RB,9,48.400000000000006,-6.05,-0.049388992187500036,6.050000000000001,32.666666666666664,33.666666666666664,38.666666666666664,36.166666666666664,33.666666666666664,0.38082785243055556,261,70
2020,00-0029615,Lamar Miller,RB,1,1.6,-3.9500000000000006,-0.056036890625,5.550000000000001,33.0,34.0,39.0,36.5,34.0,0.35828628125,262,71
2020,00-0034765,Tre'Quan Smith,WR,13,86.1,-3.4500000000000046,-0.0561205859374998,6.888461538461538,49.15384615384615,50.15384615384615,55.15384615384615,52.65384615384615,50.15384615384615,0.39968096213942306,263,85
2020,00-0035282,Easton Stick,QB,1,-0.04000000000000001,-5.3500000000000005,-0.05621165624999999,5.3100000000000005,24.0,25.0,30.0,27.5,25.0,0.2565385,264,51
2020,00-0033885,David Njoku,TE,11,61.8,-4.3100000000000005,-0.05850408593750006,6.01,26.181818181818183,27.181818181818183,32.18181818181818,29.681818181818183,27.181818181818183,0.387257046875,265,58
2020,00-0035864,Kendall Hinton,WR,1,1.2200000000000002,-4.779999999999999,-0.05919860937499999,6.0,50.0,51.0,56.0,53.5,51.0,0.404920234375,266,86
2020,00-0033386,Cody Hollister,WR,1,1.7000000000000002,-4.3999999999999995,-0.060523046874999986,6.1,52.0,53.0,58.0,55.5,53.0,0.38566909375,267,87
2020,00-0035860,Tony Jones,RB,1,1.3,-5.25,-0.06272921874999998,6.55,39.0,40.0,45.0,42.5,40.0,0.372258015625,268,72
2020,00-0028986,Case Keenum,QB,1,1.84,-5.610000000000001,-0.06396210156249996,7.450000000000001,24.0,25.0,30.0,27.5,25.0,0.30910089062499996,269,52
2020,00-0036069,Scottie Phillips,RB,1,2.1,-4.85,-0.0649348515625,6.95,36.0,37.0,42.0,39.5,37.0,0.36910265625,270,73
2020,00-0034955,Brett Rypien,QB,2,19.3,-5.449999999999999,-0.06540646874999997,12.375,24.0,25.0,30.0,27.5,25.0,0.36134390234375,271,53
2020,00-0030151,Tyler Bray,QB,1,0.72,-5.07,-0.06542122656249999,5.79,24.0,25.0,30.0,27.5,25.0,0.29772992187499997,272,54
2020,00-0035567,Craig Reynolds,RB,1,1.2000000000000002,-5.75,-0.06606273437499999,6.95,33.0,34.0,39.0,36.5,34.0,0.38988546874999996,273,74
2020,00-0035551,Tony Brooks-James,RB,1,0.4,-5.5,-0.06694036718750002,5.9,32.0,33.0,38.0,35.5,33.0,0.39023765625,274,75
2020,00-0033474,Gehrig Dieter,WR,1,1.5,-5.6,-0.06730768749999999,7.1,45.0,46.0,51.0,48.5,46.0,0.3740763359375,275,88
2020,00-0033164,Troymaine Pope,RB,4,15.799999999999999,-6.350000000000003,-0.06829971093750004,5.5375000000000005,33.5,34.5,39.5,37.0,34.5,0.38038984179687496,276,76
2020,00-0035273,Qadree Ollison,RB,1,0.30000000000000004,-4.900000000000001,-0.06840961718749994,5.200000000000001,36.0,37.0,42.0,39.5,37.0,0.37427131249999995,277,77
2020,00-0034267,Jaleel Scott,WR,1,2.1,-5.0,-0.06864376562499996,7.1000000000000005,50.0,51.0,56.0,53.5,51.0,0.4111776484375,278,89
2020,00-0033611,Ricky Seals-Jones,TE,1,0.0,-5.45,-0.06941752343750002,5.45,27.0,28.0,33.0,30.5,28.0,0.391132140625,279,59
2020,00-0036250,Tyler Davis,TE,1,0.0,-5.45,-0.06941752343750002,5.45,27.0,28.0,33.0,30.5,28.0,0.391132140625,280,60
2020,00-0036438,Stephen Sullivan,TE,1,0.0,-5.25,-0.07225755468749995,5.25,24.0,25.0,30.0,27.5,25.0,0.38967428125,281,61
2020,00-0033838,Trey Edmunds,RB,1,0.0,-5.200000000000001,-0.07246428906249996,5.200000000000001,36.0,37.0,42.0,39.5,37.0,0.37427131249999995,282,78
2020,00-0036412,KJ Hamler,WR,12,75.10000000000001,-8.5,-0.07311803124999999,6.966666666666668,48.75,49.75,54.75,52.25,49.75,0.40076387109375,283,90
2020,00-0035341,Trenton Irwin,WR,1,1.0,-6.4,-0.07379842187500002,7.4,43.0,44.0,49.0,46.5,44.0,0.4043784609375,284,91
2020,00-0033911,Taywan Taylor,WR,1,0.0,-6.0,-0.07382282812500007,6.0,50.0,51.0,56.0,53.5,51.0,0.404920234375,285,92
2020,00-0034339,Trey Quinn,WR,1,0.0,-6.0,-0.07382282812500007,6.0,50.0,51.0,56.0,53.5,51.0,0.404920234375,286,93
2020,00-0034193,Kevin Rader,TE,1,0.0,-6.15,-0.07394608593750002,6.15,24.0,25.0,30.0,27.5,25.0,0.4012043125,287,62
2020,00-0035320,Caleb Wilson,TE,1,0.0,-6.15,-0.07394608593750002,6.15,24.0,25.0,30.0,27.5,25.0,0.4012043125,288,63
2020,00-0036032,Sean McKeon,TE,1,0.0,-6.15,-0.07394608593750002,6.15,24.0,25.0,30.0,27.5,25.0,0.4012043125,289,64
2020,00-0034207,Jeff Badet,WR,1,0.0,-5.25,-0.07548540625,5.25,51.0,52.0,57.0,54.5,52.0,0.40215520312499997,290,94
2020,00-0033958,Nathan Peterman,QB,1,1.9,-6.51,-0.07681642187499993,8.41,24.0,25.0,30.0,27.5,25.0,0.3702632968749999,291,55
2020,00-0033556,Tarik Cohen,RB,3,14.5,-6.1499999999999995,-0.07898015624999999,6.883333333333333,35.0,36.0,41.0,38.5,36.0,0.3733240234375,292,79
2020,00-0036000,Adrian Killins Jr.,RB,1,-0.5000000000000002,-6.55,-0.07916826562500007,6.05,37.0,38.0,43.0,40.5,38.0,0.385799171875,293,80
2020,00-0035436,Matt Sokol,TE,1,0.0,-7.05,-0.0800880859375,7.05,32.0,33.0,38.0,35.5,33.0,0.426708859375,294,65
2020,00-0031585,MyCole Pruitt,TE,5,24.4,-6.160000000000002,-0.08248257812499987,6.112,25.8,26.8,31.8,29.3,26.8,0.3802198703125,295,66
2020,00-0031545,Kevin White,WR,1,0.0,-6.1,-0.08279050781250002,6.1,52.0,53.0,58.0,55.5,53.0,0.38566909375,296,95
2020,00-0030404,Chris Thompson,RB,6,32.6,-6.000000000000001,-0.08396296093750011,6.433333333333334,33.333333333333336,34.333333333333336,39.333333333333336,36.833333333333336,34.333333333333336,0.38397332161458336,297,81
2020,00-0026625,Brian Hoyer,QB,1,4.0,-7.449999999999999,-0.08414388281250001,11.45,24.0,25.0,30.0,27.5,25.0,0.35857657812500005,298,56
2020,00-0031598,Nick Boyle,TE,9,44.300000000000004,-6.659999999999998,-0.08437707812500017,5.662222222222223,25.333333333333332,26.333333333333332,31.333333333333332,28.833333333333332,26.333333333333332,0.3906232065972222,299,67
2020,00-0035838,Matt Cole,WR,1,0.0,-7.1,-0.08441966406250001,7.1,45.0,46.0,51.0,48.5,46.0,0.3740763359375,300,96
2020,00-0034995,Dexter Williams,RB,1,0.8,-6.1000000000000005,-0.08492396093750004,6.9,31.0,32.0,37.0,34.5,32.0,0.4204718046875,301,82
2020,00-0035140,Mecole Hardman,WR,16,103.6,-7.700000000000001,-0.0851178671875002,6.95625,48.1875,49.1875,54.1875,51.6875,49.1875,0.39785847216796877,302,97
2020,00-0035040,David Blough,QB,1,3.76,-7.91,-0.0861898359374999,11.67,24.0,25.0,30.0,27.5,25.0,0.37927632812499995,303,57
2020,00-0033421,Antony Auclair,TE,1,0.0,-6.45,-0.08714922656250007,6.45,28.0,29.0,34.0,31.5,29.0,0.39733275,304,68
2020,00-0035457,Tyron Johnson,WR,11,69.5,-7.65,-0.08718073437499985,7.013636363636365,48.54545454545455,49.54545454545455,54.54545454545455,52.04545454545455,49.54545454545455,0.39828815269886364,305,98
2020,00-0036145,Lawrence Cager,TE,2,6.5,-6.95,-0.08733774218750007,6.725,27.0,28.0,33.0,30.5,28.0,0.41007480078125,306,69
2020,00-0034798,Durham Smythe,TE,13,71.8,-7.1,-0.09021410156250004,6.06923076923077,26.307692307692307,27.307692307692307,32.30769230769231,29.807692307692307,27.307692307692307,0.39653061778846155,307,70
2020,00-0036033,Sewo Olonilua,RB,1,0.0,-6.95,-0.09134398437499996,6.95,36.0,37.0,42.0,39.5,37.0,0.36910265625,308,83
2020,00-0035529,Hakeem Butler,WR,1,0.0,-7.3500000000000005,-0.0940588671875,7.3500000000000005,52.0,53.0,58.0,55.5,53.0,0.398158328125,309,99
2020,00-0036005,Noah Togiai,TE,1,0.0,-7.2,-0.09588216406250005,7.2,28.0,29.0,34.0,31.5,29.0,0.42194138281250004,310,71
2020,00-0034867,Malik Turner,WR,1,0.0,-8.05,-0.09967898437500006,8.05,46.0,47.0,52.0,49.5,47.0,0.42078421875000005,311,100
2020,00-0034983,Hunter Renfrow,WR,16,103.6,-7.500000000000002,-0.10065192968750014,6.9437500000000005,48.3125,49.3125,54.3125,51.8125,49.3125,0.39784897412109377,312,101
2020,00-0035313,Terry Godwin,WR,2,5.0,-7.35,-0.10130879687500005,6.175,48.0,49.0,54.0,51.5,49.0,0.38811576953125,313,102
2020,00-0035590,Riley Ridley,WR,2,5.9,-7.65,-0.10137632812499991,6.775,51.5,52.5,57.5,55.0,52.5,0.40439376562499996,314,103
2020,00-0030663,Willie Snead,WR,13,77.7,-11.350000000000001,-0.10165917187499979,6.85,47.92307692307692,48.92307692307692,53.92307692307692,51.42307692307692,48.92307692307692,0.3994578040865384,315,104
2020,00-0022787,Matt Schaub,QB,1,-0.4,-8.81,-0.10205472656249992,8.41,24.0,25.0,30.0,27.5,25.0,0.3702632968749999,316,58
2020,00-0035806,JaMycal Hasty,RB,6,27.6,-7.850000000000001,-0.1034321640625,5.908333333333334,32.333333333333336,33.333333333333336,38.333333333333336,35.833333333333336,33.333333333333336,0.38135576822916667,317,84
2020,00-0030089,Luke Willson,TE,2,2.7,-8.25,-0.10441382031249996,5.475,26.5,27.5,32.5,30.0,27.5,0.37339907031249997,318,72
2020,00-0030565,Geno Smith,QB,1,1.12,-8.690000000000001,-0.1073223984375,9.81,24.0,25.0,30.0,27.5,25.0,0.3430381875,319,59
2020,00-0033943,Josh Reynolds,WR,16,100.3,-8.700000000000003,-0.10857816406249998,6.8125,48.0625,49.0625,54.0625,51.5625,49.0625,0.39775146630859376,320,105
2020,00-0035298,Scott Miller,WR,14,86.0,-10.350000000000003,-0.10877469531250006,6.882142857142858,48.0,49.0,54.0,51.5,49.0,0.3995114983258929,321,106
2020,00-0033439,Pharaoh Brown,TE,10,49.300000000000004,-9.2,-0.10894782031250011,5.85,25.9,26.9,31.9,29.4,26.9,0.39727651015625,322,73
2020,00-0035146,Trace McSorley,QB,2,9.299999999999999,-8.920000000000002,-0.10965288281249996,9.11,24.0,25.0,30.0,27.5,25.0,0.3566507421874999,323,60
2020,00-0027902,Dez Bryant,WR,4,19.7,-8.350000000000001,-0.10996021875000012,7.0125,46.25,47.25,52.25,49.75,47.25,0.402717353515625,324,107
2020,00-0036271,Quez Watkins,WR,4,20.1,-9.100000000000001,-0.11026708593750001,7.300000000000001,46.0,47.0,52.0,49.5,47.0,0.399981720703125,325,108
2020,00-0033275,PJ Walker,QB,4,18.52,-11.629999999999999,-0.11081189843749992,7.5375000000000005,24.0,25.0,30.0,27.5,25.0,0.31329426171874997,326,61
2020,00-0034286,Richie James,WR,10,56.900000000000006,-10.95,-0.11114778906249989,6.785000000000001,49.1,50.1,55.1,52.6,50.1,0.40091195234375,327,109
2020,00-0031558,Maxx Williams,TE,6,28.200000000000003,-8.41,-0.11307350781249992,6.101666666666667,25.666666666666668,26.666666666666668,31.666666666666668,29.166666666666668,26.666666666666668,0.38791247265625,328,74
2020,00-0036252,Michael Pittman,WR,13,78.9,-11.899999999999999,-0.11666346875000011,6.984615384615385,48.0,49.0,54.0,51.5,49.0,0.39862992367788463,329,110
2020,00-0028411,Dontrelle Inman,WR,7,37.300000000000004,-9.549999999999997,-0.1180578203124999,6.692857142857143,48.0,49.0,54.0,51.5,49.0,0.3992881584821429,330,111
2020,00-0034073,Ross Dwelley,TE,12,59.0,-10.060000000000002,-0.11814752343750001,5.755,25.5,26.5,31.5,29.0,26.5,0.38654312890625,331,75
2020,00-0036387,Jalen Reagor,WR,11,65.7,-10.600000000000001,-0.11963046093750013,6.9363636363636365,47.54545454545455,48.54545454545455,53.54545454545455,51.04545454545455,48.54545454545455,0.39942336576704546,332,112
2020,00-0032951,Laquon Treadwell,WR,4,19.9,-9.3,-0.12100768749999996,7.300000000000001,46.0,47.0,52.0,49.5,47.0,0.399981720703125,333,113
2020,00-0036433,Tommy Stevens,QB,1,2.4000000000000004,-10.74,-0.1212106875,13.14,24.0,25.0,30.0,27.5,25.0,0.3686491875,334,62
2020,00-0033589,David Moore,WR,16,101.30000000000001,-9.8,-0.12180092187500002,6.9437500000000005,48.3125,49.3125,54.3125,51.8125,49.3125,0.39784897412109377,335,114
2020,00-0027796,Joe Webb,QB,1,0.0,-11.67,-0.12346039062499997,11.67,24.0,25.0,30.0,27.5,25.0,0.37927632812499995,336,63
2020,00-0035537,Ty Johnson,RB,11,55.3,-12.650000000000002,-0.12413263281250009,6.177272727272728,33.45454545454545,34.45454545454545,39.45454545454545,36.95454545454545,34.45454545454545,0.37774851704545453,337,85
2020,00-0033949,Joshua Dobbs,QB,1,2.08,-11.06,-0.12443047656249998,13.14,24.0,25.0,30.0,27.5,25.0,0.3686491875,338,64
2020,00-0035539,Isaac Nauta,TE,2,1.8,-9.05,-0.1248783984375001,5.425000000000001,25.0,26.0,31.0,28.5,26.0,0.413164421875,339,76
2020,00-0031868,Damiere Byrd,WR,15,91.4,-13.8,-0.12551567187500007,7.013333333333334,47.93333333333333,48.93333333333333,53.93333333333333,51.43333333333333,48.93333333333333,0.3986710973958333,340,115
2020,00-0036290,Cole Kmet,TE,15,76.0,-11.259999999999998,-0.12649419531250022,5.817333333333334,26.2,27.2,32.2,29.7,27.2,0.38961829947916665,341,77
2020,00-0033936,C.J. Beathard,QB,6,52.28,-9.869999999999997,-0.12934688281249998,10.358333333333333,24.0,25.0,30.0,27.5,25.0,0.3416240533854167,342,65
2020,00-0032975,Jonathan Williams,RB,2,2.5999999999999996,-10.0,-0.12937671875000006,6.300000000000001,30.5,31.5,36.5,34.0,31.5,0.3885546484375,343,86
2020,00-0034395,Daurice Fountain,WR,2,3.3000000000000003,-10.5,-0.13036360937500008,6.9,46.5,47.5,52.5,50.0,47.5,0.392115921875,344,116
2020,00-0032940,DeAndre Washington,RB,4,14.600000000000001,-9.75,-0.13159723437499987,6.0875,31.25,32.25,37.25,34.75,32.25,0.3745385078125,345,87
2020,00-0028097,Lee Smith,TE,5,21.5,-9.950000000000001,-0.13651138281249997,6.29,27.8,28.8,33.8,31.3,28.8,0.39247244531250003,346,78
2020,00-0027891,Golden Tate,WR,12,69.02,-10.980000000000004,-0.1392074531250001,6.666666666666667,49.083333333333336,50.083333333333336,55.083333333333336,52.583333333333336,50.083333333333336,0.39976565299479166,347,117
2020,00-0032792,Nate Sudfeld,QB,1,0.4800000000000004,-12.66,-0.14040471093749998,13.14,24.0,25.0,30.0,27.5,25.0,0.3686491875,348,66
2020,00-0034981,Foster Moreau,TE,8,36.5,-13.150000000000002,-0.14880408593750005,6.20625,26.875,27.875,32.875,30.375,27.875,0.3913287548828125,349,79
2020,00-0035671,Jace Sternberger,TE,8,35.4,-12.46,-0.14962964843750015,5.9825,25.625,26.625,31.625,29.125,26.625,0.388912580078125,350,80
2020,00-0028118,Tyrod Taylor,QB,2,9.02,-12.68,-0.15260860156249997,10.85,24.0,25.0,30.0,27.5,25.0,0.33082755859375,351,67
2020,00-0030670,Bennie Fowler,WR,2,2.1,-11.45,-0.15719370312499997,6.775,49.0,50.0,55.0,52.5,50.0,0.3913868203125,352,118
2020,00-0035957,Rodney Smith,RB,7,32.0,-11.549999999999999,-0.15739131249999994,6.221428571428572,34.142857142857146,35.142857142857146,40.142857142857146,37.642857142857146,35.142857142857146,0.3735592109375,353,88
2020,00-0036370,Joshua Kelley,RB,13,69.7,-11.5,-0.15874351562499994,6.246153846153846,33.61538461538461,34.61538461538461,39.61538461538461,37.11538461538461,34.61538461538461,0.3802231544471154,354,89
2020,00-0036008,Hunter Bryant,TE,3,5.9,-13.55,-0.1589425234375001,6.483333333333333,27.333333333333332,28.333333333333332,33.333333333333336,30.833333333333332,28.333333333333332,0.398275671875,355,81
2020,00-0031690,Eric Tomlinson,TE,2,0.0,-11.91,-0.15938835937499995,5.955,25.0,26.0,31.0,28.5,26.0,0.36909050781249997,356,82
2020,00-0033925,D'Onta Foreman,RB,5,16.5,-11.950000000000003,-0.16388297656249995,5.69,33.6,34.6,39.6,37.1,34.6,0.38290988125,357,90
2020,00-0036269,La'Mical Perine,RB,10,47.0,-14.15,-0.16466713281249995,6.115,33.4,34.4,39.4,36.9,34.4,0.38267897890625,358,91
2020,00-0026035,Danny Amendola,WR,14,83.4,-14.000000000000004,-0.16544277343750002,6.957142857142857,48.142857142857146,49.142857142857146,54.142857142857146,51.642857142857146,49.142857142857146,0.39900179631696425,359,119
2020,00-0027966,Mark Ingram,RB,10,49.900000000000006,-11.549999999999999,-0.16565782031250026,6.1450000000000005,34.3,35.3,40.3,37.8,35.3,0.37578655859375,360,92
2020,00-0036225,Dalton Keene,TE,3,6.1,-12.75,-0.16583973437500005,6.283333333333334,25.333333333333332,26.333333333333332,31.333333333333332,28.833333333333332,26.333333333333332,0.3919761666666666,361,83
2020,00-0033798,Mason Schreck,TE,2,0.0,-12.45,-0.16606110937499996,6.225,26.5,27.5,32.5,30.0,27.5,0.3591082578125,362,84
2020,00-0033460,John Ross,WR,2,2.7,-12.8,-0.16613414062500004,7.75,46.0,47.0,52.0,49.5,47.0,0.4089443828125,363,120
2020,00-0036194,Devin Asiasi,TE,4,12.9,-13.0,-0.16626135937500008,6.475,27.5,28.5,33.5,31.0,28.5,0.39803994140625,364,85
2020,00-0034771,Mason Rudolph,QB,4,20.360000000000003,-14.61,-0.16690040624999988,8.7425,24.0,25.0,30.0,27.5,25.0,0.316500041015625,365,68
2020,00-0033080,Seth DeValve,TE,2,0.0,-13.5,-0.16723731250000007,6.75,30.0,31.0,36.0,33.5,31.0,0.4120208046875,366,86
2020,00-0036255,Denzel Mims,WR,9,49.2,-14.150000000000002,-0.1680976953124999,7.038888888888889,48.333333333333336,49.333333333333336,54.333333333333336,51.833333333333336,49.333333333333336,0.39605122569444445,367,121
2020,00-0032141,Geoff Swaim,TE,7,27.8,-12.7,-0.16844685156250022,5.785714285714286,26.285714285714285,27.285714285714285,32.285714285714285,29.785714285714285,27.285714285714285,0.3856506450892857,368,87
2020,00-0032398,Chris Moore,WR,2,0.0,-13.35,-0.16915121093750007,6.675,46.5,47.5,52.5,50.0,47.5,0.37689079296875005,369,122
2020,00-0035789,Chris Rowland,WR,2,0.0,-14.5,-0.16921905468750004,7.25,44.0,45.0,50.0,47.5,45.0,0.3892273984375,370,123
2020,00-0033215,Cyril Grayson,WR,2,0.0,-13.5,-0.16926067968750003,6.75,47.5,48.5,53.5,51.0,48.5,0.4115456953125,371,124
2020,00-0033112,Temarrick Hemingway,TE,3,2.5,-13.4,-0.1701785546875001,5.3,25.333333333333332,26.333333333333332,31.333333333333332,28.833333333333332,26.333333333333332,0.3938079895833333,372,88
2020,00-0034414,Boston Scott,RB,16,83.10000000000001,-16.25,-0.1711225546874997,6.2093750000000005,33.75,34.75,39.75,37.25,34.75,0.37693704833984376,373,93
2020,00-0033839,Dede Westbrook,WR,2,0.9,-13.4,-0.17167308593749997,7.15,50.0,51.0,56.0,53.5,51.0,0.3914115078125,374,125
2020,00-0029632,Mohamed Sanu,WR,7,35.5,-13.700000000000003,-0.1744985625,7.028571428571429,47.714285714285715,48.714285714285715,53.714285714285715,51.214285714285715,48.714285714285715,0.3981851729910714,375,126
2020,00-0035823,Ben Ellefson,TE,3,4.5,-13.2,-0.17643478906249999,5.8999999999999995,26.0,27.0,32.0,29.5,27.0,0.3938895989583333,376,89
2020,00-0032972,Devontae Booker,RB,15,77.2,-18.2,-0.18072100781249995,6.36,33.46666666666667,34.46666666666667,39.46666666666667,36.96666666666667,34.46666666666667,0.3788738244791666,377,94
2020,00-0033526,Samaje Perine,RB,12,60.2,-12.900000000000002,-0.18294467187499985,6.091666666666668,33.666666666666664,34.666666666666664,39.666666666666664,37.166666666666664,34.666666666666664,0.37737000065104165,378,95
2020,00-0036208,Artavis Pierce,RB,4,9.4,-14.45,-0.18595331249999997,5.9625,34.25,35.25,40.25,37.75,35.25,0.375746951171875,379,96
2020,00-0028142,Virgil Green,TE,5,15.5,-14.760000000000002,-0.1917476328125,6.0520000000000005,25.6,26.6,31.6,29.1,26.6,0.39546905468750004,380,90
2020,00-0034613,Tanner Hudson,TE,4,8.6,-14.850000000000001,-0.19382137500000002,5.8625,26.5,27.5,32.5,30.0,27.5,0.40057791015625,381,91
2020,00-0034393,Troy Fumagalli,TE,7,26.0,-15.5,-0.19528249999999991,5.928571428571429,26.714285714285715,27.714285714285715,32.714285714285715,30.214285714285715,27.714285714285715,0.39556079241071423,382,92
2020,00-0036429,Charlie Woerner,TE,4,8.100000000000001,-15.45,-0.1954901953125,5.8875,26.25,27.25,32.25,29.75,27.25,0.38633380078125,383,93
2020,00-0035399,Stanley Morgan,WR,2,0.0,-14.650000000000002,-0.196614859375,7.325000000000001,49.0,50.0,55.0,52.5,50.0,0.40403942187499997,384,127
2020,00-0032200,Ty Montgomery,WR,4,14.299999999999999,-15.700000000000003,-0.19749814843750013,7.5,45.0,46.0,51.0,48.5,46.0,0.399085890625,385,128
2020,00-0035652,Ryan Finley,QB,4,23.160000000000004,-16.78,-0.19817012499999995,9.985,24.0,25.0,30.0,27.5,25.0,0.33207774609375,386,69
2020,00-0035752,Chris Streveler,QB,2,9.7,-16.42,-0.1985662734374999,13.06,24.0,25.0,30.0,27.5,25.0,0.36570636718749994,387,70
2020,00-0035660,Kahale Warring,TE,4,8.0,-16.25,-0.19956739843750004,6.0625,27.75,28.75,33.75,31.25,28.75,0.3851052109375,388,94
2020,00-0022921,Larry Fitzgerald,WR,13,73.9,-16.250000000000004,-0.2000626640624999,6.934615384615385,48.23076923076923,49.23076923076923,54.23076923076923,51.73076923076923,49.23076923076923,0.4008772716346154,389,129
2020,00-0035187,Austin Walter,RB,3,3.5,-15.5,-0.20268998437499997,6.333333333333333,34.333333333333336,35.333333333333336,40.333333333333336,37.833333333333336,35.333333333333336,0.38367203385416665,390,97
2020,00-0035259,Trevon Wesco,TE,3,2.0,-15.4,-0.20429367187500008,5.8,25.333333333333332,26.333333333333332,31.333333333333332,28.833333333333332,26.333333333333332,0.38428078125000004,391,95
2020,00-0036187,Reggie Gilliam,RB,4,8.6,-15.900000000000002,-0.2051865390624999,6.125,34.5,35.5,40.5,38.0,35.5,0.37874374609375,392,98
2020,00-0032780,Jordan Howard,RB,7,30.200000000000003,-17.05,-0.2081269609375001,6.75,33.57142857142857,34.57142857142857,39.57142857142857,37.07142857142857,34.57142857142857,0.3861428794642857,393,99
2020,00-0034750,Rashaad Penny,RB,3,3.4000000000000004,-17.049999999999997,-0.20905182812499995,6.816666666666666,36.0,37.0,42.0,39.5,37.0,0.377082046875,394,100
2020,00-0031166,Seth Roberts,WR,3,5.1,-16.15,-0.21090063281249993,7.083333333333333,46.333333333333336,47.333333333333336,52.333333333333336,49.833333333333336,47.333333333333336,0.39377879687499995,395,130
2020,00-0029141,Alfred Morris,RB,9,39.2,-18.25,-0.21304078125000003,6.383333333333334,33.22222222222222,34.22222222222222,39.22222222222222,36.72222222222222,34.22222222222222,0.38058298697916665,396,101
2020,00-0027948,Blaine Gabbert,QB,4,15.319999999999999,-18.31,-0.2153422968749999,8.407499999999999,24.0,25.0,30.0,27.5,25.0,0.32124967773437496,397,71
2020,00-0036297,Darrynton Evans,RB,5,15.1,-18.45,-0.21664265625,6.709999999999999,34.4,35.4,40.4,37.9,35.4,0.37577265625,398,102
2020,00-0036422,Adam Trautman,TE,10,45.6,-17.2,-0.21852862500000025,6.28,26.8,27.8,32.8,30.3,27.8,0.39269077812500003,399,96
2020,00-0036357,Henry Ruggs III,WR,13,71.1,-18.6,-0.21912807031250037,6.9,48.76923076923077,49.76923076923077,54.76923076923077,52.26923076923077,49.76923076923077,0.3977736388221154,400,131
2020,00-0028237,Chris Hogan,WR,5,18.8,-16.6,-0.22002676562500012,7.08,47.4,48.4,53.4,50.9,48.4,0.397557940625,401,132
2020,00-0036450,Ke'Shawn Vaughn,RB,6,20.8,-16.95,-0.22525399218749997,6.291666666666667,33.333333333333336,34.333333333333336,39.333333333333336,36.833333333333336,34.333333333333336,0.3786742330729167,402,103
2020,00-0036265,AJ Dillon,RB,9,39.3,-17.150000000000002,-0.2279771718750001,6.272222222222222,35.111111111111114,36.111111111111114,41.111111111111114,38.611111111111114,36.111111111111114,0.37920396180555554,403,104
2020,00-0034159,Will Dissly,TE,15,73.10000000000001,-17.46,-0.22818587500000004,6.037333333333334,26.0,27.0,32.0,29.5,27.0,0.390274165625,404,97
2020,00-0034510,Robert Foster,WR,3,4.7,-17.400000000000002,-0.22845224218749993,7.366666666666667,46.333333333333336,47.333333333333336,52.333333333333336,49.833333333333336,47.333333333333336,0.4086168489583333,405,133
2020,00-0033859,Josh Malone,WR,3,4.800000000000001,-17.65,-0.23189794531250002,7.483333333333333,46.666666666666664,47.666666666666664,52.666666666666664,50.166666666666664,47.666666666666664,0.40085115104166663,406,134
2020,00-0030107,Theo Riddick,RB,4,8.2,-18.05,-0.23330096875000006,6.5625,35.25,36.25,41.25,38.75,36.25,0.37850787109375,407,105
2020,00-0034457,Josh Adams,RB,8,33.599999999999994,-20.000000000000004,-0.2377780156249999,6.7,34.0,35.0,40.0,37.5,35.0,0.37817630371093747,408,106
2020,00-0033567,Brian Hill,RB,16,82.9,-17.8,-0.23845732031249978,6.29375,33.625,34.625,39.625,37.125,34.625,0.3808236435546875,409,107
2020,00-0035329,Donald Parham,TE,11,48.9,-16.800000000000004,-0.2423236875,5.972727272727273,25.90909090909091,26.90909090909091,31.90909090909091,29.40909090909091,26.90909090909091,0.39461327059659096,410,98
2020,00-0027942,A.J. Green,WR,16,87.80000000000001,-21.2,-0.2436159453125002,6.8125,48.0625,49.0625,54.0625,51.5625,49.0625,0.39775146630859376,411,135
2020,00-0035291,Trayveon Williams,RB,6,19.200000000000003,-19.450000000000003,-0.2471053749999998,6.441666666666666,33.833333333333336,34.833333333333336,39.833333333333336,37.333333333333336,34.833333333333336,0.3739386875,412,108
2020,00-0035869,Austin Mack,WR,5,12.599999999999998,-20.15,-0.2477511249999999,6.55,48.2,49.2,54.2,51.7,49.2,0.39735689374999994,413,136
2020,00-0032775,Demarcus Robinson,WR,15,85.10000000000001,-19.35,-0.24908076562499998,6.963333333333334,48.4,49.4,54.4,51.9,49.4,0.3977445598958333,414,137
2020,00-0034104,Cam Sims,WR,13,70.2,-19.700000000000003,-0.24967377343750002,6.915384615384616,48.46153846153846,49.46153846153846,54.46153846153846,51.96153846153846,49.46153846153846,0.4001150799278846,415,138
2020,00-0036100,Isaiah Zuber,WR,4,6.0,-19.5,-0.25068099218749995,6.375,47.5,48.5,53.5,51.0,48.5,0.39156106640625,416,139
2020,00-0031288,AJ McCarron,QB,2,0.8,-22.15,-0.25687922656249995,11.475000000000001,24.0,25.0,30.0,27.5,25.0,0.35584368749999995,417,72
2020,00-0034297,Byron Pringle,WR,7,28.5,-18.4,-0.2574775390625001,6.7,48.285714285714285,49.285714285714285,54.285714285714285,51.785714285714285,49.285714285714285,0.39164098549107146,418,140
2020,00-0032725,Stephen Anderson,TE,7,22.6,-20.05,-0.2598994218750002,6.0928571428571425,26.571428571428573,27.571428571428573,32.57142857142857,30.071428571428573,27.571428571428573,0.38989580915178573,419,99
2020,00-0034081,Steven Mitchell,WR,4,8.5,-20.7,-0.26058325000000004,7.300000000000001,46.0,47.0,52.0,49.5,47.0,0.399981720703125,420,141
2020,00-0033564,Jake Butt,TE,4,3.5,-20.66,-0.2619161953125002,6.04,26.25,27.25,32.25,29.75,27.25,0.380015791015625,421,100
2020,00-0028114,Dwayne Harris,WR,3,0.0,-19.05,-0.26251846093750003,6.3500000000000005,50.666666666666664,51.666666666666664,56.666666666666664,54.166666666666664,51.666666666666664,0.3952425833333333,422,142
2020,00-0034660,Rico Gafford,WR,3,0.0,-20.4,-0.2654188203125,6.8,50.666666666666664,51.666666666666664,56.666666666666664,54.166666666666664,51.666666666666664,0.38949736979166666,423,143
2020,00-0033246,Johnny Mundt,TE,5,11.3,-21.1,-0.266753375,6.4799999999999995,26.8,27.8,32.8,30.3,27.8,0.40245894375,424,101
2020,00-0032393,C.J. Prosise,RB,5,10.2,-19.75,-0.2687151093750001,5.99,32.6,33.6,38.6,36.1,33.6,0.37008949218750004,425,109
2020,00-0034439,Ryan Izzo,TE,10,37.4,-21.009999999999998,-0.2689447421875,5.841,25.9,26.9,31.9,29.4,26.9,0.38568640859375003,426,102
2020,00-0032128,Chris Conley,WR,14,77.1,-20.1,-0.27122125,6.942857142857143,48.142857142857146,49.142857142857146,54.142857142857146,51.642857142857146,49.142857142857146,0.39800625892857144,427,144
2020,00-0032778,Tajae Sharpe,WR,3,0.0,-20.55,-0.27197125781250003,6.8500000000000005,48.666666666666664,49.666666666666664,54.666666666666664,52.166666666666664,49.666666666666664,0.4044008098958333,428,145
2020,00-0033094,Marvin Hall,WR,11,51.300000000000004,-23.349999999999998,-0.27322773437499986,6.786363636363637,48.09090909090909,49.09090909090909,54.09090909090909,51.59090909090909,49.09090909090909,0.4003840134943182,429,146
2020,00-0034319,Deon Yelder,TE,6,14.1,-21.6,-0.27445709375,5.95,26.333333333333332,27.333333333333332,32.333333333333336,29.833333333333332,27.333333333333332,0.3963674973958333,430,103
2020,00-0035246,J.J. Arcega-Whiteside,WR,5,12.5,-21.55,-0.2747301953125002,6.81,48.8,49.8,54.8,52.3,49.8,0.39619902968750004,431,147
2020,00-0031951,James O'Shaughnessy,TE,15,68.2,-20.810000000000002,-0.27508066406250015,5.934,26.2,27.2,32.2,29.7,27.2,0.391513521875,432,104
2020,00-0027688,Colt McCoy,QB,4,20.2,-22.490000000000002,-0.2760075468749999,10.6725,24.0,25.0,30.0,27.5,25.0,0.35230394140625,433,73
2020,00-0036040,Juwan Johnson,TE,5,9.9,-21.25,-0.27655253906250005,6.2299999999999995,26.8,27.8,32.8,30.3,27.8,0.396366809375,434,105
2020,00-0022127,Jason Witten,TE,10,38.4,-21.71,-0.27887415624999995,6.011,26.0,27.0,32.0,29.5,27.0,0.38482016953125,435,106
2020,00-0036364,Lynn Bowden,WR,9,39.58,-23.67,-0.2847932578125001,7.027777777777778,47.666666666666664,48.666666666666664,53.666666666666664,51.166666666666664,48.666666666666664,0.4009613324652778,436,148
2020,00-0035848,De'Michael Harris,WR,6,17.5,-20.85,-0.28484411718750013,6.391666666666667,50.166666666666664,51.166666666666664,56.166666666666664,53.666666666666664,51.166666666666664,0.4003850989583333,437,149
2020,00-0033266,JoJo Natson,WR,3,0.30000000000000004,-22.15,-0.28662095312499997,7.483333333333333,46.666666666666664,47.666666666666664,52.666666666666664,50.166666666666664,47.666666666666664,0.40085115104166663,438,150
2020,00-0035217,Benny Snell,RB,15,69.9,-25.1,-0.2866376406249999,6.333333333333333,33.2,34.2,39.2,36.7,34.2,0.37942627291666664,439,110
2020,00-0035993,Tyler Huntley,QB,2,2.9000000000000004,-24.299999999999997,-0.2867023671875,13.6,24.0,25.0,30.0,27.5,25.0,0.3617482578125,440,74
2020,00-0036278,Jason Huntley,RB,4,2.4000000000000004,-22.200000000000003,-0.28921209374999995,6.15,35.75,36.75,41.75,39.25,36.75,0.37908846679687497,441,111
2020,00-0034400,Jordan Wilkins,RB,13,55.300000000000004,-24.6,-0.28990645312499974,6.1461538461538465,32.92307692307692,33.92307692307692,38.92307692307692,36.42307692307692,33.92307692307692,0.38002148978365385,442,112
2020,00-0031503,Jameis Winston,QB,3,2.3999999999999995,-25.25,-0.290160296875,9.216666666666667,24.0,25.0,30.0,27.5,25.0,0.3217568932291666,443,75
2020,00-0034353,Anthony Miller,WR,16,84.2,-25.299999999999997,-0.2944683281250002,6.84375,48.5,49.5,54.5,52.0,49.5,0.39853840478515623,444,151
2020,00-0035912,Levante Bellamy,RB,4,2.1,-24.299999999999997,-0.2949695312499999,6.6,35.25,36.25,41.25,38.75,36.25,0.3786804453125,445,113
2020,00-0033382,Austin Carr,WR,5,10.2,-23.9,-0.2982384921875002,6.82,47.6,48.6,53.6,51.1,48.6,0.392247721875,446,152
2020,00-0033471,Isaiah Ford,WR,9,41.6,-22.15,-0.2985785156250001,7.083333333333333,46.55555555555556,47.55555555555556,52.55555555555556,50.05555555555556,47.55555555555556,0.39513824305555556,447,153
2020,00-0033896,Adam Shaheen,TE,13,51.0,-23.95,-0.3015032109375,5.765384615384615,26.076923076923077,27.076923076923077,32.07692307692308,29.576923076923077,27.076923076923077,0.3893352469951923,448,107
2020,00-0030085,Kenny Stills,WR,7,25.900000000000002,-22.1,-0.3015280234375,6.857142857142857,48.57142857142857,49.57142857142857,54.57142857142857,52.07142857142857,49.57142857142857,0.3983004620535714,449,154
2020,00-0034253,Dontrell Hilliard,RB,5,5.5,-25.0,-0.30155425781249984,6.1,34.2,35.2,40.2,37.7,35.2,0.3832537484375,450,114
2020,00-0024243,Marcedes Lewis,TE,11,43.7,-22.750000000000004,-0.30523642187499994,6.040909090909091,26.09090909090909,27.09090909090909,32.09090909090909,29.59090909090909,27.09090909090909,0.38918230397727277,451,108
2020,00-0036340,Antonio Gandy-Golden,WR,4,3.0,-24.85,-0.30616921093750005,6.9625,46.5,47.5,52.5,50.0,47.5,0.40303363476562504,452,155
2020,00-0034349,Kerryon Johnson,RB,14,62.300000000000004,-24.6,-0.3076644765624999,6.207142857142857,33.785714285714285,34.785714285714285,39.785714285714285,37.285714285714285,34.785714285714285,0.3796968470982143,453,115
2020,00-0034631,Vyncint Smith,WR,4,1.8,-24.35,-0.3092891640625,6.5375,48.5,49.5,54.5,52.0,49.5,0.388561771484375,454,156
2020,00-0034676,James Washington,WR,16,84.2,-25.5,-0.31235903125000014,6.85625,48.5625,49.5625,54.5625,52.0625,49.5625,0.3980202250976562,455,157
2020,00-0033308,Matt Breida,RB,10,37.5,-23.2,-0.3130969218750001,6.07,34.6,35.6,40.6,38.1,35.6,0.37740612734375,456,116
2020,00-0035215,Deonte Harty,WR,9,39.7,-23.05,-0.3131373593749998,6.972222222222222,48.333333333333336,49.333333333333336,54.333333333333336,51.833333333333336,49.333333333333336,0.3974758854166667,457,158
2020,00-0033466,Isaiah McKenzie,WR,15,78.58,-24.67,-0.3135451640624999,6.883333333333334,48.53333333333333,49.53333333333333,54.53333333333333,52.03333333333333,49.53333333333333,0.3997939484375,458,159
2020,00-0030525,Tavon Austin,WR,4,4.5,-24.700000000000003,-0.3142331953125,7.300000000000001,46.0,47.0,52.0,49.5,47.0,0.399981720703125,459,160
2020,00-0030533,Matt Barkley,QB,4,11.28,-27.98,-0.3155298124999998,9.815,24.0,25.0,30.0,27.5,25.0,0.352213447265625,460,76
2020,00-0036435,Raymond Calais,RB,4,0.0,-25.6,-0.3163447031249999,6.4,34.5,35.5,40.5,38.0,35.5,0.37765108984375,461,117
2020,00-0034854,KhaDarel Hodge,WR,7,23.5,-24.35,-0.3175778125000001,6.835714285714286,47.42857142857143,48.42857142857143,53.42857142857143,50.92857142857143,48.42857142857143,0.3964259296875,462,161
2020,00-0035304,Cullen Gillaspia,RB,4,1.1,-24.35,-0.32509681249999994,6.362500000000001,31.5,32.5,37.5,35.0,32.5,0.382826314453125,463,118
2020,00-0035208,Olamide Zaccheaus,WR,10,43.4,-25.400000000000006,-0.3273258046874999,6.88,48.7,49.7,54.7,52.2,49.7,0.39883190156250004,464,162
2020,00-0031209,Senorise Perry,RB,4,0.9,-25.75,-0.32838171874999994,6.6625000000000005,35.25,36.25,41.25,38.75,36.25,0.378133314453125,465,119
2020,00-0034772,Antonio Callaway,WR,4,3.0,-24.200000000000003,-0.32939114062499997,6.800000000000001,49.5,50.5,55.5,53.0,50.5,0.401289642578125,466,163
2020,00-0034449,Buddy Howell,RB,5,7.2,-24.900000000000002,-0.33110199218749997,6.42,31.6,32.6,37.6,35.1,32.6,0.37277813437499996,467,120
2020,00-0031484,Chris Manhertz,TE,7,14.2,-24.71,-0.3329065937499999,5.558571428571429,25.714285714285715,26.714285714285715,31.714285714285715,29.214285714285715,26.714285714285715,0.37896952232142855,468,109
2020,00-0034365,Ian Thomas,TE,13,50.5,-25.46,-0.3331397187500002,5.843076923076923,25.46153846153846,26.46153846153846,31.46153846153846,28.96153846153846,26.46153846153846,0.3965937836538461,469,110
2020,00-0026544,Chase Daniel,QB,4,16.16,-28.099999999999998,-0.3385879999999999,11.065,24.0,25.0,30.0,27.5,25.0,0.344013353515625,470,77
2020,00-0033258,Darrell Daniels,TE,9,27.200000000000003,-27.61,-0.3434563906250004,6.09,26.444444444444443,27.444444444444443,32.44444444444444,29.944444444444443,27.444444444444443,0.3900712118055556,471,111
2020,00-0035264,Jarrett Stidham,QB,5,18.94,-29.71,-0.34498071093750005,9.73,24.0,25.0,30.0,27.5,25.0,0.335699309375,472,78
2020,00-0036233,Donovan Peoples-Jones,WR,12,51.400000000000006,-27.75,-0.34872313281250017,6.595833333333334,48.833333333333336,49.833333333333336,54.833333333333336,52.333333333333336,49.833333333333336,0.3964242955729167,473,164
2020,00-0034860,Dante Pettis,WR,6,15.600000000000001,-27.5,-0.35217829687500013,7.183333333333334,45.5,46.5,51.5,49.0,46.5,0.3959359947916667,474,165
2020,00-0034273,Damion Ratley,WR,5,8.3,-27.1,-0.35506934375,7.08,47.4,48.4,53.4,50.9,48.4,0.397557940625,475,166
2020,00-0036254,Collin Johnson,WR,11,50.2,-27.85,-0.3555179296874999,7.095454545454545,49.09090909090909,50.09090909090909,55.09090909090909,52.59090909090909,50.09090909090909,0.40127200497159093,476,167
2020,00-0025396,Ted Ginn,WR,5,5.5,-27.3,-0.35893706249999996,6.56,48.0,49.0,54.0,51.5,49.0,0.39386253125000004,477,168
2020,00-0029137,Alshon Jeffery,WR,7,20.5,-26.950000000000003,-0.364744328125,6.778571428571429,48.285714285714285,49.285714285714285,54.285714285714285,51.785714285714285,49.285714285714285,0.403140953125,478,169
2020,00-0036096,J.J. Taylor,RB,6,11.9,-29.2,-0.3651649609374999,6.8500000000000005,35.5,36.5,41.5,39.0,36.5,0.37520303515625003,479,121
2020,00-0035184,Devine Ozigbo,RB,6,8.8,-28.8,-0.3664036562499998,6.266666666666667,32.833333333333336,33.833333333333336,38.833333333333336,36.333333333333336,33.833333333333336,0.37835637109375003,480,122
2020,00-0034054,River Cracraft,WR,5,7.1,-28.8,-0.3705115546875,7.18,47.0,48.0,53.0,50.5,48.0,0.39446435625,481,170
2020,00-0036277,Quintez Cephus,WR,12,56.900000000000006,-27.65,-0.3707688828124999,7.045833333333333,48.0,49.0,54.0,51.5,49.0,0.4002069798177083,482,171
2020,00-0032980,Marcus Johnson,WR,9,32.5,-26.7,-0.3720293671874999,6.577777777777778,48.888888888888886,49.888888888888886,54.888888888888886,52.388888888888886,49.888888888888886,0.3984466154513889,483,172
2020,00-0033481,Marcus Kemp,WR,4,1.6,-28.35,-0.37227150781250007,7.487500000000001,48.5,49.5,54.5,52.0,49.5,0.406806185546875,484,173
2020,00-0032394,Nick Vannett,TE,11,36.5,-29.51,-0.37267165625000015,6.000909090909091,26.09090909090909,27.09090909090909,32.09090909090909,29.59090909090909,27.09090909090909,0.38223405468750005,485,112
2020,00-0030216,Josh Hill,TE,9,22.6,-28.96,-0.37345607812500015,5.728888888888889,25.444444444444443,26.444444444444443,31.444444444444443,28.944444444444443,26.444444444444443,0.3871839331597222,486,113
2020,00-0032058,Tevin Coleman,RB,6,10.700000000000001,-28.900000000000002,-0.37389742968750006,6.6000000000000005,34.5,35.5,40.5,38.0,35.5,0.37888733723958334,487,123
2020,00-0035594,Travis Homer,RB,9,28.3,-28.450000000000003,-0.37429751562499997,6.305555555555555,33.77777777777778,34.77777777777778,39.77777777777778,37.27777777777778,34.77777777777778,0.38060074479166667,488,124
2020,00-0036139,Rico Dowdle,RB,5,2.4000000000000004,-29.75,-0.37518601562499987,6.43,34.2,35.2,40.2,37.7,35.2,0.386855196875,489,125
2020,00-0034370,DaeSean Hamilton,WR,12,50.800000000000004,-31.0,-0.3753268515625002,6.816666666666666,48.166666666666664,49.166666666666664,54.166666666666664,51.666666666666664,49.166666666666664,0.39985015429687504,490,174
2020,00-0029665,Robert Griffin III,QB,4,6.580000000000001,-32.3,-0.3756063046874999,9.719999999999999,24.0,25.0,30.0,27.5,25.0,0.345567099609375,491,79
2020,00-0035414,Jalen Guyton,WR,16,83.10000000000001,-28.0,-0.3782071171875003,6.9437500000000005,48.3125,49.3125,54.3125,51.8125,49.3125,0.39784897412109377,492,175
2020,00-0036219,Marquez Callaway,WR,9,31.8,-28.85,-0.3863485390625001,6.738888888888889,48.55555555555556,49.55555555555556,54.55555555555556,52.05555555555556,49.55555555555556,0.3960075989583334,493,176
2020,00-0030470,Vance McDonald,TE,10,32.4,-29.560000000000002,-0.3878995703125004,6.196,26.3,27.3,32.3,29.8,27.3,0.3918045828125,494,114
2020,00-0034686,Auden Tate,WR,8,22.0,-29.8,-0.3917584765625001,6.4750000000000005,49.0,50.0,55.0,52.5,50.0,0.393264529296875,495,177
2020,00-0035527,Andy Isabella,WR,11,44.300000000000004,-29.35,-0.3928302578125,6.695454545454546,49.45454545454545,50.45454545454545,55.45454545454545,52.95454545454545,50.45454545454545,0.3991958252840909,496,178
2020,00-0032404,Tyler Ervin,RB,8,20.6,-30.450000000000003,-0.39648818750000003,6.3812500000000005,33.875,34.875,39.875,37.375,34.875,0.38070903515625,497,126
2020,00-0036078,Xavier Jones,RB,5,0.0,-30.0,-0.39811341406249995,6.0,35.0,36.0,41.0,38.5,36.0,0.380066728125,498,127
2020,00-0033576,Eric Saubert,TE,6,6.1,-31.0,-0.3984391484374999,6.183333333333334,27.166666666666668,28.166666666666668,33.166666666666664,30.666666666666668,28.166666666666668,0.3917345078125,499,115
2020,00-0035287,KeeSean Johnson,WR,8,24.8,-30.5,-0.3993253828125,6.9125000000000005,48.25,49.25,54.25,51.75,49.25,0.3966206630859375,500,179
2020,00-0027029,LeSean McCoy,RB,8,20.7,-31.45,-0.4013301250000001,6.51875,34.125,35.125,40.125,37.625,35.125,0.376397431640625,501,128
2020,00-0035022,Penny Hart,WR,5,2.7,-30.3,-0.4042921015625001,6.6,50.6,51.6,56.6,54.1,51.6,0.3970679046875,502,180
2020,00-0030465,Kenjon Barner,RB,5,0.0,-31.6,-0.40547126562499985,6.32,34.4,35.4,40.4,37.9,35.4,0.3759863390625,503,129
2020,00-0036427,Tyler Johnson,WR,10,34.900000000000006,-31.15,-0.40604807812500004,6.6049999999999995,48.9,49.9,54.9,52.4,49.9,0.39655318125,504,181
2020,00-0031339,Donte Moncrief,WR,5,2.4,-32.2,-0.4088776562500001,6.92,47.2,48.2,53.2,50.7,48.2,0.39448714375000005,505,182
2020,00-0032791,Jakeem Grant,WR,14,63.300000000000004,-31.200000000000003,-0.4097894140625,6.75,48.5,49.5,54.5,52.0,49.5,0.39895440401785714,506,183
2020,00-0034052,Brandon Zylstra,WR,5,5.1000000000000005,-31.900000000000002,-0.41380121093749994,7.4,48.8,49.8,54.8,52.3,49.8,0.405575234375,507,184
2020,00-0030443,Levine Toilolo,TE,7,12.1,-30.86,-0.4138361015625,6.137142857142857,25.285714285714285,26.285714285714285,31.285714285714285,28.785714285714285,26.285714285714285,0.3851139497767857,508,116
2020,00-0034279,Equanimeous St. Brown,WR,8,21.900000000000002,-31.5,-0.42129415625000005,6.675000000000001,47.875,48.875,53.875,51.375,48.875,0.3957032236328125,509,185
2020,00-0032135,Jesse James,TE,13,45.9,-33.0,-0.42174454687500007,6.06923076923077,26.153846153846153,27.153846153846153,32.15384615384615,29.653846153846153,27.153846153846153,0.39733658653846154,510,117
2020,00-0032741,Peyton Barber,RB,14,53.0,-34.9,-0.4228930468749999,6.278571428571429,33.714285714285715,34.714285714285715,39.714285714285715,37.214285714285715,34.714285714285715,0.3768488175223214,511,130
2020,00-0036365,Bryan Edwards,WR,9,30.800000000000004,-31.5,-0.4256082890625001,6.9222222222222225,47.44444444444444,48.44444444444444,53.44444444444444,50.94444444444444,48.44444444444444,0.3974604861111111,512,186
2020,00-0032881,Tommylee Lewis,WR,5,2.4,-32.7,-0.43077454687500005,7.0200000000000005,48.2,49.2,54.2,51.7,49.2,0.394607615625,513,187
2020,00-0035006,Bisi Johnson,WR,9,27.900000000000002,-33.35,-0.4330067656250002,6.805555555555555,47.111111111111114,48.111111111111114,53.111111111111114,50.611111111111114,48.111111111111114,0.39777017013888893,514,188
2020,00-0034419,Braxton Berrios,WR,16,78.8,-32.5,-0.4418165078125003,6.95625,48.1875,49.1875,54.1875,51.6875,49.1875,0.39785847216796877,515,189
2020,00-0029119,Derek Carrier,TE,6,2.9000000000000004,-33.26,-0.44702664843750006,6.026666666666667,24.666666666666668,25.666666666666668,30.666666666666668,28.166666666666668,25.666666666666668,0.39921098828125,516,118
2020,00-0035039,Stephen Carlson,TE,7,4.6,-34.61,-0.44736578125000004,5.601428571428571,24.857142857142858,25.857142857142858,30.857142857142858,28.357142857142858,25.857142857142858,0.39168256473214286,517,119
2020,00-0035510,Jeff Smith,WR,9,25.2,-34.050000000000004,-0.4513023515625002,6.583333333333333,48.55555555555556,49.55555555555556,54.55555555555556,52.05555555555556,49.55555555555556,0.3940952777777778,518,190
2020,00-0032577,D.J. Foster,RB,6,1.4000000000000001,-35.35,-0.4558443046874999,6.125,34.0,35.0,40.0,37.5,35.0,0.3837369296875,519,131
2020,00-0036245,Malcolm Perry,RB,9,20.200000000000003,-35.45,-0.46557141406249986,6.183333333333334,34.0,35.0,40.0,37.5,35.0,0.37885084375,520,132
2020,00-0034386,Justin Watson,WR,7,12.9,-34.0,-0.46658838281250015,6.7,47.42857142857143,48.42857142857143,53.42857142857143,50.92857142857143,48.42857142857143,0.399358984375,521,191
2020,00-0030108,Ryan Griffin,TE,10,22.1,-36.86,-0.4701224140625001,5.896,25.7,26.7,31.7,29.2,26.7,0.386697465625,522,120
2020,00-0035703,Miles Boykin,WR,14,60.1,-36.8,-0.47069836718749986,6.921428571428572,48.07142857142857,49.07142857142857,54.07142857142857,51.57142857142857,49.07142857142857,0.3983072103794643,523,192
2020,00-0032450,Dwayne Washington,RB,6,1.5,-36.400000000000006,-0.4717347499999999,6.316666666666667,32.166666666666664,33.166666666666664,38.166666666666664,35.666666666666664,33.166666666666664,0.39042931640625,524,133
2020,00-0034301,Darrel Williams,RB,13,45.50000000000001,-36.4,-0.4750976093750001,6.300000000000001,34.30769230769231,35.30769230769231,40.30769230769231,37.80769230769231,35.30769230769231,0.3810238882211538,525,134
2020,00-0034928,Steven Sims,WR,12,47.800000000000004,-36.75,-0.47585599218749985,7.045833333333333,48.0,49.0,54.0,51.5,49.0,0.4002069798177083,526,193
2020,00-0035924,Jonathan Ward,RB,7,7.6,-36.75,-0.4799384218749999,6.335714285714286,34.0,35.0,40.0,37.5,35.0,0.3834852678571429,527,135
2020,00-0034838,Royce Freeman,RB,11,31.1,-38.45,-0.49173367968750004,6.322727272727272,34.27272727272727,35.27272727272727,40.27272727272727,37.77272727272727,35.27272727272727,0.3776243096590909,528,136
2020,00-0033528,Jeremy Sprinkle,TE,7,2.1,-38.85,-0.4976790625000001,5.8500000000000005,25.857142857142858,26.857142857142858,31.857142857142858,29.357142857142858,26.857142857142858,0.38992456026785716,529,121
2020,00-0034597,Ryan Nall,RB,9,16.7,-39.900000000000006,-0.49866251562499986,6.288888888888889,33.111111111111114,34.111111111111114,39.111111111111114,36.611111111111114,34.111111111111114,0.38397753385416666,530,137
2020,00-0035726,Jakob Johnson,RB,8,13.5,-38.75,-0.507791984375,6.53125,32.875,33.875,38.875,36.375,33.875,0.3802768974609375,531,138
2020,00-0035342,Patrick Laird,RB,9,17.0,-38.15,-0.5142433281249998,6.127777777777778,33.0,34.0,39.0,36.5,34.0,0.3807476631944444,532,139
2020,00-0036439,Tyrie Cleveland,WR,7,9.3,-38.9,-0.5181454140624999,6.885714285714286,49.285714285714285,50.285714285714285,55.285714285714285,52.785714285714285,50.285714285714285,0.3932861908482143,533,194
2020,00-0034378,Ito Smith,RB,14,48.800000000000004,-39.8,-0.5224685546875002,6.328571428571428,33.642857142857146,34.642857142857146,39.642857142857146,37.142857142857146,34.642857142857146,0.37845965569196427,534,140
2020,00-0036142,Isaiah Wright,WR,11,34.8,-39.550000000000004,-0.5236261796874999,6.75909090909091,48.63636363636363,49.63636363636363,54.63636363636363,52.13636363636363,49.63636363636363,0.39937653124999994,535,195
2020,00-0033854,Dare Ogunbowale,RB,10,24.9,-38.7,-0.5250715312499998,6.36,33.0,34.0,39.0,36.5,34.0,0.37449336484374995,536,141
2020,00-0034309,Chad Beebe,WR,12,42.1,-37.35,-0.5253624062500003,6.620833333333334,49.166666666666664,50.166666666666664,55.166666666666664,52.666666666666664,50.166666666666664,0.3956581705729167,537,196
2020,00-0033725,Corey Clement,RB,10,18.5,-42.2,-0.536517296875,6.07,34.5,35.5,40.5,38.0,35.5,0.3769116796875,538,142
2020,00-0034788,Jaeden Graham,TE,8,7.0,-41.05,-0.5408949453125,6.00625,25.875,26.875,31.875,29.375,26.875,0.3891605087890625,539,122
2020,00-0032062,Blake Bell,TE,11,27.700000000000003,-40.4,-0.5416859296875001,6.1909090909090905,26.818181818181817,27.818181818181817,32.81818181818182,30.318181818181817,27.818181818181817,0.38697909232954547,540,123
2020,00-0032098,Daniel Brown,TE,8,6.1,-41.910000000000004,-0.5422128359374998,6.00125,26.5,27.5,32.5,30.0,27.5,0.389210228515625,541,124
2020,00-0036398,John Hightower,WR,10,23.8,-42.75,-0.5546651484375001,6.654999999999999,48.7,49.7,54.7,52.2,49.7,0.39239572109375,542,197
2020,00-0026293,Matthew Slater,WR,6,0.0,-43.4,-0.5613906953125001,7.233333333333333,46.833333333333336,47.833333333333336,52.833333333333336,50.333333333333336,47.833333333333336,0.3956813072916667,543,198
2020,00-0033376,Patrick Ricard,RB,9,12.899999999999999,-41.25,-0.5621870546875001,6.0166666666666675,34.111111111111114,35.111111111111114,40.111111111111114,37.611111111111114,35.111111111111114,0.37515591579861113,544,143
2020,00-0032104,Ameer Abdullah,RB,11,26.0,-43.800000000000004,-0.5643733984374999,6.345454545454545,32.90909090909091,33.90909090909091,38.90909090909091,36.40909090909091,33.90909090909091,0.38155779829545455,545,144
2020,00-0033025,Jalen Richard,RB,13,41.6,-42.5,-0.5667090781249999,6.46923076923077,33.23076923076923,34.23076923076923,39.23076923076923,36.73076923076923,34.23076923076923,0.37962527043269234,546,145
2020,00-0035835,Nathan Cottrell,RB,7,0.0,-44.7,-0.5698447812499998,6.385714285714286,33.57142857142857,34.57142857142857,39.57142857142857,37.07142857142857,34.57142857142857,0.3776428337053571,547,146
2020,00-0034438,Logan Woodside,QB,5,1.28,-48.33,-0.5714785937499999,9.922,24.0,25.0,30.0,27.5,25.0,0.34735673125,548,80
2020,00-0034652,Cameron Batson,WR,10,24.0,-44.35,-0.581787984375,6.835000000000001,48.4,49.4,54.4,51.9,49.4,0.40224323984375,549,199
2020,00-0034418,Cedrick Wilson Jr.,WR,13,43.120000000000005,-46.67999999999999,-0.5906971406250001,6.907692307692307,47.46153846153846,48.46153846153846,53.46153846153846,50.96153846153846,48.46153846153846,0.3968165516826923,550,200
2020,00-0030155,Demetrius Harris,TE,11,15.0,-46.31,-0.5963871562500003,5.573636363636364,25.454545454545453,26.454545454545453,31.454545454545453,28.954545454545453,26.454545454545453,0.39109239701704546,551,125
2020,00-0033555,Mack Hollins,WR,11,29.6,-44.85,-0.5983919921875,6.7681818181818185,48.72727272727273,49.72727272727273,54.72727272727273,52.22727272727273,49.72727272727273,0.3968458771306818,552,201
2020,00-0030578,Cordarrelle Patterson,RB,16,52.900000000000006,-48.45,-0.6061365937499998,6.3343750000000005,33.4375,34.4375,39.4375,36.9375,34.4375,0.38001138916015625,553,147
2020,00-0033591,Noah Brown,WR,10,22.8,-45.800000000000004,-0.6083257109375,6.860000000000001,48.2,49.2,54.2,51.7,49.2,0.3989462171875,554,202
2020,00-0034331,Jaylen Samuels,RB,9,11.9,-46.050000000000004,-0.608955671875,6.438888888888889,33.22222222222222,34.22222222222222,39.22222222222222,36.72222222222222,34.22222222222222,0.3731260060763889,555,148
2020,00-0035181,Darrius Shepherd,WR,8,7.1000000000000005,-46.35,-0.6139862734375,6.68125,48.875,49.875,54.875,52.375,49.875,0.39555830078125,556,203
2020,00-0033891,Zay Jones,WR,11,29.560000000000002,-45.540000000000006,-0.6166099687500001,6.827272727272728,48.27272727272727,49.27272727272727,54.27272727272727,51.77272727272727,49.27272727272727,0.39839724573863633,557,204
2020,00-0028063,Taiwan Jones,RB,8,0.0,-50.15,-0.6232204687499998,6.26875,33.375,34.375,39.375,36.875,34.375,0.3816656884765625,558,149
2020,00-0035976,Dan Chisena,WR,7,0.0,-49.25,-0.6234361015625001,7.035714285714286,47.857142857142854,48.857142857142854,53.857142857142854,51.357142857142854,48.857142857142854,0.40037329687499995,559,205
2020,00-0034132,Christian Blake,WR,10,20.6,-46.8,-0.624137515625,6.74,48.0,49.0,54.0,51.5,49.0,0.39487878046875,560,206
2020,00-0036336,Anthony McFarland,RB,11,19.7,-47.45,-0.6325827265625001,6.104545454545455,33.18181818181818,34.18181818181818,39.18181818181818,36.68181818181818,34.18181818181818,0.3818580603693182,561,150
2020,00-0035480,Malik Taylor,WR,10,16.0,-50.25,-0.6423661796875,6.625,48.8,49.8,54.8,52.3,49.8,0.396691984375,562,207
2020,00-0034208,Mike Boone,RB,10,13.900000000000002,-49.35,-0.6428529140625001,6.325,34.3,35.3,40.3,37.8,35.3,0.38231368203125,563,151
2020,00-0028087,Dion Lewis,RB,16,49.7,-51.650000000000006,-0.6616751718749999,6.3343750000000005,33.4375,34.4375,39.4375,36.9375,34.4375,0.38001138916015625,564,152
2020,00-0034988,Kaden Smith,TE,15,38.2,-51.31,-0.6685611640625002,5.967333333333333,26.066666666666666,27.066666666666666,32.06666666666667,29.566666666666666,27.066666666666666,0.3911254427083334,565,126
2020,00-0028042,Luke Stocker,TE,11,16.8,-51.410000000000004,-0.6753788593750002,6.200909090909092,26.181818181818183,27.181818181818183,32.18181818181818,29.681818181818183,27.181818181818183,0.3863980667613637,566,127
2020,00-0034487,Trent Sherfield,WR,9,7.5,-52.95,-0.6852915781250001,6.716666666666667,48.44444444444444,49.44444444444444,54.44444444444444,51.94444444444444,49.44444444444444,0.3981108029513889,567,208
2020,00-0034192,Nick Keizer,TE,11,13.3,-52.61,-0.7054167968750003,5.991818181818181,25.90909090909091,26.90909090909091,31.90909090909091,29.40909090909091,26.90909090909091,0.38488099005681814,568,128
2020,00-0036182,Nick Westbrook-Ikhine,WR,9,6.800000000000001,-53.2,-0.7055847343750001,6.666666666666667,47.77777777777778,48.77777777777778,53.77777777777778,51.27777777777778,48.77777777777778,0.3962221467013889,569,209
2020,00-0033955,Jeremy McNichols,RB,15,37.900000000000006,-55.75,-0.7261872187500003,6.243333333333334,33.0,34.0,39.0,36.5,34.0,0.3795604927083333,570,153
2020,00-0032986,J.P. Holtz,TE,9,0.0,-55.8,-0.7343698828125,6.199999999999999,26.11111111111111,27.11111111111111,32.111111111111114,29.61111111111111,27.11111111111111,0.3940868420138889,571,129
2020,00-0036247,Freddie Swain,WR,13,34.4,-57.400000000000006,-0.7393197812500001,7.061538461538461,48.38461538461539,49.38461538461539,54.38461538461539,51.88461538461539,49.38461538461539,0.3992062938701923,572,210
2020,00-0036345,K.J. Osborn,WR,8,0.0,-55.5,-0.7464461953125001,6.9375,48.375,49.375,54.375,51.875,49.375,0.399030544921875,573,211
2020,00-0034426,Javon Wims,WR,10,14.0,-57.0,-0.7471436328125001,7.1,48.5,49.5,54.5,52.0,49.5,0.3959418953125,574,212
2020,00-0034975,Justice Hill,RB,11,10.5,-57.5,-0.7502382031249999,6.181818181818182,33.45454545454545,34.45454545454545,39.45454545454545,36.95454545454545,34.45454545454545,0.38096501207386363,575,154
2020,00-0033114,Mike Thomas,WR,12,23.799999999999997,-58.300000000000004,-0.7546005000000001,6.841666666666668,48.25,49.25,54.25,51.75,49.25,0.398152271484375,576,213
2020,00-0035021,Ashton Dulin,WR,10,7.9,-59.900000000000006,-0.7628352265625002,6.779999999999999,47.9,48.9,53.9,51.4,48.9,0.395139440625,577,214
2020,00-0033006,Jaydon Mickens,WR,10,9.3,-59.8,-0.7658827578125001,6.909999999999999,48.4,49.4,54.4,51.9,49.4,0.39459040859375,578,215
2020,00-0036415,Van Jefferson,WR,14,37.4,-59.50000000000001,-0.7739939921874999,6.921428571428572,47.642857142857146,48.642857142857146,53.642857142857146,51.142857142857146,48.642857142857146,0.39810243805803575,579,216
2020,00-0033367,C.J. Board,WR,11,15.9,-61.050000000000004,-0.7829033671875001,6.995454545454546,47.90909090909091,48.90909090909091,53.90909090909091,51.40909090909091,48.90909090909091,0.4000574694602273,580,217
2020,00-0036377,Joe Reed,WR,10,8.9,-60.1,-0.7973930468750001,6.9,48.5,49.5,54.5,52.0,49.5,0.39567123828125,581,218
2020,00-0033338,Cethan Carter,TE,13,12.8,-61.76,-0.7988886093750003,5.735384615384616,26.23076923076923,27.23076923076923,32.23076923076923,29.73076923076923,27.23076923076923,0.3899654080528846,582,130
2020,00-0036331,Devin Duvernay,WR,15,37.1,-64.5,-0.8439566953125002,6.773333333333334,48.266666666666666,49.266666666666666,54.266666666666666,51.766666666666666,49.266666666666666,0.3972958661458333,583,219
2020,00-0035628,D'Ernest Johnson,RB,14,19.5,-67.2,-0.8690058593749999,6.192857142857143,33.714285714285715,34.714285714285715,39.714285714285715,37.214285714285715,34.714285714285715,0.3788264313616071,584,155
2020,00-0034164,Trenton Cannon,RB,12,6.4,-68.15,-0.8775770078124999,6.2124999999999995,33.833333333333336,34.833333333333336,39.833333333333336,37.333333333333336,34.833333333333336,0.3764392936197916,585,156
2020,00-0034177,Tim Boyle,QB,8,-0.9000000000000001,-79.16,-0.8842560859374998,9.7825,24.0,25.0,30.0,27.5,25.0,0.3334926298828125,586,81
2020,00-0033292,Trent Taylor,WR,12,13.6,-67.25,-0.8844572890625,6.7375,48.833333333333336,49.833333333333336,54.833333333333336,52.333333333333336,49.833333333333336,0.39909980208333334,587,220
2020,00-0033296,Alex Armah,RB,12,5.2,-69.5,-0.8955292734375,6.2250000000000005,34.25,35.25,40.25,37.75,35.25,0.376069419921875,588,157
2020,00-0031319,Diontae Spencer,WR,11,6.0,-70.25,-0.9219557265625,6.931818181818182,46.81818181818182,47.81818181818182,52.81818181818182,50.31818181818182,47.81818181818182,0.3997987407670454,589,221
2020,00-0035645,Gunner Olszewski,WR,13,17.0,-71.0,-0.9289955078125,6.769230769230769,48.46153846153846,49.46153846153846,54.46153846153846,51.96153846153846,49.46153846153846,0.39843601622596153,590,222
2020,00-0036382,K.J. Hill,WR,12,10.8,-71.45,-0.9435598125000001,6.854166666666667,48.25,49.25,54.25,51.75,49.25,0.39538468815104166,591,223
2020,00-0033572,Jamal Agnew,WR,14,18.7,-78.95,-1.0210255703125002,6.9750000000000005,47.57142857142857,48.57142857142857,53.57142857142857,51.07142857142857,48.57142857142857,0.3982999402901786,592,224
2020,00-0032464,Kalif Raymond,WR,15,22.900000000000002,-79.2,-1.0381262265625002,6.8066666666666675,48.733333333333334,49.733333333333334,54.733333333333334,52.233333333333334,49.733333333333334,0.39720194427083333,593,225
2020,00-0034646,Brandon Powell,WR,15,23.6,-80.60000000000001,-1.0565923671875,6.946666666666667,48.4,49.4,54.4,51.9,49.4,0.39944394791666665,594,226
2020,00-0033119,Jacoby Brissett,QB,11,20.580000000000002,-93.37,-1.0946974296874996,10.35909090909091,24.0,25.0,30.0,27.5,25.0,0.34272691477272726,595,82
2020,00-0034407,Ray-Ray McCloud,WR,16,24.2,-85.5,-1.1146173906249999,6.85625,48.5625,49.5625,54.5625,52.0625,49.5625,0.3980202250976562,596,227
2020,00-0031763,DeAndre Carter,WR,13,1.3,-87.25,-1.1173091796875,6.811538461538461,48.61538461538461,49.61538461538461,54.61538461538461,52.11538461538461,49.61538461538461,0.39811054927884615,597,228
2020,00-0036133,James Proche,WR,13,1.9000000000000001,-85.7,-1.1367500625000002,6.738461538461539,48.61538461538461,49.61538461538461,54.61538461538461,52.11538461538461,49.61538461538461,0.3984692295673077,598,229
2020,00-0032543,Alex Erickson,WR,16,18.6,-90.4,-1.1977076328125,6.8125,48.0625,49.0625,54.0625,51.5625,49.0625,0.39775146630859376,599,230
2020,00-0033111,Pharoh Cooper,WR,15,9.8,-94.45,-1.2250740703125,6.95,47.93333333333333,48.93333333333333,53.93333333333333,51.43333333333333,48.93333333333333,0.3978634098958333,600,231
2020,00-0027691,Andre Roberts,WR,15,5.1,-97.3,-1.272012578125,6.826666666666667,48.733333333333334,49.733333333333334,54.733333333333334,52.233333333333334,49.733333333333334,0.400169209375,601,232
2020,00-0035621,Nsimba Webster,WR,16,0.0,-109.0,-1.4209346875000002,6.8125,48.0625,49.0625,54.0625,51.5625,49.0625,0.39775146630859376,602,233
2021,00-0034857,Josh Allen,QB,17,432.58,275.91,3.8340956250000002,9.215882352941176,24.0,25.0,30.0,27.5,25.0,0.3443913207720588,1,1
2021,00-0033908,Cooper Kupp,WR,17,367.0,256.75,3.6310039921875,6.485294117647059,47.94117647058823,48.94117647058823,53.94117647058823,51.44117647058823,48.94117647058823,0.39644077895220586,2,1
2021,00-0036355,Justin Herbert,QB,17,410.76,254.09,3.4545435312499997,9.215882352941176,24.0,25.0,30.0,27.5,25.0,0.3443913207720588,3,2
2021,00-0019596,Tom Brady,QB,17,398.74,246.73,3.4103334765625,8.941764705882353,24.0,25.0,30.0,27.5,25.0,0.34091387775735293,4,3
2021,00-0034753,Mark Andrews,TE,17,354.6,257.25,3.3886140546875,5.726470588235294,25.823529411764707,26.823529411764707,31.823529411764707,29.323529411764707,26.823529411764707,0.3886329333639706,5,1
2021,00-0033873,Patrick Mahomes,QB,17,387.66,239.32000000000002,3.3250661953125,8.725882352941177,24.0,25.0,30.0,27.5,25.0,0.3372404466911765,6,4
2021,00-0036223,Jonathan Taylor,RB,17,353.1,246.8,3.2965229140625,6.252941176470588,34.470588235294116,35.470588235294116,40.470588235294116,37.970588235294116,35.470588235294116,0.37960318060661763,7,1
2021,00-0026498,Matthew Stafford,QB,17,363.74,211.5,3.0036875078125,8.955294117647059,24.0,25.0,30.0,27.5,25.0,0.33951614154411763,8,5
2021,00-0030506,Travis Kelce,TE,16,308.8,217.25,2.9751851328125,5.721875000000001,25.8125,26.8125,31.8125,29.3125,26.8125,0.3868834462890625,9,2
2021,00-0033699,Austin Ekeler,RB,16,308.8,208.7,2.87843803125,6.2562500000000005,34.375,35.375,40.375,37.875,35.375,0.3791411181640625,10,2
2021,00-0035719,Deebo Samuel Sr.,WR,16,300.46000000000004,196.51000000000002,2.8024878281249994,6.496875,48.0,49.0,54.0,51.5,49.0,0.39675080419921877,11,2
2021,00-0033077,Dak Prescott,QB,16,340.56,194.29000000000002,2.7593625,9.141874999999999,24.0,25.0,30.0,27.5,25.0,0.3450705756835937,12,6
2021,00-0036442,Joe Burrow,QB,16,342.24,200.56,2.7474943749999996,8.855,24.0,25.0,30.0,27.5,25.0,0.3387653291015625,13,7
2021,00-0035228,Kyler Murray,QB,14,320.48,194.27,2.682498015625,9.014999999999999,24.0,25.0,30.0,27.5,25.0,0.33565108537946425,14,8
2021,00-0036389,Jalen Hurts,QB,15,330.16,191.23000000000002,2.629394734375,9.262,24.0,25.0,30.0,27.5,25.0,0.3423059958333333,15,9
2021,00-0023459,Aaron Rodgers,QB,16,340.8,190.55,2.60649521875,9.390625,24.0,25.0,30.0,27.5,25.0,0.34396300244140626,16,10
2021,00-0033897,Joe Mixon,RB,16,266.90000000000003,168.15,2.4161076015625,6.171875,34.3125,35.3125,40.3125,37.8125,35.3125,0.379740048828125,17,3
2021,00-0031381,Davante Adams,WR,16,282.8,179.05,2.4040408046875,6.484375,47.9375,48.9375,53.9375,51.4375,48.9375,0.39803082031250003,18,3
2021,00-0029604,Kirk Cousins,QB,16,314.34,165.37,2.3202309375,9.310625,24.0,25.0,30.0,27.5,25.0,0.3444362734375,19,11
2021,00-0036322,Justin Jefferson,WR,17,276.4,165.5,2.2661549296874997,6.523529411764706,48.1764705882353,49.1764705882353,54.1764705882353,51.6764705882353,49.1764705882353,0.39850177619485294,20,4
2021,00-0036893,Najee Harris,RB,17,263.7,156.85,2.2311372499999997,6.28529411764706,34.294117647058826,35.294117647058826,40.294117647058826,37.794117647058826,35.294117647058826,0.3794752426470588,21,4
2021,00-0034796,Lamar Jackson,QB,12,265.98,159.22000000000003,2.1999194453124997,8.896666666666667,24.0,25.0,30.0,27.5,25.0,0.3349609427083333,22,12
2021,00-0034383,Dalton Schultz,TE,17,247.8,148.45,2.0790261015625005,5.844117647058824,25.529411764705884,26.529411764705884,31.529411764705884,29.029411764705884,26.529411764705884,0.3900666066176471,23,3
2021,00-0033553,James Conner,RB,15,239.2,145.7,2.0693725234375,6.233333333333333,34.46666666666667,35.46666666666667,40.46666666666667,37.96666666666667,35.46666666666667,0.3814633036458333,24,5
2021,00-0033288,George Kittle,TE,14,233.5,153.6,2.062941671875,5.707142857142857,25.714285714285715,26.714285714285715,31.714285714285715,29.214285714285715,26.714285714285715,0.3877706902901786,25,4
2021,00-0036900,Ja'Marr Chase,WR,17,264.1,153.3,2.015979671875,6.51764705882353,48.05882352941177,49.05882352941177,54.05882352941177,51.55882352941177,49.05882352941177,0.39757364935661765,26,5
2021,00-0029701,Ryan Tannehill,QB,17,296.36,138.32,1.9903257812500001,9.296470588235294,24.0,25.0,30.0,27.5,25.0,0.343232614430147,27,13
2021,00-0031280,Derek Carr,QB,17,284.96000000000004,135.56,1.9327625859375002,8.788235294117648,24.0,25.0,30.0,27.5,25.0,0.3407975932904412,28,14
2021,00-0033856,Leonard Fournette,RB,14,221.10000000000002,135.3,1.8293350078125,6.128571428571428,34.5,35.5,40.5,38.0,35.5,0.3813782628348214,29,6
2021,00-0027656,Rob Gronkowski,TE,12,198.7,128.85,1.8117476171875,5.820833333333334,25.333333333333332,26.333333333333332,31.333333333333332,28.833333333333332,26.333333333333332,0.39121109570312496,30,5
2021,00-0033040,Tyreek Hill,WR,17,241.0,130.95,1.7988231562499999,6.473529411764707,47.94117647058823,48.94117647058823,53.94117647058823,51.44117647058823,48.94117647058823,0.3969010317095588,31,6
2021,00-0033906,Alvin Kamara,RB,13,211.20000000000002,126.5,1.7895651484375001,6.515384615384615,34.15384615384615,35.15384615384615,40.15384615384615,37.65384615384615,35.15384615384615,0.3810245252403846,32,7
2021,00-0029263,Russell Wilson,QB,14,254.82,126.47,1.7745857578125,9.167857142857143,24.0,25.0,30.0,27.5,25.0,0.3457133297991071,33,15
2021,00-0031588,Stefon Diggs,WR,17,234.0,123.1,1.7731726640624996,6.523529411764706,48.1764705882353,49.1764705882353,54.1764705882353,51.6764705882353,49.1764705882353,0.39850177619485294,34,7
2021,00-0033045,Ezekiel Elliott,RB,17,228.56,121.71000000000001,1.7273269531249997,6.28529411764706,34.294117647058826,35.294117647058826,40.294117647058826,37.794117647058826,35.294117647058826,0.3794752426470588,35,8
2021,00-0031345,Jimmy Garoppolo,QB,15,251.5,121.32000000000002,1.72273046875,8.678666666666667,24.0,25.0,30.0,27.5,25.0,0.3374229072916667,36,16
2021,00-0032764,Derrick Henry,RB,8,184.3,129.75,1.7121816796875,6.81875,34.125,35.125,40.125,37.625,35.125,0.3804742548828125,37,9
2021,00-0031408,Mike Evans,WR,16,225.5,122.55,1.6946417656249997,6.434375,48.0625,49.0625,54.0625,51.5625,49.0625,0.39559929443359376,38,8
2021,00-0032950,Carson Wentz,QB,17,272.02000000000004,119.99000000000002,1.6926852578125002,8.942941176470589,24.0,25.0,30.0,27.5,25.0,0.34037863602941176,39,17
2021,00-0030061,Zach Ertz,TE,17,217.7,119.6,1.6782308828125,5.7705882352941185,25.705882352941178,26.705882352941178,31.705882352941178,29.205882352941178,26.705882352941178,0.3888339512867647,40,6
2021,00-0035216,Diontae Johnson,WR,16,220.9,116.95,1.6128289921874996,6.496875,48.0625,49.0625,54.0625,51.5625,49.0625,0.39856656787109374,41,9
2021,00-0030578,Cordarrelle Patterson,RB,16,208.6,108.4,1.5833844140625,6.2625,34.5,35.5,40.5,38.0,35.5,0.37957867578125,42,10
2021,00-0034791,Nick Chubb,RB,14,205.3,114.85000000000001,1.5636477109375002,6.460714285714286,34.0,35.0,40.0,37.5,35.0,0.38099203459821435,43,11
2021,00-0035229,T.J. Hockenson,TE,12,175.8,106.8,1.5414141796875,5.75,25.583333333333332,26.583333333333332,31.583333333333332,29.083333333333332,26.583333333333332,0.3872980065104166,44,7
2021,00-0033293,Aaron Jones,RB,15,203.0,109.25,1.5350865156249998,6.25,34.6,35.6,40.6,38.1,35.6,0.3779660947916667,45,12
2021,00-0036328,Antonio Gibson,RB,16,208.1,108.0,1.531153671875,6.2562500000000005,34.25,35.25,40.25,37.75,35.25,0.38156708251953125,46,13
2021,00-0035700,Josh Jacobs,RB,15,199.0,108.30000000000001,1.5169304921874998,6.046666666666667,34.53333333333333,35.53333333333333,40.53333333333333,38.03333333333333,35.53333333333333,0.380089690625,47,14
2021,00-0036970,Kyle Pitts,TE,17,210.6,113.8,1.5168385390625,5.694117647058825,25.705882352941178,26.705882352941178,31.705882352941178,29.205882352941178,26.705882352941178,0.3889472610294118,48,8
2021,00-0033893,Dalvin Cook,RB,13,189.3,107.60000000000001,1.510878984375,6.2846153846153845,34.15384615384615,35.15384615384615,40.15384615384615,37.65384615384615,35.15384615384615,0.3784543888221154,49,15
2021,00-0031800,Taylor Heinicke,QB,16,252.36,107.61000000000001,1.4967874296875006,9.046875,24.0,25.0,30.0,27.5,25.0,0.3398078056640625,50,18
2021,00-0035657,Damien Harris,RB,15,201.1,105.39999999999999,1.4953426093749997,6.38,34.13333333333333,35.13333333333333,40.13333333333333,37.63333333333333,35.13333333333333,0.377888184375,51,16
2021,00-0034351,Dallas Goedert,TE,15,193.0,107.45,1.4943499062499996,5.703333333333334,25.933333333333334,26.933333333333334,31.933333333333334,29.433333333333334,26.933333333333334,0.38988081874999997,52,9
2021,00-0033921,Chris Godwin Jr.,WR,14,193.4,103.85000000000001,1.4845072968749997,6.396428571428571,47.857142857142854,48.857142857142854,53.857142857142854,51.357142857142854,48.857142857142854,0.3977050239955357,53,10
2021,00-0034829,Mike Gesicki,TE,17,201.5,103.9,1.4834736015624999,5.741176470588236,25.823529411764707,26.823529411764707,31.823529411764707,29.323529411764707,26.823529411764707,0.38957349908088235,54,10
2021,00-0032211,Tyler Lockett,WR,16,204.9,101.35000000000001,1.4553644531249998,6.471875000000001,48.5,49.5,54.5,52.0,49.5,0.39462154931640625,55,11
2021,00-0030279,Keenan Allen,WR,16,204.8,100.44999999999999,1.4426681718749996,6.5218750000000005,48.0,49.0,54.0,51.5,49.0,0.39805015380859377,56,12
2021,00-0034983,Hunter Renfrow,WR,17,207.6,98.7,1.437056203125,6.405882352941177,47.8235294117647,48.8235294117647,53.8235294117647,51.3235294117647,48.8235294117647,0.39802348529411763,57,13
2021,00-0033536,Mike Williams,WR,16,208.60000000000002,104.45,1.4068571875,6.509375,48.0,49.0,54.0,51.5,49.0,0.3980936391601563,58,14
2021,00-0036972,Mac Jones,QB,17,250.94,98.91,1.3945578046875002,8.942941176470589,24.0,25.0,30.0,27.5,25.0,0.34037863602941176,59,19
2021,00-0035644,Noah Fant,TE,16,193.0,99.60000000000001,1.3860322734374997,5.8375,25.375,26.375,31.375,28.875,26.375,0.3887205693359375,60,11
2021,00-0035689,Dawson Knox,TE,15,188.6,100.5,1.3818163906250003,5.873333333333334,25.4,26.4,31.4,28.9,26.4,0.3894726473958333,61,12
2021,00-0035640,DK Metcalf,WR,17,206.8,97.1,1.3691794921874996,6.452941176470588,48.23529411764706,49.23529411764706,54.23529411764706,51.73529411764706,49.23529411764706,0.3961541576286765,62,15
2021,00-0031610,Darren Waller,TE,11,161.0,96.80000000000001,1.3688912890625,5.836363636363637,25.454545454545453,26.454545454545453,31.454545454545453,28.954545454545453,26.454545454545453,0.38542497088068184,63,13
2021,00-0026143,Matt Ryan,QB,17,246.92,97.25,1.3509192187499999,8.804117647058822,24.0,25.0,30.0,27.5,25.0,0.3398521259191177,64,20
2021,00-0033090,Hunter Henry,TE,16,189.3,96.05,1.3278603750000002,5.828125,25.75,26.75,31.75,29.25,26.75,0.3900870146484375,65,14
2021,00-0033110,Tyler Higbee,TE,15,177.5,90.85,1.3269753515624998,5.776666666666667,25.533333333333335,26.533333333333335,31.533333333333335,29.033333333333335,26.533333333333335,0.38885458333333334,66,15
2021,00-0036894,Pat Freiermuth,TE,16,181.7,88.89999999999999,1.3262891250000002,5.800000000000001,25.625,26.625,31.625,29.125,26.625,0.388193142578125,67,16
2021,00-0036613,Jaylen Waddle,WR,16,195.8,92.60000000000001,1.3243204062499994,6.45,47.9375,48.9375,53.9375,51.4375,48.9375,0.39522058056640624,68,16
2021,00-0036275,D'Andre Swift,RB,13,177.9,94.2,1.3094575000000002,6.438461538461539,34.23076923076923,35.23076923076923,40.23076923076923,37.73076923076923,35.23076923076923,0.3766294098557692,69,17
2021,00-0035685,David Montgomery,RB,13,176.0,94.05,1.3078294999999998,6.303846153846154,33.76923076923077,34.76923076923077,39.76923076923077,37.26923076923077,34.76923076923077,0.3814988251201923,70,18
2021,00-0036567,Elijah Mitchell,RB,11,155.5,87.30000000000001,1.2970988359374998,6.2,34.72727272727273,35.72727272727273,40.72727272727273,38.22727272727273,35.72727272727273,0.37686271022727275,71,19
2021,00-0036410,Tee Higgins,WR,14,182.1,92.4,1.2888482343749996,6.4071428571428575,47.642857142857146,48.642857142857146,53.642857142857146,51.142857142857146,48.642857142857146,0.39958761049107144,72,17
2021,00-0031237,Teddy Bridgewater,QB,14,216.68,92.26,1.2811573984375,8.887142857142857,24.0,25.0,30.0,27.5,25.0,0.3365475418526786,73,21
2021,00-0036252,Michael Pittman,WR,17,194.6,85.25,1.2664324531249997,6.432352941176471,47.705882352941174,48.705882352941174,53.705882352941174,51.205882352941174,48.705882352941174,0.39671795174632357,74,18
2021,00-0036212,Tua Tagovailoa,QB,13,200.92,90.73,1.2565046249999998,8.476153846153846,24.0,25.0,30.0,27.5,25.0,0.34036483052884614,75,22
2021,00-0036358,CeeDee Lamb,WR,16,193.3,88.25,1.2356182421874993,6.565625000000001,48.25,49.25,54.25,51.75,49.25,0.39824467626953125,76,19
2021,00-0031236,Brandin Cooks,WR,16,186.8,82.75000000000001,1.2109887421874994,6.503125000000001,47.875,48.875,53.875,51.375,48.875,0.39710750439453124,77,20
2021,00-0030035,Adam Thielen,WR,13,166.3,81.5,1.2098429609374999,6.523076923076923,48.07692307692308,49.07692307692308,54.07692307692308,51.57692307692308,49.07692307692308,0.39895447656250005,78,21
2021,00-0032144,Melvin Gordon,RB,16,181.1,79.8,1.2072076171874995,6.33125,34.4375,35.4375,40.4375,37.9375,35.4375,0.3781529892578125,79,20
2021,00-0022924,Ben Roethlisberger,QB,16,238.1,88.21,1.1776398125,9.368125,24.0,25.0,30.0,27.5,25.0,0.3442208989257812,80,23
2021,00-0034827,DJ Moore,WR,17,191.0,80.25,1.1499826484374998,6.514705882352941,48.0,49.0,54.0,51.5,49.0,0.39717804641544113,81,22
2021,00-0033106,Jared Goff,QB,14,210.5,82.53,1.1219570078125,9.140714285714285,24.0,25.0,30.0,27.5,25.0,0.3385598694196429,82,24
2021,00-0035662,Marquise Brown,WR,16,182.8,79.55,1.0844100859374999,6.453125,47.875,48.875,53.875,51.375,48.875,0.3972474736328125,83,23
2021,00-0035664,Darrell Henderson,RB,12,148.9,73.10000000000001,1.0774041171875,6.316666666666666,34.833333333333336,35.833333333333336,40.833333333333336,38.333333333333336,35.833333333333336,0.3814372486979167,84,21
2021,00-0036997,Javonte Williams,RB,17,183.4,77.05000000000001,1.076710109375,6.255882352941177,34.470588235294116,35.470588235294116,40.470588235294116,37.970588235294116,35.470588235294116,0.37863935753676475,85,22
2021,00-0035710,Daniel Jones,QB,11,181.02,72.61000000000001,1.0692560624999998,9.855454545454545,24.0,25.0,30.0,27.5,25.0,0.3389519098011364,86,25
2021,00-0034270,Tyler Conklin,TE,17,168.8,69.45,1.0523646796875004,5.844117647058824,25.529411764705884,26.529411764705884,31.529411764705884,29.029411764705884,26.529411764705884,0.3900666066176471,87,17
2021,00-0036963,Amon-Ra St. Brown,WR,16,182.3,77.6,1.0503541406249999,6.54375,48.5625,49.5625,54.5625,52.0625,49.5625,0.3974511225585938,88,24
2021,00-0036971,Trevor Lawrence,QB,17,233.04,76.37,1.0351095781250004,9.215882352941176,24.0,25.0,30.0,27.5,25.0,0.3443913207720588,89,26
2021,00-0035250,Devin Singletary,RB,17,177.8,70.95,1.0118495234374998,6.28529411764706,34.294117647058826,35.294117647058826,40.294117647058826,37.794117647058826,35.294117647058826,0.3794752426470588,90,23
2021,00-0031544,Amari Cooper,WR,15,168.5,69.1,1.0000128437500002,6.626666666666667,48.333333333333336,49.333333333333336,54.333333333333336,51.833333333333336,49.333333333333336,0.3974316765625,91,25
2021,00-0035831,James Robinson,RB,14,158.4,70.5,0.9928655390625001,6.278571428571429,34.285714285714285,35.285714285714285,40.285714285714285,37.785714285714285,35.285714285714285,0.3822314090401786,92,24
2021,00-0036309,Darnell Mooney,WR,17,179.20000000000002,68.4,0.9914693749999997,6.51764705882353,48.05882352941177,49.05882352941177,54.05882352941177,51.55882352941177,49.05882352941177,0.39757364935661765,93,26
2021,00-0034301,Darrel Williams,RB,17,172.5,66.25,0.9837582031249998,6.25,34.35294117647059,35.35294117647059,40.35294117647059,37.85294117647059,35.35294117647059,0.37985862959558825,94,25
2021,00-0035676,A.J. Brown,WR,13,149.4,64.8,0.9627353593749999,6.5076923076923086,48.15384615384615,49.15384615384615,54.15384615384615,51.65384615384615,49.15384615384615,0.39401723677884615,95,27
2021,00-0034869,Sam Darnold,QB,12,183.28,66.07000000000001,0.956325046875,9.7675,24.0,25.0,30.0,27.5,25.0,0.3366064309895833,96,27
2021,00-0034855,Baker Mayfield,QB,14,206.9,70.59000000000002,0.9515623046874999,9.736428571428572,24.0,25.0,30.0,27.5,25.0,0.34601389620535716,97,28
2021,00-0033280,Christian McCaffrey,RB,7,109.0,65.7,0.9470329140624998,6.185714285714285,34.285714285714285,35.285714285714285,40.285714285714285,37.785714285714285,35.285714285714285,0.3787696517857143,98,26
2021,00-0035659,Terry McLaurin,WR,17,175.0,65.30000000000001,0.9275735859374998,6.452941176470588,48.23529411764706,49.23529411764706,54.23529411764706,51.73529411764706,49.23529411764706,0.3961541576286765,99,28
2021,00-0027061,Jared Cook,TE,16,156.4,63.3,0.9135143046875002,5.8187500000000005,25.4375,26.4375,31.4375,28.9375,26.4375,0.3885516826171875,100,18
2021,00-0033357,Taysom Hill,TE,12,133.72000000000003,64.92,0.8983858437500003,5.733333333333333,25.5,26.5,31.5,29.0,26.5,0.383071919921875,101,19
2021,00-0036898,Davis Mills,QB,13,176.95999999999998,64.08,0.8896902734375,8.683076923076923,24.0,25.0,30.0,27.5,25.0,0.33481992968749996,102,29
2021,00-0036265,AJ Dillon,RB,17,168.60000000000002,62.150000000000006,0.8810492031249997,6.261764705882353,34.35294117647059,35.35294117647059,40.35294117647059,37.85294117647059,35.35294117647059,0.3786785330882353,103,27
2021,00-0034775,Christian Kirk,WR,17,169.12,59.06999999999999,0.8618047968750001,6.473529411764707,47.94117647058823,48.94117647058823,53.94117647058823,51.44117647058823,48.94117647058823,0.3969010317095588,104,29
2021,00-0032134,C.J. Uzomah,TE,16,152.8,59.349999999999994,0.84631953125,5.840625,25.875,26.875,31.875,29.375,26.875,0.39075529638671874,105,20
2021,00-0030564,DeAndre Hopkins,WR,10,126.2,59.400000000000006,0.8085745468749996,6.68,48.7,49.7,54.7,52.2,49.7,0.39429585234375,106,30
2021,00-0033895,Gerald Everett,TE,15,141.8,55.8,0.8082778750000001,5.733333333333333,25.6,26.6,31.6,29.1,26.6,0.390630096875,107,21
2021,00-0034750,Rashaad Penny,RB,10,118.7,57.55,0.7975350781249999,6.115,33.8,34.8,39.8,37.3,34.8,0.38348006171875004,108,28
2021,00-0036290,Cole Kmet,TE,17,151.20000000000002,52.550000000000004,0.7826502421875001,5.802941176470589,25.764705882352942,26.764705882352942,31.764705882352942,29.264705882352942,26.764705882352942,0.38982385431985295,109,22
2021,00-0030431,Robert Woods,WR,9,114.7,53.4,0.7588709453125,6.811111111111112,48.0,49.0,54.0,51.5,49.0,0.39495965538194444,110,31
2021,00-0037013,Zach Wilson,QB,13,173.86,56.720000000000006,0.75782990625,9.010769230769231,24.0,25.0,30.0,27.5,25.0,0.3392300384615385,111,30
2021,00-0036924,Michael Carter,RB,14,136.4,46.550000000000004,0.7069801484374998,6.417857142857144,34.42857142857143,35.42857142857143,40.42857142857143,37.92857142857143,35.42857142857143,0.38120449609375,112,29
2021,00-0034411,Russell Gage,WR,13,130.0,49.449999999999996,0.7039741640624997,6.196153846153847,47.69230769230769,48.69230769230769,53.69230769230769,51.19230769230769,48.69230769230769,0.3966524320913462,113,32
2021,00-0036980,Elijah Moore,WR,11,116.7,48.050000000000004,0.6921468984374999,6.240909090909091,47.36363636363637,48.36363636363637,53.36363636363637,50.86363636363637,48.36363636363637,0.3956346647727273,114,33
2021,00-0031503,Jameis Winston,QB,7,123.4,51.930000000000014,0.682481671875,10.209999999999999,24.0,25.0,30.0,27.5,25.0,0.32828939397321427,115,31
2021,00-0033307,Kendrick Bourne,WR,17,153.0,43.650000000000006,0.6794430781249996,6.432352941176471,47.705882352941174,48.705882352941174,53.705882352941174,51.205882352941174,48.705882352941174,0.39671795174632357,116,34
2021,00-0033009,Tyler Boyd,WR,16,150.34,46.09,0.6637606640625002,6.515625,47.8125,48.8125,53.8125,51.3125,48.8125,0.39952971044921876,117,35
2021,00-0034844,Saquon Barkley,RB,13,128.1,44.95,0.65972215625,6.3961538461538465,33.76923076923077,34.76923076923077,39.76923076923077,37.26923076923077,34.76923076923077,0.38312622716346156,118,30
2021,00-0027793,Antonio Brown,WR,7,100.10000000000001,50.35,0.6546582109374999,7.107142857142857,49.42857142857143,50.42857142857143,55.42857142857143,52.92857142857143,50.42857142857143,0.39762812053571434,119,36
2021,00-0036912,DeVonta Smith,WR,17,153.6,44.25,0.6492099687499999,6.432352941176471,47.705882352941174,48.705882352941174,53.705882352941174,51.205882352941174,48.705882352941174,0.39671795174632357,120,37
2021,00-0034681,Chase Edmonds,RB,12,121.80000000000001,43.7,0.6489246249999998,6.508333333333334,34.416666666666664,35.416666666666664,40.416666666666664,37.916666666666664,35.416666666666664,0.3804392037760416,121,31
2021,00-0033923,Kareem Hunt,RB,8,99.0,45.6,0.6276772343749999,6.675,33.75,34.75,39.75,37.25,34.75,0.379545875,122,32
2021,00-0036360,Clyde Edwards-Helaire,RB,10,108.10000000000001,43.75,0.6181479531249998,6.435,33.8,34.8,39.8,37.3,34.8,0.38824990234375,123,33
2021,00-0034960,Jakobi Meyers,WR,16,144.8,40.6,0.5954744609374998,6.5125,47.8125,48.8125,53.8125,51.3125,48.8125,0.39664369091796875,124,38
2021,00-0035261,Tony Pollard,RB,15,137.1,43.00000000000001,0.5834226015624999,6.273333333333334,34.53333333333333,35.53333333333333,40.53333333333333,38.03333333333333,35.53333333333333,0.3799613651041667,125,34
2021,00-0035311,Myles Gaskin,RB,17,149.1,42.8,0.5817074609374998,6.252941176470588,34.470588235294116,35.470588235294116,40.470588235294116,37.970588235294116,35.470588235294116,0.37960318060661763,126,35
2021,00-0032602,J.D. McKissic,RB,11,106.4,36.25000000000001,0.5785896718750002,6.377272727272728,34.45454545454545,35.45454545454545,40.45454545454545,37.95454545454545,35.45454545454545,0.3785818188920454,127,36
2021,00-0033881,Evan Engram,TE,15,125.5,39.449999999999996,0.5701337734374998,5.736666666666667,26.0,27.0,32.0,29.5,27.0,0.39150910781250003,128,23
2021,00-0036945,Justin Fields,QB,12,146.8,34.82000000000001,0.5688074296874999,9.331666666666665,24.0,25.0,30.0,27.5,25.0,0.33614440169270837,129,32
2021,00-0032156,Trevor Siemian,QB,6,96.16000000000001,40.830000000000005,0.56697209375,9.221666666666666,24.0,25.0,30.0,27.5,25.0,0.35353489453125,130,33
2021,00-0028118,Tyrod Taylor,QB,6,91.74,39.28,0.5400161171874999,8.743333333333334,24.0,25.0,30.0,27.5,25.0,0.3391503294270833,131,34
2021,00-0036875,Rhamondre Stevenson,RB,12,107.9,34.75000000000001,0.5271604609374998,6.095833333333334,34.75,35.75,40.75,38.25,35.75,0.380066611328125,132,37
2021,00-0036326,Chase Claypool,WR,15,137.1,38.9,0.5250726640625001,6.546666666666667,48.4,49.4,54.4,51.9,49.4,0.3988377072916667,133,39
2021,00-0036415,Van Jefferson,WR,17,143.20000000000002,32.95,0.5128761796874999,6.485294117647059,47.94117647058823,48.94117647058823,53.94117647058823,51.44117647058823,48.94117647058823,0.39644077895220586,134,40
2021,00-0033925,D'Onta Foreman,RB,9,89.4,37.5,0.5127551406249997,5.7666666666666675,34.55555555555556,35.55555555555556,40.55555555555556,38.05555555555556,35.55555555555556,0.3770823359375,135,38
2021,00-0034418,Cedrick Wilson Jr.,WR,14,125.32,30.819999999999997,0.5068681015625,6.75,48.857142857142854,49.857142857142854,54.857142857142854,52.357142857142854,49.857142857142854,0.39748337890625,136,41
2021,00-0027939,Cam Newton,QB,7,96.36,39.05,0.5020668125000001,8.187142857142858,24.0,25.0,30.0,27.5,25.0,0.35658101450892854,137,35
2021,00-0036261,Brandon Aiyuk,WR,17,142.3,33.2,0.5015922734375002,6.41764705882353,47.88235294117647,48.88235294117647,53.88235294117647,51.38235294117647,48.88235294117647,0.3968187642463235,138,42
2021,00-0029293,Marvin Jones,WR,17,143.7,32.8,0.4968101562499999,6.523529411764706,48.1764705882353,49.1764705882353,54.1764705882353,51.6764705882353,49.1764705882353,0.39850177619485294,139,43
2021,00-0031260,Logan Thomas,TE,5,62.6,34.05,0.4948733281250001,5.71,25.0,26.0,31.0,28.5,26.0,0.38028076874999994,140,24
2021,00-0034401,Mike White,QB,4,60.019999999999996,31.919999999999998,0.4942273984375001,7.025,24.0,25.0,30.0,27.5,25.0,0.3211543984375,141,36
2021,00-0033885,David Njoku,TE,15,125.6,38.4,0.49311067968750033,5.8133333333333335,25.866666666666667,26.866666666666667,31.866666666666667,29.366666666666667,26.866666666666667,0.3918171489583333,142,25
2021,00-0031285,Devonta Freeman,RB,16,129.6,33.5,0.4732743906249999,6.0062500000000005,34.5625,35.5625,40.5625,38.0625,35.5625,0.377538708984375,143,39
2021,00-0033871,Corey Davis,WR,9,88.2,31.000000000000004,0.46806007812499983,6.355555555555556,47.888888888888886,48.888888888888886,53.888888888888886,51.388888888888886,48.888888888888886,0.3945893055555556,144,44
2021,00-0034521,Allen Lazard,WR,14,122.5,30.949999999999996,0.4660981562499998,6.5392857142857155,47.714285714285715,48.714285714285715,53.714285714285715,51.214285714285715,48.714285714285715,0.3984443872767857,145,45
2021,00-0035993,Tyler Huntley,QB,7,90.64000000000001,35.75000000000001,0.45163353906250014,7.841428571428572,24.0,25.0,30.0,27.5,25.0,0.33999737165178573,146,37
2021,00-0034011,Dan Arnold,TE,11,93.3,28.0,0.4459955234375001,5.9363636363636365,25.454545454545453,26.454545454545453,31.454545454545453,28.954545454545453,26.454545454545453,0.3881558082386363,147,26
2021,00-0031382,Jarvis Landry,WR,12,107.0,30.749999999999996,0.4386936328125,6.354166666666667,48.25,49.25,54.25,51.75,49.25,0.3934527721354167,148,46
2021,00-0034414,Boston Scott,RB,11,92.1,26.500000000000004,0.4280404296874998,5.963636363636363,34.63636363636363,35.63636363636363,40.63636363636363,38.13636363636363,35.63636363636363,0.37615108025568184,149,40
2021,00-0027973,Andy Dalton,QB,8,102.2,26.700000000000006,0.39870565625,9.4375,24.0,25.0,30.0,27.5,25.0,0.34740213671875,150,38
2021,00-0033375,Tim Patrick,WR,16,129.9,26.499999999999996,0.39612521093749975,6.4625,48.0,49.0,54.0,51.5,49.0,0.39650322119140624,151,47
2021,00-0034845,Sony Michel,RB,17,135.8,29.450000000000003,0.39446927343749993,6.255882352941177,34.470588235294116,35.470588235294116,40.470588235294116,37.970588235294116,35.470588235294116,0.37863935753676475,152,41
2021,00-0027942,A.J. Green,WR,16,129.8,25.95,0.3876080312499998,6.4906250000000005,48.3125,49.3125,54.3125,51.8125,49.3125,0.39575033154296874,153,48
2021,00-0035243,Miles Sanders,RB,12,104.2,29.0,0.38418420312500023,6.266666666666667,34.166666666666664,35.166666666666664,40.166666666666664,37.666666666666664,35.166666666666664,0.3845536536458333,154,42
2021,00-0033948,Jamaal Williams,RB,13,106.8,23.45,0.35661857031250016,6.411538461538461,33.84615384615385,34.84615384615385,39.84615384615385,37.34615384615385,34.84615384615385,0.3791272295673077,155,43
2021,00-0032392,Austin Hooper,TE,15,111.5,23.049999999999997,0.3559541953124998,5.8966666666666665,25.6,26.6,31.6,29.1,26.6,0.391574615625,156,27
2021,00-0032257,Duke Johnson,RB,5,57.10000000000001,26.250000000000004,0.3548973671875,6.17,33.6,34.6,39.6,37.1,34.6,0.38429259375,157,44
2021,00-0036357,Henry Ruggs III,WR,7,72.5,24.400000000000006,0.35484504687499985,6.871428571428572,48.714285714285715,49.714285714285715,54.714285714285715,52.214285714285715,49.714285714285715,0.3936844285714286,158,49
2021,00-0032972,Devontae Booker,RB,16,124.10000000000001,24.55,0.3462196640624997,6.221875,34.1875,35.1875,40.1875,37.6875,35.1875,0.380380056640625,159,45
2021,00-0032780,Jordan Howard,RB,7,61.5,20.650000000000002,0.3401296328124998,5.835714285714286,35.142857142857146,36.142857142857146,41.142857142857146,38.642857142857146,36.142857142857146,0.37819063839285716,160,46
2021,00-0036555,Chuba Hubbard,RB,16,125.10000000000001,23.800000000000008,0.33754585937499987,6.33125,34.4375,35.4375,40.4375,37.9375,35.4375,0.3781529892578125,161,47
2021,00-0036556,Brevin Jordan,TE,8,65.8,20.5,0.323497625,5.6625000000000005,26.125,27.125,32.125,29.625,27.125,0.4004210595703125,162,28
2021,00-0031547,DeVante Parker,WR,9,83.5,22.5,0.3192347421875,6.777777777777778,49.0,50.0,55.0,52.5,50.0,0.39250594704861114,163,50
2021,00-0030565,Geno Smith,QB,4,56.28,20.830000000000005,0.3173646328125002,8.862499999999999,24.0,25.0,30.0,27.5,25.0,0.332004939453125,164,39
2021,00-0036345,K.J. Osborn,WR,17,133.5,22.599999999999998,0.3149619140624999,6.523529411764706,48.1764705882353,49.1764705882353,54.1764705882353,51.6764705882353,49.1764705882353,0.39850177619485294,165,51
2021,00-0034837,Calvin Ridley,WR,5,55.6,21.300000000000004,0.31005614843749985,6.859999999999999,49.2,50.2,55.2,52.7,50.2,0.3888244375,166,52
2021,00-0031951,James O'Shaughnessy,TE,7,62.4,21.65,0.3043943515625002,5.821428571428571,25.285714285714285,26.285714285714285,31.285714285714285,28.785714285714285,26.285714285714285,0.3897291205357143,167,29
2021,00-0035628,D'Ernest Johnson,RB,13,94.60000000000001,15.549999999999999,0.2805076874999996,6.080769230769231,34.53846153846154,35.53846153846154,40.53846153846154,38.03846153846154,35.53846153846154,0.3761503010817308,168,48
2021,00-0033215,Cyril Grayson,WR,3,39.6,19.0,0.2797049921875,6.866666666666667,49.0,50.0,55.0,52.5,50.0,0.3946691119791666,169,53
2021,00-0031558,Maxx Williams,TE,5,49.3,17.95,0.2744103828125,6.2700000000000005,24.4,25.4,30.4,27.9,25.4,0.37733794062500003,170,30
2021,00-0027685,Emmanuel Sanders,WR,14,110.7,19.349999999999994,0.2720744921875,6.525,48.285714285714285,49.285714285714285,54.285714285714285,51.785714285714285,49.285714285714285,0.3994382806919643,171,54
2021,00-0031235,Odell Beckham Jr.,WR,14,107.1,17.799999999999994,0.2714053437499998,6.378571428571429,47.714285714285715,48.714285714285715,53.714285714285715,51.214285714285715,48.714285714285715,0.3966935970982143,172,55
2021,00-0029000,Cole Beasley,WR,16,118.3,14.149999999999999,0.2700668437499998,6.509375,48.0,49.0,54.0,51.5,49.0,0.3980936391601563,173,56
2021,00-0033611,Ricky Seals-Jones,TE,11,84.10000000000001,18.999999999999996,0.26091312499999997,5.918181818181819,25.545454545454547,26.545454545454547,31.545454545454547,29.045454545454547,26.545454545454547,0.39300043749999997,174,31
2021,00-0034764,Michael Gallup,WR,9,74.0,17.75,0.25073518749999996,6.25,47.888888888888886,48.888888888888886,53.888888888888886,51.388888888888886,48.888888888888886,0.4021842178819445,175,57
2021,00-0033118,Kenyan Drake,RB,12,87.5,13.850000000000001,0.24718171875000006,6.1375,34.666666666666664,35.666666666666664,40.666666666666664,38.166666666666664,35.666666666666664,0.3789388860677083,176,49
2021,00-0036219,Marquez Callaway,WR,17,128.8,19.7,0.24372096093749995,6.41764705882353,47.88235294117647,48.88235294117647,53.88235294117647,51.38235294117647,48.88235294117647,0.3968187642463235,177,58
2021,00-0034981,Foster Moreau,TE,15,100.3,16.499999999999996,0.23598878906250004,5.586666666666668,25.933333333333334,26.933333333333334,31.933333333333334,29.433333333333334,26.933333333333334,0.3907847817708333,178,32
2021,00-0033594,Chris Carson,RB,4,45.1,14.899999999999999,0.23269404687500012,7.55,32.75,33.75,38.75,36.25,33.75,0.38662039453124997,179,50
2021,00-0034253,Dontrell Hilliard,RB,8,63.2,14.95,0.21255348437499982,6.03125,33.875,34.875,39.875,37.375,34.875,0.3787670654296875,180,51
2021,00-0034765,Tre'Quan Smith,WR,10,71.7,12.5,0.21138678906249975,5.92,46.6,47.6,52.6,50.1,47.6,0.39690709609375,181,59
2021,00-0028002,Randall Cobb,WR,11,81.6,10.499999999999996,0.2032771796874998,6.463636363636365,47.54545454545455,48.54545454545455,53.54545454545455,51.04545454545455,48.54545454545455,0.3958962634943182,182,60
2021,00-0026300,Josh Johnson,QB,4,50.32,11.889999999999997,0.20222239843749998,9.6075,24.0,25.0,30.0,27.5,25.0,0.353945533203125,183,40
2021,00-0036251,Zack Moss,RB,13,93.7,11.15,0.19062544531250003,6.35,34.46153846153846,35.46153846153846,40.46153846153846,37.96153846153846,35.46153846153846,0.3757322944711538,184,52
2021,00-0036422,Adam Trautman,TE,11,76.8,14.199999999999994,0.19030068750000007,5.690909090909091,25.90909090909091,26.90909090909091,31.90909090909091,29.40909090909091,26.90909090909091,0.3841895795454546,185,33
2021,00-0030181,Jack Doyle,TE,15,93.7,8.899999999999995,0.1864370781250002,5.653333333333334,25.866666666666667,26.866666666666667,31.866666666666667,29.366666666666667,26.866666666666667,0.38589347083333336,186,34
2021,00-0033757,Robert Tonyan,TE,8,59.4,10.599999999999996,0.17854498437499994,6.1000000000000005,25.125,26.125,31.125,28.625,26.125,0.3839817080078125,187,35
2021,00-0036423,Albert Okwuegbunam,TE,14,92.5,11.599999999999998,0.17781729687500014,5.778571428571429,25.428571428571427,26.428571428571427,31.428571428571427,28.928571428571427,26.428571428571427,0.38754582254464287,188,36
2021,00-0032385,Sterling Shepard,WR,7,59.7,11.5,0.17165239062500015,6.885714285714286,49.57142857142857,50.57142857142857,55.57142857142857,53.07142857142857,50.57142857142857,0.39741242410714284,189,61
2021,00-0035215,Deonte Harty,WR,13,97.1,12.449999999999996,0.1659502734374999,6.511538461538462,48.07692307692308,49.07692307692308,54.07692307692308,51.57692307692308,49.07692307692308,0.3953138984375,190,62
2021,00-0036183,Kristian Wilkerson,WR,1,18.2,11.349999999999998,0.16133632812499993,6.8500000000000005,47.0,48.0,53.0,50.5,48.0,0.395441703125,191,63
2021,00-0030513,Latavius Murray,RB,14,98.60000000000001,9.3,0.15737407812499987,6.378571428571428,33.785714285714285,34.785714285714285,39.785714285714285,37.285714285714285,34.785714285714285,0.3817322299107143,192,53
2021,00-0036196,Gabe Davis,WR,15,108.4,10.799999999999997,0.15471624218749985,6.506666666666667,47.733333333333334,48.733333333333334,53.733333333333334,51.233333333333334,48.733333333333334,0.3993110796875,193,64
2021,00-0035289,Gardner Minshew,QB,3,35.660000000000004,12.160000000000002,0.1514716953125001,7.833333333333333,24.0,25.0,30.0,27.5,25.0,0.3284567057291667,194,41
2021,00-0031941,Jamison Crowder,WR,12,84.2,10.399999999999999,0.1485326328124998,6.150000000000001,46.75,47.75,52.75,50.25,47.75,0.398125796875,195,65
2021,00-0034777,DJ Chark,WR,3,30.900000000000002,9.200000000000003,0.14782053906250003,7.233333333333333,51.666666666666664,52.666666666666664,57.666666666666664,55.166666666666664,52.666666666666664,0.38931191927083336,196,66
2021,00-0032063,Mike Davis,RB,17,116.2,10.850000000000001,0.14342506249999992,6.197058823529412,34.411764705882355,35.411764705882355,40.411764705882355,37.911764705882355,35.411764705882355,0.38002035569852943,197,54
2021,00-0027966,Mark Ingram,RB,14,95.10000000000001,7.600000000000005,0.14225708593749992,6.25,34.642857142857146,35.642857142857146,40.642857142857146,38.142857142857146,35.642857142857146,0.38250801004464285,198,55
2021,00-0032464,Kalif Raymond,WR,16,108.4,5.550000000000002,0.13807735156249978,6.4281250000000005,48.3125,49.3125,54.3125,51.8125,49.3125,0.3961986860351563,199,67
2021,00-0036550,Rashod Bateman,WR,12,80.5,7.899999999999996,0.13509145312499976,6.050000000000001,46.916666666666664,47.916666666666664,52.916666666666664,50.416666666666664,47.916666666666664,0.3991687408854167,200,68
2021,00-0035537,Ty Johnson,RB,15,100.0,6.8,0.1311835703125,6.213333333333334,34.4,35.4,40.4,37.9,35.4,0.3771835088541666,201,56
2021,00-0034348,Courtland Sutton,WR,17,121.24,10.989999999999993,0.12360335937499967,6.485294117647059,47.94117647058823,48.94117647058823,53.94117647058823,51.44117647058823,48.94117647058823,0.39644077895220586,202,69
2021,00-0036919,Kenny Gainwell,RB,16,106.9,5.750000000000001,0.12270123437499997,6.321875,34.5625,35.5625,40.5625,38.0625,35.5625,0.3791354272460938,203,57
2021,00-0026158,Joe Flacco,QB,2,23.82,9.480000000000002,0.11217783593750008,7.17,24.0,25.0,30.0,27.5,25.0,0.35121299609375,204,42
2021,00-0029567,Nick Foles,QB,1,16.8,8.02,0.10967585937500002,8.780000000000001,24.0,25.0,30.0,27.5,25.0,0.35671774999999994,205,43
2021,00-0026035,Danny Amendola,WR,8,56.8,5.800000000000001,0.10895491406249985,6.375,48.125,49.125,54.125,51.625,49.125,0.390506373046875,206,70
2021,00-0036233,Donovan Peoples-Jones,WR,13,92.7,7.199999999999998,0.10834569531249977,6.576923076923077,48.38461538461539,49.38461538461539,54.38461538461539,51.88461538461539,49.38461538461539,0.3986051556490385,207,71
2021,00-0034972,Alexander Mattison,RB,16,109.9,8.45,0.10544478125000006,6.340625,34.1875,35.1875,40.1875,37.6875,35.1875,0.37708168408203124,208,58
2021,00-0037012,Trey Lance,QB,6,68.92,6.280000000000007,0.10457827343750012,10.44,24.0,25.0,30.0,27.5,25.0,0.34593061979166667,209,44
2021,00-0029239,Brandon Bolden,RB,16,103.6,4.400000000000001,0.10347812499999959,6.2,34.625,35.625,40.625,38.125,35.625,0.3795606938476562,210,59
2021,00-0034771,Mason Rudolph,QB,2,20.380000000000003,4.819999999999999,0.09023435156250009,7.780000000000001,24.0,25.0,30.0,27.5,25.0,0.35191791015624996,211,45
2021,00-0030520,Mike Glennon,QB,6,50.9,5.84,0.08638959375,7.510000000000001,24.0,25.0,30.0,27.5,25.0,0.34404078515625,212,46
2021,00-0036277,Quintez Cephus,WR,5,41.900000000000006,5.600000000000001,0.08330724999999989,7.26,50.0,51.0,56.0,53.5,51.0,0.395274871875,213,72
2021,00-0032245,Sean Mannion,QB,1,12.96,5.260000000000001,0.07033900781249997,7.7,24.0,25.0,30.0,27.5,25.0,0.343672078125,214,47
2021,00-0034297,Byron Pringle,WR,16,107.80000000000001,3.950000000000002,0.06764095312499996,6.4906250000000005,48.3125,49.3125,54.3125,51.8125,49.3125,0.39575033154296874,215,73
2021,00-0034830,Hayden Hurst,TE,12,77.1,6.749999999999996,0.06582055468749992,5.862500000000001,25.333333333333332,26.333333333333332,31.333333333333332,28.833333333333332,26.333333333333332,0.3851729694010417,216,37
2021,00-0035715,Derrick Gore,RB,8,52.1,4.400000000000001,0.06178315624999997,5.9625,34.75,35.75,40.75,38.25,35.75,0.370876361328125,217,60
2021,00-0025394,Adrian Peterson,RB,4,24.6,3.799999999999999,0.05586494531249986,5.2,35.75,36.75,41.75,39.25,36.75,0.377181171875,218,61
2021,00-0036407,Jerry Jeudy,WR,10,66.0,2.4999999999999973,0.047648937499999766,6.35,48.0,49.0,54.0,51.5,49.0,0.39788991562500003,219,74
2021,00-0031273,Cameron Brate,TE,16,93.5,1.9499999999999948,0.04532360156249998,5.721875000000001,25.625,26.625,31.625,29.125,26.625,0.3908167919921875,220,38
2021,00-0036670,Jermar Jefferson,RB,4,23.700000000000003,1.1000000000000014,0.04432754687500001,5.65,36.0,37.0,42.0,39.5,37.0,0.385741064453125,221,62
2021,00-0031062,James White,RB,3,25.200000000000003,2.900000000000002,0.04334094531249999,7.433333333333333,32.333333333333336,33.333333333333336,38.333333333333336,35.833333333333336,33.333333333333336,0.38757483854166663,222,63
2021,00-0033308,Matt Breida,RB,7,39.2,-0.4999999999999991,0.041169414062500076,5.671428571428572,34.42857142857143,35.42857142857143,40.42857142857143,37.92857142857143,35.42857142857143,0.3867467008928571,223,64
2021,00-0035140,Mecole Hardman,WR,17,111.4,1.3499999999999996,0.03603144531249969,6.473529411764707,47.94117647058823,48.94117647058823,53.94117647058823,51.44117647058823,48.94117647058823,0.3969010317095588,224,75
2021,00-0034177,Tim Boyle,QB,4,36.34,0.9599999999999991,0.03454310156250018,8.844999999999999,24.0,25.0,30.0,27.5,25.0,0.353854185546875,225,48
2021,00-0033319,Nick Mullens,QB,1,9.879999999999999,2.619999999999999,0.03217908593749996,7.26,24.0,25.0,30.0,27.5,25.0,0.35861103125,226,49
2021,00-0034272,Marquez Valdes-Scantling,WR,11,74.0,3.399999999999997,0.02932290624999978,6.418181818181819,48.18181818181818,49.18181818181818,54.18181818181818,51.68181818181818,49.18181818181818,0.3977823558238636,227,76
2021,00-0033455,Anthony Firkser,TE,15,90.10000000000001,2.3000000000000007,0.023591289062499854,5.853333333333334,25.866666666666667,26.866666666666667,31.866666666666667,29.366666666666667,26.866666666666667,0.39242848541666664,228,39
2021,00-0029608,T.Y. Hilton,WR,10,62.6,0.7499999999999982,0.018235109375000003,6.1850000000000005,47.6,48.6,53.6,51.1,48.6,0.39771158671875,229,77
2021,00-0032688,Robbie Chosen,WR,17,112.0,1.2499999999999938,0.016708976562499978,6.514705882352941,48.0,49.0,54.0,51.5,49.0,0.39717804641544113,230,78
2021,00-0034860,Dante Pettis,WR,3,20.34,1.5399999999999991,0.014472937500000116,6.266666666666667,46.666666666666664,47.666666666666664,52.666666666666664,50.166666666666664,47.666666666666664,0.3876501015625,231,79
2021,00-0027944,Julio Jones,WR,10,64.9,-0.7999999999999998,0.013939742187499882,6.57,48.6,49.6,54.6,52.1,49.6,0.39603768984375,232,80
2021,00-0036754,Brock Wright,TE,8,41.7,-0.6999999999999993,0.009805250000000043,5.300000000000001,26.125,27.125,32.125,29.625,27.125,0.39006538183593753,233,40
2021,00-0030108,Ryan Griffin,TE,14,78.6,-0.20000000000000107,0.00836914062500016,5.628571428571429,25.857142857142858,26.857142857142858,31.857142857142858,29.357142857142858,26.857142857142858,0.38591680245535714,234,41
2021,00-0034115,Jeff Wilson,RB,8,48.0,1.4999999999999964,0.006217046874999854,5.8125,34.25,35.25,40.25,37.75,35.25,0.3782104931640625,235,65
2021,00-0036450,Ke'Shawn Vaughn,RB,6,34.6,-0.8999999999999995,0.006179890625000184,5.916666666666667,34.0,35.0,40.0,37.5,35.0,0.38239002604166666,236,66
2021,00-0031395,Garrett Gilbert,QB,1,7.76,0.5,0.006068640624999955,7.26,24.0,25.0,30.0,27.5,25.0,0.35861103125,237,50
2021,00-0034867,Malik Turner,WR,7,38.900000000000006,-2.900000000000002,0.005873265624999902,5.971428571428572,46.142857142857146,47.142857142857146,52.142857142857146,49.642857142857146,47.142857142857146,0.4063658125,238,81
2021,00-0030288,Rex Burkhead,RB,15,91.8,-0.8000000000000025,0.005575101562500184,6.173333333333334,34.13333333333333,35.13333333333333,40.13333333333333,37.63333333333333,35.13333333333333,0.37915339427083333,239,67
2021,00-0035567,Craig Reynolds,RB,5,31.700000000000003,0.7999999999999998,0.004767734374999888,6.180000000000001,33.6,34.6,39.6,37.1,34.6,0.3810155953125,240,68
2021,00-0035432,Jason Moore,WR,1,7.1000000000000005,0.35000000000000053,0.004759484374999956,6.75,51.0,52.0,57.0,54.5,52.0,0.40503196875,241,82
2021,00-0035547,Joseph Fortson,TE,4,24.2,-0.550000000000002,0.001140859375000025,6.1875,25.0,26.0,31.0,28.5,26.0,0.37849282812499996,242,42
2021,00-0033943,Josh Reynolds,WR,11,66.10000000000001,-2.7000000000000037,-0.0019509453125001186,6.254545454545454,48.0,49.0,54.0,51.5,49.0,0.3974860717329545,243,83
2021,00-0035957,Rodney Smith,RB,1,7.300000000000001,-0.6000000000000005,-0.008346359374999945,7.900000000000001,34.0,35.0,40.0,37.5,35.0,0.38375706249999997,244,69
2021,00-0035704,Drew Lock,QB,6,55.38,-2.330000000000002,-0.008472179687499887,9.618333333333334,24.0,25.0,30.0,27.5,25.0,0.35815244140624997,245,51
2021,00-0031384,Richard Rodgers,TE,1,4.1,-1.1000000000000005,-0.015861328125000018,5.2,24.0,25.0,30.0,27.5,25.0,0.37492078125,246,43
2021,00-0034378,Ito Smith,RB,1,6.4,-1.1499999999999995,-0.01666449999999997,7.55,32.0,33.0,38.0,35.5,33.0,0.38095640625,247,70
2021,00-0031585,MyCole Pruitt,TE,10,55.5,-1.5500000000000034,-0.020393257812500065,5.705,25.4,26.4,31.4,28.9,26.4,0.38547186562499997,248,44
2021,00-0036297,Darrynton Evans,RB,1,2.8000000000000003,-1.85,-0.025089757812500002,4.65,36.0,37.0,42.0,39.5,37.0,0.3728771875,249,71
2021,00-0032054,Breshad Perriman,WR,5,27.900000000000002,-2.8500000000000014,-0.030766617187500067,6.15,48.6,49.6,54.6,52.1,49.6,0.39515838125,250,84
2021,00-0035268,Ryquell Armstead,RB,2,11.100000000000001,-2.45,-0.03200095312500001,6.775,33.0,34.0,39.0,36.5,34.0,0.36589116015625,251,72
2021,00-0034433,Nick Bawden,RB,1,2.5,-2.6500000000000004,-0.032037046874999975,5.15,33.0,34.0,39.0,36.5,34.0,0.387087234375,252,73
2021,00-0035126,Antoine Wesley,WR,8,48.300000000000004,-1.950000000000002,-0.032141062499999984,6.28125,47.125,48.125,53.125,50.625,48.125,0.3984865849609375,253,85
2021,00-0035187,Austin Walter,RB,4,18.0,-3.6999999999999997,-0.03296203124999997,5.425000000000001,35.0,36.0,41.0,38.5,36.0,0.38034473828125004,254,74
2021,00-0036523,Trey Ragas,RB,1,2.5,-2.700000000000001,-0.03416397656250003,5.200000000000001,33.0,34.0,39.0,36.5,34.0,0.37070224218750003,255,75
2021,00-0035356,Tyree Jackson,TE,3,12.7,-4.350000000000001,-0.035119914062500035,5.683333333333334,25.333333333333332,26.333333333333332,31.333333333333332,28.833333333333332,26.333333333333332,0.40102365104166665,256,45
2021,00-0036278,Jason Huntley,RB,1,5.1000000000000005,-2.4499999999999993,-0.035255929687499965,7.55,32.0,33.0,38.0,35.5,33.0,0.38095640625,257,76
2021,00-0036929,Ian Book,QB,1,6.0,-2.780000000000001,-0.035754570312499956,8.780000000000001,24.0,25.0,30.0,27.5,25.0,0.35671774999999994,258,52
2021,00-0034672,Ethan Wolf,TE,1,3.8,-2.750000000000001,-0.03671821875000003,6.550000000000001,24.0,25.0,30.0,27.5,25.0,0.42004203125,259,46
2021,00-0032141,Geoff Swaim,TE,16,85.5,-8.500000000000005,-0.03716565625000007,5.875,25.5,26.5,31.5,29.0,26.5,0.388890904296875,260,47
2021,00-0034319,Deon Yelder,TE,1,1.5,-2.8000000000000007,-0.03854478125000005,4.300000000000001,29.0,30.0,35.0,32.5,30.0,0.38058754687500007,261,48
2021,00-0036657,Seth Williams,WR,1,3.9000000000000004,-2.95,-0.04015103124999997,6.8500000000000005,47.0,48.0,53.0,50.5,48.0,0.395441703125,262,86
2021,00-0036424,Brycen Hopkins,TE,1,2.4,-3.2500000000000004,-0.04057714062499995,5.65,28.0,29.0,34.0,31.5,29.0,0.38182259375,263,49
2021,00-0032426,Alex Collins,RB,11,64.3,-2.6000000000000005,-0.041037765624999945,6.081818181818182,34.63636363636363,35.63636363636363,40.63636363636363,38.13636363636363,35.63636363636363,0.374852453125,264,77
2021,00-0034808,John Kelly,RB,1,1.3,-3.3500000000000005,-0.04496136718749999,4.65,36.0,37.0,42.0,39.5,37.0,0.3728771875,265,78
2021,00-0034798,Durham Smythe,TE,16,87.0,-4.300000000000006,-0.04534449218749986,5.706250000000001,25.9375,26.9375,31.9375,29.4375,26.9375,0.38861184326171877,266,50
2021,00-0036768,JaQuan Hardy,RB,2,8.9,-3.8500000000000014,-0.045607898437500016,6.375,32.5,33.5,38.5,36.0,33.5,0.37582932421875004,267,79
2021,00-0035184,Devine Ozigbo,RB,1,0.9,-3.7500000000000004,-0.050212679687499984,4.65,36.0,37.0,42.0,39.5,37.0,0.3728771875,268,80
2021,00-0034366,Keke Coutee,WR,1,1.0,-4.0,-0.05414079687500006,5.0,43.0,44.0,49.0,46.5,44.0,0.37540271875000003,269,87
2021,00-0034578,Reggie Bonnafon,RB,1,2.6,-4.15,-0.05441275000000001,6.75,33.0,34.0,39.0,36.5,34.0,0.38482123437500004,270,81
2021,00-0032782,Wendell Smallwood,RB,2,6.7,-4.3500000000000005,-0.055445742187500036,5.525,34.5,35.5,40.5,38.0,35.5,0.36862358203125,271,82
2021,00-0036913,Kadarius Toney,WR,9,62.86,0.7100000000000009,-0.05583663281249984,6.905555555555555,48.333333333333336,49.333333333333336,54.333333333333336,51.833333333333336,49.333333333333336,0.40165264322916666,272,88
2021,00-0031549,Nelson Agholor,WR,14,84.9,-4.650000000000002,-0.059178343750000195,6.396428571428571,47.92857142857143,48.92857142857143,53.92857142857143,51.42857142857143,48.92857142857143,0.3948870909598214,273,89
2021,00-0036627,Dez Fitzpatrick,WR,3,13.4,-3.200000000000001,-0.059805578125000036,5.533333333333334,46.333333333333336,47.333333333333336,52.333333333333336,49.833333333333336,47.333333333333336,0.40141197395833333,274,90
2021,00-0032135,Jesse James,TE,5,22.7,-5.750000000000001,-0.06100555468750002,5.69,26.0,27.0,32.0,29.5,27.0,0.3931061234375,275,51
2021,00-0036910,C.J. Saunders,WR,1,2.1,-4.450000000000001,-0.06234659375000001,6.550000000000001,52.0,53.0,58.0,55.5,53.0,0.366276671875,276,91
2021,00-0036734,Pooka Williams Jr.,RB,1,0.0,-5.05,-0.06317327343749995,5.05,35.0,36.0,41.0,38.5,36.0,0.38642125,277,83
2021,00-0033421,Antony Auclair,TE,4,18.2,-4.300000000000001,-0.06340621875000002,5.625,25.25,26.25,31.25,28.75,26.25,0.386435,278,52
2021,00-0034367,Nyheim Hines,RB,17,96.60000000000001,-9.7,-0.06391104687500021,6.252941176470588,34.470588235294116,35.470588235294116,40.470588235294116,37.970588235294116,35.470588235294116,0.37960318060661763,279,84
2021,00-0036582,Nate McCrary,RB,1,-0.1,-5.1499999999999995,-0.06435104687500004,5.05,35.0,36.0,41.0,38.5,36.0,0.38642125,280,85
2021,00-0033957,Rodney Adams,WR,1,0.0,-5.15,-0.06453725781250008,5.15,46.0,47.0,52.0,49.5,47.0,0.39790612500000005,281,92
2021,00-0032394,Nick Vannett,TE,7,32.8,-5.8500000000000005,-0.06505822656249993,5.521428571428571,25.857142857142858,26.857142857142858,31.857142857142858,29.357142857142858,26.857142857142858,0.39382340848214287,282,53
2021,00-0027696,Jimmy Graham,TE,11,57.7,-5.350000000000002,-0.06508087499999993,5.731818181818182,25.90909090909091,26.90909090909091,31.90909090909091,29.40909090909091,26.90909090909091,0.39035049431818175,283,54
2021,00-0033567,Brian Hill,RB,1,0.0,-5.4,-0.06530443750000003,5.4,36.0,37.0,42.0,39.5,37.0,0.4177721796875,284,86
2021,00-0035218,Sutton Smith,RB,1,0.0,-5.4,-0.06530443750000003,5.4,36.0,37.0,42.0,39.5,37.0,0.4177721796875,285,87
2021,00-0034395,Daurice Fountain,WR,1,0.0,-5.65,-0.06562241406250002,5.65,47.0,48.0,53.0,50.5,48.0,0.410439671875,286,93
2021,00-0035844,Kirk Merritt,WR,1,1.8,-4.400000000000001,-0.06689074218749996,6.200000000000001,42.0,43.0,48.0,45.5,43.0,0.415312234375,287,94
2021,00-0036414,Cam Akers,RB,1,2.8,-4.75,-0.06708239062500004,7.55,32.0,33.0,38.0,35.5,33.0,0.38095640625,288,88
2021,00-0032626,Geronimo Allison,WR,1,0.0,-5.0,-0.06716976562500004,5.0,43.0,44.0,49.0,46.5,44.0,0.37540271875000003,289,95
2021,00-0036176,Mason Kinsey,WR,1,0.0,-5.0,-0.06716976562500004,5.0,43.0,44.0,49.0,46.5,44.0,0.37540271875000003,290,96
2021,00-0036340,Antonio Gandy-Golden,WR,1,0.0,-5.0,-0.06716976562500004,5.0,43.0,44.0,49.0,46.5,44.0,0.37540271875000003,291,97
2021,00-0034073,Ross Dwelley,TE,4,17.1,-4.900000000000002,-0.0685370781250001,5.5,26.0,27.0,32.0,29.5,27.0,0.383371919921875,292,55
2021,00-0036692,Miller Forristall,TE,1,0.0,-5.65,-0.06948609374999998,5.65,28.0,29.0,34.0,31.5,29.0,0.38182259375,293,56
2021,00-0033094,Marvin Hall,WR,1,1.5,-5.25,-0.06974478125,6.75,51.0,52.0,57.0,54.5,52.0,0.40503196875,294,98
2021,00-0036491,Tarik Black,WR,1,1.5,-5.050000000000001,-0.07033253125,6.550000000000001,52.0,53.0,58.0,55.5,53.0,0.366276671875,295,99
2021,00-0032214,Tyler Kroft,TE,9,47.3,-6.400000000000003,-0.07108853906249996,5.966666666666667,25.22222222222222,26.22222222222222,31.22222222222222,28.72222222222222,26.22222222222222,0.3838612751736111,296,57
2021,00-0035406,Lil'Jordan Humphrey,WR,8,43.4,-4.950000000000002,-0.07233901562500017,6.04375,48.125,49.125,54.125,51.625,49.125,0.39161828320312503,297,100
2021,00-0036005,Noah Togiai,TE,1,0.0,-5.2,-0.07271211718750004,5.2,24.0,25.0,30.0,27.5,25.0,0.37492078125,298,58
2021,00-0036598,Landen Akers,WR,1,0.0,-6.15,-0.07499789062500001,6.15,44.0,45.0,50.0,47.5,45.0,0.420675890625,299,101
2021,00-0033217,Mo Alie-Cox,TE,17,91.6,-6.000000000000004,-0.07501838281250006,5.741176470588236,25.823529411764707,26.823529411764707,31.823529411764707,29.323529411764707,26.823529411764707,0.38957349908088235,300,59
2021,00-0035898,Darius Bradwell,RB,1,0.0,-5.25,-0.07522579687499997,5.25,35.0,36.0,41.0,38.5,36.0,0.366359609375,301,89
2021,00-0035703,Miles Boykin,WR,1,1.1,-5.700000000000001,-0.07577461718749995,6.800000000000001,48.0,49.0,54.0,51.5,49.0,0.404013921875,302,102
2021,00-0036208,Artavis Pierce,RB,1,0.0,-6.15,-0.07894988281249998,6.15,34.0,35.0,40.0,37.5,35.0,0.363610265625,303,90
2021,00-0032160,Tyrell Williams,WR,1,2.4000000000000004,-5.799999999999999,-0.08044408593750002,8.2,53.0,54.0,59.0,56.5,54.0,0.39063861718750004,304,103
2021,00-0034631,Vyncint Smith,WR,1,0.0,-6.550000000000001,-0.08229015624999997,6.550000000000001,51.0,52.0,57.0,54.5,52.0,0.405727734375,305,104
2021,00-0034735,Codey McElroy,TE,1,0.0,-6.4,-0.08373700781249999,6.4,26.0,27.0,32.0,29.5,27.0,0.37041956249999997,306,60
2021,00-0036493,Deon Jackson,RB,3,9.100000000000001,-7.1000000000000005,-0.08417514062500009,5.400000000000001,34.0,35.0,40.0,37.5,35.0,0.3747781328125,307,91
2021,00-0035562,Jesper Horsted,TE,4,17.1,-6.000000000000002,-0.08438231250000006,5.775,26.75,27.75,32.75,30.25,27.75,0.38994819921875,308,61
2021,00-0035838,Matt Cole,WR,1,0.0,-5.8500000000000005,-0.08440346093750001,5.8500000000000005,47.0,48.0,53.0,50.5,48.0,0.402615375,309,105
2021,00-0036308,Isaiah Coulter,WR,1,0.0,-5.8500000000000005,-0.08440346093750001,5.8500000000000005,47.0,48.0,53.0,50.5,48.0,0.402615375,310,106
2021,00-0036438,Stephen Sullivan,TE,1,0.0,-6.550000000000001,-0.085928375,6.550000000000001,24.0,25.0,30.0,27.5,25.0,0.42004203125,311,62
2021,00-0032741,Peyton Barber,RB,9,44.900000000000006,-10.399999999999999,-0.08665003906250013,6.144444444444445,33.77777777777778,34.77777777777778,39.77777777777778,37.27777777777778,34.77777777777778,0.38137626302083333,312,92
2021,00-0036332,Josiah Deguara,TE,14,74.0,-6.400000000000004,-0.0876109296874999,5.742857142857143,26.0,27.0,32.0,29.5,27.0,0.39130196205357143,313,63
2021,00-0036365,Bryan Edwards,WR,16,92.10000000000001,-10.050000000000002,-0.08812108593750023,6.384375,47.625,48.625,53.625,51.125,48.625,0.39758545507812504,314,107
2021,00-0035448,Damarea Crockett,RB,1,0.7000000000000001,-6.05,-0.088241578125,6.75,34.0,35.0,40.0,37.5,35.0,0.37071628125,315,93
2021,00-0029119,Derek Carrier,TE,2,4.3,-6.3500000000000005,-0.08842549999999999,5.325,24.0,25.0,30.0,27.5,25.0,0.37736055468749996,316,64
2021,00-0031687,Raheem Mostert,RB,1,2.0,-6.449999999999999,-0.08865807812500004,8.45,31.0,32.0,37.0,34.5,32.0,0.411725265625,317,94
2021,00-0036858,Jalen Camp,WR,1,0.0,-6.75,-0.08879661718750004,6.75,51.0,52.0,57.0,54.5,52.0,0.40503196875,318,108
2021,00-0036939,Kawaan Baker,WR,1,0.0,-6.75,-0.08879661718750004,6.75,51.0,52.0,57.0,54.5,52.0,0.40503196875,319,109
2021,00-0036959,Michael Bandy,WR,1,0.0,-6.75,-0.08879661718750004,6.75,51.0,52.0,57.0,54.5,52.0,0.40503196875,320,110
2021,00-0035760,Jacques Patrick,RB,1,1.2000000000000002,-6.700000000000001,-0.0895725234375,7.900000000000001,34.0,35.0,40.0,37.5,35.0,0.38375706249999997,321,95
2021,00-0036946,Kellen Mond,QB,1,0.2,-7.5,-0.090415359375,7.7,24.0,25.0,30.0,27.5,25.0,0.343672078125,322,53
2021,00-0034669,Jordan Veasy,WR,1,0.0,-6.8500000000000005,-0.09085716406249994,6.8500000000000005,47.0,48.0,53.0,50.5,48.0,0.395441703125,323,111
2021,00-0034131,Kurt Benkert,QB,1,-0.1,-7.869999999999999,-0.09141459375,7.77,24.0,25.0,30.0,27.5,25.0,0.340645515625,324,54
2021,00-0026544,Chase Daniel,QB,1,-0.2,-7.97,-0.09246132812499999,7.77,24.0,25.0,30.0,27.5,25.0,0.340645515625,325,55
2021,00-0034955,Brett Rypien,QB,1,0.0,-7.7,-0.09258882812499997,7.7,24.0,25.0,30.0,27.5,25.0,0.343672078125,326,56
2021,00-0036398,John Hightower,WR,1,0.0,-6.200000000000001,-0.09311832812500004,6.200000000000001,42.0,43.0,48.0,45.5,43.0,0.415312234375,327,112
2021,00-0033572,Jamal Agnew,WR,10,58.0,-9.049999999999999,-0.09489367968750012,6.705,48.1,49.1,54.1,51.6,49.1,0.39808547265625,328,113
2021,00-0027688,Colt McCoy,QB,7,43.300000000000004,-10.519999999999996,-0.09601723437499979,7.688571428571429,24.0,25.0,30.0,27.5,25.0,0.33582993638392855,329,57
2021,00-0033550,Davis Webb,QB,1,-0.30000000000000004,-7.08,-0.09675210937499995,6.78,24.0,25.0,30.0,27.5,25.0,0.34711807031249997,330,58
2021,00-0036936,Rondale Moore,WR,14,84.10000000000001,-5.8000000000000025,-0.09836733593750036,6.421428571428572,47.5,48.5,53.5,51.0,48.5,0.3986119425223214,331,114
2021,00-0029738,Darren Fells,TE,3,10.3,-7.200000000000001,-0.09861507031250005,5.833333333333333,25.666666666666668,26.666666666666668,31.666666666666668,29.166666666666668,26.666666666666668,0.37309704166666674,332,65
2021,00-0036799,Josh Johnson,RB,1,0.0,-7.55,-0.10418082812499996,7.55,32.0,33.0,38.0,35.5,33.0,0.38095640625,333,96
2021,00-0034577,Kyle Allen,QB,2,7.9,-8.65,-0.10426909374999987,8.275,24.0,25.0,30.0,27.5,25.0,0.3486816328125,334,59
2021,00-0033857,JuJu Smith-Schuster,WR,5,27.3,-9.0,-0.10468225000000003,7.26,50.0,51.0,56.0,53.5,51.0,0.395274871875,335,115
2021,00-0034311,Johnny Stanton,RB,3,8.2,-7.800000000000002,-0.10495049218750002,5.333333333333333,36.0,37.0,42.0,39.5,37.0,0.36788219270833333,336,97
2021,00-0033936,C.J. Beathard,QB,2,1.52,-8.030000000000001,-0.10726048437500008,4.775,24.0,25.0,30.0,27.5,25.0,0.31183714453125,337,60
2021,00-0032951,Laquon Treadwell,WR,12,65.9,-8.250000000000005,-0.10740364843750022,6.179166666666667,47.666666666666664,48.666666666666664,53.666666666666664,51.166666666666664,48.666666666666664,0.3995378502604167,338,116
2021,00-0035045,D.J. Montgomery,WR,2,5.1,-8.200000000000001,-0.10760332812500001,6.65,51.0,52.0,57.0,54.5,52.0,0.4053798515625,339,117
2021,00-0035329,Donald Parham,TE,13,69.0,-6.900000000000004,-0.11035862499999999,5.838461538461539,25.76923076923077,26.76923076923077,31.76923076923077,29.26923076923077,26.76923076923077,0.38785106009615383,340,66
2021,00-0033127,Will Fuller,WR,2,6.6,-7.95,-0.11107807812499998,7.275,49.0,50.0,55.0,52.5,50.0,0.39912441015625,341,118
2021,00-0036226,Jacob Eason,QB,1,1.0,-9.559999999999999,-0.11144083593750001,10.559999999999999,24.0,25.0,30.0,27.5,25.0,0.31546892187500003,342,61
2021,00-0031934,Devin Smith,WR,1,0.0,-8.2,-0.11154804687500003,8.2,53.0,54.0,59.0,56.5,54.0,0.39063861718750004,343,119
2021,00-0036457,Ty'Son Williams,RB,7,37.4,-8.95,-0.11163163281249994,6.621428571428572,33.857142857142854,34.857142857142854,39.857142857142854,37.357142857142854,34.857142857142854,0.3817330033482143,344,98
2021,00-0033958,Nathan Peterman,QB,1,0.2,-11.59,-0.11454085937499997,11.79,24.0,25.0,30.0,27.5,25.0,0.37247045312499993,345,62
2021,00-0034419,Braxton Berrios,WR,16,92.1,-10.450000000000005,-0.11558426562500002,6.409375000000001,47.625,48.625,53.625,51.125,48.625,0.3987276450195313,346,120
2021,00-0036259,Jauan Jennings,WR,13,70.2,-10.550000000000004,-0.11776097656250012,6.211538461538462,47.84615384615385,48.84615384615385,53.84615384615385,51.34615384615385,48.84615384615385,0.3949883185096154,347,121
2021,00-0036268,Laviska Shenault Jr.,WR,16,95.5,-8.650000000000002,-0.11808056250000004,6.509375,48.0,49.0,54.0,51.5,49.0,0.3980936391601563,348,122
2021,00-0033662,Cooper Rush,QB,4,26.08,-11.219999999999999,-0.11862632812499996,9.325,24.0,25.0,30.0,27.5,25.0,0.349269513671875,349,63
2021,00-0034353,Anthony Miller,WR,3,11.5,-8.9,-0.11896769531250007,6.8,48.333333333333336,49.333333333333336,54.333333333333336,51.833333333333336,49.333333333333336,0.4002880651041667,350,123
2021,00-0035101,Davion Davis,WR,2,2.2,-9.5,-0.12003985156250008,5.8500000000000005,48.5,49.5,54.5,52.0,49.5,0.40181692968750005,351,124
2021,00-0031598,Nick Boyle,TE,2,1.7,-9.85,-0.12211612500000002,5.775,27.5,28.5,33.5,31.0,28.5,0.41120676562499997,352,67
2021,00-0036182,Nick Westbrook-Ikhine,WR,15,88.60000000000001,-10.150000000000002,-0.122808671875,6.583333333333333,48.4,49.4,54.4,51.9,49.4,0.39793127864583333,353,125
2021,00-0036510,Kenny Yeboah,TE,3,6.6,-9.0,-0.12292033593750007,5.2,26.333333333333332,27.333333333333332,32.333333333333336,29.833333333333332,27.333333333333332,0.3934589921875,354,68
2021,00-0033896,Adam Shaheen,TE,7,29.0,-9.55,-0.12391579687499998,5.507142857142858,26.428571428571427,27.428571428571427,32.42857142857143,29.928571428571427,27.428571428571427,0.390091203125,355,69
2021,00-0036197,Jake Fromm,QB,3,16.900000000000002,-10.479999999999999,-0.12808694531249998,9.126666666666667,24.0,25.0,30.0,27.5,25.0,0.3583492578125,356,64
2021,00-0036628,John Bates,TE,12,60.9,-8.200000000000003,-0.1284911796874999,5.758333333333334,25.583333333333332,26.583333333333332,31.583333333333332,29.083333333333332,26.583333333333332,0.39370791666666666,357,70
2021,00-0035345,Chris Myarick,TE,4,12.2,-11.250000000000002,-0.12916467968749995,5.862500000000001,25.5,26.5,31.5,29.0,26.5,0.40466580859374995,358,71
2021,00-0036269,La'Mical Perine,RB,2,3.1000000000000005,-9.05,-0.13212432812499997,6.075000000000001,34.0,35.0,40.0,37.5,35.0,0.37115697265625003,359,99
2021,00-0033858,Jonnu Smith,TE,16,81.4,-11.200000000000003,-0.13428344531249992,5.7875000000000005,25.875,26.875,31.875,29.375,26.875,0.3898771967773437,360,72
2021,00-0036534,Shane Zylstra,TE,3,7.9,-10.350000000000001,-0.13443827343749998,6.083333333333333,25.333333333333332,26.333333333333332,31.333333333333332,28.833333333333332,26.333333333333332,0.39694499999999994,361,73
2021,00-0035040,David Blough,QB,1,0.6000000000000001,-9.799999999999999,-0.13512228125,10.399999999999999,24.0,25.0,30.0,27.5,25.0,0.3335232421875,362,65
2021,00-0028986,Case Keenum,QB,5,30.68,-11.79,-0.13743964062500003,8.494,24.0,25.0,30.0,27.5,25.0,0.33006804375,363,66
2021,00-0034208,Mike Boone,RB,3,6.7,-9.9,-0.138196890625,5.533333333333334,35.333333333333336,36.333333333333336,41.333333333333336,38.833333333333336,36.333333333333336,0.3726961979166667,364,100
2021,00-0035976,Dan Chisena,WR,2,0.0,-10.25,-0.13843934375000017,5.125,45.5,46.5,51.5,49.0,46.5,0.39454350000000005,365,126
2021,00-0036984,Trey Sermon,RB,6,26.8,-11.9,-0.1394349218749999,6.45,34.666666666666664,35.666666666666664,40.666666666666664,38.166666666666664,35.666666666666664,0.3797026627604167,366,101
2021,00-0036069,Scottie Phillips,RB,2,3.2,-9.15,-0.1394887890625,6.175000000000001,36.0,37.0,42.0,39.5,37.0,0.369834390625,367,102
2021,00-0036474,Sammis Reyes,TE,2,0.0,-10.9,-0.14100542187500004,5.45,25.5,26.5,31.5,29.0,26.5,0.400699640625,368,74
2021,00-0035572,Parker Hesse,TE,4,11.8,-10.75,-0.14152754687499997,5.6375,26.25,27.25,32.25,29.75,27.25,0.40093913671875,369,75
2021,00-0031387,Eric Ebron,TE,8,38.5,-10.000000000000004,-0.14652728124999997,6.0625,25.125,26.125,31.125,28.625,26.125,0.3848910751953125,370,76
2021,00-0032881,Tommylee Lewis,WR,2,1.2000000000000002,-11.7,-0.1486321484375,6.45,47.5,48.5,53.5,51.0,48.5,0.4128539296875,371,127
2021,00-0035603,Kendall Blanton,TE,4,9.7,-11.35,-0.14896903906250009,5.2625,26.0,27.0,32.0,29.5,27.0,0.384216138671875,372,77
2021,00-0036482,Mike Strachan,WR,2,3.6,-11.15,-0.15051897656250002,7.375,52.5,53.5,58.5,56.0,53.5,0.38523532421875,373,128
2021,00-0023682,Ryan Fitzpatrick,QB,1,0.72,-12.609999999999998,-0.15181899999999998,13.329999999999998,24.0,25.0,30.0,27.5,25.0,0.346456109375,374,67
2021,00-0036336,Anthony McFarland,RB,2,1.9000000000000001,-10.3,-0.15485665625,6.1,35.0,36.0,41.0,38.5,36.0,0.36898565625,375,103
2021,00-0027981,Kyle Rudolph,TE,15,72.7,-14.350000000000003,-0.15551532031249993,5.803333333333334,25.866666666666667,26.866666666666667,31.866666666666667,29.366666666666667,26.866666666666667,0.3907551890625,376,78
2021,00-0033658,Blake Jarwin,TE,8,38.1,-11.600000000000003,-0.15565345312499995,6.2125,24.5,25.5,30.5,28.0,25.5,0.3832733623046875,377,79
2021,00-0032975,Jonathan Williams,RB,5,18.7,-12.200000000000003,-0.15583389843750012,6.180000000000001,33.6,34.6,39.6,37.1,34.6,0.3810155953125,378,104
2021,00-0036232,Harrison Bryant,TE,15,72.8,-13.600000000000005,-0.15710849999999987,5.760000000000001,25.733333333333334,26.733333333333334,31.733333333333334,29.233333333333334,26.733333333333334,0.38945172083333335,379,80
2021,00-0033891,Zay Jones,WR,15,82.4,-13.150000000000002,-0.15843396875000043,6.370000000000001,47.53333333333333,48.53333333333333,53.53333333333333,51.03333333333333,48.53333333333333,0.3988368864583334,380,129
2021,00-0035883,Maurice Ffrench,WR,2,0.30000000000000004,-11.55,-0.15886615625000006,5.925000000000001,48.0,49.0,54.0,51.5,49.0,0.398106421875,381,130
2021,00-0036032,Sean McKeon,TE,5,14.7,-12.65,-0.1640429765624999,5.470000000000001,26.4,27.4,32.4,29.9,27.4,0.3996979609375,382,81
2021,00-0033589,David Moore,WR,2,0.0,-13.850000000000001,-0.16452083593749994,6.925000000000001,47.0,48.0,53.0,50.5,48.0,0.401548296875,383,131
2021,00-0035164,Cody Thompson,WR,2,0.0,-12.700000000000001,-0.1649897890625,6.3500000000000005,48.0,49.0,54.0,51.5,49.0,0.39347628125,384,132
2021,00-0036412,KJ Hamler,WR,3,9.9,-11.799999999999999,-0.16608687500000008,7.233333333333333,51.666666666666664,52.666666666666664,57.666666666666664,55.166666666666664,52.666666666666664,0.38931191927083336,385,133
2021,00-0036526,Dillon Stoner,WR,2,0.0,-11.3,-0.16702041406250012,5.65,43.5,44.5,49.5,47.0,44.5,0.40324655468750004,386,134
2021,00-0030456,Giovani Bernard,RB,10,47.6,-14.45,-0.16817571874999998,6.205,34.5,35.5,40.5,38.0,35.5,0.38007045859375,387,105
2021,00-0035602,Alex Bachman,WR,2,-0.30000000000000004,-13.0,-0.16889953125,6.3500000000000005,48.0,49.0,54.0,51.5,49.0,0.39347628125,388,135
2021,00-0033386,Cody Hollister,WR,3,5.300000000000001,-13.250000000000002,-0.17124675781250004,6.183333333333334,47.333333333333336,48.333333333333336,53.333333333333336,50.833333333333336,48.333333333333336,0.409673,389,136
2021,00-0035752,Chris Streveler,QB,2,2.04,-12.530000000000001,-0.17288328125000002,7.285,24.0,25.0,30.0,27.5,25.0,0.33933223828125003,390,68
2021,00-0030496,Le'Veon Bell,RB,8,35.6,-14.000000000000004,-0.17297600781250022,6.2,34.75,35.75,40.75,38.25,35.75,0.37150803417968753,391,106
2021,00-0036857,Chris Evans,RB,9,42.3,-14.4,-0.17328557031249991,6.300000000000001,34.111111111111114,35.111111111111114,40.111111111111114,37.611111111111114,35.111111111111114,0.3767893758680556,392,107
2021,00-0036040,Juwan Johnson,TE,13,59.400000000000006,-15.050000000000004,-0.17392383593750005,5.726923076923077,25.384615384615383,26.384615384615383,31.384615384615383,28.884615384615383,26.384615384615383,0.38448676682692307,393,82
2021,00-0035222,Zach Gentry,TE,10,45.2,-14.500000000000004,-0.17397400781249994,5.970000000000001,25.4,26.4,31.4,28.9,26.4,0.39217051015625,394,83
2021,00-0033119,Jacoby Brissett,QB,10,80.32000000000001,-18.359999999999992,-0.17427885156249986,9.867999999999999,24.0,25.0,30.0,27.5,25.0,0.34356620859375,395,69
2021,00-0036918,Jacob Harris,WR,2,0.0,-12.0,-0.17476290624999996,6.0,46.0,47.0,52.0,49.5,47.0,0.37946819140625,396,137
2021,00-0035973,Patrick Taylor,RB,5,16.200000000000003,-14.45,-0.176873328125,6.130000000000001,34.0,35.0,40.0,37.5,35.0,0.3741699828125,397,108
2021,00-0034331,Jaylen Samuels,RB,3,3.8000000000000003,-14.0,-0.17819164843750013,5.933333333333334,34.0,35.0,40.0,37.5,35.0,0.37402279947916667,398,109
2021,00-0032098,Daniel Brown,TE,3,5.9,-13.55,-0.17935504687499998,6.483333333333334,25.0,26.0,31.0,28.5,26.0,0.39261478125,399,84
2021,00-0031428,Allen Robinson,WR,12,68.0,-13.25,-0.18032776562500014,6.770833333333333,48.5,49.5,54.5,52.0,49.5,0.39350691731770837,400,138
2021,00-0037004,Hunter Long,TE,3,2.3,-14.55,-0.18536709374999993,5.616666666666667,27.0,28.0,33.0,30.5,28.0,0.3875987552083333,401,85
2021,00-0031325,Sammy Watkins,WR,11,56.900000000000006,-14.25,-0.18662573437500013,6.468181818181819,48.90909090909091,49.90909090909091,54.90909090909091,52.40909090909091,49.90909090909091,0.39550189204545455,402,139
2021,00-0036271,Quez Watkins,WR,17,94.5,-14.850000000000001,-0.18933824999999993,6.432352941176471,47.705882352941174,48.705882352941174,53.705882352941174,51.205882352941174,48.705882352941174,0.39671795174632357,403,140
2021,00-0034193,Kevin Rader,TE,3,3.8000000000000003,-13.95,-0.19004930468750003,5.916666666666667,26.666666666666668,27.666666666666668,32.666666666666664,30.166666666666668,27.666666666666668,0.40614334375,404,86
2021,00-0035342,Patrick Laird,RB,3,3.5999999999999996,-13.700000000000001,-0.19366042968750008,5.766666666666667,35.333333333333336,36.333333333333336,41.333333333333336,38.833333333333336,36.333333333333336,0.37528602083333334,405,110
2021,00-0036879,Sam Ehlinger,QB,3,0.9,-16.21,-0.19883260156250007,5.703333333333333,24.0,25.0,30.0,27.5,25.0,0.32632740364583335,406,70
2021,00-0036096,J.J. Taylor,RB,5,16.5,-15.100000000000003,-0.20135785156249997,6.32,34.8,35.8,40.8,38.3,35.8,0.374958525,407,111
2021,00-0034400,Jordan Wilkins,RB,2,0.0,-14.3,-0.201883765625,7.15,33.0,34.0,39.0,36.5,34.0,0.37583634374999997,408,112
2021,00-0034440,Justin Jackson,RB,14,75.2,-14.45,-0.20242139843749996,6.403571428571429,33.642857142857146,34.642857142857146,39.642857142857146,37.142857142857146,34.642857142857146,0.38047497265625,409,113
2021,00-0031868,Damiere Byrd,WR,11,53.9,-15.600000000000005,-0.2046094609375002,6.318181818181818,48.09090909090909,49.09090909090909,54.09090909090909,51.59090909090909,49.09090909090909,0.3976518544034091,410,141
2021,00-0035428,Daniel Helm,TE,3,1.4,-14.8,-0.20523817187499993,5.3999999999999995,26.333333333333332,27.333333333333332,32.333333333333336,29.833333333333332,27.333333333333332,0.3893598723958333,411,87
2021,00-0036173,Tommy Hudson,TE,4,7.6000000000000005,-15.600000000000001,-0.20620332031249994,5.800000000000001,25.5,26.5,31.5,29.0,26.5,0.38061575781249996,412,88
2021,00-0035273,Qadree Ollison,RB,6,17.700000000000003,-16.65,-0.20633206249999997,5.7250000000000005,33.833333333333336,34.833333333333336,39.833333333333336,37.333333333333336,34.833333333333336,0.38229420442708334,413,114
2021,00-0035308,Tommy Sweeney,TE,7,23.9,-17.500000000000004,-0.20912368750000004,5.9142857142857155,26.142857142857142,27.142857142857142,32.142857142857146,29.642857142857142,27.142857142857142,0.39149871316964285,414,89
2021,00-0036635,Ihmir Smith-Marsette,WR,6,26.1,-15.3,-0.20962219531250004,6.8999999999999995,50.0,51.0,56.0,53.5,51.0,0.38973699739583334,415,142
2021,00-0036907,Dazz Newsome,WR,3,3.3,-16.150000000000002,-0.21103514843750004,6.483333333333334,49.0,50.0,55.0,52.5,50.0,0.3973281770833334,416,143
2021,00-0035823,Ben Ellefson,TE,3,0.0,-16.950000000000003,-0.2120658359375,5.650000000000001,24.0,25.0,30.0,27.5,25.0,0.3841624479166667,417,90
2021,00-0034364,Jordan Akins,TE,12,53.7,-18.300000000000004,-0.2124793749999998,6.0,25.5,26.5,31.5,29.0,26.5,0.38723093945312503,418,91
2021,00-0033720,Colin Thompson,TE,3,0.0,-15.650000000000002,-0.21522502343750005,5.216666666666668,28.0,29.0,34.0,31.5,29.0,0.37836323958333334,419,92
2021,00-0036228,Dezmon Patmon,WR,4,9.100000000000001,-16.35,-0.21644182031249992,6.362500000000001,46.75,47.75,52.75,50.25,47.75,0.40655639453125003,420,144
2021,00-0031051,John Brown,WR,3,0.0,-16.5,-0.21719564062500007,5.5,45.666666666666664,46.666666666666664,51.666666666666664,49.166666666666664,46.666666666666664,0.39615258854166663,421,145
2021,00-0034686,Auden Tate,WR,4,11.4,-16.95,-0.2172237343750001,7.0875,48.25,49.25,54.25,51.75,49.25,0.402479408203125,422,146
2021,00-0033095,Garrett Griffin,TE,5,9.9,-18.75,-0.21779627343750002,5.73,25.8,26.8,31.8,29.3,26.8,0.39252223593749996,423,93
2021,00-0034988,Kaden Smith,TE,4,7.800000000000001,-17.150000000000002,-0.219470703125,6.237500000000001,24.0,25.0,30.0,27.5,25.0,0.37906753515625,424,94
2021,00-0035771,Mitchell Wilcox,TE,4,6.1,-17.35,-0.21983424218749997,5.862500000000001,25.0,26.0,31.0,28.5,26.0,0.3914389453125,425,95
2021,00-0034317,Keith Kirkwood,WR,3,3.2,-15.350000000000001,-0.2223969296874999,6.183333333333334,48.0,49.0,54.0,51.5,49.0,0.3750710182291666,426,147
2021,00-0033879,O.J. Howard,TE,10,40.5,-17.100000000000005,-0.22313784374999995,5.76,25.8,26.8,31.8,29.3,26.8,0.38719301562499997,427,96
2021,00-0036133,James Proche,WR,7,28.200000000000003,-18.049999999999997,-0.22520375000000015,6.607142857142857,47.285714285714285,48.285714285714285,53.285714285714285,50.785714285714285,48.285714285714285,0.40157545870535716,428,148
2021,00-0036110,Ja'Marcus Bradley,WR,4,8.4,-16.5,-0.22627609374999996,6.2250000000000005,48.25,49.25,54.25,51.75,49.25,0.39369335546875,429,149
2021,00-0035639,Parris Campbell,WR,6,27.200000000000003,-15.899999999999999,-0.22753753906250007,7.183333333333334,49.666666666666664,50.666666666666664,55.666666666666664,53.166666666666664,50.666666666666664,0.3944721536458333,430,150
2021,00-0034159,Will Dissly,TE,13,60.6,-16.6,-0.228365328125,5.938461538461539,25.615384615384617,26.615384615384617,31.615384615384617,29.115384615384617,26.615384615384617,0.3901758894230769,431,97
2021,00-0035291,Trayveon Williams,RB,4,6.0,-17.950000000000003,-0.23158172656250003,5.987500000000001,33.5,34.5,39.5,37.0,34.5,0.375422541015625,432,115
2021,00-0035527,Andy Isabella,WR,3,1.8,-17.1,-0.2327288125,6.300000000000001,46.0,47.0,52.0,49.5,47.0,0.40527338541666663,433,151
2021,00-0036244,Colby Parkinson,TE,5,10.8,-18.8,-0.23311442187500003,5.92,25.4,26.4,31.4,28.9,26.4,0.403028515625,434,98
2021,00-0036080,Easop Winston,WR,3,1.0,-18.450000000000003,-0.23400897656249997,6.483333333333334,48.666666666666664,49.666666666666664,54.666666666666664,52.166666666666664,49.666666666666664,0.41047853125000006,435,152
2021,00-0036383,Eno Benjamin,RB,8,25.0,-20.6,-0.23628952343750004,5.7,35.25,36.25,41.25,38.75,36.25,0.37532468750000003,436,116
2021,00-0036988,Josh Palmer,WR,15,76.4,-19.950000000000003,-0.23735732812500016,6.423333333333334,48.06666666666667,49.06666666666667,54.06666666666667,51.56666666666667,49.06666666666667,0.39841875833333334,437,153
2021,00-0033387,Jacob Hollister,TE,7,25.0,-18.000000000000004,-0.23754767187499992,6.142857142857143,25.142857142857142,26.142857142857142,31.142857142857142,28.642857142857142,26.142857142857142,0.386960375,438,99
2021,00-0034652,Cameron Batson,WR,4,10.0,-18.35,-0.2382373437500001,7.0875,48.25,49.25,54.25,51.75,49.25,0.402479408203125,439,154
2021,00-0033246,Johnny Mundt,TE,3,2.4,-17.200000000000003,-0.23891404687499995,6.533333333333334,24.666666666666668,25.666666666666668,30.666666666666668,28.166666666666668,25.666666666666668,0.36970771354166665,440,100
2021,00-0035208,Olamide Zaccheaus,WR,15,74.3,-20.050000000000004,-0.23923983593749998,6.290000000000001,47.333333333333336,48.333333333333336,53.333333333333336,50.833333333333336,48.333333333333336,0.3966368427083333,441,155
2021,00-0033266,JoJo Natson,WR,3,0.0,-17.5,-0.24059570312500006,5.833333333333333,47.666666666666664,48.666666666666664,53.666666666666664,51.166666666666664,48.666666666666664,0.399841328125,442,156
2021,00-0033460,John Ross,WR,9,35.5,-21.100000000000005,-0.24337849218750007,6.288888888888889,47.333333333333336,48.333333333333336,53.333333333333336,50.833333333333336,48.333333333333336,0.3986753125,443,157
2021,00-0035624,N'Keal Harry,TE,10,36.4,-18.950000000000003,-0.24594832031250002,5.535,25.9,26.9,31.9,29.4,26.9,0.39046984687499997,444,101
2021,00-0034054,River Cracraft,WR,3,0.0,-19.55,-0.24814521093749992,6.516666666666667,47.333333333333336,48.333333333333336,53.333333333333336,50.833333333333336,48.333333333333336,0.40728177604166665,445,158
2021,00-0035935,J.J. Koski,WR,3,0.0,-17.150000000000002,-0.25142387500000013,5.716666666666668,44.666666666666664,45.666666666666664,50.666666666666664,48.166666666666664,45.666666666666664,0.4030361614583333,446,159
2021,00-0033932,Kenny Golladay,WR,14,70.60000000000001,-21.4,-0.25261983593749987,6.571428571428571,48.357142857142854,49.357142857142854,54.357142857142854,51.857142857142854,49.357142857142854,0.39970012388392856,447,160
2021,00-0026189,DeSean Jackson,WR,14,65.80000000000001,-23.8,-0.25330992968749977,6.4,47.642857142857146,48.642857142857146,53.642857142857146,51.142857142857146,48.642857142857146,0.40035559375,448,161
2021,00-0034816,Ronald Jones,RB,15,74.2,-19.150000000000002,-0.25351418750000004,6.223333333333334,34.13333333333333,35.13333333333333,40.13333333333333,37.63333333333333,35.13333333333333,0.38051891354166667,449,117
2021,00-0032208,Phillip Dorsett,WR,5,14.5,-18.700000000000003,-0.2551387421875001,6.640000000000001,48.8,49.8,54.8,52.3,49.8,0.40658292500000004,450,162
2021,00-0032187,David Johnson,RB,13,65.3,-18.0,-0.25593437499999994,6.407692307692307,34.30769230769231,35.30769230769231,40.30769230769231,37.80769230769231,35.30769230769231,0.38184819591346153,451,118
2021,00-0036637,Noah Gray,TE,7,20.1,-19.750000000000004,-0.2597596718750001,5.692857142857143,26.142857142857142,27.142857142857142,32.142857142857146,29.642857142857142,27.142857142857142,0.3917588582589286,452,102
2021,00-0035835,Nathan Cottrell,RB,3,0.30000000000000004,-20.0,-0.2612358906250001,6.766666666666667,33.0,34.0,39.0,36.5,34.0,0.3722011848958333,453,119
2021,00-0034899,John Wolford,QB,2,0.1,-20.43,-0.26261484375,10.264999999999999,24.0,25.0,30.0,27.5,25.0,0.34155971484375003,454,71
2021,00-0030465,Kenjon Barner,RB,3,0.0,-20.3,-0.2649450234375001,6.766666666666667,33.0,34.0,39.0,36.5,34.0,0.3722011848958333,455,120
2021,00-0031806,Malcolm Brown,RB,6,21.0,-20.0,-0.26753483593749994,6.833333333333333,33.5,34.5,39.5,37.0,34.5,0.38049483854166666,456,121
2021,00-0036572,Shi Smith,WR,5,13.1,-19.3,-0.2700084296874999,6.4799999999999995,47.6,48.6,53.6,51.1,48.6,0.3926847953125,457,163
2021,00-0033275,PJ Walker,QB,5,19.78,-19.759999999999998,-0.27081032812499994,7.9079999999999995,24.0,25.0,30.0,27.5,25.0,0.3375422875,458,72
2021,00-0033951,Marlon Mack,RB,5,11.9,-20.5,-0.2727456874999999,6.4799999999999995,34.6,35.6,40.6,38.1,35.6,0.3779481578125,459,122
2021,00-0033292,Trent Taylor,WR,4,5.1000000000000005,-21.200000000000003,-0.2754799375,6.575,48.5,49.5,54.5,52.0,49.5,0.39685655859375,460,164
2021,00-0031545,Kevin White,WR,4,4.300000000000001,-19.0,-0.2772987656250001,5.825,44.75,45.75,50.75,48.25,45.75,0.391357373046875,461,165
2021,00-0037011,Tre' McKitty,TE,6,13.5,-21.0,-0.2809642265624999,5.75,26.166666666666668,27.166666666666668,32.166666666666664,29.666666666666668,27.166666666666668,0.40012360416666665,462,103
2021,00-0036825,Feleipe Franks,TE,4,0.6000000000000001,-21.05,-0.28276061718749995,5.4125,27.0,28.0,33.0,30.5,28.0,0.38683116210937496,463,104
2021,00-0034766,Chris Herndon,TE,6,16.0,-21.650000000000002,-0.28689046875000007,6.275000000000001,24.5,25.5,30.5,28.0,25.5,0.39176598958333336,464,105
2021,00-0034343,Josh Rosen,QB,3,0.76,-24.14,-0.28751365625,8.299999999999999,24.0,25.0,30.0,27.5,25.0,0.3392983046875,465,73
2021,00-0036554,Nico Collins,WR,14,67.10000000000001,-22.150000000000002,-0.28789525781250014,6.375,48.0,49.0,54.0,51.5,49.0,0.3966320234375,466,166
2021,00-0026197,Chad Henne,QB,4,3.2800000000000002,-23.18,-0.28842840624999977,6.615,24.0,25.0,30.0,27.5,25.0,0.32922780273437496,467,74
2021,00-0032980,Marcus Johnson,WR,7,20.3,-22.450000000000003,-0.2972917578125001,6.107142857142857,45.857142857142854,46.857142857142854,51.857142857142854,49.357142857142854,46.857142857142854,0.3982197109375,468,167
2021,00-0035298,Scott Miller,WR,6,16.6,-22.200000000000003,-0.29751892968750004,6.466666666666668,49.333333333333336,50.333333333333336,55.333333333333336,52.833333333333336,50.333333333333336,0.39531617447916667,469,168
2021,00-0033955,Jeremy McNichols,RB,13,59.6,-22.75,-0.29949822656250014,6.334615384615385,34.61538461538461,35.61538461538461,40.61538461538461,38.11538461538461,35.61538461538461,0.37996319591346156,470,123
2021,00-0024243,Marcedes Lewis,TE,13,55.900000000000006,-20.35,-0.30043253906250006,5.865384615384615,25.615384615384617,26.615384615384617,31.615384615384617,29.115384615384617,26.615384615384617,0.38953951923076924,471,106
2021,00-0035359,David Sills,WR,4,2.7,-22.450000000000003,-0.3025141406250001,6.2875000000000005,48.25,49.25,54.25,51.75,49.25,0.38553826562500004,472,169
2021,00-0036951,Frank Darby,WR,4,1.9000000000000001,-22.450000000000003,-0.30451128906249997,6.0875,47.5,48.5,53.5,51.0,48.5,0.398741421875,473,170
2021,00-0033681,Keelan Cole,WR,14,64.9,-24.3,-0.3045808593750002,6.371428571428572,47.357142857142854,48.357142857142854,53.357142857142854,50.857142857142854,48.357142857142854,0.3983958727678571,474,171
2021,00-0032398,Chris Moore,WR,10,45.2,-19.700000000000003,-0.3078685546874999,6.49,47.7,48.7,53.7,51.2,48.7,0.40130193984374996,475,172
2021,00-0032058,Tevin Coleman,RB,11,46.0,-24.4,-0.3124093437500001,6.4,34.18181818181818,35.18181818181818,40.18181818181818,37.68181818181818,35.18181818181818,0.38686869460227274,476,124
2021,00-0028237,Chris Hogan,WR,5,12.1,-24.2,-0.316677578125,7.26,50.0,51.0,56.0,53.5,51.0,0.395274871875,477,173
2021,00-0033282,Curtis Samuel,WR,5,6.800000000000001,-25.35,-0.31908349218750004,6.43,47.8,48.8,53.8,51.3,48.8,0.4029375671875,478,174
2021,00-0026625,Brian Hoyer,QB,5,12.280000000000001,-24.580000000000002,-0.32774215625,7.372000000000002,24.0,25.0,30.0,27.5,25.0,0.3377522328125,479,75
2021,00-0031376,Jerick McKinnon,RB,9,29.4,-26.3,-0.32928253906249993,6.188888888888889,34.77777777777778,35.77777777777778,40.77777777777778,38.27777777777778,35.77777777777778,0.3770000703125,480,125
2021,00-0035350,Preston Williams,WR,6,10.799999999999999,-24.35,-0.32996604687500014,5.858333333333334,46.833333333333336,47.833333333333336,52.833333333333336,50.333333333333336,47.833333333333336,0.39452092708333336,481,175
2021,00-0035414,Jalen Guyton,WR,16,81.7,-22.450000000000003,-0.3318735078125001,6.509375,48.0,49.0,54.0,51.5,49.0,0.3980936391601563,482,176
2021,00-0037005,Tommy Tremble,TE,15,63.1,-24.500000000000007,-0.33630702343749996,5.840000000000001,25.666666666666668,26.666666666666668,31.666666666666668,29.166666666666668,26.666666666666668,0.3890837927083333,483,107
2021,00-0036439,Tyrie Cleveland,WR,4,0.0,-25.8,-0.3381268125,6.45,46.75,47.75,52.75,50.25,47.75,0.392651298828125,484,177
2021,00-0036264,Jordan Love,QB,6,27.14,-31.139999999999993,-0.3394657265624999,9.713333333333333,24.0,25.0,30.0,27.5,25.0,0.3420284049479167,485,76
2021,00-0033526,Samaje Perine,RB,15,69.7,-22.900000000000002,-0.34038835937500006,6.173333333333334,34.333333333333336,35.333333333333336,40.333333333333336,37.833333333333336,35.333333333333336,0.38081536770833335,486,126
2021,00-0035593,Juwann Winfree,WR,5,7.800000000000001,-25.5,-0.3408241171875001,6.660000000000001,48.6,49.6,54.6,52.1,49.6,0.3941919796875,487,178
2021,00-0035544,Tom Kennedy,WR,6,15.4,-25.1,-0.34111554687499984,6.75,49.666666666666664,50.666666666666664,55.666666666666664,53.166666666666664,50.666666666666664,0.39333761067708334,488,179
2021,00-0035304,Cullen Gillaspia,RB,4,0.0,-25.1,-0.34272583593749995,6.275,34.0,35.0,40.0,37.5,35.0,0.37204003515625,489,127
2021,00-0031045,Carlos Hyde,RB,11,39.800000000000004,-27.299999999999997,-0.3430097656250001,6.1,34.54545454545455,35.54545454545455,40.54545454545455,38.04545454545455,35.54545454545455,0.37903055113636364,490,128
2021,00-0033251,Zach Pascal,WR,16,75.5,-27.1,-0.3432919218750002,6.4125000000000005,47.5,48.5,53.5,51.0,48.5,0.39619832568359376,491,180
2021,00-0036741,Jack Stoll,TE,6,8.2,-26.05,-0.3461540859374999,5.708333333333333,25.5,26.5,31.5,29.0,26.5,0.39657457031249993,492,108
2021,00-0033950,Wayne Gallman,RB,7,13.0,-28.5,-0.35044454687500015,5.928571428571429,35.142857142857146,36.142857142857146,41.142857142857146,38.642857142857146,36.142857142857146,0.3787535368303571,493,129
2021,00-0036906,Khalil Herbert,RB,16,71.9,-27.3,-0.35054457031250025,6.2,34.3125,35.3125,40.3125,37.8125,35.3125,0.379782138671875,494,130
2021,00-0033439,Pharaoh Brown,TE,13,49.6,-26.550000000000004,-0.3533899765624998,5.857692307692308,25.923076923076923,26.923076923076923,31.923076923076923,29.423076923076923,26.923076923076923,0.3903132127403846,495,109
2021,00-0035341,Trenton Irwin,WR,5,4.4,-26.700000000000003,-0.35660367968750023,6.220000000000001,47.4,48.4,53.4,50.9,48.4,0.38887662968750003,496,181
2021,00-0033471,Isaiah Ford,WR,10,34.1,-27.000000000000004,-0.3604612343750001,6.11,45.8,46.8,51.8,49.3,46.8,0.39937373984375,497,182
2021,00-0030669,Albert Wilson,WR,10,35.5,-27.750000000000004,-0.36198307031250004,6.325,47.2,48.2,53.2,50.7,48.2,0.4013398453125,498,183
2021,00-0036698,Mekhi Sargent,RB,4,1.1,-26.7,-0.365882484375,6.949999999999999,33.0,34.0,39.0,36.5,34.0,0.38745480078125,499,131
2021,00-0034597,Ryan Nall,RB,5,1.3,-26.85,-0.36602896093750004,5.630000000000001,35.0,36.0,41.0,38.5,36.0,0.3700918234375,500,132
2021,00-0033528,Jeremy Sprinkle,TE,6,7.6,-28.35,-0.36628717187500004,5.991666666666667,26.0,27.0,32.0,29.5,27.0,0.3924882552083333,501,110
2021,00-0035500,Greg Dortch,WR,5,5.4,-26.050000000000004,-0.3663005937500001,6.290000000000001,47.4,48.4,53.4,50.9,48.4,0.394648690625,502,184
2021,00-0036620,Dee Eskridge,WR,8,23.3,-27.3,-0.3681184531250001,6.325,48.0,49.0,54.0,51.5,49.0,0.4011522861328125,503,185
2021,00-0030085,Kenny Stills,WR,7,15.9,-28.75,-0.36838030468750027,6.378571428571428,46.714285714285715,47.714285714285715,52.714285714285715,50.214285714285715,47.714285714285715,0.3999366796875,504,186
2021,00-0035535,Darius Slayton,WR,13,55.6,-26.950000000000003,-0.36941889843750014,6.3500000000000005,48.23076923076923,49.23076923076923,54.23076923076923,51.73076923076923,49.23076923076923,0.39621983173076925,505,187
2021,00-0035726,Jakob Johnson,RB,6,6.3,-28.6,-0.37246731250000015,5.816666666666667,34.5,35.5,40.5,38.0,35.5,0.3808325755208333,506,133
2021,00-0030874,Damien Williams,RB,12,52.7,-26.6,-0.3734726640625002,6.608333333333333,33.916666666666664,34.916666666666664,39.916666666666664,37.416666666666664,34.916666666666664,0.3821051458333333,507,134
2021,00-0028042,Luke Stocker,TE,6,4.2,-27.25,-0.3797445468750001,5.241666666666667,26.166666666666668,27.166666666666668,32.166666666666664,29.666666666666668,27.166666666666668,0.38530959375,508,111
2021,00-0035806,JaMycal Hasty,RB,11,40.0,-28.5,-0.38087283593750015,6.2272727272727275,34.0,35.0,40.0,37.5,35.0,0.38145940269886364,509,135
2021,00-0036876,Kylen Granson,TE,10,27.1,-27.900000000000002,-0.381052359375,5.5,26.2,27.2,32.2,29.7,27.2,0.3933580390625,510,112
2021,00-0034438,Logan Woodside,QB,4,-0.6000000000000001,-29.689999999999998,-0.38221663281250007,7.2725,24.0,25.0,30.0,27.5,25.0,0.319536259765625,511,77
2021,00-0036456,Dominique Dafney,TE,6,6.3999999999999995,-28.0,-0.3832209375,5.733333333333333,26.333333333333332,27.333333333333332,32.333333333333336,29.833333333333332,27.333333333333332,0.3929213645833333,512,113
2021,00-0028097,Lee Smith,TE,10,26.0,-29.300000000000004,-0.38438671093750004,5.53,25.8,26.8,31.8,29.3,26.8,0.38890501484374995,513,114
2021,00-0030525,Tavon Austin,WR,11,41.4,-29.950000000000003,-0.3931682343750001,6.486363636363637,47.72727272727273,48.72727272727273,53.72727272727273,51.22727272727273,48.72727272727273,0.40307496875,514,188
2021,00-0029632,Mohamed Sanu,WR,8,25.200000000000003,-29.3,-0.3957445156249999,6.8125,48.0,49.0,54.0,51.5,49.0,0.3938278720703125,515,189
2021,00-0029269,Travis Benjamin,WR,5,0.0,-32.1,-0.4013401484375,6.42,48.6,49.6,54.6,52.1,49.6,0.394601425,516,190
2021,00-0033591,Noah Brown,WR,9,26.4,-29.300000000000004,-0.4069219609375002,6.188888888888889,46.77777777777778,47.77777777777778,52.77777777777778,50.27777777777778,47.77777777777778,0.40112465190972224,517,191
2021,00-0036370,Joshua Kelley,RB,8,14.5,-31.450000000000003,-0.4092508984375002,5.74375,35.375,36.375,41.375,38.875,36.375,0.37846187988281255,518,136
2021,00-0034449,Buddy Howell,RB,5,1.1,-29.05,-0.41212617187500006,6.03,35.4,36.4,41.4,38.9,36.4,0.372532528125,519,137
2021,00-0036429,Charlie Woerner,TE,8,12.700000000000001,-32.050000000000004,-0.4167265625000001,5.59375,26.125,27.125,32.125,29.625,27.125,0.3939140087890625,520,115
2021,00-0035891,Cody White,WR,6,5.800000000000001,-31.35,-0.4187266875000002,6.191666666666667,46.833333333333336,47.833333333333336,52.833333333333336,50.333333333333336,47.833333333333336,0.40242520052083336,521,192
2021,00-0036571,Marquez Stevenson,WR,5,0.0,-32.150000000000006,-0.42134528906249996,6.4300000000000015,48.0,49.0,54.0,51.5,49.0,0.405898534375,522,193
2021,00-0032986,J.P. Holtz,TE,5,0.0,-30.85,-0.4262573828124999,6.17,24.8,25.8,30.8,28.3,25.8,0.3971869296875,523,116
2021,00-0034930,Trinity Benson,WR,7,15.3,-32.95,-0.4403395312500002,6.892857142857143,48.857142857142854,49.857142857142854,54.857142857142854,52.357142857142854,49.857142857142854,0.39471384821428573,524,194
2021,00-0036247,Freddie Swain,WR,17,74.0,-35.7,-0.4451873984375,6.452941176470588,48.23529411764706,49.23529411764706,54.23529411764706,51.73529411764706,49.23529411764706,0.3961541576286765,525,195
2021,00-0035631,Drew Sample,TE,10,24.6,-34.550000000000004,-0.4452689921874999,5.915000000000001,25.8,26.8,31.8,29.3,26.8,0.39337695781250004,526,117
2021,00-0032977,Rashard Higgins,WR,12,45.5,-31.9,-0.44646803906250015,6.45,47.583333333333336,48.583333333333336,53.583333333333336,51.083333333333336,48.583333333333336,0.3976213463541667,527,196
2021,00-0032775,Demarcus Robinson,WR,14,56.900000000000006,-33.35,-0.44734630468750003,6.446428571428571,47.785714285714285,48.785714285714285,53.785714285714285,51.285714285714285,48.785714285714285,0.3950261729910714,528,197
2021,00-0036887,Luke Farrell,TE,8,16.1,-32.45,-0.45020490624999987,6.0687500000000005,25.5,26.5,31.5,29.0,26.5,0.3893856923828125,529,118
2021,00-0033376,Patrick Ricard,RB,8,16.7,-34.35,-0.45058396093750014,6.38125,33.875,34.875,39.875,37.375,34.875,0.38180084375,530,138
2021,00-0032434,Brandon Allen,QB,5,13.860000000000003,-34.559999999999995,-0.4534741562499999,9.684000000000001,24.0,25.0,30.0,27.5,25.0,0.3557056796875,531,78
2021,00-0032104,Ameer Abdullah,RB,17,70.5,-35.95,-0.4549081875,6.261764705882353,34.35294117647059,35.35294117647059,40.35294117647059,37.85294117647059,35.35294117647059,0.3786785330882353,532,139
2021,00-0032725,Stephen Anderson,TE,14,46.5,-36.300000000000004,-0.4583673749999999,5.9142857142857155,25.571428571428573,26.571428571428573,31.571428571428573,29.071428571428573,26.571428571428573,0.3917120279017857,533,119
2021,00-0036254,Collin Johnson,WR,8,16.0,-36.15,-0.4616571953125001,6.51875,47.0,48.0,53.0,50.5,48.0,0.399996197265625,534,198
2021,00-0033367,C.J. Board,WR,6,7.700000000000001,-35.4,-0.46553958593750017,7.183333333333334,49.666666666666664,50.666666666666664,55.666666666666664,53.166666666666664,50.666666666666664,0.3967313802083334,535,199
2021,00-0036860,Jake Funk,RB,5,0.5000000000000001,-34.7,-0.4669314609375001,7.040000000000001,32.8,33.8,38.8,36.3,33.8,0.38223120312500003,536,140
2021,00-0036250,Tyler Davis,TE,8,9.5,-36.1,-0.46741968749999996,5.7,25.875,26.875,31.875,29.375,26.875,0.3903379599609375,537,120
2021,00-0033025,Jalen Richard,RB,9,17.2,-36.5,-0.4699462421875001,5.966666666666667,35.22222222222222,36.22222222222222,41.22222222222222,38.72222222222222,36.22222222222222,0.37725474392361114,538,141
2021,00-0035259,Trevon Wesco,TE,8,8.0,-36.7,-0.4815555390624999,5.5875,26.375,27.375,32.375,29.875,27.375,0.3901222001953125,539,121
2021,00-0033576,Eric Saubert,TE,10,22.700000000000003,-35.25,-0.48640250781249983,5.795,26.0,27.0,32.0,29.5,27.0,0.38537724609375,540,122
2021,00-0034052,Brandon Zylstra,WR,12,40.0,-37.6,-0.48702471875000014,6.466666666666668,48.166666666666664,49.166666666666664,54.166666666666664,51.666666666666664,49.166666666666664,0.3985089654947917,541,200
2021,00-0033733,Greg Ward,WR,10,31.080000000000002,-35.620000000000005,-0.4884182578125001,6.67,47.8,48.8,53.8,51.3,48.8,0.396959128125,542,201
2021,00-0034646,Brandon Powell,WR,6,0.0,-38.0,-0.49147098437500003,6.333333333333333,48.5,49.5,54.5,52.0,49.5,0.39851001562500005,543,202
2021,00-0031690,Eric Tomlinson,TE,7,2.2,-36.85,-0.49354720312500006,5.578571428571428,26.0,27.0,32.0,29.5,27.0,0.3920888683035714,544,123
2021,00-0036020,Salvon Ahmed,RB,11,32.6,-36.1,-0.4975418203125001,6.245454545454546,34.90909090909091,35.90909090909091,40.90909090909091,38.40909090909091,35.90909090909091,0.37827952911931817,545,142
2021,00-0036382,K.J. Hill,WR,6,4.5,-38.6,-0.5075114453125001,7.183333333333334,49.666666666666664,50.666666666666664,55.666666666666664,53.166666666666664,50.666666666666664,0.3967313802083334,546,203
2021,00-0033869,Mitchell Trubisky,QB,5,10.120000000000001,-41.599999999999994,-0.5093483437500002,10.344,24.0,25.0,30.0,27.5,25.0,0.3376345984375,547,79
2021,00-0031484,Chris Manhertz,TE,10,22.1,-37.2,-0.5108716953124999,5.930000000000001,25.9,26.9,31.9,29.4,26.9,0.38550075078124996,548,124
2021,00-0033854,Dare Ogunbowale,RB,13,43.6,-39.050000000000004,-0.513562046875,6.357692307692308,34.30769230769231,35.30769230769231,40.30769230769231,37.80769230769231,35.30769230769231,0.38044873197115386,549,143
2021,00-0034365,Ian Thomas,TE,14,45.800000000000004,-37.25,-0.5180719218749996,5.932142857142858,25.928571428571427,26.928571428571427,31.928571428571427,29.428571428571427,26.928571428571427,0.39332803515625,550,125
2021,00-0033725,Corey Clement,RB,11,25.9,-41.0,-0.5268089218750003,6.081818181818182,34.18181818181818,35.18181818181818,40.18181818181818,37.68181818181818,35.18181818181818,0.3814767464488637,551,144
2021,00-0036652,Racey McMath,WR,6,-0.20000000000000018,-39.7,-0.5269403515625,6.583333333333333,50.0,51.0,56.0,53.5,51.0,0.3958349010416667,552,204
2021,00-0031763,DeAndre Carter,WR,17,68.5,-41.2,-0.5302496484375002,6.452941176470588,48.23529411764706,49.23529411764706,54.23529411764706,51.73529411764706,49.23529411764706,0.3961541576286765,553,205
2021,00-0034104,Cam Sims,WR,12,41.300000000000004,-37.9,-0.5403935390625001,6.6000000000000005,48.666666666666664,49.666666666666664,54.666666666666664,52.166666666666664,49.666666666666664,0.3974842493489583,554,206
2021,00-0035864,Kendall Hinton,WR,11,31.040000000000003,-39.11000000000001,-0.5463325937499999,6.377272727272728,46.63636363636363,47.63636363636363,52.63636363636363,50.13636363636363,47.63636363636363,0.3984702059659091,555,207
2021,00-0036331,Devin Duvernay,WR,16,60.699999999999996,-41.45,-0.5464379453125003,6.384375,47.625,48.625,53.625,51.125,48.625,0.39758545507812504,556,208
2021,00-0033114,Mike Thomas,WR,7,7.700000000000001,-39.300000000000004,-0.5472644218750001,6.714285714285714,48.42857142857143,49.42857142857143,54.42857142857143,51.92857142857143,49.42857142857143,0.39764734151785713,557,209
2021,00-0033338,Cethan Carter,TE,8,4.6,-40.150000000000006,-0.5514260625,5.59375,26.25,27.25,32.25,29.75,27.25,0.3878119228515625,558,126
2021,00-0035246,J.J. Arcega-Whiteside,WR,7,4.6000000000000005,-41.0,-0.5529370937500002,6.514285714285714,48.714285714285715,49.714285714285715,54.714285714285715,52.214285714285715,49.714285714285715,0.39302696205357146,559,210
2021,00-0030663,Willie Snead,WR,7,5.800000000000001,-42.7,-0.557946890625,6.928571428571429,47.714285714285715,48.714285714285715,53.714285714285715,51.214285714285715,48.714285714285715,0.4027016138392857,560,211
2021,00-0033555,Mack Hollins,WR,15,53.3,-41.50000000000001,-0.5601485078125001,6.320000000000001,47.53333333333333,48.53333333333333,53.53333333333333,51.03333333333333,48.53333333333333,0.396397090625,561,212
2021,00-0032128,Chris Conley,WR,14,53.6,-39.800000000000004,-0.5610221015625001,6.671428571428572,48.214285714285715,49.214285714285715,54.214285714285715,51.714285714285715,49.214285714285715,0.40103266238839286,562,213
2021,00-0036849,Tutu Atwell,WR,6,0.0,-41.9,-0.5629715078124999,6.983333333333333,49.0,50.0,55.0,52.5,50.0,0.39554722135416664,563,214
2021,00-0035594,Travis Homer,RB,14,47.800000000000004,-42.45,-0.5633490234375,6.446428571428571,34.142857142857146,35.142857142857146,40.142857142857146,37.642857142857146,35.142857142857146,0.3786475145089286,564,145
2021,00-0035621,Nsimba Webster,WR,6,0.0,-42.2,-0.5673570156250001,7.033333333333334,49.666666666666664,50.666666666666664,55.666666666666664,53.166666666666664,50.666666666666664,0.39907122135416667,565,215
2021,00-0036842,Kene Nwangwu,RB,9,9.0,-42.75,-0.5709773828125002,5.75,34.77777777777778,35.77777777777778,40.77777777777778,38.27777777777778,35.77777777777778,0.3788288923611111,566,146
2021,00-0032450,Dwayne Washington,RB,8,3.8000000000000003,-42.45,-0.5712861171875,5.78125,34.625,35.625,40.625,38.125,35.625,0.37622832128906253,567,147
2021,00-0032062,Blake Bell,TE,11,23.2,-41.75000000000001,-0.5713916328125,5.904545454545455,25.545454545454547,26.545454545454547,31.545454545454547,29.045454545454547,26.545454545454547,0.39220956676136365,568,127
2021,00-0033111,Pharoh Cooper,WR,8,5.6000000000000005,-43.550000000000004,-0.5733795703125002,6.143750000000001,46.875,47.875,52.875,50.375,47.875,0.406643837890625,569,216
2021,00-0034799,Kalen Ballage,RB,8,5.4,-42.85,-0.5755252890625,6.03125,35.125,36.125,41.125,38.625,36.125,0.3742568408203125,570,148
2021,00-0036755,Jaret Patterson,RB,15,50.900000000000006,-43.8,-0.5774927812499999,6.3133333333333335,34.13333333333333,35.13333333333333,40.13333333333333,37.63333333333333,35.13333333333333,0.38082038437500004,571,149
2021,00-0035249,Josh Oliver,TE,11,20.1,-43.0,-0.5783745156250002,5.736363636363636,25.181818181818183,26.181818181818183,31.181818181818183,28.681818181818183,26.181818181818183,0.3815324012784091,572,128
2021,00-0031787,Jake Kumerow,WR,7,3.8,-43.85,-0.5811955234375,6.807142857142858,49.857142857142854,50.857142857142854,55.857142857142854,53.357142857142854,50.857142857142854,0.39387253459821425,573,217
2021,00-0035480,Malik Taylor,WR,7,2.4000000000000004,-43.800000000000004,-0.586009359375,6.6000000000000005,47.285714285714285,48.285714285714285,53.285714285714285,50.785714285714285,48.285714285714285,0.4021034151785714,574,218
2021,00-0034676,James Washington,WR,15,53.8,-43.550000000000004,-0.5888812734375002,6.49,48.0,49.0,54.0,51.5,49.0,0.4000399088541667,575,219
2021,00-0036671,Dax Milne,WR,9,10.9,-45.400000000000006,-0.5899160312500001,6.255555555555556,46.77777777777778,47.77777777777778,52.77777777777778,50.27777777777778,47.77777777777778,0.39926392274305555,576,220
2021,00-0027948,Blaine Gabbert,QB,6,1.98,-51.18,-0.59087040625,8.86,24.0,25.0,30.0,27.5,25.0,0.33868565234375,577,80
2021,00-0036650,Larry Rountree III,RB,9,15.100000000000001,-44.4,-0.596667546875,6.611111111111111,34.55555555555556,35.55555555555556,40.55555555555556,38.05555555555556,35.55555555555556,0.38106778038194444,578,150
2021,00-0034838,Royce Freeman,RB,12,29.6,-45.35,-0.597833640625,6.245833333333334,34.416666666666664,35.416666666666664,40.416666666666664,37.916666666666664,35.416666666666664,0.3786070859375,579,151
2021,00-0032268,Marcus Mariota,QB,7,14.860000000000001,-47.15,-0.6032815,8.858571428571429,24.0,25.0,30.0,27.5,25.0,0.34377560379464284,580,81
2021,00-0036626,Dyami Brown,WR,10,22.1,-45.45,-0.6083411640625002,6.755,49.0,50.0,55.0,52.5,50.0,0.39975168125000005,581,221
2021,00-0036569,Gary Brightwell,RB,7,1.5,-45.25,-0.6086114062499999,6.678571428571429,33.285714285714285,34.285714285714285,39.285714285714285,36.785714285714285,34.285714285714285,0.3805055267857143,582,152
2021,00-0028063,Taiwan Jones,RB,7,0.0,-43.45,-0.609164484375,6.207142857142857,34.714285714285715,35.714285714285715,40.714285714285715,38.214285714285715,35.714285714285715,0.3693218292410715,583,153
2021,00-0029664,Josh Gordon,WR,9,11.700000000000001,-45.85,-0.6164989296875001,6.394444444444445,47.666666666666664,48.666666666666664,53.666666666666664,51.166666666666664,48.666666666666664,0.3960912508680556,584,222
2021,00-0035860,Tony Jones,RB,10,19.6,-46.5,-0.6197194687500001,6.610000000000001,33.1,34.1,39.1,36.6,34.1,0.378723421875,585,154
2021,00-0035510,Jeff Smith,WR,9,15.2,-45.0,-0.6239706796875001,6.688888888888889,49.111111111111114,50.111111111111114,55.111111111111114,52.611111111111114,50.111111111111114,0.39238201388888894,586,223
2021,00-0036255,Denzel Mims,WR,10,17.3,-47.25,-0.6278673593750002,6.455,47.8,48.8,53.8,51.3,48.8,0.3968160515625,587,224
2021,00-0034109,Phillip Lindsay,RB,14,43.4,-47.25,-0.6317283593750002,6.4750000000000005,34.07142857142857,35.07142857142857,40.07142857142857,37.57142857142857,35.07142857142857,0.3772786796875,588,155
2021,00-0036877,Jaelon Darden,WR,9,8.4,-46.400000000000006,-0.6318109453124999,6.0888888888888895,47.55555555555556,48.55555555555556,53.55555555555556,51.05555555555556,48.55555555555556,0.3948130789930555,589,225
2021,00-0035956,Giovanni Ricci,TE,8,0.0,-45.95,-0.6341513437499999,5.74375,25.25,26.25,31.25,28.75,26.25,0.395263517578125,590,129
2021,00-0035457,Tyron Johnson,WR,7,2.6,-46.7,-0.6353443046874999,7.042857142857144,50.285714285714285,51.285714285714285,56.285714285714285,53.785714285714285,51.285714285714285,0.3888905904017857,591,226
2021,00-0036387,Jalen Reagor,WR,17,61.6,-47.75,-0.6359197734375002,6.432352941176471,47.705882352941174,48.705882352941174,53.705882352941174,51.205882352941174,48.705882352941174,0.39671795174632357,592,227
2021,00-0030068,Marquise Goodwin,WR,14,47.199999999999996,-45.75000000000001,-0.6414755,6.639285714285714,48.285714285714285,49.285714285714285,54.285714285714285,51.785714285714285,49.285714285714285,0.39531730636160717,593,228
2021,00-0036427,Tyler Johnson,WR,16,54.0,-48.900000000000006,-0.6415250781250001,6.43125,48.25,49.25,54.25,51.75,49.25,0.39566292236328127,594,229
2021,00-0033296,Alex Armah,RB,9,8.7,-48.150000000000006,-0.6478915859375,6.316666666666666,34.333333333333336,35.333333333333336,40.333333333333336,37.833333333333336,35.333333333333336,0.38145756684027776,595,156
2021,00-0036187,Reggie Gilliam,RB,8,4.1,-48.45,-0.65301284375,6.5687500000000005,33.75,34.75,39.75,37.25,34.75,0.377298822265625,596,157
2021,00-0035924,Jonathan Ward,RB,9,8.200000000000001,-50.3,-0.6604144453125002,6.5,34.22222222222222,35.22222222222222,40.22222222222222,37.72222222222222,35.22222222222222,0.38260149565972223,597,158
2021,00-0036669,Kylin Hill,RB,8,3.4000000000000004,-51.15,-0.6873378046875,6.81875,34.125,35.125,40.125,37.625,35.125,0.3804742548828125,598,159
2021,00-0036654,Demetric Felton,RB,15,41.5,-53.75,-0.7004101640625002,6.35,34.13333333333333,35.13333333333333,40.13333333333333,37.63333333333333,35.13333333333333,0.38130333489583335,599,160
2021,00-0032778,Tajae Sharpe,WR,14,35.5,-51.800000000000004,-0.7041648593750002,6.235714285714287,47.357142857142854,48.357142857142854,53.357142857142854,50.857142857142854,48.357142857142854,0.39677190736607143,600,230
2021,00-0032009,Adam Humphries,WR,17,58.800000000000004,-50.9,-0.7110411640625001,6.452941176470588,48.23529411764706,49.23529411764706,54.23529411764706,51.73529411764706,49.23529411764706,0.3961541576286765,601,231
2021,00-0034854,KhaDarel Hodge,WR,12,24.200000000000003,-52.400000000000006,-0.7204024765625001,6.383333333333334,47.666666666666664,48.666666666666664,53.666666666666664,51.166666666666664,48.666666666666664,0.39722981640625,602,232
2021,00-0033466,Isaiah McKenzie,WR,15,44.5,-55.400000000000006,-0.7230636406250002,6.66,48.4,49.4,54.4,51.9,49.4,0.3982672463541667,603,233
2021,00-0030155,Demetrius Harris,TE,10,5.5,-53.550000000000004,-0.729492546875,5.905,25.6,26.6,31.6,29.1,26.6,0.38573093046875,604,130
2021,00-0036955,Terrace Marshall Jr.,WR,12,24.3,-55.5,-0.7315505625000003,6.6499999999999995,47.833333333333336,48.833333333333336,53.833333333333336,51.333333333333336,48.833333333333336,0.40153921875,605,234
2021,00-0034132,Christian Blake,WR,9,4.5,-54.35,-0.7349233593750002,6.538888888888889,47.888888888888886,48.888888888888886,53.888888888888886,51.388888888888886,48.888888888888886,0.3982459314236111,606,235
2021,00-0034407,Ray-Ray McCloud,WR,16,48.7,-56.35,-0.7396516875000002,6.565625000000001,48.25,49.25,54.25,51.75,49.25,0.39824467626953125,607,236
2021,00-0032355,Chester Rogers,WR,16,52.0,-53.75000000000001,-0.7429958984375001,6.609375,48.3125,49.3125,54.3125,51.8125,49.3125,0.39853900439453127,608,237
2021,00-0034487,Trent Sherfield,WR,12,19.2,-57.65,-0.7542842343750003,6.404166666666668,48.416666666666664,49.416666666666664,54.416666666666664,51.916666666666664,49.416666666666664,0.3958976848958333,609,238
2021,00-0036862,Ben Skowronek,WR,12,18.8,-57.050000000000004,-0.7592191484375002,6.320833333333334,47.75,48.75,53.75,51.25,48.75,0.3958592727864583,610,239
2021,00-0036425,DeeJay Dallas,RB,17,49.6,-56.5,-0.7757573906249999,6.241176470588236,34.23529411764706,35.23529411764706,40.23529411764706,37.73529411764706,35.23529411764706,0.37975877849264705,611,161
2021,00-0036630,Tylan Wallace,WR,10,3.3,-60.1,-0.7769800156250003,6.340000000000001,47.7,48.7,53.7,51.2,48.7,0.39860890078125,612,240
2021,00-0033258,Darrell Daniels,TE,10,1.5,-57.0,-0.7869023984375,5.85,25.5,26.5,31.5,29.0,26.5,0.3889211578125,613,131
2021,00-0036999,Anthony Schwartz,WR,13,28.400000000000002,-58.150000000000006,-0.7943264453125001,6.657692307692307,48.23076923076923,49.23076923076923,54.23076923076923,51.73076923076923,49.23076923076923,0.3932744705528846,614,241
2021,00-0035022,Penny Hart,WR,11,9.4,-60.6,-0.7984191406250003,6.363636363636363,48.0,49.0,54.0,51.5,49.0,0.3982639396306818,615,242
2021,00-0034279,Equanimeous St. Brown,WR,12,15.700000000000001,-62.45,-0.8278049140624999,6.5125,48.5,49.5,54.5,52.0,49.5,0.39472950520833333,616,243
2021,00-0026293,Matthew Slater,WR,10,0.0,-63.650000000000006,-0.8481543828125001,6.365,47.5,48.5,53.5,51.0,48.5,0.39483615781250003,617,244
2021,00-0035021,Ashton Dulin,WR,16,39.0,-63.800000000000004,-0.8532567265625,6.425000000000001,47.4375,48.4375,53.4375,50.9375,48.4375,0.39862053173828127,618,245
2021,00-0034614,Godwin Igwebuike,RB,15,23.300000000000004,-68.15,-0.8556079843750001,6.096666666666667,34.266666666666666,35.266666666666666,40.266666666666666,37.766666666666666,35.266666666666666,0.380095059375,619,162
2021,00-0034164,Trenton Cannon,RB,10,0.4,-63.75,-0.8592003750000001,6.415000000000001,34.7,35.7,40.7,38.2,35.7,0.38024872109375,620,163
2021,00-0035399,Stanley Morgan,WR,11,2.4000000000000004,-67.5,-0.879051296875,6.354545454545455,48.18181818181818,49.18181818181818,54.18181818181818,51.68181818181818,49.18181818181818,0.3991138480113637,621,246
2021,00-0032791,Jakeem Grant,WR,15,32.0,-65.5,-0.8834598828125002,6.5,47.6,48.6,53.6,51.1,48.6,0.39916289322916665,622,247
2021,00-0032200,Ty Montgomery,WR,14,21.9,-68.8,-0.9227184375000004,6.478571428571429,48.142857142857146,49.142857142857146,54.142857142857146,51.642857142857146,49.142857142857146,0.39388852511160716,623,248
2021,00-0033006,Jaydon Mickens,WR,11,2.0,-71.15,-0.9241893671875001,6.65,49.0,50.0,55.0,52.5,50.0,0.3982869943181818,624,249
2021,00-0033481,Marcus Kemp,WR,12,3.4,-75.55,-1.0092084765625002,6.579166666666667,48.166666666666664,49.166666666666664,54.166666666666664,51.666666666666664,49.166666666666664,0.3962317532552084,625,250
2021,00-0033839,Dede Westbrook,WR,15,11.8,-85.95,-1.1590951953125004,6.516666666666667,48.4,49.4,54.4,51.9,49.4,0.3980213760416667,626,251
2021,00-0035217,Benny Snell,RB,16,12.100000000000001,-88.0,-1.1660919921875004,6.2562500000000005,34.3125,35.3125,40.3125,37.8125,35.3125,0.38002267773437504,627,164
2021,00-0036950,Avery Williams,RB,15,0.0,-94.10000000000001,-1.2670395546875002,6.273333333333334,34.13333333333333,35.13333333333333,40.13333333333333,37.63333333333333,35.13333333333333,0.37988370364583335,628,165
2021,00-0031319,Diontae Spencer,WR,15,0.19999999999999996,-96.5,-1.2842721171875002,6.446666666666667,47.6,48.6,53.6,51.1,48.6,0.39931219375000004,629,252
2021,00-0036991,Amari Rodgers,WR,16,7.6000000000000005,-96.3,-1.2926223203125002,6.49375,48.0625,49.0625,54.0625,51.5625,49.0625,0.39728656787109373,630,253
2021,00-0027691,Andre Roberts,WR,16,5.9,-98.25,-1.3181877656250003,6.509375,48.0,49.0,54.0,51.5,49.0,0.3980936391601563,631,254
2021,00-0035645,Gunner Olszewski,WR,16,5.0,-99.25,-1.3291659062500003,6.515625,47.875,48.875,53.875,51.375,48.875,0.39706401904296873,632,255
2021,00-0032543,Alex Erickson,WR,17,7.0,-103.75,-1.3892340390625002,6.514705882352941,48.0,49.0,54.0,51.5,49.0,0.39717804641544113,633,256
2022,00-0033873,Patrick Mahomes,QB,17,440.9,302.97999999999996,4.180606640625,8.112941176470589,24.0,25.0,29.941176470588236,27.470588235294116,25.0,0.3416837306985294,1,1
2022,00-0034857,Josh Allen,QB,16,423.52,289.61,4.0439135390625,8.369375,24.0,25.0,29.9375,27.46875,25.0,0.34399674804687497,2,2
2022,00-0030506,Travis Kelce,TE,17,371.3,279.90000000000003,3.8399050781249997,5.376470588235295,25.58823529411765,26.58823529411765,31.58823529411765,29.08823529411765,26.58823529411765,0.39157242922794117,3,1
2022,00-0036389,Jalen Hurts,QB,15,390.04,265.39,3.6798130000000002,8.31,24.0,25.0,29.933333333333334,27.466666666666665,25.0,0.3418922260416667,4,3
2022,00-0036442,Joe Burrow,QB,16,374.7,242.67,3.3874980234375,8.251875,24.0,25.0,29.9375,27.46875,25.0,0.34360386083984373,5,4
2022,00-0033699,Austin Ekeler,RB,17,319.2,220.4,2.9847918203125,5.811764705882354,35.0,36.0,41.0,38.5,36.0,0.3844523538602941,6,1
2022,00-0033280,Christian McCaffrey,RB,17,313.86,211.71,2.9460527421875002,6.008823529411765,34.8235294117647,35.8235294117647,40.8235294117647,38.3235294117647,35.8235294117647,0.38285449126838234,7,2
2022,00-0035700,Josh Jacobs,RB,17,301.8,201.4,2.7511168515625,5.905882352941177,35.11764705882353,36.11764705882353,41.11764705882353,38.61764705882353,36.11764705882353,0.38371836121323527,8,3
2022,00-0036322,Justin Jefferson,WR,17,304.66,199.76,2.7143293515625,6.170588235294118,47.411764705882355,48.411764705882355,53.411764705882355,50.911764705882355,48.411764705882355,0.3997785096507353,9,1
2022,00-0036945,Justin Fields,QB,15,317.98,198.89000000000001,2.6559300781250004,7.939333333333334,24.0,25.0,29.933333333333334,27.466666666666665,25.0,0.3396976171875,10,5
2022,00-0032764,Derrick Henry,RB,16,286.26,192.01000000000002,2.6227796171875,5.890625,34.9375,35.9375,40.9375,38.4375,35.9375,0.3829851591796875,11,4
2022,00-0030565,Geno Smith,QB,17,325.88,185.74,2.5895625,8.243529411764706,24.0,25.0,29.941176470588236,27.470588235294116,25.0,0.3417685661764706,12,6
2022,00-0031381,Davante Adams,WR,17,285.5,179.25,2.4528596406250003,6.250000000000001,47.470588235294116,48.470588235294116,53.470588235294116,50.970588235294116,48.470588235294116,0.40121194990808823,13,2
2022,00-0029604,Kirk Cousins,QB,17,319.58,178.07,2.4456443125000003,8.324117647058824,24.0,25.0,29.941176470588236,27.470588235294116,25.0,0.3441462683823529,14,7
2022,00-0036971,Trevor Lawrence,QB,17,311.62,171.48000000000002,2.4233469843750006,8.243529411764706,24.0,25.0,29.941176470588236,27.470588235294116,25.0,0.3417685661764706,15,8
2022,00-0033040,Tyreek Hill,WR,17,281.7,175.4,2.3607204140625,6.252941176470589,47.411764705882355,48.411764705882355,53.411764705882355,50.911764705882355,48.411764705882355,0.39974922380514705,16,3
2022,00-0034791,Nick Chubb,RB,17,267.90000000000003,165.75,2.3576295000000003,6.008823529411765,34.8235294117647,35.8235294117647,40.8235294117647,38.3235294117647,35.8235294117647,0.38285449126838234,17,5
2022,00-0031588,Stefon Diggs,WR,16,262.6,163.65,2.3337652265625,6.184375,48.125,49.125,54.125,51.625,49.125,0.40027174658203124,18,4
2022,00-0036355,Justin Herbert,QB,17,300.26,162.34,2.2968304453125,8.112941176470589,24.0,25.0,29.941176470588236,27.470588235294116,25.0,0.3416837306985294,19,9
2022,00-0034844,Saquon Barkley,RB,16,255.50000000000003,159.4,2.2914005000000004,6.0062500000000005,34.9375,35.9375,40.9375,38.4375,35.9375,0.3831127846679687,20,6
2022,00-0035710,Daniel Jones,QB,16,299.0,161.98999999999998,2.216294125,8.563125000000001,24.0,25.0,30.0,27.5,25.0,0.34407820898437497,21,10
2022,00-0035229,T.J. Hockenson,TE,17,260.4,168.75,2.1872068515625003,5.391176470588236,25.41176470588235,26.41176470588235,31.41176470588235,28.91176470588235,26.41176470588235,0.3930039034926471,22,2
2022,00-0035676,A.J. Brown,WR,17,255.6,150.7,2.1257948984375004,6.170588235294118,47.411764705882355,48.411764705882355,53.411764705882355,50.911764705882355,48.411764705882355,0.3997785096507353,23,5
2022,00-0033288,George Kittle,TE,15,230.5,148.9,2.1014503125,5.44,25.533333333333335,26.533333333333335,31.533333333333335,29.033333333333335,26.533333333333335,0.39028979947916664,24,3
2022,00-0033106,Jared Goff,QB,17,297.82,156.09,2.0893064531250003,8.337058823529413,24.0,25.0,29.941176470588236,27.470588235294116,25.0,0.3442557279411765,25,11
2022,00-0034796,Lamar Jackson,QB,12,250.08,151.26,2.054196609375,8.235000000000001,24.0,25.0,29.916666666666668,27.458333333333332,25.0,0.34231867773437497,26,12
2022,00-0019596,Tom Brady,QB,17,289.65999999999997,149.51999999999998,2.0062561015625002,8.243529411764706,24.0,25.0,29.941176470588236,27.470588235294116,25.0,0.3417685661764706,27,13
2022,00-0034753,Mark Andrews,TE,15,227.0,144.25,2.0027907578125004,5.516666666666667,25.2,26.2,31.2,28.7,26.2,0.39172681927083336,28,4
2022,00-0036358,CeeDee Lamb,WR,17,248.10000000000002,140.5,1.9885370234375002,6.329411764705883,47.8235294117647,48.8235294117647,53.8235294117647,51.3235294117647,48.8235294117647,0.3997153138786765,29,6
2022,00-0036212,Tua Tagovailoa,QB,13,246.92000000000002,136.47,1.8064600859375004,8.496153846153847,24.0,25.0,29.923076923076923,27.46153846153846,25.0,0.34212091045673076,30,14
2022,00-0035261,Tony Pollard,RB,16,229.3,133.3,1.7985335468750006,6.0,34.625,35.625,40.625,38.125,35.625,0.3820672973632812,31,7
2022,00-0036900,Ja'Marr Chase,WR,12,198.9,121.45,1.7885240000000002,6.454166666666667,48.25,49.25,54.25,51.75,49.25,0.39968985872395835,32,7
2022,00-0033077,Dak Prescott,QB,12,228.60000000000002,127.62,1.7458647109375,8.415000000000001,24.0,25.0,30.0,27.5,25.0,0.3428818372395834,33,15
2022,00-0033948,Jamaal Williams,RB,17,219.9,119.5,1.7403582031250002,5.905882352941177,35.11764705882353,36.11764705882353,41.11764705882353,38.61764705882353,36.11764705882353,0.38371836121323527,34,8
2022,00-0035228,Kyler Murray,QB,11,214.52,125.25,1.7134969921875003,8.115454545454547,24.0,25.0,29.90909090909091,27.454545454545453,25.0,0.3407014048295455,35,16
2022,00-0031280,Derek Carr,QB,15,247.08,121.19,1.7084161406250005,8.392666666666667,24.0,25.0,29.933333333333334,27.466666666666665,25.0,0.34436473489583336,36,17
2022,00-0036875,Rhamondre Stevenson,RB,17,214.60000000000002,114.7,1.6697908046875,5.876470588235295,35.11764705882353,36.11764705882353,41.11764705882353,38.61764705882353,36.11764705882353,0.38384252941176467,37,9
2022,00-0023459,Aaron Rodgers,QB,17,263.2,123.59,1.6639925703125003,8.212352941176471,24.0,25.0,29.941176470588236,27.470588235294116,25.0,0.3414696199448529,38,18
2022,00-0033893,Dalvin Cook,RB,17,218.3,118.89999999999999,1.6492380000000004,5.847058823529412,35.05882352941177,36.05882352941177,41.05882352941177,38.55882352941177,36.05882352941177,0.3852174958639706,39,10
2022,00-0033293,Aaron Jones,RB,17,219.10000000000002,118.80000000000001,1.6396712421875002,5.9,35.23529411764706,36.23529411764706,41.23529411764706,38.73529411764706,36.23529411764706,0.3838529489889706,40,11
2022,00-0036963,Amon-Ra St. Brown,WR,16,214.6,115.3,1.6376782968750003,6.206250000000001,47.8125,48.8125,53.8125,51.3125,48.8125,0.4004354223632812,41,8
2022,00-0033897,Joe Mixon,RB,14,209.5,128.95,1.6375600546875,5.753571428571428,34.92857142857143,35.92857142857143,40.92857142857143,38.42857142857143,35.92857142857143,0.38311445870535715,42,12
2022,00-0029263,Russell Wilson,QB,15,247.26000000000002,115.82000000000002,1.6066118593749998,8.762666666666666,24.0,25.0,30.0,27.5,25.0,0.3478104546875,43,19
2022,00-0033881,Evan Engram,TE,17,213.4,121.2,1.5853646015625,5.423529411764706,25.58823529411765,26.58823529411765,31.58823529411765,29.08823529411765,26.58823529411765,0.39129757077205884,44,5
2022,00-0036613,Jaylen Waddle,WR,17,221.70000000000002,115.4,1.5517966562500003,6.252941176470589,47.411764705882355,48.411764705882355,53.411764705882355,50.911764705882355,48.411764705882355,0.39974922380514705,45,9
2022,00-0032268,Marcus Mariota,QB,13,214.56,109.16,1.5105186953125,8.107692307692307,24.0,25.0,29.923076923076923,27.46153846153846,25.0,0.3393626550480769,46,20
2022,00-0036912,DeVonta Smith,WR,17,209.10000000000002,104.2,1.4863283515624999,6.170588235294118,47.411764705882355,48.411764705882355,53.411764705882355,50.911764705882355,48.411764705882355,0.3997785096507353,47,10
2022,00-0035243,Miles Sanders,RB,17,206.7,107.3,1.4816335781250005,5.847058823529412,35.05882352941177,36.05882352941177,41.05882352941177,38.55882352941177,36.05882352941177,0.3852174958639706,48,13
2022,00-0036893,Najee Harris,RB,17,204.96,102.81,1.4653170703125002,6.008823529411765,34.8235294117647,35.8235294117647,40.8235294117647,38.3235294117647,35.8235294117647,0.38285449126838234,49,14
2022,00-0033908,Cooper Kupp,WR,9,163.9,108.45,1.45355565625,6.161111111111111,47.888888888888886,48.888888888888886,53.888888888888886,51.388888888888886,48.888888888888886,0.4003762942708333,50,11
2022,00-0038134,Kenneth Walker III,RB,15,189.0,100.75,1.4202269218750003,5.883333333333334,35.266666666666666,36.266666666666666,41.266666666666666,38.766666666666666,36.266666666666666,0.38348804739583336,51,15
2022,00-0033553,James Conner,RB,13,177.2,101.29999999999998,1.4088550546875,5.838461538461539,35.38461538461539,36.38461538461539,41.38461538461539,38.88461538461539,36.38461538461539,0.3873854140625,52,16
2022,00-0033885,David Njoku,TE,14,171.0,93.55,1.4030384921875,5.5321428571428575,25.642857142857142,26.642857142857142,31.642857142857142,29.142857142857142,26.642857142857142,0.38862396819196426,53,6
2022,00-0033110,Tyler Higbee,TE,16,188.0,102.15,1.3899532968750001,5.3656250000000005,25.625,26.625,31.625,29.125,26.625,0.39141233935546876,54,7
2022,00-0034775,Christian Kirk,WR,17,199.9,93.6,1.3877228359375002,6.252941176470589,47.411764705882355,48.411764705882355,53.411764705882355,50.911764705882355,48.411764705882355,0.39974922380514705,55,12
2022,00-0034351,Dallas Goedert,TE,12,168.7,103.05,1.3829664765625003,5.470833333333334,26.166666666666668,27.166666666666668,32.166666666666664,29.666666666666668,27.166666666666668,0.38925821419270834,56,8
2022,00-0031544,Amari Cooper,WR,17,209.0,101.4,1.3774127031249999,6.329411764705883,47.8235294117647,48.8235294117647,53.8235294117647,51.3235294117647,48.8235294117647,0.3997153138786765,57,13
2022,00-0032211,Tyler Lockett,WR,16,197.3,96.8,1.3701510781250004,6.28125,47.375,48.375,53.375,50.875,48.375,0.3992043544921875,58,14
2022,00-0036898,Davis Mills,QB,15,211.52,92.14999999999999,1.3374526875000001,7.958,24.0,25.0,29.933333333333334,27.466666666666665,25.0,0.3411983390625,59,21
2022,00-0036894,Pat Freiermuth,TE,15,179.7,97.8,1.3359255234375,5.46,25.333333333333332,26.333333333333332,31.333333333333332,28.833333333333332,26.333333333333332,0.3928852776041667,60,9
2022,00-0033856,Leonard Fournette,RB,16,191.6,98.35000000000001,1.322269375,5.828125,35.0,36.0,41.0,38.5,36.0,0.3836460083007812,61,17
2022,00-0036410,Tee Higgins,WR,14,183.9,96.44999999999999,1.3053802812500006,6.246428571428572,47.714285714285715,48.714285714285715,53.714285714285715,51.214285714285715,48.714285714285715,0.39924442354910716,62,15
2022,00-0034383,Dalton Schultz,TE,15,171.2,89.85,1.3039778203124999,5.423333333333334,25.333333333333332,26.333333333333332,31.333333333333332,28.833333333333332,26.333333333333332,0.3925332833333333,63,10
2022,00-0033906,Alvin Kamara,RB,15,183.20000000000002,95.55,1.2777542812500005,5.843333333333334,35.2,36.2,41.2,38.7,36.2,0.38169287343749997,64,18
2022,00-0033045,Ezekiel Elliott,RB,15,177.3,87.05,1.2518660625000004,6.016666666666667,34.93333333333333,35.93333333333333,40.93333333333333,38.43333333333333,35.93333333333333,0.3841243401041667,65,19
2022,00-0035659,Terry McLaurin,WR,17,190.5,84.3,1.2511857578125003,6.247058823529412,47.1764705882353,48.1764705882353,53.1764705882353,50.6764705882353,48.1764705882353,0.39997969852941173,66,16
2022,00-0033895,Gerald Everett,TE,15,168.5,87.15,1.2509878203125,5.423333333333334,25.733333333333334,26.733333333333334,31.733333333333334,29.233333333333334,26.733333333333334,0.39178604166666664,67,11
2022,00-0036275,D'Andre Swift,RB,14,167.10000000000002,85.0,1.2263808203125002,5.864285714285715,34.785714285714285,35.785714285714285,40.785714285714285,38.285714285714285,35.785714285714285,0.38650183928571424,68,20
2022,00-0031408,Mike Evans,WR,15,186.9,94.2,1.21648453125,6.180000000000001,47.266666666666666,48.266666666666666,53.266666666666666,50.766666666666666,48.266666666666666,0.40076372031249996,69,17
2022,00-0027973,Andy Dalton,QB,14,192.24,85.19999999999999,1.1637515,7.645714285714286,24.0,25.0,29.928571428571427,27.464285714285715,25.0,0.33929456696428567,70,22
2022,00-0036973,Travis Etienne,RB,17,187.6,87.2,1.150302468750001,5.905882352941177,35.0,36.0,41.0,38.5,36.0,0.3834949397977941,71,21
2022,00-0030061,Zach Ertz,TE,10,139.1,84.0,1.1338241328124998,5.51,25.1,26.1,31.1,28.6,26.1,0.392156584375,72,12
2022,00-0036261,Brandon Aiyuk,WR,17,188.8,81.2,1.131034203125,6.329411764705883,47.8235294117647,48.8235294117647,53.8235294117647,51.3235294117647,48.8235294117647,0.3997153138786765,73,18
2022,00-0036290,Cole Kmet,TE,17,172.29999999999998,79.35,1.1301180234375,5.4676470588235295,25.58823529411765,26.58823529411765,31.58823529411765,29.08823529411765,26.58823529411765,0.3916540735294118,74,13
2022,00-0036972,Mac Jones,QB,14,192.08,76.32,1.1161881484375,8.268571428571429,24.0,25.0,29.928571428571427,27.464285714285715,25.0,0.34308617243303574,75,23
2022,00-0033921,Chris Godwin Jr.,WR,15,170.8,78.35,1.1149979453125,6.163333333333333,46.86666666666667,47.86666666666667,52.86666666666667,50.36666666666667,47.86666666666667,0.40053902812500003,76,19
2022,00-0036407,Jerry Jeudy,WR,15,170.70000000000002,75.9,1.1067902890625,6.320000000000001,47.666666666666664,48.666666666666664,53.666666666666664,51.166666666666664,48.666666666666664,0.39832241927083334,77,20
2022,00-0026143,Matt Ryan,QB,12,181.28,76.02000000000001,1.099257765625,8.771666666666667,24.0,25.0,30.0,27.5,25.0,0.34171446940104167,78,24
2022,00-0031345,Jimmy Garoppolo,QB,11,172.78,80.51,1.0867132578125003,8.388181818181819,24.0,25.0,30.0,27.5,25.0,0.3403969424715909,79,25
2022,00-0035689,Dawson Knox,TE,15,159.7,77.89999999999999,1.0716961406249998,5.453333333333334,25.066666666666666,26.066666666666666,31.066666666666666,28.566666666666666,26.066666666666666,0.39344490364583334,80,14
2022,00-0035640,DK Metcalf,WR,17,181.8,75.5,1.0613803593750002,6.252941176470589,47.411764705882355,48.411764705882355,53.411764705882355,50.911764705882355,48.411764705882355,0.39974922380514705,81,21
2022,00-0030279,Keenan Allen,WR,10,131.0,67.65,1.0367908125,6.335000000000001,47.3,48.3,53.3,50.8,48.3,0.40014749296874996,82,22
2022,00-0037258,Dameon Pierce,RB,13,151.4,74.55,1.0190686250000003,5.911538461538462,34.76923076923077,35.76923076923077,40.76923076923077,38.26923076923077,35.76923076923077,0.3826285504807692,83,22
2022,00-0037740,Garrett Wilson,WR,17,174.2,68.69999999999999,1.01386496875,6.2058823529411775,47.294117647058826,48.294117647058826,53.294117647058826,50.794117647058826,48.294117647058826,0.4004696052389706,84,23
2022,00-0036252,Michael Pittman,WR,16,167.0,67.5,1.0118980234375003,6.21875,46.875,47.875,52.875,50.375,47.875,0.40057441064453125,85,24
2022,00-0036223,Jonathan Taylor,RB,11,132.4,64.25,0.9783239765625001,6.195454545454546,35.0,36.0,41.0,38.5,36.0,0.3817908153409091,86,23
2022,00-0030513,Latavius Murray,RB,13,140.70000000000002,65.30000000000001,0.9628986093750005,5.800000000000001,35.0,36.0,41.0,38.5,36.0,0.38006912920673075,87,24
2022,00-0037239,Chris Olave,WR,15,162.20000000000002,67.05,0.9605065781250002,6.343333333333334,47.06666666666667,48.06666666666667,53.06666666666667,50.56666666666667,48.06666666666667,0.4002684505208333,88,25
2022,00-0034270,Tyler Conklin,TE,17,160.5,68.89999999999999,0.9564904453125002,5.3882352941176475,25.58823529411765,26.58823529411765,31.58823529411765,29.08823529411765,26.58823529411765,0.39137662775735294,89,15
2022,00-0029701,Ryan Tannehill,QB,12,173.24,65.86,0.9359602968750003,8.948333333333334,24.0,25.0,30.0,27.5,25.0,0.3456614557291666,90,26
2022,00-0031376,Jerick McKinnon,RB,17,168.3,69.5,0.9350097421875004,5.811764705882354,35.0,36.0,41.0,38.5,36.0,0.3844523538602941,91,25
2022,00-0035250,Devin Singletary,RB,16,158.9,65.65,0.9297570312500003,5.828125,34.875,35.875,40.875,38.375,35.875,0.38457798974609375,92,26
2022,00-0036040,Juwan Johnson,TE,16,155.8,68.14999999999999,0.9276484999999997,5.478125,25.6875,26.6875,31.6875,29.1875,26.6875,0.3904442158203125,93,16
2022,00-0030564,DeAndre Hopkins,WR,9,119.7,66.8,0.9200032968750002,5.877777777777778,48.333333333333336,49.333333333333336,54.333333333333336,51.833333333333336,49.333333333333336,0.40577253645833333,94,26
2022,00-0034364,Jordan Akins,TE,15,135.0,55.199999999999996,0.9199206875000001,5.320000000000001,25.6,26.6,31.6,29.1,26.6,0.39241935624999996,95,17
2022,00-0035685,David Montgomery,RB,16,160.70000000000002,66.45,0.9137761718750002,5.890625,35.0,36.0,41.0,38.5,36.0,0.38406872021484373,96,27
2022,00-0038102,Kenny Pickett,QB,13,167.86,64.28999999999999,0.9009892343750001,7.966923076923077,24.0,25.0,30.0,27.5,25.0,0.34306933894230773,97,27
2022,00-0030578,Cordarrelle Patterson,RB,13,138.2,61.55,0.8997693203125001,5.8961538461538465,35.38461538461539,36.38461538461539,41.38461538461539,38.88461538461539,36.38461538461539,0.38807248016826923,98,28
2022,00-0038124,Christian Watson,WR,14,143.60000000000002,56.400000000000006,0.8933913359375002,6.228571428571429,46.714285714285715,47.714285714285715,52.714285714285715,50.214285714285715,47.714285714285715,0.40026981026785713,99,27
2022,00-0033119,Jacoby Brissett,QB,14,180.62,62.95,0.8818510078125004,8.405,24.0,25.0,30.0,27.5,25.0,0.3403211428571429,100,28
2022,00-0033357,Taysom Hill,TE,16,150.3,64.25,0.869694125,5.378125000000001,25.6875,26.6875,31.6875,29.1875,26.6875,0.39185524658203125,101,18
2022,00-0038120,Breece Hall,RB,7,105.60000000000001,62.0,0.8601622890625003,6.228571428571429,34.714285714285715,35.714285714285715,40.714285714285715,38.214285714285715,35.714285714285715,0.3833989966517857,102,29
2022,00-0033891,Zay Jones,WR,16,157.1,57.74999999999999,0.8538419062500001,6.2093750000000005,47.75,48.75,53.75,51.25,48.75,0.39888127587890626,103,28
2022,00-0034960,Jakobi Meyers,WR,14,148.8,62.699999999999996,0.8388635468750002,6.15,47.0,48.0,53.0,50.5,48.0,0.39921789732142854,104,29
2022,00-0034827,DJ Moore,WR,17,167.60000000000002,62.150000000000006,0.8331634531249998,6.202941176470588,47.411764705882355,48.411764705882355,53.411764705882355,50.911764705882355,48.411764705882355,0.40206147380514706,105,30
2022,00-0034830,Hayden Hurst,TE,13,131.4,60.25,0.824340828125,5.473076923076923,25.23076923076923,26.23076923076923,31.23076923076923,28.73076923076923,26.23076923076923,0.3928940060096154,106,19
2022,00-0033536,Mike Williams,WR,13,145.0,62.449999999999996,0.8180128671874998,6.3500000000000005,47.30769230769231,48.30769230769231,53.30769230769231,50.80769230769231,48.30769230769231,0.40211332872596156,107,31
2022,00-0037263,Tyler Allgeier,RB,16,151.4,58.24999999999999,0.8075995703125002,5.821875,35.25,36.25,41.25,38.75,36.25,0.38354649169921873,108,30
2022,00-0031800,Taylor Heinicke,QB,9,127.96000000000001,60.63,0.8060065468750002,7.481111111111111,24.0,25.0,29.88888888888889,27.444444444444443,25.0,0.3358059592013889,109,29
2022,00-0031687,Raheem Mostert,RB,16,152.8,59.55,0.805272953125,5.828125,35.0,36.0,41.0,38.5,36.0,0.3836460083007812,110,31
2022,00-0036265,AJ Dillon,RB,17,153.60000000000002,53.300000000000004,0.7921257500000004,5.9,35.23529411764706,36.23529411764706,41.23529411764706,38.73529411764706,36.23529411764706,0.3838529489889706,111,32
2022,00-0035644,Noah Fant,TE,17,147.6,55.39999999999999,0.7909082734375001,5.423529411764706,25.58823529411765,26.58823529411765,31.58823529411765,29.08823529411765,26.58823529411765,0.39129757077205884,112,20
2022,00-0036328,Antonio Gibson,RB,15,142.9,54.800000000000004,0.7795407968750003,5.873333333333334,35.2,36.2,41.2,38.7,36.2,0.3834219161458333,113,33
2022,00-0032950,Carson Wentz,QB,8,130.8,57.49999999999999,0.777064515625,9.162500000000001,24.0,25.0,30.0,27.5,25.0,0.3522445908203125,114,30
2022,00-0035719,Deebo Samuel Sr.,WR,13,140.4,57.04999999999999,0.7679899296874999,6.411538461538462,48.84615384615385,49.84615384615385,54.84615384615385,52.34615384615385,49.84615384615385,0.40028216947115386,115,32
2022,00-0036196,Gabe Davis,WR,15,147.6,55.35,0.7581476484375,6.15,47.86666666666667,48.86666666666667,53.86666666666667,51.36666666666667,48.86666666666667,0.4009255760416667,116,33
2022,00-0034521,Allen Lazard,WR,15,144.8,51.300000000000004,0.7201719531250002,6.233333333333333,46.93333333333333,47.93333333333333,52.93333333333333,50.43333333333333,47.93333333333333,0.4010444671875,117,34
2022,00-0034115,Jeff Wilson,RB,16,147.5,52.9,0.7145811093750005,5.9125000000000005,34.75,35.75,40.75,38.25,35.75,0.38397451904296875,118,34
2022,00-0037252,Greg Dulcich,TE,10,102.6,50.099999999999994,0.7101737265624999,5.25,24.5,25.5,30.5,28.0,25.5,0.39309649140624997,119,21
2022,00-0031610,Darren Waller,TE,8,98.8,51.25,0.6925114843750001,5.9437500000000005,26.375,27.375,32.375,29.875,27.375,0.388318419921875,120,22
2022,00-0036414,Cam Akers,RB,15,134.8,46.8,0.6765253671875003,5.866666666666666,35.2,36.2,41.2,38.7,36.2,0.38666168802083334,121,35
2022,00-0026498,Matthew Stafford,QB,9,124.38000000000001,52.620000000000005,0.6716749453124998,7.973333333333334,24.0,25.0,29.88888888888889,27.444444444444443,25.0,0.34176085069444445,122,31
2022,00-0037834,Brock Purdy,QB,9,114.26,43.23,0.6714747812500003,7.892222222222222,24.0,25.0,30.0,27.5,25.0,0.34634115277777777,123,32
2022,00-0033757,Robert Tonyan,TE,17,138.5,45.54999999999999,0.6540788359375,5.4676470588235295,25.58823529411765,26.58823529411765,31.58823529411765,29.08823529411765,26.58823529411765,0.3916540735294118,124,23
2022,00-0037013,Zach Wilson,QB,9,112.42,50.16,0.6531815078125001,6.917777777777778,24.0,25.0,29.88888888888889,27.444444444444443,25.0,0.33610943489583334,125,33
2022,00-0033537,Deshaun Watson,QB,6,95.58,44.69,0.652312921875,8.481666666666667,24.0,25.0,30.0,27.5,25.0,0.3502611666666666,126,34
2022,00-0033857,JuJu Smith-Schuster,WR,16,146.3,45.39999999999999,0.645329796875,6.30625,47.3125,48.3125,53.3125,50.8125,48.3125,0.4005528989257812,127,35
2022,00-0037746,Brian Robinson,RB,12,108.2,40.4,0.6270528125000006,5.6499999999999995,35.583333333333336,36.583333333333336,41.583333333333336,39.083333333333336,36.583333333333336,0.3812830110677083,128,36
2022,00-0035662,Marquise Brown,WR,12,122.5,44.15,0.6100050703125,6.529166666666668,47.166666666666664,48.166666666666664,53.166666666666664,50.666666666666664,48.166666666666664,0.4010177662760417,129,36
2022,00-0030035,Adam Thielen,WR,17,145.0,40.09999999999999,0.598313203125,6.170588235294118,47.411764705882355,48.411764705882355,53.411764705882355,50.911764705882355,48.411764705882355,0.3997785096507353,130,37
2022,00-0033009,Tyler Boyd,WR,16,138.12,38.56999999999999,0.5902372500000002,6.221875000000001,48.0,49.0,54.0,51.5,49.0,0.40100603564453124,131,38
2022,00-0036906,Khalil Herbert,RB,13,113.30000000000001,36.9,0.5796147656250001,5.876923076923077,35.0,36.0,41.0,38.5,36.0,0.38453725540865386,132,37
2022,00-0033090,Hunter Henry,TE,16,124.4,38.199999999999996,0.5789097812500001,5.3875,25.625,26.625,31.625,29.125,26.625,0.3921973818359375,133,24
2022,00-0037238,Drake London,WR,17,142.6,36.4,0.5612969609375001,6.247058823529412,47.1764705882353,48.1764705882353,53.1764705882353,50.6764705882353,48.1764705882353,0.39997969852941173,134,39
2022,00-0033925,D'Onta Foreman,RB,16,128.5,35.9,0.5161496796875006,5.7875000000000005,35.125,36.125,41.125,38.625,36.125,0.3835078178710937,135,38
2022,00-0034869,Sam Darnold,QB,6,92.32,39.23,0.5138580703125002,8.848333333333334,24.0,25.0,30.0,27.5,25.0,0.35092629296875,136,35
2022,00-0037838,Isaiah Likely,TE,14,109.3,34.3,0.5100238828125001,5.357142857142857,25.714285714285715,26.714285714285715,31.714285714285715,29.214285714285715,26.714285714285715,0.38975805636160715,137,25
2022,00-0031236,Brandin Cooks,WR,13,117.10000000000001,33.2,0.5074141640625,6.453846153846154,47.53846153846154,48.53846153846154,53.53846153846154,51.03846153846154,48.53846153846154,0.4017633197115385,138,40
2022,00-0036970,Kyle Pitts,TE,10,89.60000000000001,35.00000000000001,0.49497006249999986,5.46,25.1,26.1,31.1,28.6,26.1,0.3950251265625,139,26
2022,00-0037741,Jahan Dotson,WR,12,113.1,34.849999999999994,0.49484677343750005,6.520833333333333,47.25,48.25,53.25,50.75,48.25,0.39857540169270833,140,41
2022,00-0037197,Isiah Pacheco,RB,17,128.5,29.7,0.4894094062500003,5.811764705882354,35.0,36.0,41.0,38.5,36.0,0.3844523538602941,141,39
2022,00-0037247,George Pickens,WR,17,140.5,32.9,0.4871487265625003,6.329411764705883,47.8235294117647,48.8235294117647,53.8235294117647,51.3235294117647,48.8235294117647,0.3997153138786765,142,42
2022,00-0033282,Curtis Samuel,WR,17,144.3,38.099999999999994,0.48356472656250005,6.247058823529412,47.1764705882353,48.1764705882353,53.1764705882353,50.6764705882353,48.1764705882353,0.39997969852941173,143,43
2022,00-0036360,Clyde Edwards-Helaire,RB,10,89.8,32.74999999999999,0.48215111718750003,5.705,34.9,35.9,40.9,38.4,35.9,0.3842041046875,144,40
2022,00-0034855,Baker Mayfield,QB,12,137.42000000000002,37.62,0.4815373906250003,8.316666666666668,24.0,25.0,29.916666666666668,27.458333333333332,25.0,0.3480844322916667,145,36
2022,00-0036988,Josh Palmer,WR,16,133.3,33.8,0.4674829609375,6.21875,47.3125,48.3125,53.3125,50.8125,48.3125,0.40058401513671876,146,44
2022,00-0037809,Chig Okonkwo,TE,16,113.2,28.45,0.46452906250000003,5.296875,25.5,26.5,31.5,29.0,26.5,0.39328944091796875,147,27
2022,00-0034348,Courtland Sutton,WR,15,127.4,32.2,0.463361703125,6.346666666666667,47.666666666666664,48.666666666666664,53.666666666666664,51.166666666666664,48.666666666666664,0.39885354791666666,148,45
2022,00-0033526,Samaje Perine,RB,16,123.1,29.349999999999994,0.45941925781250015,5.859375,34.9375,35.9375,40.9375,38.4375,35.9375,0.383117087890625,149,41
2022,00-0034401,Mike White,QB,4,64.58,28.020000000000003,0.4356110156250002,9.14,24.0,25.0,30.0,27.5,25.0,0.3560045234375,150,37
2022,00-0035216,Diontae Johnson,WR,17,137.70000000000002,30.099999999999994,0.43246270312500007,6.329411764705883,47.8235294117647,48.8235294117647,53.8235294117647,51.3235294117647,48.8235294117647,0.3997153138786765,151,46
2022,00-0038115,Daniel Bellinger,TE,11,90.0,30.049999999999997,0.42883585156250004,5.45,25.636363636363637,26.636363636363637,31.636363636363637,29.136363636363637,26.636363636363637,0.38794502769886363,152,28
2022,00-0034981,Foster Moreau,TE,14,103.7,30.8,0.42624979687499986,5.207142857142857,25.5,26.5,31.5,29.0,26.5,0.3927698409598214,153,29
2022,00-0035140,Mecole Hardman,WR,8,81.3,30.64999999999999,0.42004478906250015,6.331250000000001,47.5,48.5,53.5,51.0,48.5,0.4035306064453125,154,47
2022,00-0036158,J.K. Dobbins,RB,8,77.7,31.25,0.4136673125000003,5.80625,35.625,36.625,41.625,39.125,36.625,0.38360584667968745,155,42
2022,00-0032392,Austin Hooper,TE,17,117.9,26.250000000000004,0.39135125,5.391176470588236,25.41176470588235,26.41176470588235,31.41176470588235,28.91176470588235,26.41176470588235,0.3930039034926471,156,30
2022,00-0033118,Kenyan Drake,RB,12,95.60000000000001,25.899999999999995,0.38362746875,5.808333333333334,34.416666666666664,35.416666666666664,40.416666666666664,37.916666666666664,35.416666666666664,0.38267369140625,157,43
2022,00-0038129,Cade Otton,TE,16,114.10000000000001,28.799999999999997,0.37559338281250015,5.331250000000001,25.6875,26.6875,31.6875,29.1875,26.6875,0.39147646240234374,158,31
2022,00-0035535,Darius Slayton,WR,13,105.4,25.4,0.3731953515625004,6.153846153846154,47.30769230769231,48.30769230769231,53.30769230769231,50.80769230769231,48.30769230769231,0.40179366045673076,159,48
2022,00-0035264,Jarrett Stidham,QB,3,48.64,24.509999999999998,0.37128407031249994,8.043333333333333,24.0,25.0,30.0,27.5,25.0,0.3421145598958333,160,38
2022,00-0037755,Jelani Woods,TE,12,86.7,20.949999999999996,0.35366105468750014,5.479166666666667,26.25,27.25,32.25,29.75,27.25,0.3886892890625,161,32
2022,00-0036165,Isaiah Hodgins,WR,9,81.7,25.899999999999995,0.35031414843750003,6.2,47.44444444444444,48.44444444444444,53.44444444444444,50.94444444444444,48.44444444444444,0.4026778133680555,162,49
2022,00-0036345,K.J. Osborn,WR,17,125.60000000000001,20.699999999999996,0.34316340625000025,6.170588235294118,47.411764705882355,48.411764705882355,53.411764705882355,50.911764705882355,48.411764705882355,0.3997785096507353,163,50
2022,00-0034159,Will Dissly,TE,15,103.9,21.95,0.33601050781249986,5.463333333333334,24.8,25.8,30.8,28.3,25.8,0.3926963364583333,164,33
2022,00-0031503,Jameis Winston,QB,3,53.919999999999995,21.349999999999994,0.3239558984375,10.85666666666667,24.0,25.0,30.0,27.5,25.0,0.3516198671875,165,39
2022,00-0033555,Mack Hollins,WR,17,125.66000000000001,19.409999999999997,0.31888264843750025,6.250000000000001,47.470588235294116,48.470588235294116,53.470588235294116,50.970588235294116,48.470588235294116,0.40121194990808823,166,51
2022,00-0032765,Michael Thomas,WR,3,43.1,21.95,0.31760310937499997,7.050000000000001,50.666666666666664,51.666666666666664,56.666666666666664,54.166666666666664,51.666666666666664,0.3949162760416667,167,52
2022,00-0036233,Donovan Peoples-Jones,WR,17,130.6,23.0,0.3087245859375001,6.329411764705883,47.8235294117647,48.8235294117647,53.8235294117647,51.3235294117647,48.8235294117647,0.3997153138786765,168,53
2022,00-0031260,Logan Thomas,TE,13,96.8,24.749999999999996,0.3068790390624999,5.542307692307693,25.76923076923077,26.76923076923077,31.76923076923077,29.26923076923077,26.76923076923077,0.39423623858173074,169,34
2022,00-0034829,Mike Gesicki,TE,17,114.2,22.0,0.30611125781250026,5.423529411764706,25.58823529411765,26.58823529411765,31.58823529411765,29.08823529411765,26.58823529411765,0.39129757077205884,170,35
2022,00-0033869,Mitchell Trubisky,QB,7,83.88,21.099999999999994,0.30331980468749997,8.968571428571428,24.0,25.0,30.0,27.5,25.0,0.3414163995535714,171,40
2022,00-0035831,James Robinson,RB,11,83.10000000000001,18.9,0.30099982812500026,5.836363636363637,35.09090909090909,36.09090909090909,41.09090909090909,38.59090909090909,36.09090909090909,0.3833515610795455,172,44
2022,00-0036936,Rondale Moore,WR,8,67.4,21.3,0.2827072343750001,5.7625,47.125,48.125,53.125,50.625,48.125,0.4052743271484375,173,54
2022,00-0031547,DeVante Parker,WR,12,87.4,11.45,0.28209093750000014,6.329166666666667,48.833333333333336,49.833333333333336,54.833333333333336,52.333333333333336,49.833333333333336,0.3976843665364583,174,55
2022,00-0034970,Irv Smith,TE,8,67.7,20.9,0.26618452343750004,5.8500000000000005,25.375,26.375,31.375,28.875,26.375,0.387390623046875,175,36
2022,00-0036879,Sam Ehlinger,QB,4,41.620000000000005,16.53,0.2584037265625001,6.2725,24.0,25.0,29.75,27.375,25.0,0.33221133203125,176,41
2022,00-0038108,Bailey Zappe,QB,4,45.14,16.57,0.24388132031250004,7.1425,24.0,25.0,30.0,27.5,25.0,0.33464953515625,177,42
2022,00-0034411,Russell Gage,WR,13,98.10000000000001,14.699999999999994,0.23808543749999977,6.415384615384616,47.30769230769231,48.30769230769231,53.30769230769231,50.80769230769231,48.30769230769231,0.39908961718749997,178,56
2022,00-0037545,Rashid Shaheed,WR,12,86.5,15.199999999999998,0.23735475000000011,5.941666666666667,46.75,47.75,52.75,50.25,47.75,0.398558689453125,179,57
2022,00-0034750,Rashaad Penny,RB,5,50.2,17.400000000000002,0.23581458593750004,6.5600000000000005,35.2,36.2,41.2,38.7,36.2,0.38960565625,180,45
2022,00-0033550,Davis Webb,QB,1,20.82,12.58,0.2316273281250001,8.24,24.0,25.0,30.0,27.5,25.0,0.3403377578125,181,43
2022,00-0037256,Rachaad White,RB,17,116.10000000000001,15.700000000000001,0.2241451875000003,5.905882352941177,35.0,36.0,41.0,38.5,36.0,0.3834949397977941,182,46
2022,00-0037077,Sam Howell,QB,1,20.259999999999998,12.019999999999998,0.22120368749999997,8.24,24.0,25.0,30.0,27.5,25.0,0.3403377578125,183,44
2022,00-0031585,MyCole Pruitt,TE,10,63.0,11.299999999999997,0.2204523359374999,5.17,26.3,27.3,32.3,29.8,27.3,0.39142258046875,184,37
2022,00-0032144,Melvin Gordon,RB,10,74.60000000000001,14.2,0.21173110937500017,6.040000000000001,34.6,35.6,40.6,38.1,35.6,0.38148773828125,185,47
2022,00-0035639,Parris Campbell,WR,17,117.6,11.399999999999991,0.20636586718750016,6.247058823529412,47.1764705882353,48.1764705882353,53.1764705882353,50.6764705882353,48.1764705882353,0.39997969852941173,186,58
2022,00-0036567,Elijah Mitchell,RB,5,42.1,11.45,0.20605688281250012,6.130000000000001,34.2,35.2,40.2,37.7,35.2,0.3822986390625,187,48
2022,00-0035993,Tyler Huntley,QB,5,56.02,13.370000000000003,0.19075314843750008,8.53,24.0,25.0,30.0,27.5,25.0,0.3522458484375,188,45
2022,00-0034777,DJ Chark,WR,11,83.2,12.599999999999994,0.18953378906250018,6.418181818181819,47.90909090909091,48.90909090909091,53.90909090909091,51.40909090909091,48.90909090909091,0.3979633494318182,189,59
2022,00-0036309,Darnell Mooney,WR,11,81.5,14.249999999999998,0.17444404687499993,6.113636363636363,48.09090909090909,49.09090909090909,54.09090909090909,51.59090909090909,49.09090909090909,0.40244940411931823,190,60
2022,00-0035657,Damien Harris,RB,11,82.4,12.950000000000003,0.17097761718750026,6.3136363636363635,35.09090909090909,36.09090909090909,41.09090909090909,38.59090909090909,36.09090909090909,0.38281704474431816,191,49
2022,00-0036554,Nico Collins,WR,10,78.60000000000001,12.25,0.16770528125000006,6.635000000000001,48.8,49.8,54.8,52.3,49.8,0.40213040390625,192,61
2022,00-0037157,Bam Knight,RB,7,52.5,10.750000000000002,0.1664616093750001,5.964285714285714,35.142857142857146,36.142857142857146,41.142857142857146,38.642857142857146,36.142857142857146,0.38480699553571424,193,50
2022,00-0037744,Trey McBride,TE,12,76.0,11.75,0.15974404687499993,5.354166666666667,25.916666666666668,26.916666666666668,31.916666666666668,29.416666666666668,26.916666666666668,0.39015743359375005,194,38
2022,00-0033275,PJ Walker,QB,6,45.14,10.759999999999998,0.15917953124999995,5.73,24.0,25.0,29.833333333333332,27.416666666666668,25.0,0.31984683072916664,195,46
2022,00-0033466,Isaiah McKenzie,WR,15,98.80000000000001,6.649999999999999,0.14975803906250013,6.1433333333333335,48.2,49.2,54.2,51.7,49.2,0.39905217083333333,196,62
2022,00-0027688,Colt McCoy,QB,4,38.8,10.440000000000001,0.137269359375,7.09,24.0,25.0,30.0,27.5,25.0,0.328962703125,197,47
2022,00-0033949,Joshua Dobbs,QB,2,24.84,9.0,0.13623025781249992,7.92,24.0,25.0,30.0,27.5,25.0,0.34343817578125,198,48
2022,00-0036924,Michael Carter,RB,16,105.5,11.649999999999999,0.13273567187500035,5.8656250000000005,35.125,36.125,41.125,38.625,36.125,0.38375811621093747,199,51
2022,00-0036415,Van Jefferson,WR,10,66.9,7.549999999999997,0.12194205468750025,5.9350000000000005,46.8,47.8,52.8,50.3,47.8,0.40052326562499996,200,63
2022,00-0036145,Lawrence Cager,TE,6,37.3,3.799999999999997,0.11979923437499995,5.583333333333333,24.833333333333332,25.833333333333332,30.833333333333332,28.333333333333332,25.833333333333332,0.3969546171875,201,39
2022,00-0036997,Javonte Williams,RB,4,34.0,7.55,0.11775403125,6.612500000000001,34.75,35.75,40.75,38.25,35.75,0.39284555078125,202,52
2022,00-0033923,Kareem Hunt,RB,17,109.3,7.149999999999997,0.11460056250000039,6.008823529411765,34.8235294117647,35.8235294117647,40.8235294117647,38.3235294117647,35.8235294117647,0.38285449126838234,203,53
2022,00-0032058,Tevin Coleman,RB,2,20.500000000000004,9.250000000000004,0.11383842968750019,5.625,35.0,36.0,41.0,38.5,36.0,0.3786355351562499,204,54
2022,00-0035664,Darrell Henderson,RB,10,65.0,7.349999999999999,0.10912235156250011,5.765000000000001,35.0,36.0,41.0,38.5,36.0,0.38550484609374996,205,55
2022,00-0032385,Sterling Shepard,WR,3,27.900000000000002,6.750000000000001,0.10649750781249995,7.050000000000001,50.666666666666664,51.666666666666664,56.666666666666664,54.166666666666664,51.666666666666664,0.3949162760416667,206,64
2022,00-0031428,Allen Robinson,WR,10,68.4,7.749999999999999,0.10428670312499994,6.065,48.0,49.0,54.0,51.5,49.0,0.40154139765624997,207,65
2022,00-0036493,Deon Jackson,RB,12,69.5,1.6000000000000005,0.10352867187500003,5.658333333333334,35.333333333333336,36.333333333333336,41.333333333333336,38.833333333333336,36.333333333333336,0.3845193645833333,208,56
2022,00-0038046,Charlie Kolar,TE,1,10.9,5.45,0.10085728906249997,5.45,29.0,30.0,35.0,32.5,30.0,0.372868578125,209,40
2022,00-0038122,Desmond Ridder,QB,4,38.72,4.51,0.09916114062499998,8.5525,24.0,25.0,30.0,27.5,25.0,0.348317255859375,210,49
2022,00-0034286,Richie James,WR,16,110.0,8.399999999999999,0.09816939062500013,6.3500000000000005,47.625,48.625,53.625,51.125,48.625,0.39971121826171874,211,66
2022,00-0026158,Joe Flacco,QB,5,54.34,6.93,0.09248986718750007,9.482000000000001,24.0,25.0,30.0,27.5,25.0,0.3476609140625,212,50
2022,00-0036244,Colby Parkinson,TE,14,81.7,5.6,0.09079092968750002,5.435714285714286,25.928571428571427,26.928571428571427,31.928571428571427,29.428571428571427,26.928571428571427,0.3923139698660714,213,41
2022,00-0033943,Josh Reynolds,WR,12,84.9,8.45,0.09075443749999973,6.370833333333334,47.583333333333336,48.583333333333336,53.583333333333336,51.083333333333336,48.583333333333336,0.398637216796875,214,67
2022,00-0035040,David Blough,QB,2,22.58,6.74,0.090359296875,7.92,24.0,25.0,30.0,27.5,25.0,0.34343817578125,215,51
2022,00-0031237,Teddy Bridgewater,QB,5,46.02,4.2499999999999964,0.09014017187499984,8.354000000000001,24.0,25.0,30.0,27.5,25.0,0.347330984375,216,52
2022,00-0036876,Kylen Granson,TE,13,76.7,5.299999999999995,0.0893591718750002,5.492307692307692,24.846153846153847,25.846153846153847,30.846153846153847,28.346153846153847,25.846153846153847,0.3936483954326923,217,42
2022,00-0036331,Devin Duvernay,WR,14,91.60000000000001,4.299999999999997,0.08883521093750008,6.235714285714287,48.142857142857146,49.142857142857146,54.142857142857146,51.642857142857146,49.142857142857146,0.40146682254464283,218,68
2022,00-0036550,Rashod Bateman,WR,6,46.0,5.8999999999999995,0.08865218749999987,6.683333333333334,48.666666666666664,49.666666666666664,54.666666666666664,52.166666666666664,49.666666666666664,0.39946751822916665,219,69
2022,00-0034184,Gus Edwards,RB,9,59.300000000000004,5.15,0.06988614062500004,6.0166666666666675,35.0,36.0,41.0,38.5,36.0,0.37965953211805553,220,57
2022,00-0038117,Wan'Dale Robinson,WR,6,40.1,4.349999999999997,0.06026828125000033,5.958333333333333,49.166666666666664,50.166666666666664,55.166666666666664,52.666666666666664,50.166666666666664,0.39908108203125,221,70
2022,00-0034899,John Wolford,QB,2,20.8,4.140000000000001,0.05490187499999999,8.33,24.0,25.0,30.0,27.5,25.0,0.33454057421875,222,53
2022,00-0037085,Tyler Badie,RB,1,8.9,2.8500000000000005,0.05185382031250002,6.05,33.0,34.0,39.0,36.5,34.0,0.378721796875,223,58
2022,00-0036059,Tyler Mabry,TE,1,8.2,3.3999999999999986,0.04373796874999997,4.800000000000001,34.0,35.0,40.0,37.5,35.0,0.38874507812500003,224,43
2022,00-0036534,Shane Zylstra,TE,8,46.5,6.649999999999999,0.042471664062500025,4.98125,26.5,27.5,32.5,30.0,27.5,0.3918306142578125,225,44
2022,00-0035329,Donald Parham,TE,6,34.0,1.6499999999999977,0.041381234375000076,5.391666666666667,27.166666666666668,28.166666666666668,33.166666666666664,30.666666666666668,28.166666666666668,0.3781187916666667,226,45
2022,00-0033858,Jonnu Smith,TE,12,65.5,1.9999999999999982,0.036365937500000056,5.291666666666667,24.75,25.75,30.75,28.25,25.75,0.393135333984375,227,46
2022,00-0034983,Hunter Renfrow,WR,10,61.0,-1.0000000000000036,0.03404065625000008,6.200000000000001,46.3,47.3,52.3,49.8,47.3,0.4008846453125,228,71
2022,00-0037248,James Cook,RB,16,95.2,1.9499999999999984,0.02878860156250035,5.828125,34.875,35.875,40.875,38.375,35.875,0.38457798974609375,229,59
2022,00-0034577,Kyle Allen,QB,2,23.94,1.58,0.024847664062499997,11.18,24.0,25.0,30.0,27.5,25.0,0.36718614453125,230,54
2022,00-0032200,Ty Montgomery,WR,1,8.8,1.5,0.023077921875000018,7.300000000000001,49.0,50.0,55.0,52.5,50.0,0.39709744531249996,231,72
2022,00-0036383,Eno Benjamin,RB,13,77.10000000000001,1.2499999999999982,0.0230624765625006,5.834615384615385,34.69230769230769,35.69230769230769,40.69230769230769,38.19230769230769,35.69230769230769,0.38294410757211533,232,60
2022,00-0035289,Gardner Minshew,QB,5,42.82000000000001,0.9900000000000038,0.022926546874999926,8.366,24.0,25.0,30.0,27.5,25.0,0.3539736953125,233,55
2022,00-0036232,Harrison Bryant,TE,14,77.2,1.4999999999999964,0.015101695312500107,5.4071428571428575,25.571428571428573,26.571428571428573,31.571428571428573,29.071428571428573,26.571428571428573,0.3918156875,234,47
2022,00-0031051,John Brown,WR,2,10.7,-1.0500000000000016,0.012089078124999986,5.875,49.5,50.5,55.5,53.0,50.5,0.39760158984375,235,73
2022,00-0036754,Brock Wright,TE,14,72.6,-0.20000000000000373,0.00868628125000015,5.200000000000001,25.714285714285715,26.714285714285715,31.714285714285715,29.214285714285715,26.714285714285715,0.39361892131696424,236,48
2022,00-0036913,Kadarius Toney,WR,9,51.300000000000004,-3.1000000000000005,0.0019411250000003766,6.044444444444445,46.44444444444444,47.44444444444444,52.44444444444444,49.94444444444444,47.44444444444444,0.4004077057291667,237,74
2022,00-0037742,Treylon Burks,WR,11,71.60000000000001,0.4500000000000002,8.716406250020015e-05,6.468181818181819,47.45454545454545,48.45454545454545,53.45454545454545,50.95454545454545,48.45454545454545,0.3980597237215909,238,75
2022,00-0032434,Brandon Allen,QB,1,0.78,-0.18000000000000005,-0.0019442499999999807,0.9600000000000001,24.0,25.0,29.0,27.0,25.0,0.3025016484375,239,56
2022,00-0036555,Chuba Hubbard,RB,14,82.7,-0.550000000000006,-0.0019737656249997904,5.946428571428571,34.642857142857146,35.642857142857146,40.642857142857146,38.142857142857146,35.642857142857146,0.3841814296875,240,61
2022,00-0035752,Chris Streveler,QB,1,9.0,-0.26000000000000156,-0.0030773437500000167,9.260000000000002,24.0,25.0,30.0,27.5,25.0,0.375564578125,241,57
2022,00-0037277,Teagan Quitoriano,TE,7,33.8,-2.6500000000000012,-0.0036640312500000327,5.207142857142857,25.428571428571427,26.428571428571427,31.428571428571427,28.928571428571427,26.428571428571427,0.3932057332589286,242,49
2022,00-0035341,Trenton Irwin,WR,9,55.7,2.899999999999997,-0.0052680859374998334,5.866666666666667,47.77777777777778,48.77777777777778,53.77777777777778,51.27777777777778,48.77777777777778,0.4000506128472222,243,76
2022,00-0032062,Blake Bell,TE,2,11.0,0.7499999999999982,-0.0064854609375000205,5.125,31.5,32.5,37.5,35.0,32.5,0.380806828125,244,50
2022,00-0034764,Michael Gallup,WR,14,85.9,-0.5500000000000034,-0.008224593749999731,6.175,47.214285714285715,48.214285714285715,53.214285714285715,50.714285714285715,48.214285714285715,0.40074367912946424,245,77
2022,00-0037816,Romeo Doubs,WR,13,80.6,-0.7500000000000071,-0.008531124999999917,6.2576923076923086,46.46153846153846,47.46153846153846,52.46153846153846,49.96153846153846,47.46153846153846,0.40052545432692305,246,78
2022,00-0027944,Julio Jones,WR,10,58.400000000000006,-1.8500000000000023,-0.008833710937500017,6.025,46.8,47.8,52.8,50.3,47.8,0.39994878046875,247,79
2022,00-0036096,J.J. Taylor,RB,1,2.2,-0.9500000000000002,-0.011262843749999973,3.1500000000000004,38.0,39.0,44.0,41.5,39.0,0.39531078124999997,248,62
2022,00-0036226,Jacob Eason,QB,1,2.36,-2.1200000000000006,-0.027364718750000017,4.48,24.0,25.0,30.0,27.5,25.0,0.29574337500000003,249,58
2022,00-0036669,Kylin Hill,RB,1,0.7000000000000001,-2.45,-0.02881570312499998,3.1500000000000004,38.0,39.0,44.0,41.5,39.0,0.39531078124999997,250,63
2022,00-0034955,Brett Rypien,QB,4,26.02,-3.650000000000002,-0.029626992187499923,7.4175,24.0,25.0,30.0,27.5,25.0,0.336776017578125,251,59
2022,00-0034109,Phillip Lindsay,RB,3,11.8,-2.5999999999999996,-0.0307131015624999,4.8,36.0,37.0,42.0,39.5,37.0,0.3841939505208333,252,64
2022,00-0024243,Marcedes Lewis,TE,6,29.6,-1.2500000000000018,-0.031234492187499963,5.141666666666667,24.833333333333332,25.833333333333332,30.833333333333332,28.333333333333332,25.833333333333332,0.39173439713541663,253,51
2022,00-0036858,Jalen Camp,WR,1,1.2000000000000002,-2.7,-0.03148571874999995,3.9000000000000004,42.0,43.0,48.0,45.5,43.0,0.412603796875,254,80
2022,00-0036336,Anthony McFarland,RB,1,5.1,-2.0500000000000007,-0.031920453125000026,7.15,35.0,36.0,41.0,38.5,36.0,0.38107784375,255,65
2022,00-0035624,N'Keal Harry,TE,6,28.1,-1.4000000000000004,-0.03215723437500012,4.916666666666667,27.333333333333332,28.333333333333332,33.333333333333336,30.833333333333332,28.333333333333332,0.3941010442708333,256,52
2022,00-0034253,Dontrell Hilliard,RB,12,66.7,-3.550000000000004,-0.03466701562499963,5.854166666666667,35.0,36.0,41.0,38.5,36.0,0.37953872786458326,257,66
2022,00-0038041,Jake Ferguson,TE,11,57.9,-3.0500000000000034,-0.03555523437499991,5.540909090909091,26.09090909090909,27.09090909090909,32.09090909090909,29.59090909090909,27.09090909090909,0.3911084737215909,258,53
2022,00-0028118,Tyrod Taylor,QB,2,13.319999999999999,-3.3000000000000007,-0.036662070312499906,8.309999999999999,24.0,25.0,30.0,27.5,25.0,0.35424186328124996,259,60
2022,00-0034272,Marquez Valdes-Scantling,WR,17,101.4,-4.700000000000003,-0.039087351562500094,6.241176470588236,47.411764705882355,48.411764705882355,53.411764705882355,50.911764705882355,48.411764705882355,0.4012278653492647,260,81
2022,00-0036228,Dezmon Patmon,WR,1,3.4000000000000004,-3.3,-0.040257148437499946,6.7,52.0,53.0,58.0,55.5,53.0,0.3904643046875,261,82
2022,00-0036543,Spencer Brown,RB,2,6.300000000000001,-3.35,-0.041672296875000014,4.825,36.5,37.5,42.5,40.0,37.5,0.38172894921875,262,67
2022,00-0036755,Jaret Patterson,RB,2,7.800000000000001,-4.3999999999999995,-0.044879914062499915,6.1,35.5,36.5,41.5,39.0,36.5,0.3870856953125,263,68
2022,00-0034052,Brandon Zylstra,WR,1,0.0,-3.9000000000000004,-0.045171976562499994,3.9000000000000004,42.0,43.0,48.0,45.5,43.0,0.412603796875,264,83
2022,00-0035819,Ben Victor,WR,1,0.0,-3.9000000000000004,-0.045171976562499994,3.9000000000000004,42.0,43.0,48.0,45.5,43.0,0.412603796875,265,84
2022,00-0038147,Daylen Baldwin,WR,1,3.5,-3.6000000000000005,-0.04911309374999995,7.1000000000000005,45.0,46.0,51.0,48.5,46.0,0.40424785937499996,266,85
2022,00-0029608,T.Y. Hilton,WR,3,15.600000000000001,-2.6000000000000005,-0.05004515624999989,6.066666666666667,43.333333333333336,44.333333333333336,49.333333333333336,46.833333333333336,44.333333333333336,0.39581592447916664,267,86
2022,00-0033871,Corey Davis,WR,13,81.60000000000001,-2.3000000000000034,-0.05099154687499963,6.453846153846154,47.61538461538461,48.61538461538461,53.61538461538461,51.11538461538461,48.61538461538461,0.3994010679086539,268,87
2022,00-0027948,Blaine Gabbert,QB,1,5.16,-3.08,-0.051597984374999906,8.24,24.0,25.0,30.0,27.5,25.0,0.3403377578125,269,61
2022,00-0036984,Trey Sermon,RB,1,1.9000000000000001,-4.15,-0.052050515624999905,6.050000000000001,39.0,40.0,45.0,42.5,40.0,0.3804006093749999,270,69
2022,00-0031273,Cameron Brate,TE,9,47.4,-4.750000000000005,-0.0538693515625,5.794444444444445,24.666666666666668,25.666666666666668,30.666666666666668,28.166666666666668,25.666666666666668,0.3929107986111111,271,54
2022,00-0037557,Ronnie Rivers,RB,2,7.5,-3.9000000000000004,-0.05403558593750002,5.7,34.0,35.0,40.0,37.5,35.0,0.37438605468749997,272,70
2022,00-0037175,Anthony Brown,QB,2,9.58,-5.260000000000001,-0.05411332031249999,7.42,24.0,25.0,30.0,27.5,25.0,0.34172248437499997,273,62
2022,00-0037563,Malik Davis,RB,6,31.400000000000002,-3.649999999999999,-0.05747959374999989,5.841666666666668,34.833333333333336,35.833333333333336,40.833333333333336,38.333333333333336,35.833333333333336,0.3817414895833333,274,71
2022,00-0037031,Nikola Kalinic,TE,1,0.0,-4.800000000000001,-0.05939587499999999,4.800000000000001,34.0,35.0,40.0,37.5,35.0,0.38874507812500003,275,55
2022,00-0036423,Albert Okwuegbunam,TE,6,30.5,-3.650000000000003,-0.061006429687500086,5.691666666666667,26.5,27.5,32.5,30.0,27.5,0.3863059440104167,276,56
2022,00-0037329,Brittain Brown,RB,1,0.0,-4.9,-0.061961632812500056,4.9,35.0,36.0,41.0,38.5,36.0,0.38442315625,277,72
2022,00-0032398,Chris Moore,WR,15,91.1,-2.950000000000007,-0.0632788046874998,6.2700000000000005,47.4,48.4,53.4,50.9,48.4,0.40100982291666665,278,88
2022,00-0035621,Nsimba Webster,WR,1,2.4000000000000004,-4.7,-0.06368065624999997,7.1000000000000005,45.0,46.0,51.0,48.5,46.0,0.40424785937499996,279,89
2022,00-0035771,Mitchell Wilcox,TE,9,45.4,-4.850000000000003,-0.06528038281249982,5.583333333333333,24.555555555555557,25.555555555555557,30.555555555555557,28.055555555555557,25.555555555555557,0.3922194001736111,280,57
2022,00-0030068,Marquise Goodwin,WR,13,76.7,-6.500000000000006,-0.06576626562499993,6.4,48.84615384615385,49.84615384615385,54.84615384615385,52.34615384615385,49.84615384615385,0.3988913064903846,281,90
2022,00-0034676,James Washington,WR,1,0.0,-5.300000000000001,-0.06653632031250006,5.300000000000001,53.0,54.0,59.0,56.5,54.0,0.4081092578125,282,91
2022,00-0032257,Duke Johnson,RB,1,0.4,-5.0,-0.06724211718749995,5.4,33.0,34.0,39.0,36.5,34.0,0.37851413281249996,283,73
2022,00-0026300,Josh Johnson,QB,1,0.7000000000000001,-5.8999999999999995,-0.06892293749999995,6.6,24.0,25.0,30.0,27.5,25.0,0.34310721093749996,284,63
2022,00-0032780,Jordan Howard,RB,1,0.1,-5.300000000000001,-0.07117146874999991,5.4,33.0,34.0,39.0,36.5,34.0,0.37851413281249996,285,74
2022,00-0035787,Jared Pinkney,TE,1,0.0,-5.25,-0.07219659374999998,5.25,24.0,25.0,30.0,27.5,25.0,0.400352140625,286,58
2022,00-0037004,Hunter Long,TE,1,0.0,-5.2,-0.07233130468750004,5.2,27.0,28.0,33.0,30.5,28.0,0.37268845312500004,287,59
2022,00-0036860,Jake Funk,RB,1,0.0,-6.050000000000001,-0.07490961718749994,6.050000000000001,39.0,40.0,45.0,42.5,40.0,0.3804006093749999,288,75
2022,00-0037524,Tay Martin,WR,1,0.0,-5.95,-0.075267671875,5.95,36.0,37.0,42.0,39.5,37.0,0.39188671875,289,92
2022,00-0036951,Frank Darby,WR,1,2.0,-4.45,-0.07768914843749997,6.45,46.0,47.0,52.0,49.5,47.0,0.38709392187499997,290,93
2022,00-0035432,Jason Moore,WR,1,1.0,-5.6000000000000005,-0.07964860937499996,6.6000000000000005,49.0,50.0,55.0,52.5,50.0,0.41152946874999996,291,94
2022,00-0029664,Josh Gordon,WR,1,0.0,-6.7,-0.0800340859375,6.7,52.0,53.0,58.0,55.5,53.0,0.3904643046875,292,95
2022,00-0034930,Trinity Benson,WR,1,0.0,-6.0,-0.08187849218749998,6.0,51.0,52.0,57.0,54.5,52.0,0.39978084374999995,293,96
2022,00-0037581,Stanley Berryhill,WR,1,0.0,-6.0,-0.08187849218749998,6.0,51.0,52.0,57.0,54.5,52.0,0.39978084374999995,294,97
2022,00-0034613,Tanner Hudson,TE,6,28.200000000000003,-5.3500000000000005,-0.08206917187500001,5.591666666666668,24.666666666666668,25.666666666666668,30.666666666666668,28.166666666666668,25.666666666666668,0.3957793359375,295,60
2022,00-0033633,Tanner Gentry,WR,1,0.0,-6.800000000000001,-0.08290698437500005,6.800000000000001,47.0,48.0,53.0,50.5,48.0,0.41856538281250005,296,98
2022,00-0036627,Dez Fitzpatrick,WR,1,0.0,-6.800000000000001,-0.08290698437500005,6.800000000000001,47.0,48.0,53.0,50.5,48.0,0.41856538281250005,297,99
2022,00-0037475,Stone Smartt,TE,3,7.699999999999999,-6.150000000000001,-0.0844636875,4.616666666666667,24.0,25.0,30.0,27.5,25.0,0.40278115624999994,298,61
2022,00-0029567,Nick Foles,QB,2,9.8,-7.060000000000001,-0.0851378046875001,8.43,24.0,25.0,30.0,27.5,25.0,0.3610515859375,299,64
2022,00-0032986,J.P. Holtz,TE,1,0.0,-6.800000000000001,-0.08600333593749993,6.800000000000001,27.0,28.0,33.0,30.5,28.0,0.4003224296874999,300,62
2022,00-0036457,Ty'Son Williams,RB,1,1.0,-5.05,-0.08618674999999998,6.05,33.0,34.0,39.0,36.5,34.0,0.378721796875,301,76
2022,00-0035500,Greg Dortch,WR,16,89.1,-8.750000000000005,-0.08648632031249992,6.1156250000000005,47.3125,48.3125,53.3125,50.8125,48.3125,0.40167177099609375,302,100
2022,00-0037098,Samori Toure,WR,4,16.7,-5.250000000000002,-0.08673974218749986,5.487500000000001,47.25,48.25,53.25,50.75,48.25,0.39593569140624996,303,101
2022,00-0037012,Trey Lance,QB,2,14.46,-7.810000000000002,-0.08829351562500004,11.135000000000002,24.0,25.0,30.0,27.5,25.0,0.35286861328124997,304,65
2022,00-0035311,Myles Gaskin,RB,2,7.4,-6.1,-0.08843180468749995,6.75,36.0,37.0,42.0,39.5,37.0,0.37886196093749996,305,77
2022,00-0029293,Marvin Jones,WR,16,93.9,-7.150000000000004,-0.08913006249999977,6.315625000000001,47.375,48.375,53.375,50.875,48.375,0.4005359887695312,306,102
2022,00-0034578,Reggie Bonnafon,RB,1,0.8,-5.25,-0.08935633593750003,6.05,33.0,34.0,39.0,36.5,34.0,0.378721796875,307,78
2022,00-0037664,Alec Pierce,WR,16,91.8,-7.700000000000005,-0.09156042187499985,6.21875,46.875,47.875,52.875,50.375,47.875,0.40057441064453125,308,103
2022,00-0032156,Trevor Siemian,QB,2,12.16,-8.41,-0.09434442187499992,10.285,24.0,25.0,30.0,27.5,25.0,0.35432442578125,309,66
2022,00-0038092,Erik Ezukanma,WR,1,0.8,-5.65,-0.0973930624999999,6.45,46.0,47.0,52.0,49.5,47.0,0.38709392187499997,310,104
2022,00-0033951,Marlon Mack,RB,7,34.3,-7.450000000000005,-0.0982037109374998,5.964285714285714,36.0,37.0,42.0,39.5,37.0,0.3850468258928571,311,79
2022,00-0032134,C.J. Uzomah,TE,14,66.7,-7.600000000000003,-0.09820794531250004,5.307142857142858,25.571428571428573,26.571428571428573,31.571428571428573,29.071428571428573,26.571428571428573,0.39183986272321425,312,63
2022,00-0036005,Noah Togiai,TE,1,0.0,-6.800000000000001,-0.09866244531250001,6.800000000000001,24.0,25.0,30.0,27.5,25.0,0.40895546875,313,64
2022,00-0035823,Ben Ellefson,TE,2,7.1000000000000005,-6.6000000000000005,-0.09903161718749998,6.8500000000000005,24.0,25.0,30.0,27.5,25.0,0.39869538671875,314,65
2022,00-0026625,Brian Hoyer,QB,1,1.48,-8.54,-0.0992338203125,10.02,24.0,25.0,30.0,27.5,25.0,0.365376515625,315,67
2022,00-0030874,Damien Williams,RB,1,0.2,-6.950000000000001,-0.09925724218749998,7.150000000000001,35.0,36.0,41.0,38.5,36.0,0.388756265625,316,80
2022,00-0035603,Kendall Blanton,TE,2,6.500000000000001,-7.2,-0.1003136718749999,6.8500000000000005,25.5,26.5,31.5,29.0,26.5,0.3943788671874999,317,66
2022,00-0034164,Trenton Cannon,RB,1,0.0,-7.150000000000001,-0.10186385937499998,7.150000000000001,35.0,36.0,41.0,38.5,36.0,0.388756265625,318,81
2022,00-0035414,Jalen Guyton,WR,2,7.4,-7.050000000000001,-0.10221736718750002,7.2250000000000005,50.0,51.0,56.0,53.5,51.0,0.39714226171875,319,105
2022,00-0033725,Corey Clement,RB,5,19.4,-9.85,-0.10238498437499993,5.85,34.4,35.4,40.4,37.9,35.4,0.383601878125,320,82
2022,00-0035891,Cody White,WR,1,0.7,-6.9,-0.10475603906249992,7.6000000000000005,49.0,50.0,55.0,52.5,50.0,0.40829671874999995,321,106
2022,00-0033798,Mason Schreck,TE,2,3.6,-8.350000000000001,-0.10493228124999987,5.9750000000000005,25.5,26.5,31.5,29.0,26.5,0.38666655859374993,322,67
2022,00-0036692,Miller Forristall,TE,1,0.0,-6.9,-0.10562279687500004,6.9,24.0,25.0,30.0,27.5,25.0,0.3884353046875,323,68
2022,00-0037112,Jake Tonges,TE,1,0.0,-6.9,-0.10562279687500004,6.9,24.0,25.0,30.0,27.5,25.0,0.3884353046875,324,69
2022,00-0035208,Olamide Zaccheaus,WR,16,90.0,-10.250000000000007,-0.10576625781249999,6.265625,47.875,48.875,53.875,51.375,48.875,0.40048550976562497,325,107
2022,00-0032602,J.D. McKissic,RB,8,42.300000000000004,-7.800000000000002,-0.10859148437499977,6.2625,34.75,35.75,40.75,38.25,35.75,0.38149251171875,326,83
2022,00-0038149,Josh Ali,WR,1,0.0,-6.45,-0.11026813281249997,6.45,46.0,47.0,52.0,49.5,47.0,0.38709392187499997,327,108
2022,00-0034400,Jordan Wilkins,RB,4,11.7,-8.55,-0.11052346874999991,5.0625,36.0,37.0,42.0,39.5,37.0,0.39208060742187495,328,84
2022,00-0033662,Cooper Rush,QB,8,62.64,-8.110000000000003,-0.11126426562500008,8.84375,24.0,25.0,30.0,27.5,25.0,0.3467770546875,329,68
2022,00-0034073,Ross Dwelley,TE,5,21.0,-8.250000000000002,-0.11260017187499988,5.8500000000000005,24.6,25.6,30.6,28.1,25.6,0.39302652968749996,330,70
2022,00-0034177,Tim Boyle,QB,1,1.12,-7.12,-0.1130074296875,8.24,24.0,25.0,30.0,27.5,25.0,0.3403377578125,331,69
2022,00-0037805,Jeremy Ruckert,TE,2,2.3,-8.200000000000001,-0.11377360937500008,5.25,26.5,27.5,32.5,30.0,27.5,0.37934456250000004,332,71
2022,00-0036928,Kyle Trask,QB,1,0.92,-7.32,-0.11592429687499997,8.24,24.0,25.0,30.0,27.5,25.0,0.3403377578125,333,70
2022,00-0035457,Tyron Johnson,WR,2,1.3,-9.55,-0.11722680468750007,5.425000000000001,42.0,43.0,48.0,45.5,43.0,0.41312009375000003,334,109
2022,00-0034838,Royce Freeman,RB,4,16.0,-7.549999999999999,-0.1200853906249999,5.8875,36.25,37.25,42.25,39.75,37.25,0.38726024609375,335,85
2022,00-0033319,Nick Mullens,QB,4,13.76,-9.11,-0.12115686718750007,5.7175,24.0,25.0,29.75,27.375,25.0,0.33185078125,336,71
2022,00-0035631,Drew Sample,TE,2,2.8,-9.05,-0.12140273437500004,5.925000000000001,24.0,25.0,30.0,27.5,25.0,0.39738800781250005,337,72
2022,00-0036650,Larry Rountree III,RB,2,4.3,-7.9,-0.12236181249999994,6.1,35.5,36.5,41.5,39.0,36.5,0.3870856953125,338,86
2022,00-0035308,Tommy Sweeney,TE,2,2.2,-8.3,-0.12236239062500004,5.25,25.5,26.5,31.5,29.0,26.5,0.39185012500000005,339,73
2022,00-0036637,Noah Gray,TE,17,84.0,-7.4000000000000075,-0.12358139062500001,5.376470588235295,25.58823529411765,26.58823529411765,31.58823529411765,29.08823529411765,26.58823529411765,0.39157242922794117,340,74
2022,00-0036297,Darrynton Evans,RB,3,10.200000000000001,-8.8,-0.12432368749999984,6.333333333333333,36.333333333333336,37.333333333333336,42.333333333333336,39.833333333333336,37.333333333333336,0.38069755208333333,341,87
2022,00-0036841,Austin Trammell,WR,2,2.3,-9.05,-0.1252820234375,5.675000000000001,51.0,52.0,57.0,54.5,52.0,0.39041416796875,342,110
2022,00-0034681,Chase Edmonds,RB,13,66.2,-11.950000000000001,-0.12541057812499967,6.011538461538462,34.76923076923077,35.76923076923077,40.76923076923077,38.26923076923077,35.76923076923077,0.3836997457932692,343,88
2022,00-0035860,Tony Jones,RB,3,7.9,-9.75,-0.12569904687500005,5.883333333333333,32.666666666666664,33.666666666666664,38.666666666666664,36.166666666666664,33.666666666666664,0.39441218749999996,344,89
2022,00-0035976,Dan Chisena,WR,2,0.0,-10.700000000000001,-0.12807896093750004,5.3500000000000005,44.5,45.5,50.5,48.0,45.5,0.41558458984375,345,111
2022,00-0031558,Maxx Williams,TE,3,6.3,-10.100000000000001,-0.12835707812500002,5.466666666666668,24.333333333333332,25.333333333333332,30.333333333333332,27.833333333333332,25.333333333333332,0.38769868749999997,346,75
2022,00-0036247,Freddie Swain,WR,3,9.4,-9.950000000000003,-0.12984135156249998,6.45,46.333333333333336,47.333333333333336,52.333333333333336,49.833333333333336,47.333333333333336,0.39993630468749997,347,112
2022,00-0037348,Tanner Conner,TE,2,0.0,-10.350000000000001,-0.13431559374999996,5.175000000000001,25.5,26.5,31.5,29.0,26.5,0.3728495703125,348,76
2022,00-0036810,Cade Johnson,WR,2,3.1,-9.3,-0.13440235156250002,6.2,41.0,42.0,47.0,44.5,42.0,0.38949032031249997,349,113
2022,00-0037282,James Mitchell,TE,8,33.800000000000004,-8.200000000000001,-0.1359380859375,5.25,26.5,27.5,32.5,30.0,27.5,0.3907316201171875,350,77
2022,00-0033481,Marcus Kemp,WR,2,0.0,-10.5,-0.13840001562499998,5.25,45.5,46.5,51.5,49.0,46.5,0.4120666328125,351,114
2022,00-0036326,Chase Claypool,WR,15,82.04,-11.260000000000003,-0.13871774218749988,6.220000000000001,47.266666666666666,48.266666666666666,53.266666666666666,50.766666666666666,48.266666666666666,0.39912932552083336,352,115
2022,00-0035544,Tom Kennedy,WR,5,18.1,-10.55,-0.14055384375000002,5.73,46.6,47.6,52.6,50.1,47.6,0.409915565625,353,116
2022,00-0035356,Tyree Jackson,TE,2,0.0,-11.0,-0.14413900000000002,5.5,24.0,25.0,30.0,27.5,25.0,0.39242575,354,78
2022,00-0036887,Luke Farrell,TE,4,10.0,-9.350000000000001,-0.14494304687500015,4.8375,27.0,28.0,33.0,30.5,28.0,0.390300158203125,355,79
2022,00-0037276,Ty Chandler,RB,2,2.0,-10.399999999999999,-0.14565330468749993,6.199999999999999,35.0,36.0,41.0,38.5,36.0,0.37768393749999996,356,90
2022,00-0033591,Noah Brown,WR,16,93.0,-9.200000000000006,-0.14576176562499987,6.3875,47.75,48.75,53.75,51.25,48.75,0.40051686962890626,357,117
2022,00-0032951,Laquon Treadwell,WR,3,7.199999999999999,-10.600000000000001,-0.14676306250000004,5.933333333333334,44.333333333333336,45.333333333333336,50.333333333333336,47.833333333333336,45.333333333333336,0.3910243098958333,358,118
2022,00-0035273,Qadree Ollison,RB,2,0.0,-11.55,-0.14898426562499995,5.775,35.5,36.5,41.5,39.0,36.5,0.38698186328124995,359,91
2022,00-0037570,Dennis Houston,WR,2,2.6,-11.400000000000002,-0.14988597656249997,7.0,50.5,51.5,56.5,54.0,51.5,0.393780875,360,119
2022,00-0037355,Braylon Sanders,WR,2,0.7000000000000002,-11.8,-0.15183242968749994,6.25,47.0,48.0,53.0,50.5,48.0,0.395569140625,361,120
2022,00-0036955,Terrace Marshall Jr.,WR,13,69.0,-8.350000000000001,-0.1566151718749999,5.950000000000001,47.07692307692308,48.07692307692308,53.07692307692308,50.57692307692308,48.07692307692308,0.4028199873798077,362,121
2022,00-0035567,Craig Reynolds,RB,6,26.3,-11.75,-0.15810611718749995,6.341666666666666,35.0,36.0,41.0,38.5,36.0,0.38042647265625,363,92
2022,00-0036628,John Bates,TE,9,37.8,-12.300000000000002,-0.15969464843749998,5.566666666666666,24.77777777777778,25.77777777777778,30.77777777777778,28.27777777777778,25.77777777777778,0.39563641753472223,364,80
2022,00-0031763,DeAndre Carter,WR,17,91.3,-14.800000000000006,-0.16195307812500015,6.241176470588236,47.411764705882355,48.411764705882355,53.411764705882355,50.911764705882355,48.411764705882355,0.4012278653492647,365,122
2022,00-0034972,Alexander Mattison,RB,17,80.9,-18.500000000000004,-0.16426330468749956,5.847058823529412,35.05882352941177,36.05882352941177,41.05882352941177,38.55882352941177,36.05882352941177,0.3852174958639706,366,93
2022,00-0036032,Sean McKeon,TE,3,4.1,-11.65,-0.1689433515625,5.25,25.0,26.0,31.0,28.5,26.0,0.3946841302083333,367,81
2022,00-0031382,Jarvis Landry,WR,9,47.7,-12.350000000000001,-0.16896602343749995,6.6722222222222225,48.55555555555556,49.55555555555556,54.55555555555556,52.05555555555556,49.55555555555556,0.39949522743055554,368,123
2022,00-0034867,Malik Turner,WR,2,0.0,-13.750000000000002,-0.1698250546875001,6.875000000000001,44.5,45.5,50.5,48.0,45.5,0.41610088671875,369,124
2022,00-0026544,Chase Daniel,QB,3,8.48,-13.94,-0.16990833593750007,7.473333333333334,24.0,25.0,30.0,27.5,25.0,0.330255578125,370,72
2022,00-0035249,Josh Oliver,TE,12,47.900000000000006,-15.850000000000001,-0.17083514062499994,5.3125,26.0,27.0,32.0,29.5,27.0,0.38763807226562497,371,82
2022,00-0034816,Ronald Jones,RB,5,15.7,-15.0,-0.17315038281249995,6.140000000000001,36.0,37.0,42.0,39.5,37.0,0.38602376562499996,372,94
2022,00-0034301,Darrel Williams,RB,5,19.1,-13.049999999999997,-0.17444535156249996,6.43,35.2,36.2,41.2,38.7,36.2,0.38548382656249996,373,95
2022,00-0036510,Kenny Yeboah,TE,3,0.0,-14.350000000000001,-0.17463632812500007,4.783333333333334,24.333333333333332,25.333333333333332,30.333333333333332,27.833333333333332,25.333333333333332,0.386566890625,374,83
2022,00-0036556,Brevin Jordan,TE,9,33.8,-13.850000000000003,-0.17624571093749986,5.294444444444445,25.77777777777778,26.77777777777778,31.77777777777778,29.27777777777778,26.77777777777778,0.3942126284722222,375,84
2022,00-0038104,Tyquan Thornton,WR,12,55.3,-14.500000000000004,-0.17632371874999997,5.816666666666667,46.75,47.75,52.75,50.25,47.75,0.4001084459635416,376,125
2022,00-0036176,Mason Kinsey,WR,2,0.8,-12.900000000000002,-0.1770821171874999,6.8500000000000005,47.0,48.0,53.0,50.5,48.0,0.40788866406249996,377,126
2022,00-0036422,Adam Trautman,TE,12,53.7,-11.450000000000005,-0.18114432031249988,5.429166666666667,26.083333333333332,27.083333333333332,32.083333333333336,29.583333333333332,27.083333333333332,0.391479138671875,378,85
2022,00-0036139,Rico Dowdle,RB,2,0.0,-13.75,-0.18145850000000008,6.875,33.5,34.5,39.5,37.0,34.5,0.40423134375,379,96
2022,00-0027981,Kyle Rudolph,TE,5,13.3,-14.75,-0.18164274999999985,5.61,25.2,26.2,31.2,28.7,26.2,0.384332715625,380,86
2022,00-0031690,Eric Tomlinson,TE,9,33.4,-15.250000000000002,-0.18378060156249992,5.405555555555555,25.0,26.0,31.0,28.5,26.0,0.3882239210069444,381,87
2022,00-0031384,Richard Rodgers,TE,3,1.9,-13.55,-0.1846532890625,5.15,25.333333333333332,26.333333333333332,31.333333333333332,28.833333333333332,26.333333333333332,0.40464647135416665,382,88
2022,00-0033217,Mo Alie-Cox,TE,14,63.4,-14.000000000000005,-0.18541721093749985,5.528571428571429,25.642857142857142,26.642857142857142,31.642857142857142,29.142857142857142,26.642857142857142,0.39248236886160714,383,89
2022,00-0037273,Kyle Philips,WR,4,11.8,-15.950000000000001,-0.1888245234375001,6.937500000000001,47.5,48.5,53.5,51.0,48.5,0.404940880859375,384,127
2022,00-0033958,Nathan Peterman,QB,3,10.26,-16.35,-0.1907712578125,8.87,24.0,25.0,30.0,27.5,25.0,0.34891014322916664,385,73
2022,00-0034317,Keith Kirkwood,WR,3,2.8,-15.05,-0.19128994531250004,5.95,47.666666666666664,48.666666666666664,53.666666666666664,51.166666666666664,48.666666666666664,0.4047311666666667,386,128
2022,00-0032394,Nick Vannett,TE,5,14.5,-13.55,-0.19182230468749994,5.61,25.0,26.0,31.0,28.5,26.0,0.38742367031249997,387,90
2022,00-0031325,Sammy Watkins,WR,9,38.5,-14.850000000000001,-0.1925755546874996,5.927777777777778,48.333333333333336,49.333333333333336,54.333333333333336,51.833333333333336,49.333333333333336,0.40066162934027777,388,129
2022,00-0036424,Brycen Hopkins,TE,7,21.4,-12.700000000000003,-0.19308787500000008,4.871428571428572,26.857142857142858,27.857142857142858,32.857142857142854,30.357142857142858,27.857142857142858,0.39161565959821426,389,91
2022,00-0033439,Pharaoh Brown,TE,8,29.7,-14.900000000000004,-0.20131403906250006,5.575,24.375,25.375,30.375,27.875,25.375,0.39574791699218753,390,92
2022,00-0032543,Alex Erickson,WR,2,0.0,-13.650000000000002,-0.20396204687499997,6.825000000000001,49.0,50.0,55.0,52.5,50.0,0.3905078984375,391,130
2022,00-0032187,David Johnson,RB,4,7.100000000000001,-15.2,-0.2057358828125,5.575,35.5,36.5,41.5,39.0,36.5,0.38450363671875,392,97
2022,00-0031806,Malcolm Brown,RB,7,20.3,-16.75,-0.21246710937499974,5.292857142857144,35.57142857142857,36.57142857142857,41.57142857142857,39.07142857142857,36.57142857142857,0.38467701116071423,393,98
2022,00-0036251,Zack Moss,RB,13,59.0,-20.850000000000005,-0.21495983593749984,6.142307692307693,35.30769230769231,36.30769230769231,41.30769230769231,38.80769230769231,36.30769230769231,0.38663673377403845,394,99
2022,00-0028986,Case Keenum,QB,2,0.32,-19.150000000000006,-0.21526289843749996,9.735000000000001,24.0,25.0,30.0,27.5,25.0,0.36038239453125,395,74
2022,00-0030431,Robert Woods,WR,17,91.2,-15.050000000000006,-0.21788363281249984,6.250000000000001,47.470588235294116,48.470588235294116,53.470588235294116,50.970588235294116,48.470588235294116,0.40121194990808823,396,131
2022,00-0037228,Jaylen Warren,RB,16,79.3,-15.700000000000001,-0.21807619531249978,5.9375,34.8125,35.8125,40.8125,38.3125,35.8125,0.38296553173828124,397,100
2022,00-0037708,Maurice Alexander,WR,3,1.2000000000000002,-17.950000000000003,-0.2210052968750001,6.383333333333334,46.0,47.0,52.0,49.5,47.0,0.40636406510416667,398,132
2022,00-0036412,KJ Hamler,WR,6,22.3,-16.000000000000004,-0.22167030468750015,6.383333333333334,47.333333333333336,48.333333333333336,53.333333333333336,50.833333333333336,48.333333333333336,0.40248001562499996,399,133
2022,00-0037286,Kevin Harris,RB,5,11.2,-16.1,-0.22322037499999986,5.46,34.6,35.6,40.6,38.1,35.6,0.3838049453125,400,101
2022,00-0037666,Jalen Tolbert,WR,3,2.2,-16.15,-0.22505196093750002,6.116666666666667,50.333333333333336,51.333333333333336,56.333333333333336,53.833333333333336,51.333333333333336,0.4029984166666667,401,134
2022,00-0032128,Chris Conley,WR,4,6.6000000000000005,-17.0,-0.22865917968749994,5.9,47.25,48.25,53.25,50.75,48.25,0.40551458984375,402,135
2022,00-0032792,Nate Sudfeld,QB,2,-0.4,-18.08,-0.231770875,8.84,24.0,25.0,30.0,27.5,25.0,0.3558646796875,403,75
2022,00-0036741,Jack Stoll,TE,9,28.8,-17.6,-0.2337459765624998,5.155555555555556,24.77777777777778,25.77777777777778,30.77777777777778,28.27777777777778,25.77777777777778,0.39495889756944447,404,93
2022,00-0031598,Nick Boyle,TE,3,0.0,-16.6,-0.23444731250000006,5.533333333333334,24.333333333333332,25.333333333333332,30.333333333333332,27.833333333333332,25.333333333333332,0.39669608333333334,405,94
2022,00-0033879,O.J. Howard,TE,11,41.5,-18.650000000000006,-0.23654028906249996,5.468181818181819,25.545454545454547,26.545454545454547,31.545454545454547,29.045454545454547,26.545454545454547,0.39543863423295456,406,95
2022,00-0036646,Simi Fehoko,WR,3,3.9000000000000004,-17.25,-0.23807059375,7.050000000000001,50.666666666666664,51.666666666666664,56.666666666666664,54.166666666666664,51.666666666666664,0.3949162760416667,407,136
2022,00-0037185,Raleigh Webb,WR,3,0.0,-19.1,-0.24132512500000003,6.366666666666667,50.0,51.0,56.0,53.5,51.0,0.4009404739583333,408,137
2022,00-0036332,Josiah Deguara,TE,9,30.900000000000002,-17.400000000000002,-0.242176875,5.366666666666667,26.333333333333332,27.333333333333332,32.333333333333336,29.833333333333332,27.333333333333332,0.39273708854166667,409,96
2022,00-0035184,Devine Ozigbo,RB,3,1.2,-18.1,-0.24261721093749994,6.433333333333334,37.0,38.0,43.0,40.5,38.0,0.37784853124999995,410,102
2022,00-0036277,Quintez Cephus,WR,3,2.5,-18.3,-0.24293811718749997,6.933333333333334,48.333333333333336,49.333333333333336,54.333333333333336,51.833333333333336,49.333333333333336,0.4004292578125,411,138
2022,00-0035806,JaMycal Hasty,RB,14,60.0,-20.600000000000005,-0.24303314062499953,5.757142857142858,35.214285714285715,36.214285714285715,41.214285714285715,38.714285714285715,36.214285714285715,0.38041129631696424,412,103
2022,00-0034765,Tre'Quan Smith,WR,10,43.300000000000004,-18.800000000000004,-0.24353098437499998,6.21,47.4,48.4,53.4,50.9,48.4,0.40227450078124993,413,139
2022,00-0037086,Grant Calcaterra,TE,6,15.600000000000001,-17.400000000000002,-0.24606557031250004,5.5,24.0,25.0,30.0,27.5,25.0,0.3967943424479166,414,97
2022,00-0035593,Juwann Winfree,WR,3,2.2,-17.5,-0.2557703515625,6.566666666666667,49.333333333333336,50.333333333333336,55.333333333333336,52.833333333333336,50.333333333333336,0.3938151692708334,415,140
2022,00-0036370,Joshua Kelley,RB,12,57.800000000000004,-16.750000000000004,-0.2562917578124997,6.2124999999999995,35.166666666666664,36.166666666666664,41.166666666666664,38.666666666666664,36.166666666666664,0.3868064375,416,104
2022,00-0036268,Laviska Shenault Jr.,WR,13,59.2,-20.200000000000006,-0.2573175156249999,6.107692307692308,46.92307692307692,47.92307692307692,52.92307692307692,50.42307692307692,47.92307692307692,0.4032120721153846,417,141
2022,00-0034365,Ian Thomas,TE,13,51.2,-19.900000000000006,-0.2587568125,5.46923076923077,25.384615384615383,26.384615384615383,31.384615384615383,28.884615384615383,26.384615384615383,0.3909027001201923,418,98
2022,00-0031941,Jamison Crowder,WR,4,9.0,-19.1,-0.25990994531249995,7.025,48.5,49.5,54.5,52.0,49.5,0.3995963046875,419,142
2022,00-0035304,Cullen Gillaspia,RB,4,0.0,-20.9,-0.2601683203124998,5.225,35.75,36.75,41.75,39.25,36.75,0.38018224218749996,420,105
2022,00-0036980,Elijah Moore,WR,14,69.6,-20.150000000000006,-0.2605224843750001,6.410714285714286,47.5,48.5,53.5,51.0,48.5,0.3997635027901786,421,143
2022,00-0032464,Kalif Raymond,WR,17,86.7,-19.550000000000004,-0.2625185859374998,6.250000000000001,47.470588235294116,48.470588235294116,53.470588235294116,50.970588235294116,48.470588235294116,0.40121194990808823,422,144
2022,00-0037382,Brandon Johnson,WR,5,13.2,-18.450000000000003,-0.2628753046875,6.33,48.4,49.4,54.4,51.9,49.4,0.4039550171875,423,145
2022,00-0032355,Chester Rogers,WR,3,0.0,-19.200000000000003,-0.26307655468750013,6.400000000000001,48.666666666666664,49.666666666666664,54.666666666666664,52.166666666666664,49.666666666666664,0.40097114843750004,424,146
2022,00-0030456,Giovani Bernard,RB,4,3.7,-20.3,-0.2647169843750001,6.0,34.75,35.75,40.75,38.25,35.75,0.39332445312500003,425,106
2022,00-0037840,Kyren Williams,RB,8,26.0,-20.0,-0.26531952343749987,5.75,35.125,36.125,41.125,38.625,36.125,0.38473305761718746,426,107
2022,00-0037005,Tommy Tremble,TE,15,63.900000000000006,-17.400000000000006,-0.2672578046874998,5.420000000000001,25.6,26.6,31.6,29.1,26.6,0.39228226770833335,427,99
2022,00-0037569,Peyton Hendershot,TE,12,45.0,-21.85,-0.2688744140624998,5.570833333333334,25.416666666666668,26.416666666666668,31.416666666666668,28.916666666666668,26.416666666666668,0.392299857421875,428,100
2022,00-0036918,Jacob Harris,WR,3,1.1,-18.85,-0.270865765625,6.650000000000001,49.666666666666664,50.666666666666664,55.666666666666664,53.166666666666664,50.666666666666664,0.4058370416666666,429,147
2022,00-0038045,Isaiah Spiller,RB,5,6.9,-19.6,-0.2719243359374999,5.3,35.0,36.0,41.0,38.5,36.0,0.3788931234375,430,108
2022,00-0031787,Jake Kumerow,WR,5,8.4,-20.75,-0.2730573671874999,5.83,49.0,50.0,55.0,52.5,50.0,0.3973852890625,431,148
2022,00-0029000,Cole Beasley,WR,4,6.5,-20.500000000000004,-0.27405544531250003,6.750000000000001,46.5,47.5,52.5,50.0,47.5,0.405884615234375,432,149
2022,00-0037827,Tyrion Davis-Price,RB,5,9.9,-20.349999999999998,-0.27533514843749995,6.05,34.4,35.4,40.4,37.9,35.4,0.3896130875,433,109
2022,00-0033114,Mike Thomas,WR,5,6.800000000000001,-21.8,-0.277048625,5.720000000000001,47.2,48.2,53.2,50.7,48.2,0.40543687500000003,434,150
2022,00-0036652,Racey McMath,WR,4,5.4,-19.400000000000002,-0.2776068515625,6.2,45.0,46.0,51.0,48.5,46.0,0.39783443945312497,435,151
2022,00-0036862,Ben Skowronek,WR,14,64.8,-21.900000000000002,-0.2779287265625001,6.192857142857143,48.285714285714285,49.285714285714285,54.285714285714285,51.785714285714285,49.285714285714285,0.4006276350446428,436,152
2022,00-0036194,Devin Asiasi,TE,5,3.5,-21.950000000000003,-0.2806952578124999,5.090000000000001,26.2,27.2,32.2,29.7,27.2,0.391516671875,437,101
2022,00-0027966,Mark Ingram,RB,10,42.1,-21.200000000000003,-0.2816966171874999,6.33,34.8,35.8,40.8,38.3,35.8,0.38182110781249995,438,110
2022,00-0036020,Salvon Ahmed,RB,6,13.700000000000001,-21.200000000000003,-0.28378821874999993,5.816666666666666,34.833333333333336,35.833333333333336,40.833333333333336,38.333333333333336,35.833333333333336,0.37916521875000003,439,111
2022,00-0037487,Deven Thompkins,WR,5,8.3,-22.3,-0.28547353906249995,6.12,45.6,46.6,51.6,49.1,46.6,0.399960978125,440,153
2022,00-0037265,Snoop Conner,RB,5,10.2,-20.500000000000004,-0.28680621874999973,6.140000000000001,36.4,37.4,42.4,39.9,37.4,0.38731803437499995,441,112
2022,00-0032214,Tyler Kroft,TE,6,11.700000000000001,-21.5,-0.28681264062499995,5.533333333333334,24.166666666666668,25.166666666666668,30.166666666666668,27.666666666666668,25.166666666666668,0.39567104947916665,442,102
2022,00-0026189,DeSean Jackson,WR,7,19.8,-21.900000000000002,-0.2869769765624999,5.957142857142857,46.0,47.0,52.0,49.5,47.0,0.40090436607142854,443,154
2022,00-0032775,Demarcus Robinson,WR,16,79.8,-19.100000000000005,-0.2875789062499999,6.18125,47.1875,48.1875,53.1875,50.6875,48.1875,0.39977836376953124,444,155
2022,00-0033932,Kenny Golladay,WR,6,17.1,-21.950000000000003,-0.2876075703124999,6.508333333333334,48.0,49.0,54.0,51.5,49.0,0.40113716796875004,445,156
2022,00-0037291,Jalen Nailor,WR,8,28.4,-22.150000000000006,-0.290941765625,6.3187500000000005,46.375,47.375,52.375,49.875,47.375,0.4031348798828125,446,157
2022,00-0027691,Andre Roberts,WR,3,0.0,-19.700000000000003,-0.29172774218749997,6.566666666666667,43.666666666666664,44.666666666666664,49.666666666666664,47.166666666666664,44.666666666666664,0.3920260286458333,447,158
2022,00-0036849,Tutu Atwell,WR,12,54.2,-21.750000000000004,-0.2922626328125001,6.329166666666667,47.5,48.5,53.5,51.0,48.5,0.3994049088541667,448,159
2022,00-0036919,Kenny Gainwell,RB,17,76.4,-23.000000000000007,-0.2938142421874995,5.847058823529412,35.05882352941177,36.05882352941177,41.05882352941177,38.55882352941177,36.05882352941177,0.3852174958639706,449,113
2022,00-0035924,Jonathan Ward,RB,4,4.2,-20.700000000000003,-0.2941196015624999,6.2250000000000005,35.25,36.25,41.25,38.75,36.25,0.39049389453125,450,114
2022,00-0028002,Randall Cobb,WR,13,64.7,-19.6,-0.2945123359375,6.484615384615386,47.0,48.0,53.0,50.5,48.0,0.39914233413461536,451,160
2022,00-0031484,Chris Manhertz,TE,7,13.2,-21.900000000000002,-0.2945617421874998,5.014285714285714,25.142857142857142,26.142857142857142,31.142857142857142,28.642857142857142,26.142857142857142,0.3959944698660714,452,103
2022,00-0036365,Bryan Edwards,WR,4,3.0,-23.200000000000003,-0.29920787500000007,6.550000000000001,49.25,50.25,55.25,52.75,50.25,0.398254388671875,453,161
2022,00-0036527,DJ Turner,WR,5,2.6,-23.800000000000004,-0.30088245312499995,5.28,48.4,49.4,54.4,51.9,49.4,0.4062320546875,454,162
2022,00-0035562,Jesper Horsted,TE,5,6.4,-21.650000000000002,-0.30403035156249997,5.61,24.0,25.0,30.0,27.5,25.0,0.3921995015625,455,104
2022,00-0034798,Durham Smythe,TE,13,47.5,-25.050000000000008,-0.3058371874999999,5.580769230769231,25.76923076923077,26.76923076923077,31.76923076923077,29.26923076923077,26.76923076923077,0.3920296676682692,456,105
2022,00-0035547,Joseph Fortson,TE,10,36.300000000000004,-21.800000000000004,-0.3069552968750001,5.8100000000000005,24.4,25.4,30.4,27.9,25.4,0.39709065703125,457,106
2022,00-0035022,Penny Hart,WR,4,3.5,-22.55,-0.30751209375,6.5125,48.75,49.75,54.75,52.25,49.75,0.402420728515625,458,163
2022,00-0035939,Bryce Perkins,QB,5,19.44,-24.83,-0.30967671093750004,8.854000000000001,24.0,25.0,30.0,27.5,25.0,0.35037047499999996,459,76
2022,00-0035594,Travis Homer,RB,10,35.1,-23.85,-0.3129763593749999,5.8950000000000005,34.6,35.6,40.6,38.1,35.6,0.38672380624999997,460,115
2022,00-0035527,Andy Isabella,WR,4,3.2,-23.000000000000004,-0.31476129687500004,6.550000000000001,46.0,47.0,52.0,49.5,47.0,0.39865959375,461,164
2022,00-0035259,Trevon Wesco,TE,6,7.6000000000000005,-24.0,-0.31526834374999985,5.266666666666667,26.833333333333332,27.833333333333332,32.833333333333336,30.333333333333332,27.833333333333332,0.39865114322916667,462,107
2022,00-0032063,Mike Davis,RB,5,3.2,-24.95,-0.3168781875,5.630000000000001,35.4,36.4,41.4,38.9,36.4,0.392968540625,463,116
2022,00-0035406,Lil'Jordan Humphrey,WR,4,3.0,-24.6,-0.3209427890625,6.9,48.0,49.0,54.0,51.5,49.0,0.4049632890625,464,165
2022,00-0037240,Jameson Williams,WR,6,14.600000000000001,-22.05,-0.3216563359374998,6.108333333333334,46.166666666666664,47.166666666666664,52.166666666666664,49.666666666666664,47.166666666666664,0.3954206614583333,465,166
2022,00-0036482,Mike Strachan,WR,5,7.4,-24.750000000000004,-0.32397599218750006,6.4300000000000015,45.4,46.4,51.4,48.9,46.4,0.39604916874999996,466,167
2022,00-0033246,Johnny Mundt,TE,13,48.5,-23.850000000000005,-0.32413812499999994,5.565384615384616,24.846153846153847,25.846153846153847,30.846153846153847,28.346153846153847,25.846153846153847,0.3927559969951923,467,108
2022,00-0036264,Jordan Love,QB,4,11.7,-24.830000000000005,-0.32453749218750005,9.1325,24.0,25.0,30.0,27.5,25.0,0.34407749804687504,468,77
2022,00-0036635,Ihmir Smith-Marsette,WR,4,-0.1,-25.8,-0.32486537500000007,6.425000000000001,47.25,48.25,53.25,50.75,48.25,0.402456765625,469,168
2022,00-0035510,Jeff Smith,WR,7,17.4,-26.050000000000004,-0.32680946875000005,6.207142857142857,46.57142857142857,47.57142857142857,52.57142857142857,50.07142857142857,47.57142857142857,0.4054196607142857,470,169
2022,00-0035215,Deonte Harty,WR,4,2.3,-25.450000000000003,-0.3274876953125,6.937500000000001,47.5,48.5,53.5,51.0,48.5,0.404940880859375,471,170
2022,00-0037055,Lance McCutcheon,WR,4,0.0,-24.650000000000002,-0.3278048437500001,6.1625000000000005,46.5,47.5,52.5,50.0,47.5,0.40418995703125,472,171
2022,00-0036450,Ke'Shawn Vaughn,RB,6,8.7,-24.400000000000002,-0.33232043749999984,5.516666666666667,35.5,36.5,41.5,39.0,36.5,0.38474902473958333,473,117
2022,00-0033367,C.J. Board,WR,4,1.1,-23.75,-0.3357758828125,6.2125,49.5,50.5,55.5,53.0,50.5,0.39820599218749997,474,172
2022,00-0035864,Kendall Hinton,WR,11,44.4,-24.350000000000005,-0.337358140625,6.25,48.09090909090909,49.09090909090909,54.09090909090909,51.59090909090909,49.09090909090909,0.3993452883522727,475,173
2022,00-0036829,Caleb Huntley,RB,12,43.900000000000006,-24.85,-0.33884278906249976,5.729166666666667,35.416666666666664,36.416666666666664,41.416666666666664,38.916666666666664,36.416666666666664,0.38175047070312496,476,118
2022,00-0034208,Mike Boone,RB,8,24.3,-23.75,-0.34442391406249967,6.0062500000000005,34.625,35.625,40.625,38.125,35.625,0.37845208691406246,477,119
2022,00-0033455,Anthony Firkser,TE,8,23.5,-23.750000000000004,-0.3451712578124999,5.90625,24.75,25.75,30.75,28.25,25.75,0.3895642099609375,478,109
2022,00-0031868,Damiere Byrd,WR,12,45.3,-26.900000000000006,-0.35401038281249975,6.016666666666667,46.083333333333336,47.083333333333336,52.083333333333336,49.583333333333336,47.083333333333336,0.40162069531249994,479,174
2022,00-0026197,Chad Henne,QB,3,-0.5,-25.610000000000003,-0.35413755468749997,8.370000000000001,24.0,25.0,30.0,27.5,25.0,0.33426281510416667,480,78
2022,00-0038128,Malik Willis,QB,7,25.34,-29.040000000000003,-0.3551133593749999,7.768571428571429,24.0,25.0,29.857142857142858,27.428571428571427,25.0,0.3369047890625,481,79
2022,00-0035146,Trace McSorley,QB,5,18.580000000000002,-26.270000000000003,-0.35822207812499984,8.97,24.0,25.0,30.0,27.5,25.0,0.3499204109375,482,80
2022,00-0031545,Kevin White,WR,6,8.4,-26.35,-0.358955125,5.791666666666667,48.0,49.0,54.0,51.5,49.0,0.40104370572916664,483,175
2022,00-0036429,Charlie Woerner,TE,5,0.0,-26.950000000000003,-0.35920828124999993,5.390000000000001,25.2,26.2,31.2,28.7,26.2,0.38849780468749995,484,110
2022,00-0036999,Anthony Schwartz,WR,7,16.8,-27.400000000000002,-0.3621407265625,6.314285714285715,48.857142857142854,49.857142857142854,54.857142857142854,52.357142857142854,49.857142857142854,0.3993782544642857,485,176
2022,00-0036825,Feleipe Franks,TE,5,0.0,-27.35,-0.36410213281249987,5.470000000000001,24.2,25.2,30.2,27.7,25.2,0.3909053765625,486,111
2022,00-0034054,River Cracraft,WR,8,26.7,-26.250000000000004,-0.3650098437500001,6.61875,48.0,49.0,54.0,51.5,49.0,0.396890482421875,487,177
2022,00-0036187,Reggie Gilliam,RB,7,16.9,-24.900000000000002,-0.36753051562500016,5.971428571428571,33.714285714285715,34.714285714285715,39.714285714285715,37.214285714285715,34.714285714285715,0.3894458627232143,488,120
2022,00-0034614,Godwin Igwebuike,RB,5,1.2000000000000002,-27.35,-0.36943044531249997,5.71,35.2,36.2,41.2,38.7,36.2,0.385475596875,489,121
2022,00-0034011,Dan Arnold,TE,11,27.0,-28.6,-0.37609521875,5.054545454545455,25.727272727272727,26.727272727272727,31.727272727272727,29.227272727272727,26.727272727272727,0.3931930561079545,490,112
2022,00-0033307,Kendrick Bourne,WR,16,70.8,-28.10000000000001,-0.3779080234375001,6.18125,47.1875,48.1875,53.1875,50.6875,48.1875,0.39977836376953124,491,178
2022,00-0035876,Andre Baccellia,WR,5,8.0,-25.85,-0.37899474218749996,6.7700000000000005,46.8,47.8,52.8,50.3,47.8,0.3949857484375,492,179
2022,00-0036439,Tyrie Cleveland,WR,5,3.8000000000000003,-28.25,-0.38009963281250003,6.410000000000001,49.4,50.4,55.4,52.9,50.4,0.3986137921875,493,180
2022,00-0036630,Tylan Wallace,WR,5,5.300000000000001,-27.200000000000003,-0.38170689843750005,6.5,48.4,49.4,54.4,51.9,49.4,0.3960764078125,494,181
2022,00-0035359,David Sills,WR,7,16.1,-28.750000000000004,-0.38319975781250004,6.4071428571428575,48.285714285714285,49.285714285714285,54.285714285714285,51.785714285714285,49.285714285714285,0.4007762901785714,495,182
2022,00-0037594,Julius Chestnut,RB,6,6.800000000000001,-27.8,-0.3885793437499999,5.766666666666667,35.166666666666664,36.166666666666664,41.166666666666664,38.666666666666664,36.166666666666664,0.3854285208333333,496,122
2022,00-0036590,Quintin Morris,TE,9,24.4,-27.800000000000004,-0.3899419921875,5.800000000000001,25.333333333333332,26.333333333333332,31.333333333333332,28.833333333333332,26.333333333333332,0.3839308715277778,497,113
2022,00-0033111,Pharoh Cooper,WR,5,3.1000000000000005,-28.000000000000004,-0.39062734375,6.220000000000001,46.4,47.4,52.4,49.9,47.4,0.40077074999999995,498,183
2022,00-0034487,Trent Sherfield,WR,16,68.7,-31.150000000000006,-0.3958756093749998,6.2406250000000005,47.5,48.5,53.5,51.0,48.5,0.40054018017578125,499,184
2022,00-0036182,Nick Westbrook-Ikhine,WR,16,70.2,-29.100000000000005,-0.3966916874999997,6.206250000000001,47.8125,48.8125,53.8125,51.3125,48.8125,0.4004354223632812,500,185
2022,00-0035537,Ty Johnson,RB,12,36.8,-33.6,-0.3977501640624998,5.866666666666667,35.5,36.5,41.5,39.0,36.5,0.38493868033854167,501,123
2022,00-0027942,A.J. Green,WR,13,49.6,-32.6,-0.39800876562499987,6.323076923076924,48.07692307692308,49.07692307692308,54.07692307692308,51.57692307692308,49.07692307692308,0.39913909735576925,502,186
2022,00-0035973,Patrick Taylor,RB,6,5.300000000000001,-30.800000000000004,-0.3985403749999997,6.016666666666667,36.833333333333336,37.833333333333336,42.833333333333336,40.333333333333336,37.833333333333336,0.3840100091145833,503,124
2022,00-0037093,Dareke Young,WR,6,3.4000000000000004,-30.150000000000002,-0.40031310937499986,5.591666666666668,45.0,46.0,51.0,48.5,46.0,0.3932768450520833,504,187
2022,00-0036255,Denzel Mims,WR,9,24.1,-29.0,-0.4071697656249998,5.9,46.77777777777778,47.77777777777778,52.77777777777778,50.27777777777778,47.77777777777778,0.4009234053819444,505,188
2022,00-0038098,Pierre Strong,RB,10,23.7,-32.0,-0.40946471875000007,5.57,35.1,36.1,41.1,38.6,36.1,0.38779464999999996,506,125
2022,00-0033386,Cody Hollister,WR,6,6.9,-30.700000000000003,-0.41117035937499996,6.266666666666667,47.5,48.5,53.5,51.0,48.5,0.40583053906249994,507,189
2022,00-0036626,Dyami Brown,WR,9,30.3,-26.900000000000006,-0.41265534375,6.355555555555556,46.77777777777778,47.77777777777778,52.77777777777778,50.27777777777778,47.77777777777778,0.4031747751736111,508,190
2022,00-0034193,Kevin Rader,TE,6,0.0,-31.05,-0.4204326406249999,5.175,24.166666666666668,25.166666666666668,30.166666666666668,27.666666666666668,25.166666666666668,0.39224851171874997,509,114
2022,00-0037331,Zander Horvath,RB,8,16.099999999999998,-31.900000000000006,-0.4215357265624997,6.0,34.625,35.625,40.625,38.125,35.625,0.3864488203125,510,126
2022,00-0036219,Marquez Callaway,WR,10,29.8,-29.950000000000003,-0.4240695156250001,5.9750000000000005,47.2,48.2,53.2,50.7,48.2,0.39994138515625,511,191
2022,00-0037078,Cole Turner,TE,7,5.300000000000001,-31.400000000000002,-0.42577383593749996,5.242857142857143,24.714285714285715,25.714285714285715,30.714285714285715,28.214285714285715,25.714285714285715,0.3896869988839286,512,115
2022,00-0037387,Jalen Virgil,WR,7,14.500000000000002,-29.8,-0.4272349765624998,6.328571428571429,48.714285714285715,49.714285714285715,54.714285714285715,52.214285714285715,49.714285714285715,0.3983878303571428,513,192
2022,00-0037745,Velus Jones Jr.,WR,11,34.5,-34.050000000000004,-0.42725408593749997,6.231818181818183,46.18181818181818,47.18181818181818,52.18181818181818,49.68181818181818,47.18181818181818,0.39918108522727275,514,193
2022,00-0031549,Nelson Agholor,WR,14,59.7,-30.850000000000005,-0.42764693749999994,6.467857142857143,47.57142857142857,48.57142857142857,53.57142857142857,51.07142857142857,48.57142857142857,0.3999822410714286,515,194
2022,00-0037261,Khalil Shakir,WR,10,29.1,-31.600000000000005,-0.42765760937499997,6.07,48.5,49.5,54.5,52.0,49.5,0.397288771875,516,195
2022,00-0035021,Ashton Dulin,WR,10,35.0,-31.650000000000006,-0.43020225781250004,6.665000000000001,48.1,49.1,54.1,51.6,49.1,0.402270871875,517,196
2022,00-0035345,Chris Myarick,TE,10,23.0,-31.800000000000004,-0.4322380546875,5.48,24.1,25.1,30.1,27.6,25.1,0.395140240625,518,116
2022,00-0032688,Robbie Chosen,WR,12,42.2,-34.550000000000004,-0.4361851484375,6.395833333333333,47.0,48.0,53.0,50.5,48.0,0.4033762369791667,519,197
2022,00-0036438,Stephen Sullivan,TE,8,7.6000000000000005,-35.35,-0.45299963281250005,5.36875,26.125,27.125,32.125,29.625,27.125,0.3877044423828125,520,117
2022,00-0037168,Armani Rogers,TE,9,16.5,-32.2,-0.4583289609375,5.411111111111111,25.444444444444443,26.444444444444443,31.444444444444443,28.944444444444443,26.444444444444443,0.3898101605902778,521,118
2022,00-0032054,Breshad Perriman,WR,8,18.8,-30.950000000000003,-0.45893414062500004,6.21875,48.25,49.25,54.25,51.75,49.25,0.395849333984375,522,198
2022,00-0033936,C.J. Beathard,QB,4,0.9999999999999999,-36.24,-0.4644960624999999,9.31,24.0,25.0,30.0,27.5,25.0,0.359104078125,523,81
2022,00-0037429,Raheem Blackshear,RB,13,40.0,-32.800000000000004,-0.4651872421874996,5.6,35.07692307692308,36.07692307692308,41.07692307692308,38.57692307692308,36.07692307692308,0.38055859915865387,524,127
2022,00-0037327,Skylar Thompson,QB,7,23.46,-35.17,-0.46743472656249996,8.375714285714286,24.0,25.0,30.0,27.5,25.0,0.3429652087053571,525,82
2022,00-0035291,Trayveon Williams,RB,7,7.0,-33.5,-0.46911357031249984,5.785714285714286,34.714285714285715,35.714285714285715,40.714285714285715,38.214285714285715,35.714285714285715,0.3832317901785714,526,128
2022,00-0032141,Geoff Swaim,TE,12,29.8,-34.800000000000004,-0.47005124218749994,5.383333333333334,25.416666666666668,26.416666666666668,31.416666666666668,28.916666666666668,26.416666666666668,0.3925093893229166,527,119
2022,00-0036654,Demetric Felton,RB,6,1.4,-35.7,-0.4706997499999999,6.183333333333334,34.5,35.5,40.5,38.0,35.5,0.38599360286458334,528,129
2022,00-0032980,Marcus Johnson,WR,8,14.399999999999999,-35.050000000000004,-0.476452390625,6.18125,47.625,48.625,53.625,51.125,48.625,0.39708428125,529,199
2022,00-0036959,Michael Bandy,WR,8,13.9,-33.650000000000006,-0.47683766406250006,5.9437500000000005,47.375,48.375,53.375,50.875,48.375,0.402219326171875,530,200
2022,00-0033572,Jamal Agnew,WR,15,58.8,-35.50000000000001,-0.4800854453124999,6.286666666666667,47.2,48.2,53.2,50.7,48.2,0.39982112760416666,531,201
2022,00-0033576,Eric Saubert,TE,14,43.3,-33.60000000000001,-0.48027275781249984,5.492857142857143,25.071428571428573,26.071428571428573,31.071428571428573,28.571428571428573,26.071428571428573,0.39305243470982143,532,120
2022,00-0034297,Byron Pringle,WR,10,30.5,-34.75,-0.4811017343749998,6.525,47.6,48.6,53.6,51.1,48.6,0.39965493515625,533,202
2022,00-0034845,Sony Michel,RB,10,20.400000000000002,-36.650000000000006,-0.48185011718749987,5.705,34.9,35.9,40.9,38.4,35.9,0.3842041046875,534,130
2022,00-0037300,Mike Woods,WR,7,6.5,-35.45,-0.48250946093749997,5.992857142857143,46.142857142857146,47.142857142857146,52.142857142857146,49.642857142857146,47.142857142857146,0.39507541183035716,535,203
2022,00-0035217,Benny Snell,RB,9,17.7,-36.6,-0.4868605234374999,6.033333333333334,34.44444444444444,35.44444444444444,40.44444444444444,37.94444444444444,35.44444444444444,0.38057649045138886,536,131
2022,00-0035222,Zach Gentry,TE,14,41.7,-35.00000000000001,-0.4870119062499999,5.478571428571429,24.928571428571427,25.928571428571427,30.928571428571427,28.428571428571427,25.928571428571427,0.3918658627232143,537,121
2022,00-0032975,Jonathan Williams,RB,9,22.700000000000003,-34.45,-0.4883443984374997,6.3500000000000005,35.55555555555556,36.55555555555556,41.55555555555556,39.05555555555556,36.55555555555556,0.38531246180555556,538,132
2022,00-0030288,Rex Burkhead,RB,15,52.9,-36.550000000000004,-0.4926815781249998,5.963333333333334,35.13333333333333,36.13333333333333,41.13333333333333,38.63333333333333,36.13333333333333,0.38357305625,539,133
2022,00-0036259,Jauan Jennings,WR,16,65.1,-37.10000000000001,-0.4950311640624999,6.3875,47.75,48.75,53.75,51.25,48.75,0.40051686962890626,540,204
2022,00-0032450,Dwayne Washington,RB,7,5.0,-37.3,-0.497830859375,6.042857142857143,34.857142857142854,35.857142857142854,40.857142857142854,38.357142857142854,35.857142857142854,0.3826495502232143,541,134
2022,00-0036271,Quez Watkins,WR,17,68.0,-36.900000000000006,-0.5034514296874997,6.170588235294118,47.411764705882355,48.411764705882355,53.411764705882355,50.911764705882355,48.411764705882355,0.3997785096507353,542,205
2022,00-0034366,Keke Coutee,WR,7,0.5,-38.4,-0.5150786640625,5.557142857142857,48.142857142857146,49.142857142857146,54.142857142857146,51.642857142857146,49.142857142857146,0.39657451450892856,543,206
2022,00-0037828,Danny Gray,WR,7,2.4,-41.85,-0.5346846953125,6.321428571428571,47.142857142857146,48.142857142857146,53.142857142857146,50.642857142857146,48.142857142857146,0.40475287499999996,544,207
2022,00-0035956,Giovanni Ricci,TE,11,22.0,-38.150000000000006,-0.5374378515624999,5.468181818181819,26.09090909090909,27.09090909090909,32.09090909090909,29.59090909090909,27.09090909090909,0.39186282244318177,545,122
2022,00-0034367,Nyheim Hines,RB,16,54.400000000000006,-39.85,-0.5436181718749996,5.890625,34.9375,35.9375,40.9375,38.4375,35.9375,0.3829851591796875,546,135
2022,00-0034414,Boston Scott,RB,15,43.7,-43.300000000000004,-0.5558266406249999,5.8,34.666666666666664,35.666666666666664,40.666666666666664,38.166666666666664,35.666666666666664,0.38611004947916666,547,136
2022,00-0028063,Taiwan Jones,RB,7,0.0,-42.5,-0.5645615703125,6.071428571428571,34.57142857142857,35.57142857142857,40.57142857142857,38.07142857142857,35.57142857142857,0.3881481651785714,548,137
2022,00-0037525,Jordan Mason,RB,12,31.8,-41.6,-0.5701739140624997,6.116666666666667,34.833333333333336,35.833333333333336,40.833333333333336,38.333333333333336,35.833333333333336,0.38714164973958337,549,138
2022,00-0036497,Tim Jones,WR,7,4.5,-40.900000000000006,-0.5736851953125,6.485714285714287,48.0,49.0,54.0,51.5,49.0,0.39985669308035715,550,208
2022,00-0034440,Justin Jackson,RB,15,45.1,-42.0,-0.5760489921874996,5.8066666666666675,34.93333333333333,35.93333333333333,40.93333333333333,38.43333333333333,35.93333333333333,0.38260041875,551,139
2022,00-0036620,Dee Eskridge,WR,9,10.3,-44.6,-0.5795475156250001,6.1000000000000005,47.666666666666664,48.666666666666664,53.666666666666664,51.166666666666664,48.666666666666664,0.40196989322916665,552,209
2022,00-0035298,Scott Miller,WR,12,30.8,-40.6,-0.5816692265625002,5.95,48.75,49.75,54.75,52.25,49.75,0.39838097265625,553,210
2022,00-0032436,Jeff Driskel,QB,7,16.72,-46.36,-0.5889994687499999,9.011428571428572,24.0,25.0,30.0,27.5,25.0,0.34887335156249993,554,83
2022,00-0037299,Keaontay Ingram,RB,11,16.1,-44.2,-0.5893025859374998,5.481818181818182,34.63636363636363,35.63636363636363,40.63636363636363,38.13636363636363,35.63636363636363,0.3795605561079545,555,140
2022,00-0033854,Dare Ogunbowale,RB,15,38.7,-47.900000000000006,-0.5919162656249997,5.773333333333334,35.266666666666666,36.266666666666666,41.266666666666666,38.766666666666666,36.266666666666666,0.38346246458333333,556,141
2022,00-0034854,KhaDarel Hodge,WR,13,34.7,-44.900000000000006,-0.5958194374999999,6.1230769230769235,46.69230769230769,47.69230769230769,52.69230769230769,50.19230769230769,47.69230769230769,0.40155282572115386,557,211
2022,00-0037311,Ko Kieft,TE,13,24.5,-45.150000000000006,-0.595834078125,5.357692307692308,25.692307692307693,26.692307692307693,31.692307692307693,29.192307692307693,26.692307692307693,0.3910816899038461,558,123
2022,00-0030108,Ryan Griffin,TE,10,8.6,-45.150000000000006,-0.6004449609375,5.375,25.5,26.5,31.5,29.0,26.5,0.38829939296875005,559,124
2022,00-0032725,Stephen Anderson,TE,9,5.4,-44.45,-0.6012850000000001,5.538888888888889,24.555555555555557,25.555555555555557,30.555555555555557,28.055555555555557,25.555555555555557,0.3944208463541667,560,125
2022,00-0035628,D'Ernest Johnson,RB,9,3.9,-47.25,-0.6072698124999998,5.683333333333334,35.666666666666664,36.666666666666664,41.666666666666664,39.166666666666664,36.666666666666664,0.37972987760416665,561,142
2022,00-0026293,Matthew Slater,WR,8,0.0,-45.6,-0.6103100781249999,5.7,45.625,46.625,51.625,49.125,46.625,0.400817953125,562,212
2022,00-0034279,Equanimeous St. Brown,WR,16,54.2,-46.2,-0.6213848203124996,6.275,47.125,48.125,53.125,50.625,48.125,0.3994492338867187,563,213
2022,00-0036857,Chris Evans,RB,10,11.3,-47.2,-0.6278499843749997,5.85,35.8,36.8,41.8,39.3,36.8,0.37808808437499997,564,143
2022,00-0034860,Dante Pettis,WR,17,55.7,-50.50000000000001,-0.6619818828124998,6.247058823529412,47.1764705882353,48.1764705882353,53.1764705882353,50.6764705882353,48.1764705882353,0.39997969852941173,565,214
2022,00-0035572,Parker Hesse,TE,12,22.4,-47.400000000000006,-0.6646986953124998,5.816666666666667,24.75,25.75,30.75,28.25,25.75,0.391669359375,566,126
2022,00-0034928,Steven Sims,WR,12,24.400000000000002,-48.5,-0.6723814531249999,6.075,47.5,48.5,53.5,51.0,48.5,0.398770470703125,567,215
2022,00-0036425,DeeJay Dallas,RB,15,39.7,-49.900000000000006,-0.6758134140624995,5.973333333333334,35.0,36.0,41.0,38.5,36.0,0.3843503536458333,568,144
2022,00-0029239,Brandon Bolden,RB,13,22.8,-52.4,-0.6874159296874998,5.7846153846153845,35.53846153846154,36.53846153846154,41.53846153846154,39.03846153846154,36.53846153846154,0.38144004627403844,569,145
2022,00-0032208,Phillip Dorsett,WR,15,41.7,-51.400000000000006,-0.6972923749999997,6.206666666666667,47.266666666666666,48.266666666666666,53.266666666666666,50.766666666666666,48.266666666666666,0.4028696614583333,570,216
2022,00-0033681,Keelan Cole,WR,12,25.1,-50.7,-0.7003000859375,6.316666666666667,48.25,49.25,54.25,51.75,49.25,0.401418451171875,571,217
2022,00-0037011,Tre' McKitty,TE,13,22.2,-49.75000000000001,-0.7009501171874999,5.5346153846153845,25.76923076923077,26.76923076923077,31.76923076923077,29.26923076923077,26.76923076923077,0.39087903425480774,572,127
2022,00-0032104,Ameer Abdullah,RB,16,41.6,-52.650000000000006,-0.7026644999999996,5.890625,34.9375,35.9375,40.9375,38.4375,35.9375,0.3829851591796875,573,146
2022,00-0033308,Matt Breida,RB,17,49.800000000000004,-52.35,-0.7038814765624996,6.008823529411765,34.8235294117647,35.8235294117647,40.8235294117647,38.3235294117647,35.8235294117647,0.38285449126838234,574,147
2022,00-0034975,Justice Hill,RB,15,36.0,-52.650000000000006,-0.7147321718749997,5.91,35.13333333333333,36.13333333333333,41.13333333333333,38.63333333333333,36.13333333333333,0.3845367953125,575,148
2022,00-0036250,Tyler Davis,TE,11,8.6,-55.10000000000001,-0.7503325859375001,5.790909090909091,25.818181818181817,26.818181818181817,31.818181818181817,29.318181818181817,26.818181818181817,0.3882468572443182,576,128
2022,00-0034386,Justin Watson,WR,17,51.0,-55.10000000000001,-0.7553271953125,6.241176470588236,47.411764705882355,48.411764705882355,53.411764705882355,50.911764705882355,48.411764705882355,0.4012278653492647,577,218
2022,00-0038040,Zamir White,RB,11,7.000000000000001,-56.5,-0.7616595078124997,5.7727272727272725,35.09090909090909,36.09090909090909,41.09090909090909,38.59090909090909,36.09090909090909,0.38226083451704546,578,149
2022,00-0036572,Shi Smith,WR,17,50.6,-54.85000000000001,-0.7710650546875,6.202941176470588,47.411764705882355,48.411764705882355,53.411764705882355,50.911764705882355,48.411764705882355,0.40206147380514706,579,219
2022,00-0035399,Stanley Morgan,WR,9,0.0,-56.400000000000006,-0.771388171875,6.2666666666666675,48.22222222222222,49.22222222222222,54.22222222222222,51.72222222222222,49.22222222222222,0.40342821614583335,580,220
2022,00-0036133,James Proche,WR,11,10.200000000000001,-56.35,-0.7744053984375001,6.050000000000001,46.27272727272727,47.27272727272727,52.27272727272727,49.77272727272727,47.27272727272727,0.4002844140625,581,221
2022,00-0036991,Amari Rodgers,WR,15,35.1,-57.550000000000004,-0.7761587578125,6.176666666666667,47.2,48.2,53.2,50.7,48.2,0.4009814005208333,582,222
2022,00-0034419,Braxton Berrios,WR,17,48.68,-56.82000000000001,-0.7806716562499998,6.2058823529411775,47.294117647058826,48.294117647058826,53.294117647058826,50.794117647058826,48.294117647058826,0.4004696052389706,583,223
2022,00-0034407,Ray-Ray McCloud,WR,17,51.1,-56.50000000000001,-0.7839950078125,6.329411764705883,47.8235294117647,48.8235294117647,53.8235294117647,51.3235294117647,48.8235294117647,0.3997153138786765,584,224
2022,00-0034418,Cedrick Wilson Jr.,WR,13,20.400000000000002,-60.1,-0.8008997031249998,6.1923076923076925,47.61538461538461,48.61538461538461,53.61538461538461,51.11538461538461,48.61538461538461,0.4008198792067308,585,225
2022,00-0036569,Gary Brightwell,RB,15,26.5,-63.1,-0.8256345312499997,5.973333333333334,35.0,36.0,41.0,38.5,36.0,0.3847245161458333,586,150
2022,00-0037617,Hassan Haskins,RB,14,20.5,-61.7,-0.8262852578125,5.871428571428572,35.42857142857143,36.42857142857143,41.42857142857143,38.92857142857143,36.42857142857143,0.38363755245535713,587,151
2022,00-0033376,Patrick Ricard,RB,13,14.5,-61.300000000000004,-0.8267137968749996,5.830769230769231,34.92307692307692,35.92307692307692,40.92307692307692,38.42307692307692,35.92307692307692,0.38272750841346154,588,152
2022,00-0038090,Skyy Moore,WR,16,38.4,-61.25000000000001,-0.8271111171875001,6.228125,47.5,48.5,53.5,51.0,48.5,0.40211123681640626,589,226
2022,00-0035726,Jakob Johnson,RB,11,3.5,-60.00000000000001,-0.8286128046874999,5.7727272727272725,34.81818181818182,35.81818181818182,40.81818181818182,38.31818181818182,35.81818181818182,0.37956975781249996,590,153
2022,00-0037257,David Bell,WR,15,33.400000000000006,-59.800000000000004,-0.8330586249999998,6.213333333333334,47.93333333333333,48.93333333333333,53.93333333333333,51.43333333333333,48.93333333333333,0.39958766874999996,591,227
2022,00-0035703,Miles Boykin,WR,10,2.1,-61.300000000000004,-0.83602253125,6.340000000000001,47.6,48.6,53.6,51.1,48.6,0.3968703375,592,228
2022,00-0037087,Trestan Ebner,RB,11,5.2,-62.6,-0.8522645546874998,6.163636363636365,35.27272727272727,36.27272727272727,41.27272727272727,38.77272727272727,36.27272727272727,0.3831162166193182,593,154
2022,00-0033251,Zach Pascal,WR,15,28.5,-63.150000000000006,-0.8579884375,6.11,47.53333333333333,48.53333333333333,53.53333333333333,51.03333333333333,48.53333333333333,0.399371690625,594,229
2022,00-0037456,Troy Hairston,RB,12,4.4,-64.55,-0.8667421718749998,5.745833333333334,35.583333333333336,36.583333333333336,41.583333333333336,39.083333333333336,36.583333333333336,0.3817642799479166,595,155
2022,00-0034104,Cam Sims,WR,13,12.9,-64.5,-0.8801730624999999,5.953846153846154,47.30769230769231,48.30769230769231,53.30769230769231,50.80769230769231,48.30769230769231,0.39817590985576923,596,230
2022,00-0034646,Brandon Powell,WR,17,35.6,-69.30000000000001,-0.9113093359375001,6.170588235294118,47.411764705882355,48.411764705882355,53.411764705882355,50.911764705882355,48.411764705882355,0.3997785096507353,597,231
2022,00-0036950,Avery Williams,RB,17,29.5,-70.80000000000001,-0.9781635078124996,5.9,35.23529411764706,36.23529411764706,41.23529411764706,38.73529411764706,36.23529411764706,0.3838529489889706,598,156
2022,00-0036842,Kene Nwangwu,RB,14,4.5,-78.3,-1.042134859375,5.9142857142857155,35.357142857142854,36.357142857142854,41.357142857142854,38.857142857142854,36.357142857142854,0.3847228119419643,599,157
2022,00-0037267,Jerome Ford,RB,13,1.2000000000000002,-77.30000000000001,-1.0552393359374999,6.038461538461538,34.84615384615385,35.84615384615385,40.84615384615385,38.34615384615385,35.84615384615385,0.3867668046875,600,158
2022,00-0036671,Dax Milne,WR,15,12.7,-79.85000000000001,-1.0826024218749999,6.170000000000001,46.93333333333333,47.93333333333333,52.93333333333333,50.43333333333333,47.93333333333333,0.4012426052083333,601,232
2022,00-0036387,Jalen Reagor,WR,17,22.900000000000002,-82.0,-1.1039714140624999,6.170588235294118,47.411764705882355,48.411764705882355,53.411764705882355,50.911764705882355,48.411764705882355,0.3997785096507353,602,233
2022,00-0036877,Jaelon Darden,WR,14,3.8000000000000003,-84.30000000000001,-1.1573695625,6.292857142857144,47.142857142857146,48.142857142857146,53.142857142857146,50.642857142857146,48.142857142857146,0.3982080396205357,603,234
2022,00-0035645,Gunner Olszewski,WR,15,11.700000000000001,-83.30000000000001,-1.1613487656249997,6.333333333333333,47.86666666666667,48.86666666666667,53.86666666666667,51.36666666666667,48.86666666666667,0.3978751880208333,604,235
2022,00-0037272,Montrell Washington,WR,15,5.2,-90.0,-1.2157527343749999,6.346666666666667,48.733333333333334,49.733333333333334,54.733333333333334,52.233333333333334,49.733333333333334,0.4010786463541667,605,236
2022,00-0033292,Trent Taylor,WR,16,10.7,-88.85000000000001,-1.2214725078125,6.221875000000001,48.0,49.0,54.0,51.5,49.0,0.40100603564453124,606,237
2022,00-0037132,Britain Covey,WR,17,0.0,-104.9,-1.416056984375,6.170588235294118,47.411764705882355,48.411764705882355,53.411764705882355,50.911764705882355,48.411764705882355,0.3997785096507353,607,238
2022,00-0037801,KaVontae Turpin,WR,17,3.1,-104.50000000000001,-1.425161890625,6.329411764705883,47.8235294117647,48.8235294117647,53.8235294117647,51.3235294117647,48.8235294117647,0.3997153138786765,608,239
2023,00-0034857,Josh Allen,QB,17,428.64,284.85,3.909659203125,8.458235294117648,24.0,25.0,30.0,27.5,25.0,0.3432384825367647,1,1
2023,00-0033280,Christian McCaffrey,RB,16,357.8,266.0,3.6176320781249998,5.737500000000001,33.6875,34.6875,39.6875,37.1875,34.6875,0.3817927119140625,2,1
2023,00-0036389,Jalen Hurts,QB,17,386.82,247.01999999999998,3.3942459140624996,8.223529411764707,24.0,25.0,30.0,27.5,25.0,0.3427792238051471,3,2
2023,00-0036358,CeeDee Lamb,WR,17,335.70000000000005,235.5,3.2670137265625,5.894117647058824,48.11764705882353,49.11764705882353,54.11764705882353,51.61764705882353,49.11764705882353,0.39390339154411763,4,1
2023,00-0033040,Tyreek Hill,WR,16,316.90000000000003,222.75000000000003,3.0777328906249997,5.884375,48.5,49.5,54.5,52.0,49.5,0.3946547294921875,5,2
2023,00-0033077,Dak Prescott,QB,17,360.84000000000003,216.57,2.9857481406249997,8.486470588235294,24.0,25.0,30.0,27.5,25.0,0.3462317339154412,6,3
2023,00-0034796,Lamar Jackson,QB,16,345.22,209.69,2.9154048203125003,8.470625,24.0,25.0,30.0,27.5,25.0,0.34338386962890627,7,4
2023,00-0036264,Jordan Love,QB,17,341.06,201.95,2.761807484375,8.182941176470589,24.0,25.0,30.0,27.5,25.0,0.34260698851102944,8,5
2023,00-0033881,Evan Engram,TE,17,287.3,196.75,2.7131716875,5.326470588235294,26.0,27.0,32.0,29.5,27.0,0.392653776194853,9,1
2023,00-0035229,T.J. Hockenson,TE,15,266.5,187.5,2.647993296875,5.266666666666667,26.0,27.0,32.0,29.5,27.0,0.38733057083333333,10,2
2023,00-0039065,Sam LaPorta,TE,17,282.3,191.75,2.5560500234375003,5.326470588235294,26.0,27.0,32.0,29.5,27.0,0.392653776194853,11,3
2023,00-0030506,Travis Kelce,TE,15,265.9,187.1,2.5486310546875,5.253333333333333,26.4,27.4,32.4,29.9,27.4,0.38686339062499997,12,4
2023,00-0036963,Amon-Ra St. Brown,WR,16,271.40000000000003,176.1,2.5347264999999997,5.95625,48.1875,49.1875,54.1875,51.6875,49.1875,0.3922312255859375,13,3
2023,00-0037840,Kyren Williams,RB,12,239.0,168.95000000000002,2.4422089453125,5.837500000000001,33.583333333333336,34.583333333333336,39.583333333333336,37.083333333333336,34.583333333333336,0.38087773697916666,14,2
2023,00-0033873,Patrick Mahomes,QB,16,308.22,176.68,2.4421215,8.221250000000001,24.0,25.0,30.0,27.5,25.0,0.3428959072265625,15,6
2023,00-0037834,Brock Purdy,QB,16,317.6,183.79999999999998,2.4294439218749995,8.3625,24.0,25.0,30.0,27.5,25.0,0.3435221904296875,16,7
2023,00-0031687,Raheem Mostert,RB,15,255.20000000000002,170.10000000000002,2.417201328125,5.673333333333334,33.13333333333333,34.13333333333333,39.13333333333333,36.63333333333333,34.13333333333333,0.38336199947916666,17,3
2023,00-0033106,Jared Goff,QB,17,313.1,171.04,2.3463293125,8.356470588235295,24.0,25.0,30.0,27.5,25.0,0.34336866681985295,18,8
2023,00-0039163,C.J. Stroud,QB,15,285.52,163.57,2.2271877734374996,8.13,24.0,25.0,30.0,27.5,25.0,0.34271226822916667,19,9
2023,00-0033885,David Njoku,TE,16,241.7,157.5,2.2110996953124995,5.2625,26.25,27.25,32.25,29.75,27.25,0.38961811669921875,20,5
2023,00-0038120,Breece Hall,RB,17,252.5,155.75,2.2091483828125,5.6911764705882355,33.588235294117645,34.588235294117645,39.588235294117645,37.088235294117645,34.588235294117645,0.38099209375000004,21,4
2023,00-0036971,Trevor Lawrence,QB,16,290.54,159.54000000000002,2.207860796875,8.1875,24.0,25.0,30.0,27.5,25.0,0.3421044033203125,22,10
2023,00-0036212,Tua Tagovailoa,QB,17,298.36,158.56,2.17019590625,8.223529411764707,24.0,25.0,30.0,27.5,25.0,0.3427792238051471,23,11
2023,00-0037077,Sam Howell,QB,17,299.04,158.19,2.1600915390625,8.28529411764706,24.0,25.0,30.0,27.5,25.0,0.3449303184742647,24,12
2023,00-0036973,Travis Etienne,RB,17,253.4,156.35000000000002,2.1595246718750003,5.708823529411766,33.705882352941174,34.705882352941174,39.705882352941174,37.205882352941174,34.705882352941174,0.38061472794117646,25,5
2023,00-0030279,Keenan Allen,WR,13,224.86,150.61,2.115662703125,5.711538461538462,49.07692307692308,50.07692307692308,55.07692307692308,52.57692307692308,50.07692307692308,0.3961967896634615,26,4
2023,00-0034855,Baker Mayfield,QB,17,294.06,152.68,2.0819863906249996,8.316470588235294,24.0,25.0,30.0,27.5,25.0,0.3425645721507353,27,13
2023,00-0036355,Justin Herbert,QB,13,247.66,147.92,2.0686004921874996,7.672307692307693,24.0,25.0,30.0,27.5,25.0,0.3364487001201923,28,14
2023,00-0039075,Puka Nacua,WR,17,246.0,145.5,2.02592440625,5.911764705882353,48.294117647058826,49.294117647058826,54.294117647058826,51.794117647058826,49.294117647058826,0.39460228584558826,29,5
2023,00-0029263,Russell Wilson,QB,15,272.90000000000003,150.16,2.019869328125,8.182666666666668,24.0,25.0,30.0,27.5,25.0,0.3421838776041667,30,15
2023,00-0033288,George Kittle,TE,16,235.7,150.65,2.0122640078125,5.315625,26.0,27.0,32.0,29.5,27.0,0.39148491552734377,31,6
2023,00-0031408,Mike Evans,WR,17,243.0,142.70000000000002,2.0116995468749996,5.8999999999999995,48.11764705882353,49.11764705882353,54.11764705882353,51.61764705882353,49.11764705882353,0.3938848180147059,32,6
2023,00-0033897,Joe Mixon,RB,17,241.0,144.25,2.0037101015625,5.6911764705882355,33.588235294117645,34.588235294117645,39.588235294117645,37.088235294117645,34.588235294117645,0.38099209375000004,33,6
2023,00-0032764,Derrick Henry,RB,17,232.66000000000003,135.91,1.957357625,5.6911764705882355,33.588235294117645,34.588235294117645,39.588235294117645,37.088235294117645,34.588235294117645,0.38099209375000004,34,7
2023,00-0037256,Rachaad White,RB,17,235.9,138.25,1.9472611796875001,5.7441176470588236,33.64705882352941,34.64705882352941,39.64705882352941,37.14705882352941,34.64705882352941,0.38014956525735294,35,8
2023,00-0026498,Matthew Stafford,QB,15,265.1,138.45,1.8724752656249999,8.443333333333333,24.0,25.0,30.0,27.5,25.0,0.3437842625,36,16
2023,00-0036554,Nico Collins,WR,15,220.4,131.6,1.8266405156250003,5.92,48.4,49.4,54.4,51.9,49.4,0.3934327458333333,37,7
2023,00-0034844,Saquon Barkley,RB,14,202.70000000000002,121.15,1.8205736250000002,5.825,34.0,35.0,40.0,37.5,35.0,0.37764878348214287,38,9
2023,00-0037744,Trey McBride,TE,17,222.0,132.20000000000002,1.8148701015625,5.2823529411764705,26.0,27.0,32.0,29.5,27.0,0.3918226833639706,39,7
2023,00-0034827,DJ Moore,WR,17,238.5,136.7,1.8077577187499998,5.988235294117647,48.23529411764706,49.23529411764706,54.23529411764706,51.73529411764706,49.23529411764706,0.39576012591911763,40,8
2023,00-0036290,Cole Kmet,TE,16,217.60000000000002,133.10000000000002,1.8073512968749998,5.28125,26.0,27.0,32.0,29.5,27.0,0.3888321318359375,41,8
2023,00-0035676,A.J. Brown,WR,17,236.60000000000002,136.10000000000002,1.794220328125,5.911764705882353,48.294117647058826,49.294117647058826,54.294117647058826,51.794117647058826,49.294117647058826,0.39460228584558826,42,9
2023,00-0039139,Jahmyr Gibbs,RB,15,216.1,128.55,1.7898167421875002,5.836666666666668,33.733333333333334,34.733333333333334,39.733333333333334,37.233333333333334,34.733333333333334,0.38025494895833334,43,10
2023,00-0036945,Justin Fields,QB,13,248.18,131.15,1.7799587031250002,9.002307692307692,24.0,25.0,30.0,27.5,25.0,0.3468354771634615,44,17
2023,00-0038542,Bijan Robinson,RB,17,217.3,120.4,1.7583523984375002,5.7,33.588235294117645,34.588235294117645,39.588235294117645,37.088235294117645,34.588235294117645,0.3817168511029412,45,11
2023,00-0035719,Deebo Samuel Sr.,WR,15,213.7,125.64999999999999,1.7038817343750001,5.87,47.86666666666667,48.86666666666667,53.86666666666667,51.36666666666667,48.86666666666667,0.3914594416666667,46,10
2023,00-0036261,Brandon Aiyuk,WR,16,211.7,117.55000000000001,1.6992674765624998,5.884375,48.0,49.0,54.0,51.5,49.0,0.39257675634765626,47,11
2023,00-0031280,Derek Carr,QB,17,257.12,118.07999999999998,1.6509828125000001,8.178823529411765,24.0,25.0,30.0,27.5,25.0,0.34368526884191175,48,18
2023,00-0038041,Jake Ferguson,TE,17,212.6,122.1,1.6371839062499998,5.323529411764706,26.294117647058822,27.294117647058822,32.294117647058826,29.794117647058822,27.294117647058822,0.39210772840073527,49,9
2023,00-0033906,Alvin Kamara,RB,13,195.5,122.9,1.6334613125,5.584615384615385,34.23076923076923,35.23076923076923,40.23076923076923,37.73076923076923,35.23076923076923,0.3870150474759615,50,12
2023,00-0035685,David Montgomery,RB,14,199.2,120.45,1.6304546015625,5.625,34.07142857142857,35.07142857142857,40.07142857142857,37.57142857142857,35.07142857142857,0.3779509921875,51,13
2023,00-0031588,Stefon Diggs,WR,17,220.3,118.50000000000001,1.6301717500000001,5.988235294117647,48.23529411764706,49.23529411764706,54.23529411764706,51.73529411764706,49.23529411764706,0.39576012591911763,52,12
2023,00-0030565,Geno Smith,QB,15,244.76,120.51999999999998,1.61289075,8.282666666666668,24.0,25.0,30.0,27.5,25.0,0.3427373260416667,53,19
2023,00-0033949,Joshua Dobbs,QB,13,220.66,118.51,1.6087411406249996,7.857692307692308,24.0,25.0,30.0,27.5,25.0,0.33732996754807687,54,20
2023,00-0037248,James Cook,RB,17,210.70000000000002,112.2,1.6002899140625,5.794117647058823,33.64705882352941,34.64705882352941,39.64705882352941,37.14705882352941,34.64705882352941,0.3811561479779412,55,14
2023,00-0033553,James Conner,RB,13,188.0,114.1,1.5957389218749998,5.684615384615385,33.61538461538461,34.61538461538461,39.61538461538461,37.11538461538461,34.61538461538461,0.3799793731971154,56,15
2023,00-0031381,Davante Adams,WR,17,213.9,112.10000000000001,1.5652359609375002,5.988235294117647,48.23529411764706,49.23529411764706,54.23529411764706,51.73529411764706,49.23529411764706,0.39576012591911763,57,13
2023,00-0037197,Isiah Pacheco,RB,14,191.9,112.69999999999999,1.5451283203125,5.6571428571428575,33.142857142857146,34.142857142857146,39.142857142857146,36.642857142857146,34.142857142857146,0.3817598203125,58,16
2023,00-0036322,Justin Jefferson,WR,10,168.2,106.10000000000001,1.5117095078124998,6.21,47.6,48.6,53.6,51.1,48.6,0.39083050859375,59,14
2023,00-0036252,Michael Pittman,WR,16,197.70000000000002,104.45,1.4858498046874995,5.828125,48.4375,49.4375,54.4375,51.9375,49.4375,0.3958876572265625,60,15
2023,00-0035261,Tony Pollard,RB,17,195.1,98.35,1.4693512499999999,5.6911764705882355,33.588235294117645,34.588235294117645,39.588235294117645,37.088235294117645,34.588235294117645,0.38099209375000004,61,17
2023,00-0034753,Mark Andrews,TE,10,157.9,107.25,1.4688495859375,5.0649999999999995,25.4,26.4,31.4,28.9,26.4,0.38305513125,62,10
2023,00-0038933,Dalton Kincaid,TE,16,186.8,100.80000000000001,1.4536906484375,5.375,26.25,27.25,32.25,29.75,27.25,0.3902105146484375,63,11
2023,00-0036900,Ja'Marr Chase,WR,16,212.72,119.67,1.4472666953125,5.815625,48.375,49.375,54.375,51.875,49.375,0.3946424755859375,64,16
2023,00-0037746,Brian Robinson,RB,15,180.10000000000002,97.25000000000001,1.44349584375,5.523333333333334,33.266666666666666,34.266666666666666,39.266666666666666,36.766666666666666,34.266666666666666,0.37947707708333334,65,18
2023,00-0031544,Amari Cooper,WR,15,191.0,103.25,1.3925290000000001,5.85,48.46666666666667,49.46666666666667,54.46666666666667,51.96666666666667,49.46666666666667,0.3950933,66,17
2023,00-0038134,Kenneth Walker III,RB,15,184.9,96.9,1.3767433359375,5.866666666666666,33.53333333333333,34.53333333333333,39.53333333333333,37.03333333333333,34.53333333333333,0.37914517187499996,67,19
2023,00-0034383,Dalton Schultz,TE,15,180.0,98.15,1.3705068203125004,5.456666666666666,26.066666666666666,27.066666666666666,32.06666666666667,29.566666666666666,27.066666666666666,0.3929368625,68,12
2023,00-0039146,Jayden Reed,WR,16,185.20000000000002,92.3,1.3661513046875002,5.80625,48.375,49.375,54.375,51.875,49.375,0.3964676298828125,69,18
2023,00-0039040,De'Von Achane,RB,11,177.2,113.85,1.3533664921875002,5.759090909090909,33.09090909090909,34.09090909090909,39.09090909090909,36.59090909090909,34.09090909090909,0.3790671605113636,70,20
2023,00-0037239,Chris Olave,WR,16,187.8,93.75,1.3504925625,5.878125,48.375,49.375,54.375,51.875,49.375,0.3951573359375,71,19
2023,00-0036912,DeVonta Smith,WR,16,187.1,92.30000000000001,1.3427131015624998,5.925,48.3125,49.3125,54.3125,51.8125,49.3125,0.39538266796875,72,20
2023,00-0034837,Calvin Ridley,WR,17,191.9,91.35000000000001,1.327087296875,5.914705882352941,48.294117647058826,49.294117647058826,54.294117647058826,51.794117647058826,49.294117647058826,0.3934705790441177,73,21
2023,00-0035640,DK Metcalf,WR,16,192.4,97.45,1.3225867109374998,5.934375,48.0,49.0,54.0,51.5,49.0,0.3926910888671875,74,22
2023,00-0037267,Jerome Ford,RB,17,189.20000000000002,91.55,1.3188339296875,5.7441176470588236,33.64705882352941,34.64705882352941,39.64705882352941,37.14705882352941,34.64705882352941,0.38014956525735294,75,21
2023,00-0036223,Jonathan Taylor,RB,10,146.9,91.15,1.3027895078125,5.575,34.4,35.4,40.4,37.9,35.4,0.38423506484375,76,22
2023,00-0034960,Jakobi Meyers,WR,16,183.08,87.98,1.294152921875,5.9437500000000005,47.8125,48.8125,53.8125,51.3125,48.8125,0.3980542392578125,77,23
2023,00-0036275,D'Andre Swift,RB,16,179.8,88.10000000000001,1.2816278203125,5.73125,33.375,34.375,39.375,36.875,34.375,0.382387884765625,78,23
2023,00-0029604,Kirk Cousins,QB,8,159.74,94.05,1.2703849453125002,8.21125,24.0,25.0,30.0,27.5,25.0,0.34092764453125,79,21
2023,00-0034351,Dallas Goedert,TE,14,165.8,90.39999999999999,1.2183308671875,5.385714285714286,26.5,27.5,32.5,30.0,27.5,0.3871597204241071,80,13
2023,00-0035228,Kyler Murray,QB,8,156.36,86.09,1.2121669921874998,8.783750000000001,24.0,25.0,30.0,27.5,25.0,0.3508529599609375,81,22
2023,00-0035700,Josh Jacobs,RB,13,162.6,88.9,1.2056226953125,5.6692307692307695,33.23076923076923,34.23076923076923,39.23076923076923,36.73076923076923,34.23076923076923,0.3817767055288461,82,24
2023,00-0033699,Austin Ekeler,RB,14,159.9,82.05,1.1972941953125,5.560714285714286,34.642857142857146,35.642857142857146,40.642857142857146,38.142857142857146,35.642857142857146,0.3822848074776785,83,25
2023,00-0038994,Jordan Addison,WR,17,186.3,84.5,1.1917039609375002,5.988235294117647,48.23529411764706,49.23529411764706,54.23529411764706,51.73529411764706,49.23529411764706,0.39576012591911763,84,24
2023,00-0036893,Najee Harris,RB,17,181.0,84.35000000000001,1.177968203125,5.685294117647059,33.588235294117645,34.588235294117645,39.588235294117645,37.088235294117645,34.588235294117645,0.38220125183823533,85,26
2023,00-0038977,Tank Dell,WR,10,141.5,82.25,1.1668637578125,5.925,49.8,50.8,55.8,53.3,50.8,0.39950214375000004,86,25
2023,00-0034184,Gus Edwards,RB,17,181.0,82.5,1.1650036015625003,5.794117647058823,33.64705882352941,34.64705882352941,39.64705882352941,37.14705882352941,34.64705882352941,0.3811561479779412,87,27
2023,00-0030564,DeAndre Hopkins,WR,17,186.1,85.9,1.1551989921874999,5.894117647058824,48.11764705882353,49.11764705882353,54.11764705882353,51.61764705882353,49.11764705882353,0.39390339154411763,88,26
2023,00-0036613,Jaylen Waddle,WR,14,162.60000000000002,81.05000000000001,1.1526358828124996,5.825,48.357142857142854,49.357142857142854,54.357142857142854,51.857142857142854,49.357142857142854,0.39505890792410714,89,27
2023,00-0038122,Desmond Ridder,QB,15,200.64000000000001,77.77000000000001,1.1280558906249998,8.191333333333334,24.0,25.0,30.0,27.5,25.0,0.343155925,90,23
2023,00-0033090,Hunter Henry,TE,13,140.9,75.0,1.122231203125,5.06923076923077,26.153846153846153,27.153846153846153,32.15384615384615,29.653846153846153,27.153846153846153,0.38531806790865386,91,14
2023,00-0030035,Adam Thielen,WR,17,179.5,79.30000000000001,1.1162279921874996,5.894117647058824,48.11764705882353,49.11764705882353,54.11764705882353,51.61764705882353,49.11764705882353,0.39390339154411763,92,28
2023,00-0035289,Gardner Minshew,QB,16,214.20000000000002,82.36,1.0971932578124999,8.24,24.0,25.0,30.0,27.5,25.0,0.3438670463867188,93,24
2023,00-0039067,Rashee Rice,WR,16,173.0,78.2,1.0964351484375,5.925,48.3125,49.3125,54.3125,51.8125,49.3125,0.39538266796875,94,29
2023,00-0035100,Jake Browning,QB,9,157.94,80.28,1.0905546406249997,8.628888888888888,24.0,25.0,30.0,27.5,25.0,0.3466676979166667,95,25
2023,00-0039064,Zay Flowers,WR,16,167.9,71.8,1.08707534375,6.0062500000000005,48.25,49.25,54.25,51.75,49.25,0.396612873046875,96,30
2023,00-0033357,Taysom Hill,TE,16,160.02,75.07000000000001,1.0731111171875,5.309375,26.0625,27.0625,32.0625,29.5625,27.0625,0.39113439208984374,97,15
2023,00-0037247,George Pickens,WR,17,177.3,77.25,1.0555845546875,5.885294117647058,48.11764705882353,49.11764705882353,54.11764705882353,51.61764705882353,49.11764705882353,0.39562118382352945,98,31
2023,00-0036251,Zack Moss,RB,14,156.10000000000002,77.8,1.04757796875,5.5928571428571425,32.92857142857143,33.92857142857143,38.92857142857143,36.42857142857143,33.92857142857143,0.38176919810267856,99,28
2023,00-0031610,Darren Waller,TE,12,139.20000000000002,72.75,1.0354538203124999,5.5375000000000005,26.083333333333332,27.083333333333332,32.083333333333336,29.583333333333332,27.083333333333332,0.3916966829427084,100,16
2023,00-0036442,Joe Burrow,QB,10,159.16,76.2,1.0253169296875002,8.296000000000001,24.0,25.0,30.0,27.5,25.0,0.34398727500000004,101,26
2023,00-0036970,Kyle Pitts,TE,17,163.8,74.0,1.019784390625,5.2823529411764705,26.235294117647058,27.235294117647058,32.23529411764706,29.735294117647058,27.235294117647058,0.38971485340073525,102,17
2023,00-0026158,Joe Flacco,QB,5,116.84,74.19999999999999,1.0165063203124998,8.528,24.0,25.0,30.0,27.5,25.0,0.34873170937500003,103,27
2023,00-0037228,Jaylen Warren,RB,17,165.9,69.25,0.9730045859374998,5.685294117647059,33.588235294117645,34.588235294117645,39.588235294117645,37.088235294117645,34.588235294117645,0.38220125183823533,104,29
2023,00-0037740,Garrett Wilson,WR,17,165.70000000000002,65.5,0.9669192500000001,5.894117647058824,48.11764705882353,49.11764705882353,54.11764705882353,51.61764705882353,49.11764705882353,0.39390339154411763,105,32
2023,00-0034348,Courtland Sutton,WR,16,160.70000000000002,67.0,0.9584589218749999,5.85625,48.625,49.625,54.625,52.125,49.625,0.3938421005859375,106,33
2023,00-0036555,Chuba Hubbard,RB,17,163.0,66.25,0.9574075624999998,5.6911764705882355,33.588235294117645,34.588235294117645,39.588235294117645,37.088235294117645,34.588235294117645,0.38099209375000004,107,30
2023,00-0033921,Chris Godwin Jr.,WR,17,167.70000000000002,67.4,0.94260953125,5.8999999999999995,48.11764705882353,49.11764705882353,54.11764705882353,51.61764705882353,49.11764705882353,0.3938848180147059,108,34
2023,00-0033908,Cooper Kupp,WR,12,134.9,65.25,0.9402039765625001,5.804166666666667,47.416666666666664,48.416666666666664,53.416666666666664,50.916666666666664,48.416666666666664,0.3972710032552083,109,35
2023,00-0031260,Logan Thomas,TE,16,154.3,69.7,0.9341802109374999,5.2875,26.125,27.125,32.125,29.625,27.125,0.39138302294921873,110,18
2023,00-0032211,Tyler Lockett,WR,17,162.9,62.60000000000001,0.9281941093750001,5.8999999999999995,48.11764705882353,49.11764705882353,54.11764705882353,51.61764705882353,49.11764705882353,0.3938848180147059,111,36
2023,00-0036875,Rhamondre Stevenson,RB,12,126.7,60.7,0.927438953125,5.5,32.833333333333336,33.833333333333336,38.833333333333336,36.333333333333336,33.833333333333336,0.3823753717447917,112,31
2023,00-0035659,Terry McLaurin,WR,17,163.70000000000002,63.800000000000004,0.9159156796874999,5.876470588235295,48.588235294117645,49.588235294117645,54.588235294117645,52.088235294117645,49.588235294117645,0.3952171516544118,113,37
2023,00-0036997,Javonte Williams,RB,16,155.70000000000002,62.900000000000006,0.8909332656250002,5.800000000000001,33.75,34.75,39.75,37.25,34.75,0.379356123046875,114,32
2023,00-0034270,Tyler Conklin,TE,17,153.6,63.1,0.8685557812499997,5.323529411764706,26.294117647058822,27.294117647058822,32.294117647058826,29.794117647058822,27.294117647058822,0.39210772840073527,115,19
2023,00-0033293,Aaron Jones,RB,11,119.9,56.85,0.851379828125,5.731818181818182,34.27272727272727,35.27272727272727,40.27272727272727,37.77272727272727,35.27272727272727,0.3836387869318182,116,33
2023,00-0033858,Jonnu Smith,TE,17,149.2,59.4,0.8319768828124999,5.2823529411764705,26.235294117647058,27.235294117647058,32.23529411764706,29.735294117647058,27.235294117647058,0.38971485340073525,117,20
2023,00-0033895,Gerald Everett,TE,15,136.6,56.95,0.8232539687500001,5.3100000000000005,26.466666666666665,27.466666666666665,32.46666666666667,29.966666666666665,27.466666666666665,0.3927375,118,21
2023,00-0035250,Devin Singletary,RB,17,152.34,55.59,0.8083539296875002,5.6911764705882355,33.588235294117645,34.588235294117645,39.588235294117645,37.088235294117645,34.588235294117645,0.38099209375000004,119,34
2023,00-0038129,Cade Otton,TE,17,142.0,52.300000000000004,0.7558117031249996,5.276470588235294,26.235294117647058,27.235294117647058,32.23529411764706,29.735294117647058,27.235294117647058,0.39089678906249997,120,22
2023,00-0033045,Ezekiel Elliott,RB,17,149.0,52.099999999999994,0.7489339375,5.7,33.588235294117645,34.588235294117645,39.588235294117645,37.088235294117645,34.588235294117645,0.3817168511029412,121,35
2023,00-0031236,Brandin Cooks,WR,16,146.2,52.699999999999996,0.7480843984375001,5.84375,47.6875,48.6875,53.6875,51.1875,48.6875,0.396081458984375,122,38
2023,00-0034775,Christian Kirk,WR,12,121.76,52.910000000000004,0.7425609140625,5.7375,49.916666666666664,50.916666666666664,55.916666666666664,53.416666666666664,50.916666666666664,0.39607213671875,123,39
2023,00-0038579,Aidan O'Connell,QB,11,139.82,51.84,0.7257898984375001,7.998181818181819,24.0,25.0,30.0,27.5,25.0,0.3390280284090909,124,28
2023,00-0033110,Tyler Higbee,TE,15,132.0,52.7,0.7202863359375002,5.286666666666666,26.133333333333333,27.133333333333333,32.13333333333333,29.633333333333333,27.133333333333333,0.390135171875,125,23
2023,00-0035216,Diontae Johnson,WR,13,127.2,51.15,0.7072640625000001,5.85,46.92307692307692,47.92307692307692,52.92307692307692,50.42307692307692,47.92307692307692,0.39506928064903846,126,40
2023,00-0033537,Deshaun Watson,QB,6,94.8,49.72,0.7036142187500001,7.5133333333333345,24.0,25.0,30.0,27.5,25.0,0.3323189739583334,127,29
2023,00-0037238,Drake London,WR,16,139.88,44.48,0.6896371171874998,5.9625,48.25,49.25,54.25,51.75,49.25,0.3934961416015625,128,41
2023,00-0036040,Juwan Johnson,TE,13,116.3,45.85,0.6748739765625003,5.4192307692307695,26.692307692307693,27.692307692307693,32.69230769230769,30.192307692307693,27.692307692307693,0.3921837830528846,129,24
2023,00-0037809,Chig Okonkwo,TE,17,140.4,49.900000000000006,0.6633190859375002,5.323529411764706,26.294117647058822,27.294117647058822,32.294117647058826,29.794117647058822,27.294117647058822,0.39210772840073527,130,25
2023,00-0036410,Tee Higgins,WR,12,116.6,44.05,0.6600486015625,6.045833333333333,48.0,49.0,54.0,51.5,49.0,0.3918797272135417,131,42
2023,00-0037816,Romeo Doubs,WR,17,144.9,44.85,0.6340698359374999,5.885294117647058,48.11764705882353,49.11764705882353,54.11764705882353,51.61764705882353,49.11764705882353,0.39562118382352945,132,43
2023,00-0037545,Rashid Shaheed,WR,15,128.6,37.6,0.6264626328125,6.066666666666666,48.6,49.6,54.6,52.1,49.6,0.39628066666666667,133,44
2023,00-0036972,Mac Jones,QB,11,130.4,42.260000000000005,0.6217090937500002,8.012727272727274,24.0,25.0,30.0,27.5,25.0,0.3416435213068182,134,30
2023,00-0037838,Isaiah Likely,TE,14,116.1,39.2,0.585290921875,5.492857142857143,26.5,27.5,32.5,30.0,27.5,0.3927478091517857,135,26
2023,00-0036196,Gabe Davis,WR,16,138.9,42.25000000000001,0.5784974062499999,6.040625,48.1875,49.1875,54.1875,51.6875,49.1875,0.39592878515625,136,45
2023,00-0039164,Anthony Richardson,QB,4,74.68,39.910000000000004,0.5635486718750001,8.6925,24.0,25.0,30.0,27.5,25.0,0.34545875390624997,137,31
2023,00-0039150,Bryce Young,QB,16,176.38,40.47,0.5282822109374998,8.494375,24.0,25.0,30.0,27.5,25.0,0.34624398486328123,138,32
2023,00-0033307,Kendrick Bourne,WR,8,81.5,33.1,0.5251803828124999,6.05,50.875,51.875,56.875,54.375,51.875,0.39663263964843753,139,46
2023,00-0034613,Tanner Hudson,TE,12,99.7,36.5,0.5107800624999999,5.266666666666667,26.666666666666668,27.666666666666668,32.666666666666664,30.166666666666668,27.666666666666668,0.3946289453125,140,27
2023,00-0037263,Tyler Allgeier,RB,17,128.6,31.700000000000003,0.4989265000000002,5.7,33.588235294117645,34.588235294117645,39.588235294117645,37.088235294117645,34.588235294117645,0.3817168511029412,141,36
2023,00-0039152,Will Levis,QB,9,110.02,36.26,0.49668481249999974,8.195555555555556,24.0,25.0,30.0,27.5,25.0,0.34543302517361113,142,33
2023,00-0033319,Nick Mullens,QB,5,82.74000000000001,35.00000000000001,0.4960527656250002,9.548,24.0,25.0,30.0,27.5,25.0,0.350557425,143,34
2023,00-0038124,Christian Watson,WR,9,87.3,38.45,0.490010203125,5.427777777777778,49.111111111111114,50.111111111111114,55.111111111111114,52.611111111111114,50.111111111111114,0.4044542734375,144,47
2023,00-0033925,D'Onta Foreman,RB,9,85.7,35.900000000000006,0.48331021874999996,5.533333333333333,34.333333333333336,35.333333333333336,40.333333333333336,37.833333333333336,35.333333333333336,0.38327877083333334,145,37
2023,00-0039144,Luke Musgrave,TE,11,92.2,35.550000000000004,0.4816806874999999,5.15,25.545454545454547,26.545454545454547,31.545454545454547,29.045454545454547,26.545454545454547,0.38892203693181815,146,28
2023,00-0035662,Marquise Brown,WR,13,109.2,35.35000000000001,0.48097753125,5.68076923076923,49.69230769230769,50.69230769230769,55.69230769230769,53.19230769230769,50.69230769230769,0.3979390721153846,147,48
2023,00-0037013,Zach Wilson,QB,12,133.94,33.839999999999996,0.476819125,8.341666666666667,24.0,25.0,30.0,27.5,25.0,0.34353421549479163,148,35
2023,00-0036894,Pat Freiermuth,TE,11,92.8,32.85,0.44154225781249984,5.45,26.636363636363637,27.636363636363637,32.63636363636363,30.136363636363637,27.636363636363637,0.40010863565340915,149,29
2023,00-0036906,Khalil Herbert,RB,12,102.5,30.85,0.43649149218750005,5.970833333333334,33.666666666666664,34.666666666666664,39.666666666666664,37.166666666666664,34.666666666666664,0.3797411783854167,150,38
2023,00-0033282,Curtis Samuel,WR,16,126.2,31.299999999999997,0.4194157812499999,5.93125,48.6875,49.6875,54.6875,52.1875,49.6875,0.393646830078125,151,49
2023,00-0039032,Tyjae Spears,RB,17,127.80000000000001,31.05,0.41380739062499994,5.6911764705882355,33.588235294117645,34.588235294117645,39.588235294117645,37.088235294117645,34.588235294117645,0.38099209375000004,152,39
2023,00-0038416,Tyson Bagent,QB,5,65.26,30.66,0.4110688203124999,6.92,24.0,25.0,30.0,27.5,25.0,0.333742421875,153,36
2023,00-0035535,Darius Slayton,WR,17,126.0,24.200000000000003,0.4070550234374999,5.988235294117647,48.23529411764706,49.23529411764706,54.23529411764706,51.73529411764706,49.23529411764706,0.39576012591911763,154,50
2023,00-0030061,Zach Ertz,TE,7,65.2,28.35,0.4048431328124999,5.264285714285714,25.285714285714285,26.285714285714285,31.285714285714285,28.785714285714285,26.285714285714285,0.39171017187499996,155,30
2023,00-0033923,Kareem Hunt,RB,15,111.0,25.899999999999995,0.39938403906250003,5.673333333333334,34.06666666666667,35.06666666666667,40.06666666666667,37.56666666666667,35.06666666666667,0.3843156734375,156,40
2023,00-0031800,Taylor Heinicke,QB,5,74.0,27.58,0.3867061250000001,9.284,24.0,25.0,30.0,27.5,25.0,0.3549263125,157,37
2023,00-0032775,Demarcus Robinson,WR,8,74.4,28.000000000000007,0.3796948437500002,5.800000000000001,45.75,46.75,51.75,49.25,46.75,0.3941326962890625,158,51
2023,00-0038454,Keaton Mitchell,RB,7,65.4,26.700000000000006,0.37160525781249987,5.528571428571429,34.714285714285715,35.714285714285715,40.714285714285715,38.214285714285715,35.714285714285715,0.38599966964285715,159,41
2023,00-0034972,Alexander Mattison,RB,16,118.2,26.1,0.36861495312500014,5.7562500000000005,33.6875,34.6875,39.6875,37.1875,34.6875,0.3806381567382813,160,42
2023,00-0038996,Tucker Kraft,TE,14,94.0,21.700000000000003,0.352508140625,5.164285714285714,26.357142857142858,27.357142857142858,32.357142857142854,29.857142857142858,27.357142857142858,0.3880668978794643,161,31
2023,00-0038102,Kenny Pickett,QB,12,118.2,26.830000000000002,0.3495555234374999,7.614166666666667,24.0,25.0,30.0,27.5,25.0,0.33929430664062504,162,38
2023,00-0033591,Noah Brown,WR,10,85.10000000000001,26.25,0.34663681250000006,5.885,46.5,47.5,52.5,50.0,47.5,0.39273007656250003,163,52
2023,00-0038476,Tommy DeVito,QB,9,99.54,20.459999999999997,0.33525689843749995,8.786666666666667,24.0,25.0,30.0,27.5,25.0,0.34668544878472224,164,39
2023,00-0035710,Daniel Jones,QB,6,68.96000000000001,20.94,0.3343296875000001,8.003333333333334,24.0,25.0,30.0,27.5,25.0,0.34290688541666664,165,40
2023,00-0035329,Donald Parham,TE,14,93.0,22.200000000000003,0.33161673437499994,5.057142857142857,25.714285714285715,26.714285714285715,31.714285714285715,29.214285714285715,26.714285714285715,0.3892542527901786,166,32
2023,00-0036988,Josh Palmer,WR,10,87.7,25.35,0.3268974218749998,6.235,49.4,50.4,55.4,52.9,50.4,0.39177182890625,167,53
2023,00-0035282,Easton Stick,QB,5,69.56,21.820000000000004,0.30285728906250003,9.548,24.0,25.0,30.0,27.5,25.0,0.350557425,168,41
2023,00-0038997,Josh Downs,WR,17,123.10000000000001,22.7,0.2999846953125001,5.905882352941177,48.1764705882353,49.1764705882353,54.1764705882353,51.6764705882353,49.1764705882353,0.39507532720588234,169,54
2023,00-0033536,Mike Williams,WR,3,40.7,21.200000000000003,0.2890812421875,6.5,51.333333333333336,52.333333333333336,57.333333333333336,54.833333333333336,52.333333333333336,0.38311248697916667,170,55
2023,00-0033869,Mitchell Trubisky,QB,5,58.68,19.14,0.28835053906249997,7.9079999999999995,24.0,25.0,30.0,27.5,25.0,0.34624625,171,42
2023,00-0032950,Carson Wentz,QB,1,28.12,19.86,0.2847112265625,8.26,24.0,25.0,30.0,27.5,25.0,0.3409122890625,172,43
2023,00-0036265,AJ Dillon,RB,15,106.60000000000001,21.6,0.2802466093750001,5.666666666666667,33.6,34.6,39.6,37.1,34.6,0.3830806859375,173,43
2023,00-0039066,Michael Mayer,TE,13,84.9,17.750000000000004,0.2735633046875,5.165384615384616,25.846153846153847,26.846153846153847,31.846153846153847,29.346153846153847,26.846153846153847,0.3852085168269231,174,33
2023,00-0038117,Wan'Dale Robinson,WR,15,103.2,14.499999999999996,0.26199325781249994,5.913333333333333,47.93333333333333,48.93333333333333,53.93333333333333,51.43333333333333,48.93333333333333,0.39909042812499995,175,56
2023,00-0036407,Jerry Jeudy,WR,16,114.80000000000001,20.65,0.2580451484374996,5.884375,48.4375,49.4375,54.4375,51.9375,49.4375,0.39415552734375003,176,57
2023,00-0033943,Josh Reynolds,WR,16,108.8,14.650000000000002,0.2561762578125002,5.884375,48.0,49.0,54.0,51.5,49.0,0.39257675634765626,177,58
2023,00-0031345,Jimmy Garoppolo,QB,7,82.10000000000001,18.03,0.251456578125,9.152857142857144,24.0,25.0,30.0,27.5,25.0,0.34952259709821426,178,44
2023,00-0035664,Darrell Henderson,RB,4,38.5,16.85,0.23876010937499986,5.4125,32.75,33.75,38.75,36.25,33.75,0.38691832812500004,179,44
2023,00-0038543,Jaxon Smith-Njigba,WR,17,118.3,18.000000000000004,0.23639752343750026,5.8999999999999995,48.11764705882353,49.11764705882353,54.11764705882353,51.61764705882353,49.11764705882353,0.3938848180147059,180,59
2023,00-0034798,Durham Smythe,TE,13,89.10000000000001,17.200000000000003,0.23183989843750014,5.5307692307692315,26.615384615384617,27.615384615384617,32.61538461538461,30.115384615384617,27.615384615384617,0.39060576141826925,181,34
2023,00-0038393,Dontayvion Wicks,WR,15,100.26,13.560000000000002,0.22937335937499986,5.78,48.46666666666667,49.46666666666667,54.46666666666667,51.96666666666667,49.46666666666667,0.3955876151041667,182,60
2023,00-0038559,Michael Wilson,WR,13,95.5,16.000000000000004,0.2221804218749996,6.115384615384615,48.76923076923077,49.76923076923077,54.76923076923077,52.26923076923077,49.76923076923077,0.3938190799278847,183,61
2023,00-0035689,Dawson Knox,TE,10,65.6,11.949999999999998,0.20068953906250014,5.365,26.0,27.0,32.0,29.5,27.0,0.39205558125,184,35
2023,00-0036849,Tutu Atwell,WR,14,92.9,12.75,0.1935801874999996,5.7250000000000005,49.214285714285715,50.214285714285715,55.214285714285715,52.714285714285715,50.214285714285715,0.39606224218749997,185,62
2023,00-0037091,Bo Melton,WR,4,37.900000000000006,11.850000000000001,0.1859279843749999,6.5125,45.0,46.0,51.0,48.5,46.0,0.38637091015625,186,63
2023,00-0033009,Tyler Boyd,WR,17,113.3,13.100000000000001,0.18228942968750012,5.894117647058824,48.11764705882353,49.11764705882353,54.11764705882353,51.61764705882353,49.11764705882353,0.39390339154411763,187,64
2023,00-0032765,Michael Thomas,WR,10,70.3,11.850000000000001,0.16937928906249988,5.845000000000001,50.1,51.1,56.1,53.6,51.1,0.39945066953124997,188,65
2023,00-0034777,DJ Chark,WR,14,98.0,14.399999999999999,0.16812740625,5.971428571428572,48.285714285714285,49.285714285714285,54.285714285714285,51.785714285714285,49.285714285714285,0.3942629564732143,189,66
2023,00-0029701,Ryan Tannehill,QB,9,94.03999999999999,12.469999999999995,0.16492417187500008,9.063333333333334,24.0,25.0,30.0,27.5,25.0,0.3489599036458333,190,45
2023,00-0036328,Antonio Gibson,RB,16,103.4,12.599999999999998,0.16026092187500007,5.675000000000001,33.375,34.375,39.375,36.875,34.375,0.38156636279296874,191,45
2023,00-0028118,Tyrod Taylor,QB,10,93.34,6.769999999999994,0.15711805468750004,8.657,24.0,25.0,30.0,27.5,25.0,0.34883451640624996,192,46
2023,00-0036876,Kylen Granson,TE,15,88.0,7.550000000000001,0.14684798437500007,5.363333333333333,26.533333333333335,27.533333333333335,32.53333333333333,30.033333333333335,27.533333333333335,0.3941098979166667,193,36
2023,00-0034791,Nick Chubb,RB,2,21.1,8.55,0.1417199531250002,6.275,30.5,31.5,36.5,34.0,31.5,0.34890375390624995,194,46
2023,00-0038108,Bailey Zappe,QB,10,87.18,5.950000000000003,0.14007574218749982,8.123000000000001,24.0,25.0,30.0,27.5,25.0,0.34696748515625,195,47
2023,00-0035644,Noah Fant,TE,15,89.4,10.550000000000004,0.13937821874999984,5.256666666666666,26.333333333333332,27.333333333333332,32.333333333333336,29.833333333333332,27.333333333333332,0.3878540609375,196,37
2023,00-0032436,Jeff Driskel,QB,1,17.94,9.680000000000001,0.13777157812499996,8.26,24.0,25.0,30.0,27.5,25.0,0.3409122890625,197,48
2023,00-0035264,Jarrett Stidham,QB,2,28.64,9.32,0.13159482812500006,9.66,24.0,25.0,30.0,27.5,25.0,0.3522545859375,198,49
2023,00-0027973,Andy Dalton,QB,2,23.64,9.709999999999999,0.12987260937499995,6.965,24.0,25.0,30.0,27.5,25.0,0.344637953125,199,50
2023,00-0033891,Zay Jones,WR,9,61.1,9.650000000000002,0.12047617187499993,5.716666666666667,47.888888888888886,48.888888888888886,53.888888888888886,51.388888888888886,48.888888888888886,0.3888996796875,200,67
2023,00-0031235,Odell Beckham Jr.,WR,14,90.00000000000001,5.950000000000005,0.11903223437499993,6.003571428571428,47.785714285714285,48.785714285714285,53.785714285714285,51.285714285714285,48.785714285714285,0.39489293136160714,201,68
2023,00-0036980,Elijah Moore,WR,16,102.60000000000001,8.000000000000002,0.11668110156249994,5.9125000000000005,48.125,49.125,54.125,51.625,49.125,0.3946203583984375,202,69
2023,00-0038612,A.T. Perry,WR,8,54.6,7.600000000000001,0.115077234375,5.875,45.625,46.625,51.625,49.125,46.625,0.3903596435546875,203,70
2023,00-0034830,Hayden Hurst,TE,9,51.400000000000006,4.3999999999999995,0.09894668749999996,5.222222222222222,25.555555555555557,26.555555555555557,31.555555555555557,29.055555555555557,26.555555555555557,0.3868487170138889,204,38
2023,00-0036345,K.J. Osborn,WR,15,96.0,6.1,0.09341233593749976,5.993333333333334,48.666666666666664,49.666666666666664,54.666666666666664,52.166666666666664,49.666666666666664,0.39595284166666667,205,71
2023,00-0036158,J.K. Dobbins,RB,1,10.7,5.249999999999999,0.08568064843750006,5.45,37.0,38.0,43.0,40.5,38.0,0.37907134374999996,206,47
2023,00-0037382,Brandon Johnson,WR,10,63.900000000000006,1.9500000000000002,0.07687271874999974,6.195,48.4,49.4,54.4,51.9,49.4,0.39014365390625,207,72
2023,00-0034975,Justice Hill,RB,16,95.30000000000001,3.3000000000000025,0.06834148437500032,5.75,33.8125,34.8125,39.8125,37.3125,34.8125,0.380077384765625,208,48
2023,00-0035704,Drew Lock,QB,4,35.120000000000005,2.869999999999999,0.06653747656249989,8.0625,24.0,25.0,30.0,27.5,25.0,0.336875751953125,209,51
2023,00-0027696,Jimmy Graham,TE,6,36.9,5.05,0.06491457031250003,5.308333333333334,27.333333333333332,28.333333333333332,33.333333333333336,30.833333333333332,28.333333333333332,0.39120188671874995,210,39
2023,00-0036414,Cam Akers,RB,7,41.199999999999996,3.3999999999999977,0.04796378124999984,5.4,33.285714285714285,34.285714285714285,39.285714285714285,36.785714285714285,34.285714285714285,0.3875235758928572,211,49
2023,00-0036269,La'Mical Perine,RB,2,12.5,2.4000000000000004,0.041451921874999964,5.05,33.0,34.0,39.0,36.5,34.0,0.3773058125,212,50
2023,00-0036556,Brevin Jordan,TE,10,59.400000000000006,3.850000000000003,0.0399346484375,5.555,26.9,27.9,32.9,30.4,27.9,0.39509953828125,213,40
2023,00-0032268,Marcus Mariota,QB,2,13.76,2.34,0.03925952343749989,5.71,24.0,25.0,30.0,27.5,25.0,0.336348,214,52
2023,00-0032128,Chris Conley,WR,1,8.4,2.700000000000001,0.03922239843749997,5.699999999999999,48.0,49.0,54.0,51.5,49.0,0.382116171875,215,73
2023,00-0031376,Jerick McKinnon,RB,12,71.86,2.960000000000001,0.03908233593749977,5.741666666666667,32.666666666666664,33.666666666666664,38.666666666666664,36.166666666666664,33.666666666666664,0.3814578977864584,216,51
2023,00-0036590,Quintin Morris,TE,2,11.6,1.9000000000000008,0.03794476562499988,4.85,24.5,25.5,30.5,28.0,25.5,0.39133937500000004,217,41
2023,00-0037261,Khalil Shakir,WR,16,93.6,-1.8000000000000007,0.03336662499999982,5.9625,48.375,49.375,54.375,51.875,49.375,0.3965881708984375,218,74
2023,00-0036427,Tyler Johnson,WR,1,7.8,2.1000000000000005,0.030471492187500004,5.699999999999999,48.0,49.0,54.0,51.5,49.0,0.382116171875,219,75
2023,00-0037240,Jameson Williams,WR,12,68.3,-1.4000000000000004,0.025261234374999997,5.808333333333334,47.416666666666664,48.416666666666664,53.416666666666664,50.916666666666664,48.416666666666664,0.39566775195312504,220,76
2023,00-0034829,Mike Gesicki,TE,15,79.9,-1.2499999999999991,0.02438466406249995,5.41,26.0,27.0,32.0,29.5,27.0,0.39022493750000004,221,42
2023,00-0036271,Quez Watkins,WR,5,27.700000000000003,0.2500000000000018,0.02356721093749997,5.49,47.4,48.4,53.4,50.9,48.4,0.39062220000000003,222,77
2023,00-0033119,Jacoby Brissett,QB,2,22.86,0.5400000000000009,0.007481984374999973,11.16,24.0,25.0,30.0,27.5,25.0,0.3726277265625,223,53
2023,00-0033526,Samaje Perine,RB,17,96.3,-0.7500000000000044,0.004877359375000223,5.708823529411766,33.705882352941174,34.705882352941174,39.705882352941174,37.205882352941174,34.705882352941174,0.38061472794117646,224,52
2023,00-0039021,Roschon Johnson,RB,15,85.1,-3.0000000000000018,0.00288889062500014,5.873333333333334,33.6,34.6,39.6,37.1,34.6,0.3818234239583333,225,53
2023,00-0037741,Jahan Dotson,WR,17,100.3,0.40000000000000036,0.0005785000000001483,5.876470588235295,48.588235294117645,49.588235294117645,54.588235294117645,52.088235294117645,49.588235294117645,0.3952171516544118,226,78
2023,00-0035045,D.J. Montgomery,WR,2,13.100000000000001,-0.40000000000000036,-0.004799500000000012,6.75,44.5,45.5,50.5,48.0,45.5,0.38792061718750004,227,79
2023,00-0034771,Mason Rudolph,QB,4,39.56,-2.08,-0.008537531249999841,10.41,24.0,25.0,30.0,27.5,25.0,0.36244115625,228,54
2023,00-0038551,Kendre Miller,RB,7,38.3,-0.6500000000000004,-0.009216257812500128,5.564285714285715,32.42857142857143,33.42857142857143,38.42857142857143,35.92857142857143,33.42857142857143,0.3867639441964286,229,54
2023,00-0036637,Noah Gray,TE,16,84.6,-0.1999999999999984,-0.010756843749999856,5.3,26.125,27.125,32.125,29.625,27.125,0.3914614453125,230,43
2023,00-0037276,Ty Chandler,RB,16,90.5,-3.1500000000000012,-0.016335406249999795,5.853125,33.75,34.75,39.75,37.25,34.75,0.3804256171875,231,55
2023,00-0033246,Johnny Mundt,TE,10,48.7,-3.9499999999999975,-0.020860023437500097,5.265,26.7,27.7,32.7,30.2,27.7,0.382076628125,232,44
2023,00-0037827,Tyrion Davis-Price,RB,1,2.1,-2.15,-0.02400699218750002,4.25,33.0,34.0,39.0,36.5,34.0,0.40075240625,233,56
2023,00-0037317,Nick Muse,TE,1,3.7,-1.7999999999999998,-0.025797140624999992,5.5,26.0,27.0,32.0,29.5,27.0,0.411355546875,234,45
2023,00-0036020,Salvon Ahmed,RB,7,34.9,-4.55,-0.03142981249999982,5.635714285714286,32.285714285714285,33.285714285714285,38.285714285714285,35.785714285714285,33.285714285714285,0.3730506506696428,235,57
2023,00-0035831,James Robinson,RB,1,0.5,-2.9000000000000004,-0.03236541406250004,3.4000000000000004,33.0,34.0,39.0,36.5,34.0,0.3836405,236,58
2023,00-0033958,Nathan Peterman,QB,1,-0.4,-3.08,-0.0345364453125,2.68,24.0,25.0,30.0,27.5,25.0,0.2808984375,237,55
2023,00-0026625,Brian Hoyer,QB,2,8.940000000000001,-1.5799999999999996,-0.03457344531249995,5.26,24.0,25.0,30.0,27.5,25.0,0.3117087734375,238,56
2023,00-0036182,Nick Westbrook-Ikhine,WR,13,71.0,-3.0999999999999974,-0.035203039062500274,5.700000000000001,48.46153846153846,49.46153846153846,54.46153846153846,51.96153846153846,49.46153846153846,0.3951434969951923,239,80
2023,00-0038621,DeMario Douglas,WR,14,82.7,-2.799999999999998,-0.03624360937500004,6.107142857142857,48.5,49.5,54.5,52.0,49.5,0.39717342745535716,240,81
2023,00-0034177,Tim Boyle,QB,3,18.9,-2.580000000000002,-0.040845054687500104,7.16,24.0,25.0,30.0,27.5,25.0,0.3391559817708334,241,57
2023,00-0036482,Mike Strachan,WR,2,5.0,-3.8,-0.04205967968749991,4.4,47.5,48.5,53.5,51.0,48.5,0.391261640625,242,82
2023,00-0036423,Albert Okwuegbunam,TE,1,0.0,-3.8,-0.04250156249999998,3.8,27.0,28.0,33.0,30.5,28.0,0.4047762109375,243,46
2023,00-0037004,Hunter Long,TE,1,0.0,-3.8,-0.04250156249999998,3.8,27.0,28.0,33.0,30.5,28.0,0.4047762109375,244,47
2023,00-0038468,Henry Pearson,TE,1,0.0,-3.8,-0.04250156249999998,3.8,27.0,28.0,33.0,30.5,28.0,0.4047762109375,245,48
2023,00-0036860,Jake Funk,RB,1,2.7,-2.75,-0.04292556249999996,5.45,37.0,38.0,43.0,40.5,38.0,0.37907134374999996,246,59
2023,00-0027948,Blaine Gabbert,QB,2,11.900000000000002,-4.719999999999998,-0.044115437499999965,8.309999999999999,24.0,25.0,30.0,27.5,25.0,0.34347400390625,247,58
2023,00-0035249,Josh Oliver,TE,13,64.3,-5.8999999999999995,-0.04439218750000001,5.4,26.76923076923077,27.76923076923077,32.76923076923077,30.26923076923077,27.76923076923077,0.3916831117788461,248,49
2023,00-0037420,Kwamie Lassiter II,WR,1,0.7,-4.55,-0.05112475000000005,5.25,50.0,51.0,56.0,53.5,51.0,0.4133002343750001,249,83
2023,00-0032394,Nick Vannett,TE,1,1.8,-3.7,-0.05232193749999997,5.5,26.0,27.0,32.0,29.5,27.0,0.411355546875,250,50
2023,00-0037252,Greg Dulcich,TE,2,7.0,-3.2,-0.05270245312500005,5.1,24.5,25.5,30.5,28.0,25.5,0.3979611796875,251,51
2023,00-0033258,Darrell Daniels,TE,1,0.0,-4.95,-0.053919953124999975,4.95,25.0,26.0,31.0,28.5,26.0,0.3827424375,252,52
2023,00-0035860,Tony Jones,RB,6,28.7,-5.149999999999999,-0.05457804687499995,5.641666666666667,32.5,33.5,38.5,36.0,33.5,0.37441648828124996,253,60
2023,00-0035184,Devine Ozigbo,RB,1,1.8,-3.45,-0.05664290624999996,5.25,34.0,35.0,40.0,37.5,35.0,0.365873734375,254,61
2023,00-0037506,Cole Fotheringham,TE,1,2.1,-4.35,-0.05819401562500004,6.449999999999999,28.0,29.0,34.0,31.5,29.0,0.400226828125,255,53
2023,00-0031237,Teddy Bridgewater,QB,1,-0.2,-5.7700000000000005,-0.05890548437500004,5.57,24.0,25.0,30.0,27.5,25.0,0.3432401875,256,59
2023,00-0038862,Elijah Dotson,RB,1,2.9000000000000004,-4.2,-0.06140345312500001,7.1000000000000005,24.0,25.0,30.0,27.5,25.0,0.3187361640625,257,62
2023,00-0037011,Tre' McKitty,TE,1,0.0,-5.2,-0.061672000000000005,5.2,24.0,25.0,30.0,27.5,25.0,0.39885725,258,54
2023,00-0038643,Brayden Willis,TE,1,0.0,-5.4,-0.06331461718750003,5.4,26.0,27.0,32.0,29.5,27.0,0.40202101562500003,259,55
2023,00-0036646,Simi Fehoko,WR,2,7.4,-5.4,-0.0638959609375,6.4,51.5,52.5,57.5,55.0,52.5,0.4068284609375,260,84
2023,00-0039165,Zach Charbonnet,RB,16,89.6,-2.900000000000003,-0.06472369531249988,5.78125,33.625,34.625,39.625,37.125,34.625,0.37975707421875,261,63
2023,00-0038656,Mohamed Ibrahim,RB,1,0.0,-5.15,-0.06504829687500002,5.15,34.0,35.0,40.0,37.5,35.0,0.386429421875,262,64
2023,00-0038397,Evan Hull,RB,1,1.2000000000000002,-4.25,-0.0654614296874999,5.45,37.0,38.0,43.0,40.5,38.0,0.37907134374999996,263,65
2023,00-0031868,Damiere Byrd,WR,1,0.0,-5.0,-0.06704111718749989,5.0,47.0,48.0,53.0,50.5,48.0,0.42034229687499997,264,85
2023,00-0035399,Stanley Morgan,WR,1,0.0,-5.0,-0.06704111718749989,5.0,47.0,48.0,53.0,50.5,48.0,0.42034229687499997,265,86
2023,00-0037286,Kevin Harris,RB,4,19.8,-5.000000000000003,-0.06710794531249986,6.200000000000001,35.0,36.0,41.0,38.5,36.0,0.3791393359375,266,66
2023,00-0036244,Colby Parkinson,TE,15,74.2,-6.499999999999997,-0.07264142968749998,5.38,26.333333333333332,27.333333333333332,32.333333333333336,29.833333333333332,27.333333333333332,0.39260810885416664,267,56
2023,00-0035806,JaMycal Hasty,RB,1,0.0,-6.200000000000001,-0.07361494531250007,6.200000000000001,32.0,33.0,38.0,35.5,33.0,0.39340278125,268,67
2023,00-0036254,Collin Johnson,WR,1,1.6,-5.25,-0.07365960937499999,6.8500000000000005,43.0,44.0,49.0,46.5,44.0,0.387526234375,269,87
2023,00-0038705,Emari Demercado,RB,11,62.8,-4.100000000000004,-0.07543098437500012,6.081818181818182,32.81818181818182,33.81818181818182,38.81818181818182,36.31818181818182,33.81818181818182,0.38221967826704545,270,68
2023,00-0037039,Devon Allen,WR,1,0.0,-6.4,-0.07578488281250001,6.4,53.0,54.0,59.0,56.5,54.0,0.4077717421875,271,88
2023,00-0034575,David Wells,TE,1,2.0,-4.950000000000001,-0.0781062656249999,6.950000000000001,29.0,30.0,35.0,32.5,30.0,0.40027167187499996,272,57
2023,00-0037093,Dareke Young,WR,1,0.0,-5.699999999999999,-0.07839041406249997,5.699999999999999,48.0,49.0,54.0,51.5,49.0,0.382116171875,273,89
2023,00-0032214,Tyler Kroft,TE,1,0.0,-6.1,-0.07950340624999996,6.1,30.0,31.0,36.0,33.5,31.0,0.39356151562499997,274,58
2023,00-0032725,Stephen Anderson,TE,1,0.0,-6.1,-0.07950340624999996,6.1,30.0,31.0,36.0,33.5,31.0,0.39356151562499997,275,59
2023,00-0028986,Case Keenum,QB,2,15.74,-6.58,-0.08074697656249996,11.16,24.0,25.0,30.0,27.5,25.0,0.3726277265625,276,60
2023,00-0035572,Parker Hesse,TE,1,0.0,-5.3500000000000005,-0.08307802343749998,5.3500000000000005,25.0,26.0,31.0,28.5,26.0,0.416078953125,277,60
2023,00-0037563,Malik Davis,RB,1,0.0,-6.4,-0.083105234375,6.4,33.0,34.0,39.0,36.5,34.0,0.3894440078125,278,69
2023,00-0032144,Melvin Gordon,RB,4,18.2,-6.350000000000002,-0.08360118750000001,6.137500000000001,33.5,34.5,39.5,37.0,34.5,0.380340572265625,279,70
2023,00-0034438,Logan Woodside,QB,1,1.6800000000000002,-6.58,-0.08385197656249999,8.26,24.0,25.0,30.0,27.5,25.0,0.3409122890625,280,61
2023,00-0035934,Trishton Jackson,WR,2,3.9000000000000004,-6.449999999999999,-0.08474618750000001,5.175,48.5,49.5,54.5,52.0,49.5,0.416663390625,281,90
2023,00-0037282,James Mitchell,TE,2,5.800000000000001,-6.049999999999999,-0.08508268749999998,5.925,27.0,28.0,33.0,30.5,28.0,0.4066265390625,282,61
2023,00-0032975,Jonathan Williams,RB,1,-0.2,-6.6000000000000005,-0.08552625000000003,6.4,33.0,34.0,39.0,36.5,34.0,0.3894440078125,283,71
2023,00-0034418,Cedrick Wilson Jr.,WR,11,58.6,-6.650000000000001,-0.0866283281250001,5.931818181818182,47.36363636363637,48.36363636363637,53.36363636363637,50.86363636363637,48.36363636363637,0.39904361079545453,284,91
2023,00-0035993,Tyler Huntley,QB,5,25.619999999999997,-8.470000000000002,-0.08700803906249988,6.8180000000000005,24.0,25.0,30.0,27.5,25.0,0.33115100312499995,285,62
2023,00-0035120,Keelan Doss,WR,2,6.3,-6.25,-0.08764108593750009,6.275,45.5,46.5,51.5,49.0,46.5,0.384821203125,286,92
2023,00-0039074,Davis Allen,TE,7,30.5,-8.449999999999998,-0.0877798749999999,5.564285714285714,27.714285714285715,28.714285714285715,33.714285714285715,31.214285714285715,28.714285714285715,0.3899221473214286,287,62
2023,00-0036877,Jaelon Darden,WR,1,0.0,-5.5,-0.08924589062499999,5.5,50.0,51.0,56.0,53.5,51.0,0.383782015625,288,93
2023,00-0036991,Amari Rodgers,WR,1,0.0,-5.5,-0.08924589062499999,5.5,50.0,51.0,56.0,53.5,51.0,0.383782015625,289,94
2023,00-0038911,Malik Cunningham,WR,1,0.0,-5.5,-0.08924589062499999,5.5,50.0,51.0,56.0,53.5,51.0,0.383782015625,290,95
2023,00-0035593,Juwann Winfree,WR,1,0.0,-7.15,-0.09006914062500004,7.15,53.0,54.0,59.0,56.5,54.0,0.40412373437500004,291,96
2023,00-0035876,Andre Baccellia,WR,1,0.0,-7.15,-0.09006914062500004,7.15,53.0,54.0,59.0,56.5,54.0,0.40412373437500004,292,97
2023,00-0035527,Andy Isabella,WR,1,0.0,-6.5,-0.09007009375000002,6.5,48.0,49.0,54.0,51.5,49.0,0.4042196640625,293,98
2023,00-0036139,Rico Dowdle,RB,16,83.0,-7.15,-0.09063697656250008,5.634375,33.375,34.375,39.375,36.875,34.375,0.38181808935546874,294,72
2023,00-0037086,Grant Calcaterra,TE,3,9.899999999999999,-7.25,-0.09166368750000004,5.716666666666666,26.0,27.0,32.0,29.5,27.0,0.38764331510416666,295,63
2023,00-0036297,Darrynton Evans,RB,6,26.5,-6.6,-0.09228804687500003,5.516666666666667,34.0,35.0,40.0,37.5,35.0,0.385747484375,296,73
2023,00-0036959,Michael Bandy,WR,1,0.0,-6.8500000000000005,-0.09485932812499998,6.8500000000000005,43.0,44.0,49.0,46.5,44.0,0.387526234375,297,99
2023,00-0035976,Dan Chisena,WR,1,0.0,-7.15,-0.09545168750000005,7.15,44.0,45.0,50.0,47.5,45.0,0.382078046875,298,100
2023,00-0037157,Bam Knight,RB,2,2.6,-8.15,-0.09629830468749995,5.375,32.0,33.0,38.0,35.5,33.0,0.39958438281249997,299,74
2023,00-0034073,Ross Dwelley,TE,2,2.7,-6.3,-0.09754171093750003,4.5,24.0,25.0,30.0,27.5,25.0,0.37099993750000004,300,64
2023,00-0037594,Julius Chestnut,RB,1,0.0,-7.1000000000000005,-0.09994771093750002,7.1000000000000005,24.0,25.0,30.0,27.5,25.0,0.3187361640625,301,75
2023,00-0035480,Malik Taylor,WR,2,2.3000000000000003,-7.75,-0.10172239062499999,5.025,47.0,48.0,53.0,50.5,48.0,0.4107227890625,302,101
2023,00-0036919,Kenny Gainwell,RB,16,82.38,-7.470000000000005,-0.10532283593749986,5.6156250000000005,34.0,35.0,40.0,37.5,35.0,0.38507731103515624,303,76
2023,00-0033856,Leonard Fournette,RB,2,4.0,-7.800000000000001,-0.10630903124999991,5.9,35.0,36.0,41.0,38.5,36.0,0.37966858593749997,304,77
2023,00-0038640,Jalen Brooks,WR,3,9.4,-7.849999999999999,-0.11018824999999999,5.75,47.666666666666664,48.666666666666664,53.666666666666664,51.166666666666664,48.666666666666664,0.39581303906250004,305,102
2023,00-0032156,Trevor Siemian,QB,5,34.96,-9.839999999999998,-0.11067193749999998,8.959999999999999,24.0,25.0,30.0,27.5,25.0,0.3563096671875,306,63
2023,00-0038685,Chris Brooks,RB,3,10.600000000000001,-7.75,-0.11289615624999999,6.116666666666667,34.0,35.0,40.0,37.5,35.0,0.3773554192708333,307,78
2023,00-0035164,Cody Thompson,WR,2,1.5,-9.5,-0.11812468750000005,5.5,50.0,51.0,56.0,53.5,51.0,0.4112588359375,308,103
2023,00-0023459,Aaron Rodgers,QB,1,0.0,-8.440000000000001,-0.11868275,8.440000000000001,24.0,25.0,30.0,27.5,25.0,0.3497542109375,309,64
2023,00-0037277,Teagan Quitoriano,TE,3,6.300000000000001,-9.2,-0.1191315,5.166666666666667,24.666666666666668,25.666666666666668,30.666666666666668,28.166666666666668,25.666666666666668,0.39922621354166665,310,65
2023,00-0034955,Brett Rypien,QB,2,6.78,-10.150000000000002,-0.11966364843750005,8.465,24.0,25.0,30.0,27.5,25.0,0.3528517265625,311,65
2023,00-0038040,Zamir White,RB,13,66.4,-9.7,-0.11992359374999986,5.853846153846154,34.07692307692308,35.07692307692308,40.07692307692308,37.57692307692308,35.07692307692308,0.37785280769230767,312,79
2023,00-0035956,Giovanni Ricci,TE,2,1.7,-9.05,-0.12074020312500006,5.375,25.5,26.5,31.5,29.0,26.5,0.409049984375,313,66
2023,00-0037805,Jeremy Ruckert,TE,10,39.1,-10.6,-0.12465415624999993,4.97,26.3,27.3,32.3,29.8,27.3,0.38395411093750004,314,67
2023,00-0036493,Deon Jackson,RB,2,1.5000000000000007,-8.799999999999999,-0.12522636718749997,5.15,34.5,35.5,40.5,38.0,35.5,0.3859579921875,315,80
2023,00-0038794,Jaleel McLaughlin,RB,17,90.5,-6.55000000000001,-0.12779157812499986,5.708823529411766,33.705882352941174,34.705882352941174,39.705882352941174,37.205882352941174,34.705882352941174,0.38061472794117646,316,81
2023,00-0037539,Lucas Krull,TE,7,27.5,-10.549999999999997,-0.12848786718749994,5.435714285714285,27.428571428571427,28.428571428571427,33.42857142857143,30.928571428571427,28.428571428571427,0.396631765625,317,68
2023,00-0033275,PJ Walker,QB,5,29.96,-10.16,-0.12998747656250004,8.024000000000001,24.0,25.0,30.0,27.5,25.0,0.340127484375,318,66
2023,00-0030663,Willie Snead,WR,2,2.4,-10.4,-0.1336904375000001,6.4,47.0,48.0,53.0,50.5,48.0,0.3958056171875,319,104
2023,00-0034970,Irv Smith,TE,10,42.5,-9.3,-0.13391239062499993,5.18,26.1,27.1,32.1,29.6,27.1,0.39017285390625,320,69
2023,00-0036145,Lawrence Cager,TE,5,15.6,-9.799999999999999,-0.1339393828124999,5.08,27.4,28.4,33.4,30.9,28.4,0.38542377031249997,321,70
2023,00-0033576,Eric Saubert,TE,3,5.7,-9.95,-0.13490942187500005,5.216666666666666,27.0,28.0,33.0,30.5,28.0,0.4060097630208333,322,71
2023,00-0030874,Damien Williams,RB,3,6.5,-10.55,-0.1354497421875,5.683333333333334,33.0,34.0,39.0,36.5,34.0,0.382197953125,323,82
2023,00-0032543,Alex Erickson,WR,8,37.2,-9.899999999999999,-0.1358415234374999,5.8875,45.875,46.875,51.875,49.375,46.875,0.3893544306640625,324,105
2023,00-0030431,Robert Woods,WR,14,69.3,-13.050000000000004,-0.136377671875,5.882142857142858,47.857142857142854,48.857142857142854,53.857142857142854,51.357142857142854,48.857142857142854,0.3921268180803571,325,106
2023,00-0037654,Tucker Fisk,TE,2,2.4,-10.049999999999999,-0.13659286718750002,6.225,29.0,30.0,35.0,32.5,30.0,0.3977295234375,326,72
2023,00-0033118,Kenyan Drake,RB,2,2.0999999999999996,-10.8,-0.13720630468749995,6.45,32.0,33.0,38.0,35.5,33.0,0.39393018359375,327,83
2023,00-0038891,Shedrick Jackson,WR,2,0.0,-10.2,-0.14015283593749994,5.1,48.0,49.0,54.0,51.5,49.0,0.39708242968749996,328,107
2023,00-0038394,Will Mallory,TE,11,47.7,-10.999999999999996,-0.14025903125000005,5.336363636363637,26.09090909090909,27.09090909090909,32.09090909090909,29.59090909090909,27.09090909090909,0.38900160724431815,329,73
2023,00-0035631,Drew Sample,TE,14,61.3,-11.949999999999996,-0.14127975781250002,5.232142857142857,26.285714285714285,27.285714285714285,32.285714285714285,29.785714285714285,27.285714285714285,0.39048130859375,330,74
2023,00-0030533,Matt Barkley,QB,1,-0.30000000000000004,-11.360000000000001,-0.14336822656249998,11.06,24.0,25.0,30.0,27.5,25.0,0.36359688281249997,331,67
2023,00-0036754,Brock Wright,TE,9,34.6,-9.849999999999998,-0.14844034374999993,4.938888888888889,25.22222222222222,26.22222222222222,31.22222222222222,28.72222222222222,26.22222222222222,0.38941848524305556,332,75
2023,00-0037005,Tommy Tremble,TE,15,71.9,-9.399999999999999,-0.1537747031249999,5.42,26.266666666666666,27.266666666666666,32.266666666666666,29.766666666666666,27.266666666666666,0.39060227708333334,333,76
2023,00-0038678,Jordan Mims,RB,2,0.0,-10.5,-0.15556272656249992,5.25,34.0,35.0,40.0,37.5,35.0,0.363820359375,334,84
2023,00-0033955,Jeremy McNichols,RB,2,0.0,-11.8,-0.15838453906249994,5.9,35.0,36.0,41.0,38.5,36.0,0.37966858593749997,335,85
2023,00-0038627,Antoine Green,WR,2,0.7,-11.35,-0.15895313281250006,6.025,52.5,53.5,58.5,56.0,53.5,0.3860193984375,336,108
2023,00-0034054,River Cracraft,WR,6,22.6,-13.200000000000001,-0.1611404453125,5.966666666666666,48.833333333333336,49.833333333333336,54.833333333333336,52.333333333333336,49.833333333333336,0.38339997786458335,337,109
2023,00-0035924,Jonathan Ward,RB,2,1.1,-12.050000000000002,-0.1621871640625,6.575000000000001,36.5,37.5,42.5,40.0,37.5,0.38267317578125,338,86
2023,00-0038611,Chris Rodriguez Jr.,RB,9,36.900000000000006,-11.400000000000002,-0.16240990625,5.366666666666667,34.333333333333336,35.333333333333336,40.333333333333336,37.833333333333336,35.333333333333336,0.3845229904513889,339,87
2023,00-0034981,Foster Moreau,TE,13,56.800000000000004,-11.849999999999998,-0.16270507031249987,5.2807692307692315,26.692307692307693,27.692307692307693,32.69230769230769,30.192307692307693,27.692307692307693,0.3889882860576923,340,77
2023,00-0032450,Dwayne Washington,RB,3,0.0,-13.5,-0.16413233593749987,4.5,34.666666666666664,35.666666666666664,40.666666666666664,38.166666666666664,35.666666666666664,0.3844639322916667,341,88
2023,00-0037306,John FitzPatrick,TE,3,2.7,-13.2,-0.16480539843750003,5.3,24.666666666666668,25.666666666666668,30.666666666666668,28.166666666666668,25.666666666666668,0.38718678906250004,342,78
2023,00-0031549,Nelson Agholor,WR,16,79.60000000000001,-15.799999999999999,-0.16541232812500034,5.9625,48.375,49.375,54.375,51.875,49.375,0.3965881708984375,343,110
2023,00-0030513,Latavius Murray,RB,15,74.4,-12.300000000000004,-0.16553621875000007,5.78,33.46666666666667,34.46666666666667,39.46666666666667,36.96666666666667,34.46666666666667,0.3813544895833333,344,89
2023,00-0038092,Erik Ezukanma,WR,2,2.2,-10.9,-0.1673050546875,6.550000000000001,50.5,51.5,56.5,54.0,51.5,0.370782859375,345,111
2023,00-0038115,Daniel Bellinger,TE,14,63.0,-13.349999999999996,-0.16828188281249995,5.453571428571428,26.428571428571427,27.428571428571427,32.42857142857143,29.928571428571427,27.428571428571427,0.39070401562499996,346,79
2023,00-0038492,Jason Brownlee,WR,4,14.1,-12.1,-0.16908824218749996,6.55,45.75,46.75,51.75,49.25,46.75,0.388985029296875,347,112
2023,00-0031288,AJ McCarron,QB,2,0.76,-13.6,-0.17083321875000004,7.18,24.0,25.0,30.0,27.5,25.0,0.32196739453125,348,68
2023,00-0036424,Brycen Hopkins,TE,5,15.3,-12.05,-0.1718917499999999,5.470000000000001,26.0,27.0,32.0,29.5,27.0,0.39837673125,349,80
2023,00-0036510,Kenny Yeboah,TE,3,5.800000000000001,-13.099999999999998,-0.17230965625,6.3,28.666666666666668,29.666666666666668,34.666666666666664,32.166666666666664,29.666666666666668,0.39856195833333335,350,81
2023,00-0039041,Elijah Higgins,TE,11,43.3,-13.799999999999999,-0.17382628125000016,5.1909090909090905,26.272727272727273,27.272727272727273,32.27272727272727,29.772727272727273,27.272727272727273,0.38919735298295455,351,82
2023,00-0037257,David Bell,WR,9,41.7,-12.5,-0.17450229687500007,6.022222222222222,47.111111111111114,48.111111111111114,53.111111111111114,50.611111111111114,48.111111111111114,0.3837064904513889,352,113
2023,00-0038563,Tre Tucker,WR,13,62.3,-13.900000000000002,-0.17570084375,5.861538461538462,47.53846153846154,48.53846153846154,53.53846153846154,51.03846153846154,48.53846153846154,0.39415246694711537,353,114
2023,00-0032951,Laquon Treadwell,WR,3,2.1,-14.5,-0.1762707265625001,5.533333333333334,49.333333333333336,50.333333333333336,55.333333333333336,52.833333333333336,50.333333333333336,0.40164986458333335,354,115
2023,00-0036422,Adam Trautman,TE,16,71.4,-13.95,-0.177575546875,5.334375,26.125,27.125,32.125,29.625,27.125,0.3952354140625,355,83
2023,00-0034838,Royce Freeman,RB,11,45.7,-16.05,-0.17836174218750006,5.613636363636363,33.36363636363637,34.36363636363637,39.36363636363637,36.86363636363637,34.36363636363637,0.3863811946022727,356,90
2023,00-0034750,Rashaad Penny,RB,3,4.3,-12.9,-0.17867848437500006,5.733333333333333,30.0,31.0,36.0,33.5,31.0,0.3577825963541667,357,91
2023,00-0035715,Derrick Gore,RB,3,2.6000000000000005,-13.850000000000001,-0.1810281875,5.483333333333334,33.333333333333336,34.333333333333336,39.333333333333336,36.833333333333336,34.333333333333336,0.3764261041666666,358,92
2023,00-0037410,Jashaun Corbin,RB,3,2.8000000000000003,-14.05,-0.18202887500000003,5.616666666666667,34.0,35.0,40.0,37.5,35.0,0.3797931875,359,93
2023,00-0037078,Cole Turner,TE,8,28.5,-13.600000000000001,-0.182784109375,5.2625,25.625,26.625,31.625,29.125,26.625,0.4012650751953125,360,84
2023,00-0036857,Chris Evans,RB,3,1.6,-13.649999999999999,-0.18461765624999982,5.083333333333333,35.333333333333336,36.333333333333336,41.333333333333336,38.833333333333336,36.333333333333336,0.3850792864583333,361,94
2023,00-0037291,Jalen Nailor,WR,3,4.4,-12.700000000000001,-0.18528526562499992,5.7,45.0,46.0,51.0,48.5,46.0,0.39142174999999996,362,116
2023,00-0036336,Anthony McFarland,RB,3,2.1,-13.3,-0.18666508593749992,5.133333333333334,36.0,37.0,42.0,39.5,37.0,0.3788339218749999,363,95
2023,00-0034928,Steven Sims,WR,3,4.1,-13.900000000000002,-0.189051203125,6.0,47.333333333333336,48.333333333333336,53.333333333333336,50.833333333333336,48.333333333333336,0.3970148098958333,364,117
2023,00-0032208,Phillip Dorsett,WR,2,0.0,-13.25,-0.19390709374999998,6.625,44.5,45.5,50.5,48.0,45.5,0.3850188203125,365,118
2023,00-0036936,Rondale Moore,WR,17,85.0,-14.900000000000002,-0.19817334375000006,5.876470588235295,48.588235294117645,49.588235294117645,54.588235294117645,52.088235294117645,49.588235294117645,0.3952171516544118,366,119
2023,00-0033439,Pharaoh Brown,TE,11,44.300000000000004,-13.449999999999994,-0.1986710468750003,5.25,26.363636363636363,27.363636363636363,32.36363636363637,29.863636363636363,27.363636363636363,0.3833385909090909,367,85
2023,00-0038969,Kearis Jackson,WR,2,0.0,-13.100000000000001,-0.19931346875000006,6.550000000000001,50.5,51.5,56.5,54.0,51.5,0.370782859375,368,120
2023,00-0033857,JuJu Smith-Schuster,WR,11,46.5,-17.0,-0.1993401328124999,5.7727272727272725,49.0,50.0,55.0,52.5,50.0,0.39763912926136363,369,121
2023,00-0038951,Sean Tucker,RB,3,4.2,-14.850000000000001,-0.20086092187499996,6.3500000000000005,30.666666666666668,31.666666666666668,36.666666666666664,34.166666666666664,31.666666666666668,0.3654079557291667,370,96
2023,00-0037292,Andrew Ogletree,TE,11,40.2,-13.75,-0.20095489843749997,4.904545454545455,26.09090909090909,27.09090909090909,32.09090909090909,29.59090909090909,27.09090909090909,0.3828418835227273,371,86
2023,00-0032141,Geoff Swaim,TE,8,24.4,-15.45,-0.20118843749999998,4.98125,25.625,26.625,31.625,29.125,26.625,0.39352915039062497,372,87
2023,00-0037258,Dameon Pierce,RB,14,70.2,-11.75,-0.2031144843749998,5.853571428571429,33.42857142857143,34.42857142857143,39.42857142857143,36.92857142857143,34.42857142857143,0.38047075223214283,373,97
2023,00-0038783,Nate Adkins,TE,5,8.2,-16.35,-0.20661337499999993,4.91,24.8,25.8,30.8,28.3,25.8,0.389722503125,374,88
2023,00-0031503,Jameis Winston,QB,6,17.96,-19.580000000000002,-0.20679856250000006,6.256666666666667,24.0,25.0,30.0,27.5,25.0,0.3340750091145834,375,69
2023,00-0038128,Malik Willis,QB,2,3.06,-16.82,-0.20691578125,9.940000000000001,24.0,25.0,30.0,27.5,25.0,0.3593259921875,376,70
2023,00-0036567,Elijah Mitchell,RB,11,44.5,-15.950000000000001,-0.20726616406249987,5.495454545454546,34.36363636363637,35.36363636363637,40.36363636363637,37.86363636363637,35.36363636363637,0.38058365127840904,377,98
2023,00-0034386,Justin Watson,WR,15,75.5,-15.9,-0.2108993828125001,6.093333333333334,48.2,49.2,54.2,51.7,49.2,0.39425562500000005,378,122
2023,00-0035243,Miles Sanders,RB,16,74.10000000000001,-17.400000000000002,-0.21159297656250015,5.71875,33.5625,34.5625,39.5625,37.0625,34.5625,0.3819369912109375,379,99
2023,00-0024243,Marcedes Lewis,TE,6,14.899999999999999,-16.0,-0.21198488281250016,5.1499999999999995,26.0,27.0,32.0,29.5,27.0,0.3809315768229167,380,89
2023,00-0036309,Darnell Mooney,WR,14,63.400000000000006,-19.15,-0.21323228124999993,5.896428571428571,48.142857142857146,49.142857142857146,54.142857142857146,51.642857142857146,49.142857142857146,0.39994467299107145,381,123
2023,00-0034115,Jeff Wilson,RB,9,34.300000000000004,-16.8,-0.213637734375,5.677777777777778,34.0,35.0,40.0,37.5,35.0,0.3850541267361111,382,100
2023,00-0038797,Emanuel Wilson,RB,5,12.8,-15.8,-0.21464717187500004,5.720000000000001,31.0,32.0,37.0,34.5,32.0,0.3741070265625,383,101
2023,00-0038608,Kayshon Boutte,WR,3,2.9000000000000004,-15.05,-0.215858171875,5.983333333333333,47.0,48.0,53.0,50.5,48.0,0.3959447838541667,384,124
2023,00-0038619,Andrei Iosivas,WR,11,43.1,-19.95,-0.21749215625000018,5.7318181818181815,48.18181818181818,49.18181818181818,54.18181818181818,51.68181818181818,49.18181818181818,0.3977983473011364,385,125
2023,00-0036569,Gary Brightwell,RB,4,9.1,-16.150000000000002,-0.22138493750000002,6.3125,31.0,32.0,37.0,34.5,32.0,0.372406662109375,386,102
2023,00-0035657,Damien Harris,RB,6,18.0,-16.75,-0.22211915624999984,5.791666666666667,31.833333333333332,32.833333333333336,37.833333333333336,35.333333333333336,32.833333333333336,0.3760421315104166,387,103
2023,00-0036928,Kyle Trask,QB,2,-0.1,-17.66,-0.2222405390625001,8.780000000000001,24.0,25.0,30.0,27.5,25.0,0.3505435,388,71
2023,00-0038935,Brenton Strange,TE,7,17.0,-20.25,-0.2230096015625,5.321428571428571,25.285714285714285,26.285714285714285,31.285714285714285,28.785714285714285,26.285714285714285,0.3963313828125,389,90
2023,00-0032688,Robbie Chosen,WR,6,20.6,-16.950000000000003,-0.2256790078125,6.258333333333334,47.333333333333336,48.333333333333336,53.333333333333336,50.833333333333336,48.333333333333336,0.3956223294270833,390,126
2023,00-0032134,C.J. Uzomah,TE,8,23.8,-15.75,-0.22594480468750006,4.94375,25.125,26.125,31.125,28.625,26.125,0.383515396484375,391,91
2023,00-0034279,Equanimeous St. Brown,WR,5,8.7,-18.1,-0.22983039843750003,5.36,48.8,49.8,54.8,52.3,49.8,0.399822890625,392,127
2023,00-0038809,Ben Sims,TE,6,14.1,-16.85,-0.2298309609375,5.158333333333333,26.333333333333332,27.333333333333332,32.333333333333336,29.833333333333332,27.333333333333332,0.39127864713541666,393,92
2023,00-0036887,Luke Farrell,TE,10,35.0,-18.9,-0.23144404687499998,5.39,26.1,27.1,32.1,29.6,27.1,0.3940803421875,394,93
2023,00-0038606,Parker Washington,WR,8,31.200000000000003,-16.4,-0.23745999218749997,5.95,46.0,47.0,52.0,49.5,47.0,0.3914133818359375,395,128
2023,00-0039050,Payne Durham,TE,6,13.3,-17.799999999999997,-0.2408972578125001,5.183333333333333,24.833333333333332,25.833333333333332,30.833333333333332,28.333333333333332,25.833333333333332,0.38315788932291667,396,94
2023,00-0038391,Sean Clifford,QB,2,1.28,-18.220000000000002,-0.24423550781249997,9.75,24.0,25.0,30.0,27.5,25.0,0.35667554687499997,397,72
2023,00-0033296,Alex Armah,RB,4,2.8,-18.9,-0.244786796875,5.425,33.5,34.5,39.5,37.0,34.5,0.38305605078125,398,104
2023,00-0038589,Josh Whyle,TE,9,28.9,-16.6,-0.24801464062500012,5.055555555555555,25.88888888888889,26.88888888888889,31.88888888888889,29.38888888888889,26.88888888888889,0.39172266145833334,399,95
2023,00-0027944,Julio Jones,WR,8,30.9,-19.300000000000004,-0.249783953125,6.275,47.5,48.5,53.5,51.0,48.5,0.3949841376953125,400,129
2023,00-0034159,Will Dissly,TE,13,48.7,-19.9,-0.25334266406249983,5.276923076923077,26.46153846153846,27.46153846153846,32.46153846153846,29.96153846153846,27.46153846153846,0.3907933191105769,401,96
2023,00-0036898,Davis Mills,QB,5,17.82,-21.67,-0.25865361718750013,7.898000000000001,24.0,25.0,30.0,27.5,25.0,0.3408500015625,402,73
2023,00-0037120,Tyler Goodson,RB,6,15.100000000000001,-19.200000000000003,-0.2595722421874999,5.716666666666668,35.0,36.0,41.0,38.5,36.0,0.38072041796875,403,105
2023,00-0035414,Jalen Guyton,WR,7,19.900000000000002,-19.549999999999997,-0.2632747343749999,5.635714285714286,45.857142857142854,46.857142857142854,51.857142857142854,49.357142857142854,46.857142857142854,0.39622529129464285,404,130
2023,00-0038667,Elijah Cooks,WR,4,5.300000000000001,-19.55,-0.265622515625,6.2125,44.75,45.75,50.75,48.25,45.75,0.3871519921875,405,131
2023,00-0029293,Marvin Jones,WR,4,4.0,-18.8,-0.26612387499999995,5.7,49.0,50.0,55.0,52.5,50.0,0.3972817109375,406,132
2023,00-0032464,Kalif Raymond,WR,17,79.9,-20.65,-0.26776860156250015,5.914705882352941,48.294117647058826,49.294117647058826,54.294117647058826,51.794117647058826,49.294117647058826,0.3934705790441177,407,133
2023,00-0035537,Ty Johnson,RB,9,28.900000000000002,-21.65,-0.26913839843750004,5.616666666666667,34.888888888888886,35.888888888888886,40.888888888888886,38.388888888888886,35.888888888888886,0.38128231510416666,408,106
2023,00-0032062,Blake Bell,TE,7,14.1,-22.45,-0.26993934374999995,5.221428571428571,26.285714285714285,27.285714285714285,32.285714285714285,29.785714285714285,27.285714285714285,0.3913575848214285,409,97
2023,00-0037273,Kyle Philips,WR,8,25.6,-19.7,-0.27352274218750017,5.6625,49.0,50.0,55.0,52.5,50.0,0.4002561220703125,410,134
2023,00-0035341,Trenton Irwin,WR,12,50.1,-18.6,-0.27381162500000006,5.7250000000000005,48.083333333333336,49.083333333333336,54.083333333333336,51.583333333333336,49.083333333333336,0.3968838704427083,411,135
2023,00-0031585,MyCole Pruitt,TE,10,30.5,-20.6,-0.2770108593750001,5.11,25.7,26.7,31.7,29.2,26.7,0.38974456953125003,412,98
2023,00-0036741,Jack Stoll,TE,6,11.3,-20.15,-0.2789513203125,5.241666666666666,24.833333333333332,25.833333333333332,30.833333333333332,28.333333333333332,25.833333333333332,0.4024012083333333,413,99
2023,00-0033217,Mo Alie-Cox,TE,14,55.6,-20.35,-0.2803432109375,5.425,26.5,27.5,32.5,30.0,27.5,0.3886911171875,414,100
2023,00-0029239,Brandon Bolden,RB,5,11.1,-20.000000000000004,-0.28257007812499996,6.220000000000001,36.0,37.0,42.0,39.5,37.0,0.3835972734375,415,107
2023,00-0033589,David Moore,WR,6,17.900000000000002,-20.3,-0.2828340390625,6.366666666666667,45.0,46.0,51.0,48.5,46.0,0.3900589778645833,416,136
2023,00-0038632,Colton Dowell,WR,4,0.8,-22.25,-0.28398059374999995,5.7625,47.5,48.5,53.5,51.0,48.5,0.394312724609375,417,137
2023,00-0038598,Jaren Hall,QB,3,4.120000000000001,-23.87,-0.28857423437499996,9.33,24.0,25.0,30.0,27.5,25.0,0.3564334453125,418,74
2023,00-0039136,Zach Evans,RB,4,1.9000000000000001,-19.85,-0.28872823437499995,5.4375,34.5,35.5,40.5,38.0,35.5,0.37336844921875,419,108
2023,00-0037272,Montrell Washington,WR,4,0.0,-22.8,-0.29097803125000005,5.7,50.75,51.75,56.75,54.25,51.75,0.403596794921875,420,138
2023,00-0038597,Chase Brown,RB,12,46.5,-23.35,-0.29220380468749985,5.820833333333334,33.333333333333336,34.333333333333336,39.333333333333336,36.833333333333336,34.333333333333336,0.37943570703124996,421,109
2023,00-0035140,Mecole Hardman,WR,7,20.2,-20.35,-0.2923125234375002,5.792857142857143,50.285714285714285,51.285714285714285,56.285714285714285,53.785714285714285,51.285714285714285,0.39363779910714286,422,139
2023,00-0038389,Israel Abanikanda,RB,6,14.8,-21.1,-0.29287135937499986,5.983333333333334,35.166666666666664,36.166666666666664,41.166666666666664,38.666666666666664,36.166666666666664,0.3791317591145833,423,110
2023,00-0033948,Jamaal Williams,RB,13,51.800000000000004,-22.9,-0.29712647656249996,5.746153846153846,33.92307692307692,34.92307692307692,39.92307692307692,37.42307692307692,34.92307692307692,0.37928778365384613,424,111
2023,00-0036450,Ke'Shawn Vaughn,RB,5,5.4,-22.700000000000003,-0.30287491406250006,5.62,32.6,33.6,38.6,36.1,33.6,0.38656825625,425,112
2023,00-0031547,DeVante Parker,WR,13,55.900000000000006,-22.4,-0.3051752343750002,6.023076923076923,49.0,50.0,55.0,52.5,50.0,0.39397484735576926,426,140
2023,00-0038622,Deuce Vaughn,RB,6,11.5,-23.050000000000004,-0.30641710156249985,5.758333333333334,33.333333333333336,34.333333333333336,39.333333333333336,36.833333333333336,34.333333333333336,0.3738434557291666,427,113
2023,00-0035406,Lil'Jordan Humphrey,WR,11,40.7,-23.05,-0.3067767812499998,5.795454545454546,47.36363636363637,48.36363636363637,53.36363636363637,50.86363636363637,48.36363636363637,0.38954178053977273,428,141
2023,00-0036438,Stephen Sullivan,TE,10,30.5,-22.299999999999997,-0.3068768515625,5.279999999999999,27.0,28.0,33.0,30.5,28.0,0.388841415625,429,101
2023,00-0038046,Charlie Kolar,TE,9,25.200000000000003,-22.499999999999996,-0.30989339843749997,5.3,27.11111111111111,28.11111111111111,33.111111111111114,30.61111111111111,28.11111111111111,0.389776453125,430,102
2023,00-0039052,Trey Palmer,WR,17,76.2,-24.1,-0.3104171953125001,5.8999999999999995,48.11764705882353,49.11764705882353,54.11764705882353,51.61764705882353,49.11764705882353,0.3938848180147059,431,142
2023,00-0034764,Michael Gallup,WR,16,70.8,-22.55,-0.31428863281249997,5.8343750000000005,48.4375,49.4375,54.4375,51.9375,49.4375,0.3943019638671875,432,143
2023,00-0037664,Alec Pierce,WR,17,79.4,-21.0,-0.3152682343749999,5.905882352941177,48.1764705882353,49.1764705882353,54.1764705882353,51.6764705882353,49.1764705882353,0.39507532720588234,433,144
2023,00-0036620,Dee Eskridge,WR,4,0.5,-23.3,-0.3159699296874998,5.95,49.25,50.25,55.25,52.75,50.25,0.405436818359375,434,145
2023,00-0035562,Jesper Horsted,TE,5,1.9,-22.65,-0.31638935937499996,4.91,26.6,27.6,32.6,30.1,27.6,0.38550118749999995,435,103
2023,00-0036360,Clyde Edwards-Helaire,RB,15,61.60000000000001,-23.9,-0.3182417265624998,5.7,33.266666666666666,34.266666666666666,39.266666666666666,36.766666666666666,34.266666666666666,0.38129015572916664,436,114
2023,00-0038558,Darnell Washington,TE,8,16.6,-24.599999999999998,-0.31945053124999995,5.1499999999999995,26.25,27.25,32.25,29.75,27.25,0.3884802158203125,437,104
2023,00-0037475,Stone Smartt,TE,12,38.0,-26.249999999999996,-0.3239151562499997,5.354166666666667,26.666666666666668,27.666666666666668,32.666666666666664,30.166666666666668,27.666666666666668,0.39434299999999994,438,105
2023,00-0034433,Nick Bawden,RB,6,10.0,-24.55,-0.3262291562499999,5.758333333333333,34.333333333333336,35.333333333333336,40.333333333333336,37.833333333333336,35.333333333333336,0.3892731276041667,439,115
2023,00-0033376,Patrick Ricard,RB,7,13.7,-25.250000000000004,-0.3288124296874999,5.564285714285715,34.714285714285715,35.714285714285715,40.714285714285715,38.214285714285715,35.714285714285715,0.3850180814732143,440,116
2023,00-0032392,Austin Hooper,TE,16,60.900000000000006,-24.749999999999996,-0.336653234375,5.353125,26.25,27.25,32.25,29.75,27.25,0.3890221494140625,441,106
2023,00-0036955,Terrace Marshall Jr.,WR,8,23.400000000000002,-23.449999999999996,-0.33811332812499995,5.85625,49.25,50.25,55.25,52.75,50.25,0.3989104794921875,442,146
2023,00-0037742,Treylon Burks,WR,9,31.900000000000002,-25.75,-0.3404353125,6.405555555555556,47.55555555555556,48.55555555555556,53.55555555555556,51.05555555555556,48.55555555555556,0.39198016927083335,443,147
2023,00-0033936,C.J. Beathard,QB,6,21.46,-27.39,-0.34700327343750004,8.141666666666667,24.0,25.0,30.0,27.5,25.0,0.34821110807291666,444,75
2023,00-0038489,Ben VanSumeren,RB,5,0.0,-26.800000000000004,-0.3583894531249999,5.360000000000001,34.8,35.8,40.8,38.3,35.8,0.3769724765625,445,117
2023,00-0038938,Jalin Hyatt,WR,13,48.8,-27.05,-0.3663758984375002,5.834615384615384,47.69230769230769,48.69230769230769,53.69230769230769,51.19230769230769,48.69230769230769,0.3938960294471154,446,148
2023,00-0036364,Lynn Bowden,WR,8,17.0,-28.5,-0.3722354375,5.6875,46.375,47.375,52.375,49.875,47.375,0.3937915361328125,447,149
2023,00-0037216,Justyn Ross,WR,6,8.3,-27.95,-0.3723553515625002,6.041666666666667,48.5,49.5,54.5,52.0,49.5,0.39679368098958334,448,150
2023,00-0035259,Trevon Wesco,TE,6,3.6,-26.400000000000002,-0.37306532031249995,5.0,26.666666666666668,27.666666666666668,32.666666666666664,30.166666666666668,27.666666666666668,0.39326304557291664,449,107
2023,00-0038544,Quentin Johnston,WR,17,75.0,-25.3,-0.37505082812500007,5.8999999999999995,48.11764705882353,49.11764705882353,54.11764705882353,51.61764705882353,49.11764705882353,0.3938848180147059,450,151
2023,00-0036984,Trey Sermon,RB,8,18.8,-28.200000000000003,-0.3758923124999999,5.875,34.125,35.125,40.125,37.625,35.125,0.3850310498046875,451,118
2023,00-0038547,Luke Schoonmaker,TE,12,30.5,-31.849999999999998,-0.3780639999999999,5.195833333333334,26.166666666666668,27.166666666666668,32.166666666666664,29.666666666666668,27.166666666666668,0.38859120247395834,452,108
2023,00-0026293,Matthew Slater,WR,5,0.0,-29.1,-0.37941554687499995,5.82,46.6,47.6,52.6,50.1,47.6,0.39662527812500004,453,152
2023,00-0037299,Keaontay Ingram,RB,7,12.0,-28.75,-0.38536375781249993,5.821428571428571,32.285714285714285,33.285714285714285,38.285714285714285,35.785714285714285,33.285714285714285,0.37607926004464287,454,119
2023,00-0039062,Jonathan Mingo,WR,15,63.3,-25.550000000000004,-0.38840585937500005,5.923333333333334,48.0,49.0,54.0,51.5,49.0,0.39364721979166667,455,153
2023,00-0038979,Cedric Tillman,WR,11,33.7,-29.1,-0.3895342734375,5.70909090909091,46.45454545454545,47.45454545454545,52.45454545454545,49.95454545454545,47.45454545454545,0.3950740191761364,456,154
2023,00-0034365,Ian Thomas,TE,8,13.100000000000001,-29.05,-0.3899050234375,5.26875,25.625,26.625,31.625,29.125,26.625,0.4025333330078125,457,109
2023,00-0036332,Josiah Deguara,TE,9,18.5,-29.05,-0.39519299999999985,5.283333333333334,26.0,27.0,32.0,29.5,27.0,0.3903145303819444,458,110
2023,00-0038090,Skyy Moore,WR,13,43.2,-31.25,-0.40198892968749994,5.726923076923077,49.30769230769231,50.30769230769231,55.30769230769231,52.80769230769231,50.30769230769231,0.3971350168269231,459,155
2023,00-0036550,Rashod Bateman,WR,15,60.5,-29.950000000000003,-0.4049410078125,6.03,48.13333333333333,49.13333333333333,54.13333333333333,51.63333333333333,49.13333333333333,0.39575151875000003,460,156
2023,00-0036165,Isaiah Hodgins,WR,14,49.5,-32.5,-0.4050248359374999,5.857142857142857,48.07142857142857,49.07142857142857,54.07142857142857,51.57142857142857,49.07142857142857,0.39699559598214285,461,157
2023,00-0037451,Rod Williams,TE,6,0.0,-31.299999999999997,-0.40871328125000006,5.216666666666666,26.333333333333332,27.333333333333332,32.333333333333336,29.833333333333332,27.333333333333332,0.3920034440104167,462,111
2023,00-0038582,Clayton Tune,QB,6,11.48,-32.95,-0.4137800468750002,7.405,24.0,25.0,30.0,27.5,25.0,0.33866394010416667,463,76
2023,00-0036187,Reggie Gilliam,RB,5,0.8,-30.950000000000003,-0.41807362499999995,6.3500000000000005,32.4,33.4,38.4,35.9,33.4,0.371321484375,464,120
2023,00-0036232,Harrison Bryant,TE,14,44.4,-30.1,-0.41998182031250014,5.321428571428571,26.142857142857142,27.142857142857142,32.142857142857146,29.642857142857142,27.142857142857142,0.39028944921875,465,112
2023,00-0031484,Chris Manhertz,TE,7,4.6,-31.45,-0.42290167968750003,5.1499999999999995,25.428571428571427,26.428571428571427,31.428571428571427,28.928571428571427,26.428571428571427,0.3999151651785714,466,113
2023,00-0034193,Kevin Rader,TE,7,2.1,-32.65,-0.4276166250000001,4.964285714285714,26.142857142857142,27.142857142857142,32.142857142857146,29.642857142857142,27.142857142857142,0.38354805133928577,467,114
2023,00-0032398,Chris Moore,WR,15,57.300000000000004,-30.5,-0.4300384296875,5.8533333333333335,47.666666666666664,48.666666666666664,53.666666666666664,51.166666666666664,48.666666666666664,0.3919289125,468,158
2023,00-0038583,Dorian Thompson-Robinson,QB,7,30.1,-35.88,-0.43096020312500005,9.425714285714287,24.0,25.0,30.0,27.5,25.0,0.35012455580357144,469,77
2023,00-0036268,Laviska Shenault Jr.,WR,8,16.5,-31.05,-0.43306255468749993,5.9437500000000005,50.125,51.125,56.125,53.625,51.125,0.394154267578125,470,159
2023,00-0038488,Brady Russell,RB,6,0.0,-34.15,-0.4347295937499998,5.691666666666666,34.166666666666664,35.166666666666664,40.166666666666664,37.666666666666664,35.166666666666664,0.39022738151041664,471,121
2023,00-0038104,Tyquan Thornton,WR,9,20.700000000000003,-31.4,-0.4383677343749999,5.788888888888889,46.333333333333336,47.333333333333336,52.333333333333336,49.833333333333336,47.333333333333336,0.3951962769097222,472,160
2023,00-0035208,Olamide Zaccheaus,WR,11,33.4,-31.8,-0.4402406640624999,5.927272727272728,48.54545454545455,49.54545454545455,54.54545454545455,52.04545454545455,49.54545454545455,0.3991512258522727,473,161
2023,00-0030578,Cordarrelle Patterson,RB,12,32.400000000000006,-32.65,-0.4412590000000001,5.420833333333333,34.166666666666664,35.166666666666664,40.166666666666664,37.666666666666664,35.166666666666664,0.3859819713541666,474,122
2023,00-0034317,Keith Kirkwood,WR,7,12.2,-32.550000000000004,-0.44311541406250016,6.392857142857143,48.714285714285715,49.714285714285715,54.714285714285715,52.214285714285715,49.714285714285715,0.3918140848214286,475,162
2023,00-0036913,Kadarius Toney,WR,13,39.5,-34.800000000000004,-0.44528888281249995,5.7153846153846155,49.07692307692308,50.07692307692308,55.07692307692308,52.57692307692308,50.07692307692308,0.39633067247596154,476,163
2023,00-0036387,Jalen Reagor,WR,9,19.0,-33.95,-0.44712481250000013,5.883333333333334,46.666666666666664,47.666666666666664,52.666666666666664,50.166666666666664,47.666666666666664,0.3950005243055556,477,164
2023,00-0038976,Marvin Mims Jr.,WR,16,57.7,-35.99999999999999,-0.4499346796874999,5.85625,48.625,49.625,54.625,52.125,49.625,0.3938421005859375,478,165
2023,00-0038821,Rakim Jarrett,WR,7,8.0,-33.4,-0.45733592968750003,5.914285714285714,50.0,51.0,56.0,53.5,51.0,0.397373,479,166
2023,00-0035298,Scott Miller,WR,11,33.6,-32.449999999999996,-0.45834742187500027,6.004545454545454,47.54545454545455,48.54545454545455,53.54545454545455,51.04545454545455,48.54545454545455,0.39551207173295455,480,167
2023,00-0037429,Raheem Blackshear,RB,9,14.1,-33.9,-0.4632281484374999,5.333333333333333,34.22222222222222,35.22222222222222,40.22222222222222,37.72222222222222,35.22222222222222,0.38194909288194445,481,123
2023,00-0034521,Allen Lazard,WR,14,48.6,-32.55,-0.4641004921875001,5.796428571428572,48.5,49.5,54.5,52.0,49.5,0.3944639704241072,482,168
2023,00-0037666,Jalen Tolbert,WR,14,49.8,-32.4,-0.46788281249999997,5.871428571428572,47.857142857142854,48.857142857142854,53.857142857142854,51.357142857142854,48.857142857142854,0.39153732087053567,483,169
2023,00-0036628,John Bates,TE,15,43.6,-35.75,-0.4679746328125001,5.29,26.266666666666666,27.266666666666666,32.266666666666666,29.766666666666666,27.266666666666666,0.3919069661458333,484,115
2023,00-0036630,Tylan Wallace,WR,6,1.6,-35.1,-0.4760143124999999,6.116666666666667,44.833333333333336,45.833333333333336,50.833333333333336,48.333333333333336,45.833333333333336,0.39274608333333333,485,170
2023,00-0036259,Jauan Jennings,WR,13,42.0,-33.2,-0.47865303125,5.7846153846153845,48.92307692307692,49.92307692307692,54.92307692307692,52.42307692307692,49.92307692307692,0.394442015625,486,171
2023,00-0036176,Mason Kinsey,WR,6,1.1,-37.0,-0.479098734375,6.3500000000000005,47.166666666666664,48.166666666666664,53.166666666666664,50.666666666666664,48.166666666666664,0.39379809505208335,487,172
2023,00-0034364,Jordan Akins,TE,13,35.7,-34.199999999999996,-0.4795918203124999,5.376923076923077,26.846153846153847,27.846153846153847,32.84615384615385,30.346153846153847,27.846153846153847,0.3906814332932692,488,116
2023,00-0033572,Jamal Agnew,WR,11,33.300000000000004,-34.85,-0.48281006250000014,6.195454545454546,48.72727272727273,49.72727272727273,54.72727272727273,52.22727272727273,49.72727272727273,0.39345442542613634,489,173
2023,00-0037557,Ronnie Rivers,RB,9,17.6,-35.550000000000004,-0.4861686249999999,5.905555555555556,33.111111111111114,34.111111111111114,39.111111111111114,36.611111111111114,34.111111111111114,0.37592956944444444,490,124
2023,00-0038752,Jake Bobo,WR,14,47.4,-35.85,-0.4894857890624998,5.946428571428571,48.785714285714285,49.785714285714285,54.785714285714285,52.285714285714285,49.785714285714285,0.39303840290178577,491,174
2023,00-0033555,Mack Hollins,WR,12,34.1,-37.5,-0.4930042109374999,5.966666666666666,48.916666666666664,49.916666666666664,54.916666666666664,52.416666666666664,49.916666666666664,0.396141365234375,492,175
2023,00-0037098,Samori Toure,WR,8,13.8,-36.35,-0.5004129218750001,6.268750000000001,47.875,48.875,53.875,51.375,48.875,0.3915137470703125,493,176
2023,00-0034614,Godwin Igwebuike,RB,7,0.0,-39.150000000000006,-0.5080027109375,5.592857142857143,33.857142857142854,34.857142857142854,39.857142857142854,37.357142857142854,34.857142857142854,0.38550715736607144,494,125
2023,00-0035500,Greg Dortch,WR,16,52.5,-40.25,-0.5124633750000002,5.796875,48.3125,49.3125,54.3125,51.8125,49.3125,0.394660490234375,495,177
2023,00-0035567,Craig Reynolds,RB,12,29.1,-38.15,-0.51380871875,5.604166666666667,32.5,33.5,38.5,36.0,33.5,0.3792488561197917,496,126
2023,00-0036924,Michael Carter,RB,15,46.800000000000004,-38.85,-0.514571046875,5.71,33.333333333333336,34.333333333333336,39.333333333333336,36.833333333333336,34.333333333333336,0.3812421588541667,497,127
2023,00-0034208,Mike Boone,RB,9,9.8,-39.300000000000004,-0.5155812578124999,5.455555555555556,33.44444444444444,34.44444444444444,39.44444444444444,36.94444444444444,34.44444444444444,0.3868980434027778,498,128
2023,00-0037569,Peyton Hendershot,TE,8,9.8,-36.95,-0.5214668515625,5.84375,27.375,28.375,33.375,30.875,28.375,0.39865644140625,499,117
2023,00-0036370,Joshua Kelley,RB,17,57.7,-39.95,-0.5239047031249999,5.7441176470588236,33.64705882352941,34.64705882352941,39.64705882352941,37.14705882352941,34.64705882352941,0.38014956525735294,500,129
2023,00-0037156,Irvin Charles,WR,6,0.0,-36.85,-0.524142921875,6.141666666666667,47.0,48.0,53.0,50.5,48.0,0.38879728515625,501,178
2023,00-0036032,Sean McKeon,TE,8,0.0,-39.95,-0.5253784765625,4.99375,25.125,26.125,31.125,28.625,26.125,0.383975455078125,502,118
2023,00-0028002,Randall Cobb,WR,9,14.4,-39.2,-0.5310796640625002,5.955555555555556,48.77777777777778,49.77777777777778,54.77777777777778,52.27777777777778,49.77777777777778,0.3913869800347222,503,179
2023,00-0038720,Julian Hill,TE,10,11.8,-40.35,-0.5326699140625,5.215,25.8,26.8,31.8,29.3,26.8,0.3931346171875,504,119
2023,00-0035973,Patrick Taylor,RB,11,24.5,-39.35,-0.5340174687500001,5.804545454545455,33.72727272727273,34.72727272727273,39.72727272727273,37.22727272727273,34.72727272727273,0.3793657556818182,505,130
2023,00-0035639,Parris Campbell,WR,10,20.400000000000002,-39.2,-0.5454537109375002,5.96,49.9,50.9,55.9,53.4,50.9,0.3985741875,506,180
2023,00-0034286,Richie James,WR,9,16.400000000000002,-38.65,-0.5467337031250001,6.116666666666667,46.55555555555556,47.55555555555556,52.55555555555556,50.05555555555556,47.55555555555556,0.3848155095486111,507,181
2023,00-0035594,Travis Homer,RB,7,0.0,-40.800000000000004,-0.5480830937500001,5.828571428571429,34.714285714285715,35.714285714285715,40.714285714285715,38.214285714285715,35.714285714285715,0.3837091049107143,508,131
2023,00-0033757,Robert Tonyan,TE,12,27.7,-39.1,-0.552435421875,5.566666666666666,26.5,27.5,32.5,30.0,27.5,0.39122982096354164,509,120
2023,00-0037801,KaVontae Turpin,WR,16,53.7,-41.45,-0.5626635546875002,5.946875,48.1875,49.1875,54.1875,51.6875,49.1875,0.3934533984375,510,182
2023,00-0038045,Isaiah Spiller,RB,9,16.0,-41.35,-0.5642868046875,6.372222222222223,32.77777777777778,33.77777777777778,38.77777777777778,36.27777777777778,33.77777777777778,0.37884830729166663,511,132
2023,00-0036527,DJ Turner,WR,7,0.0,-42.15,-0.5686198281249999,6.021428571428571,46.857142857142854,47.857142857142854,52.857142857142854,50.357142857142854,47.857142857142854,0.3951622254464286,512,183
2023,00-0034681,Chase Edmonds,RB,13,32.7,-41.85,-0.5695898828125001,5.734615384615385,33.92307692307692,34.92307692307692,39.92307692307692,37.42307692307692,34.92307692307692,0.37834002403846156,513,133
2023,00-0036497,Tim Jones,WR,10,13.8,-44.05,-0.5705835937500002,5.785,48.8,49.8,54.8,52.3,49.8,0.39368876953125,514,184
2023,00-0031428,Allen Robinson,WR,15,45.0,-43.15,-0.573503375,5.876666666666667,48.53333333333333,49.53333333333333,54.53333333333333,52.03333333333333,49.53333333333333,0.39579537395833336,515,185
2023,00-0032385,Sterling Shepard,WR,10,17.3,-41.3,-0.5743700781250001,5.86,48.6,49.6,54.6,52.1,49.6,0.39454105546875,516,186
2023,00-0037311,Ko Kieft,TE,10,7.7,-44.2,-0.578349,5.1899999999999995,26.1,27.1,32.1,29.6,27.1,0.38973110078125,517,121
2023,00-0038738,Hunter Luepke,RB,10,11.2,-45.7,-0.5940436640624999,5.69,31.9,32.9,37.9,35.4,32.9,0.3843206296875,518,134
2023,00-0034487,Trent Sherfield,WR,11,20.1,-44.9,-0.5959565859375,5.909090909090909,48.54545454545455,49.54545454545455,54.54545454545455,52.04545454545455,49.54545454545455,0.40148639346590914,519,187
2023,00-0033854,Dare Ogunbowale,RB,9,6.300000000000001,-44.900000000000006,-0.6009401562499999,5.688888888888889,33.666666666666664,34.666666666666664,39.666666666666664,37.166666666666664,34.666666666666664,0.37546946527777775,520,135
2023,00-0035703,Miles Boykin,WR,8,3.2,-45.95,-0.6047070781250002,6.14375,48.625,49.625,54.625,52.125,49.625,0.39724809472656253,521,188
2023,00-0034401,Mike White,QB,6,4.0600000000000005,-47.809999999999995,-0.6095926796875,8.645,24.0,25.0,30.0,27.5,25.0,0.3541577747395834,522,78
2023,00-0035726,Jakob Johnson,RB,8,1.7000000000000002,-47.150000000000006,-0.6101585,6.10625,33.625,34.625,39.625,37.125,34.625,0.3844563857421875,523,136
2023,00-0033893,Dalvin Cook,RB,14,32.7,-45.65,-0.6121814687499999,5.596428571428572,33.142857142857146,34.142857142857146,39.142857142857146,36.642857142857146,34.142857142857146,0.38212516127232143,524,137
2023,00-0036842,Kene Nwangwu,RB,8,1.3,-45.95,-0.6129124296875,5.90625,35.5,36.5,41.5,39.0,36.5,0.3827697294921875,525,138
2023,00-0036429,Charlie Woerner,TE,10,7.7,-43.4,-0.6173174531250001,5.11,25.7,26.7,31.7,29.2,26.7,0.3898205125,526,122
2023,00-0034983,Hunter Renfrow,WR,14,36.0,-46.85,-0.6219643515625002,5.917857142857144,48.785714285714285,49.785714285714285,54.785714285714285,52.285714285714285,49.785714285714285,0.3982691662946429,527,189
2023,00-0033662,Cooper Rush,QB,7,5.26,-51.31,-0.6247443359374999,8.081428571428573,24.0,25.0,30.0,27.5,25.0,0.3449422633928571,528,79
2023,00-0038465,Malik Heath,WR,12,26.0,-45.6,-0.6295400468750001,5.966666666666668,47.333333333333336,48.333333333333336,53.333333333333336,50.833333333333336,48.333333333333336,0.3903762669270833,529,190
2023,00-0037525,Jordan Mason,RB,16,43.2,-48.400000000000006,-0.6300255781249999,5.7250000000000005,33.5,34.5,39.5,37.0,34.5,0.380711189453125,530,139
2023,00-0035771,Mitchell Wilcox,TE,12,19.1,-45.349999999999994,-0.6321833750000001,5.370833333333334,26.25,27.25,32.25,29.75,27.25,0.39798005859375,531,123
2023,00-0034869,Sam Darnold,QB,10,25.380000000000003,-56.14,-0.6452869453125,8.152000000000001,24.0,25.0,30.0,27.5,25.0,0.3500946390625,532,80
2023,00-0038555,Tank Bigsby,RB,13,24.3,-49.6,-0.6488113046874999,5.684615384615385,34.07692307692308,35.07692307692308,40.07692307692308,37.57692307692308,35.07692307692308,0.38356760456730765,533,140
2023,00-0038396,Eric Gray,RB,10,10.0,-48.150000000000006,-0.6507212265625,5.815,32.9,33.9,38.9,36.4,33.9,0.37616693671875,534,141
2023,00-0034646,Brandon Powell,WR,17,54.6,-47.2,-0.6533844062500003,5.988235294117647,48.23529411764706,49.23529411764706,54.23529411764706,51.73529411764706,49.23529411764706,0.39576012591911763,535,191
2023,00-0038647,Ronnie Bell,WR,13,27.8,-48.7,-0.6586328359375002,5.884615384615385,47.92307692307692,48.92307692307692,53.92307692307692,51.42307692307692,48.92307692307692,0.3920245108173077,536,192
2023,00-0034407,Ray-Ray McCloud,WR,12,22.5,-48.3,-0.6605781640625001,5.8999999999999995,49.916666666666664,50.916666666666664,55.916666666666664,53.416666666666664,50.916666666666664,0.39613015104166666,537,193
2023,00-0030068,Marquise Goodwin,WR,10,12.0,-49.650000000000006,-0.6723088984375001,6.165000000000001,49.3,50.3,55.3,52.8,50.3,0.39559444140625,538,194
2023,00-0038941,Tyler Scott,WR,13,27.400000000000002,-48.8,-0.673197359375,5.861538461538462,47.92307692307692,48.92307692307692,53.92307692307692,51.42307692307692,48.92307692307692,0.3976361448317308,539,195
2023,00-0037837,Calvin Austin III,WR,16,44.2,-49.5,-0.6739979453125,5.85625,48.3125,49.3125,54.3125,51.8125,49.3125,0.39573730859375,540,196
2023,00-0034272,Marquez Valdes-Scantling,WR,16,46.0,-48.800000000000004,-0.6742091406250001,5.925,48.3125,49.3125,54.3125,51.8125,49.3125,0.39538266796875,541,197
2023,00-0033308,Matt Breida,RB,15,38.400000000000006,-48.25,-0.6774855468750001,5.776666666666667,33.4,34.4,39.4,36.9,34.4,0.38334075781250004,542,142
2023,00-0036326,Chase Claypool,WR,11,17.7,-51.0,-0.6776606250000001,6.245454545454546,47.81818181818182,48.81818181818182,53.81818181818182,51.31818181818182,48.81818181818182,0.39299292542613634,543,198
2023,00-0034419,Braxton Berrios,WR,16,44.4,-50.95,-0.6938061640625,5.9593750000000005,48.25,49.25,54.25,51.75,49.25,0.394698580078125,544,199
2023,00-0034854,KhaDarel Hodge,WR,14,30.2,-52.050000000000004,-0.6941831796875,5.875,47.92857142857143,48.92857142857143,53.92857142857143,51.42857142857143,48.92857142857143,0.39811511160714286,545,200
2023,00-0038098,Pierre Strong,RB,16,40.300000000000004,-51.1,-0.7042262734374998,5.7125,33.5,34.5,39.5,37.0,34.5,0.3794261298828125,546,143
2023,00-0034297,Byron Pringle,WR,13,23.1,-54.75,-0.7269759140625001,5.988461538461538,48.38461538461539,49.38461538461539,54.38461538461539,51.88461538461539,49.38461538461539,0.39716972415865387,547,201
2023,00-0034414,Boston Scott,RB,12,15.8,-52.75,-0.7317272343749999,5.7124999999999995,33.583333333333336,34.583333333333336,39.583333333333336,37.083333333333336,34.583333333333336,0.377231732421875,548,144
2023,00-0034577,Kyle Allen,QB,6,-1.3,-60.43,-0.7386479140625,9.855,24.0,25.0,30.0,27.5,25.0,0.35036281640625,549,81
2023,00-0033251,Zach Pascal,WR,10,3.9,-55.550000000000004,-0.7437775156250002,5.945,49.6,50.6,55.6,53.1,50.6,0.39752853984375003,550,202
2023,00-0038496,Xavier Gipson,WR,17,46.2,-54.0,-0.7478906250000001,5.894117647058824,48.11764705882353,49.11764705882353,54.11764705882353,51.61764705882353,49.11764705882353,0.39390339154411763,551,203
2023,00-0032200,Ty Montgomery,WR,11,7.4,-55.95,-0.7519339687500002,5.759090909090909,49.0,50.0,55.0,52.5,50.0,0.39529811363636363,552,204
2023,00-0036415,Van Jefferson,WR,14,31.3,-54.45,-0.7540986015625001,6.125,48.5,49.5,54.5,52.0,49.5,0.3950649832589286,553,205
2023,00-0038576,Charlie Jones,WR,11,11.2,-55.400000000000006,-0.763151953125,6.054545454545456,47.36363636363637,48.36363636363637,53.36363636363637,50.86363636363637,48.36363636363637,0.3876520823863636,554,206
2023,00-0038618,Xavier Hutchinson,WR,12,17.900000000000002,-54.6,-0.7643475703125,6.041666666666667,47.083333333333336,48.083333333333336,53.083333333333336,50.583333333333336,48.083333333333336,0.3913900305989583,555,207
2023,00-0037614,John Metchie III,WR,14,24.200000000000003,-56.95,-0.7666464687500001,5.796428571428572,47.785714285714285,48.785714285714285,53.785714285714285,51.285714285714285,48.785714285714285,0.3947100357142857,556,208
2023,00-0036133,James Proche,WR,10,0.0,-57.15,-0.7689163593749998,5.715,46.1,47.1,52.1,49.6,47.1,0.39362810234375,557,209
2023,00-0033466,Isaiah McKenzie,WR,13,15.100000000000001,-59.25,-0.7895474921875001,5.7192307692307685,49.15384615384615,50.15384615384615,55.15384615384615,52.65384615384615,50.15384615384615,0.397753609375,558,210
2023,00-0036862,Ben Skowronek,WR,13,17.5,-59.35,-0.8092409453125002,5.911538461538462,48.23076923076923,49.23076923076923,54.23076923076923,51.73076923076923,49.23076923076923,0.39383547115384615,559,211
2023,00-0035628,D'Ernest Johnson,RB,16,29.8,-62.1,-0.8236609687499998,5.74375,33.6875,34.6875,39.6875,37.1875,34.6875,0.3802513095703125,560,145
2023,00-0036233,Donovan Peoples-Jones,WR,14,22.0,-61.4,-0.8506736796875001,5.957142857142857,48.642857142857146,49.642857142857146,54.642857142857146,52.142857142857146,49.642857142857146,0.391933578125,561,212
2023,00-0032104,Ameer Abdullah,RB,16,31.5,-61.85,-0.852681,5.8343750000000005,33.625,34.625,39.625,37.125,34.625,0.380826568359375,562,146
2023,00-0036626,Dyami Brown,WR,16,28.960000000000004,-64.09,-0.8678289453125003,5.815625,48.9375,49.9375,54.9375,52.4375,49.9375,0.395697833984375,563,213
2023,00-0031941,Jamison Crowder,WR,16,29.900000000000002,-63.6,-0.8720151562500001,5.84375,48.3125,49.3125,54.3125,51.8125,49.3125,0.39443248974609374,564,214
2023,00-0035215,Deonte Harty,WR,16,28.5,-66.8,-0.9016420234375,5.95625,48.25,49.25,54.25,51.75,49.25,0.3952314047851563,565,215
2023,00-0037745,Velus Jones Jr.,WR,13,9.1,-70.85,-0.9561006249999999,6.15,48.30769230769231,49.30769230769231,54.30769230769231,51.80769230769231,49.30769230769231,0.39522658774038466,566,216
2023,00-0036331,Devin Duvernay,WR,13,5.3,-70.45,-0.9576988984375001,5.826923076923077,49.23076923076923,50.23076923076923,55.23076923076923,52.73076923076923,50.23076923076923,0.3986491153846154,567,217
2023,00-0035645,Gunner Olszewski,WR,12,-1.5,-74.0,-0.9968572734375001,6.041666666666667,47.583333333333336,48.583333333333336,53.583333333333336,51.083333333333336,48.583333333333336,0.39427827539062504,568,218
2023,00-0037487,Deven Thompkins,WR,17,26.4,-73.9,-1.0232297109375,5.8999999999999995,48.11764705882353,49.11764705882353,54.11764705882353,51.61764705882353,49.11764705882353,0.3938848180147059,569,219
2023,00-0036635,Ihmir Smith-Marsette,WR,17,22.500000000000004,-77.7,-1.0471523203125,5.894117647058824,48.11764705882353,49.11764705882353,54.11764705882353,51.61764705882353,49.11764705882353,0.39390339154411763,570,220
2023,00-0035291,Trayveon Williams,RB,16,11.4,-78.8,-1.0517598437500002,5.6375,33.4375,34.4375,39.4375,36.9375,34.4375,0.379955962890625,571,147
2023,00-0038573,Derius Davis,WR,17,24.200000000000003,-76.1,-1.0518755703124998,5.8999999999999995,48.11764705882353,49.11764705882353,54.11764705882353,51.61764705882353,49.11764705882353,0.3938848180147059,572,221
2023,00-0037132,Britain Covey,WR,15,6.2,-82.10000000000001,-1.1067863125,5.886666666666667,48.53333333333333,49.53333333333333,54.53333333333333,52.03333333333333,49.53333333333333,0.39384854270833336,573,222
2023,00-0036841,Austin Trammell,WR,15,4.9,-82.8,-1.1087256171875,5.846666666666667,48.13333333333333,49.13333333333333,54.13333333333333,51.63333333333333,49.13333333333333,0.3945303807291667,574,223
2023,00-0036425,DeeJay Dallas,RB,17,9.200000000000001,-88.45,-1.1830115546874997,5.7441176470588236,33.64705882352941,34.64705882352941,39.64705882352941,37.14705882352941,34.64705882352941,0.38014956525735294,575,148
2023,00-0033292,Trent Taylor,WR,15,-0.2,-89.9,-1.22443196875,5.98,47.93333333333333,48.93333333333333,53.93333333333333,51.43333333333333,48.93333333333333,0.39586894843750003,576,224
2023,00-0031763,DeAndre Carter,WR,17,7.7,-94.10000000000001,-1.2784166015625,5.988235294117647,48.23529411764706,49.23529411764706,54.23529411764706,51.73529411764706,49.23529411764706,0.39576012591911763,577,225
2024,00-0034796,Lamar Jackson,QB,17,438.38000000000005,294.45000000000005,4.1103307734375,8.466470588235294,24.0,25.0,30.0,27.5,25.0,0.3351045620404412,1,1
2024,00-0034855,Baker Mayfield,QB,17,397.8,257.67,3.603260953125,8.242941176470588,24.0,25.0,30.0,27.5,25.0,0.3332976631433824,2,2
2024,00-0034857,Josh Allen,QB,16,391.04,255.6,3.3879380703125,8.465,24.0,25.0,30.0,27.5,25.0,0.33541288916015627,3,3
2024,00-0034844,Saquon Barkley,RB,16,338.8,250.15,3.3367523515624993,5.540625,34.125,35.125,40.125,37.625,35.125,0.3722395703125,4,1
2024,00-0036442,Joe Burrow,QB,17,390.82,245.85,3.33641353125,8.52764705882353,24.0,25.0,30.0,27.5,25.0,0.33548823851102944,5,4
2024,00-0039139,Jahmyr Gibbs,RB,17,336.90000000000003,242.8,3.2957249062499994,5.53529411764706,34.11764705882353,35.11764705882353,40.11764705882353,37.61764705882353,35.11764705882353,0.37230413511029414,6,2
2024,00-0032764,Derrick Henry,RB,17,326.90000000000003,231.25000000000003,3.2636576640625,5.626470588235295,34.23529411764706,35.23529411764706,40.23529411764706,37.73529411764706,35.23529411764706,0.37449989062500005,7,3
2024,00-0039910,Jayden Daniels,QB,17,373.82,229.89,3.1843948984375,8.466470588235294,24.0,25.0,30.0,27.5,25.0,0.3351045620404412,8,5
2024,00-0036900,Ja'Marr Chase,WR,17,339.5,236.55,3.0857394765625004,6.055882352941176,47.94117647058823,48.94117647058823,53.94117647058823,51.44117647058823,48.94117647058823,0.39399389613970587,9,1
2024,00-0039338,Brock Bowers,TE,17,318.7,223.99,3.081450765625,5.571176470588235,25.764705882352942,26.764705882352942,31.764705882352942,29.264705882352942,26.764705882352942,0.3868600441176471,10,1
2024,00-0038542,Bijan Robinson,RB,17,311.2,214.95000000000002,3.0258196875000003,5.661764705882353,34.35294117647059,35.35294117647059,40.35294117647059,37.85294117647059,35.35294117647059,0.3736320261948529,11,4
2024,00-0037744,Trey McBride,TE,16,299.3,209.74,2.896668109375,5.5975,25.875,26.875,31.875,29.375,26.875,0.38697454248046875,12,2
2024,00-0036389,Jalen Hurts,QB,15,325.12,203.87,2.8413304531250003,8.083333333333334,24.0,25.0,30.0,27.5,25.0,0.33648815468750004,13,6
2024,00-0033106,Jared Goff,QB,17,347.96000000000004,207.26000000000002,2.7695856328125,8.276470588235293,24.0,25.0,30.0,27.5,25.0,0.33587303354779413,14,7
2024,00-0033288,George Kittle,TE,15,275.6,191.89000000000001,2.7113395156249998,5.5806666666666676,25.8,26.8,31.8,29.3,26.8,0.385907875,15,3
2024,00-0039732,Bo Nix,QB,17,340.7,196.77,2.676472765625,8.466470588235294,24.0,25.0,30.0,27.5,25.0,0.3351045620404412,16,8
2024,00-0034869,Sam Darnold,QB,17,331.96,193.08,2.5897403593749995,8.169411764705883,24.0,25.0,30.0,27.5,25.0,0.3344647674632353,17,9
2024,00-0035228,Kyler Murray,QB,17,319.24,179.11,2.4909564453125,8.242941176470588,24.0,25.0,30.0,27.5,25.0,0.3332976631433824,18,10
2024,00-0035700,Josh Jacobs,RB,17,275.1,180.15,2.4813688046875,5.585294117647059,34.11764705882353,35.11764705882353,40.11764705882353,37.61764705882353,35.11764705882353,0.37296326240808825,19,5
2024,00-0033873,Patrick Mahomes,QB,16,304.52,175.17,2.3582948359375,8.084375,24.0,25.0,30.0,27.5,25.0,0.334325451171875,20,11
2024,00-0037840,Kyren Williams,RB,16,255.1,165.5,2.3182242499999997,5.6000000000000005,34.3125,35.3125,40.3125,37.8125,35.3125,0.376130533203125,21,6
2024,00-0039040,De'Von Achane,RB,17,260.90000000000003,165.85000000000002,2.3133625234374997,5.591176470588236,34.294117647058826,35.294117647058826,40.294117647058826,37.794117647058826,35.294117647058826,0.37596621783088235,22,7
2024,00-0033858,Jonnu Smith,TE,17,266.3,171.69000000000003,2.294566140625,5.565294117647059,25.764705882352942,26.764705882352942,31.764705882352942,29.264705882352942,26.764705882352942,0.38749438143382353,23,4
2024,00-0037834,Brock Purdy,QB,15,290.86,164.81,2.27149146875,8.403333333333332,24.0,25.0,30.0,27.5,25.0,0.33418486302083333,24,12
2024,00-0036322,Justin Jefferson,WR,17,265.98,163.58,2.2644978515624996,6.023529411764706,47.94117647058823,48.94117647058823,53.94117647058823,51.44117647058823,48.94117647058823,0.3953862090992647,25,2
2024,00-0037248,James Cook,RB,16,250.70000000000002,159.45000000000002,2.2360461249999997,5.703125,34.5,35.5,40.5,38.0,35.5,0.37570926220703127,26,8
2024,00-0030506,Travis Kelce,TE,16,243.9,156.09,2.2207903671875,5.488125,25.625,26.625,31.625,29.125,26.625,0.38712369921875,27,5
2024,00-0036223,Jonathan Taylor,RB,14,235.7,156.2,2.1737131874999998,5.678571428571429,34.214285714285715,35.214285714285715,40.214285714285715,37.714285714285715,35.214285714285715,0.3767582672991071,28,9
2024,00-0033906,Alvin Kamara,RB,14,231.3,153.2,2.1435417890625,5.578571428571429,34.857142857142854,35.857142857142854,40.857142857142854,38.357142857142854,35.857142857142854,0.37352177176339285,29,10
2024,00-0030565,Geno Smith,QB,17,296.0,152.59,2.1209023046875006,8.435882352941176,24.0,25.0,30.0,27.5,25.0,0.33620136167279413,30,13
2024,00-0036963,Amon-Ra St. Brown,WR,17,258.68,156.78,2.0992835781249997,5.9941176470588236,48.11764705882353,49.11764705882353,54.11764705882353,51.61764705882353,49.11764705882353,0.3962326659007353,31,3
2024,00-0033897,Joe Mixon,RB,14,222.5,145.85,2.06733865625,5.4750000000000005,33.92857142857143,34.92857142857143,39.92857142857143,37.42857142857143,34.92857142857143,0.3722852840401786,32,11
2024,00-0036355,Justin Herbert,QB,17,291.40000000000003,150.7,2.0134690546874996,8.276470588235293,24.0,25.0,30.0,27.5,25.0,0.33587303354779413,33,14
2024,00-0033553,James Conner,RB,16,230.3,140.5,2.0036562890625,5.6125,34.375,35.375,40.375,37.875,35.375,0.3735367934570313,34,12
2024,00-0039893,Brian Thomas Jr.,WR,17,240.5,137.55,1.9224909765625002,6.055882352941176,47.94117647058823,48.94117647058823,53.94117647058823,51.44117647058823,48.94117647058823,0.39399389613970587,35,4
2024,00-0036555,Chuba Hubbard,RB,15,220.10000000000002,135.85,1.9160432343749998,5.616666666666666,34.666666666666664,35.666666666666664,40.666666666666664,38.166666666666664,35.666666666666664,0.37224906093750004,36,13
2024,00-0038597,Chase Brown,RB,16,228.0,137.2,1.9122848281249998,5.675000000000001,34.375,35.375,40.375,37.875,35.375,0.37365045458984375,37,14
2024,00-0036264,Jordan Love,QB,15,255.86,134.07,1.868405953125,8.119333333333334,24.0,25.0,30.0,27.5,25.0,0.32998687135416666,38,15
2024,00-0023459,Aaron Rodgers,QB,17,278.58,133.60999999999999,1.8191393515624998,8.52764705882353,24.0,25.0,30.0,27.5,25.0,0.33548823851102944,39,16
2024,00-0035685,David Montgomery,RB,14,203.72,127.77,1.7903112343749994,5.425,34.57142857142857,35.57142857142857,40.57142857142857,38.07142857142857,35.57142857142857,0.37190933258928577,40,15
2024,00-0035659,Terry McLaurin,WR,17,226.8,123.95,1.7822943437500003,6.050000000000001,48.0,49.0,54.0,51.5,49.0,0.39550220818014703,41,5
2024,00-0039361,Bucky Irving,RB,17,220.9,125.65,1.7806833515625002,5.602941176470588,34.35294117647059,35.35294117647059,40.35294117647059,37.85294117647059,35.35294117647059,0.37352505101102945,42,16
2024,00-0037238,Drake London,WR,17,230.8,127.85,1.763826703125,6.055882352941176,47.94117647058823,48.94117647058823,53.94117647058823,51.44117647058823,48.94117647058823,0.39399389613970587,43,6
2024,00-0036358,CeeDee Lamb,WR,15,212.9,123.95,1.7324940781250002,5.930000000000001,48.333333333333336,49.333333333333336,54.333333333333336,51.833333333333336,49.333333333333336,0.39446860156249997,44,7
2024,00-0034753,Mark Andrews,TE,17,216.3,121.04,1.7295167500000004,5.603529411764706,25.764705882352942,26.764705882352942,31.764705882352942,29.264705882352942,26.764705882352942,0.3856242881433824,45,6
2024,00-0039337,Malik Nabers,WR,15,219.10000000000002,127.20000000000002,1.729395109375,6.126666666666667,47.666666666666664,48.666666666666664,53.666666666666664,51.166666666666664,48.666666666666664,0.3962237932291667,46,8
2024,00-0039918,Caleb Williams,QB,17,266.54,125.80000000000001,1.7136312812499999,8.278823529411765,24.0,25.0,30.0,27.5,25.0,0.33371493658088236,47,17
2024,00-0033293,Aaron Jones,RB,17,216.10000000000002,121.05000000000001,1.6854541328125001,5.591176470588236,34.294117647058826,35.294117647058826,40.294117647058826,37.794117647058826,35.294117647058826,0.37596621783088235,48,17
2024,00-0031408,Mike Evans,WR,14,203.4,119.25,1.6736007109375,6.010714285714286,48.214285714285715,49.214285714285715,54.214285714285715,51.714285714285715,49.214285714285715,0.39341592578124995,49,9
2024,00-0038120,Breece Hall,RB,16,212.4,120.55000000000001,1.6679532656249993,5.7406250000000005,34.4375,35.4375,40.4375,37.9375,35.4375,0.37415128955078125,50,18
2024,00-0033885,David Njoku,TE,11,180.5,119.24000000000001,1.6608705937500003,5.569090909090909,26.181818181818183,27.181818181818183,32.18181818181818,29.681818181818183,27.181818181818183,0.3835898877840909,51,7
2024,00-0039065,Sam LaPorta,TE,16,204.6,115.64000000000001,1.6295749453125001,5.5600000000000005,25.8125,26.8125,31.8125,29.3125,26.8125,0.38873616552734375,52,8
2024,00-0030061,Zach Ertz,TE,17,210.4,115.13999999999999,1.5798769609374999,5.603529411764706,25.764705882352942,26.764705882352942,31.764705882352942,29.264705882352942,26.764705882352942,0.3856242881433824,53,9
2024,00-0036410,Tee Higgins,WR,12,185.6,113.2,1.5214567890625,6.033333333333334,48.583333333333336,49.583333333333336,54.583333333333336,52.083333333333336,49.583333333333336,0.39325531510416667,54,10
2024,00-0036894,Pat Freiermuth,TE,17,202.8,108.64,1.5213385703124997,5.538823529411765,25.647058823529413,26.647058823529413,31.647058823529413,29.147058823529413,26.647058823529413,0.3868440739889706,55,10
2024,00-0035676,A.J. Brown,WR,13,183.4,107.7,1.5166574296875002,5.823076923076924,48.53846153846154,49.53846153846154,54.53846153846154,52.03846153846154,49.53846153846154,0.3972885691105769,56,11
2024,00-0031381,Davante Adams,WR,14,198.79999999999998,113.5,1.5085174218750004,6.0928571428571425,47.714285714285715,48.714285714285715,53.714285714285715,51.214285714285715,48.714285714285715,0.39630046316964285,57,12
2024,00-0036158,J.K. Dobbins,RB,13,175.8,105.55,1.48492815625,5.403846153846154,34.38461538461539,35.38461538461539,40.38461538461539,37.88461538461539,35.38461538461539,0.3710317235576923,58,19
2024,00-0036554,Nico Collins,WR,12,176.60000000000002,103.45,1.4779157109375005,6.095833333333334,48.75,49.75,54.75,52.25,49.75,0.3938203626302083,59,13
2024,00-0039915,Ladd McConkey,WR,16,199.9,102.7,1.4315182109375,6.075,48.0,49.0,54.0,51.5,49.0,0.39692753466796876,60,14
2024,00-0036275,D'Andre Swift,RB,17,193.5,98.65,1.4262326874999995,5.579411764705883,34.05882352941177,35.05882352941177,40.05882352941177,37.55882352941177,35.05882352941177,0.37546985064338234,61,20
2024,00-0034348,Courtland Sutton,WR,16,199.8,102.95,1.4240813671875001,6.0531250000000005,48.4375,49.4375,54.4375,51.9375,49.4375,0.39426554833984373,62,15
2024,00-0039163,C.J. Stroud,QB,17,244.38,100.45,1.4207843125,8.466470588235294,24.0,25.0,30.0,27.5,25.0,0.3351045620404412,63,18
2024,00-0036212,Tua Tagovailoa,QB,11,195.58,106.52000000000001,1.4009483984375,8.096363636363636,24.0,25.0,30.0,27.5,25.0,0.3391242272727273,64,19
2024,00-0038134,Kenneth Walker III,RB,11,158.20000000000002,95.65,1.3917128046875,5.6863636363636365,34.0,35.0,40.0,37.5,35.0,0.3685415809659091,65,21
2024,00-0037740,Garrett Wilson,WR,17,201.4,98.45,1.3850447031250004,6.055882352941176,47.94117647058823,48.94117647058823,53.94117647058823,51.44117647058823,48.94117647058823,0.39399389613970587,66,16
2024,00-0038996,Tucker Kraft,TE,17,188.3,93.59,1.3648111015625002,5.571176470588235,25.764705882352942,26.764705882352942,31.764705882352942,29.264705882352942,26.764705882352942,0.3868600441176471,67,11
2024,00-0038543,Jaxon Smith-Njigba,WR,17,203.0,100.7,1.3554144218750002,6.01764705882353,48.11764705882353,49.11764705882353,54.11764705882353,51.61764705882353,49.11764705882353,0.3939045978860294,68,17
2024,00-0038129,Cade Otton,TE,14,170.1,93.54,1.3540730390624995,5.468571428571429,25.857142857142858,26.857142857142858,31.857142857142858,29.357142857142858,26.857142857142858,0.3882397712053572,69,12
2024,00-0029263,Russell Wilson,QB,11,182.78,99.34,1.351523546875,7.585454545454545,24.0,25.0,30.0,27.5,25.0,0.32490783451704547,70,20
2024,00-0039150,Bryce Young,QB,14,213.02,99.12,1.3443296953125,8.135714285714286,24.0,25.0,30.0,27.5,25.0,0.33350187109375,71,21
2024,00-0026498,Matthew Stafford,QB,16,230.58,101.23,1.3411393515624999,8.084375,24.0,25.0,30.0,27.5,25.0,0.334325451171875,72,22
2024,00-0039075,Puka Nacua,WR,11,167.1,102.55,1.3305572968750004,5.868181818181818,49.0,50.0,55.0,52.5,50.0,0.39657962571022726,73,18
2024,00-0029604,Kirk Cousins,QB,14,208.32,93.9,1.3210812890624997,8.172857142857143,24.0,25.0,30.0,27.5,25.0,0.3345801713169643,74,23
2024,00-0035261,Tony Pollard,RB,16,180.20000000000002,91.65,1.3190005625,5.534375,34.375,35.375,40.375,37.875,35.375,0.3710198447265625,75,22
2024,00-0036893,Najee Harris,RB,17,186.6,91.95,1.3178005000000002,5.56764705882353,34.0,35.0,40.0,37.5,35.0,0.3741052775735294,76,23
2024,00-0037240,Jameson Williams,WR,15,183.20000000000002,94.60000000000001,1.3158077109375002,5.906666666666667,48.46666666666667,49.46666666666667,54.46666666666667,51.96666666666667,49.46666666666667,0.3968607859375,77,19
2024,00-0033090,Hunter Henry,TE,16,178.4,89.94000000000001,1.278436203125,5.5287500000000005,25.625,26.625,31.625,29.125,26.625,0.38513672509765623,78,13
2024,00-0036139,Rico Dowdle,RB,16,178.3,90.35000000000001,1.2667696562499997,5.496875,34.0625,35.0625,40.0625,37.5625,35.0625,0.37592290673828127,79,24
2024,00-0037256,Rachaad White,RB,15,174.1,89.3,1.2524694609375,5.653333333333333,34.53333333333333,35.53333333333333,40.53333333333333,38.03333333333333,35.53333333333333,0.37574616302083336,80,25
2024,00-0039851,Drake Maye,QB,13,197.14,89.00999999999999,1.2430072734374997,8.317692307692308,24.0,25.0,30.0,27.5,25.0,0.33055672956730764,81,24
2024,00-0036407,Jerry Jeudy,WR,17,195.9,93.6,1.2367670390625003,6.01764705882353,48.11764705882353,49.11764705882353,54.11764705882353,51.61764705882353,49.11764705882353,0.3939045978860294,82,20
2024,00-0036912,DeVonta Smith,WR,13,165.4,89.30000000000001,1.2256735078125,5.853846153846154,48.30769230769231,49.30769230769231,54.30769230769231,51.80769230769231,49.30769230769231,0.3951345775240384,83,21
2024,00-0034827,DJ Moore,WR,17,189.10000000000002,87.55,1.2043986796875004,5.973529411764707,48.529411764705884,49.529411764705884,54.529411764705884,52.029411764705884,49.529411764705884,0.3937272670036765,84,22
2024,00-0039164,Anthony Richardson,QB,11,186.86,88.88000000000001,1.2004352109375,8.907272727272728,24.0,25.0,30.0,27.5,25.0,0.3465785269886364,85,25
2024,00-0038994,Jordan Addison,WR,15,181.0,90.85,1.1783186484375001,6.010000000000001,48.13333333333333,49.13333333333333,54.13333333333333,51.63333333333333,49.13333333333333,0.3962429927083333,86,23
2024,00-0034829,Mike Gesicki,TE,16,174.0,84.09,1.1654563046875002,5.619375,25.75,26.75,31.75,29.25,26.75,0.38781053759765627,87,14
2024,00-0034960,Jakobi Meyers,WR,15,174.5,83.35,1.1363917031250002,6.076666666666667,48.4,49.4,54.4,51.9,49.4,0.3929335098958333,88,24
2024,00-0036875,Rhamondre Stevenson,RB,15,159.4,74.2,1.1044390781249998,5.680000000000001,34.4,35.4,40.4,37.9,35.4,0.37685098125,89,26
2024,00-0031280,Derek Carr,QB,10,160.9,79.51,1.0893773124999997,8.139,24.0,25.0,30.0,27.5,25.0,0.33922816015625,90,26
2024,00-0036259,Jauan Jennings,WR,15,172.0,83.75,1.0557345703125,5.883333333333334,48.93333333333333,49.93333333333333,54.93333333333333,52.43333333333333,49.93333333333333,0.39402133385416666,91,25
2024,00-0033040,Tyreek Hill,WR,17,177.7,75.3,1.0430959218750004,6.023529411764706,47.94117647058823,48.94117647058823,53.94117647058823,51.44117647058823,48.94117647058823,0.3953862090992647,92,26
2024,00-0033921,Chris Godwin Jr.,WR,7,112.80000000000001,70.45,1.0248392265625,6.05,47.0,48.0,53.0,50.5,48.0,0.39218267075892854,93,27
2024,00-0033923,Kareem Hunt,RB,13,143.9,70.95,1.0216371328124998,5.611538461538462,33.69230769230769,34.69230769230769,39.69230769230769,37.19230769230769,34.69230769230769,0.3769049993990385,94,27
2024,00-0037746,Brian Robinson,RB,14,149.8,69.65,1.0203370703124999,5.7250000000000005,34.142857142857146,35.142857142857146,40.142857142857146,37.642857142857146,35.142857142857146,0.37590165457589286,95,28
2024,00-0039146,Jayden Reed,WR,17,169.5,67.2,1.0183245156250003,6.01764705882353,48.11764705882353,49.11764705882353,54.11764705882353,51.61764705882353,49.11764705882353,0.3939045978860294,96,28
2024,00-0039064,Zay Flowers,WR,17,172.5,69.65,0.9988199296875002,6.050000000000001,48.0,49.0,54.0,51.5,49.0,0.39550220818014703,97,29
2024,00-0039384,Tyrone Tracy Jr.,RB,17,163.3,68.05,0.9913472421875001,5.602941176470588,34.35294117647059,35.35294117647059,40.35294117647059,37.85294117647059,35.35294117647059,0.37352505101102945,98,29
2024,00-0033908,Cooper Kupp,WR,12,141.5,71.4,0.9773844062500001,5.841666666666668,48.666666666666664,49.666666666666664,54.666666666666664,52.166666666666664,49.666666666666664,0.39529259570312497,99,30
2024,00-0036971,Trevor Lawrence,QB,10,159.2,65.86,0.9737867656249998,9.334,24.0,25.0,30.0,27.5,25.0,0.34467896796874997,100,27
2024,00-0034351,Dallas Goedert,TE,10,124.6,70.45,0.9693448515624997,5.415,25.4,26.4,31.4,28.9,26.4,0.39062383046875004,101,15
2024,00-0035640,DK Metcalf,WR,15,158.2,69.2,0.9571947265624998,5.933333333333334,48.46666666666667,49.46666666666667,54.46666666666667,51.96666666666667,49.46666666666667,0.39422230885416665,102,31
2024,00-0036309,Darnell Mooney,WR,16,161.20000000000002,65.35000000000001,0.94445409375,5.9906250000000005,48.0625,49.0625,54.0625,51.5625,49.0625,0.39340743701171876,103,32
2024,00-0039165,Zach Charbonnet,RB,17,165.9,70.95,0.9435884062499996,5.585294117647059,34.11764705882353,35.11764705882353,40.11764705882353,37.61764705882353,35.11764705882353,0.37296326240808825,104,30
2024,00-0038997,Josh Downs,WR,14,147.5,63.9,0.9394941953125001,5.971428571428572,48.42857142857143,49.42857142857143,54.42857142857143,51.92857142857143,49.42857142857143,0.39606116238839284,105,33
2024,00-0035710,Daniel Jones,QB,10,149.3,65.99000000000001,0.9324736171874998,8.331,24.0,25.0,30.0,27.5,25.0,0.33450414765625,106,28
2024,00-0031503,Jameis Winston,QB,11,155.14,68.53,0.9320329999999999,7.873636363636364,24.0,25.0,30.0,27.5,25.0,0.33453122372159094,107,29
2024,00-0033881,Evan Engram,TE,9,113.0,63.790000000000006,0.9181119531250004,5.467777777777778,26.444444444444443,27.444444444444443,32.44444444444444,29.944444444444443,27.444444444444443,0.38309835416666665,108,16
2024,00-0034837,Calvin Ridley,WR,17,167.20000000000002,65.3,0.9144350234375003,5.9941176470588236,48.11764705882353,49.11764705882353,54.11764705882353,51.61764705882353,49.11764705882353,0.3962326659007353,109,34
2024,00-0039849,Marvin Harrison Jr.,WR,17,165.5,62.8,0.9002149843750001,6.041176470588235,47.88235294117647,48.88235294117647,53.88235294117647,51.38235294117647,48.88235294117647,0.39430239016544116,110,35
2024,00-0036970,Kyle Pitts,TE,17,154.7,59.54,0.896034421875,5.597647058823529,25.705882352941178,26.705882352941178,31.705882352941178,29.205882352941178,26.705882352941178,0.38729455193014706,111,17
2024,00-0033357,Taysom Hill,TE,8,115.84,70.88,0.8772165781249999,5.62,25.625,26.625,31.625,29.125,26.625,0.3855103017578125,112,18
2024,00-0039894,Xavier Worthy,WR,16,157.7,62.4,0.8756442812500004,5.956250000000001,48.0625,49.0625,54.0625,51.5625,49.0625,0.39488676953124996,113,36
2024,00-0030279,Keenan Allen,WR,15,151.4,62.10000000000001,0.8693061718750003,5.953333333333334,48.8,49.8,54.8,52.3,49.8,0.39436285833333334,114,37
2024,00-0037838,Isaiah Likely,TE,15,144.7,59.29,0.8517451796875001,5.694,25.8,26.8,31.8,29.3,26.8,0.38555696666666667,115,19
2024,00-0036040,Juwan Johnson,TE,15,147.8,63.04,0.8501886328125,5.650666666666667,25.933333333333334,26.933333333333334,31.933333333333334,29.433333333333334,26.933333333333334,0.3851316942708333,116,20
2024,00-0026158,Joe Flacco,QB,7,113.04,58.93000000000001,0.8422457890624997,7.7299999999999995,24.0,25.0,30.0,27.5,25.0,0.3165331004464286,117,30
2024,00-0033077,Dak Prescott,QB,8,132.51999999999998,58.459999999999994,0.8288646640624999,9.2575,24.0,25.0,30.0,27.5,25.0,0.34343340234375,118,31
2024,00-0038041,Jake Ferguson,TE,14,133.9,55.24,0.8067007031250003,5.618571428571428,25.214285714285715,26.214285714285715,31.214285714285715,28.714285714285715,26.214285714285715,0.389624921875,119,21
2024,00-0034270,Tyler Conklin,TE,16,147.4,57.69,0.7982677812500001,5.6068750000000005,25.6875,26.6875,31.6875,29.1875,26.6875,0.38613000732421876,120,22
2024,00-0036550,Rashod Bateman,WR,16,152.10000000000002,56.5,0.7912874921875003,5.9750000000000005,48.1875,49.1875,54.1875,51.6875,49.1875,0.3955231909179687,121,38
2024,00-0038544,Quentin Johnston,WR,15,147.20000000000002,58.650000000000006,0.7786713750000003,5.903333333333333,48.666666666666664,49.666666666666664,54.666666666666664,52.166666666666664,49.666666666666664,0.3952721171875,122,39
2024,00-0036290,Cole Kmet,TE,16,143.9,54.39,0.765696671875,5.594375,25.3125,26.3125,31.3125,28.8125,26.3125,0.38801651318359376,123,23
2024,00-0037261,Khalil Shakir,WR,15,144.5,54.300000000000004,0.7389044062500001,6.013333333333334,48.06666666666667,49.06666666666667,54.06666666666667,51.56666666666667,49.06666666666667,0.39478813385416667,124,40
2024,00-0030035,Adam Thielen,WR,10,115.5,55.0,0.7371736093750001,6.05,48.7,49.7,54.7,52.2,49.7,0.39428444453125,125,41
2024,00-0037247,George Pickens,WR,14,134.9,50.650000000000006,0.7364398515625001,6.017857142857143,48.0,49.0,54.0,51.5,49.0,0.3954933125,126,42
2024,00-0031588,Stefon Diggs,WR,8,98.42,48.72,0.7342319453124999,6.2125,47.0,48.0,53.0,50.5,48.0,0.3921079365234375,127,43
2024,00-0038933,Dalton Kincaid,TE,13,122.8,50.94,0.7324094453125003,5.527692307692307,25.384615384615383,26.384615384615383,31.384615384615383,28.884615384615383,26.384615384615383,0.38752916346153843,128,24
2024,00-0034159,Will Dissly,TE,15,135.1,53.19,0.7254058593750001,5.460666666666667,25.866666666666667,26.866666666666667,31.866666666666667,29.366666666666667,26.866666666666667,0.38543505260416666,129,25
2024,00-0034383,Dalton Schultz,TE,17,144.7,49.44,0.7170141328124999,5.603529411764706,25.764705882352942,26.764705882352942,31.764705882352942,29.264705882352942,26.764705882352942,0.3856242881433824,130,26
2024,00-0033699,Austin Ekeler,RB,12,114.8,50.55,0.7085764218749997,5.354166666666667,34.666666666666664,35.666666666666664,40.666666666666664,38.166666666666664,35.666666666666664,0.37310136523437504,131,31
2024,00-0037809,Chig Okonkwo,TE,16,139.6,52.64,0.7068241015625003,5.4350000000000005,25.625,26.625,31.625,29.125,26.625,0.3876770576171875,132,27
2024,00-0035229,T.J. Hockenson,TE,10,107.0,51.0,0.6847010703125,5.6,25.9,26.9,31.9,29.4,26.9,0.387558953125,133,28
2024,00-0037664,Alec Pierce,WR,16,142.9,46.7,0.6796592812500002,6.0125,47.75,48.75,53.75,51.25,48.75,0.39478700830078123,134,44
2024,00-0035644,Noah Fant,TE,14,128.0,48.49,0.6721060859374999,5.679285714285714,25.714285714285715,26.714285714285715,31.714285714285715,29.214285714285715,26.714285714285715,0.3876865206473214,135,29
2024,00-0037525,Jordan Mason,RB,12,109.5,42.85,0.6710949296875,5.554166666666667,34.583333333333336,35.583333333333336,40.583333333333336,38.083333333333336,35.583333333333336,0.37342882942708333,136,32
2024,00-0039152,Will Levis,QB,12,143.94,50.410000000000004,0.6602215234375001,7.7941666666666665,24.0,25.0,30.0,27.5,25.0,0.3354354153645833,137,32
2024,00-0035719,Deebo Samuel Sr.,WR,15,130.10000000000002,42.30000000000001,0.6431883359374999,5.853333333333334,48.53333333333333,49.53333333333333,54.53333333333333,52.03333333333333,49.53333333333333,0.3944687286458333,138,45
2024,00-0036945,Justin Fields,QB,10,121.14,37.2,0.6144921328125,8.394,24.0,25.0,30.0,27.5,25.0,0.3397814625,139,33
2024,00-0036637,Noah Gray,TE,16,133.3,43.440000000000005,0.5882833671875001,5.61625,25.875,26.875,31.875,29.375,26.875,0.3869765048828125,140,30
2024,00-0034972,Alexander Mattison,RB,14,119.4,39.5,0.5788132656249998,5.707142857142857,34.42857142857143,35.42857142857143,40.42857142857143,37.92857142857143,35.42857142857143,0.37154786160714287,141,33
2024,00-0034771,Mason Rudolph,QB,8,113.8,40.489999999999995,0.5706147187499999,9.16375,24.0,25.0,30.0,27.5,25.0,0.3361243828125,142,34
2024,00-0034521,Allen Lazard,WR,12,107.5,35.2,0.5614512734375002,6.0249999999999995,48.25,49.25,54.25,51.75,49.25,0.39182503385416667,143,46
2024,00-0037267,Jerome Ford,RB,14,115.5,38.1,0.5516287656249999,5.528571428571429,34.0,35.0,40.0,37.5,35.0,0.3749987745535714,144,34
2024,00-0036997,Javonte Williams,RB,17,131.9,36.25000000000001,0.5176164140625001,5.626470588235295,34.23529411764706,35.23529411764706,40.23529411764706,37.73529411764706,35.23529411764706,0.37449989062500005,145,35
2024,00-0038555,Tank Bigsby,RB,16,125.50000000000001,34.050000000000004,0.5078716484375001,5.715625,34.5625,35.5625,40.5625,38.0625,35.5625,0.3731155224609375,146,36
2024,00-0036182,Nick Westbrook-Ikhine,WR,14,119.7,36.900000000000006,0.5058963984375002,5.914285714285714,48.357142857142854,49.357142857142854,54.357142857142854,51.857142857142854,49.357142857142854,0.39772347433035715,147,47
2024,00-0032392,Austin Hooper,TE,17,131.1,35.839999999999996,0.5033068749999999,5.603529411764706,25.764705882352942,26.764705882352942,31.764705882352942,29.264705882352942,26.764705882352942,0.3856242881433824,148,31
2024,00-0039855,Jalen McMillan,WR,13,116.9,37.9,0.49684906250000016,6.076923076923077,48.15384615384615,49.15384615384615,54.15384615384615,51.65384615384615,49.15384615384615,0.39513882752403845,149,48
2024,00-0038117,Wan'Dale Robinson,WR,17,136.20000000000002,33.50000000000001,0.4730131562500002,6.041176470588235,47.88235294117647,48.88235294117647,53.88235294117647,51.38235294117647,48.88235294117647,0.39430239016544116,150,49
2024,00-0036252,Michael Pittman,WR,16,131.3,33.699999999999996,0.46488848437500035,6.1000000000000005,48.0,49.0,54.0,51.5,49.0,0.39445396240234376,151,50
2024,00-0037545,Rashid Shaheed,WR,6,65.80000000000001,29.450000000000003,0.4635828593750002,6.058333333333334,48.0,49.0,54.0,51.5,49.0,0.3883316549479166,152,51
2024,00-0035289,Gardner Minshew,QB,10,116.32000000000001,35.82,0.45448327343749984,8.05,24.0,25.0,30.0,27.5,25.0,0.337700534375,153,35
2024,00-0035704,Drew Lock,QB,7,90.14,35.809999999999995,0.45106609375,7.761428571428572,24.0,25.0,30.0,27.5,25.0,0.32922483370535716,154,36
2024,00-0037816,Romeo Doubs,WR,13,109.1,31.499999999999996,0.4507437109375002,5.96923076923077,48.38461538461539,49.38461538461539,54.38461538461539,51.88461538461539,49.38461538461539,0.3953863605769231,155,52
2024,00-0038977,Tank Dell,WR,14,114.5,31.099999999999998,0.44817647656250026,5.957142857142857,47.714285714285715,48.714285714285715,53.714285714285715,51.214285714285715,48.714285714285715,0.3969497862723214,156,53
2024,00-0038935,Brenton Strange,TE,14,111.1,30.74,0.4436482656249999,5.74,25.357142857142858,26.357142857142858,31.357142857142858,28.857142857142858,26.357142857142858,0.3865420055803571,157,32
2024,00-0039032,Tyjae Spears,RB,12,98.60000000000001,31.250000000000007,0.4265917031249997,5.612500000000001,34.0,35.0,40.0,37.5,35.0,0.37388899479166665,158,37
2024,00-0036613,Jaylen Waddle,WR,15,120.6,30.349999999999994,0.41594509375000027,6.016666666666667,47.266666666666666,48.266666666666666,53.266666666666666,50.766666666666666,48.266666666666666,0.3961108583333333,159,54
2024,00-0036972,Mac Jones,QB,10,112.08,29.059999999999995,0.407508203125,8.302,24.0,25.0,30.0,27.5,25.0,0.33016272265625,160,37
2024,00-0034981,Foster Moreau,TE,16,119.3,29.64,0.40527727343750025,5.60375,25.8125,26.8125,31.8125,29.3125,26.8125,0.38660227294921873,161,33
2024,00-0039067,Rashee Rice,WR,4,52.900000000000006,27.35,0.3799538828124999,6.3875,47.25,48.25,53.25,50.75,48.25,0.392551548828125,162,55
2024,00-0036973,Travis Etienne,RB,15,110.7,26.549999999999997,0.36494780468749993,5.61,34.266666666666666,35.266666666666666,40.266666666666666,37.766666666666666,35.266666666666666,0.37564593333333335,163,38
2024,00-0036251,Zack Moss,RB,8,70.4,24.300000000000004,0.36321995312500005,5.7625,35.5,36.5,41.5,39.0,36.5,0.3668027236328125,164,39
2024,00-0037666,Jalen Tolbert,WR,17,127.5,25.95,0.36070362500000025,5.973529411764707,48.529411764705884,49.529411764705884,54.529411764705884,52.029411764705884,49.529411764705884,0.3937272670036765,165,56
2024,00-0035993,Tyler Huntley,QB,5,66.66,27.089999999999996,0.3550739843749999,7.914,24.0,25.0,30.0,27.5,25.0,0.31939860625,166,38
2024,00-0032268,Marcus Mariota,QB,3,45.760000000000005,24.270000000000007,0.3486061796875001,7.163333333333333,24.0,25.0,30.0,27.5,25.0,0.3132832213541667,167,39
2024,00-0038579,Aidan O'Connell,QB,9,101.48,24.810000000000006,0.3323375,8.518888888888888,24.0,25.0,30.0,27.5,25.0,0.32930538368055556,168,40
2024,00-0027973,Andy Dalton,QB,6,70.96,22.5,0.33133302343750004,8.076666666666666,24.0,25.0,30.0,27.5,25.0,0.32968323046875,169,41
2024,00-0033537,Deshaun Watson,QB,7,82.72,22.89,0.3279133281249999,8.547142857142857,24.0,25.0,30.0,27.5,25.0,0.3407397064732143,170,42
2024,00-0030564,DeAndre Hopkins,WR,16,119.0,24.199999999999996,0.3247675859375002,5.925000000000001,48.25,49.25,54.25,51.75,49.25,0.3957861298828125,171,57
2024,00-0034975,Justice Hill,RB,15,106.10000000000001,21.45,0.3086364062499999,5.6433333333333335,34.53333333333333,35.53333333333333,40.53333333333333,38.03333333333333,35.53333333333333,0.3733538791666667,172,40
2024,00-0039847,Theo Johnson,TE,11,82.6,20.840000000000003,0.30557098437500013,5.614545454545454,26.09090909090909,27.09090909090909,32.09090909090909,29.59090909090909,27.09090909090909,0.3838926143465909,173,34
2024,00-0037228,Jaylen Warren,RB,15,105.10000000000001,22.8,0.30346400781249966,5.486666666666666,33.8,34.8,39.8,37.3,34.8,0.37340954427083334,174,41
2024,00-0034364,Jordan Akins,TE,16,111.0,21.54,0.2961574765625003,5.5912500000000005,25.8125,26.8125,31.8125,29.3125,26.8125,0.387348873046875,175,35
2024,00-0033662,Cooper Rush,QB,12,119.56,23.560000000000006,0.27445203125,8.0,24.0,25.0,30.0,27.5,25.0,0.3362490670572917,176,43
2024,00-0032104,Ameer Abdullah,RB,15,105.2,20.9,0.2699425234374999,5.620000000000001,34.0,35.0,40.0,37.5,35.0,0.37454691979166665,177,42
2024,00-0031544,Amari Cooper,WR,13,100.7,22.05,0.2691227578125001,6.050000000000001,48.38461538461539,49.38461538461539,54.38461538461539,51.88461538461539,49.38461538461539,0.3925045456730769,178,58
2024,00-0033280,Christian McCaffrey,RB,4,40.300000000000004,19.750000000000004,0.26588531249999986,5.1375,32.75,33.75,38.75,36.25,33.75,0.38668104101562506,179,43
2024,00-0034791,Nick Chubb,RB,8,60.8,18.0,0.25128906250000005,5.3500000000000005,33.75,34.75,39.75,37.25,34.75,0.3750711845703125,180,44
2024,00-0039901,Keon Coleman,WR,13,97.0,16.099999999999998,0.24179445312500014,6.223076923076923,47.69230769230769,48.69230769230769,53.69230769230769,51.19230769230769,48.69230769230769,0.39229455168269234,181,59
2024,00-0038621,DeMario Douglas,WR,16,114.7,17.400000000000006,0.2238591015625001,6.08125,48.1875,49.1875,54.1875,51.6875,49.1875,0.39640014208984375,182,60
2024,00-0038979,Cedric Tillman,WR,9,65.9,13.299999999999994,0.21730632812499995,5.844444444444445,47.44444444444444,48.44444444444444,53.44444444444444,50.94444444444444,48.44444444444444,0.39799855208333335,183,61
2024,00-0033949,Joshua Dobbs,QB,2,34.839999999999996,15.39,0.21445971875000003,9.725,24.0,25.0,30.0,27.5,25.0,0.331259625,184,44
2024,00-0039875,Ray Davis,RB,17,107.60000000000001,11.35,0.19695810156249982,5.661764705882353,34.35294117647059,35.35294117647059,40.35294117647059,37.85294117647059,35.35294117647059,0.3736320261948529,185,45
2024,00-0039916,Ricky Pearsall,WR,11,78.0,12.750000000000004,0.19691445312500017,5.931818181818182,48.54545454545455,49.54545454545455,54.54545454545455,52.04545454545455,49.54545454545455,0.3988366946022727,186,62
2024,00-0039919,Rome Odunze,WR,17,117.9,16.349999999999994,0.18982027343750046,5.973529411764707,48.529411764705884,49.529411764705884,54.529411764705884,52.029411764705884,49.529411764705884,0.3937272670036765,187,63
2024,00-0039376,Spencer Rattler,QB,7,77.28,13.700000000000003,0.1821236640624999,9.082857142857142,24.0,25.0,30.0,27.5,25.0,0.3301454933035714,188,45
2024,00-0037197,Isiah Pacheco,RB,7,50.9,11.5,0.18079107812499995,5.628571428571428,34.0,35.0,40.0,37.5,35.0,0.3744395145089286,189,46
2024,00-0035249,Josh Oliver,TE,12,76.8,10.139999999999999,0.17856500781250007,5.555,25.833333333333332,26.833333333333332,31.833333333333332,29.333333333333332,26.833333333333332,0.393436140625,190,36
2024,00-0039342,Xavier Legette,WR,15,100.60000000000001,10.100000000000001,0.17609326562500038,6.033333333333333,47.8,48.8,53.8,51.3,48.8,0.39433733072916666,191,64
2024,00-0033110,Tyler Higbee,TE,3,30.6,12.1,0.1686548515625001,6.166666666666667,25.333333333333332,26.333333333333332,31.333333333333332,28.833333333333332,26.333333333333332,0.38486896614583327,192,37
2024,00-0031345,Jimmy Garoppolo,QB,1,21.86,12.33,0.16747061718750006,9.53,24.0,25.0,30.0,27.5,25.0,0.336693828125,193,46
2024,00-0037239,Chris Olave,WR,8,60.7,11.05,0.16478094531249998,6.206250000000001,47.375,48.375,53.375,50.875,48.375,0.3891291826171875,194,65
2024,00-0036924,Michael Carter,RB,3,30.3,12.149999999999999,0.16265762499999997,6.050000000000001,32.0,33.0,38.0,35.5,33.0,0.37414654687500004,195,47
2024,00-0035216,Diontae Johnson,WR,11,72.60000000000001,8.450000000000001,0.16025844531250028,5.831818181818182,47.81818181818182,48.81818181818182,53.81818181818182,51.31818181818182,48.81818181818182,0.3979270745738636,196,66
2024,00-0038608,Kayshon Boutte,WR,15,100.4,9.550000000000002,0.15729375781250005,6.0566666666666675,48.2,49.2,54.2,51.7,49.2,0.3960015171875,197,67
2024,00-0039356,Ja'Tavion Sanders,TE,15,89.7,8.14,0.1518763515625,5.437333333333333,25.666666666666668,26.666666666666668,31.666666666666668,29.166666666666668,26.666666666666668,0.3877177005208334,198,38
2024,00-0039793,AJ Barner,TE,15,93.5,8.539999999999996,0.1381327734374999,5.664000000000001,26.0,27.0,32.0,29.5,27.0,0.3873336041666667,199,39
2024,00-0032775,Demarcus Robinson,WR,17,108.0,5.599999999999995,0.13456477343750023,6.023529411764706,47.94117647058823,48.94117647058823,53.94117647058823,51.44117647058823,48.94117647058823,0.3953862090992647,200,68
2024,00-0039398,Joe Milton III,QB,1,19.240000000000002,9.710000000000003,0.13091025,9.53,24.0,25.0,30.0,27.5,25.0,0.336693828125,201,47
2024,00-0037005,Tommy Tremble,TE,10,67.9,8.84,0.12830682031250012,5.906000000000001,25.8,26.8,31.8,29.3,26.8,0.3897935640625,202,40
2024,00-0039491,Jalen Coker,WR,11,76.56,9.11,0.1272431640625004,6.131818181818182,47.90909090909091,48.90909090909091,53.90909090909091,51.40909090909091,48.90909090909091,0.3938002848011363,203,69
2024,00-0038400,Tanner McKee,QB,2,28.82,9.370000000000001,0.12609885156250006,9.725,24.0,25.0,30.0,27.5,25.0,0.331259625,204,48
2024,00-0034775,Christian Kirk,WR,8,57.400000000000006,7.700000000000001,0.12532307812500026,6.2125,47.0,48.0,53.0,50.5,48.0,0.3921079365234375,205,70
2024,00-0039424,Devaughn Vele,WR,13,86.0,7.8999999999999995,0.12203111718750037,6.0076923076923086,48.23076923076923,49.23076923076923,54.23076923076923,51.73076923076923,49.23076923076923,0.39869337499999996,206,71
2024,00-0034407,Ray-Ray McCloud,WR,17,111.5,8.550000000000002,0.12111749999999993,6.055882352941176,47.94117647058823,48.94117647058823,53.94117647058823,51.44117647058823,48.94117647058823,0.39399389613970587,207,72
2024,00-0039917,Michael Penix Jr.,QB,5,50.1,7.020000000000003,0.11699575781250005,8.616,24.0,25.0,30.0,27.5,25.0,0.3332229578125,208,49
2024,00-0036261,Brandon Aiyuk,WR,7,49.900000000000006,7.5500000000000025,0.11461257812500003,6.05,47.0,48.0,53.0,50.5,48.0,0.39218267075892854,209,73
2024,00-0038679,Tyrell Shavers,WR,1,13.4,7.9,0.09976071093749994,5.5,54.0,55.0,60.0,57.5,55.0,0.3729572734375,210,74
2024,00-0038559,Michael Wilson,WR,16,101.0,5.399999999999998,0.08342883593750017,5.9750000000000005,48.0,49.0,54.0,51.5,49.0,0.39373521191406247,211,75
2024,00-0035860,Tony Jones,RB,1,11.5,6.05,0.08290907812499998,5.45,34.0,35.0,40.0,37.5,35.0,0.373337171875,212,48
2024,00-0037263,Tyler Allgeier,RB,17,99.7,3.4499999999999997,0.07687064062499965,5.661764705882353,34.35294117647059,35.35294117647059,40.35294117647059,37.85294117647059,35.35294117647059,0.3736320261948529,213,49
2024,00-0038976,Marvin Mims Jr.,WR,17,110.0,7.15,0.0674898046875006,6.050000000000001,48.0,49.0,54.0,51.5,49.0,0.39550220818014703,214,76
2024,00-0033591,Noah Brown,WR,11,68.80000000000001,3.3000000000000007,0.06187462500000007,5.954545454545454,47.27272727272727,48.27272727272727,53.27272727272727,50.77272727272727,48.27272727272727,0.3979049176136364,215,77
2024,00-0037524,Tay Martin,WR,1,11.4,4.300000000000001,0.05866935937500001,7.1,46.0,47.0,52.0,49.5,47.0,0.4033772421875,216,78
2024,00-0038124,Christian Watson,WR,14,90.8,5.199999999999999,0.05863726562500032,6.114285714285715,47.92857142857143,48.92857142857143,53.92857142857143,51.42857142857143,48.92857142857143,0.3978277600446428,217,79
2024,00-0038563,Tre Tucker,WR,17,105.80000000000001,3.500000000000001,0.0559172656250001,6.01764705882353,48.11764705882353,49.11764705882353,54.11764705882353,51.61764705882353,49.11764705882353,0.3939045978860294,218,80
2024,00-0036183,Kristian Wilkerson,WR,1,8.8,3.6500000000000004,0.054503617187499964,5.15,51.0,52.0,57.0,54.5,52.0,0.38708675000000003,219,81
2024,00-0039754,Devin Culp,TE,2,16.299999999999997,4.199999999999998,0.05097276562500008,6.050000000000001,26.0,27.0,32.0,29.5,27.0,0.37290086718749993,220,41
2024,00-0037509,Sincere McCormick,RB,4,24.200000000000003,3.7,0.04618435937499987,5.125,33.0,34.0,39.0,36.5,34.0,0.382396427734375,221,50
2024,00-0035243,Miles Sanders,RB,11,65.30000000000001,3.25,0.04452478906250018,5.6409090909090915,35.45454545454545,36.45454545454545,41.45454545454545,38.95454545454545,36.45454545454545,0.37011251704545456,222,51
2024,00-0038547,Luke Schoonmaker,TE,12,70.60000000000001,3.400000000000002,0.04361535937500005,5.6000000000000005,25.666666666666668,26.666666666666668,31.666666666666668,29.166666666666668,26.666666666666668,0.3917025091145833,223,42
2024,00-0038476,Tommy DeVito,QB,2,13.480000000000002,3.3000000000000007,0.04257845312500008,5.090000000000001,24.0,25.0,30.0,27.5,25.0,0.31307115625,224,50
2024,00-0034184,Gus Edwards,RB,11,62.6,2.0000000000000018,0.03172053906250005,5.509090909090909,34.27272727272727,35.27272727272727,40.27272727272727,37.77272727272727,35.27272727272727,0.3757724012784091,225,52
2024,00-0035250,Devin Singletary,RB,15,86.1,1.7999999999999998,0.031669335937499765,5.62,34.46666666666667,35.46666666666667,40.46666666666667,37.96666666666667,35.46666666666667,0.37379186406250003,226,53
2024,00-0039363,Isaac Guerendo,RB,16,88.7,1.1999999999999957,0.021273789062500048,5.46875,34.125,35.125,40.125,37.625,35.125,0.375221251953125,227,54
2024,00-0038108,Bailey Zappe,QB,1,11.0,1.4700000000000006,0.019044539062500032,9.53,24.0,25.0,30.0,27.5,25.0,0.336693828125,228,51
2024,00-0035662,Marquise Brown,WR,2,13.600000000000001,1.4500000000000002,0.018426726562499995,6.075,53.0,54.0,59.0,56.5,54.0,0.38995133984374997,229,82
2024,00-0034613,Tanner Hudson,TE,9,48.0,-0.6999999999999988,0.017874835937500055,5.411111111111111,26.666666666666668,27.666666666666668,32.666666666666664,30.166666666666668,27.666666666666668,0.3904774826388889,230,43
2024,00-0039814,Erick All,TE,8,45.8,0.6899999999999995,0.014380585937499968,5.63875,25.875,26.875,31.875,29.375,26.875,0.3833384365234375,231,44
2024,00-0036988,Josh Palmer,WR,15,87.9,-0.20000000000000107,-0.008561218749999877,5.873333333333334,48.266666666666666,49.266666666666666,54.266666666666666,51.766666666666666,49.266666666666666,0.39571951197916666,232,83
2024,00-0028118,Tyrod Taylor,QB,2,20.06,-0.1299999999999999,-0.01265528906250002,10.094999999999999,24.0,25.0,30.0,27.5,25.0,0.3518674453125,233,52
2024,00-0036841,Austin Trammell,WR,1,5.0,-0.9500000000000011,-0.012887843749999961,5.950000000000001,44.0,45.0,50.0,47.5,45.0,0.39145873437499995,234,84
2024,00-0039617,Jacob Kibodi,RB,1,4.4,-1.0499999999999998,-0.013942898437499962,5.45,34.0,35.0,40.0,37.5,35.0,0.373337171875,235,55
2024,00-0037291,Jalen Nailor,WR,15,91.0,-1.049999999999999,-0.014633117187499878,6.136666666666667,47.8,48.8,53.8,51.3,48.8,0.3975835869791666,236,85
2024,00-0038619,Andrei Iosivas,WR,17,101.9,-1.0500000000000025,-0.01707757812500016,6.055882352941176,47.94117647058823,48.94117647058823,53.94117647058823,51.44117647058823,48.94117647058823,0.39399389613970587,237,86
2024,00-0037257,David Bell,WR,1,4.2,-1.3500000000000005,-0.018418007812500026,5.550000000000001,45.0,46.0,51.0,48.5,46.0,0.381135265625,238,87
2024,00-0038794,Jaleel McLaughlin,RB,16,85.2,-3.2999999999999976,-0.030566898437500323,5.53125,34.375,35.375,40.375,37.875,35.375,0.37564052832031253,239,56
2024,00-0032211,Tyler Lockett,WR,17,96.5,-5.8000000000000025,-0.030635703124999802,6.01764705882353,48.11764705882353,49.11764705882353,54.11764705882353,51.61764705882353,49.11764705882353,0.3939045978860294,240,88
2024,00-0036360,Clyde Edwards-Helaire,RB,2,8.5,-2.500000000000001,-0.03145353906249998,5.5,32.0,33.0,38.0,35.5,33.0,0.3830949765625,241,57
2024,00-0036414,Cam Akers,RB,16,86.2,-1.8500000000000023,-0.03275496875000006,5.503125000000001,34.0625,35.0625,40.0625,37.5625,35.0625,0.3755813408203125,242,58
2024,00-0036328,Antonio Gibson,RB,17,91.9,-3.749999999999999,-0.03425214062500037,5.626470588235295,34.23529411764706,35.23529411764706,40.23529411764706,37.73529411764706,35.23529411764706,0.37449989062500005,243,59
2024,00-0039824,Jared Wiley,TE,1,2.2,-2.55,-0.03466647656250005,4.75,24.0,25.0,30.0,27.5,25.0,0.39578040625000005,244,45
2024,00-0034272,Marquez Valdes-Scantling,WR,13,75.0,-2.799999999999999,-0.03481957812499986,5.984615384615385,48.0,49.0,54.0,51.5,49.0,0.39207619350961537,245,89
2024,00-0039811,MarShawn Lloyd,RB,1,2.3,-2.6000000000000005,-0.03512694531249999,4.9,39.0,40.0,45.0,42.5,40.0,0.3681663828125,246,60
2024,00-0039386,Bub Means,WR,4,22.3,-2.6500000000000012,-0.03548650781250001,6.237500000000001,46.75,47.75,52.75,50.25,47.75,0.39908495703125,247,90
2024,00-0037306,John FitzPatrick,TE,1,1.7,-3.0,-0.037576890625000026,4.7,26.0,27.0,32.0,29.5,27.0,0.3824358828125,248,46
2024,00-0034353,Anthony Miller,WR,1,2.1,-3.4,-0.04093300781250003,5.5,54.0,55.0,60.0,57.5,55.0,0.3729572734375,249,91
2024,00-0038498,E.J. Jenkins,TE,2,8.2,-3.9000000000000012,-0.04233725781249997,6.050000000000001,26.0,27.0,32.0,29.5,27.0,0.37290086718749993,250,47
2024,00-0036450,Ke'Shawn Vaughn,RB,1,0.4,-4.0,-0.04641908593749999,4.4,33.0,34.0,39.0,36.5,34.0,0.3653238125,251,61
2024,00-0036297,Darrynton Evans,RB,1,0.30000000000000004,-4.1000000000000005,-0.04751632031250003,4.4,33.0,34.0,39.0,36.5,34.0,0.3653238125,252,62
2024,00-0035535,Darius Slayton,WR,16,90.5,-6.949999999999999,-0.04793967187499998,6.090625,47.875,48.875,53.875,51.375,48.875,0.39317915576171875,253,92
2024,00-0038797,Emanuel Wilson,RB,17,90.5,-4.4499999999999975,-0.05035075000000022,5.585294117647059,34.11764705882353,35.11764705882353,40.11764705882353,37.61764705882353,35.11764705882353,0.37296326240808825,254,63
2024,00-0039385,Keilan Robinson,RB,1,0.0,-4.4,-0.05089971874999999,4.4,33.0,34.0,39.0,36.5,34.0,0.3653238125,255,64
2024,00-0039703,Cody Schrader,RB,1,1.4000000000000001,-4.05,-0.05270369531249991,5.45,34.0,35.0,40.0,37.5,35.0,0.373337171875,256,65
2024,00-0038465,Malik Heath,WR,5,26.700000000000003,-3.0,-0.05283541406249981,5.94,49.4,50.4,55.4,52.9,50.4,0.38993871718749995,257,93
2024,00-0038735,Princeton Fant,TE,1,0.0,-4.6,-0.05509941406249996,4.6,25.0,26.0,31.0,28.5,26.0,0.4108303671875,258,48
2024,00-0039316,Baylor Cupp,TE,1,0.0,-4.6,-0.05509941406249996,4.6,25.0,26.0,31.0,28.5,26.0,0.4108303671875,259,49
2024,00-0039747,Ainias Smith,WR,3,14.2,-4.1,-0.05673686718749993,6.1000000000000005,46.0,47.0,52.0,49.5,47.0,0.40237003906249996,260,94
2024,00-0039573,Blake Watson,RB,1,2.8,-4.3500000000000005,-0.05706054687499995,7.15,32.0,33.0,38.0,35.5,33.0,0.3562496875,261,66
2024,00-0037827,Tyrion Davis-Price,RB,1,0.7000000000000001,-4.8500000000000005,-0.05780589843749995,5.550000000000001,30.0,31.0,36.0,33.5,31.0,0.39285278125,262,67
2024,00-0037837,Calvin Austin III,WR,17,96.8,-4.800000000000004,-0.05833927343750006,5.976470588235294,48.35294117647059,49.35294117647059,54.35294117647059,51.85294117647059,49.35294117647059,0.3951290335477941,263,95
2024,00-0035208,Olamide Zaccheaus,WR,16,91.9,-4.250000000000003,-0.059120484374999616,6.009375,48.0,49.0,54.0,51.5,49.0,0.3954220087890625,264,96
2024,00-0037382,Brandon Johnson,WR,1,1.4,-4.25,-0.05996735156249988,5.65,48.0,49.0,54.0,51.5,49.0,0.37269698437499993,265,97
2024,00-0038102,Kenny Pickett,QB,5,27.14,-4.860000000000001,-0.06003956249999989,6.4,24.0,25.0,30.0,27.5,25.0,0.3139667390625,266,53
2024,00-0037422,Kendric Pryor,WR,1,1.4,-4.550000000000001,-0.06047971874999997,5.950000000000001,44.0,45.0,50.0,47.5,45.0,0.39145873437499995,267,98
2024,00-0032688,Robbie Chosen,WR,1,1.0,-4.550000000000001,-0.060484578124999966,5.550000000000001,45.0,46.0,51.0,48.5,46.0,0.381135265625,268,99
2024,00-0034577,Kyle Allen,QB,1,0.76,-5.24,-0.06379975000000004,6.0,24.0,25.0,30.0,27.5,25.0,0.28323409375,269,54
2024,00-0039021,Roschon Johnson,RB,13,69.4,-5.600000000000003,-0.06475472656250003,5.769230769230769,33.61538461538461,34.61538461538461,39.61538461538461,37.11538461538461,34.61538461538461,0.3772551850961538,270,68
2024,00-0034808,John Kelly,RB,1,0.0,-4.9,-0.06508186718750003,4.9,39.0,40.0,45.0,42.5,40.0,0.3681663828125,271,69
2024,00-0032434,Brandon Allen,QB,3,10.360000000000001,-4.409999999999998,-0.06534632812499999,4.923333333333333,24.0,25.0,30.0,27.5,25.0,0.3213277291666667,272,55
2024,00-0035891,Cody White,WR,2,5.4,-5.150000000000001,-0.0655134531249999,5.275,47.5,48.5,53.5,51.0,48.5,0.40110740234375,273,100
2024,00-0038122,Desmond Ridder,QB,5,25.92,-5.95,-0.06707075781249996,6.3740000000000006,24.0,25.0,30.0,27.5,25.0,0.32259350625,274,56
2024,00-0036370,Joshua Kelley,RB,1,0.2,-5.25,-0.06778639843749995,5.45,34.0,35.0,40.0,37.5,35.0,0.373337171875,275,70
2024,00-0039230,Dante Miller,RB,1,0.0,-5.0,-0.06792785156249997,5.0,32.0,33.0,38.0,35.5,33.0,0.34039625,276,71
2024,00-0039595,D.J. Williams,RB,1,0.0,-5.0,-0.06792785156249997,5.0,32.0,33.0,38.0,35.5,33.0,0.34039625,277,72
2024,00-0031236,Brandin Cooks,WR,10,56.6,-6.1499999999999995,-0.07220467968749983,6.275,48.4,49.4,54.4,51.9,49.4,0.3921994390625,278,101
2024,00-0037451,Rod Williams,TE,1,0.0,-5.65,-0.07296059375000008,5.65,24.0,25.0,30.0,27.5,25.0,0.4112515625,279,50
2024,00-0037216,Justyn Ross,WR,1,0.0,-5.25,-0.07510930468749993,5.25,48.0,49.0,54.0,51.5,49.0,0.41227414062499995,280,102
2024,00-0036556,Brevin Jordan,TE,2,3.7,-5.5,-0.0785717265625,4.6,24.0,25.0,30.0,27.5,25.0,0.40501032812500004,281,51
2024,00-0035164,Cody Thompson,WR,1,0.0,-5.65,-0.07883453906249993,5.65,48.0,49.0,54.0,51.5,49.0,0.37269698437499993,282,103
2024,00-0036244,Colby Parkinson,TE,16,80.4,-9.060000000000002,-0.07916010937499995,5.5912500000000005,25.8125,26.8125,31.8125,29.3125,26.8125,0.387348873046875,283,52
2024,00-0038092,Erik Ezukanma,WR,1,0.0,-6.699999999999999,-0.083144765625,6.699999999999999,48.0,49.0,54.0,51.5,49.0,0.39678539843750005,284,104
2024,00-0035726,Jakob Johnson,RB,1,0.0,-6.65,-0.0838712343750001,6.65,36.0,37.0,42.0,39.5,37.0,0.39585760937500003,285,73
2024,00-0037299,Keaontay Ingram,RB,1,0.0,-6.65,-0.0838712343750001,6.65,36.0,37.0,42.0,39.5,37.0,0.39585760937500003,286,74
2024,00-0039393,Jase McClellan,RB,2,3.2,-6.800000000000001,-0.08431692187500012,5.0,33.5,34.5,39.5,37.0,34.5,0.36536528906250004,287,75
2024,00-0037077,Sam Howell,QB,1,1.16,-7.290000000000001,-0.08489889843750004,8.450000000000001,24.0,25.0,30.0,27.5,25.0,0.336366703125,288,57
2024,00-0033455,Anthony Firkser,TE,1,0.0,-6.4,-0.08526084374999998,6.4,24.0,25.0,30.0,27.5,25.0,0.40880516406249995,289,53
2024,00-0033460,John Ross,WR,1,1.1,-5.75,-0.08543111718750002,6.8500000000000005,48.0,49.0,54.0,51.5,49.0,0.389906015625,290,105
2024,00-0039458,Brenden Bates,TE,1,0.0,-6.8,-0.08659507812499989,6.8,28.0,29.0,34.0,31.5,29.0,0.39342529687499994,291,54
2024,00-0037086,Grant Calcaterra,TE,15,71.8,-8.46,-0.08941843749999995,5.350666666666667,25.666666666666668,26.666666666666668,31.666666666666668,29.166666666666668,26.666666666666668,0.3881373354166667,292,55
2024,00-0037380,Kaden Davis,WR,1,0.0,-7.1,-0.09131693750000003,7.1,46.0,47.0,52.0,49.5,47.0,0.4033772421875,293,106
2024,00-0036569,Gary Brightwell,RB,1,0.0,-6.4,-0.09216774999999994,6.4,36.0,37.0,42.0,39.5,37.0,0.35599489843749993,294,76
2024,00-0039050,Payne Durham,TE,8,40.0,-6.460000000000002,-0.09386265624999968,5.8075,25.25,26.25,31.25,28.75,26.25,0.38892466894531247,295,56
2024,00-0039757,Terrell Jennings,RB,2,3.3,-7.15,-0.09597735937500002,5.225,33.0,34.0,39.0,36.5,34.0,0.3568667109375,296,77
2024,00-0035689,Dawson Knox,TE,14,70.1,-7.41,-0.09632145312499996,5.536428571428572,25.714285714285715,26.714285714285715,31.714285714285715,29.214285714285715,26.714285714285715,0.38747261662946425,297,57
2024,00-0036438,Stephen Sullivan,TE,1,0.0,-7.1,-0.09655441406249998,7.1,29.0,30.0,35.0,32.5,30.0,0.3653930234375,298,58
2024,00-0038590,Justin Shorter,TE,1,0.0,-7.1,-0.09655441406249998,7.1,29.0,30.0,35.0,32.5,30.0,0.3653930234375,299,59
2024,00-0037012,Trey Lance,QB,4,14.739999999999998,-9.73,-0.09888537499999994,6.1175,24.0,25.0,30.0,27.5,25.0,0.30748684375,300,58
2024,00-0034401,Mike White,QB,1,1.12,-8.41,-0.09934367187499998,9.53,24.0,25.0,30.0,27.5,25.0,0.336693828125,301,59
2024,00-0031941,Jamison Crowder,WR,5,23.7,-8.0,-0.10120278906249996,6.34,49.6,50.6,55.6,53.1,50.6,0.3947772921875,302,107
2024,00-0037272,Montrell Washington,WR,1,0.0,-7.3500000000000005,-0.10415918750000008,7.3500000000000005,47.0,48.0,53.0,50.5,48.0,0.39158479687500003,303,108
2024,00-0037324,Chris Oladokun,QB,1,0.5,-9.03,-0.10592934374999999,9.53,24.0,25.0,30.0,27.5,25.0,0.336693828125,304,60
2024,00-0034177,Tim Boyle,QB,3,15.940000000000001,-8.72,-0.10627250781249992,8.22,24.0,25.0,30.0,27.5,25.0,0.3382766536458333,305,61
2024,00-0038589,Josh Whyle,TE,15,74.8,-8.11,-0.10713203906250013,5.527333333333333,26.0,27.0,32.0,29.5,27.0,0.3848808536458333,306,60
2024,00-0038393,Dontayvion Wicks,WR,17,91.0,-11.300000000000002,-0.10713828124999969,6.01764705882353,48.11764705882353,49.11764705882353,54.11764705882353,51.61764705882353,49.11764705882353,0.3939045978860294,307,109
2024,00-0038611,Chris Rodriguez Jr.,RB,7,31.0,-9.95,-0.11116451562500013,5.8500000000000005,33.714285714285715,34.714285714285715,39.714285714285715,37.214285714285715,34.714285714285715,0.38144325111607147,308,78
2024,00-0031687,Raheem Mostert,RB,13,61.400000000000006,-11.300000000000002,-0.11122679687500014,5.592307692307693,33.76923076923077,34.76923076923077,39.76923076923077,37.26923076923077,34.76923076923077,0.377391,309,79
2024,00-0039394,Casey Washington,WR,2,1.9000000000000001,-8.95,-0.11125378906250005,5.425000000000001,46.5,47.5,52.5,50.0,47.5,0.41040021875,310,110
2024,00-0039344,Jonathon Brooks,RB,3,6.000000000000001,-9.049999999999999,-0.11197578906250005,5.016666666666667,32.666666666666664,33.666666666666664,38.666666666666664,36.166666666666664,33.666666666666664,0.3795684661458334,311,80
2024,00-0036670,Jermar Jefferson,RB,2,3.6999999999999997,-9.0,-0.11248735937499998,6.3500000000000005,31.0,32.0,37.0,34.5,32.0,0.37455123437500004,312,81
2024,00-0038551,Kendre Miller,RB,6,26.6,-8.050000000000002,-0.11270023437499999,5.775000000000001,33.166666666666664,34.166666666666664,39.166666666666664,36.666666666666664,34.166666666666664,0.3703936731770833,313,82
2024,00-0039792,Devontez Walker,WR,3,8.6,-8.9,-0.1141259375,5.833333333333333,47.666666666666664,48.666666666666664,53.666666666666664,51.166666666666664,48.666666666666664,0.39215768749999996,314,111
2024,00-0036534,Shane Zylstra,TE,2,3.7,-8.61,-0.11655203124999997,6.155,26.0,27.0,32.0,29.5,27.0,0.36519059765624995,315,61
2024,00-0032394,Nick Vannett,TE,12,57.0,-9.71,-0.11660832812499988,5.559166666666667,26.333333333333332,27.333333333333332,32.333333333333336,29.833333333333332,27.333333333333332,0.38537002799479164,316,62
2024,00-0036165,Isaiah Hodgins,WR,2,2.2,-8.2,-0.11759981249999996,5.2,49.5,50.5,55.5,53.0,50.5,0.3996804453125,317,112
2024,00-0038606,Parker Washington,WR,14,75.0,-10.200000000000003,-0.11928992968750013,6.085714285714286,47.92857142857143,48.92857142857143,53.92857142857143,51.42857142857143,48.92857142857143,0.39450136383928575,318,113
2024,00-0038507,Grant DuBose,WR,2,2.1,-9.450000000000001,-0.11958675781249994,5.775,46.5,47.5,52.5,50.0,47.5,0.38468114453124996,319,114
2024,00-0033893,Dalvin Cook,RB,2,3.5,-8.8,-0.12034401562500002,6.15,35.5,36.5,41.5,39.0,36.5,0.37012659375,320,83
2024,00-0036463,Chris Blair,WR,2,2.2,-9.95,-0.1259858671875,6.075,53.0,54.0,59.0,56.5,54.0,0.38995133984374997,321,115
2024,00-0037745,Velus Jones Jr.,WR,2,2.4000000000000004,-9.55,-0.12599364062499996,5.975,51.0,52.0,57.0,54.5,52.0,0.38766839453125,322,116
2024,00-0036640,Zach Davidson,TE,2,2.0,-9.9,-0.1287728828125,5.95,27.0,28.0,33.0,30.5,28.0,0.370936296875,323,63
2024,00-0036232,Harrison Bryant,TE,6,22.1,-9.85,-0.1324897890625002,5.325,26.0,27.0,32.0,29.5,27.0,0.38359238411458335,324,64
2024,00-0037252,Greg Dulcich,TE,4,10.3,-9.850000000000001,-0.13391998437499997,5.0375,24.5,25.5,30.5,28.0,25.5,0.40357973437500005,325,65
2024,00-0037475,Stone Smartt,TE,9,42.8,-9.110000000000001,-0.1341373359375,5.767777777777778,26.11111111111111,27.11111111111111,32.111111111111114,29.61111111111111,27.11111111111111,0.38395658593750004,326,66
2024,00-0039613,Dallin Holker,TE,3,6.6,-10.5,-0.13609634374999996,5.7,26.666666666666668,27.666666666666668,32.666666666666664,30.166666666666668,27.666666666666668,0.3981165572916667,327,67
2024,00-0034365,Ian Thomas,TE,3,5.2,-9.850000000000001,-0.1381233515625,5.016666666666667,27.0,28.0,33.0,30.5,28.0,0.37898211458333336,328,68
2024,00-0038840,Brycen Tremayne,WR,2,0.3,-10.850000000000001,-0.14003985937499996,5.575,51.0,52.0,57.0,54.5,52.0,0.37282712890624997,329,117
2024,00-0032134,C.J. Uzomah,TE,2,0.0,-11.0,-0.14036025781249994,5.5,24.5,25.5,30.5,28.0,25.5,0.40981776562499994,330,69
2024,00-0037085,Tyler Badie,RB,3,7.9,-10.05,-0.14119445312499995,5.983333333333334,37.0,38.0,43.0,40.5,38.0,0.37333963020833333,331,84
2024,00-0031299,Jordan Matthews,TE,2,0.0,-10.15,-0.14166118749999995,5.075,25.5,26.5,31.5,29.0,26.5,0.40216712890624995,332,70
2024,00-0038128,Malik Willis,QB,6,51.800000000000004,-11.519999999999994,-0.14234908593750006,10.553333333333333,24.0,25.0,30.0,27.5,25.0,0.3608765859375,333,62
2024,00-0037258,Dameon Pierce,RB,10,42.5,-13.299999999999997,-0.1445526250000002,5.58,33.0,34.0,39.0,36.5,34.0,0.36894685546875,334,85
2024,00-0034777,DJ Chark,WR,4,11.1,-12.2,-0.14710617968750006,5.825,49.5,50.5,55.5,53.0,50.5,0.387419076171875,335,118
2024,00-0036842,Kene Nwangwu,RB,2,0.0,-11.25,-0.14752075000000003,5.625,33.5,34.5,39.5,37.0,34.5,0.37931394531250007,336,86
2024,00-0037112,Jake Tonges,TE,2,0.0,-11.55,-0.1501965624999999,5.775,26.0,27.0,32.0,29.5,27.0,0.39460285156249997,337,71
2024,00-0033292,Trent Taylor,WR,2,1.6,-11.15,-0.1503978593749999,6.375,47.0,48.0,53.0,50.5,48.0,0.38803711328124996,338,119
2024,00-0039603,British Brooks,RB,2,0.2,-11.55,-0.15243978906250005,5.875,36.0,37.0,42.0,39.5,37.0,0.375078578125,339,87
2024,00-0038809,Ben Sims,TE,4,10.200000000000001,-11.809999999999999,-0.15583403906249993,5.5024999999999995,27.0,28.0,33.0,30.5,28.0,0.37796395507812497,340,72
2024,00-0032950,Carson Wentz,QB,2,4.72,-13.260000000000002,-0.15696467968749994,8.99,24.0,25.0,30.0,27.5,25.0,0.336530265625,341,63
2024,00-0036980,Elijah Moore,WR,17,90.4,-11.9,-0.15754960156249997,6.01764705882353,48.11764705882353,49.11764705882353,54.11764705882353,51.61764705882353,49.11764705882353,0.3939045978860294,342,120
2024,00-0037708,Maurice Alexander,WR,2,0.0,-11.95,-0.15767105468749992,5.975,47.5,48.5,53.5,51.0,48.5,0.390140625,343,121
2024,00-0036849,Tutu Atwell,WR,15,77.9,-12.549999999999999,-0.15848841406249975,6.03,47.53333333333333,48.53333333333333,53.53333333333333,51.03333333333333,48.53333333333333,0.39641525104166664,344,122
2024,00-0039631,Cam Grandy,TE,4,10.3,-12.400000000000002,-0.16059900781249992,5.675000000000001,25.75,26.75,31.75,29.25,26.75,0.38538787890625,345,73
2024,00-0039521,Xavier Weaver,WR,2,0.0,-12.25,-0.16418302343750002,6.125,48.5,49.5,54.5,52.0,49.5,0.39523199609375004,346,123
2024,00-0037456,Troy Hairston,RB,2,0.0,-12.100000000000001,-0.1648695234375,6.050000000000001,35.0,36.0,41.0,38.5,36.0,0.35852772265625,347,88
2024,00-0039299,George Holani,RB,3,1.4,-14.0,-0.16662038281250008,5.133333333333334,32.333333333333336,33.333333333333336,38.333333333333336,35.833333333333336,33.333333333333336,0.38301896875,348,89
2024,00-0039543,Ramel Keyton,WR,3,1.2000000000000002,-14.3,-0.17400682812499996,5.166666666666667,48.666666666666664,49.666666666666664,54.666666666666664,52.166666666666664,49.666666666666664,0.394028390625,349,124
2024,00-0037327,Skylar Thompson,QB,2,7.880000000000001,-13.739999999999998,-0.17409309374999993,10.809999999999999,24.0,25.0,30.0,27.5,25.0,0.3828100390625,350,64
2024,00-0039066,Michael Mayer,TE,11,47.1,-12.900000000000002,-0.17593160937499996,5.454545454545454,25.363636363636363,26.363636363636363,31.363636363636363,28.863636363636363,26.363636363636363,0.39244956605113634,351,74
2024,00-0036096,J.J. Taylor,RB,3,5.4,-13.05,-0.17632678125,6.150000000000001,36.333333333333336,37.333333333333336,42.333333333333336,39.833333333333336,37.333333333333336,0.37462824739583334,352,90
2024,00-0037450,Tyreik McAllister,WR,2,1.1,-12.2,-0.18047327343749997,6.65,48.0,49.0,54.0,51.5,49.0,0.39614276562499995,353,125
2024,00-0035264,Jarrett Stidham,QB,2,0.5,-14.99,-0.18049425781249998,7.744999999999999,24.0,25.0,30.0,27.5,25.0,0.32830778515625,354,65
2024,00-0035631,Drew Sample,TE,11,46.5,-14.55,-0.1828329609375,5.550000000000001,26.09090909090909,27.09090909090909,32.09090909090909,29.59090909090909,27.09090909090909,0.38777887286931817,355,75
2024,00-0038454,Keaton Mitchell,RB,4,6.300000000000001,-14.600000000000001,-0.18593283593750004,5.2250000000000005,32.5,33.5,38.5,36.0,33.5,0.38488313281250003,356,91
2024,00-0035973,Patrick Taylor,RB,7,28.3,-12.95,-0.1907944609374999,5.892857142857143,33.714285714285715,34.714285714285715,39.714285714285715,37.214285714285715,34.714285714285715,0.3660249185267857,357,92
2024,00-0037569,Peyton Hendershot,TE,5,12.6,-14.600000000000001,-0.1936242421874999,5.44,25.8,26.8,31.8,29.3,26.8,0.389120359375,358,76
2024,00-0032385,Sterling Shepard,WR,13,64.3,-14.200000000000001,-0.19419524218749973,6.038461538461538,47.61538461538461,48.61538461538461,53.61538461538461,51.11538461538461,48.61538461538461,0.3961448599759615,359,126
2024,00-0035639,Parris Campbell,WR,4,12.0,-14.8,-0.19424951562500004,6.7,45.5,46.5,51.5,49.0,46.5,0.399286666015625,360,127
2024,00-0037539,Lucas Krull,TE,10,43.7,-14.91,-0.19519183593750006,5.861,26.3,27.3,32.3,29.8,27.3,0.37836289140624996,361,77
2024,00-0036196,Gabe Davis,WR,10,43.9,-15.900000000000002,-0.1966870703125002,5.98,47.6,48.6,53.6,51.1,48.6,0.39546493046875,362,128
2024,00-0035537,Ty Johnson,RB,17,82.7,-13.55,-0.19786922656250017,5.661764705882353,34.35294117647059,35.35294117647059,40.35294117647059,37.85294117647059,35.35294117647059,0.3736320261948529,363,93
2024,00-0033375,Tim Patrick,WR,15,75.9,-14.3,-0.1989453437499999,6.013333333333334,48.13333333333333,49.13333333333333,54.13333333333333,51.63333333333333,49.13333333333333,0.3947534442708333,364,129
2024,00-0038558,Darnell Washington,TE,13,54.5,-15.360000000000003,-0.2090583124999999,5.373846153846154,25.692307692307693,26.692307692307693,31.692307692307693,29.192307692307693,26.692307692307693,0.3813030745192308,365,78
2024,00-0032141,Geoff Swaim,TE,3,2.2,-15.21,-0.21104545312499995,5.803333333333334,27.666666666666668,28.666666666666668,33.666666666666664,31.166666666666668,28.666666666666668,0.36700848437499994,366,79
2024,00-0037311,Ko Kieft,TE,3,0.0,-16.2,-0.21234726562499984,5.3999999999999995,27.666666666666668,28.666666666666668,33.666666666666664,31.166666666666668,28.666666666666668,0.3857635833333333,367,80
2024,00-0036913,Kadarius Toney,WR,3,-0.4,-17.200000000000003,-0.2159915624999999,5.6000000000000005,49.0,50.0,55.0,52.5,50.0,0.39526430729166667,368,130
2024,00-0038622,Deuce Vaughn,RB,5,10.3,-16.6,-0.21696303906250003,5.380000000000001,35.2,36.2,41.2,38.7,36.2,0.374711359375,369,94
2024,00-0037348,Tanner Conner,TE,4,6.1,-15.600000000000001,-0.21828787500000013,5.425,24.25,25.25,30.25,27.75,25.25,0.39851196875,370,81
2024,00-0037609,Aaron Shampklin,RB,3,1.7000000000000002,-15.650000000000002,-0.22046814843749984,5.783333333333334,34.333333333333336,35.333333333333336,40.333333333333336,37.833333333333336,35.333333333333336,0.3663476015625,371,95
2024,00-0039420,Jaheim Bell,TE,4,5.0,-17.75,-0.2211440703125,5.6875,26.5,27.5,32.5,30.0,27.5,0.39148153515625,372,82
2024,00-0035547,Joseph Fortson,TE,3,2.0,-16.259999999999998,-0.22312484374999986,6.086666666666666,27.666666666666668,28.666666666666668,33.666666666666664,31.166666666666668,28.666666666666668,0.3640572395833333,373,83
2024,00-0038489,Ben VanSumeren,RB,3,0.5,-16.3,-0.22392748437499999,5.6000000000000005,35.0,36.0,41.0,38.5,36.0,0.35614112760416666,374,96
2024,00-0037614,John Metchie III,WR,10,43.400000000000006,-17.3,-0.22477711718749954,6.07,48.3,49.3,54.3,51.8,49.3,0.39612194531249995,375,131
2024,00-0033319,Nick Mullens,QB,4,1.32,-19.43,-0.2248858203125,5.1875,24.0,25.0,30.0,27.5,25.0,0.30696233203125,376,66
2024,00-0038710,Blake Whiteheart,TE,7,20.1,-19.349999999999998,-0.22643407031249996,5.635714285714286,26.0,27.0,32.0,29.5,27.0,0.3869656127232143,377,84
2024,00-0033119,Jacoby Brissett,QB,7,47.24,-19.53,-0.22720558593750004,9.538571428571428,24.0,25.0,30.0,27.5,25.0,0.3446121060267857,378,67
2024,00-0035544,Tom Kennedy,WR,3,0.0,-17.700000000000003,-0.22781692968750006,5.900000000000001,50.333333333333336,51.333333333333336,56.333333333333336,53.833333333333336,51.333333333333336,0.3870126484375,379,132
2024,00-0033251,Zach Pascal,WR,3,0.0,-16.700000000000003,-0.22982395312499998,5.566666666666667,49.666666666666664,50.666666666666664,55.666666666666664,53.166666666666664,50.666666666666664,0.38736917708333335,380,133
2024,00-0037557,Ronnie Rivers,RB,6,15.8,-17.9,-0.24084920312499997,5.616666666666667,36.166666666666664,37.166666666666664,42.166666666666664,39.666666666666664,37.166666666666664,0.36608168359375,381,97
2024,00-0038920,John Shenker,TE,3,2.2,-17.81,-0.24419258593749998,6.669999999999999,25.333333333333332,26.333333333333332,31.333333333333332,28.833333333333332,26.333333333333332,0.37763061197916664,382,85
2024,00-0032543,Alex Erickson,WR,3,0.0,-19.25,-0.24594739843750008,6.416666666666667,50.666666666666664,51.666666666666664,56.666666666666664,54.166666666666664,51.666666666666664,0.39442664062500005,383,134
2024,00-0033943,Josh Reynolds,WR,8,31.900000000000002,-19.05,-0.24635023437499975,6.36875,47.875,48.875,53.875,51.375,48.875,0.39268160644531247,384,135
2024,00-0037387,Jalen Virgil,WR,3,0.0,-18.6,-0.24705334374999993,6.2,49.0,50.0,55.0,52.5,50.0,0.39574221875,385,136
2024,00-0034830,Hayden Hurst,TE,7,19.3,-18.3,-0.2501198906249999,5.371428571428572,24.571428571428573,25.571428571428573,30.571428571428573,28.071428571428573,25.571428571428573,0.4011949888392857,386,86
2024,00-0035100,Jake Browning,QB,2,-0.2,-20.689999999999998,-0.2512192265625,10.245000000000001,24.0,25.0,30.0,27.5,25.0,0.35524584375,387,68
2024,00-0034054,River Cracraft,WR,5,10.100000000000001,-19.75,-0.2515479140625,5.970000000000001,50.2,51.2,56.2,53.7,51.2,0.39645260312499997,388,137
2024,00-0033555,Mack Hollins,WR,17,83.3,-19.650000000000002,-0.2532927421875001,6.055882352941176,47.94117647058823,48.94117647058823,53.94117647058823,51.44117647058823,48.94117647058823,0.39399389613970587,389,138
2024,00-0039794,Braelon Allen,RB,17,75.7,-20.55,-0.25540504687500004,5.661764705882353,34.35294117647059,35.35294117647059,40.35294117647059,37.85294117647059,35.35294117647059,0.3736320261948529,390,98
2024,00-0037300,Mike Woods,WR,5,10.0,-20.1,-0.25573038281249993,6.0200000000000005,49.8,50.8,55.8,53.3,50.8,0.389682190625,391,139
2024,00-0038040,Zamir White,RB,8,26.3,-19.05,-0.2557607265625001,5.66875,35.625,36.625,41.625,39.125,36.625,0.36816277539062503,392,99
2024,00-0034073,Ross Dwelley,TE,4,2.0,-20.3,-0.25794283593750006,5.575,24.75,25.75,30.75,28.25,25.75,0.400615890625,393,87
2024,00-0039648,David Martin-Robinson,TE,4,2.1,-21.0,-0.26072879687499984,5.775,25.25,26.25,31.25,28.75,26.25,0.39135931640625,394,88
2024,00-0038090,Skyy Moore,WR,3,0.0,-18.5,-0.261548546875,6.166666666666667,45.666666666666664,46.666666666666664,51.666666666666664,49.166666666666664,46.666666666666664,0.3926305885416666,395,140
2024,00-0038583,Dorian Thompson-Robinson,QB,6,27.8,-23.73,-0.26277358593749994,8.588333333333333,24.0,25.0,30.0,27.5,25.0,0.33374691536458334,396,69
2024,00-0038824,Ryan Miller,WR,9,30.8,-20.35,-0.2632128593749998,5.683333333333334,49.44444444444444,50.44444444444444,55.44444444444444,52.94444444444444,50.44444444444444,0.3940449956597222,397,141
2024,00-0033246,Johnny Mundt,TE,14,54.7,-21.560000000000002,-0.26357131249999993,5.4471428571428575,25.785714285714285,26.785714285714285,31.785714285714285,29.285714285714285,26.785714285714285,0.3853822505580357,398,89
2024,00-0033857,JuJu Smith-Schuster,WR,11,44.1,-21.35,-0.26603192187499997,5.95,49.27272727272727,50.27272727272727,55.27272727272727,52.77272727272727,50.27272727272727,0.39453798508522725,399,142
2024,00-0036510,Kenny Yeboah,TE,7,18.2,-20.55,-0.2663237734374999,5.535714285714286,25.428571428571427,26.428571428571427,31.428571428571427,28.928571428571427,26.428571428571427,0.38883333705357137,400,90
2024,00-0036422,Adam Trautman,TE,13,50.3,-22.660000000000004,-0.26975728125000015,5.612307692307693,25.923076923076923,26.923076923076923,31.923076923076923,29.423076923076923,26.923076923076923,0.3837690306490385,401,91
2024,00-0038550,Hendon Hooker,QB,3,2.68,-22.51,-0.2698390312500001,8.396666666666667,24.0,25.0,30.0,27.5,25.0,0.3208559140625,402,70
2024,00-0038046,Charlie Kolar,TE,10,32.8,-21.259999999999998,-0.27363600781250014,5.406000000000001,25.6,26.6,31.6,29.1,26.6,0.3825351453125,403,92
2024,00-0034860,Dante Pettis,WR,8,26.0,-21.3,-0.27624504687499973,5.9125,49.375,50.375,55.375,52.875,50.375,0.3961967509765625,404,143
2024,00-0039391,Kimani Vidal,RB,9,30.200000000000003,-21.700000000000003,-0.27785639843750015,5.7666666666666675,33.55555555555556,34.55555555555556,39.55555555555556,37.05555555555556,34.55555555555556,0.36978828906250005,405,100
2024,00-0033589,David Moore,WR,15,69.10000000000001,-20.050000000000004,-0.2781127968749999,5.943333333333333,47.86666666666667,48.86666666666667,53.86666666666667,51.36666666666667,48.86666666666667,0.39442994791666663,406,144
2024,00-0036754,Brock Wright,TE,11,41.5,-20.56,-0.2809846953125,5.641818181818182,25.818181818181817,26.818181818181817,31.818181818181817,29.318181818181817,26.818181818181817,0.3886783075284091,407,93
2024,00-0035976,Dan Chisena,WR,4,5.2,-21.3,-0.28106100000000006,6.625,49.25,50.25,55.25,52.75,50.25,0.39461160156249997,408,145
2024,00-0036427,Tyler Johnson,WR,11,48.1,-20.950000000000003,-0.2863048437499997,6.277272727272727,46.45454545454545,47.45454545454545,52.45454545454545,49.95454545454545,47.45454545454545,0.3991011299715909,409,146
2024,00-0035924,Jonathan Ward,RB,4,2.2,-20.85,-0.28718631250000004,5.7625,34.25,35.25,40.25,37.75,35.25,0.365025837890625,410,101
2024,00-0039912,Ben Sinnott,TE,7,16.3,-21.55,-0.28727603125000006,5.4071428571428575,26.714285714285715,27.714285714285715,32.714285714285715,30.214285714285715,27.714285714285715,0.3865838069196429,411,94
2024,00-0039921,Trey Benson,RB,12,44.0,-21.950000000000003,-0.28760456250000016,5.495833333333334,34.75,35.75,40.75,38.25,35.75,0.37300000651041665,412,102
2024,00-0031585,MyCole Pruitt,TE,7,19.0,-20.96,-0.28775899218749984,5.708571428571429,25.428571428571427,26.428571428571427,31.428571428571427,28.928571428571427,26.428571428571427,0.3912533359375,413,95
2024,00-0038104,Tyquan Thornton,WR,4,6.7,-20.65,-0.2887406953125,6.8375,47.75,48.75,53.75,51.25,48.75,0.395163931640625,414,147
2024,00-0039686,Colson Yankoff,TE,4,0.0,-21.0,-0.29079015625,5.25,26.0,27.0,32.0,29.5,27.0,0.38310537890625,415,96
2024,00-0033955,Jeremy McNichols,RB,15,59.300000000000004,-26.0,-0.2924678671875001,5.6866666666666665,33.93333333333333,34.93333333333333,39.93333333333333,37.43333333333333,34.93333333333333,0.3749996390625,416,103
2024,00-0037487,Deven Thompkins,WR,5,4.7,-23.200000000000003,-0.29668542187499974,5.58,49.0,50.0,55.0,52.5,50.0,0.3965004,417,148
2024,00-0034208,Mike Boone,RB,5,5.4,-23.3,-0.2985756015624999,5.74,33.2,34.2,39.2,36.7,34.2,0.3735239,418,104
2024,00-0038416,Tyson Bagent,QB,4,-0.26000000000000006,-25.300000000000004,-0.29903983593750005,6.26,24.0,25.0,30.0,27.5,25.0,0.305768380859375,419,71
2024,00-0038519,Nikko Remigio,WR,5,5.800000000000001,-24.15,-0.30110510937499996,5.99,50.0,51.0,56.0,53.5,51.0,0.3913243421875,420,149
2024,00-0039074,Davis Allen,TE,7,12.9,-23.950000000000003,-0.30119728125,5.264285714285714,25.285714285714285,26.285714285714285,31.285714285714285,28.785714285714285,26.285714285714285,0.3864402008928572,421,97
2024,00-0038647,Ronnie Bell,WR,4,3.2,-22.1,-0.3040549921875001,6.325,46.0,47.0,52.0,49.5,47.0,0.403983275390625,422,150
2024,00-0037654,Tucker Fisk,TE,7,14.4,-23.950000000000003,-0.30452747656250007,5.478571428571429,25.571428571428573,26.571428571428573,31.571428571428573,29.071428571428573,26.571428571428573,0.3860353872767857,423,98
2024,00-0038941,Tyler Scott,WR,4,1.0,-24.25,-0.3071965078125,6.3125,50.0,51.0,56.0,53.5,51.0,0.392876736328125,424,151
2024,00-0033307,Kendrick Bourne,WR,12,51.1,-20.950000000000003,-0.3090227421875001,6.004166666666666,48.25,49.25,54.25,51.75,49.25,0.3950881002604167,425,152
2024,00-0035311,Myles Gaskin,RB,4,1.5,-22.6,-0.31001538281249996,6.025,35.75,36.75,41.75,39.25,36.75,0.37720092773437497,426,105
2024,00-0036620,Dee Eskridge,WR,5,5.9,-24.3,-0.31473591406249996,6.040000000000001,48.6,49.6,54.6,52.1,49.6,0.38758019375,427,153
2024,00-0039144,Luke Musgrave,TE,7,15.0,-23.85,-0.31724379687500004,5.55,24.571428571428573,25.571428571428573,30.571428571428573,28.071428571428573,25.571428571428573,0.3963214475446429,428,99
2024,00-0033891,Zay Jones,WR,6,12.400000000000002,-24.25,-0.31796622656250007,6.108333333333333,47.666666666666664,48.666666666666664,53.666666666666664,51.166666666666664,48.666666666666664,0.39275831119791665,429,154
2024,00-0031800,Taylor Heinicke,QB,4,3.12,-28.27,-0.31807827343749995,7.8475,24.0,25.0,30.0,27.5,25.0,0.3292579375,430,72
2024,00-0036955,Terrace Marshall Jr.,WR,5,5.6000000000000005,-24.5,-0.3197339687499999,6.0200000000000005,49.8,50.8,55.8,53.3,50.8,0.389682190625,431,155
2024,00-0038678,Jordan Mims,RB,8,20.1,-24.550000000000004,-0.32025406250000027,5.58125,34.125,35.125,40.125,37.625,35.125,0.370689384765625,432,106
2024,00-0031690,Eric Tomlinson,TE,5,3.9000000000000004,-23.16,-0.3205474765624999,5.412000000000001,26.6,27.6,32.6,30.1,27.6,0.3844202671875,433,100
2024,00-0037132,Britain Covey,WR,5,6.9,-23.65,-0.32199478124999986,6.11,47.4,48.4,53.4,50.9,48.4,0.397244546875,434,156
2024,00-0035567,Craig Reynolds,RB,8,19.4,-24.700000000000003,-0.32275338281249993,5.5125,32.25,33.25,38.25,35.75,33.25,0.37298884375,435,107
2024,00-0038685,Chris Brooks,RB,11,36.7,-25.150000000000002,-0.3239680156250002,5.622727272727273,33.45454545454545,34.45454545454545,39.45454545454545,36.95454545454545,34.45454545454545,0.37432506392045456,436,108
2024,00-0036898,Davis Mills,QB,4,9.580000000000002,-27.939999999999998,-0.32443125000000006,9.379999999999999,24.0,25.0,30.0,27.5,25.0,0.332058845703125,437,73
2024,00-0039589,Kameron Johnson,WR,4,1.1,-23.35,-0.32727545312499995,6.112500000000001,49.5,50.5,55.5,53.0,50.5,0.384484947265625,438,157
2024,00-0039041,Elijah Higgins,TE,15,59.2,-24.46,-0.32830452343750005,5.577333333333333,25.666666666666668,26.666666666666668,31.666666666666668,29.166666666666668,26.666666666666668,0.38571386874999997,439,101
2024,00-0037231,Kevin Austin Jr.,WR,8,21.5,-25.8,-0.3285084921874998,5.9125,49.375,50.375,55.375,52.875,50.375,0.3961967509765625,440,158
2024,00-0036646,Simi Fehoko,WR,6,13.600000000000001,-24.400000000000002,-0.3362371718750001,6.333333333333333,46.5,47.5,52.5,50.0,47.5,0.3953517434895833,441,159
2024,00-0039920,Malachi Corley,WR,5,3.7,-25.150000000000002,-0.336815578125,5.7700000000000005,46.8,47.8,52.8,50.3,47.8,0.39710925937499997,442,160
2024,00-0038705,Emari Demercado,RB,13,46.7,-24.95,-0.33769,5.511538461538462,34.92307692307692,35.92307692307692,40.92307692307692,38.42307692307692,35.92307692307692,0.37204660877403845,443,109
2024,00-0036741,Jack Stoll,TE,5,4.0,-25.01,-0.34064304687499997,5.8020000000000005,26.6,27.6,32.6,30.1,27.6,0.38434065156249997,444,102
2024,00-0039614,Jermaine Jackson,WR,4,-0.1,-24.650000000000002,-0.34075242187500004,6.1375,45.0,46.0,51.0,48.5,46.0,0.402651609375,445,161
2024,00-0039373,Audric Estimé,RB,13,46.2,-25.549999999999997,-0.34339083593750025,5.519230769230769,33.53846153846154,34.53846153846154,39.53846153846154,37.03846153846154,34.53846153846154,0.3726021225961539,446,110
2024,00-0024243,Marcedes Lewis,TE,5,1.7,-26.45,-0.34900449218749996,5.63,25.6,26.6,31.6,29.1,26.6,0.3939180109375,447,103
2024,00-0037742,Treylon Burks,WR,5,5.5,-25.200000000000003,-0.35091691406250003,6.140000000000001,48.0,49.0,54.0,51.5,49.0,0.39145858906250003,448,162
2024,00-0039796,Rasheen Ali,RB,5,3.1,-27.35,-0.3531696562500002,6.090000000000001,32.8,33.8,38.8,36.3,33.8,0.38132480625,449,111
2024,00-0038643,Brayden Willis,TE,5,0.0,-28.75,-0.3549081718749999,5.75,25.4,26.4,31.4,28.9,26.4,0.387402746875,450,104
2024,00-0036387,Jalen Reagor,WR,7,11.200000000000001,-27.500000000000004,-0.36094610937499993,5.528571428571429,47.57142857142857,48.57142857142857,53.57142857142857,51.07142857142857,48.57142857142857,0.4017127064732143,451,163
2024,00-0035298,Scott Miller,WR,6,9.4,-27.3,-0.3630698281250001,6.116666666666667,49.166666666666664,50.166666666666664,55.166666666666664,52.666666666666664,50.166666666666664,0.38950812890625003,452,164
2024,00-0033526,Samaje Perine,RB,17,67.4,-27.650000000000002,-0.3647912421875001,5.591176470588236,34.294117647058826,35.294117647058826,40.294117647058826,37.794117647058826,35.294117647058826,0.37596621783088235,453,112
2024,00-0037801,KaVontae Turpin,WR,17,76.7,-24.85,-0.3724393671874997,5.973529411764707,48.529411764705884,49.529411764705884,54.529411764705884,52.029411764705884,49.529411764705884,0.3937272670036765,454,165
2024,00-0035602,Alex Bachman,WR,5,4.6,-26.400000000000002,-0.37377321093750016,6.2,47.0,48.0,53.0,50.5,48.0,0.39131266249999996,455,166
2024,00-0033217,Mo Alie-Cox,TE,12,38.7,-30.060000000000002,-0.3810363046874998,5.73,25.833333333333332,26.833333333333332,31.833333333333332,29.333333333333332,26.833333333333332,0.382413517578125,456,105
2024,00-0036345,K.J. Osborn,WR,7,15.200000000000001,-27.75,-0.38403185937500006,6.135714285714286,47.285714285714285,48.285714285714285,53.285714285714285,50.785714285714285,48.285714285714285,0.3950751104910714,457,167
2024,00-0034115,Jeff Wilson,RB,7,9.100000000000001,-30.1,-0.38407438281250006,5.6000000000000005,34.285714285714285,35.285714285714285,40.285714285714285,37.785714285714285,35.285714285714285,0.37229814174107145,458,113
2024,00-0038951,Sean Tucker,RB,17,64.2,-31.05,-0.38972861718749974,5.602941176470588,34.35294117647059,35.35294117647059,40.35294117647059,37.85294117647059,35.35294117647059,0.37352505101102945,459,114
2024,00-0033925,D'Onta Foreman,RB,10,29.6,-29.550000000000004,-0.3905146796875001,5.915000000000001,34.4,35.4,40.4,37.9,35.4,0.37025618828124995,460,115
2024,00-0032464,Kalif Raymond,WR,12,42.0,-29.800000000000004,-0.39243170312499986,5.983333333333333,47.416666666666664,48.416666666666664,53.416666666666664,50.916666666666664,48.416666666666664,0.3989620305989583,461,168
2024,00-0031428,Allen Robinson,WR,6,4.5,-30.3,-0.3960360625,5.800000000000001,49.333333333333336,50.333333333333336,55.333333333333336,52.833333333333336,50.333333333333336,0.3894710416666667,462,169
2024,00-0038477,Bryce Ford-Wheaton,WR,5,0.0,-30.3,-0.40159077343749994,6.0600000000000005,46.4,47.4,52.4,49.9,47.4,0.39301047968749997,463,170
2024,00-0038821,Rakim Jarrett,WR,8,16.900000000000002,-30.35,-0.4020128984375,5.90625,48.875,49.875,54.875,52.375,49.875,0.395782208984375,464,171
2024,00-0035291,Trayveon Williams,RB,5,0.0,-30.55,-0.4028031640625001,6.11,35.4,36.4,41.4,38.9,36.4,0.36992115000000003,465,116
2024,00-0036332,Josiah Deguara,TE,7,5.8999999999999995,-32.2,-0.41018321875000013,5.442857142857143,24.571428571428573,25.571428571428573,30.571428571428573,28.071428571428573,25.571428571428573,0.38699527566964287,466,106
2024,00-0033045,Ezekiel Elliott,RB,15,51.5,-32.5,-0.41395596875000024,5.6,33.86666666666667,34.86666666666667,39.86666666666667,37.36666666666667,34.86666666666667,0.37584120364583334,467,117
2024,00-0035500,Greg Dortch,WR,17,71.8,-30.900000000000002,-0.4175289062499998,6.041176470588235,47.88235294117647,48.88235294117647,53.88235294117647,51.38235294117647,48.88235294117647,0.39430239016544116,468,172
2024,00-0036928,Kyle Trask,QB,3,-0.2,-33.71,-0.41812048437500005,11.17,24.0,25.0,30.0,27.5,25.0,0.361045203125,469,74
2024,00-0026300,Josh Johnson,QB,4,0.78,-35.14,-0.41982585937500005,8.98,24.0,25.0,30.0,27.5,25.0,0.336835837890625,470,75
2024,00-0033009,Tyler Boyd,WR,15,58.800000000000004,-30.75,-0.42036492968749967,5.970000000000001,48.266666666666666,49.266666666666666,54.266666666666666,51.766666666666666,49.266666666666666,0.39468692916666664,471,173
2024,00-0035215,Deonte Harty,WR,5,0.0,-30.700000000000003,-0.42501307031249996,6.140000000000001,48.0,49.0,54.0,51.5,49.0,0.39145858906250003,472,174
2024,00-0039379,Jamari Thrash,WR,6,3.7,-33.65,-0.429238296875,6.2250000000000005,49.5,50.5,55.5,53.0,50.5,0.39536418359375,473,175
2024,00-0033576,Eric Saubert,TE,12,32.2,-33.36,-0.4300898593749999,5.463333333333334,25.166666666666668,26.166666666666668,31.166666666666668,28.666666666666668,26.166666666666668,0.3912730286458333,474,107
2024,00-0036906,Khalil Herbert,RB,11,26.5,-33.7,-0.4323064843750003,5.472727272727273,34.27272727272727,35.27272727272727,40.27272727272727,37.77272727272727,35.27272727272727,0.3827287208806819,475,118
2024,00-0039650,Bryce Oliver,WR,8,12.5,-33.2,-0.4339804531249998,5.7125,48.0,49.0,54.0,51.5,49.0,0.3989857666015625,476,176
2024,00-0039798,Isaiah Davis,RB,13,41.4,-33.050000000000004,-0.4368003437499999,5.726923076923077,33.53846153846154,34.53846153846154,39.53846153846154,37.03846153846154,34.53846153846154,0.3770193371394231,477,119
2024,00-0035594,Travis Homer,RB,8,4.9,-34.050000000000004,-0.4374108203125,4.86875,34.5,35.5,40.5,38.0,35.5,0.375515296875,478,120
2024,00-0039244,Chris Collier,RB,6,1.3000000000000003,-33.150000000000006,-0.4391298515625,5.741666666666667,34.333333333333336,35.333333333333336,40.333333333333336,37.833333333333336,35.333333333333336,0.37632154817708335,479,121
2024,00-0039407,Dylan Laube,RB,6,-2.0,-34.1,-0.4398238203125,5.3500000000000005,32.5,33.5,38.5,36.0,33.5,0.37847468359375,480,122
2024,00-0039737,Tip Reiman,TE,8,12.7,-33.06,-0.44020897656250013,5.72,26.625,27.625,32.625,30.125,27.625,0.3835012275390625,481,108
2024,00-0035341,Trenton Irwin,WR,6,3.0,-32.400000000000006,-0.4402272343749999,5.900000000000001,47.333333333333336,48.333333333333336,53.333333333333336,50.833333333333336,48.333333333333336,0.3973906875,482,177
2024,00-0036527,DJ Turner,WR,12,39.1,-33.25000000000001,-0.44103689843749966,6.029166666666668,47.333333333333336,48.333333333333336,53.333333333333336,50.833333333333336,48.333333333333336,0.3949797044270833,483,178
2024,00-0038394,Will Mallory,TE,7,8.9,-32.31,-0.4412391328125,5.887142857142857,26.857142857142858,27.857142857142858,32.857142857142854,30.357142857142858,27.857142857142858,0.37605047209821424,484,109
2024,00-0039853,Javon Baker,WR,6,1.7000000000000002,-34.35,-0.4418795234375001,6.008333333333334,50.333333333333336,51.333333333333336,56.333333333333336,53.833333333333336,51.333333333333336,0.3985220768229167,485,179
2024,00-0038115,Daniel Bellinger,TE,12,33.5,-32.35,-0.443273953125,5.4875,25.833333333333332,26.833333333333332,31.833333333333332,29.333333333333332,26.833333333333332,0.3908483411458333,486,110
2024,00-0036176,Mason Kinsey,WR,6,2.7,-34.6,-0.4462231171875002,6.216666666666666,49.5,50.5,55.5,53.0,50.5,0.3913677513020833,487,180
2024,00-0037617,Hassan Haskins,RB,12,31.3,-34.800000000000004,-0.4539947109375002,5.508333333333334,33.75,34.75,39.75,37.25,34.75,0.372234509765625,488,123
2024,00-0031235,Odell Beckham Jr.,WR,8,10.0,-34.25,-0.45663790624999995,5.53125,47.375,48.375,53.375,50.875,48.375,0.3985334521484375,489,181
2024,00-0036254,Collin Johnson,WR,6,1.1,-35.9,-0.46674394531249996,6.166666666666667,48.666666666666664,49.666666666666664,54.666666666666664,52.166666666666664,49.666666666666664,0.39969089453125,490,182
2024,00-0039810,Jermaine Burton,WR,8,12.700000000000001,-35.7,-0.46741939062500004,6.050000000000001,48.875,49.875,54.875,52.375,49.875,0.3942252578125,491,183
2024,00-0031484,Chris Manhertz,TE,8,13.5,-34.81,-0.4691857265624999,6.03875,25.875,26.875,31.875,29.375,26.875,0.382574171875,492,111
2024,00-0037292,Andrew Ogletree,TE,12,30.4,-36.45,-0.4743220937500002,5.570833333333333,25.833333333333332,26.833333333333332,31.833333333333332,29.333333333333332,26.833333333333332,0.38658944270833334,493,112
2024,00-0038783,Nate Adkins,TE,15,50.5,-35.160000000000004,-0.48039467968750005,5.710666666666667,25.933333333333334,26.933333333333334,31.933333333333334,29.433333333333334,26.933333333333334,0.3834366755208333,494,113
2024,00-0034418,Cedrick Wilson Jr.,WR,13,41.94,-36.71,-0.4882727499999999,6.050000000000001,47.69230769230769,48.69230769230769,53.69230769230769,51.19230769230769,48.69230769230769,0.3922015084134615,495,184
2024,00-0038582,Clayton Tune,QB,5,-2.08,-40.68,-0.49220387499999996,7.720000000000001,24.0,25.0,30.0,27.5,25.0,0.3355426703125,496,76
2024,00-0033282,Curtis Samuel,WR,14,48.2,-35.25,-0.4953547500000001,5.960714285714286,47.285714285714285,48.285714285714285,53.285714285714285,50.785714285714285,48.285714285714285,0.3947434827008928,497,185
2024,00-0037120,Tyler Goodson,RB,14,38.900000000000006,-39.7,-0.4962551562500001,5.614285714285715,34.285714285714285,35.285714285714285,40.285714285714285,37.785714285714285,35.285714285714285,0.37595363671875004,498,124
2024,00-0035406,Lil'Jordan Humphrey,WR,14,48.8,-34.650000000000006,-0.4968053281249997,5.960714285714286,47.5,48.5,53.5,51.0,48.5,0.3963191696428571,499,186
2024,00-0031549,Nelson Agholor,WR,13,42.1,-36.900000000000006,-0.498394359375,6.076923076923077,47.15384615384615,48.15384615384615,53.15384615384615,50.65384615384615,48.15384615384615,0.3945770420673077,500,187
2024,00-0033536,Mike Williams,WR,14,46.3,-38.1,-0.49875631249999985,6.028571428571429,47.857142857142854,48.857142857142854,53.857142857142854,51.357142857142854,48.857142857142854,0.39248846875,501,188
2024,00-0039359,Cade Stover,TE,14,41.8,-37.160000000000004,-0.5009322656250002,5.640000000000001,26.0,27.0,32.0,29.5,27.0,0.38047430133928567,502,114
2024,00-0030578,Cordarrelle Patterson,RB,13,31.500000000000004,-40.1,-0.5011159140625001,5.5076923076923086,33.92307692307692,34.92307692307692,39.92307692307692,37.42307692307692,34.92307692307692,0.37689895132211537,503,125
2024,00-0035806,JaMycal Hasty,RB,12,23.8,-39.550000000000004,-0.5016732343750001,5.279166666666667,34.416666666666664,35.416666666666664,40.416666666666664,37.916666666666664,35.416666666666664,0.3727278828125,504,126
2024,00-0036590,Quintin Morris,TE,10,17.1,-38.800000000000004,-0.5057556484374999,5.590000000000001,26.3,27.3,32.3,29.8,27.3,0.385386484375,505,115
2024,00-0036415,Van Jefferson,WR,15,51.6,-38.150000000000006,-0.5091247734374997,5.983333333333333,48.2,49.2,54.2,51.7,49.2,0.39555476145833335,506,189
2024,00-0034419,Braxton Berrios,WR,6,0.0,-37.2,-0.5129219375,6.2,46.333333333333336,47.333333333333336,52.333333333333336,49.833333333333336,47.333333333333336,0.3930319908854167,507,190
2024,00-0035628,D'Ernest Johnson,RB,12,29.900000000000002,-39.45,-0.5175092656250002,5.779166666666668,34.333333333333336,35.333333333333336,40.333333333333336,37.833333333333336,35.333333333333336,0.37137418359375,508,127
2024,00-0036626,Dyami Brown,WR,15,52.4,-38.5,-0.5176176406249997,6.0600000000000005,47.6,48.6,53.6,51.1,48.6,0.39654671666666663,509,191
2024,00-0039410,Ryan Flournoy,WR,9,13.200000000000001,-39.300000000000004,-0.52203528125,5.833333333333333,49.333333333333336,50.333333333333336,55.333333333333336,52.833333333333336,50.333333333333336,0.3951456423611111,510,192
2024,00-0039751,Jordan Whittington,WR,14,41.5,-41.6,-0.5229086874999997,5.935714285714286,48.785714285714285,49.785714285714285,54.785714285714285,52.285714285714285,49.785714285714285,0.3945166612723214,511,193
2024,00-0033854,Dare Ogunbowale,RB,16,46.5,-42.300000000000004,-0.5268941562499998,5.550000000000001,34.25,35.25,40.25,37.75,35.25,0.37332462890625,512,128
2024,00-0036984,Trey Sermon,RB,15,45.800000000000004,-40.95,-0.5317345625000001,5.783333333333333,34.333333333333336,35.333333333333336,40.333333333333336,37.833333333333336,35.333333333333336,0.3754747390625,513,129
2024,00-0036630,Tylan Wallace,WR,12,30.8,-41.550000000000004,-0.531786,6.029166666666668,47.666666666666664,48.666666666666664,53.666666666666664,51.166666666666664,48.666666666666664,0.3957671002604166,514,194
2024,00-0038636,Kenny McIntosh,RB,11,20.9,-40.800000000000004,-0.5341657421875002,5.609090909090909,33.36363636363637,34.36363636363637,39.36363636363637,36.86363636363637,34.36363636363637,0.3758734943181818,515,130
2024,00-0037093,Dareke Young,WR,7,0.0,-40.75,-0.5377203203124998,5.821428571428571,50.142857142857146,51.142857142857146,56.142857142857146,53.642857142857146,51.142857142857146,0.3937551529017857,516,195
2024,00-0039880,Malik Washington,WR,14,43.800000000000004,-39.900000000000006,-0.5381897265624997,5.978571428571429,48.142857142857146,49.142857142857146,54.142857142857146,51.642857142857146,49.142857142857146,0.39580466964285715,517,196
2024,00-0036919,Kenny Gainwell,RB,17,54.6,-39.5,-0.5393521953124998,5.53529411764706,34.11764705882353,35.11764705882353,40.11764705882353,37.61764705882353,35.11764705882353,0.37230413511029414,518,131
2024,00-0033439,Pharaoh Brown,TE,10,16.5,-41.16,-0.5404679218749999,5.766,25.3,26.3,31.3,28.8,26.3,0.38300296953125,519,116
2024,00-0034386,Justin Watson,WR,15,51.9,-40.150000000000006,-0.5465041171874998,6.136666666666667,47.8,48.8,53.8,51.3,48.8,0.3975835869791666,520,197
2024,00-0039530,Brevyn Spann-Ford,TE,11,22.3,-40.26,-0.5478041015625001,5.6872727272727275,25.363636363636363,26.363636363636363,31.363636363636363,28.863636363636363,26.363636363636363,0.3890328117897727,521,117
2024,00-0037805,Jeremy Ruckert,TE,14,37.5,-42.46,-0.552035328125,5.711428571428572,25.5,26.5,31.5,29.0,26.5,0.38796407421875,522,118
2024,00-0036862,Ben Skowronek,WR,9,9.4,-42.55,-0.5524128124999999,5.772222222222222,48.55555555555556,49.55555555555556,54.55555555555556,52.05555555555556,49.55555555555556,0.3987231189236111,523,198
2024,00-0039623,Mason Tipton,WR,9,16.9,-39.85,-0.5556625312500001,6.305555555555555,47.44444444444444,48.44444444444444,53.44444444444444,50.94444444444444,48.44444444444444,0.39490359635416666,524,199
2024,00-0033895,Gerald Everett,TE,10,15.6,-42.31,-0.5635535,5.791,25.2,26.2,31.2,28.7,26.2,0.3869098578125,525,119
2024,00-0039364,Sione Vaki,RB,9,6.6,-43.45,-0.5646610546874999,5.561111111111112,33.666666666666664,34.666666666666664,39.666666666666664,37.166666666666664,34.666666666666664,0.3709937152777778,526,132
2024,00-0038640,Jalen Brooks,WR,12,29.7,-41.7,-0.579153203125,5.95,48.083333333333336,49.083333333333336,54.083333333333336,51.583333333333336,49.083333333333336,0.391875703125,527,200
2024,00-0038998,Jake Haener,QB,8,15.24,-46.95,-0.5812006484375001,7.77375,24.0,25.0,30.0,27.5,25.0,0.3345252255859375,528,77
2024,00-0038098,Pierre Strong,RB,13,28.200000000000003,-44.45,-0.5822469218750002,5.588461538461539,34.07692307692308,35.07692307692308,40.07692307692308,37.57692307692308,35.07692307692308,0.3719314056490385,529,133
2024,00-0039868,Troy Franklin,WR,16,53.1,-43.300000000000004,-0.582816859375,6.025,48.0,49.0,54.0,51.5,49.0,0.3950723764648437,530,201
2024,00-0033376,Patrick Ricard,RB,10,9.7,-44.900000000000006,-0.5850011015625001,5.46,34.1,35.1,40.1,37.6,35.1,0.37320928984375,531,134
2024,00-0039874,Jaylen Wright,RB,13,25.200000000000003,-45.2,-0.5866375546875,5.415384615384616,34.69230769230769,35.69230769230769,40.69230769230769,38.19230769230769,35.69230769230769,0.37651689302884617,532,135
2024,00-0036187,Reggie Gilliam,RB,7,0.7000000000000001,-44.25,-0.5882476796875,6.421428571428572,33.714285714285715,34.714285714285715,39.714285714285715,37.214285714285715,34.714285714285715,0.37654531138392855,533,136
2024,00-0034854,KhaDarel Hodge,WR,11,22.6,-45.35,-0.5921319140624999,6.177272727272728,48.0,49.0,54.0,51.5,49.0,0.390547265625,534,202
2024,00-0038576,Charlie Jones,WR,7,1.0,-42.0,-0.5926887812500001,6.142857142857143,46.857142857142854,47.857142857142854,52.857142857142854,50.357142857142854,47.857142857142854,0.3914397276785714,535,203
2024,00-0037004,Hunter Long,TE,11,16.5,-46.71,-0.6122496796875001,5.746363636363636,26.0,27.0,32.0,29.5,27.0,0.3847845411931818,536,120
2024,00-0039236,Johnny Wilson,WR,10,12.3,-46.85,-0.6172164687499997,5.915000000000001,47.6,48.6,53.6,51.1,48.6,0.3961414171875,537,204
2024,00-0036887,Luke Farrell,TE,12,24.7,-45.21,-0.6174025234374998,5.825833333333333,25.5,26.5,31.5,29.0,26.5,0.3889791236979167,538,121
2024,00-0035140,Mecole Hardman,WR,12,27.200000000000003,-45.25,-0.6201900937499998,6.0375000000000005,47.083333333333336,48.083333333333336,53.083333333333336,50.583333333333336,48.083333333333336,0.39707865364583333,539,205
2024,00-0032128,Chris Conley,WR,9,10.600000000000001,-46.3,-0.6248861640625001,6.322222222222222,47.22222222222222,48.22222222222222,53.22222222222222,50.72222222222222,48.22222222222222,0.39521747916666666,540,206
2024,00-0036497,Tim Jones,WR,8,5.6,-45.800000000000004,-0.6262689218749999,6.425000000000001,48.375,49.375,54.375,51.875,49.375,0.393869525390625,541,207
2024,00-0033948,Jamaal Williams,RB,14,32.6,-48.35,-0.6337735468750001,5.7821428571428575,34.357142857142854,35.357142857142854,40.357142857142854,37.857142857142854,35.357142857142854,0.37188354520089284,542,137
2024,00-0039451,Isaiah Williams,WR,8,1.6,-48.9,-0.6375661484374999,6.3125,48.25,49.25,54.25,51.75,49.25,0.3918539658203125,543,208
2024,00-0039816,Anthony Gould,WR,8,2.8000000000000003,-48.4,-0.6384025859375,6.4,48.25,49.25,54.25,51.75,49.25,0.393371701171875,544,209
2024,00-0038488,Brady Russell,RB,8,0.0,-46.800000000000004,-0.6462786796875,5.8500000000000005,35.0,36.0,41.0,38.5,36.0,0.366966763671875,545,138
2024,00-0036825,Feleipe Franks,TE,9,2.7,-47.1,-0.64848515625,5.533333333333333,25.555555555555557,26.555555555555557,31.555555555555557,29.055555555555557,26.555555555555557,0.38763246875,546,122
2024,00-0037276,Ty Chandler,RB,14,25.400000000000002,-51.900000000000006,-0.663383609375,5.521428571428571,34.142857142857146,35.142857142857146,40.142857142857146,37.642857142857146,35.142857142857146,0.3769882388392857,547,139
2024,00-0038720,Julian Hill,TE,14,28.0,-49.96,-0.6655228437499999,5.568571428571429,25.785714285714285,26.785714285714285,31.785714285714285,29.285714285714285,26.785714285714285,0.3852151568080357,548,123
2024,00-0036133,James Proche,WR,9,3.5999999999999996,-51.1,-0.6667369921874999,6.077777777777778,48.77777777777778,49.77777777777778,54.77777777777778,52.27777777777778,49.77777777777778,0.3885717083333333,549,210
2024,00-0037741,Jahan Dotson,WR,14,32.4,-50.0,-0.6685273124999999,5.885714285714286,47.5,48.5,53.5,51.0,48.5,0.39746198883928574,550,211
2024,00-0037156,Irvin Charles,WR,8,0.0,-50.5,-0.6776949765625001,6.3125,46.25,47.25,52.25,49.75,47.25,0.3958546416015625,551,212
2024,00-0036876,Kylen Granson,TE,16,39.2,-49.660000000000004,-0.6847220703125,5.55375,25.875,26.875,31.875,29.375,26.875,0.3841754833984375,552,124
2024,00-0039738,Blake Corum,RB,15,30.0,-52.0,-0.6865730546875002,5.466666666666667,34.06666666666667,35.06666666666667,40.06666666666667,37.56666666666667,35.06666666666667,0.3759715463541667,553,140
2024,00-0038752,Jake Bobo,WR,12,23.2,-50.900000000000006,-0.6949933515624998,6.175000000000001,47.166666666666664,48.166666666666664,53.166666666666664,50.666666666666664,48.166666666666664,0.39446912825520836,554,213
2024,00-0038938,Jalin Hyatt,WR,10,10.2,-51.9,-0.7051160703125001,6.21,47.7,48.7,53.7,51.2,48.7,0.3994324484375,555,214
2024,00-0039355,Luke McCaffrey,WR,13,25.8,-52.45,-0.7065042968749997,6.019230769230769,49.23076923076923,50.23076923076923,55.23076923076923,52.73076923076923,50.23076923076923,0.3947905793269231,556,215
2024,00-0036628,John Bates,TE,13,18.4,-52.31,-0.7070236484374999,5.43923076923077,25.615384615384617,26.615384615384617,31.615384615384617,29.115384615384617,26.615384615384617,0.38605301983173074,557,125
2024,00-0039325,Carson Steele,RB,13,20.400000000000002,-52.1,-0.7119223593750003,5.576923076923077,34.92307692307692,35.92307692307692,40.92307692307692,38.42307692307692,35.92307692307692,0.3758553161057693,558,141
2024,00-0037594,Julius Chestnut,RB,12,12.3,-54.0,-0.7144096171875,5.5249999999999995,33.5,34.5,39.5,37.0,34.5,0.3710789401041667,559,142
2024,00-0036429,Charlie Woerner,TE,12,15.1,-53.260000000000005,-0.7145981874999998,5.696666666666666,26.25,27.25,32.25,29.75,27.25,0.3859949817708333,560,126
2024,00-0039907,Ja'Lynn Polk,WR,14,26.7,-55.050000000000004,-0.7253837109374996,5.839285714285714,47.92857142857143,48.92857142857143,53.92857142857143,51.42857142857143,48.92857142857143,0.3944021495535714,561,216
2024,00-0038573,Derius Davis,WR,15,33.6,-54.95,-0.734462234375,5.903333333333333,48.666666666666664,49.666666666666664,54.666666666666664,52.166666666666664,49.666666666666664,0.3952721171875,562,217
2024,00-0034928,Steven Sims,WR,9,0.0,-54.5,-0.7350024921874999,6.055555555555555,48.0,49.0,54.0,51.5,49.0,0.3930400373263889,563,218
2024,00-0034798,Durham Smythe,TE,14,18.799999999999997,-57.5,-0.7614564140624999,5.45,25.928571428571427,26.928571428571427,31.928571428571427,29.428571428571427,26.928571428571427,0.3916253861607143,564,127
2024,00-0033869,Mitchell Trubisky,QB,8,15.259999999999998,-61.38,-0.7666897421875001,9.58,24.0,25.0,30.0,27.5,25.0,0.34311103027343753,565,78
2024,00-0030431,Robert Woods,WR,14,28.3,-56.95,-0.7692819062499998,6.089285714285714,48.285714285714285,49.285714285714285,54.285714285714285,51.785714285714285,49.285714285714285,0.39419875055803566,566,219
2024,00-0035021,Ashton Dulin,WR,13,18.2,-59.050000000000004,-0.7733945781249999,5.9423076923076925,47.76923076923077,48.76923076923077,53.76923076923077,51.26923076923077,48.76923076923077,0.39825236478365383,567,220
2024,00-0039746,Will Shipley,RB,13,13.7,-58.45,-0.7763344296875001,5.550000000000001,34.84615384615385,35.84615384615385,40.84615384615385,38.34615384615385,35.84615384615385,0.36993153906250004,568,143
2024,00-0034487,Trent Sherfield,WR,13,18.3,-59.25,-0.777099375,5.9653846153846155,47.69230769230769,48.69230769230769,53.69230769230769,51.19230769230769,48.69230769230769,0.3983357920673077,569,221
2024,00-0038738,Hunter Luepke,RB,14,20.900000000000002,-59.25,-0.7861425078124998,5.7250000000000005,34.07142857142857,35.07142857142857,40.07142857142857,37.57142857142857,35.07142857142857,0.37803776729910715,570,144
2024,00-0036268,Laviska Shenault Jr.,WR,10,6.2,-56.7,-0.7862953515625,6.290000000000001,46.5,47.5,52.5,50.0,47.5,0.39234887109375,571,222
2024,00-0039062,Jonathan Mingo,WR,14,23.7,-59.95,-0.7987609140624998,5.9750000000000005,48.357142857142854,49.357142857142854,54.357142857142854,51.857142857142854,49.357142857142854,0.39185121205357143,572,223
2024,00-0039890,Adonai Mitchell,WR,17,42.26,-60.59,-0.8040376015624999,6.050000000000001,48.0,49.0,54.0,51.5,49.0,0.39550220818014703,573,224
2024,00-0039052,Trey Palmer,WR,15,29.2,-62.7,-0.8195898203124996,6.126666666666667,47.666666666666664,48.666666666666664,53.666666666666664,51.166666666666664,48.666666666666664,0.3962237932291667,574,225
2024,00-0037091,Bo Melton,WR,13,18.5,-61.0,-0.8278016796874998,6.115384615384615,47.92307692307692,48.92307692307692,53.92307692307692,51.42307692307692,48.92307692307692,0.3940275552884615,575,226
2024,00-0036331,Devin Duvernay,WR,13,13.700000000000001,-64.8,-0.8657257499999997,6.038461538461538,48.61538461538461,49.61538461538461,54.61538461538461,52.11538461538461,49.61538461538461,0.39326747596153844,576,227
2024,00-0031763,DeAndre Carter,WR,13,11.7,-64.60000000000001,-0.8798306640624998,5.86923076923077,48.07692307692308,49.07692307692308,54.07692307692308,51.57692307692308,49.07692307692308,0.39398896874999995,577,228
2024,00-0038396,Eric Gray,RB,14,14.3,-65.55,-0.8866231406250003,5.703571428571429,34.785714285714285,35.785714285714285,40.785714285714285,38.285714285714285,35.785714285714285,0.3714906400669643,578,145
2024,00-0038618,Xavier Hutchinson,WR,14,17.7,-66.2,-0.8888712656249999,5.992857142857143,47.92857142857143,48.92857142857143,53.92857142857143,51.42857142857143,48.92857142857143,0.3952109547991071,579,229
2024,00-0036877,Jaelon Darden,WR,11,1.1,-67.0,-0.8939214375,6.190909090909091,47.81818181818182,48.81818181818182,53.81818181818182,51.31818181818182,48.81818181818182,0.3945078870738636,580,230
2024,00-0039392,Jha'Quan Jackson,WR,12,0.8,-71.15,-0.9686080078125,5.995833333333334,47.333333333333336,48.333333333333336,53.333333333333336,50.833333333333336,48.333333333333336,0.39827780078124997,581,231
2024,00-0036425,DeeJay Dallas,RB,16,13.5,-74.9,-0.9923735312499999,5.525,34.375,35.375,40.375,37.875,35.375,0.37228886181640625,582,146
2024,00-0038359,Xavier Smith,WR,14,5.2,-78.55,-1.0331285859374997,5.982142857142857,47.857142857142854,48.857142857142854,53.857142857142854,51.357142857142854,48.857142857142854,0.39507895479910715,583,232
2024,00-0039365,Jacob Cowing,WR,15,10.7,-80.65,-1.0761721015624999,6.090000000000001,48.2,49.2,54.2,51.7,49.2,0.39558270104166665,584,233
2024,00-0037429,Raheem Blackshear,RB,16,8.0,-81.8,-1.0933624921875,5.6125,34.375,35.375,40.375,37.875,35.375,0.37244034716796875,585,147
2024,00-0034646,Brandon Powell,WR,16,10.6,-87.10000000000001,-1.1733178671875,6.10625,47.8125,48.8125,53.8125,51.3125,48.8125,0.39602817431640625,586,234
2024,00-0038496,Xavier Gipson,WR,17,13.4,-89.55,-1.1991387890624998,6.055882352941176,47.94117647058823,48.94117647058823,53.94117647058823,51.44117647058823,48.94117647058823,0.39399389613970587,587,235
2024,00-0036635,Ihmir Smith-Marsette,WR,15,0.0,-90.7,-1.2098511874999998,6.046666666666667,48.06666666666667,49.06666666666667,54.06666666666667,51.56666666666667,49.06666666666667,0.3946417234375,588,236
2024,00-0036950,Avery Williams,RB,17,0.0,-96.25,-1.2650045546875002,5.661764705882353,34.35294117647059,35.35294117647059,40.35294117647059,37.85294117647059,35.35294117647059,0.3736320261948529,589,148
2025,00-0037744,Trey McBride,TE,17,378.90000000000003,288.8,3.8132966249999996,5.3,29.11764705882353,30.11764705882353,35.11764705882353,32.61764705882353,30.11764705882353,0.3886983478860294,1,1
2025,00-0033280,Christian McCaffrey,RB,17,365.6,269.61,3.6627970859375,5.646470588235295,34.35294117647059,35.35294117647059,40.35294117647059,37.85294117647059,35.35294117647059,0.3766967922794118,2,1
2025,00-0034857,Josh Allen,QB,16,384.62,255.79,3.4567513984375,8.051875,24.0,25.0,30.0,27.5,25.0,0.33543628955078125,3,1
2025,00-0038542,Bijan Robinson,RB,17,331.3,236.1,3.2407745546875004,5.6000000000000005,34.88235294117647,35.88235294117647,40.88235294117647,38.38235294117647,35.88235294117647,0.37828473621323533,4,2
2025,00-0036223,Jonathan Taylor,RB,17,339.3,244.41000000000003,3.2397314453124997,5.581764705882353,34.529411764705884,35.529411764705884,40.529411764705884,38.029411764705884,35.529411764705884,0.37693760110294117,5,3
2025,00-0039851,Drake Maye,QB,17,367.46000000000004,231.90000000000003,3.1136255390625003,7.974117647058824,24.0,25.0,30.0,27.5,25.0,0.3356466976102941,6,2
2025,00-0026498,Matthew Stafford,QB,17,366.38,227.91000000000003,3.051103453125,8.145294117647058,24.0,25.0,30.0,27.5,25.0,0.338225703125,7,3
2025,00-0039139,Jahmyr Gibbs,RB,17,328.40000000000003,233.36,3.0284692656249996,5.590588235294118,34.88235294117647,35.88235294117647,40.88235294117647,38.38235294117647,35.88235294117647,0.37816937408088236,8,4
2025,00-0036971,Trevor Lawrence,QB,17,362.18,223.71,2.9479051015625,8.145294117647058,24.0,25.0,30.0,27.5,25.0,0.338225703125,9,4
2025,00-0039075,Puka Nacua,WR,16,310.5,213.85,2.9249745000000003,6.040625,43.875,44.875,49.875,47.375,44.875,0.4023784370117187,10,1
2025,00-0039040,De'Von Achane,RB,16,289.3,199.31,2.7503819765624997,5.624375000000001,34.875,35.875,40.875,38.375,35.875,0.3755961806640625,11,5
2025,00-0039918,Caleb Williams,QB,17,331.68,198.16000000000003,2.689180640625,7.854117647058824,24.0,25.0,30.0,27.5,25.0,0.33677301608455884,12,5
2025,00-0033873,Patrick Mahomes,QB,14,307.18,191.53,2.678111765625,8.260714285714286,24.0,25.0,30.0,27.5,25.0,0.3368414972098214,13,6
2025,00-0033077,Dak Prescott,QB,17,333.78,196.70999999999998,2.6646403593750003,8.062941176470588,24.0,25.0,30.0,27.5,25.0,0.3364329319852941,14,7
2025,00-0037248,James Cook,RB,17,285.70000000000005,190.66000000000003,2.6537064375,5.590588235294118,34.88235294117647,35.88235294117647,40.88235294117647,38.38235294117647,35.88235294117647,0.37624607123161763,15,6
2025,00-0038543,Jaxon Smith-Njigba,WR,17,300.4,198.0,2.64119315625,6.023529411764706,44.0,45.0,50.0,47.5,45.0,0.4029148524816176,16,2
2025,00-0036389,Jalen Hurts,QB,16,313.06,183.78,2.4862187812500003,8.08,24.0,25.0,30.0,27.5,25.0,0.338067328125,17,8
2025,00-0036355,Justin Herbert,QB,16,312.88,183.79,2.4802647656250003,8.068125,24.0,25.0,30.0,27.5,25.0,0.33494086572265624,18,9
2025,00-0039732,Bo Nix,QB,17,326.84000000000003,190.55,2.4795325546875,8.01705882352941,24.0,25.0,30.0,27.5,25.0,0.3353956488970588,19,10
2025,00-0032764,Derrick Henry,RB,17,272.0,176.96,2.4325737734375,5.590588235294118,34.88235294117647,35.88235294117647,40.88235294117647,38.38235294117647,35.88235294117647,0.37624607123161763,20,7
2025,00-0033106,Jared Goff,QB,17,313.06,174.59,2.3652382734375,8.145294117647058,24.0,25.0,30.0,27.5,25.0,0.338225703125,21,11
2025,00-0036970,Kyle Pitts,TE,17,254.8,164.60000000000002,2.17399671875,5.305882352941176,28.941176470588236,29.941176470588236,34.94117647058823,32.44117647058823,29.941176470588236,0.3911500114889706,22,2
2025,00-0036963,Amon-Ra St. Brown,WR,17,265.5,163.1,2.1661181015625,6.023529411764706,44.0,45.0,50.0,47.5,45.0,0.4029148524816176,23,3
2025,00-0034855,Baker Mayfield,QB,17,293.92,157.44,2.1586119609375,8.028235294117646,24.0,25.0,30.0,27.5,25.0,0.3383382017463235,24,12
2025,00-0037840,Kyren Williams,RB,17,245.3,150.26000000000002,2.0828381562500002,5.590588235294118,34.88235294117647,35.88235294117647,40.88235294117647,38.38235294117647,35.88235294117647,0.37816937408088236,25,8
2025,00-0038597,Chase Brown,RB,17,248.10000000000002,152.06,2.0774996640625,5.649411764705882,34.529411764705884,35.529411764705884,40.529411764705884,38.029411764705884,35.529411764705884,0.37767994301470587,26,9
2025,00-0036900,Ja'Marr Chase,WR,16,251.10000000000002,154.45000000000002,2.0677557109375004,6.040625,44.5625,45.5625,50.5625,48.0625,45.5625,0.4029116767578125,27,4
2025,00-0035710,Daniel Jones,QB,13,242.44,141.76,1.9755299531250003,7.744615384615385,24.0,25.0,30.0,27.5,25.0,0.3285948984375,28,13
2025,00-0037247,George Pickens,WR,17,245.4,143.55,1.9517914218749999,5.991176470588236,44.529411764705884,45.529411764705884,50.529411764705884,48.029411764705884,45.529411764705884,0.4028605528492647,29,5
2025,00-0030506,Travis Kelce,TE,17,231.20000000000002,140.3,1.9517600234374999,5.347058823529412,28.941176470588236,29.941176470588236,34.94117647058823,32.44117647058823,29.941176470588236,0.3887283708639706,30,3
2025,00-0038041,Jake Ferguson,TE,17,229.1,138.2,1.9370438359374997,5.347058823529412,28.941176470588236,29.941176470588236,34.94117647058823,32.44117647058823,29.941176470588236,0.3887283708639706,31,4
2025,00-0036997,Javonte Williams,RB,16,225.3,134.66,1.9363852031250002,5.665,34.5625,35.5625,40.5625,38.0625,35.5625,0.377012232421875,32,10
2025,00-0039338,Brock Bowers,TE,12,208.2,142.35,1.9244845781249997,5.4875,28.166666666666668,29.166666666666668,34.166666666666664,31.666666666666668,29.166666666666668,0.3913569752604167,33,5
2025,00-0040128,Tyler Warren,TE,17,226.5,136.65,1.9229031328125001,5.285294117647059,29.0,30.0,35.0,32.5,30.0,0.3875260992647059,34,6
2025,00-0036973,Travis Etienne,RB,17,235.9,140.86,1.9200294921875003,5.590588235294118,34.88235294117647,35.88235294117647,40.88235294117647,38.38235294117647,35.88235294117647,0.37816937408088236,35,11
2025,00-0040663,Harold Fannin Jr.,TE,16,222.4,136.0,1.8625708046875,5.4,28.1875,29.1875,34.1875,31.6875,29.1875,0.3887465458984375,36,7
2025,00-0035700,Josh Jacobs,RB,15,219.10000000000002,134.45000000000002,1.8431172421875002,5.6433333333333335,35.13333333333333,36.13333333333333,41.13333333333333,38.63333333333333,36.13333333333333,0.3768436125,37,12
2025,00-0040691,Jaxson Dart,QB,14,251.58,140.09,1.8323498984375,7.963571428571428,24.0,25.0,30.0,27.5,25.0,0.334493234375,38,14
2025,00-0033119,Jacoby Brissett,QB,14,243.44,137.9,1.8270643046874997,7.538571428571428,24.0,25.0,30.0,27.5,25.0,0.3352379497767857,39,15
2025,00-0034351,Dallas Goedert,TE,15,215.1,135.9,1.8255739453124997,5.28,28.333333333333332,29.333333333333332,34.333333333333336,31.833333333333332,29.333333333333332,0.3873517083333333,40,8
2025,00-0036040,Juwan Johnson,TE,17,218.4,128.55,1.8036539218749998,5.285294117647059,29.0,30.0,35.0,32.5,30.0,0.3875260992647059,41,9
2025,00-0036264,Jordan Love,QB,15,247.14,128.73,1.77942084375,7.894,24.0,25.0,30.0,27.5,25.0,0.3360594885416666,42,16
2025,00-0033288,George Kittle,TE,11,190.0,132.65,1.7788590156250002,5.213636363636364,29.181818181818183,30.181818181818183,35.18181818181818,32.68181818181818,30.181818181818183,0.3904299453125,43,10
2025,00-0034796,Lamar Jackson,QB,13,228.85999999999999,121.72999999999999,1.7549196093750001,8.24076923076923,24.0,25.0,30.0,27.5,25.0,0.33886624819711536,44,17
2025,00-0034844,Saquon Barkley,RB,16,213.8,124.91,1.73780015625,5.555625,35.125,36.125,41.125,38.625,36.125,0.3746558603515625,45,13
2025,00-0034383,Dalton Schultz,TE,17,218.70000000000002,128.0,1.7141608125,5.335294117647059,28.647058823529413,29.647058823529413,34.64705882352941,32.14705882352941,29.647058823529413,0.3884795822610294,46,11
2025,00-0040122,Ashton Jeanty,RB,17,217.6,122.56,1.7029816484374998,5.590588235294118,34.88235294117647,35.88235294117647,40.88235294117647,38.38235294117647,35.88235294117647,0.37816937408088236,47,14
2025,00-0036275,D'Andre Swift,RB,16,211.6,122.64999999999999,1.6684893281250002,5.559375,35.3125,36.3125,41.3125,38.8125,36.3125,0.3766232734375,48,15
2025,00-0034869,Sam Darnold,QB,17,263.42,124.95,1.6646663359375002,8.145294117647058,24.0,25.0,30.0,27.5,25.0,0.338225703125,49,18
2025,00-0033090,Hunter Henry,TE,17,208.8,118.20000000000002,1.6381784296874997,5.329411764705882,29.176470588235293,30.176470588235293,35.1764705882353,32.6764705882353,30.176470588235293,0.3887247679227941,50,12
2025,00-0037834,Brock Purdy,QB,9,197.38,120.46,1.6179633281249999,8.546666666666667,24.0,25.0,30.0,27.5,25.0,0.34376229253472224,51,19
2025,00-0037239,Chris Olave,WR,16,220.0,124.1,1.60949259375,5.99375,44.8125,45.8125,50.8125,48.3125,45.8125,0.40151139306640626,52,6
2025,00-0031381,Davante Adams,WR,14,192.9,108.75,1.5085175625000002,6.010714285714286,44.57142857142857,45.57142857142857,50.57142857142857,48.07142857142857,45.57142857142857,0.4013720987723214,53,7
2025,00-0023459,Aaron Rodgers,QB,16,240.58,112.83000000000001,1.5036573984375,7.984375,24.0,25.0,30.0,27.5,25.0,0.33659099267578124,54,20
2025,00-0037228,Jaylen Warren,RB,16,197.1,108.15,1.494300140625,5.559375,34.5,35.5,40.5,38.0,35.5,0.3793796943359375,55,16
2025,00-0039150,Bryce Young,QB,16,240.04000000000002,108.07000000000001,1.480705171875,8.248125,24.0,25.0,30.0,27.5,25.0,0.33840121191406247,56,21
2025,00-0039163,C.J. Stroud,QB,14,224.54,110.41,1.465370859375,8.152142857142858,24.0,25.0,30.0,27.5,25.0,0.33140103125,57,22
2025,00-0038120,Breece Hall,RB,16,189.66,100.77,1.4432475781250003,5.555625,35.125,36.125,41.125,38.625,36.125,0.3746558603515625,58,17
2025,00-0040126,Colston Loveland,TE,16,194.1,109.75,1.4347470390625001,5.271875,29.0625,30.0625,35.0625,32.5625,30.0625,0.39166798779296874,59,13
2025,00-0039064,Zay Flowers,WR,17,200.3,98.75,1.3891302421875,5.973529411764707,44.35294117647059,45.35294117647059,50.35294117647059,47.85294117647059,45.35294117647059,0.4027526263786765,60,8
2025,00-0036554,Nico Collins,WR,15,190.70000000000002,99.7,1.3628588828125006,6.066666666666666,44.4,45.4,50.4,47.9,45.4,0.4023593067708333,61,9
2025,00-0036139,Rico Dowdle,RB,17,196.8,100.81,1.3287070937500003,5.646470588235295,34.35294117647059,35.35294117647059,40.35294117647059,37.85294117647059,35.35294117647059,0.3766967922794118,62,18
2025,00-0037238,Drake London,WR,12,167.9,94.6,1.2652218750000004,6.108333333333333,43.833333333333336,44.833333333333336,49.833333333333336,47.333333333333336,44.833333333333336,0.40417645572916666,63,10
2025,00-0040743,Tyler Shough,QB,11,169.96,92.08000000000001,1.2369327499999998,7.079999999999999,24.0,25.0,30.0,27.5,25.0,0.33394050142045456,64,23
2025,00-0030565,Geno Smith,QB,15,207.9,88.28,1.2365508359375,7.974666666666667,24.0,25.0,30.0,27.5,25.0,0.3350770484375,65,24
2025,00-0040734,TreVeyon Henderson,RB,17,188.70000000000002,92.71000000000001,1.2364917734375003,5.646470588235295,34.35294117647059,35.35294117647059,40.35294117647059,37.85294117647059,35.35294117647059,0.3766967922794118,66,19
2025,00-0040730,RJ Harvey,RB,17,183.1,87.71,1.2319047812500001,5.611176470588235,34.8235294117647,35.8235294117647,40.8235294117647,38.3235294117647,35.8235294117647,0.37634718841911763,67,20
2025,00-0036919,Kenny Gainwell,RB,17,184.8,89.6,1.2242909218750002,5.6000000000000005,34.88235294117647,35.88235294117647,40.88235294117647,38.38235294117647,35.88235294117647,0.37828473621323533,68,21
2025,00-0035676,A.J. Brown,WR,15,181.3,90.85000000000001,1.2207130390625,6.03,44.2,45.2,50.2,47.7,45.2,0.4019530088541667,69,11
2025,00-0036410,Tee Higgins,WR,15,182.1,92.9,1.217497578125,5.946666666666667,44.8,45.8,50.8,48.3,45.8,0.4040872072916667,70,12
2025,00-0036358,CeeDee Lamb,WR,13,163.4,86.45,1.2112848984375002,5.9192307692307695,44.76923076923077,45.76923076923077,50.76923076923077,48.26923076923077,45.76923076923077,0.4041325222355769,71,13
2025,00-0038996,Tucker Kraft,TE,8,133.2,89.3,1.2059956640625,5.4875,29.25,30.25,35.25,32.75,30.25,0.388939552734375,72,14
2025,00-0030061,Zach Ertz,TE,13,151.4,81.6,1.1937441640625,5.369230769230769,28.46153846153846,29.46153846153846,34.46153846153846,31.96153846153846,29.46153846153846,0.38625719771634615,73,15
2025,00-0037240,Jameson Williams,WR,17,187.4,85.0,1.17694453125,6.023529411764706,44.0,45.0,50.0,47.5,45.0,0.4029148524816176,74,14
2025,00-0038933,Dalton Kincaid,TE,12,145.6,79.35000000000001,1.1664637265625,5.520833333333333,28.166666666666668,29.166666666666668,34.166666666666664,31.666666666666668,29.166666666666668,0.38637467838541667,75,16
2025,00-0038134,Kenneth Walker III,RB,17,176.4,81.36,1.1552498124999997,5.590588235294118,34.88235294117647,35.88235294117647,40.88235294117647,38.38235294117647,35.88235294117647,0.37816937408088236,76,22
2025,00-0039165,Zach Charbonnet,RB,16,171.4,82.41,1.149394890625,5.561875000000001,34.9375,35.9375,40.9375,38.4375,35.9375,0.37753940234375,77,23
2025,00-0039793,AJ Barner,TE,17,173.3,83.2,1.1426544140624997,5.3,29.11764705882353,30.11764705882353,35.11764705882353,32.61764705882353,30.11764705882353,0.3886983478860294,78,17
2025,00-0036875,Rhamondre Stevenson,RB,14,162.8,83.21000000000001,1.139822421875,5.6850000000000005,34.42857142857143,35.42857142857143,40.42857142857143,37.92857142857143,35.42857142857143,0.3751446529017857,79,24
2025,00-0034348,Courtland Sutton,WR,17,182.70000000000002,80.6,1.1296273437500002,6.005882352941177,44.470588235294116,45.470588235294116,50.470588235294116,47.970588235294116,45.470588235294116,0.4033087987132353,80,15
2025,00-0039065,Sam LaPorta,TE,9,126.9,78.45,1.1137122499999998,5.383333333333334,29.444444444444443,30.444444444444443,35.44444444444444,32.94444444444444,30.444444444444443,0.3844454513888889,81,18
2025,00-0038935,Brenton Strange,TE,12,141.0,75.65,1.1075671093750001,5.445833333333333,28.5,29.5,34.5,32.0,29.5,0.38682400911458337,82,19
2025,00-0040784,Quinshon Judkins,RB,14,156.8,78.51,1.0992470546875002,5.592142857142858,35.285714285714285,36.285714285714285,41.285714285714285,38.785714285714285,36.285714285714285,0.3761722667410714,83,25
2025,00-0036945,Justin Fields,QB,9,144.66,71.9,1.0781795859374999,8.084444444444445,24.0,25.0,30.0,27.5,25.0,0.3312991059027778,84,25
2025,00-0039067,Rashee Rice,WR,8,123.60000000000001,78.45,1.0762770703124998,5.643750000000001,45.125,46.125,51.125,48.625,46.125,0.4058377705078125,85,16
2025,00-0036442,Joe Burrow,QB,8,144.46,77.00999999999999,1.063423359375,8.43125,24.0,25.0,30.0,27.5,25.0,0.3315196171875,86,26
2025,00-0040124,Tetairoa McMillan,WR,17,178.4,75.9,1.0471852187500001,6.029411764705882,44.470588235294116,45.470588235294116,50.470588235294116,47.970588235294116,45.470588235294116,0.4033010919117647,87,17
2025,00-0036244,Colby Parkinson,TE,14,151.3,78.4,1.0177611953124994,5.207142857142857,28.928571428571427,29.928571428571427,34.92857142857143,32.42857142857143,29.928571428571427,0.38686469810267854,88,20
2025,00-0036212,Tua Tagovailoa,QB,14,190.7,75.83,1.0095250859375,8.205,24.0,25.0,30.0,27.5,25.0,0.33558193917410717,89,27
2025,00-0038117,Wan'Dale Robinson,WR,16,171.9,75.15,1.0083391796874999,6.046875,44.8125,45.8125,50.8125,48.3125,45.8125,0.4028999208984375,90,18
2025,00-0039361,Bucky Irving,RB,10,123.5,66.25,1.0051039921874998,5.7250000000000005,36.5,37.5,42.5,40.0,37.5,0.376038825,91,26
2025,00-0038559,Michael Wilson,WR,17,181.6,79.2,1.0007448515625001,6.023529411764706,44.0,45.0,50.0,47.5,45.0,0.4029148524816176,92,19
2025,00-0038544,Quentin Johnston,WR,13,145.7,66.0,0.9932702343750002,6.130769230769231,44.30769230769231,45.30769230769231,50.30769230769231,47.80769230769231,45.30769230769231,0.40136363161057687,93,20
2025,00-0037664,Alec Pierce,WR,15,159.8,71.2,0.9911317109375,5.906666666666667,44.46666666666667,45.46666666666667,50.46666666666667,47.96666666666667,45.46666666666667,0.40274164635416665,94,21
2025,00-0039923,J.J. McCarthy,QB,10,149.38,72.8,0.9862105859375001,7.6579999999999995,24.0,25.0,30.0,27.5,25.0,0.33278897265624996,95,28
2025,00-0035261,Tony Pollard,RB,17,169.3,73.26,0.9778154296874999,5.649411764705882,34.529411764705884,35.529411764705884,40.529411764705884,38.029411764705884,35.529411764705884,0.37767994301470587,96,27
2025,00-0040189,Oronde Gadsden II,TE,15,155.9,77.25000000000001,0.9718862499999997,5.243333333333334,29.0,30.0,35.0,32.5,30.0,0.3867609703125,97,21
2025,00-0040666,Omarion Hampton,RB,9,119.7,68.06,0.9615033359374998,5.737777777777778,35.77777777777778,36.77777777777778,41.77777777777778,39.27777777777778,36.77777777777778,0.37355625,98,28
2025,00-0038129,Cade Otton,TE,15,151.7,72.25000000000001,0.9470834140624997,5.296666666666667,28.533333333333335,29.533333333333335,34.53333333333333,32.03333333333333,29.533333333333335,0.39011663750000003,99,22
2025,00-0040715,Cam Skattebo,RB,8,115.7,70.26,0.9465608906249999,5.68,33.25,34.25,39.25,36.75,34.25,0.3693198828125,100,29
2025,00-0035640,DK Metcalf,WR,15,157.70000000000002,68.35,0.9418176953125005,5.956666666666667,44.53333333333333,45.53333333333333,50.53333333333333,48.03333333333333,45.53333333333333,0.4018633723958333,101,22
2025,00-0040129,Emeka Egbuka,WR,17,164.2,63.1,0.9379376562499999,5.947058823529412,44.35294117647059,45.35294117647059,50.35294117647059,47.85294117647059,45.35294117647059,0.40280909512867646,102,23
2025,00-0039847,Theo Johnson,TE,15,150.3,68.95,0.9217195312499997,5.423333333333333,28.733333333333334,29.733333333333334,34.733333333333334,32.233333333333334,29.733333333333334,0.38835638958333335,103,23
2025,00-0036613,Jaylen Waddle,WR,16,162.12,65.77,0.9179704765625001,6.0218750000000005,44.8125,45.8125,50.8125,48.3125,45.8125,0.402908109375,104,24
2025,00-0039910,Jayden Daniels,QB,7,120.28,64.5,0.885195265625,7.968571428571429,24.0,25.0,30.0,27.5,25.0,0.3201501060267857,105,29
2025,00-0034753,Mark Andrews,TE,17,155.0,64.25,0.8844464062499999,5.338235294117647,28.764705882352942,29.764705882352942,34.76470588235294,32.26470588235294,29.764705882352942,0.3890202109375,106,24
2025,00-0032268,Marcus Mariota,QB,10,139.5,61.57000000000001,0.8804750546874998,7.792999999999999,24.0,25.0,30.0,27.5,25.0,0.3443602515625,107,30
2025,00-0031588,Stefon Diggs,WR,17,167.8,65.3,0.8756564609375002,6.029411764705882,44.470588235294116,45.470588235294116,50.470588235294116,47.970588235294116,45.470588235294116,0.4033010919117647,108,25
2025,00-0035685,David Montgomery,RB,17,154.92000000000002,59.88,0.8713279921874999,5.590588235294118,34.88235294117647,35.88235294117647,40.88235294117647,38.38235294117647,35.88235294117647,0.37816937408088236,109,30
2025,00-0036252,Michael Pittman,WR,17,162.4,60.75,0.8612170390625004,5.979411764705882,44.470588235294116,45.470588235294116,50.470588235294116,47.970588235294116,45.470588235294116,0.4019942421875,110,26
2025,00-0035719,Deebo Samuel Sr.,WR,16,152.20000000000002,55.85,0.8456827109375,6.0218750000000005,44.375,45.375,50.375,47.875,45.375,0.4027970048828125,111,27
2025,00-0026158,Joe Flacco,QB,13,166.66,63.89,0.841009390625,7.905384615384615,24.0,25.0,30.0,27.5,25.0,0.3359602974759615,112,31
2025,00-0036972,Mac Jones,QB,11,142.04,61.17,0.8409808984374999,7.3518181818181825,24.0,25.0,30.0,27.5,25.0,0.33052110866477274,113,32
2025,00-0037809,Chig Okonkwo,TE,17,152.0,61.10000000000001,0.838855546875,5.347058823529412,28.941176470588236,29.941176470588236,34.94117647058823,32.44117647058823,29.941176470588236,0.3887283708639706,114,25
2025,00-0036322,Justin Jefferson,WR,17,159.5,57.85,0.8340349140625003,5.979411764705882,44.529411764705884,45.529411764705884,50.529411764705884,48.029411764705884,45.529411764705884,0.40316759329044116,115,28
2025,00-0036158,J.K. Dobbins,RB,10,110.4,54.21000000000001,0.80137640625,5.619,33.1,34.1,39.1,36.6,34.1,0.37265933906250004,116,31
2025,00-0038124,Christian Watson,WR,10,114.9,57.55,0.79962659375,5.735,44.3,45.3,50.3,47.8,45.3,0.40654906953125,117,29
2025,00-0035229,T.J. Hockenson,TE,15,138.3,56.85,0.7967952265624997,5.430000000000001,28.133333333333333,29.133333333333333,34.13333333333333,31.633333333333333,29.133333333333333,0.38807851250000003,118,26
2025,00-0040676,Cam Ward,QB,17,200.66,63.59,0.7934305000000001,8.062941176470588,24.0,25.0,30.0,27.5,25.0,0.3364329319852941,119,33
2025,00-0036912,DeVonta Smith,WR,17,163.3,62.199999999999996,0.792699984375,5.947058823529412,44.35294117647059,45.35294117647059,50.35294117647059,47.85294117647059,45.35294117647059,0.40280909512867646,120,30
2025,00-0039919,Rome Odunze,WR,12,124.10000000000001,52.4,0.7820827656250001,5.9750000000000005,44.75,45.75,50.75,48.25,45.75,0.40018817122395833,121,31
2025,00-0037112,Jake Tonges,TE,10,110.30000000000001,53.6,0.7754782109375,5.67,28.0,29.0,34.0,31.5,29.0,0.38989409296875,122,27
2025,00-0039384,Tyrone Tracy Jr.,RB,15,142.8,58.4,0.7542986406250001,5.626666666666667,34.13333333333333,35.13333333333333,40.13333333333333,37.63333333333333,35.13333333333333,0.37907969062499997,123,32
2025,00-0036259,Jauan Jennings,WR,15,145.8,55.95,0.7488383125,5.99,44.266666666666666,45.266666666666666,50.266666666666666,47.766666666666666,45.266666666666666,0.40336899062500003,124,32
2025,00-0031610,Darren Waller,TE,9,100.7,52.150000000000006,0.7136194609375,5.394444444444444,28.333333333333332,29.333333333333332,34.333333333333336,31.833333333333332,29.333333333333332,0.38262750954861113,125,28
2025,00-0039915,Ladd McConkey,WR,16,147.9,51.550000000000004,0.7134333437500002,6.0218750000000005,44.8125,45.8125,50.8125,48.3125,45.8125,0.402908109375,126,33
2025,00-0039917,Michael Penix Jr.,QB,9,126.28,49.3,0.6991565078125,8.553333333333335,24.0,25.0,30.0,27.5,25.0,0.33941074479166666,127,34
2025,00-0036894,Pat Freiermuth,TE,15,134.1,55.00000000000001,0.6905818437499998,5.2733333333333325,29.066666666666666,30.066666666666666,35.06666666666667,32.56666666666667,30.066666666666666,0.39312508802083335,128,29
2025,00-0034960,Jakobi Meyers,WR,16,138.3,41.650000000000006,0.6319727421875001,6.040625,43.875,44.875,49.875,47.375,44.875,0.4023784370117187,129,34
2025,00-0037816,Romeo Doubs,WR,16,137.9,42.8,0.6153572265625001,5.9437500000000005,44.5,45.5,50.5,48.0,45.5,0.4025421713867187,130,35
2025,00-0037740,Garrett Wilson,WR,7,81.5,37.6,0.6100829296875001,6.271428571428572,45.0,46.0,51.0,48.5,46.0,0.3973209821428571,131,36
2025,00-0033885,David Njoku,TE,11,102.8,42.55,0.606035390625,5.4772727272727275,27.727272727272727,28.727272727272727,33.72727272727273,31.227272727272727,28.727272727272727,0.3864127776988637,132,30
2025,00-0040583,Woody Marks,RB,16,133.1,44.26,0.6041132578125,5.5525,34.4375,35.4375,40.4375,37.9375,35.4375,0.3763807548828125,133,33
2025,00-0034827,DJ Moore,WR,17,147.18,46.33,0.6012847656250002,5.932352941176471,44.1764705882353,45.1764705882353,50.1764705882353,47.6764705882353,45.1764705882353,0.4029643864889706,134,37
2025,00-0033881,Evan Engram,TE,16,127.8,41.25,0.5992525625000003,5.409375,28.5625,29.5625,34.5625,32.0625,29.5625,0.38742440771484377,135,31
2025,00-0038606,Parker Washington,WR,16,143.70000000000002,46.1,0.5948662656250001,6.1000000000000005,44.0,45.0,50.0,47.5,45.0,0.402961181640625,136,38
2025,00-0033923,Kareem Hunt,RB,17,136.4,40.35999999999999,0.5909175625,5.649411764705882,34.529411764705884,35.529411764705884,40.529411764705884,38.029411764705884,35.529411764705884,0.37767994301470587,137,34
2025,00-0040242,Jacory Croskey-Merritt,RB,17,135.8,40.41,0.5839194218750001,5.611176470588235,34.8235294117647,35.8235294117647,40.8235294117647,38.3235294117647,35.8235294117647,0.37634718841911763,138,35
2025,00-0040236,Kyle Monangai,RB,17,137.70000000000002,42.5,0.5821584531249999,5.6000000000000005,34.88235294117647,35.88235294117647,40.88235294117647,38.38235294117647,35.88235294117647,0.37828473621323533,139,36
2025,00-0030279,Keenan Allen,WR,17,142.2,40.1,0.5793175234375003,6.005882352941177,44.470588235294116,45.470588235294116,50.470588235294116,47.970588235294116,45.470588235294116,0.4033087987132353,140,39
2025,00-0040736,Mason Taylor,TE,13,110.9,42.0,0.5789413749999999,5.300000000000001,28.307692307692307,29.307692307692307,34.30769230769231,31.807692307692307,29.307692307692307,0.388293553485577,141,32
2025,00-0040668,Shedeur Sanders,QB,8,104.9,43.64000000000001,0.5776322187499998,7.6575,24.0,25.0,30.0,27.5,25.0,0.3454949892578125,142,35
2025,00-0039391,Kimani Vidal,RB,13,109.9,37.31,0.5589492812500001,5.583846153846154,35.23076923076923,36.23076923076923,41.23076923076923,38.73076923076923,36.23076923076923,0.37907819831730766,143,37
2025,00-0039868,Troy Franklin,WR,17,144.6,42.5,0.544653828125,6.005882352941177,44.470588235294116,45.470588235294116,50.470588235294116,47.970588235294116,45.470588235294116,0.4033087987132353,144,40
2025,00-0033293,Aaron Jones,RB,12,104.7,38.099999999999994,0.5263671796875,5.550000000000001,35.083333333333336,36.083333333333336,41.083333333333336,38.583333333333336,36.083333333333336,0.3769583177083333,145,38
2025,00-0032950,Carson Wentz,QB,5,80.34,39.239999999999995,0.5208650937500001,8.22,24.0,25.0,30.0,27.5,25.0,0.3395591015625,146,36
2025,00-0039849,Marvin Harrison Jr.,WR,12,107.30000000000001,32.400000000000006,0.5035291249999998,6.241666666666667,44.25,45.25,50.25,47.75,45.25,0.39963388802083327,147,41
2025,00-0035659,Terry McLaurin,WR,10,95.2,34.85,0.4873279062500002,6.035,44.5,45.5,50.5,48.0,45.5,0.400294128125,148,42
2025,00-0029604,Kirk Cousins,QB,10,113.53999999999999,37.92,0.4855635781249998,7.562,24.0,25.0,30.0,27.5,25.0,0.34467217578125,149,37
2025,00-0035228,Kyler Murray,QB,5,83.78,32.03,0.48325839843750024,10.35,24.0,25.0,30.0,27.5,25.0,0.33748693124999996,150,38
2025,00-0037525,Jordan Mason,RB,16,121.9,32.10999999999999,0.47749081250000014,5.611875,34.875,35.875,40.875,38.375,35.875,0.3779699106445312,151,39
2025,00-0037261,Khalil Shakir,WR,16,130.4,34.599999999999994,0.4762734375000002,5.987500000000001,44.6875,45.6875,50.6875,48.1875,45.6875,0.40231717626953123,152,43
2025,00-0036555,Chuba Hubbard,RB,15,110.4,25.150000000000002,0.4721726796875,5.683333333333334,34.733333333333334,35.733333333333334,40.733333333333334,38.233333333333334,35.733333333333334,0.37790264739583335,153,40
2025,00-0035689,Dawson Knox,TE,16,121.7,36.1,0.46865146874999997,5.35,28.625,29.625,34.625,32.125,29.625,0.38910293017578124,154,33
2025,00-0038563,Tre Tucker,WR,17,133.2,30.8,0.43293958593750004,6.023529411764706,44.0,45.0,50.0,47.5,45.0,0.4029148524816176,155,44
2025,00-0038994,Jordan Addison,WR,14,114.10000000000001,32.199999999999996,0.4186632343750001,5.8500000000000005,44.07142857142857,45.07142857142857,50.07142857142857,47.57142857142857,45.07142857142857,0.4056775318080357,156,45
2025,00-0033110,Tyler Higbee,TE,10,83.6,30.400000000000006,0.4069912578125,5.32,29.9,30.9,35.9,33.4,30.9,0.39146306875,157,34
2025,00-0037256,Rachaad White,RB,17,123.0,28.71,0.4063657343750002,5.5464705882352945,35.05882352941177,36.05882352941177,41.05882352941177,38.55882352941177,36.05882352941177,0.37546218106617646,158,41
2025,00-0039376,Spencer Rattler,QB,9,108.64,26.759999999999998,0.3982881093750001,9.097777777777777,24.0,25.0,30.0,27.5,25.0,0.33852744270833335,159,39
2025,00-0036898,Davis Mills,QB,6,70.6,30.21,0.3936786171875001,6.7316666666666665,24.0,25.0,30.0,27.5,25.0,0.3325718502604167,160,40
2025,00-0037252,Greg Dulcich,TE,9,75.80000000000001,28.600000000000005,0.3796711328124999,5.2444444444444445,28.88888888888889,29.88888888888889,34.888888888888886,32.388888888888886,29.88888888888889,0.3901734609375,161,35
2025,00-0039893,Brian Thomas Jr.,WR,14,114.8,28.7,0.37497518749999986,6.15,44.07142857142857,45.07142857142857,50.07142857142857,47.57142857142857,45.07142857142857,0.40096122433035714,162,46
2025,00-0033906,Alvin Kamara,RB,11,84.2,22.86,0.3592676171875001,5.576363636363637,33.0,34.0,39.0,36.5,34.0,0.3742196732954545,163,42
2025,00-0028118,Tyrod Taylor,QB,6,69.46000000000001,22.5,0.35812392187499986,7.826666666666667,24.0,25.0,30.0,27.5,25.0,0.3386478346354167,164,41
2025,00-0040584,Gunnar Helm,TE,16,113.7,27.200000000000003,0.3544806249999998,5.40625,28.5625,29.5625,34.5625,32.0625,29.5625,0.38846044921875,165,36
2025,00-0035644,Noah Fant,TE,13,91.8,24.75,0.34426460156250005,5.157692307692307,29.53846153846154,30.53846153846154,35.53846153846154,33.03846153846154,30.53846153846154,0.3918729567307692,166,37
2025,00-0039337,Malik Nabers,WR,4,48.1,21.750000000000004,0.3393010859375001,6.5875,45.0,46.0,51.0,48.5,46.0,0.38981087109375,167,47
2025,00-0038611,Chris Rodriguez Jr.,RB,12,90.5,23.66,0.3366203125,5.57,35.416666666666664,36.416666666666664,41.416666666666664,38.916666666666664,36.416666666666664,0.37787214713541667,168,43
2025,00-0037263,Tyler Allgeier,RB,17,116.0,20.799999999999997,0.33121825000000027,5.6000000000000005,34.88235294117647,35.88235294117647,40.88235294117647,38.38235294117647,35.88235294117647,0.37828473621323533,169,44
2025,00-0039738,Blake Corum,RB,17,118.2,23.160000000000004,0.3297204140625001,5.590588235294118,34.88235294117647,35.88235294117647,40.88235294117647,38.38235294117647,35.88235294117647,0.37816937408088236,170,45
2025,00-0038608,Kayshon Boutte,WR,14,107.60000000000001,21.949999999999996,0.32861612499999987,6.117857142857143,44.642857142857146,45.642857142857146,50.642857142857146,48.142857142857146,45.642857142857146,0.4006672589285714,171,48
2025,00-0039066,Michael Mayer,TE,13,91.3,22.599999999999994,0.3259920156250001,5.2846153846153845,29.76923076923077,30.76923076923077,35.76923076923077,33.26923076923077,30.76923076923077,0.3935356027644231,172,38
2025,00-0031503,Jameis Winston,QB,3,46.78,21.050000000000008,0.30891724218750005,8.576666666666666,24.0,25.0,30.0,27.5,25.0,0.36859475,173,42
2025,00-0038128,Malik Willis,QB,4,51.17999999999999,22.879999999999995,0.29808967968749983,7.074999999999999,24.0,25.0,30.0,27.5,25.0,0.3464204765625,174,43
2025,00-0035662,Marquise Brown,WR,16,113.2,17.45,0.2866515234375002,5.984375,44.4375,45.4375,50.4375,47.9375,45.4375,0.4020630986328125,175,49
2025,00-0035100,Jake Browning,QB,5,64.74000000000001,17.21,0.27502368750000017,9.506,24.0,25.0,30.0,27.5,25.0,0.345761334375,176,44
2025,00-0031408,Mike Evans,WR,8,69.80000000000001,19.950000000000003,0.26779310937500006,6.23125,44.5,45.5,50.5,48.0,45.5,0.40397800878906254,177,50
2025,00-0033040,Tyreek Hill,WR,4,43.0,16.65,0.24890039062499997,6.5875,45.0,46.0,51.0,48.5,46.0,0.38981087109375,178,51
2025,00-0037157,Bam Knight,RB,12,81.9,15.209999999999997,0.2469760078125,5.5575,34.666666666666664,35.666666666666664,40.666666666666664,38.166666666666664,35.666666666666664,0.37808108398437495,179,46
2025,00-0038558,Darnell Washington,TE,13,88.9,19.55,0.24626784374999988,5.334615384615384,28.76923076923077,29.76923076923077,34.76923076923077,32.26923076923077,29.76923076923077,0.3925195,180,39
2025,00-0034829,Mike Gesicki,TE,12,84.7,19.35,0.24291222656249983,5.445833333333333,28.5,29.5,34.5,32.0,29.5,0.38682400911458337,181,40
2025,00-0037838,Isaiah Likely,TE,12,75.2,14.7,0.24101540624999984,5.041666666666667,29.25,30.25,35.25,32.75,30.25,0.3903498528645833,182,41
2025,00-0039032,Tyjae Spears,RB,13,89.2,16.86,0.22875377343749975,5.564615384615385,34.30769230769231,35.30769230769231,40.30769230769231,37.80769230769231,35.30769230769231,0.3808995072115385,183,47
2025,00-0039916,Ricky Pearsall,WR,9,70.60000000000001,15.0,0.222446875,6.177777777777778,44.111111111111114,45.111111111111114,50.111111111111114,47.611111111111114,45.111111111111114,0.3984135034722222,184,52
2025,00-0039901,Keon Coleman,WR,12,83.4,11.3,0.21790582812500026,6.008333333333334,44.583333333333336,45.583333333333336,50.583333333333336,48.083333333333336,45.583333333333336,0.3986765787760416,185,53
2025,00-0033858,Jonnu Smith,TE,17,104.2,14.000000000000004,0.20589684374999984,5.305882352941176,28.941176470588236,29.941176470588236,34.94117647058823,32.44117647058823,29.941176470588236,0.3911500114889706,186,42
2025,00-0039373,Audric Estimé,RB,5,42.1,14.1,0.20211139843750003,5.6000000000000005,36.8,37.8,42.8,40.3,37.8,0.384923884375,187,48
2025,00-0033553,James Conner,RB,3,29.3,11.850000000000001,0.19743110156250004,5.816666666666667,33.333333333333336,34.333333333333336,39.333333333333336,36.833333333333336,34.333333333333336,0.3693666770833333,188,49
2025,00-0040735,Luther Burden III,WR,15,104.4,16.5,0.19395081249999996,5.86,44.266666666666666,45.266666666666666,50.266666666666666,47.766666666666666,45.266666666666666,0.4021305276041666,189,54
2025,00-0039491,Jalen Coker,WR,11,73.9,9.849999999999998,0.1811021875,5.822727272727272,44.0,45.0,50.0,47.5,45.0,0.4076849488636363,190,55
2025,00-0036924,Michael Carter,RB,13,82.5,11.16,0.16675678124999987,5.487692307692308,35.76923076923077,36.76923076923077,41.76923076923077,39.26923076923077,36.76923076923077,0.3781470144230769,191,50
2025,00-0036290,Cole Kmet,TE,16,93.7,8.950000000000003,0.16421169531249985,5.296875,29.1875,30.1875,35.1875,32.6875,30.1875,0.39117930517578126,192,43
2025,00-0038997,Josh Downs,WR,16,109.4,13.5,0.1620271093750002,5.99375,44.375,45.375,50.375,47.875,45.375,0.4014002885742187,193,56
2025,00-0033921,Chris Godwin Jr.,WR,9,66.5,12.549999999999997,0.15482007031250006,5.9944444444444445,42.888888888888886,43.888888888888886,48.888888888888886,46.388888888888886,43.888888888888886,0.4016286640625,194,57
2025,00-0040234,Quinn Ewers,QB,4,38.68,11.23,0.1529647812499999,6.8625,24.0,25.0,30.0,27.5,25.0,0.333834373046875,195,45
2025,00-0022942,Philip Rivers,QB,3,37.66,11.79,0.15272437500000002,8.623333333333333,24.0,25.0,30.0,27.5,25.0,0.34730525,196,46
2025,00-0039146,Jayden Reed,WR,5,39.0,9.350000000000001,0.14700998437499985,5.93,44.4,45.4,50.4,47.9,45.4,0.40616608125,197,58
2025,00-0040206,Riley Leonard,QB,5,37.0,5.490000000000004,0.12835452343750012,6.302,24.0,25.0,30.0,27.5,25.0,0.3261141828125,198,47
2025,00-0037545,Rashid Shaheed,WR,18,115.1,7.799999999999996,0.1230541640625003,5.961111111111112,44.44444444444444,45.44444444444444,50.44444444444444,47.94444444444444,45.44444444444444,0.4032384526909722,199,59
2025,00-0040130,Jayden Higgins,WR,17,109.0,7.35,0.12250861718750022,5.979411764705882,44.529411764705884,45.529411764705884,50.529411764705884,48.029411764705884,45.529411764705884,0.40316759329044116,200,60
2025,00-0033869,Mitchell Trubisky,QB,4,31.119999999999997,5.059999999999999,0.11418633593749994,6.515000000000001,24.0,25.0,30.0,27.5,25.0,0.31773926953125,201,48
2025,00-0026300,Josh Johnson,QB,3,28.380000000000003,6.960000000000003,0.11222775781250005,7.14,24.0,25.0,30.0,27.5,25.0,0.33452629427083336,202,49
2025,00-0035250,Devin Singletary,RB,17,99.8,3.8099999999999987,0.1050767578125002,5.646470588235295,34.35294117647059,35.35294117647059,40.35294117647059,37.85294117647059,35.35294117647059,0.3766967922794118,203,51
2025,00-0039894,Xavier Worthy,WR,14,88.9,6.299999999999999,0.09474238281249991,5.9,44.642857142857146,45.642857142857146,50.642857142857146,48.142857142857146,45.642857142857146,0.40406854631696426,204,61
2025,00-0039921,Trey Benson,RB,4,28.900000000000002,5.2,0.08282961718749998,5.925000000000001,35.25,36.25,41.25,38.75,36.25,0.367216359375,205,52
2025,00-0036423,Albert Okwuegbunam,TE,1,11.1,5.749999999999999,0.08200295312500006,5.3500000000000005,28.0,29.0,34.0,31.5,29.0,0.34900303125,206,44
2025,00-0034613,Tanner Hudson,TE,10,57.3,5.000000000000001,0.08114239843749993,5.2299999999999995,28.7,29.7,34.7,32.2,29.7,0.392552275,207,45
2025,00-0039410,Ryan Flournoy,WR,15,94.0,4.149999999999997,0.07321873437500026,5.99,44.4,45.4,50.4,47.9,45.4,0.40289943489583335,208,62
2025,00-0040021,Phil Mafah,RB,1,9.9,4.5,0.06596491406249999,5.4,34.0,35.0,40.0,37.5,35.0,0.3883633125,209,53
2025,00-0039356,Ja'Tavion Sanders,TE,12,68.5,3.2,0.0625027421874999,5.441666666666666,28.583333333333332,29.583333333333332,34.583333333333336,32.083333333333336,29.583333333333332,0.39159000781250003,210,46
2025,00-0040311,Theo Wease Jr.,WR,3,22.9,4.650000000000001,0.062290734375000045,6.083333333333333,41.333333333333336,42.333333333333336,47.333333333333336,44.833333333333336,42.333333333333336,0.4101143697916667,211,63
2025,00-0035993,Tyler Huntley,QB,5,40.14,1.8200000000000056,0.05802907031250004,7.664,24.0,25.0,30.0,27.5,25.0,0.337692084375,212,50
2025,00-0029263,Russell Wilson,QB,6,55.84,-1.2200000000000006,0.05555690625000004,9.51,24.0,25.0,30.0,27.5,25.0,0.34136438151041665,213,51
2025,00-0037197,Isiah Pacheco,RB,13,77.8,4.209999999999996,0.052158125,5.660769230769231,35.07692307692308,36.07692307692308,41.07692307692308,38.57692307692308,36.07692307692308,0.37367065865384613,214,54
2025,00-0033555,Mack Hollins,WR,14,90.4,5.850000000000001,0.04719449999999992,6.0392857142857155,44.57142857142857,45.57142857142857,50.57142857142857,48.07142857142857,45.57142857142857,0.4018412142857143,215,64
2025,00-0040202,Devin Neal,RB,9,51.5,2.8499999999999996,0.04573039843749993,5.405555555555556,34.22222222222222,35.22222222222222,40.22222222222222,37.72222222222222,35.22222222222222,0.3814114965277777,216,55
2025,00-0037004,Hunter Long,TE,7,38.5,1.9000000000000008,0.04290626562499983,5.228571428571429,30.142857142857142,31.142857142857142,36.142857142857146,33.642857142857146,31.142857142857142,0.3800241473214286,217,47
2025,00-0034791,Nick Chubb,RB,15,81.80000000000001,-1.540000000000001,0.04162352343750009,5.556,34.86666666666667,35.86666666666667,40.86666666666667,38.36666666666667,35.86666666666667,0.37450414479166666,218,56
2025,00-0040648,Tory Horton,WR,8,52.6,2.1999999999999957,0.041577828124999994,6.300000000000001,45.5,46.5,51.5,49.0,46.5,0.39920239453125,219,65
2025,00-0036754,Brock Wright,TE,8,43.800000000000004,1.6500000000000026,0.039562328124999935,5.26875,29.125,30.125,35.125,32.625,30.125,0.3906480009765625,220,48
2025,00-0039424,Devaughn Vele,WR,9,53.8,0.7999999999999972,0.035813531249999864,5.888888888888889,46.0,47.0,52.0,49.5,47.0,0.3993905494791667,221,66
2025,00-0040398,Brady Cook,QB,5,42.46,2.890000000000004,0.035538289062499895,7.914,24.0,25.0,30.0,27.5,25.0,0.34400109843750004,222,52
2025,00-0040719,Bhayshul Tuten,RB,15,83.6,0.2099999999999982,0.02846935156250019,5.559333333333333,34.53333333333333,35.53333333333333,40.53333333333333,38.03333333333333,35.53333333333333,0.37865877864583336,223,57
2025,00-0039405,Jawhar Jordan,RB,4,26.2,2.7499999999999982,0.020446796875000006,5.862500000000001,36.0,37.0,42.0,39.5,37.0,0.38518491796875,224,58
2025,00-0040737,Terrance Ferguson,TE,11,57.6,1.6500000000000021,0.011487585937499767,5.086363636363637,29.272727272727273,30.272727272727273,35.27272727272727,32.77272727272727,30.272727272727273,0.3862377720170455,225,49
2025,00-0035249,Josh Oliver,TE,12,62.5,-0.8999999999999995,0.008521304687499842,5.283333333333333,28.75,29.75,34.75,32.25,29.75,0.3881855579427083,226,50
2025,00-0032392,Austin Hooper,TE,13,69.8,1.7000000000000028,0.00647564062499989,5.238461538461538,29.615384615384617,30.615384615384617,35.61538461538461,33.11538461538461,30.615384615384617,0.3927218010817307,227,51
2025,00-0034975,Justice Hill,RB,10,54.7,-1.139999999999998,0.0034093281250002216,5.5840000000000005,33.2,34.2,39.2,36.7,34.2,0.37248743984375,228,59
2025,00-0036534,Shane Zylstra,TE,1,6.5,0.04999999999999982,0.0006252343750000056,6.45,26.0,27.0,32.0,29.5,27.0,0.408654859375,229,52
2025,00-0038104,Tyquan Thornton,WR,12,71.30000000000001,-1.7500000000000009,-0.0010535234375000924,6.087500000000001,44.833333333333336,45.833333333333336,50.833333333333336,48.333333333333336,45.833333333333336,0.40042529752604167,230,67
2025,00-0040170,Elic Ayomanor,WR,16,96.0,-0.6500000000000012,-0.002530890624999782,6.040625,44.5625,45.5625,50.5625,48.0625,45.5625,0.4029116767578125,231,68
2025,00-0039855,Jalen McMillan,WR,4,23.900000000000002,-0.4499999999999993,-0.005634140625000117,6.0875,42.5,43.5,48.5,46.0,43.5,0.411490732421875,232,69
2025,00-0033699,Austin Ekeler,RB,2,10.600000000000001,-0.7999999999999998,-0.006000617187500057,5.7,33.0,34.0,39.0,36.5,34.0,0.3599255546875,233,60
2025,00-0040244,Moliki Matavao,TE,1,4.0,-0.8499999999999996,-0.010681195312500003,4.85,30.0,31.0,36.0,33.5,31.0,0.38996009375,234,53
2025,00-0035243,Miles Sanders,RB,4,22.700000000000003,-0.9999999999999991,-0.01596557812499999,5.925000000000001,35.25,36.25,41.25,38.75,36.25,0.367216359375,235,61
2025,00-0038647,Ronnie Bell,WR,2,9.3,-2.1999999999999993,-0.019739851562499966,5.75,41.5,42.5,47.5,45.0,42.5,0.4112219921875,236,70
2025,00-0040704,Dillon Gabriel,QB,10,74.08,-2.610000000000001,-0.021213843750000072,7.669,24.0,25.0,30.0,27.5,25.0,0.33218877343750003,237,53
2025,00-0038394,Will Mallory,TE,1,3.1,-1.7499999999999996,-0.02192306249999998,4.85,30.0,31.0,36.0,33.5,31.0,0.38996009375,238,54
2025,00-0037329,Brittain Brown,RB,2,9.7,-2.950000000000001,-0.023852218750000098,6.325,31.5,32.5,37.5,35.0,32.5,0.40412341015625003,239,62
2025,00-0038728,Jared Wayne,WR,1,3.0,-1.9000000000000004,-0.024476945312499998,4.9,52.0,53.0,58.0,55.5,53.0,0.40873965624999997,240,71
2025,00-0033908,Cooper Kupp,WR,16,94.8,-1.4000000000000012,-0.02518379687500022,6.0125,43.875,44.875,49.875,47.375,44.875,0.4024384350585937,241,72
2025,00-0038115,Daniel Bellinger,TE,13,69.1,-0.1999999999999993,-0.02538035937499994,5.3307692307692305,28.76923076923077,29.76923076923077,34.76923076923077,32.26923076923077,29.76923076923077,0.3884508467548077,242,55
2025,00-0038579,Aidan O'Connell,QB,1,4.78,-2.419999999999999,-0.03230133593750001,7.199999999999999,24.0,25.0,30.0,27.5,25.0,0.3426721796875,243,54
2025,00-0040406,Quentin Skinner,WR,1,3.5,-2.25,-0.032388375000000025,5.75,39.0,40.0,45.0,42.5,40.0,0.409719828125,244,73
2025,00-0040317,Jacoby Jones,WR,1,3.0,-2.6500000000000004,-0.033296820312499975,5.65,44.0,45.0,50.0,47.5,45.0,0.42439003124999997,245,74
2025,00-0038891,Shedrick Jackson,WR,3,13.9,-2.4000000000000004,-0.03352246874999998,5.433333333333334,42.333333333333336,43.333333333333336,48.333333333333336,45.833333333333336,43.333333333333336,0.4082058567708333,246,75
2025,00-0037005,Tommy Tremble,TE,15,77.4,-4.6999999999999975,-0.036170070312500135,5.473333333333333,29.066666666666666,30.066666666666666,35.06666666666667,32.56666666666667,30.066666666666666,0.38707227552083334,247,56
2025,00-0040628,Drake Dabney,TE,1,1.8,-2.6000000000000005,-0.036780679687499984,4.4,35.0,36.0,41.0,38.5,36.0,0.3930151171875,248,57
2025,00-0039874,Jaylen Wright,RB,9,45.7,-3.5,-0.039197953124999796,5.466666666666667,36.55555555555556,37.55555555555556,42.55555555555556,40.05555555555556,37.55555555555556,0.37748009548611106,249,63
2025,00-0035264,Jarrett Stidham,QB,1,-0.1,-3.69,-0.04103861718749996,3.59,24.0,25.0,30.0,27.5,25.0,0.29157446875,250,55
2025,00-0040466,Raheim Sanders,RB,4,18.8,-3.500000000000001,-0.04199359374999995,5.575,35.75,36.75,41.75,39.25,36.75,0.375914357421875,251,64
2025,00-0036679,Shane Buechele,QB,1,3.92,-3.2799999999999994,-0.0435161328125,7.199999999999999,24.0,25.0,30.0,27.5,25.0,0.3426721796875,252,56
2025,00-0040388,Jakobie Keeney-James,WR,1,2.5,-3.25,-0.04651978906250004,5.75,39.0,40.0,45.0,42.5,40.0,0.409719828125,253,76
2025,00-0037231,Kevin Austin Jr.,WR,5,26.5,-4.05,-0.051575476562499944,6.11,42.6,43.6,48.6,46.1,43.6,0.40872981093750005,254,77
2025,00-0038498,E.J. Jenkins,TE,1,0.0,-4.8,-0.05298668750000002,4.8,31.0,32.0,37.0,34.5,32.0,0.385209640625,255,58
2025,00-0040225,Thomas Fidone II,TE,1,0.0,-4.8,-0.05298668750000002,4.8,31.0,32.0,37.0,34.5,32.0,0.385209640625,256,59
2025,00-0037282,James Mitchell,TE,2,7.300000000000001,-3.9,-0.05337896874999998,5.6,27.5,28.5,33.5,31.0,28.5,0.3659327109375,257,60
2025,00-0040067,Jacardia Wright,RB,1,2.0,-4.050000000000001,-0.05639225000000003,6.050000000000001,34.0,35.0,40.0,37.5,35.0,0.388248921875,258,65
2025,00-0032434,Brandon Allen,QB,1,2.88,-4.319999999999999,-0.05674092968750005,7.199999999999999,24.0,25.0,30.0,27.5,25.0,0.3426721796875,259,57
2025,00-0039074,Davis Allen,TE,15,74.8,-4.749999999999999,-0.057632390625000085,5.303333333333333,29.2,30.2,35.2,32.7,30.2,0.38715348541666667,260,61
2025,00-0036407,Jerry Jeudy,WR,17,95.7,-5.399999999999996,-0.05774007812499976,5.947058823529412,44.35294117647059,45.35294117647059,50.35294117647059,47.85294117647059,45.35294117647059,0.40280909512867646,261,78
2025,00-0024243,Marcedes Lewis,TE,1,0.0,-4.65,-0.05790673437499999,4.65,28.0,29.0,34.0,31.5,29.0,0.39017092187499997,262,62
2025,00-0040039,Amar Johnson,RB,1,0.8,-4.8500000000000005,-0.059930468749999966,5.65,37.0,38.0,43.0,40.5,38.0,0.37978599999999996,263,66
2025,00-0038735,Princeton Fant,TE,1,0.0,-4.75,-0.06038492968749998,4.75,34.0,35.0,40.0,37.5,35.0,0.385593375,264,63
2025,00-0038911,Malik Cunningham,WR,1,0.1,-4.700000000000001,-0.060702562499999946,4.800000000000001,44.0,45.0,50.0,47.5,45.0,0.40217358593749997,265,79
2025,00-0040363,Keleki Latu,TE,3,9.5,-5.449999999999999,-0.06075908593749996,4.983333333333333,30.666666666666668,31.666666666666668,36.666666666666664,34.166666666666664,31.666666666666668,0.3978615833333334,266,64
2025,00-0038658,Adrian Martinez,QB,1,-0.1,-5.68,-0.061706562500000006,5.58,24.0,25.0,30.0,27.5,25.0,0.2896619921875,267,58
2025,00-0036527,DJ Turner,WR,1,0.0,-4.800000000000001,-0.061922656249999986,4.800000000000001,44.0,45.0,50.0,47.5,45.0,0.40217358593749997,268,80
2025,00-0034837,Calvin Ridley,WR,7,38.800000000000004,-5.3,-0.0638605781249999,6.3,45.142857142857146,46.142857142857146,51.142857142857146,48.642857142857146,46.142857142857146,0.3994248794642857,269,81
2025,00-0038396,Eric Gray,RB,1,0.0,-5.15,-0.06607421093750004,5.15,32.0,33.0,38.0,35.5,33.0,0.389823015625,270,67
2025,00-0039266,Kendall Milton,RB,1,0.2,-5.45,-0.06710663281249996,5.65,37.0,38.0,43.0,40.5,38.0,0.37978599999999996,271,68
2025,00-0035535,Darius Slayton,WR,14,80.3,-5.150000000000001,-0.06742453906249984,6.103571428571429,44.5,45.5,50.5,48.0,45.5,0.40112771205357145,272,82
2025,00-0039489,Hayden Rucci,TE,1,0.0,-5.45,-0.06911053906250003,5.45,25.0,26.0,31.0,28.5,26.0,0.3906813125,273,65
2025,00-0036567,Elijah Mitchell,RB,1,0.0,-5.65,-0.06944559374999998,5.65,37.0,38.0,43.0,40.5,38.0,0.37978599999999996,274,69
2025,00-0035639,Parris Campbell,WR,1,0.0,-5.65,-0.06968542187499999,5.65,43.0,44.0,49.0,46.5,44.0,0.4044430625,275,83
2025,00-0037098,Samori Toure,WR,1,0.8,-4.95,-0.07011957812500003,5.75,39.0,40.0,45.0,42.5,40.0,0.409719828125,276,84
2025,00-0038456,Travis Vokolek,TE,1,0.0,-5.3500000000000005,-0.07050458593750003,5.3500000000000005,28.0,29.0,34.0,31.5,29.0,0.34900303125,277,66
2025,00-0037015,Sal Cannella,TE,2,4.1,-5.15,-0.07096219531249992,4.625,32.5,33.5,38.5,36.0,33.5,0.39148760546875,278,67
2025,00-0036950,Avery Williams,RB,1,0.0,-5.34,-0.0713635546875,5.34,31.0,32.0,37.0,34.5,32.0,0.356884703125,279,70
2025,00-0039359,Cade Stover,TE,6,25.9,-6.1,-0.07159532031250004,5.333333333333333,29.333333333333332,30.333333333333332,35.333333333333336,32.833333333333336,30.333333333333332,0.3887441015625,280,68
2025,00-0036463,Chris Blair,WR,1,0.0,-5.75,-0.07200589062500001,5.75,44.0,45.0,50.0,47.5,45.0,0.41272415625,281,85
2025,00-0035311,Myles Gaskin,RB,1,0.6000000000000001,-4.950000000000001,-0.07692710156250004,5.550000000000001,40.0,41.0,46.0,43.5,41.0,0.366903390625,282,71
2025,00-0040586,Jaydon Blue,RB,5,19.900000000000002,-7.239999999999999,-0.0773896718749999,5.428,31.8,32.8,37.8,35.3,32.8,0.3748113875,283,72
2025,00-0038409,Lew Nichols III,RB,1,0.0,-6.25,-0.07876119531250003,6.25,28.0,29.0,34.0,31.5,29.0,0.40486814062500004,284,73
2025,00-0036755,Jaret Patterson,RB,6,24.2,-8.350000000000001,-0.0793492812499999,5.425000000000001,34.0,35.0,40.0,37.5,35.0,0.3746554140625,285,74
2025,00-0039710,Jeshaun Jones,WR,1,0.0,-5.75,-0.08104708593750004,5.75,39.0,40.0,45.0,42.5,40.0,0.409719828125,286,86
2025,00-0035537,Ty Johnson,RB,17,88.30000000000001,-6.740000000000002,-0.08434728906249972,5.590588235294118,34.88235294117647,35.88235294117647,40.88235294117647,38.38235294117647,35.88235294117647,0.37624607123161763,287,75
2025,00-0037380,Kaden Davis,WR,1,0.0,-6.2,-0.08439971875000002,6.2,43.0,44.0,49.0,46.5,44.0,0.397686125,288,87
2025,00-0040629,Dalevon Campbell,WR,1,0.0,-6.2,-0.08439971875000002,6.2,43.0,44.0,49.0,46.5,44.0,0.397686125,289,88
2025,00-0040476,Ulysses Bentley IV,RB,1,0.0,-5.25,-0.08455435156250002,5.25,34.0,35.0,40.0,37.5,35.0,0.3662964375,290,76
2025,00-0038678,Jordan Mims,RB,1,0.0,-6.15,-0.08524800781250003,6.15,32.0,33.0,38.0,35.5,33.0,0.353554671875,291,77
2025,00-0038809,Ben Sims,TE,3,7.5,-6.700000000000001,-0.08629196093749997,4.733333333333333,29.666666666666668,30.666666666666668,35.666666666666664,33.166666666666664,30.666666666666668,0.3910691276041667,292,69
2025,00-0040522,Xavier Restrepo,WR,2,5.6,-6.15,-0.09237694531250001,5.875,41.5,42.5,47.5,45.0,42.5,0.38687201953125,293,89
2025,00-0040162,Dylan Sampson,RB,15,71.10000000000001,-10.489999999999998,-0.0937486328124999,5.439333333333334,34.666666666666664,35.666666666666664,40.666666666666664,38.166666666666664,35.666666666666664,0.3728177541666666,294,78
2025,00-0040172,Jordan Watkins,WR,2,3.6000000000000005,-7.500000000000001,-0.09594050781249991,5.550000000000001,49.0,50.0,55.0,52.5,50.0,0.40963859375,295,90
2025,00-0040547,Nate Carter,RB,2,4.000000000000001,-7.55,-0.09989406249999994,5.775,32.5,33.5,38.5,36.0,33.5,0.373547390625,296,79
2025,00-0037539,Lucas Krull,TE,2,4.5,-6.5,-0.10066465625000004,5.5,29.0,30.0,35.0,32.5,30.0,0.3815501328125,297,70
2025,00-0038797,Emanuel Wilson,RB,17,87.00000000000001,-8.199999999999998,-0.10078528906249967,5.6000000000000005,34.88235294117647,35.88235294117647,40.88235294117647,38.38235294117647,35.88235294117647,0.37828473621323533,298,80
2025,00-0039631,Cam Grandy,TE,2,3.7,-7.9,-0.10280930468750005,5.800000000000001,28.5,29.5,34.5,32.0,29.5,0.39817578124999997,299,71
2025,00-0036360,Clyde Edwards-Helaire,RB,2,3.2,-8.2,-0.1047241484375,5.7,30.0,31.0,36.0,33.5,31.0,0.39734557812500004,300,81
2025,00-0037277,Teagan Quitoriano,TE,2,0.0,-8.7,-0.10914792968750003,4.35,31.0,32.0,37.0,34.5,32.0,0.40101304687500006,301,72
2025,00-0037031,Nikola Kalinic,TE,2,0.0,-8.25,-0.11111621875,4.125,33.5,34.5,39.5,37.0,34.5,0.40254055859375004,302,73
2025,00-0032688,Robbie Chosen,WR,3,7.8,-9.05,-0.11189018749999996,5.616666666666667,44.333333333333336,45.333333333333336,50.333333333333336,47.833333333333336,45.333333333333336,0.4151834270833333,303,91
2025,00-0036893,Najee Harris,RB,3,10.100000000000001,-7.35,-0.11189160156250005,5.816666666666667,33.333333333333336,34.333333333333336,39.333333333333336,36.833333333333336,34.333333333333336,0.3693666770833333,304,82
2025,00-0036196,Gabe Davis,WR,6,24.900000000000002,-8.8,-0.11378585156249987,5.616666666666667,42.333333333333336,43.333333333333336,48.333333333333336,45.833333333333336,43.333333333333336,0.4037919401041667,305,92
2025,00-0039824,Jared Wiley,TE,2,1.9,-7.75,-0.11402766406249998,4.825,32.0,33.0,38.0,35.5,33.0,0.38141330078125,306,74
2025,00-0039884,Tahj Washington,WR,2,3.2,-8.750000000000002,-0.11421754687500002,5.9750000000000005,42.5,43.5,48.5,46.0,43.5,0.4101286796875,307,93
2025,00-0037837,Calvin Austin III,WR,14,70.7,-13.000000000000004,-0.11421896874999982,5.978571428571429,44.142857142857146,45.142857142857146,50.142857142857146,47.642857142857146,45.142857142857146,0.4015521322544643,308,94
2025,00-0038551,Kendre Miller,RB,7,30.8,-9.14,-0.1145914999999999,5.7057142857142855,33.57142857142857,34.57142857142857,39.57142857142857,37.07142857142857,34.57142857142857,0.370816171875,309,83
2025,00-0037755,Jelani Woods,TE,2,1.9,-9.4,-0.11507494531250001,5.65,28.0,29.0,34.0,31.5,29.0,0.3993074765625,310,75
2025,00-0038400,Tanner McKee,QB,4,15.760000000000002,-12.989999999999995,-0.11677974218749998,7.1875,24.0,25.0,30.0,27.5,25.0,0.33364640820312497,311,59
2025,00-0033455,Anthony Firkser,TE,5,17.3,-8.600000000000001,-0.11957676562499997,5.18,28.8,29.8,34.8,32.3,29.8,0.3903347453125,312,76
2025,00-0036497,Tim Jones,WR,2,2.0,-9.650000000000002,-0.12019957031249995,5.825000000000001,44.5,45.5,50.5,48.0,45.5,0.410100140625,313,95
2025,00-0034983,Hunter Renfrow,WR,6,28.400000000000002,-10.05,-0.12178667968750012,6.408333333333334,45.333333333333336,46.333333333333336,51.333333333333336,48.833333333333336,46.333333333333336,0.39526402083333334,314,96
2025,00-0039355,Luke McCaffrey,WR,9,45.800000000000004,-9.5,-0.12476890625000009,6.144444444444445,46.22222222222222,47.22222222222222,52.22222222222222,49.72222222222222,47.22222222222222,0.40026209027777776,315,97
2025,00-0039794,Braelon Allen,RB,4,14.3,-9.400000000000002,-0.12505589843750003,5.925000000000001,35.25,36.25,41.25,38.75,36.25,0.367216359375,316,84
2025,00-0039577,Kedon Slovis,QB,2,-0.08,-10.84,-0.12629363281250006,5.380000000000001,24.0,25.0,30.0,27.5,25.0,0.33086848437500005,317,60
2025,00-0040429,Josh Williams,RB,2,1.1,-9.74,-0.12667946093749993,5.42,31.0,32.0,37.0,34.5,32.0,0.35786528124999994,318,85
2025,00-0037324,Chris Oladokun,QB,3,11.200000000000001,-10.219999999999999,-0.12711265624999996,7.14,24.0,25.0,30.0,27.5,25.0,0.33452629427083336,319,61
2025,00-0035956,Giovanni Ricci,TE,2,0.0,-11.049999999999999,-0.127962078125,5.5249999999999995,28.5,29.5,34.5,32.0,29.5,0.38173683984375,320,77
2025,00-0038458,Owen Wright,RB,2,0.6000000000000001,-10.200000000000001,-0.12809175781249993,5.4,34.5,35.5,40.5,38.0,35.5,0.3848045078125,321,86
2025,00-0037276,Ty Chandler,RB,3,7.300000000000001,-8.7,-0.12865913281249997,5.333333333333333,34.0,35.0,40.0,37.5,35.0,0.3721484479166666,322,87
2025,00-0033757,Robert Tonyan,TE,2,1.6,-9.95,-0.13120507812499999,5.7749999999999995,27.0,28.0,33.0,30.5,28.0,0.39673596484375,323,78
2025,00-0038582,Clayton Tune,QB,2,3.98,-11.129999999999999,-0.13346023437500004,7.555,24.0,25.0,30.0,27.5,25.0,0.34212447265625,324,62
2025,00-0036959,Michael Bandy,WR,4,13.0,-10.5,-0.1343516953124999,5.875,44.75,45.75,50.75,48.25,45.75,0.412136064453125,325,98
2025,00-0040194,Jackson Hawes,TE,13,60.7,-9.3,-0.13557261718750002,5.384615384615385,28.53846153846154,29.53846153846154,34.53846153846154,32.03846153846154,29.53846153846154,0.3899515841346154,326,79
2025,00-0038951,Sean Tucker,RB,17,87.4,-6.890000000000003,-0.13569164062499994,5.5464705882352945,35.05882352941177,36.05882352941177,41.05882352941177,38.55882352941177,36.05882352941177,0.37546218106617646,327,88
2025,00-0034270,Tyler Conklin,TE,6,20.8,-10.450000000000001,-0.13580521874999996,5.208333333333333,29.333333333333332,30.333333333333332,35.333333333333336,32.833333333333336,30.333333333333332,0.3796919544270833,328,80
2025,00-0037524,Tay Martin,WR,2,3.3,-9.75,-0.13608679687499992,6.525,44.5,45.5,50.5,48.0,45.5,0.39638871093749994,329,99
2025,00-0040241,Dominic Lovett,WR,2,0.0,-11.100000000000001,-0.13616609374999994,5.550000000000001,43.0,44.0,49.0,46.5,44.0,0.40705290625,330,100
2025,00-0034955,Brett Rypien,QB,1,0.0,-10.770000000000001,-0.14017572656249994,10.770000000000001,24.0,25.0,30.0,27.5,25.0,0.39118737499999995,331,63
2025,00-0039737,Tip Reiman,TE,3,6.3,-10.05,-0.1450204609375001,5.45,28.666666666666668,29.666666666666668,34.666666666666664,32.166666666666664,29.666666666666668,0.3707010989583333,332,81
2025,00-0033307,Kendrick Bourne,WR,14,73.60000000000001,-11.799999999999994,-0.14989508593750006,6.1000000000000005,44.357142857142854,45.357142857142854,50.357142857142854,47.857142857142854,45.357142857142854,0.40266230301339284,333,101
2025,00-0040352,Coleman Owen,WR,2,0.0,-12.85,-0.15005117968750004,6.425,43.5,44.5,49.5,47.0,44.5,0.41175947265625,334,102
2025,00-0036569,Gary Brightwell,RB,2,0.0,-10.700000000000001,-0.15174817187500006,5.3500000000000005,36.0,37.0,42.0,39.5,37.0,0.378363203125,335,89
2025,00-0040277,Jahdae Walker,WR,6,23.7,-12.250000000000004,-0.15203555468750002,5.991666666666667,43.666666666666664,44.666666666666664,49.666666666666664,47.166666666666664,44.666666666666664,0.4057500234375,336,103
2025,00-0034867,Malik Turner,WR,2,0.0,-12.2,-0.15247919531249993,6.1,47.5,48.5,53.5,51.0,48.5,0.4096975390625,337,104
2025,00-0040646,Jalen Royals,WR,2,1.4,-10.95,-0.15289560156249998,6.175000000000001,39.5,40.5,45.5,43.0,40.5,0.39729983593749996,338,105
2025,00-0034054,River Cracraft,WR,2,0.0,-11.5,-0.15305297656250005,5.75,41.5,42.5,47.5,45.0,42.5,0.4112219921875,339,106
2025,00-0039144,Luke Musgrave,TE,13,61.2,-9.799999999999997,-0.15308650000000007,5.461538461538462,28.076923076923077,29.076923076923077,34.07692307692308,31.576923076923077,29.076923076923077,0.39182066466346155,340,82
2025,00-0035140,Mecole Hardman,WR,2,0.0,-12.4,-0.15331158593750005,6.2,42.5,43.5,48.5,46.0,43.5,0.416144578125,341,107
2025,00-0038740,Jalen Moreno-Cropper,WR,2,0.0,-12.100000000000001,-0.15864173437499995,6.050000000000001,46.0,47.0,52.0,49.5,47.0,0.4061703203125,342,108
2025,00-0038416,Tyson Bagent,QB,2,2.58,-13.280000000000001,-0.1592635078125,7.930000000000001,24.0,25.0,30.0,27.5,25.0,0.30216042187500003,343,64
2025,00-0038393,Dontayvion Wicks,WR,13,60.800000000000004,-18.4,-0.16360086718749983,6.092307692307693,43.84615384615385,44.84615384615385,49.84615384615385,47.34615384615385,44.84615384615385,0.4014787668269231,344,109
2025,00-0038783,Nate Adkins,TE,6,19.8,-12.95,-0.16556016406250001,5.458333333333333,28.333333333333332,29.333333333333332,34.333333333333336,31.833333333333332,29.333333333333332,0.3851352604166667,345,83
2025,00-0037311,Ko Kieft,TE,2,0.0,-11.0,-0.16597321874999998,5.5,29.0,30.0,35.0,32.5,30.0,0.3815501328125,346,84
2025,00-0039398,Joe Milton III,QB,4,14.32,-13.55,-0.16726228906249996,6.9675,24.0,25.0,30.0,27.5,25.0,0.336190990234375,347,65
2025,00-0040669,Isaac TeSlaa,WR,14,67.9,-16.050000000000004,-0.16778359374999996,5.996428571428572,44.214285714285715,45.214285714285715,50.214285714285715,47.714285714285715,45.214285714285715,0.40354943247767855,348,110
2025,00-0035726,Jakob Johnson,RB,2,0.0,-12.200000000000001,-0.168209546875,6.1000000000000005,33.0,34.0,39.0,36.5,34.0,0.370901796875,349,90
2025,00-0036165,Isaiah Hodgins,WR,6,22.5,-12.500000000000002,-0.16850985937499996,5.833333333333333,42.666666666666664,43.666666666666664,48.666666666666664,46.166666666666664,43.666666666666664,0.40603297916666664,350,111
2025,00-0038589,Josh Whyle,TE,6,17.1,-11.899999999999999,-0.16894577343750022,4.833333333333333,29.5,30.5,35.5,33.0,30.5,0.39428240104166673,351,85
2025,00-0037340,Zaire Mitchell-Paden,TE,3,4.7,-12.5,-0.17401961718749992,5.733333333333334,27.333333333333332,28.333333333333332,33.333333333333336,30.833333333333332,28.333333333333332,0.38294768749999997,352,86
2025,00-0033891,Zay Jones,WR,6,24.3,-11.45,-0.17466092187499993,5.958333333333333,45.166666666666664,46.166666666666664,51.166666666666664,48.666666666666664,46.166666666666664,0.40393345572916667,353,112
2025,00-0040237,Tez Johnson,WR,15,78.4,-10.6,-0.17664957812500004,5.933333333333334,44.0,45.0,50.0,47.5,45.0,0.404087815625,354,113
2025,00-0040705,Chimere Dike,WR,17,92.10000000000001,-9.750000000000004,-0.17745307812499977,5.991176470588236,44.529411764705884,45.529411764705884,50.529411764705884,48.029411764705884,45.529411764705884,0.4028605528492647,355,114
2025,00-0037563,Malik Davis,RB,10,39.6,-16.600000000000005,-0.18137112499999974,5.62,34.9,35.9,40.9,38.4,35.9,0.38280245234375,356,91
2025,00-0040556,Corey Kiner,RB,4,8.3,-15.150000000000002,-0.1825099140625,5.862500000000001,36.0,37.0,42.0,39.5,37.0,0.38518491796875,357,92
2025,00-0035406,Lil'Jordan Humphrey,WR,7,28.099999999999998,-13.250000000000002,-0.1827745,5.9071428571428575,43.285714285714285,44.285714285714285,49.285714285714285,46.785714285714285,44.285714285714285,0.40372267410714285,358,115
2025,00-0040488,Carter Runyon,TE,3,1.8,-15.149999999999999,-0.18285985156250006,5.6499999999999995,28.0,29.0,34.0,31.5,29.0,0.4014913463541667,359,87
2025,00-0038618,Xavier Hutchinson,WR,16,80.5,-15.7,-0.1843014609375001,6.0125,44.625,45.625,50.625,48.125,45.625,0.40276164599609376,360,116
2025,00-0038794,Jaleel McLaughlin,RB,8,29.400000000000002,-15.200000000000003,-0.1848119843749999,5.575,36.625,37.625,42.625,40.125,37.625,0.38121623339843747,361,93
2025,00-0034419,Braxton Berrios,WR,4,6.700000000000001,-15.600000000000001,-0.1857575859374999,5.575,46.75,47.75,52.75,50.25,47.75,0.410109359375,362,117
2025,00-0033943,Josh Reynolds,WR,5,17.6,-13.100000000000001,-0.18618910937499994,6.140000000000001,45.0,46.0,51.0,48.5,46.0,0.400226340625,363,118
2025,00-0038619,Andrei Iosivas,WR,15,73.4,-16.0,-0.18637956249999993,5.96,44.46666666666667,45.46666666666667,50.46666666666667,47.96666666666667,45.46666666666667,0.40390197031249997,364,119
2025,00-0039650,Bryce Oliver,WR,2,1.3,-12.25,-0.18767335937500002,6.775,48.5,49.5,54.5,52.0,49.5,0.38833875781250005,365,120
2025,00-0036328,Antonio Gibson,RB,5,16.2,-12.840000000000002,-0.18828701562499994,5.808,34.4,35.4,40.4,37.9,35.4,0.365150028125,366,94
2025,00-0033591,Noah Brown,WR,4,10.8,-13.65,-0.19204178124999993,6.112500000000001,46.75,47.75,52.75,50.25,47.75,0.39861773046875,367,121
2025,00-0037475,Stone Smartt,TE,6,15.7,-16.25,-0.19265887500000012,5.325,28.0,29.0,34.0,31.5,29.0,0.39115532682291665,368,88
2025,00-0031237,Teddy Bridgewater,QB,3,2.88,-17.229999999999997,-0.19661732031250007,6.703333333333333,24.0,25.0,30.0,27.5,25.0,0.35217793750000004,369,66
2025,00-0036422,Adam Trautman,TE,13,55.5,-15.95,-0.1968928671875001,5.496153846153846,27.846153846153847,28.846153846153847,33.84615384615385,31.346153846153847,28.846153846153847,0.3877191195913462,370,89
2025,00-0032385,Sterling Shepard,WR,13,62.5,-14.250000000000002,-0.1969198281249998,5.903846153846154,44.92307692307692,45.92307692307692,50.92307692307692,48.42307692307692,45.92307692307692,0.4001378221153846,371,122
2025,00-0038621,DeMario Douglas,WR,16,80.3,-15.600000000000001,-0.19803016406249968,5.99375,44.75,45.75,50.75,48.25,45.75,0.404452419921875,372,123
2025,00-0039754,Devin Culp,TE,4,8.1,-14.049999999999999,-0.19815766406249996,5.5375,29.0,30.0,35.0,32.5,30.0,0.38014694726562503,373,90
2025,00-0039458,Brenden Bates,TE,5,10.8,-16.45,-0.19831209374999997,5.45,29.2,30.2,35.2,32.7,30.2,0.3828293375,374,91
2025,00-0039880,Malik Washington,WR,17,87.7,-14.400000000000002,-0.19930585937500012,6.005882352941177,44.470588235294116,45.470588235294116,50.470588235294116,47.970588235294116,45.470588235294116,0.4033087987132353,375,124
2025,00-0036414,Cam Akers,RB,4,7.180000000000001,-14.96,-0.19936818749999985,5.535,33.25,34.25,39.25,36.75,34.25,0.3738206328125,376,95
2025,00-0040187,Mitchell Evans,TE,14,57.7,-16.849999999999998,-0.19981428906250026,5.325,29.285714285714285,30.285714285714285,35.285714285714285,32.785714285714285,30.285714285714285,0.38976020033482145,377,92
2025,00-0034073,Ross Dwelley,TE,4,3.7,-15.0,-0.2005811171875001,4.675,28.25,29.25,34.25,31.75,29.25,0.39057014453125,378,93
2025,00-0039792,Devontez Walker,WR,8,34.6,-16.200000000000003,-0.20162732031250008,6.3500000000000005,43.125,44.125,49.125,46.625,44.125,0.3957612919921875,379,125
2025,00-0035500,Greg Dortch,WR,12,60.6,-12.65,-0.2025956171875002,6.104166666666667,44.5,45.5,50.5,48.0,45.5,0.400117998046875,380,126
2025,00-0037012,Trey Lance,QB,4,15.54,-16.119999999999997,-0.20299910937500001,7.914999999999999,24.0,25.0,30.0,27.5,25.0,0.34080283984375004,381,67
2025,00-0034681,Chase Edmonds,RB,3,0.0,-17.400000000000002,-0.20471159374999998,5.800000000000001,35.333333333333336,36.333333333333336,41.333333333333336,38.833333333333336,36.333333333333336,0.3816500911458333,382,96
2025,00-0038705,Emari Demercado,RB,12,51.8,-16.340000000000003,-0.20733681249999997,5.678333333333334,34.833333333333336,35.833333333333336,40.833333333333336,38.333333333333336,35.833333333333336,0.3785980436197917,383,97
2025,00-0037654,Tucker Fisk,TE,4,4.9,-15.5,-0.20914425781249985,5.1,30.0,31.0,36.0,33.5,31.0,0.38658084765625,384,94
2025,00-0034577,Kyle Allen,QB,2,-0.30000000000000004,-17.46,-0.21276613281249998,8.58,24.0,25.0,30.0,27.5,25.0,0.3445282421875,385,68
2025,00-0037801,KaVontae Turpin,WR,15,71.5,-18.25,-0.21503307812499994,5.983333333333333,44.333333333333336,45.333333333333336,50.333333333333336,47.833333333333336,45.333333333333336,0.4024192505208333,386,127
2025,00-0039394,Casey Washington,WR,5,12.400000000000002,-16.75,-0.21778101562500002,5.83,45.6,46.6,51.6,49.1,46.6,0.40039475625,387,128
2025,00-0040431,Dalen Cambre,WR,3,0.0,-17.5,-0.2178210390625,5.833333333333333,43.0,44.0,49.0,46.5,44.0,0.4165765598958333,388,129
2025,00-0039912,Ben Sinnott,TE,9,33.9,-16.1,-0.21834027343749995,5.555555555555555,27.555555555555557,28.555555555555557,33.55555555555556,31.055555555555557,28.555555555555557,0.3920843958333333,389,95
2025,00-0034386,Justin Watson,WR,3,4.5,-14.8,-0.218801203125,6.433333333333334,45.333333333333336,46.333333333333336,51.333333333333336,48.833333333333336,46.333333333333336,0.39546578125,390,130
2025,00-0036984,Trey Sermon,RB,3,0.0,-17.0,-0.21922110937500006,5.666666666666667,35.333333333333336,36.333333333333336,41.333333333333336,38.833333333333336,36.333333333333336,0.3775999114583333,391,98
2025,00-0033526,Samaje Perine,RB,15,69.4,-15.840000000000003,-0.2202271875000001,5.682666666666667,34.53333333333333,35.53333333333333,40.53333333333333,38.03333333333333,35.53333333333333,0.37673000104166665,392,99
2025,00-0039041,Elijah Higgins,TE,17,73.1,-16.999999999999996,-0.22179399218750012,5.3,29.11764705882353,30.11764705882353,35.11764705882353,32.61764705882353,30.11764705882353,0.3886983478860294,393,96
2025,00-0033282,Curtis Samuel,WR,6,17.6,-17.650000000000002,-0.2239376015624998,5.875,45.666666666666664,46.666666666666664,51.666666666666664,49.166666666666664,46.666666666666664,0.4076845651041667,394,131
2025,00-0039164,Anthony Richardson,QB,2,1.66,-17.650000000000002,-0.22427780468749994,9.655000000000001,24.0,25.0,30.0,27.5,25.0,0.35372876171875,395,69
2025,00-0033357,Taysom Hill,TE,13,47.28,-18.52,-0.22776422656250028,5.061538461538461,29.384615384615383,30.384615384615383,35.38461538461539,32.88461538461539,30.384615384615383,0.3871009170673077,396,97
2025,00-0035208,Olamide Zaccheaus,WR,14,65.30000000000001,-18.4,-0.22938322656250004,5.978571428571429,44.57142857142857,45.57142857142857,50.57142857142857,48.07142857142857,45.57142857142857,0.40025432533482147,397,132
2025,00-0036628,John Bates,TE,10,32.8,-19.45,-0.2300669921875001,5.225,28.7,29.7,34.7,32.2,29.7,0.38358855,398,98
2025,00-0039305,Jack Westover,TE,4,1.5,-18.0,-0.23029093749999996,4.875,31.0,32.0,37.0,34.5,32.0,0.39484723828125,399,99
2025,00-0039757,Terrell Jennings,RB,6,14.700000000000001,-17.75,-0.23084745312499994,5.408333333333334,33.166666666666664,34.166666666666664,39.166666666666664,36.666666666666664,34.166666666666664,0.37985810026041666,400,100
2025,00-0037805,Jeremy Ruckert,TE,14,58.400000000000006,-18.999999999999996,-0.23092757031249994,5.528571428571429,27.714285714285715,28.714285714285715,33.714285714285715,31.214285714285715,28.714285714285715,0.387155859375,401,100
2025,00-0036429,Charlie Woerner,TE,7,16.8,-19.15,-0.2323254453125,5.135714285714286,29.285714285714285,30.285714285714285,35.285714285714285,32.785714285714285,30.285714285714285,0.39246740066964286,402,101
2025,00-0038590,Justin Shorter,TE,3,0.0,-16.549999999999997,-0.2332987890625,5.516666666666666,29.0,30.0,35.0,32.5,30.0,0.38422209375000005,403,102
2025,00-0034159,Will Dissly,TE,8,26.200000000000003,-17.15,-0.2337922031250002,5.41875,29.0,30.0,35.0,32.5,30.0,0.3933181103515625,404,103
2025,00-0034365,Ian Thomas,TE,9,30.9,-16.85,-0.23597482812499998,5.305555555555555,28.88888888888889,29.88888888888889,34.888888888888886,32.388888888888886,29.88888888888889,0.38936082552083334,405,104
2025,00-0034928,Steven Sims,WR,3,0.0,-18.25,-0.23634738281250012,6.083333333333333,41.333333333333336,42.333333333333336,47.333333333333336,44.833333333333336,42.333333333333336,0.4101143697916667,406,133
2025,00-0037291,Jalen Nailor,WR,17,86.2,-15.450000000000005,-0.23979119531249993,5.979411764705882,44.529411764705884,45.529411764705884,50.529411764705884,48.029411764705884,45.529411764705884,0.40316759329044116,407,134
2025,00-0031345,Jimmy Garoppolo,QB,3,-1.0,-20.73,-0.24135980468750012,6.576666666666667,24.0,25.0,30.0,27.5,25.0,0.3366161171875,408,70
2025,00-0034981,Foster Moreau,TE,7,16.4,-19.05,-0.2436409765625,5.064285714285715,28.142857142857142,29.142857142857142,34.142857142857146,31.642857142857142,29.142857142857142,0.3937167254464286,409,105
2025,00-0040024,Darius Cooper,WR,6,13.700000000000003,-19.549999999999997,-0.24602990624999982,5.541666666666667,43.5,44.5,49.5,47.0,44.5,0.41111166536458327,410,135
2025,00-0038454,Keaton Mitchell,RB,13,50.900000000000006,-20.44,-0.24695035156249984,5.487692307692308,34.76923076923077,35.76923076923077,40.76923076923077,38.26923076923077,35.76923076923077,0.37902444411057695,411,101
2025,00-0033589,David Moore,WR,3,2.2,-16.85,-0.24979172656250004,6.3500000000000005,43.333333333333336,44.333333333333336,49.333333333333336,46.833333333333336,44.333333333333336,0.3916598958333333,412,136
2025,00-0035291,Trayveon Williams,RB,6,13.1,-20.5,-0.251329765625,5.6000000000000005,36.333333333333336,37.333333333333336,42.333333333333336,39.833333333333336,37.333333333333336,0.38128197656249996,413,102
2025,00-0040134,Pat Bryant,WR,13,59.300000000000004,-18.500000000000004,-0.2514000234374998,5.984615384615386,44.30769230769231,45.30769230769231,50.30769230769231,47.80769230769231,45.30769230769231,0.4029081352163461,414,137
2025,00-0033217,Mo Alie-Cox,TE,11,37.2,-19.4,-0.2539390937500002,5.1454545454545455,29.636363636363637,30.636363636363637,35.63636363636363,33.13636363636363,30.636363636363637,0.3940341072443182,415,106
2025,00-0036906,Khalil Herbert,RB,5,6.1000000000000005,-20.94,-0.25733998437499994,5.408,34.8,35.8,40.8,38.3,35.8,0.3788584078125,416,103
2025,00-0037086,Grant Calcaterra,TE,9,27.1,-20.400000000000002,-0.25832704687499997,5.277777777777778,29.333333333333332,30.333333333333332,35.333333333333336,32.833333333333336,30.333333333333332,0.3875507725694444,417,107
2025,00-0035298,Scott Miller,WR,5,10.7,-19.9,-0.25877869531250003,6.12,42.0,43.0,48.0,45.5,43.0,0.405344090625,418,138
2025,00-0037348,Tanner Conner,TE,8,22.6,-19.45,-0.25946167187499997,5.25625,29.5,30.5,35.5,33.0,30.5,0.38135629296875,419,108
2025,00-0040179,DJ Giddens,RB,5,9.600000000000001,-18.59,-0.26044328125,5.638,33.0,34.0,39.0,36.5,34.0,0.370669609375,420,104
2025,00-0031484,Chris Manhertz,TE,4,2.2,-19.65,-0.2615228203124999,5.4625,29.75,30.75,35.75,33.25,30.75,0.393057267578125,421,109
2025,00-0038492,Jason Brownlee,WR,3,0.0,-18.35,-0.2618658203125,6.116666666666667,46.333333333333336,47.333333333333336,52.333333333333336,49.833333333333336,47.333333333333336,0.40158478645833334,422,139
2025,00-0027973,Andy Dalton,QB,4,11.52,-21.040000000000003,-0.26563962499999993,8.14,24.0,25.0,30.0,27.5,25.0,0.34538133984374997,423,71
2025,00-0034775,Christian Kirk,WR,11,43.9,-20.900000000000002,-0.26799840624999993,5.890909090909091,43.36363636363637,44.36363636363637,49.36363636363637,46.86363636363637,44.36363636363637,0.4063284659090909,424,140
2025,00-0034771,Mason Rudolph,QB,5,19.0,-21.83,-0.2691638906250001,8.166,24.0,25.0,30.0,27.5,25.0,0.3427166953125,425,72
2025,00-0040205,Kalel Mullings,RB,4,0.7000000000000001,-22.5,-0.26963428125000005,5.800000000000001,35.5,36.5,41.5,39.0,36.5,0.38554984375,426,105
2025,00-0039739,Roman Wilson,WR,9,32.6,-20.050000000000004,-0.2708733203125001,5.8500000000000005,45.22222222222222,46.22222222222222,51.22222222222222,48.72222222222222,46.22222222222222,0.4030309296875,427,141
2025,00-0035704,Drew Lock,QB,3,0.09999999999999998,-22.160000000000004,-0.27145825,7.420000000000001,24.0,25.0,30.0,27.5,25.0,0.34955217187500004,428,73
2025,00-0034367,Nyheim Hines,RB,4,-0.2,-22.0,-0.27353202343749994,5.45,32.0,33.0,38.0,35.5,33.0,0.37929305859374995,429,106
2025,00-0038976,Marvin Mims Jr.,WR,15,70.5,-19.950000000000003,-0.27393796093750006,6.03,44.46666666666667,45.46666666666667,50.46666666666667,47.96666666666667,45.46666666666667,0.4024032864583333,430,142
2025,00-0040432,Beaux Collins,WR,4,3.5,-20.900000000000002,-0.2748141953125,6.1000000000000005,49.25,50.25,55.25,52.75,50.25,0.4030996328125,431,143
2025,00-0038979,Cedric Tillman,WR,12,49.5,-22.750000000000004,-0.2766525390624999,6.020833333333333,43.166666666666664,44.166666666666664,49.166666666666664,46.666666666666664,44.166666666666664,0.39996308333333336,432,144
2025,00-0040649,Robbie Ouzts,RB,4,0.0,-21.450000000000003,-0.27680753906250005,5.362500000000001,34.25,35.25,40.25,37.75,35.25,0.3773671875,433,107
2025,00-0035876,Andre Baccellia,WR,4,1.8,-21.3,-0.2772603906249998,5.775,43.25,44.25,49.25,46.75,44.25,0.4034712265625,434,145
2025,00-0039342,Xavier Legette,WR,15,71.80000000000001,-17.9,-0.27781753906249995,5.98,44.86666666666667,45.86666666666667,50.86666666666667,48.36666666666667,45.86666666666667,0.40490350625,435,146
2025,00-0040058,Nick Kallerup,TE,4,0.0,-21.799999999999997,-0.27818744531250006,5.449999999999999,27.75,28.75,33.75,31.25,28.75,0.3860263828125,436,110
2025,00-0033439,Pharaoh Brown,TE,5,3.1,-22.0,-0.2797034296875,5.0200000000000005,29.0,30.0,35.0,32.5,30.0,0.3958872828125,437,111
2025,00-0038720,Julian Hill,TE,11,38.5,-19.75,-0.27992771093750013,5.295454545454546,29.545454545454547,30.545454545454547,35.54545454545455,33.04545454545455,30.545454545454547,0.3828623160511364,438,112
2025,00-0038040,Zamir White,RB,5,7.6,-20.6,-0.29047857812499994,5.640000000000001,33.6,34.6,39.6,37.1,34.6,0.3716497875,439,108
2025,00-0037742,Treylon Burks,WR,8,24.0,-23.35,-0.2907747578124999,5.91875,42.75,43.75,48.75,46.25,43.75,0.405004783203125,440,147
2025,00-0035628,D'Ernest Johnson,RB,5,2.5,-23.900000000000002,-0.29444785156249986,5.28,34.6,35.6,40.6,38.1,35.6,0.3777286203125,441,109
2025,00-0036849,Tutu Atwell,WR,8,28.2,-22.200000000000003,-0.29543459374999986,6.3,44.75,45.75,50.75,48.25,45.75,0.40065060839843747,442,148
2025,00-0036427,Tyler Johnson,WR,9,31.7,-22.3,-0.2980733359374999,6.0,45.44444444444444,46.44444444444444,51.44444444444444,48.94444444444444,46.44444444444444,0.4032588767361111,443,149
2025,00-0039890,Adonai Mitchell,WR,16,71.4,-24.799999999999997,-0.30003696875,6.0125,44.625,45.625,50.625,48.125,45.625,0.40276164599609376,444,150
2025,00-0033376,Patrick Ricard,RB,5,1.6,-23.85,-0.30189254687499983,5.090000000000001,36.4,37.4,42.4,39.9,37.4,0.37619616875,445,110
2025,00-0038640,Jalen Brooks,WR,5,6.6000000000000005,-23.25,-0.30223215625000005,5.970000000000001,43.8,44.8,49.8,47.3,44.8,0.40866198750000005,446,151
2025,00-0038839,Mitchell Tinsley,WR,8,27.6,-23.300000000000004,-0.3055211484374999,6.362500000000001,43.625,44.625,49.625,47.125,44.625,0.39682878515625,447,152
2025,00-0037258,Dameon Pierce,RB,5,3.6,-22.39,-0.30642299218749997,5.198,33.4,34.4,39.4,36.9,34.4,0.3675113,448,111
2025,00-0034487,Trent Sherfield,WR,4,3.6,-21.200000000000003,-0.3088637109375,6.2,47.5,48.5,53.5,51.0,48.5,0.396687169921875,449,153
2025,00-0036332,Josiah Deguara,TE,7,12.6,-24.8,-0.3092891875,5.3428571428571425,28.571428571428573,29.571428571428573,34.57142857142857,32.07142857142857,29.571428571428573,0.4020295558035714,450,113
2025,00-0036309,Darnell Mooney,WR,15,66.3,-22.650000000000002,-0.30967256249999975,5.930000000000001,44.06666666666667,45.06666666666667,50.06666666666667,47.56666666666667,45.06666666666667,0.4035691859375,451,154
2025,00-0036232,Harrison Bryant,TE,5,3.7,-23.85,-0.31070253125,5.51,28.8,29.8,34.8,32.3,29.8,0.38403129375,452,114
2025,00-0036626,Dyami Brown,WR,11,39.7,-27.05,-0.3135896796875,6.068181818181818,45.09090909090909,46.09090909090909,51.09090909090909,48.59090909090909,46.09090909090909,0.4061937947443182,453,155
2025,00-0038046,Charlie Kolar,TE,13,41.2,-26.25,-0.3200253828125,5.188461538461539,28.76923076923077,29.76923076923077,34.76923076923077,32.26923076923077,29.76923076923077,0.3886456466346154,454,115
2025,00-0036133,James Proche,WR,6,9.5,-24.650000000000002,-0.32360798437499994,5.691666666666666,42.666666666666664,43.666666666666664,48.666666666666664,46.166666666666664,43.666666666666664,0.40233023828125,455,156
2025,00-0035631,Drew Sample,TE,12,39.4,-24.8,-0.32675225000000013,5.3500000000000005,29.583333333333332,30.583333333333332,35.583333333333336,33.083333333333336,30.583333333333332,0.38736695963541673,456,116
2025,00-0034798,Durham Smythe,TE,7,8.5,-26.2,-0.32826294531250005,4.957142857142857,29.857142857142858,30.857142857142858,35.857142857142854,33.357142857142854,30.857142857142858,0.3935699832589286,457,117
2025,00-0037013,Zach Wilson,QB,4,1.3800000000000001,-25.9,-0.3295096171875,6.82,24.0,25.0,30.0,27.5,25.0,0.316994396484375,458,74
2025,00-0036425,DeeJay Dallas,RB,5,2.1,-25.69,-0.33040420312499996,5.558000000000001,34.4,35.4,40.4,37.9,35.4,0.37453335,459,112
2025,00-0036637,Noah Gray,TE,14,49.300000000000004,-24.799999999999997,-0.33157137500000017,5.292857142857143,29.142857142857142,30.142857142857142,35.142857142857146,32.642857142857146,30.142857142857142,0.3940038716517857,460,118
2025,00-0039062,Jonathan Mingo,WR,5,3.0,-26.15,-0.33266035937500005,5.83,42.8,43.8,48.8,46.3,43.8,0.409627303125,461,157
2025,00-0037614,John Metchie III,WR,13,55.400000000000006,-22.950000000000003,-0.3351738671874999,6.026923076923078,43.38461538461539,44.38461538461539,49.38461538461539,46.88461538461539,44.38461538461539,0.40116744771634616,462,158
2025,00-0040739,Elijah Arroyo,TE,13,44.4,-23.8,-0.3363427421875,5.246153846153846,29.0,30.0,35.0,32.5,30.0,0.38790217367788465,463,119
2025,00-0038752,Jake Bobo,WR,5,3.0,-26.75,-0.34434111718750005,5.95,44.6,45.6,50.6,48.1,45.6,0.40380832968749997,464,159
2025,00-0038953,Dylan Drummond,WR,6,7.7,-26.450000000000003,-0.3496044765625,5.691666666666666,42.666666666666664,43.666666666666664,48.666666666666664,46.166666666666664,43.666666666666664,0.40233023828125,465,160
2025,00-0038397,Evan Hull,RB,6,5.9,-27.650000000000006,-0.3544181171875,5.591666666666668,37.333333333333336,38.333333333333336,43.333333333333336,40.833333333333336,38.333333333333336,0.38192046875,466,113
2025,00-0036176,Mason Kinsey,WR,6,5.800000000000001,-28.5,-0.36005278125,5.716666666666668,43.833333333333336,44.833333333333336,49.833333333333336,47.333333333333336,44.833333333333336,0.4118186028645833,467,161
2025,00-0038102,Kenny Pickett,QB,6,11.72,-32.56,-0.3601996718750001,7.379999999999999,24.0,25.0,30.0,27.5,25.0,0.3424142903645833,468,75
2025,00-0036741,Jack Stoll,TE,9,19.6,-28.95,-0.3636591328125001,5.394444444444444,27.77777777777778,28.77777777777778,33.77777777777778,31.27777777777778,28.77777777777778,0.3895911362847222,469,120
2025,00-0038938,Jalin Hyatt,WR,6,6.0,-29.8,-0.3641502187499999,5.966666666666668,45.666666666666664,46.666666666666664,51.666666666666664,49.166666666666664,46.666666666666664,0.4123975872395833,470,162
2025,00-0040509,Ben Yurosek,TE,6,4.4,-27.200000000000003,-0.3673081718749998,5.266666666666667,29.833333333333332,30.833333333333332,35.833333333333336,33.333333333333336,30.833333333333332,0.3928044231770833,471,121
2025,00-0036265,AJ Dillon,RB,6,7.6000000000000005,-26.19,-0.36751879687500005,5.631666666666667,34.0,35.0,40.0,37.5,35.0,0.3673809309895833,472,114
2025,00-0033955,Jeremy McNichols,RB,16,60.2,-29.040000000000003,-0.3685792421875,5.577500000000001,35.0,36.0,41.0,38.5,36.0,0.377771720703125,473,115
2025,00-0033662,Cooper Rush,QB,4,9.719999999999999,-30.130000000000003,-0.36952119531249994,9.9625,24.0,25.0,30.0,27.5,25.0,0.33822602734375,474,76
2025,00-0034407,Ray-Ray McCloud,WR,6,10.4,-27.6,-0.36958436718749993,6.333333333333333,44.833333333333336,45.833333333333336,50.833333333333336,48.333333333333336,45.833333333333336,0.3965739609375,475,163
2025,00-0032398,Chris Moore,WR,10,33.1,-27.4,-0.37003190624999993,6.05,44.0,45.0,50.0,47.5,45.0,0.4053493890625,476,164
2025,00-0036841,Austin Trammell,WR,6,6.1000000000000005,-27.750000000000004,-0.37012624218749995,5.641666666666667,43.333333333333336,44.333333333333336,49.333333333333336,46.833333333333336,44.333333333333336,0.40341798958333336,477,165
2025,00-0038440,Zavier Scott,RB,11,32.2,-29.840000000000003,-0.3703736484374999,5.640000000000001,35.0,36.0,41.0,38.5,36.0,0.377209015625,478,116
2025,00-0037557,Ronnie Rivers,RB,6,4.6000000000000005,-28.950000000000003,-0.3721476640625,5.591666666666668,37.333333333333336,38.333333333333336,43.333333333333336,40.833333333333336,38.333333333333336,0.38192046875,479,117
2025,00-0033949,Joshua Dobbs,QB,4,2.1,-31.209999999999997,-0.3738495703125,8.3275,24.0,25.0,30.0,27.5,25.0,0.345753115234375,480,77
2025,00-0035359,David Sills,WR,12,40.1,-29.200000000000003,-0.37387757031250013,5.7749999999999995,43.75,44.75,49.75,47.25,44.75,0.406074720703125,481,166
2025,00-0038555,Tank Bigsby,RB,15,52.3,-30.290000000000003,-0.37648647656249984,5.506,34.93333333333333,35.93333333333333,40.93333333333333,38.43333333333333,35.93333333333333,0.3774932677083333,482,118
2025,00-0035544,Tom Kennedy,WR,6,5.6,-30.1,-0.380444453125,5.95,42.166666666666664,43.166666666666664,48.166666666666664,45.666666666666664,43.166666666666664,0.40330633072916666,483,167
2025,00-0039623,Mason Tipton,WR,8,14.900000000000002,-30.8,-0.3812409296875,5.7125,44.375,45.375,50.375,47.875,45.375,0.4030145986328125,484,168
2025,00-0040667,Matthew Golden,WR,14,55.5,-28.150000000000002,-0.38205558593749983,5.9750000000000005,44.642857142857146,45.642857142857146,50.642857142857146,48.142857142857146,45.642857142857146,0.4047848415178571,485,169
2025,00-0031763,DeAndre Carter,WR,4,0.0,-26.35,-0.3836051171875,6.5875,45.0,46.0,51.0,48.5,46.0,0.38981087109375,486,170
2025,00-0036415,Van Jefferson,WR,14,55.5,-27.900000000000002,-0.38569392968749977,5.957142857142857,44.42857142857143,45.42857142857143,50.42857142857143,47.92857142857143,45.42857142857143,0.40275701953125004,487,171
2025,00-0035289,Gardner Minshew,QB,4,1.6799999999999997,-34.48,-0.3880323203124999,9.04,24.0,25.0,30.0,27.5,25.0,0.349775625,488,78
2025,00-0035567,Craig Reynolds,RB,5,0.4,-27.990000000000002,-0.3882066015625,5.678,34.0,35.0,40.0,37.5,35.0,0.3631844546875,489,119
2025,00-0034418,Cedrick Wilson Jr.,WR,6,6.9,-29.000000000000004,-0.38845599999999997,5.983333333333334,43.5,44.5,49.5,47.0,44.5,0.4035536276041667,490,172
2025,00-0037745,Velus Jones Jr.,WR,5,3.2,-27.1,-0.38874715624999995,6.0600000000000005,44.6,45.6,50.6,48.1,45.6,0.39701017031249997,491,173
2025,00-0033319,Nick Mullens,QB,4,-0.040000000000000036,-33.0,-0.392648125,8.239999999999998,24.0,25.0,30.0,27.5,25.0,0.344569501953125,492,79
2025,00-0038679,Tyrell Shavers,WR,11,38.0,-28.800000000000004,-0.3934521249999998,6.072727272727274,44.27272727272727,45.27272727272727,50.27272727272727,47.77272727272727,45.27272727272727,0.4042325078125,493,174
2025,00-0034860,Dante Pettis,WR,8,15.200000000000001,-31.15,-0.39376829687499987,5.79375,42.5,43.5,48.5,46.0,43.5,0.4039429130859375,494,175
2025,00-0036980,Elijah Moore,WR,9,24.099999999999998,-29.650000000000006,-0.3944047265624998,5.972222222222222,45.333333333333336,46.333333333333336,51.333333333333336,48.833333333333336,46.333333333333336,0.39940767274305555,495,176
2025,00-0040673,Jalen Milroe,QB,3,-1.6,-30.900000000000002,-0.39593641406249996,9.766666666666667,24.0,25.0,30.0,27.5,25.0,0.33525696614583333,496,80
2025,00-0039798,Isaiah Davis,RB,16,60.7,-28.190000000000005,-0.39950385156249996,5.555625,35.125,36.125,41.125,38.625,36.125,0.3746558603515625,497,120
2025,00-0037306,John FitzPatrick,TE,11,31.2,-29.65,-0.4016713906250001,5.531818181818182,27.727272727272727,28.727272727272727,33.72727272727273,31.227272727272727,28.727272727272727,0.3921407244318182,498,122
2025,00-0034272,Marquez Valdes-Scantling,WR,9,25.0,-29.750000000000004,-0.40331207812500003,6.083333333333333,44.333333333333336,45.333333333333336,50.333333333333336,47.833333333333336,45.333333333333336,0.40471411979166666,499,177
2025,00-0040563,Efton Chism III,WR,8,15.0,-31.750000000000004,-0.40557110156249987,5.84375,43.0,44.0,49.0,46.5,44.0,0.406834541015625,500,178
2025,00-0038496,Xavier Gipson,WR,6,1.6,-31.6,-0.4121067109375,5.533333333333334,46.0,47.0,52.0,49.5,47.0,0.40812437109375005,501,179
2025,00-0035891,Cody White,WR,8,16.5,-30.35,-0.4124702499999999,5.85625,43.5,44.5,49.5,47.0,44.5,0.40260259765625,502,180
2025,00-0036988,Josh Palmer,WR,12,41.300000000000004,-32.35,-0.41493422656249995,6.1375,44.166666666666664,45.166666666666664,50.166666666666664,47.666666666666664,45.166666666666664,0.4036649713541667,503,181
2025,00-0039521,Xavier Weaver,WR,7,10.200000000000001,-32.05,-0.42216704687499984,6.035714285714286,42.57142857142857,43.57142857142857,48.57142857142857,46.07142857142857,43.57142857142857,0.4021620993303571,504,182
2025,00-0037132,Britain Covey,WR,6,3.0,-32.7,-0.4242242265625,5.95,42.166666666666664,43.166666666666664,48.166666666666664,45.666666666666664,43.166666666666664,0.40330633072916666,505,183
2025,00-0032951,Laquon Treadwell,WR,6,0.0,-33.5,-0.4314118437499999,5.583333333333333,43.333333333333336,44.333333333333336,49.333333333333336,46.833333333333336,44.333333333333336,0.401633671875,506,184
2025,00-0039021,Roschon Johnson,RB,6,1.7000000000000002,-33.300000000000004,-0.43152266406250006,5.833333333333333,34.5,35.5,40.5,38.0,35.5,0.37538634375,507,121
2025,00-0038465,Malik Heath,WR,7,11.6,-31.900000000000006,-0.43275145312499974,6.214285714285714,45.142857142857146,46.142857142857146,51.142857142857146,48.642857142857146,46.142857142857146,0.3956151316964286,508,185
2025,00-0040218,Jimmy Horn Jr.,WR,10,23.2,-35.300000000000004,-0.44381601562499995,5.85,45.0,46.0,51.0,48.5,46.0,0.4091120828125,509,186
2025,00-0039379,Jamari Thrash,WR,8,15.7,-32.25,-0.4438317890624999,5.99375,46.625,47.625,52.625,50.125,47.625,0.40207552343749997,510,187
2025,00-0038643,Brayden Willis,TE,6,0.0,-33.25,-0.4456166171874999,5.541666666666667,29.166666666666668,30.166666666666668,35.166666666666664,32.666666666666664,30.166666666666668,0.38559860937499996,511,123
2025,00-0034521,Allen Lazard,WR,9,18.0,-34.550000000000004,-0.4519533515624998,5.8388888888888895,44.77777777777778,45.77777777777778,50.77777777777778,48.27777777777778,45.77777777777778,0.40024868315972223,512,188
2025,00-0036550,Rashod Bateman,WR,13,45.900000000000006,-32.95,-0.45428292187499997,6.065384615384616,44.69230769230769,45.69230769230769,50.69230769230769,48.19230769230769,45.69230769230769,0.3996171075721154,513,189
2025,00-0039603,British Brooks,RB,8,7.800000000000001,-37.09,-0.45550311718750003,5.61125,34.0,35.0,40.0,37.5,35.0,0.384156943359375,514,122
2025,00-0036887,Luke Farrell,TE,13,35.0,-35.0,-0.45866942968750024,5.384615384615385,28.692307692307693,29.692307692307693,34.69230769230769,32.19230769230769,29.692307692307693,0.38954888882211536,515,124
2025,00-0032775,Demarcus Robinson,WR,14,47.2,-35.550000000000004,-0.4659645781249998,5.910714285714286,44.0,45.0,50.0,47.5,45.0,0.40583963727678574,516,190
2025,00-0037487,Deven Thompkins,WR,7,4.7,-36.65,-0.46720365625000004,5.9071428571428575,42.285714285714285,43.285714285714285,48.285714285714285,45.785714285714285,43.285714285714285,0.40346872098214287,517,191
2025,00-0033375,Tim Patrick,WR,13,44.2,-34.2,-0.4701752890625,6.0307692307692315,43.53846153846154,44.53846153846154,49.53846153846154,47.03846153846154,44.53846153846154,0.4016398978365385,518,192
2025,00-0033246,Johnny Mundt,TE,12,24.6,-35.449999999999996,-0.4786974609375001,5.004166666666666,30.25,31.25,36.25,33.75,31.25,0.3879992252604167,519,125
2025,00-0040590,Konata Mumpfield,WR,10,20.2,-37.550000000000004,-0.4910715859375,5.775,42.9,43.9,48.9,46.4,43.9,0.40474838671875,520,193
2025,00-0040494,Max Brosmer,QB,7,12.22,-39.71,-0.4933499765624999,7.418571428571428,24.0,25.0,30.0,27.5,25.0,0.3316842991071428,521,81
2025,00-0037746,Brian Robinson,RB,17,58.50000000000001,-37.49,-0.4944017109374998,5.646470588235295,34.35294117647059,35.35294117647059,40.35294117647059,37.85294117647059,35.35294117647059,0.3766967922794118,522,123
2025,00-0037666,Jalen Tolbert,WR,12,37.3,-35.5,-0.50103865625,6.066666666666666,44.666666666666664,45.666666666666664,50.666666666666664,48.166666666666664,45.666666666666664,0.40086306380208336,523,194
2025,00-0040131,Kyle Williams,WR,14,44.2,-39.65,-0.5038444999999998,5.989285714285715,43.214285714285715,44.214285714285715,49.214285714285715,46.714285714285715,44.214285714285715,0.40394410937499997,524,195
2025,00-0039875,Ray Davis,RB,17,53.10000000000001,-41.940000000000005,-0.517065796875,5.590588235294118,34.88235294117647,35.88235294117647,40.88235294117647,38.38235294117647,35.88235294117647,0.37624607123161763,525,124
2025,00-0036590,Quintin Morris,TE,11,20.5,-39.55,-0.5184903593749999,5.459090909090909,28.272727272727273,29.272727272727273,34.27272727272727,31.772727272727273,29.272727272727273,0.3899452166193182,526,126
2025,00-0034854,KhaDarel Hodge,WR,8,4.6,-41.35,-0.5219891953125,5.74375,45.875,46.875,51.875,49.375,46.875,0.4096630087890625,527,196
2025,00-0037267,Jerome Ford,RB,13,30.6,-40.24,-0.5307650468749997,5.44923076923077,34.76923076923077,35.76923076923077,40.76923076923077,38.26923076923077,35.76923076923077,0.37247056971153847,528,125
2025,00-0032104,Ameer Abdullah,RB,13,29.9,-41.290000000000006,-0.5334316171875001,5.476153846153846,34.30769230769231,35.30769230769231,40.30769230769231,37.80769230769231,35.30769230769231,0.37992875240384616,529,126
2025,00-0033576,Eric Saubert,TE,9,11.1,-39.7,-0.5351597968749999,5.644444444444444,29.11111111111111,30.11111111111111,35.111111111111114,32.611111111111114,30.11111111111111,0.39057508333333335,530,127
2025,00-0031236,Brandin Cooks,WR,13,39.900000000000006,-40.550000000000004,-0.537035265625,6.188461538461539,45.07692307692308,46.07692307692308,51.07692307692308,48.57692307692308,46.07692307692308,0.4007925679086538,531,197
2025,00-0036646,Simi Fehoko,WR,7,0.0,-42.300000000000004,-0.5424709531249998,6.042857142857144,44.285714285714285,45.285714285714285,50.285714285714285,47.785714285714285,45.285714285714285,0.4038006272321429,532,198
2025,00-0031687,Raheem Mostert,RB,12,23.400000000000002,-43.44,-0.5433026328125,5.57,35.416666666666664,36.416666666666664,41.416666666666664,38.916666666666664,36.416666666666664,0.38088586848958333,533,127
2025,00-0038710,Blake Whiteheart,TE,9,3.4,-41.35,-0.5479860703124999,4.972222222222222,29.77777777777778,30.77777777777778,35.77777777777778,33.27777777777778,30.77777777777778,0.3870398723958333,534,128
2025,00-0039363,Isaac Guerendo,RB,7,0.0,-40.09,-0.5491242812500001,5.727142857142858,32.857142857142854,33.857142857142854,38.857142857142854,36.357142857142854,33.857142857142854,0.3754711819196429,535,128
2025,00-0039920,Malachi Corley,WR,12,26.1,-43.0,-0.5581593671874998,5.758333333333334,44.25,45.25,50.25,47.75,45.25,0.40700567252604164,536,199
2025,00-0038547,Luke Schoonmaker,TE,14,34.2,-39.75,-0.5589513203125,5.2821428571428575,29.142857142857142,30.142857142857142,35.142857142857146,32.642857142857146,30.142857142857142,0.3859934475446428,537,129
2025,00-0032464,Kalif Raymond,WR,15,48.800000000000004,-42.25,-0.5612322421875,6.069999999999999,44.333333333333336,45.333333333333336,50.333333333333336,47.833333333333336,45.333333333333336,0.40504516249999994,538,200
2025,00-0035594,Travis Homer,RB,8,-0.2,-43.95,-0.5635705156249998,5.46875,34.375,35.375,40.375,37.875,35.375,0.3794967568359375,539,129
2025,00-0039299,George Holani,RB,10,13.8,-42.54,-0.56465278125,5.634,33.7,34.7,39.7,37.2,34.7,0.37475335312499997,540,130
2025,00-0030564,DeAndre Hopkins,WR,17,56.0,-45.550000000000004,-0.5652140234375,5.973529411764707,44.35294117647059,45.35294117647059,50.35294117647059,47.85294117647059,45.35294117647059,0.4027526263786765,541,201
2025,00-0039364,Sione Vaki,RB,8,0.4,-43.650000000000006,-0.5656854609374999,5.5062500000000005,35.25,36.25,41.25,38.75,36.25,0.3830742470703125,542,131
2025,00-0040727,Tre Harris,WR,16,54.4,-41.25000000000001,-0.5665904140625,5.978125,44.1875,45.1875,50.1875,47.6875,45.1875,0.403022,543,202
2025,00-0039050,Payne Durham,TE,8,2.6,-40.9,-0.57256940625,5.4375,28.0,29.0,34.0,31.5,29.0,0.3825209736328125,544,130
2025,00-0039648,David Martin-Robinson,TE,11,15.0,-43.699999999999996,-0.5757277656250002,5.336363636363636,28.818181818181817,29.818181818181817,34.81818181818182,32.31818181818182,29.818181818181817,0.38926140269886367,545,131
2025,00-0033857,JuJu Smith-Schuster,WR,17,57.0,-44.85,-0.5758483750000001,5.991176470588236,44.529411764705884,45.529411764705884,50.529411764705884,48.029411764705884,45.529411764705884,0.4028605528492647,546,203
2025,00-0040198,Ollie Gordon II,RB,17,50.6,-44.79,-0.5761617031250001,5.611176470588235,34.8235294117647,35.8235294117647,40.8235294117647,38.3235294117647,35.8235294117647,0.37634718841911763,547,132
2025,00-0037093,Dareke Young,WR,8,5.8,-44.650000000000006,-0.579768015625,6.30625,44.5,45.5,50.5,48.0,45.5,0.4014113984375,548,204
2025,00-0038824,Ryan Miller,WR,9,10.4,-43.2,-0.5810607578125,5.955555555555556,44.333333333333336,45.333333333333336,50.333333333333336,47.833333333333336,45.333333333333336,0.3998035598958333,549,205
2025,00-0037292,Andrew Ogletree,TE,11,14.700000000000001,-44.35,-0.595643390625,5.368181818181818,28.09090909090909,29.09090909090909,34.09090909090909,31.59090909090909,29.09090909090909,0.39094134801136365,550,132
2025,00-0040078,Brashard Smith,RB,17,50.8,-45.24,-0.6089422890625,5.649411764705882,34.529411764705884,35.529411764705884,40.529411764705884,38.029411764705884,35.529411764705884,0.37767994301470587,551,133
2025,00-0036842,Kene Nwangwu,RB,10,4.9,-48.150000000000006,-0.6157956796875,5.305000000000001,35.2,36.2,41.2,38.7,36.2,0.37942754453125,552,134
2025,00-0040782,Isaiah Bond,WR,15,45.7,-44.2,-0.6170278906249999,5.993333333333334,44.333333333333336,45.333333333333336,50.333333333333336,47.833333333333336,45.333333333333336,0.4017729578125,553,206
2025,00-0038738,Hunter Luepke,RB,14,30.5,-48.690000000000005,-0.6237680390625,5.656428571428571,34.214285714285715,35.214285714285715,40.214285714285715,37.714285714285715,35.214285714285715,0.37850787723214285,554,135
2025,00-0040142,Kaleb Johnson,RB,10,8.3,-47.650000000000006,-0.635756859375,5.595000000000001,35.6,36.6,41.6,39.1,36.6,0.376501971875,555,136
2025,00-0040138,Jaylin Noel,WR,17,55.4,-46.25,-0.6396365937499999,5.979411764705882,44.529411764705884,45.529411764705884,50.529411764705884,48.029411764705884,45.529411764705884,0.40316759329044116,556,207
2025,00-0037741,Jahan Dotson,WR,15,41.2,-48.050000000000004,-0.6419789296875,5.95,44.13333333333333,45.13333333333333,50.13333333333333,47.63333333333333,45.13333333333333,0.40137581979166664,557,208
2025,00-0039686,Colson Yankoff,TE,10,4.800000000000001,-49.15,-0.6447863593750001,5.395,28.4,29.4,34.4,31.9,29.4,0.38187424375,558,133
2025,00-0038564,Cameron Latu,TE,10,0.0,-50.45,-0.6575499140625001,5.045,29.1,30.1,35.1,32.6,30.1,0.3877891015625,559,134
2025,00-0036825,Feleipe Franks,TE,10,0.4,-49.9,-0.6607112421875001,5.029999999999999,29.2,30.2,35.2,32.7,30.2,0.392503471875,560,135
2025,00-0040581,Dont'e Thornton Jr.,WR,11,18.5,-48.75,-0.6612566718749999,6.113636363636363,44.0,45.0,50.0,47.5,45.0,0.39858993963068184,561,209
2025,00-0036876,Kylen Granson,TE,12,14.5,-52.1,-0.6756350546874998,5.55,28.0,29.0,34.0,31.5,29.0,0.38839925716145834,562,136
2025,00-0040184,KeAndre Lambert-Smith,WR,10,13.6,-49.2,-0.6776389296875002,6.28,44.5,45.5,50.5,48.0,45.5,0.40303984609375,563,210
2025,00-0040009,Savion Williams,WR,12,20.5,-51.400000000000006,-0.6788376796874999,5.991666666666667,44.916666666666664,45.916666666666664,50.916666666666664,48.416666666666664,45.916666666666664,0.403204642578125,564,211
2025,00-0036630,Tylan Wallace,WR,11,12.5,-53.0,-0.6860697421874999,5.954545454545454,45.27272727272727,46.27272727272727,51.27272727272727,48.77272727272727,46.27272727272727,0.4031526278409091,565,212
2025,00-0030035,Adam Thielen,WR,14,30.1,-52.35,-0.6865135468750001,5.889285714285714,44.5,45.5,50.5,48.0,45.5,0.4045508934151786,566,213
2025,00-0040729,Jack Bech,WR,14,32.4,-51.75,-0.6873487187499998,6.010714285714286,43.57142857142857,44.57142857142857,49.57142857142857,47.07142857142857,44.57142857142857,0.4036087120535714,567,214
2025,00-0037120,Tyler Goodson,RB,10,4.2,-53.150000000000006,-0.6913106796875003,5.735,35.3,36.3,41.3,38.8,36.3,0.3815575,568,137
2025,00-0039451,Isaiah Williams,WR,15,35.7,-52.7,-0.7023033749999998,5.8933333333333335,43.86666666666667,44.86666666666667,49.86666666666667,47.36666666666667,44.86666666666667,0.4031628880208333,569,215
2025,00-0032211,Tyler Lockett,WR,17,51.1,-51.300000000000004,-0.7039946640625,6.023529411764706,44.0,45.0,50.0,47.5,45.0,0.4029148524816176,570,216
2025,00-0037091,Bo Melton,WR,13,22.200000000000003,-53.75,-0.7058972421874998,5.842307692307693,43.69230769230769,44.69230769230769,49.69230769230769,47.19230769230769,44.69230769230769,0.4042972728365385,571,217
2025,00-0037617,Hassan Haskins,RB,11,8.0,-53.540000000000006,-0.7148041171875,5.594545454545455,34.90909090909091,35.90909090909091,40.90909090909091,38.40909090909091,35.90909090909091,0.37426854048295455,572,138
2025,00-0038488,Brady Russell,RB,10,0.0,-56.35,-0.7169791796875,5.635,34.5,35.5,40.5,38.0,35.5,0.38054290625,573,139
2025,00-0035021,Ashton Dulin,WR,12,17.5,-54.2,-0.73428009375,5.9750000000000005,45.0,46.0,51.0,48.5,46.0,0.40208421809895833,574,218
2025,00-0036187,Reggie Gilliam,RB,11,3.8,-57.49,-0.741822140625,5.571818181818182,34.0,35.0,40.0,37.5,35.0,0.37709755610795453,575,140
2025,00-0039530,Brevyn Spann-Ford,TE,16,28.5,-56.55,-0.7445590468750002,5.315625,29.0625,30.0625,35.0625,32.5625,30.0625,0.3890949946289063,576,137
2025,00-0038359,Xavier Smith,WR,16,39.300000000000004,-57.900000000000006,-0.7525426640625001,6.075,44.0,45.0,50.0,47.5,45.0,0.4029693701171875,577,219
2025,00-0036620,Dee Eskridge,WR,11,8.2,-58.150000000000006,-0.7667422421875001,6.031818181818182,46.09090909090909,47.09090909090909,52.09090909090909,49.59090909090909,47.09090909090909,0.4039246818181818,578,220
2025,00-0040534,Ke'Shawn Williams,WR,11,2.0,-61.6,-0.7883275390625,5.781818181818182,43.72727272727273,44.72727272727273,49.72727272727273,47.22727272727273,44.72727272727273,0.4066688799715909,579,221
2025,00-0039746,Will Shipley,RB,14,15.0,-61.440000000000005,-0.7902651328125001,5.46,35.214285714285715,36.214285714285715,41.214285714285715,38.714285714285715,36.214285714285715,0.3758048203125,580,141
2025,00-0033854,Dare Ogunbowale,RB,14,19.1,-59.940000000000005,-0.7953784765625003,5.645714285714286,34.285714285714285,35.285714285714285,40.285714285714285,37.785714285714285,35.285714285714285,0.37997049832589286,581,142
2025,00-0038896,Jacob Saylors,RB,11,1.1,-61.34,-0.8036145625000002,5.676363636363637,34.63636363636363,35.63636363636363,40.63636363636363,38.13636363636363,35.63636363636363,0.378441921875,582,143
2025,00-0040164,Jaylin Lane,WR,15,31.200000000000003,-59.400000000000006,-0.8086144999999998,6.040000000000001,44.86666666666667,45.86666666666667,50.86666666666667,48.36666666666667,45.86666666666667,0.40225370624999995,583,222
2025,00-0040259,Gage Larvadain,WR,13,10.9,-63.85,-0.811821234375,5.75,44.15384615384615,45.15384615384615,50.15384615384615,47.65384615384615,45.15384615384615,0.40680854867788463,584,223
2025,00-0040208,Tahj Brooks,RB,12,5.9,-63.900000000000006,-0.8200232812499999,5.816666666666666,34.166666666666664,35.166666666666664,40.166666666666664,37.666666666666664,35.166666666666664,0.37884223502604164,585,144
2025,00-0037085,Tyler Badie,RB,16,25.900000000000002,-64.09,-0.8296342031249999,5.624375000000001,35.0,36.0,41.0,38.5,36.0,0.3762175717773437,586,145
2025,00-0033572,Jamal Agnew,WR,11,0.0,-63.00000000000001,-0.8338624140625,5.7272727272727275,44.36363636363637,45.36363636363637,50.36363636363637,47.86363636363637,45.36363636363637,0.4020437926136363,587,224
2025,00-0038573,Derius Davis,WR,11,2.5,-62.300000000000004,-0.8435589843749999,5.8909090909090915,44.81818181818182,45.81818181818182,50.81818181818182,48.31818181818182,45.81818181818182,0.40207145383522724,588,225
2025,00-0035602,Alex Bachman,WR,11,2.2,-63.550000000000004,-0.8458080234375001,5.9772727272727275,43.72727272727273,44.72727272727273,49.72727272727273,47.22727272727273,44.72727272727273,0.40368538991477276,589,226
2025,00-0036182,Nick Westbrook-Ikhine,WR,13,14.4,-63.10000000000001,-0.8525325234374999,5.961538461538462,44.46153846153846,45.46153846153846,50.46153846153846,47.96153846153846,45.46153846153846,0.4002568221153846,590,227
2025,00-0039751,Jordan Whittington,WR,15,27.3,-63.45,-0.8549114765625,6.05,43.93333333333333,44.93333333333333,49.93333333333333,47.43333333333333,44.93333333333333,0.4019568140625,591,228
2025,00-0035645,Gunner Olszewski,WR,16,30.82,-65.58,-0.8683595703124999,6.025,44.375,45.375,50.375,47.875,45.375,0.40253117138671873,592,229
2025,00-0039816,Anthony Gould,WR,11,1.6,-64.05000000000001,-0.878535484375,5.968181818181819,45.18181818181818,46.18181818181818,51.18181818181818,48.68181818181818,46.18181818181818,0.3970671732954545,593,230
2025,00-0040582,Arian Smith,WR,13,10.0,-67.5,-0.8869567109374998,5.961538461538462,45.15384615384615,46.15384615384615,51.15384615384615,48.65384615384615,46.15384615384615,0.4049699759615385,594,231
2025,00-0039796,Rasheen Ali,RB,15,19.7,-65.69000000000001,-0.88948240625,5.692666666666667,34.93333333333333,35.93333333333333,40.93333333333333,38.43333333333333,35.93333333333333,0.37594626718749996,595,146
2025,00-0038685,Chris Brooks,RB,17,26.200000000000003,-69.0,-0.8914185546874999,5.6000000000000005,34.88235294117647,35.88235294117647,40.88235294117647,38.38235294117647,35.88235294117647,0.37828473621323533,596,147
2025,00-0038840,Brycen Tremayne,WR,15,23.0,-68.4,-0.9055126796874999,6.093333333333334,44.666666666666664,45.666666666666664,50.666666666666664,48.166666666666664,45.666666666666664,0.40280085,597,232
2025,00-0040238,LeQuint Allen Jr.,RB,16,19.8,-69.84,-0.9164171015625001,5.6025,34.9375,35.9375,40.9375,38.4375,35.9375,0.3775322529296875,598,148
2025,00-0040154,Tai Felton,WR,12,4.0,-68.15,-0.9228194999999999,6.0125,43.5,44.5,49.5,47.0,44.5,0.4019032421875,599,233
2025,00-0036862,Ben Skowronek,WR,16,14.9,-80.2,-1.0299069609374998,5.9437500000000005,44.1875,45.1875,50.1875,47.6875,45.1875,0.4023544008789062,600,234
2025,00-0038519,Nikko Remigio,WR,14,3.7,-81.85000000000001,-1.0836881250000001,6.110714285714287,45.0,46.0,51.0,48.5,46.0,0.4017151305803571,601,235
2025,00-0040644,Trevor Etienne,RB,17,12.200000000000001,-83.79,-1.08808946875,5.646470588235295,34.35294117647059,35.35294117647059,40.35294117647059,37.85294117647059,35.35294117647059,0.3766967922794118,602,149
2025,00-0040075,LaJohntay Wester,WR,14,0.0,-83.5,-1.0977701718750001,5.964285714285714,44.5,45.5,50.5,48.0,45.5,0.4058195485491071,603,236
2025,00-0037594,Julius Chestnut,RB,16,4.0,-85.89,-1.1117590625,5.618125,34.6875,35.6875,40.6875,38.1875,35.6875,0.3791877724609375,604,150
2025,00-0038576,Charlie Jones,WR,14,0.0,-83.60000000000001,-1.1124108203124998,5.971428571428572,45.214285714285715,46.214285714285715,51.214285714285715,48.714285714285715,46.214285714285715,0.40130616350446424,605,237
2025,00-0039589,Kameron Johnson,WR,17,15.7,-85.4,-1.1380217578125,5.947058823529412,44.35294117647059,45.35294117647059,50.35294117647059,47.85294117647059,45.35294117647059,0.40280909512867646,606,238
2025,00-0039407,Dylan Laube,RB,17,4.2,-90.84,-1.1836970703125,5.590588235294118,34.88235294117647,35.88235294117647,40.88235294117647,38.38235294117647,35.88235294117647,0.37816937408088236,607,151
2025,00-0038090,Skyy Moore,WR,17,12.3,-90.2,-1.2048293124999998,6.029411764705882,44.470588235294116,45.470588235294116,50.470588235294116,47.970588235294116,45.470588235294116,0.4033010919117647,608,239
2025,00-0040506,Myles Price,WR,16,0.0,-95.9,-1.2645063671874999,5.99375,44.875,45.875,50.875,48.375,45.875,0.4027580786132812,609,240
2025,00-0036331,Devin Duvernay,WR,17,3.6000000000000005,-97.25,-1.2806967656250001,5.932352941176471,44.1764705882353,45.1764705882353,50.1764705882353,47.6764705882353,45.1764705882353,0.4029643864889706,610,241
