league_id,season,stratum,roster_id,week,baseline_size,active_capacity,owned_count,capacity_eligible
920523240571850752,2023,1QB,1,4,14,24,29,False
920523240571850752,2023,1QB,2,4,14,24,26,False
920523240571850752,2023,1QB,3,4,16,24,28,False
920523240571850752,2023,1QB,4,4,15,24,28,False
920523240571850752,2023,1QB,5,4,17,24,25,False
920523240571850752,2023,1QB,6,4,23,24,31,False
920523240571850752,2023,1QB,7,4,18,24,29,False
920523240571850752,2023,1QB,8,4,18,24,30,False
920523240571850752,2023,1QB,9,4,14,24,26,False
920523240571850752,2023,1QB,10,4,21,24,27,False
920523240571850752,2023,1QB,11,4,17,24,28,False
920523240571850752,2023,1QB,12,4,15,24,31,False
920523240571850752,2023,1QB,1,5,14,24,29,False
920523240571850752,2023,1QB,2,5,17,24,26,False
920523240571850752,2023,1QB,3,5,17,24,28,False
920523240571850752,2023,1QB,4,5,17,24,28,False
920523240571850752,2023,1QB,5,5,18,24,25,False
920523240571850752,2023,1QB,6,5,22,24,29,False
920523240571850752,2023,1QB,7,5,20,24,29,False
920523240571850752,2023,1QB,8,5,21,24,30,False
920523240571850752,2023,1QB,9,5,15,24,26,False
920523240571850752,2023,1QB,10,5,20,24,26,False
920523240571850752,2023,1QB,11,5,17,24,28,False
920523240571850752,2023,1QB,12,5,16,24,31,False
920523240571850752,2023,1QB,1,6,14,24,29,False
920523240571850752,2023,1QB,2,6,17,24,26,False
920523240571850752,2023,1QB,3,6,19,24,28,False
920523240571850752,2023,1QB,4,6,18,24,28,False
920523240571850752,2023,1QB,5,6,19,24,25,False
920523240571850752,2023,1QB,6,6,22,24,28,False
920523240571850752,2023,1QB,7,6,20,24,29,False
920523240571850752,2023,1QB,8,6,21,24,30,False
920523240571850752,2023,1QB,9,6,15,24,26,False
920523240571850752,2023,1QB,10,6,24,24,26,False
920523240571850752,2023,1QB,11,6,17,24,28,False
920523240571850752,2023,1QB,12,6,16,24,31,False
920523240571850752,2023,1QB,1,7,12,24,21,True
920523240571850752,2023,1QB,2,7,17,24,25,False
920523240571850752,2023,1QB,3,7,20,24,28,False
920523240571850752,2023,1QB,4,7,17,24,28,False
920523240571850752,2023,1QB,5,7,18,24,23,True
920523240571850752,2023,1QB,6,7,23,24,29,False
920523240571850752,2023,1QB,7,7,19,24,29,False
920523240571850752,2023,1QB,8,7,21,24,31,False
920523240571850752,2023,1QB,9,7,15,24,26,False
920523240571850752,2023,1QB,10,7,20,24,26,False
920523240571850752,2023,1QB,11,7,16,24,28,False
920523240571850752,2023,1QB,12,7,16,24,30,False
920523240571850752,2023,1QB,1,8,14,24,21,True
920523240571850752,2023,1QB,2,8,18,24,25,False
920523240571850752,2023,1QB,3,8,17,24,28,False
920523240571850752,2023,1QB,4,8,17,24,28,False
920523240571850752,2023,1QB,5,8,18,24,23,True
920523240571850752,2023,1QB,6,8,23,24,30,False
920523240571850752,2023,1QB,7,8,20,24,29,False
920523240571850752,2023,1QB,8,8,26,24,32,False
920523240571850752,2023,1QB,9,8,16,24,26,False
920523240571850752,2023,1QB,10,8,19,24,25,False
920523240571850752,2023,1QB,11,8,17,24,29,False
920523240571850752,2023,1QB,12,8,16,24,30,False
920523240571850752,2023,1QB,1,9,14,24,19,True
920523240571850752,2023,1QB,2,9,18,24,25,False
920523240571850752,2023,1QB,3,9,17,24,28,False
920523240571850752,2023,1QB,4,9,16,24,28,False
920523240571850752,2023,1QB,5,9,17,24,23,True
920523240571850752,2023,1QB,6,9,22,24,30,False
920523240571850752,2023,1QB,7,9,22,24,30,False
920523240571850752,2023,1QB,8,9,24,24,32,False
920523240571850752,2023,1QB,9,9,16,24,26,False
920523240571850752,2023,1QB,10,9,18,24,25,False
920523240571850752,2023,1QB,11,9,17,24,29,False
920523240571850752,2023,1QB,12,9,16,24,30,False
920523240571850752,2023,1QB,1,10,12,24,18,True
920523240571850752,2023,1QB,2,10,17,24,25,False
920523240571850752,2023,1QB,3,10,20,24,31,False
920523240571850752,2023,1QB,4,10,19,24,28,False
920523240571850752,2023,1QB,5,10,15,24,23,True
920523240571850752,2023,1QB,6,10,22,24,29,False
920523240571850752,2023,1QB,7,10,22,24,30,False
920523240571850752,2023,1QB,8,10,22,24,31,False
920523240571850752,2023,1QB,9,10,16,24,26,False
920523240571850752,2023,1QB,10,10,21,24,25,False
920523240571850752,2023,1QB,11,10,18,24,29,False
920523240571850752,2023,1QB,12,10,17,24,30,False
920523240571850752,2023,1QB,1,11,12,24,17,True
920523240571850752,2023,1QB,2,11,17,24,25,False
920523240571850752,2023,1QB,3,11,20,24,32,False
920523240571850752,2023,1QB,4,11,19,24,27,False
920523240571850752,2023,1QB,5,11,14,24,23,True
920523240571850752,2023,1QB,6,11,20,24,29,False
920523240571850752,2023,1QB,7,11,20,24,30,False
920523240571850752,2023,1QB,8,11,19,24,31,False
920523240571850752,2023,1QB,9,11,17,24,26,False
920523240571850752,2023,1QB,10,11,18,24,25,False
920523240571850752,2023,1QB,11,11,18,24,29,False
920523240571850752,2023,1QB,12,11,17,24,30,False
920523240571850752,2023,1QB,1,12,19,24,23,True
920523240571850752,2023,1QB,2,12,16,24,25,False
920523240571850752,2023,1QB,3,12,22,24,32,False
920523240571850752,2023,1QB,4,12,19,24,27,False
920523240571850752,2023,1QB,5,12,14,24,23,True
920523240571850752,2023,1QB,6,12,21,24,29,False
920523240571850752,2023,1QB,7,12,21,24,30,False
920523240571850752,2023,1QB,8,12,20,24,31,False
920523240571850752,2023,1QB,9,12,18,24,26,False
920523240571850752,2023,1QB,10,12,18,24,25,False
920523240571850752,2023,1QB,11,12,18,24,29,False
920523240571850752,2023,1QB,12,12,19,24,30,False
920523240571850752,2023,1QB,1,13,22,24,26,False
920523240571850752,2023,1QB,2,13,17,24,26,False
920523240571850752,2023,1QB,3,13,21,24,32,False
920523240571850752,2023,1QB,4,13,17,24,27,False
920523240571850752,2023,1QB,5,13,14,24,23,True
920523240571850752,2023,1QB,6,13,22,24,29,False
920523240571850752,2023,1QB,7,13,19,24,30,False
920523240571850752,2023,1QB,8,13,17,24,31,False
920523240571850752,2023,1QB,9,13,16,24,26,False
920523240571850752,2023,1QB,10,13,17,24,25,False
920523240571850752,2023,1QB,11,13,16,24,29,False
920523240571850752,2023,1QB,12,13,19,24,30,False
920523240571850752,2023,1QB,1,14,20,24,28,False
920523240571850752,2023,1QB,2,14,18,24,26,False
920523240571850752,2023,1QB,3,14,22,24,32,False
920523240571850752,2023,1QB,4,14,18,24,27,False
920523240571850752,2023,1QB,5,14,16,24,24,True
920523240571850752,2023,1QB,6,14,20,24,27,False
920523240571850752,2023,1QB,7,14,20,24,30,False
920523240571850752,2023,1QB,8,14,19,24,30,False
920523240571850752,2023,1QB,9,14,17,24,26,False
920523240571850752,2023,1QB,10,14,19,24,25,False
920523240571850752,2023,1QB,11,14,15,24,29,False
920523240571850752,2023,1QB,12,14,21,24,30,False
920523240571850752,2023,1QB,1,15,21,24,30,False
920523240571850752,2023,1QB,2,15,19,24,27,False
920523240571850752,2023,1QB,3,15,21,24,30,False
920523240571850752,2023,1QB,4,15,16,24,27,False
920523240571850752,2023,1QB,5,15,17,24,24,True
920523240571850752,2023,1QB,6,15,17,24,27,False
920523240571850752,2023,1QB,7,15,19,24,30,False
920523240571850752,2023,1QB,8,15,20,24,30,False
920523240571850752,2023,1QB,9,15,19,24,26,False
920523240571850752,2023,1QB,10,15,19,24,25,False
920523240571850752,2023,1QB,11,15,14,24,29,False
920523240571850752,2023,1QB,12,15,22,24,30,False
969999751733186560,2023,1QB,1,4,18,24,29,False
969999751733186560,2023,1QB,2,4,20,24,27,False
969999751733186560,2023,1QB,3,4,22,24,28,False
969999751733186560,2023,1QB,4,4,20,24,28,False
969999751733186560,2023,1QB,5,4,19,24,30,False
969999751733186560,2023,1QB,6,4,19,24,31,False
969999751733186560,2023,1QB,7,4,14,24,31,False
969999751733186560,2023,1QB,8,4,17,24,28,False
969999751733186560,2023,1QB,9,4,19,24,30,False
969999751733186560,2023,1QB,10,4,19,24,32,False
969999751733186560,2023,1QB,11,4,20,24,31,False
969999751733186560,2023,1QB,12,4,16,24,29,False
969999751733186560,2023,1QB,1,5,19,24,29,False
969999751733186560,2023,1QB,2,5,18,24,27,False
969999751733186560,2023,1QB,3,5,26,24,29,False
969999751733186560,2023,1QB,4,5,18,24,27,False
969999751733186560,2023,1QB,5,5,19,24,30,False
969999751733186560,2023,1QB,6,5,20,24,29,False
969999751733186560,2023,1QB,7,5,17,24,32,False
969999751733186560,2023,1QB,8,5,18,24,28,False
969999751733186560,2023,1QB,9,5,21,24,31,False
969999751733186560,2023,1QB,10,5,21,24,32,False
969999751733186560,2023,1QB,11,5,19,24,30,False
969999751733186560,2023,1QB,12,5,16,24,29,False
969999751733186560,2023,1QB,1,6,22,24,29,False
969999751733186560,2023,1QB,2,6,20,24,28,False
969999751733186560,2023,1QB,3,6,24,24,28,False
969999751733186560,2023,1QB,4,6,18,24,26,False
969999751733186560,2023,1QB,5,6,22,24,30,False
969999751733186560,2023,1QB,6,6,21,24,29,False
969999751733186560,2023,1QB,7,6,17,24,32,False
969999751733186560,2023,1QB,8,6,18,24,28,False
969999751733186560,2023,1QB,9,6,21,24,29,False
969999751733186560,2023,1QB,10,6,19,24,31,False
969999751733186560,2023,1QB,11,6,19,24,31,False
969999751733186560,2023,1QB,12,6,16,24,29,False
969999751733186560,2023,1QB,1,7,21,24,29,False
969999751733186560,2023,1QB,2,7,21,24,28,False
969999751733186560,2023,1QB,3,7,24,24,29,False
969999751733186560,2023,1QB,4,7,17,24,26,False
969999751733186560,2023,1QB,5,7,22,24,31,False
969999751733186560,2023,1QB,6,7,22,24,29,False
969999751733186560,2023,1QB,7,7,20,24,33,False
969999751733186560,2023,1QB,8,7,18,24,28,False
969999751733186560,2023,1QB,9,7,21,24,28,False
969999751733186560,2023,1QB,10,7,22,24,32,False
969999751733186560,2023,1QB,11,7,21,24,31,False
969999751733186560,2023,1QB,12,7,17,24,29,False
969999751733186560,2023,1QB,1,8,22,24,29,False
969999751733186560,2023,1QB,2,8,20,24,28,False
969999751733186560,2023,1QB,3,8,24,24,29,False
969999751733186560,2023,1QB,4,8,16,24,26,False
969999751733186560,2023,1QB,5,8,23,24,29,False
969999751733186560,2023,1QB,6,8,23,24,30,False
969999751733186560,2023,1QB,7,8,20,24,33,False
969999751733186560,2023,1QB,8,8,18,24,28,False
969999751733186560,2023,1QB,9,8,23,24,30,False
969999751733186560,2023,1QB,10,8,24,24,32,False
969999751733186560,2023,1QB,11,8,21,24,31,False
969999751733186560,2023,1QB,12,8,17,24,28,False
969999751733186560,2023,1QB,1,9,21,24,29,False
969999751733186560,2023,1QB,2,9,19,24,28,False
969999751733186560,2023,1QB,3,9,22,24,29,False
969999751733186560,2023,1QB,4,9,15,24,25,False
969999751733186560,2023,1QB,5,9,20,24,29,False
969999751733186560,2023,1QB,6,9,22,24,30,False
969999751733186560,2023,1QB,7,9,22,24,33,False
969999751733186560,2023,1QB,8,9,18,24,28,False
969999751733186560,2023,1QB,9,9,21,24,28,False
969999751733186560,2023,1QB,10,9,22,24,32,False
969999751733186560,2023,1QB,11,9,22,24,30,False
969999751733186560,2023,1QB,12,9,17,24,29,False
969999751733186560,2023,1QB,1,10,21,24,29,False
969999751733186560,2023,1QB,2,10,20,24,28,False
969999751733186560,2023,1QB,3,10,24,24,31,False
969999751733186560,2023,1QB,4,10,16,24,25,False
969999751733186560,2023,1QB,5,10,19,24,29,False
969999751733186560,2023,1QB,6,10,21,24,30,False
969999751733186560,2023,1QB,7,10,21,24,33,False
969999751733186560,2023,1QB,8,10,19,24,28,False
969999751733186560,2023,1QB,9,10,20,24,28,False
969999751733186560,2023,1QB,10,10,24,24,32,False
969999751733186560,2023,1QB,11,10,24,24,31,False
969999751733186560,2023,1QB,12,10,19,24,29,False
969999751733186560,2023,1QB,1,11,23,24,32,False
969999751733186560,2023,1QB,2,11,18,24,27,False
969999751733186560,2023,1QB,3,11,28,24,33,False
969999751733186560,2023,1QB,4,11,18,24,25,False
969999751733186560,2023,1QB,5,11,19,24,29,False
969999751733186560,2023,1QB,6,11,18,24,27,False
969999751733186560,2023,1QB,7,11,22,24,33,False
969999751733186560,2023,1QB,8,11,21,24,28,False
969999751733186560,2023,1QB,9,11,25,24,32,False
969999751733186560,2023,1QB,10,11,24,24,32,False
969999751733186560,2023,1QB,11,11,21,24,30,False
969999751733186560,2023,1QB,12,11,19,24,29,False
969999751733186560,2023,1QB,1,12,23,24,31,False
969999751733186560,2023,1QB,2,12,18,24,27,False
969999751733186560,2023,1QB,3,12,24,24,32,False
969999751733186560,2023,1QB,4,12,17,24,25,False
969999751733186560,2023,1QB,5,12,20,24,29,False
969999751733186560,2023,1QB,6,12,20,24,28,False
969999751733186560,2023,1QB,7,12,21,24,33,False
969999751733186560,2023,1QB,8,12,21,24,28,False
969999751733186560,2023,1QB,9,12,26,24,32,False
969999751733186560,2023,1QB,10,12,24,24,33,False
969999751733186560,2023,1QB,11,12,24,24,31,False
969999751733186560,2023,1QB,12,12,19,24,28,False
969999751733186560,2023,1QB,1,13,21,24,31,False
969999751733186560,2023,1QB,2,13,18,24,27,False
969999751733186560,2023,1QB,3,13,23,24,33,False
969999751733186560,2023,1QB,4,13,17,24,25,False
969999751733186560,2023,1QB,5,13,19,24,29,False
969999751733186560,2023,1QB,6,13,22,24,28,False
969999751733186560,2023,1QB,7,13,19,24,32,False
969999751733186560,2023,1QB,8,13,20,24,28,False
969999751733186560,2023,1QB,9,13,23,24,32,False
969999751733186560,2023,1QB,10,13,18,24,33,False
969999751733186560,2023,1QB,11,13,24,24,32,False
969999751733186560,2023,1QB,12,13,19,24,28,False
969999751733186560,2023,1QB,1,14,21,24,31,False
969999751733186560,2023,1QB,2,14,18,24,27,False
969999751733186560,2023,1QB,3,14,23,24,32,False
969999751733186560,2023,1QB,4,14,17,24,25,False
969999751733186560,2023,1QB,5,14,21,24,29,False
969999751733186560,2023,1QB,6,14,21,24,28,False
969999751733186560,2023,1QB,7,14,20,24,32,False
969999751733186560,2023,1QB,8,14,21,24,28,False
969999751733186560,2023,1QB,9,14,22,24,32,False
969999751733186560,2023,1QB,10,14,19,24,33,False
969999751733186560,2023,1QB,11,14,23,24,32,False
969999751733186560,2023,1QB,12,14,19,24,28,False
969999751733186560,2023,1QB,1,15,20,24,32,False
969999751733186560,2023,1QB,2,15,17,24,27,False
969999751733186560,2023,1QB,3,15,23,24,30,False
969999751733186560,2023,1QB,4,15,18,24,25,False
969999751733186560,2023,1QB,5,15,21,24,29,False
969999751733186560,2023,1QB,6,15,22,24,28,False
969999751733186560,2023,1QB,7,15,20,24,31,False
969999751733186560,2023,1QB,8,15,20,24,28,False
969999751733186560,2023,1QB,9,15,22,24,32,False
969999751733186560,2023,1QB,10,15,21,24,31,False
969999751733186560,2023,1QB,11,15,22,24,32,False
969999751733186560,2023,1QB,12,15,19,24,28,False
1048204852251164672,2024,1QB,1,4,17,24,29,False
1048204852251164672,2024,1QB,2,4,20,24,28,False
1048204852251164672,2024,1QB,3,4,18,24,32,False
1048204852251164672,2024,1QB,4,4,21,24,32,False
1048204852251164672,2024,1QB,5,4,19,24,26,False
1048204852251164672,2024,1QB,6,4,19,24,30,False
1048204852251164672,2024,1QB,7,4,20,24,30,False
1048204852251164672,2024,1QB,8,4,15,24,28,False
1048204852251164672,2024,1QB,9,4,16,24,32,False
1048204852251164672,2024,1QB,10,4,20,24,33,False
1048204852251164672,2024,1QB,11,4,18,24,30,False
1048204852251164672,2024,1QB,12,4,17,24,28,False
1048204852251164672,2024,1QB,1,5,18,24,29,False
1048204852251164672,2024,1QB,2,5,18,24,26,False
1048204852251164672,2024,1QB,3,5,20,24,31,False
1048204852251164672,2024,1QB,4,5,19,24,32,False
1048204852251164672,2024,1QB,5,5,20,24,26,False
1048204852251164672,2024,1QB,6,5,20,24,31,False
1048204852251164672,2024,1QB,7,5,21,24,31,False
1048204852251164672,2024,1QB,8,5,16,24,28,False
1048204852251164672,2024,1QB,9,5,15,24,32,False
1048204852251164672,2024,1QB,10,5,21,24,33,False
1048204852251164672,2024,1QB,11,5,19,24,30,False
1048204852251164672,2024,1QB,12,5,18,24,28,False
1048204852251164672,2024,1QB,1,6,19,24,29,False
1048204852251164672,2024,1QB,2,6,18,24,26,False
1048204852251164672,2024,1QB,3,6,24,24,32,False
1048204852251164672,2024,1QB,4,6,20,24,32,False
1048204852251164672,2024,1QB,5,6,21,24,26,False
1048204852251164672,2024,1QB,6,6,22,24,32,False
1048204852251164672,2024,1QB,7,6,21,24,31,False
1048204852251164672,2024,1QB,8,6,18,24,29,False
1048204852251164672,2024,1QB,9,6,17,24,32,False
1048204852251164672,2024,1QB,10,6,22,24,33,False
1048204852251164672,2024,1QB,11,6,21,24,31,False
1048204852251164672,2024,1QB,12,6,18,24,28,False
1048204852251164672,2024,1QB,1,7,20,24,30,False
1048204852251164672,2024,1QB,2,7,20,24,26,False
1048204852251164672,2024,1QB,3,7,22,24,33,False
1048204852251164672,2024,1QB,4,7,21,24,31,False
1048204852251164672,2024,1QB,5,7,22,24,26,False
1048204852251164672,2024,1QB,6,7,22,24,32,False
1048204852251164672,2024,1QB,7,7,21,24,31,False
1048204852251164672,2024,1QB,8,7,18,24,29,False
1048204852251164672,2024,1QB,9,7,18,24,32,False
1048204852251164672,2024,1QB,10,7,23,24,32,False
1048204852251164672,2024,1QB,11,7,22,24,32,False
1048204852251164672,2024,1QB,12,7,18,24,28,False
1048204852251164672,2024,1QB,1,8,22,24,29,False
1048204852251164672,2024,1QB,2,8,21,24,26,False
1048204852251164672,2024,1QB,3,8,25,24,33,False
1048204852251164672,2024,1QB,4,8,20,24,31,False
1048204852251164672,2024,1QB,5,8,19,24,26,False
1048204852251164672,2024,1QB,6,8,18,24,30,False
1048204852251164672,2024,1QB,7,8,21,24,31,False
1048204852251164672,2024,1QB,8,8,19,24,31,False
1048204852251164672,2024,1QB,9,8,19,24,31,False
1048204852251164672,2024,1QB,10,8,24,24,31,False
1048204852251164672,2024,1QB,11,8,21,24,32,False
1048204852251164672,2024,1QB,12,8,18,24,28,False
1048204852251164672,2024,1QB,1,9,20,24,29,False
1048204852251164672,2024,1QB,2,9,22,24,27,False
1048204852251164672,2024,1QB,3,9,26,24,33,False
1048204852251164672,2024,1QB,4,9,21,24,31,False
1048204852251164672,2024,1QB,5,9,19,24,26,False
1048204852251164672,2024,1QB,6,9,21,24,30,False
1048204852251164672,2024,1QB,7,9,20,24,31,False
1048204852251164672,2024,1QB,8,9,19,24,30,False
1048204852251164672,2024,1QB,9,9,19,24,29,False
1048204852251164672,2024,1QB,10,9,22,24,30,False
1048204852251164672,2024,1QB,11,9,20,24,31,False
1048204852251164672,2024,1QB,12,9,18,24,28,False
1048204852251164672,2024,1QB,1,10,20,24,29,False
1048204852251164672,2024,1QB,2,10,22,24,27,False
1048204852251164672,2024,1QB,3,10,23,24,31,False
1048204852251164672,2024,1QB,4,10,21,24,31,False
1048204852251164672,2024,1QB,5,10,19,24,26,False
1048204852251164672,2024,1QB,6,10,23,24,30,False
1048204852251164672,2024,1QB,7,10,23,24,31,False
1048204852251164672,2024,1QB,8,10,18,24,30,False
1048204852251164672,2024,1QB,9,10,20,24,30,False
1048204852251164672,2024,1QB,10,10,23,24,31,False
1048204852251164672,2024,1QB,11,10,20,24,31,False
1048204852251164672,2024,1QB,12,10,18,24,28,False
1048204852251164672,2024,1QB,1,11,20,24,29,False
1048204852251164672,2024,1QB,2,11,23,24,27,False
1048204852251164672,2024,1QB,3,11,23,24,31,False
1048204852251164672,2024,1QB,4,11,19,24,29,False
1048204852251164672,2024,1QB,5,11,20,24,26,False
1048204852251164672,2024,1QB,6,11,22,24,30,False
1048204852251164672,2024,1QB,7,11,22,24,31,False
1048204852251164672,2024,1QB,8,11,19,24,30,False
1048204852251164672,2024,1QB,9,11,19,24,30,False
1048204852251164672,2024,1QB,10,11,26,24,33,False
1048204852251164672,2024,1QB,11,11,22,24,33,False
1048204852251164672,2024,1QB,12,11,18,24,28,False
1048204852251164672,2024,1QB,1,12,20,24,29,False
1048204852251164672,2024,1QB,2,12,23,24,27,False
1048204852251164672,2024,1QB,3,12,23,24,31,False
1048204852251164672,2024,1QB,4,12,18,24,29,False
1048204852251164672,2024,1QB,5,12,19,24,26,False
1048204852251164672,2024,1QB,6,12,21,24,30,False
1048204852251164672,2024,1QB,7,12,23,24,31,False
1048204852251164672,2024,1QB,8,12,17,24,30,False
1048204852251164672,2024,1QB,9,12,18,24,30,False
1048204852251164672,2024,1QB,10,12,25,24,33,False
1048204852251164672,2024,1QB,11,12,23,24,33,False
1048204852251164672,2024,1QB,12,12,18,24,28,False
1048204852251164672,2024,1QB,1,13,18,24,29,False
1048204852251164672,2024,1QB,2,13,23,24,27,False
1048204852251164672,2024,1QB,3,13,21,24,31,False
1048204852251164672,2024,1QB,4,13,18,24,28,False
1048204852251164672,2024,1QB,5,13,18,24,26,False
1048204852251164672,2024,1QB,6,13,19,24,30,False
1048204852251164672,2024,1QB,7,13,21,24,31,False
1048204852251164672,2024,1QB,8,13,18,24,30,False
1048204852251164672,2024,1QB,9,13,17,24,30,False
1048204852251164672,2024,1QB,10,13,21,24,33,False
1048204852251164672,2024,1QB,11,13,24,24,33,False
1048204852251164672,2024,1QB,12,13,18,24,28,False
1048204852251164672,2024,1QB,1,14,17,24,29,False
1048204852251164672,2024,1QB,2,14,22,24,27,False
1048204852251164672,2024,1QB,3,14,21,24,31,False
1048204852251164672,2024,1QB,4,14,17,24,27,False
1048204852251164672,2024,1QB,5,14,18,24,26,False
1048204852251164672,2024,1QB,6,14,19,24,31,False
1048204852251164672,2024,1QB,7,14,21,24,31,False
1048204852251164672,2024,1QB,8,14,19,24,30,False
1048204852251164672,2024,1QB,9,14,17,24,30,False
1048204852251164672,2024,1QB,10,14,22,24,33,False
1048204852251164672,2024,1QB,11,14,25,24,33,False
1048204852251164672,2024,1QB,12,14,18,24,28,False
1048204852251164672,2024,1QB,1,15,19,24,29,False
1048204852251164672,2024,1QB,2,15,21,24,27,False
1048204852251164672,2024,1QB,3,15,21,24,31,False
1048204852251164672,2024,1QB,4,15,19,24,27,False
1048204852251164672,2024,1QB,5,15,18,24,26,False
1048204852251164672,2024,1QB,6,15,18,24,31,False
1048204852251164672,2024,1QB,7,15,25,24,31,False
1048204852251164672,2024,1QB,8,15,19,24,30,False
1048204852251164672,2024,1QB,9,15,17,24,30,False
1048204852251164672,2024,1QB,10,15,21,24,33,False
1048204852251164672,2024,1QB,11,15,23,24,33,False
1048204852251164672,2024,1QB,12,15,16,24,28,False
1048901308398288896,2024,1QB,1,4,16,25,31,False
1048901308398288896,2024,1QB,2,4,15,25,30,False
1048901308398288896,2024,1QB,3,4,18,25,28,False
1048901308398288896,2024,1QB,4,4,18,25,31,False
1048901308398288896,2024,1QB,5,4,14,25,28,False
1048901308398288896,2024,1QB,6,4,19,25,28,False
1048901308398288896,2024,1QB,7,4,20,25,29,False
1048901308398288896,2024,1QB,8,4,20,25,30,False
1048901308398288896,2024,1QB,9,4,17,25,33,False
1048901308398288896,2024,1QB,10,4,17,25,31,False
1048901308398288896,2024,1QB,11,4,16,25,30,False
1048901308398288896,2024,1QB,12,4,22,25,32,False
1048901308398288896,2024,1QB,1,5,16,25,31,False
1048901308398288896,2024,1QB,2,5,16,25,30,False
1048901308398288896,2024,1QB,3,5,19,25,29,False
1048901308398288896,2024,1QB,4,5,20,25,31,False
1048901308398288896,2024,1QB,5,5,14,25,28,False
1048901308398288896,2024,1QB,6,5,19,25,28,False
1048901308398288896,2024,1QB,7,5,22,25,29,False
1048901308398288896,2024,1QB,8,5,20,25,30,False
1048901308398288896,2024,1QB,9,5,16,25,33,False
1048901308398288896,2024,1QB,10,5,18,25,32,False
1048901308398288896,2024,1QB,11,5,16,25,30,False
1048901308398288896,2024,1QB,12,5,21,25,32,False
1048901308398288896,2024,1QB,1,6,18,25,31,False
1048901308398288896,2024,1QB,2,6,19,25,30,False
1048901308398288896,2024,1QB,3,6,20,25,31,False
1048901308398288896,2024,1QB,4,6,22,25,33,False
1048901308398288896,2024,1QB,5,6,16,25,28,False
1048901308398288896,2024,1QB,6,6,21,25,28,False
1048901308398288896,2024,1QB,7,6,22,25,29,False
1048901308398288896,2024,1QB,8,6,21,25,30,False
1048901308398288896,2024,1QB,9,6,14,25,33,False
1048901308398288896,2024,1QB,10,6,20,25,32,False
1048901308398288896,2024,1QB,11,6,17,25,30,False
1048901308398288896,2024,1QB,12,6,23,25,32,False
1048901308398288896,2024,1QB,1,7,18,25,30,False
1048901308398288896,2024,1QB,2,7,19,25,30,False
1048901308398288896,2024,1QB,3,7,19,25,31,False
1048901308398288896,2024,1QB,4,7,22,25,33,False
1048901308398288896,2024,1QB,5,7,18,25,28,False
1048901308398288896,2024,1QB,6,7,22,25,28,False
1048901308398288896,2024,1QB,7,7,20,25,29,False
1048901308398288896,2024,1QB,8,7,21,25,30,False
1048901308398288896,2024,1QB,9,7,13,25,33,False
1048901308398288896,2024,1QB,10,7,18,25,32,False
1048901308398288896,2024,1QB,11,7,21,25,31,False
1048901308398288896,2024,1QB,12,7,24,25,31,False
1048901308398288896,2024,1QB,1,8,18,25,30,False
1048901308398288896,2024,1QB,2,8,19,25,30,False
1048901308398288896,2024,1QB,3,8,20,25,29,False
1048901308398288896,2024,1QB,4,8,21,25,33,False
1048901308398288896,2024,1QB,5,8,18,25,28,False
1048901308398288896,2024,1QB,6,8,22,25,28,False
1048901308398288896,2024,1QB,7,8,22,25,29,False
1048901308398288896,2024,1QB,8,8,23,25,30,False
1048901308398288896,2024,1QB,9,8,13,25,33,False
1048901308398288896,2024,1QB,10,8,20,25,32,False
1048901308398288896,2024,1QB,11,8,19,25,31,False
1048901308398288896,2024,1QB,12,8,21,25,31,False
1048901308398288896,2024,1QB,1,9,18,25,30,False
1048901308398288896,2024,1QB,2,9,19,25,30,False
1048901308398288896,2024,1QB,3,9,22,25,30,False
1048901308398288896,2024,1QB,4,9,22,25,33,False
1048901308398288896,2024,1QB,5,9,19,25,28,False
1048901308398288896,2024,1QB,6,9,21,25,28,False
1048901308398288896,2024,1QB,7,9,21,25,29,False
1048901308398288896,2024,1QB,8,9,23,25,30,False
1048901308398288896,2024,1QB,9,9,12,25,33,False
1048901308398288896,2024,1QB,10,9,21,25,30,False
1048901308398288896,2024,1QB,11,9,18,25,30,False
1048901308398288896,2024,1QB,12,9,21,25,31,False
1048901308398288896,2024,1QB,1,10,18,25,30,False
1048901308398288896,2024,1QB,2,10,20,25,30,False
1048901308398288896,2024,1QB,3,10,22,25,30,False
1048901308398288896,2024,1QB,4,10,21,25,33,False
1048901308398288896,2024,1QB,5,10,21,25,28,False
1048901308398288896,2024,1QB,6,10,21,25,28,False
1048901308398288896,2024,1QB,7,10,21,25,29,False
1048901308398288896,2024,1QB,8,10,24,25,29,False
1048901308398288896,2024,1QB,9,10,12,25,33,False
1048901308398288896,2024,1QB,10,10,20,25,30,False
1048901308398288896,2024,1QB,11,10,17,25,30,False
1048901308398288896,2024,1QB,12,10,23,25,31,False
1048901308398288896,2024,1QB,1,11,16,25,30,False
1048901308398288896,2024,1QB,2,11,20,25,30,False
1048901308398288896,2024,1QB,3,11,25,25,31,False
1048901308398288896,2024,1QB,4,11,23,25,33,False
1048901308398288896,2024,1QB,5,11,20,25,28,False
1048901308398288896,2024,1QB,6,11,21,25,29,False
1048901308398288896,2024,1QB,7,11,22,25,29,False
1048901308398288896,2024,1QB,8,11,23,25,26,False
1048901308398288896,2024,1QB,9,11,12,25,33,False
1048901308398288896,2024,1QB,10,11,19,25,30,False
1048901308398288896,2024,1QB,11,11,18,25,31,False
1048901308398288896,2024,1QB,12,11,23,25,29,False
1048901308398288896,2024,1QB,1,12,18,25,31,False
1048901308398288896,2024,1QB,2,12,20,25,30,False
1048901308398288896,2024,1QB,3,12,22,25,30,False
1048901308398288896,2024,1QB,4,12,25,25,33,False
1048901308398288896,2024,1QB,5,12,20,25,28,False
1048901308398288896,2024,1QB,6,12,19,25,28,False
1048901308398288896,2024,1QB,7,12,21,25,29,False
1048901308398288896,2024,1QB,8,12,22,25,28,False
1048901308398288896,2024,1QB,9,12,13,25,33,False
1048901308398288896,2024,1QB,10,12,20,25,30,False
1048901308398288896,2024,1QB,11,12,17,25,31,False
1048901308398288896,2024,1QB,12,12,24,25,29,False
1048901308398288896,2024,1QB,1,13,21,25,34,False
1048901308398288896,2024,1QB,2,13,19,25,29,False
1048901308398288896,2024,1QB,3,13,22,25,30,False
1048901308398288896,2024,1QB,4,13,23,25,33,False
1048901308398288896,2024,1QB,5,13,19,25,28,False
1048901308398288896,2024,1QB,6,13,19,25,28,False
1048901308398288896,2024,1QB,7,13,19,25,28,False
1048901308398288896,2024,1QB,8,13,23,25,28,False
1048901308398288896,2024,1QB,9,13,15,25,33,False
1048901308398288896,2024,1QB,10,13,20,25,30,False
1048901308398288896,2024,1QB,11,13,16,25,31,False
1048901308398288896,2024,1QB,12,13,22,25,29,False
1048901308398288896,2024,1QB,1,14,19,25,33,False
1048901308398288896,2024,1QB,2,14,19,25,29,False
1048901308398288896,2024,1QB,3,14,24,25,31,False
1048901308398288896,2024,1QB,4,14,23,25,33,False
1048901308398288896,2024,1QB,5,14,19,25,28,False
1048901308398288896,2024,1QB,6,14,19,25,29,False
1048901308398288896,2024,1QB,7,14,19,25,28,False
1048901308398288896,2024,1QB,8,14,23,25,28,False
1048901308398288896,2024,1QB,9,14,17,25,33,False
1048901308398288896,2024,1QB,10,14,19,25,30,False
1048901308398288896,2024,1QB,11,14,20,25,33,False
1048901308398288896,2024,1QB,12,14,19,25,29,False
1048901308398288896,2024,1QB,1,15,18,25,34,False
1048901308398288896,2024,1QB,2,15,19,25,29,False
1048901308398288896,2024,1QB,3,15,25,25,31,False
1048901308398288896,2024,1QB,4,15,22,25,32,False
1048901308398288896,2024,1QB,5,15,19,25,28,False
1048901308398288896,2024,1QB,6,15,20,25,30,False
1048901308398288896,2024,1QB,7,15,20,25,28,False
1048901308398288896,2024,1QB,8,15,21,25,28,False
1048901308398288896,2024,1QB,9,15,20,25,32,False
1048901308398288896,2024,1QB,10,15,19,25,30,False
1048901308398288896,2024,1QB,11,15,21,25,33,False
1048901308398288896,2024,1QB,12,15,19,25,29,False
1180667636675596288,2025,1QB,1,4,17,25,33,False
1180667636675596288,2025,1QB,2,4,14,25,28,False
1180667636675596288,2025,1QB,3,4,18,25,29,False
1180667636675596288,2025,1QB,4,4,19,25,30,False
1180667636675596288,2025,1QB,5,4,21,25,33,False
1180667636675596288,2025,1QB,6,4,20,25,29,False
1180667636675596288,2025,1QB,7,4,17,25,28,False
1180667636675596288,2025,1QB,8,4,17,25,31,False
1180667636675596288,2025,1QB,9,4,20,25,30,False
1180667636675596288,2025,1QB,10,4,18,25,30,False
1180667636675596288,2025,1QB,11,4,13,25,31,False
1180667636675596288,2025,1QB,12,4,16,25,31,False
1180667636675596288,2025,1QB,1,5,19,25,32,False
1180667636675596288,2025,1QB,2,5,16,25,28,False
1180667636675596288,2025,1QB,3,5,20,25,28,False
1180667636675596288,2025,1QB,4,5,19,25,30,False
1180667636675596288,2025,1QB,5,5,19,25,33,False
1180667636675596288,2025,1QB,6,5,23,25,27,False
1180667636675596288,2025,1QB,7,5,17,25,28,False
1180667636675596288,2025,1QB,8,5,20,25,32,False
1180667636675596288,2025,1QB,9,5,21,25,31,False
1180667636675596288,2025,1QB,10,5,19,25,30,False
1180667636675596288,2025,1QB,11,5,14,25,31,False
1180667636675596288,2025,1QB,12,5,18,25,31,False
1180667636675596288,2025,1QB,1,6,21,25,32,False
1180667636675596288,2025,1QB,2,6,16,25,28,False
1180667636675596288,2025,1QB,3,6,19,25,26,False
1180667636675596288,2025,1QB,4,6,23,25,29,False
1180667636675596288,2025,1QB,5,6,21,25,33,False
1180667636675596288,2025,1QB,6,6,22,25,27,False
1180667636675596288,2025,1QB,7,6,19,25,28,False
1180667636675596288,2025,1QB,8,6,21,25,31,False
1180667636675596288,2025,1QB,9,6,22,25,32,False
1180667636675596288,2025,1QB,10,6,19,25,30,False
1180667636675596288,2025,1QB,11,6,17,25,31,False
1180667636675596288,2025,1QB,12,6,20,25,31,False
1180667636675596288,2025,1QB,1,7,21,25,32,False
1180667636675596288,2025,1QB,2,7,16,25,28,False
1180667636675596288,2025,1QB,3,7,20,25,26,False
1180667636675596288,2025,1QB,4,7,20,25,29,False
1180667636675596288,2025,1QB,5,7,21,25,33,False
1180667636675596288,2025,1QB,6,7,21,25,27,False
1180667636675596288,2025,1QB,7,7,19,25,28,False
1180667636675596288,2025,1QB,8,7,21,25,31,False
1180667636675596288,2025,1QB,9,7,20,25,31,False
1180667636675596288,2025,1QB,10,7,20,25,29,False
1180667636675596288,2025,1QB,11,7,19,25,31,False
1180667636675596288,2025,1QB,12,7,20,25,32,False
1180667636675596288,2025,1QB,1,8,22,25,32,False
1180667636675596288,2025,1QB,2,8,18,25,28,False
1180667636675596288,2025,1QB,3,8,19,25,26,False
1180667636675596288,2025,1QB,4,8,19,25,29,False
1180667636675596288,2025,1QB,5,8,21,25,33,False
1180667636675596288,2025,1QB,6,8,22,25,27,False
1180667636675596288,2025,1QB,7,8,19,25,28,False
1180667636675596288,2025,1QB,8,8,19,25,32,False
1180667636675596288,2025,1QB,9,8,18,25,31,False
1180667636675596288,2025,1QB,10,8,22,25,29,False
1180667636675596288,2025,1QB,11,8,18,25,31,False
1180667636675596288,2025,1QB,12,8,21,25,32,False
1180667636675596288,2025,1QB,1,9,23,25,32,False
1180667636675596288,2025,1QB,2,9,19,25,28,False
1180667636675596288,2025,1QB,3,9,20,25,27,False
1180667636675596288,2025,1QB,4,9,20,25,29,False
1180667636675596288,2025,1QB,5,9,23,25,33,False
1180667636675596288,2025,1QB,6,9,22,25,28,False
1180667636675596288,2025,1QB,7,9,17,25,28,False
1180667636675596288,2025,1QB,8,9,21,25,31,False
1180667636675596288,2025,1QB,9,9,21,25,32,False
1180667636675596288,2025,1QB,10,9,22,25,29,False
1180667636675596288,2025,1QB,11,9,19,25,31,False
1180667636675596288,2025,1QB,12,9,23,25,32,False
1180667636675596288,2025,1QB,1,10,21,25,32,False
1180667636675596288,2025,1QB,2,10,19,25,28,False
1180667636675596288,2025,1QB,3,10,20,25,27,False
1180667636675596288,2025,1QB,4,10,21,25,29,False
1180667636675596288,2025,1QB,5,10,24,25,33,False
1180667636675596288,2025,1QB,6,10,20,25,27,False
1180667636675596288,2025,1QB,7,10,17,25,28,False
1180667636675596288,2025,1QB,8,10,21,25,31,False
1180667636675596288,2025,1QB,9,10,22,25,31,False
1180667636675596288,2025,1QB,10,10,22,25,29,False
1180667636675596288,2025,1QB,11,10,18,25,31,False
1180667636675596288,2025,1QB,12,10,22,25,32,False
1180667636675596288,2025,1QB,1,11,21,25,32,False
1180667636675596288,2025,1QB,2,11,21,25,29,False
1180667636675596288,2025,1QB,3,11,19,25,26,False
1180667636675596288,2025,1QB,4,11,20,25,30,False
1180667636675596288,2025,1QB,5,11,24,25,33,False
1180667636675596288,2025,1QB,6,11,20,25,27,False
1180667636675596288,2025,1QB,7,11,16,25,28,False
1180667636675596288,2025,1QB,8,11,22,25,31,False
1180667636675596288,2025,1QB,9,11,21,25,31,False
1180667636675596288,2025,1QB,10,11,20,25,29,False
1180667636675596288,2025,1QB,11,11,17,25,31,False
1180667636675596288,2025,1QB,12,11,24,25,33,False
1180667636675596288,2025,1QB,1,12,21,25,32,False
1180667636675596288,2025,1QB,2,12,24,25,30,False
1180667636675596288,2025,1QB,3,12,17,25,23,True
1180667636675596288,2025,1QB,4,12,20,25,30,False
1180667636675596288,2025,1QB,5,12,23,25,33,False
1180667636675596288,2025,1QB,6,12,20,25,27,False
1180667636675596288,2025,1QB,7,12,16,25,28,False
1180667636675596288,2025,1QB,8,12,20,25,31,False
1180667636675596288,2025,1QB,9,12,21,25,31,False
1180667636675596288,2025,1QB,10,12,20,25,29,False
1180667636675596288,2025,1QB,11,12,17,25,31,False
1180667636675596288,2025,1QB,12,12,24,25,33,False
1180667636675596288,2025,1QB,1,13,20,25,32,False
1180667636675596288,2025,1QB,2,13,25,25,31,False
1180667636675596288,2025,1QB,3,13,18,25,23,True
1180667636675596288,2025,1QB,4,13,19,25,30,False
1180667636675596288,2025,1QB,5,13,22,25,33,False
1180667636675596288,2025,1QB,6,13,21,25,27,False
1180667636675596288,2025,1QB,7,13,16,25,28,False
1180667636675596288,2025,1QB,8,13,21,25,31,False
1180667636675596288,2025,1QB,9,13,20,25,31,False
1180667636675596288,2025,1QB,10,13,19,25,30,False
1180667636675596288,2025,1QB,11,13,19,25,31,False
1180667636675596288,2025,1QB,12,13,23,25,33,False
1180667636675596288,2025,1QB,1,14,19,25,32,False
1180667636675596288,2025,1QB,2,14,22,25,30,False
1180667636675596288,2025,1QB,3,14,18,25,23,True
1180667636675596288,2025,1QB,4,14,20,25,31,False
1180667636675596288,2025,1QB,5,14,22,25,33,False
1180667636675596288,2025,1QB,6,14,20,25,26,False
1180667636675596288,2025,1QB,7,14,16,25,28,False
1180667636675596288,2025,1QB,8,14,21,25,31,False
1180667636675596288,2025,1QB,9,14,18,25,32,False
1180667636675596288,2025,1QB,10,14,22,25,31,False
1180667636675596288,2025,1QB,11,14,18,25,31,False
1180667636675596288,2025,1QB,12,14,22,25,33,False
1180667636675596288,2025,1QB,1,15,19,25,31,False
1180667636675596288,2025,1QB,2,15,21,25,29,False
1180667636675596288,2025,1QB,3,15,18,25,23,True
1180667636675596288,2025,1QB,4,15,19,25,31,False
1180667636675596288,2025,1QB,5,15,22,25,33,False
1180667636675596288,2025,1QB,6,15,21,25,26,False
1180667636675596288,2025,1QB,7,15,15,25,28,False
1180667636675596288,2025,1QB,8,15,21,25,31,False
1180667636675596288,2025,1QB,9,15,19,25,32,False
1180667636675596288,2025,1QB,10,15,20,25,31,False
1180667636675596288,2025,1QB,11,15,18,25,31,False
1180667636675596288,2025,1QB,12,15,20,25,32,False
1180224010881282048,2025,1QB,1,4,19,19,21,False
1180224010881282048,2025,1QB,2,4,15,19,21,False
1180224010881282048,2025,1QB,3,4,14,19,20,False
1180224010881282048,2025,1QB,4,4,11,19,19,True
1180224010881282048,2025,1QB,5,4,16,19,19,True
1180224010881282048,2025,1QB,6,4,14,19,19,True
1180224010881282048,2025,1QB,7,4,14,19,20,False
1180224010881282048,2025,1QB,8,4,13,19,18,True
1180224010881282048,2025,1QB,9,4,14,19,21,False
1180224010881282048,2025,1QB,10,4,14,19,20,False
1180224010881282048,2025,1QB,11,4,15,19,19,True
1180224010881282048,2025,1QB,12,4,11,19,19,True
1180224010881282048,2025,1QB,13,4,17,19,20,False
1180224010881282048,2025,1QB,14,4,15,19,19,True
1180224010881282048,2025,1QB,1,5,18,19,21,False
1180224010881282048,2025,1QB,2,5,15,19,21,False
1180224010881282048,2025,1QB,3,5,15,19,20,False
1180224010881282048,2025,1QB,4,5,13,19,19,True
1180224010881282048,2025,1QB,5,5,16,19,19,True
1180224010881282048,2025,1QB,6,5,14,19,19,True
1180224010881282048,2025,1QB,7,5,16,19,20,False
1180224010881282048,2025,1QB,8,5,14,19,18,True
1180224010881282048,2025,1QB,9,5,15,19,21,False
1180224010881282048,2025,1QB,10,5,15,19,20,False
1180224010881282048,2025,1QB,11,5,15,19,19,True
1180224010881282048,2025,1QB,12,5,13,19,19,True
1180224010881282048,2025,1QB,13,5,18,19,20,False
1180224010881282048,2025,1QB,14,5,16,19,19,True
1180224010881282048,2025,1QB,1,6,18,19,21,False
1180224010881282048,2025,1QB,2,6,16,19,21,False
1180224010881282048,2025,1QB,3,6,15,19,20,False
1180224010881282048,2025,1QB,4,6,13,19,19,True
1180224010881282048,2025,1QB,5,6,18,19,20,False
1180224010881282048,2025,1QB,6,6,15,19,19,True
1180224010881282048,2025,1QB,7,6,18,19,20,False
1180224010881282048,2025,1QB,8,6,16,19,19,True
1180224010881282048,2025,1QB,9,6,17,19,21,False
1180224010881282048,2025,1QB,10,6,15,19,20,False
1180224010881282048,2025,1QB,11,6,16,19,20,False
1180224010881282048,2025,1QB,12,6,15,19,18,True
1180224010881282048,2025,1QB,13,6,19,19,21,False
1180224010881282048,2025,1QB,14,6,16,19,19,True
1180224010881282048,2025,1QB,1,7,17,19,21,False
1180224010881282048,2025,1QB,2,7,16,19,21,False
1180224010881282048,2025,1QB,3,7,16,19,21,False
1180224010881282048,2025,1QB,4,7,13,19,19,True
1180224010881282048,2025,1QB,5,7,17,19,20,False
1180224010881282048,2025,1QB,6,7,15,19,19,True
1180224010881282048,2025,1QB,7,7,20,19,21,False
1180224010881282048,2025,1QB,8,7,16,19,20,False
1180224010881282048,2025,1QB,9,7,17,19,21,False
1180224010881282048,2025,1QB,10,7,14,19,20,False
1180224010881282048,2025,1QB,11,7,16,19,20,False
1180224010881282048,2025,1QB,12,7,16,19,19,True
1180224010881282048,2025,1QB,13,7,18,19,21,False
1180224010881282048,2025,1QB,14,7,16,19,19,True
1180224010881282048,2025,1QB,1,8,18,19,21,False
1180224010881282048,2025,1QB,2,8,17,19,21,False
1180224010881282048,2025,1QB,3,8,16,19,21,False
1180224010881282048,2025,1QB,4,8,14,19,19,True
1180224010881282048,2025,1QB,5,8,14,19,20,False
1180224010881282048,2025,1QB,6,8,15,19,19,True
1180224010881282048,2025,1QB,7,8,19,19,20,False
1180224010881282048,2025,1QB,8,8,16,19,20,False
1180224010881282048,2025,1QB,9,8,19,19,21,False
1180224010881282048,2025,1QB,10,8,15,19,19,True
1180224010881282048,2025,1QB,11,8,16,19,20,False
1180224010881282048,2025,1QB,12,8,18,19,20,False
1180224010881282048,2025,1QB,13,8,19,19,21,False
1180224010881282048,2025,1QB,14,8,14,19,19,True
1180224010881282048,2025,1QB,1,9,18,19,21,False
1180224010881282048,2025,1QB,2,9,17,19,21,False
1180224010881282048,2025,1QB,3,9,15,19,21,False
1180224010881282048,2025,1QB,4,9,17,19,19,True
1180224010881282048,2025,1QB,5,9,15,19,20,False
1180224010881282048,2025,1QB,6,9,17,19,19,True
1180224010881282048,2025,1QB,7,9,19,19,21,False
1180224010881282048,2025,1QB,8,9,15,19,20,False
1180224010881282048,2025,1QB,9,9,19,19,21,False
1180224010881282048,2025,1QB,10,9,18,19,21,False
1180224010881282048,2025,1QB,11,9,15,19,20,False
1180224010881282048,2025,1QB,12,9,17,19,20,False
1180224010881282048,2025,1QB,13,9,19,19,21,False
1180224010881282048,2025,1QB,14,9,17,19,20,False
1180224010881282048,2025,1QB,1,10,18,19,21,False
1180224010881282048,2025,1QB,2,10,17,19,21,False
1180224010881282048,2025,1QB,3,10,16,19,21,False
1180224010881282048,2025,1QB,4,10,17,19,19,True
1180224010881282048,2025,1QB,5,10,16,19,20,False
1180224010881282048,2025,1QB,6,10,18,19,19,True
1180224010881282048,2025,1QB,7,10,18,19,21,False
1180224010881282048,2025,1QB,8,10,15,19,20,False
1180224010881282048,2025,1QB,9,10,16,19,21,False
1180224010881282048,2025,1QB,10,10,16,19,20,False
1180224010881282048,2025,1QB,11,10,15,19,20,False
1180224010881282048,2025,1QB,12,10,17,19,20,False
1180224010881282048,2025,1QB,13,10,17,19,21,False
1180224010881282048,2025,1QB,14,10,18,19,21,False
1180224010881282048,2025,1QB,1,11,17,19,21,False
1180224010881282048,2025,1QB,2,11,16,19,21,False
1180224010881282048,2025,1QB,3,11,16,19,21,False
1180224010881282048,2025,1QB,4,11,17,19,19,True
1180224010881282048,2025,1QB,5,11,17,19,20,False
1180224010881282048,2025,1QB,6,11,18,19,19,True
1180224010881282048,2025,1QB,7,11,17,19,21,False
1180224010881282048,2025,1QB,8,11,14,19,20,False
1180224010881282048,2025,1QB,9,11,16,19,21,False
1180224010881282048,2025,1QB,10,11,16,19,20,False
1180224010881282048,2025,1QB,11,11,16,19,20,False
1180224010881282048,2025,1QB,12,11,17,19,20,False
1180224010881282048,2025,1QB,13,11,18,19,21,False
1180224010881282048,2025,1QB,14,11,18,19,20,False
1180224010881282048,2025,1QB,1,12,19,19,21,False
1180224010881282048,2025,1QB,2,12,17,19,21,False
1180224010881282048,2025,1QB,3,12,16,19,21,False
1180224010881282048,2025,1QB,4,12,18,19,19,True
1180224010881282048,2025,1QB,5,12,17,19,20,False
1180224010881282048,2025,1QB,6,12,17,19,19,True
1180224010881282048,2025,1QB,7,12,16,19,21,False
1180224010881282048,2025,1QB,8,12,15,19,20,False
1180224010881282048,2025,1QB,9,12,17,19,21,False
1180224010881282048,2025,1QB,10,12,15,19,20,False
1180224010881282048,2025,1QB,11,12,16,19,20,False
1180224010881282048,2025,1QB,12,12,16,19,20,False
1180224010881282048,2025,1QB,13,12,18,19,21,False
1180224010881282048,2025,1QB,14,12,18,19,20,False
1180224010881282048,2025,1QB,1,13,18,19,21,False
1180224010881282048,2025,1QB,2,13,17,19,21,False
1180224010881282048,2025,1QB,3,13,15,19,21,False
1180224010881282048,2025,1QB,4,13,19,19,20,False
1180224010881282048,2025,1QB,5,13,17,19,20,False
1180224010881282048,2025,1QB,6,13,19,19,21,False
1180224010881282048,2025,1QB,7,13,17,19,21,False
1180224010881282048,2025,1QB,8,13,15,19,20,False
1180224010881282048,2025,1QB,9,13,17,19,21,False
1180224010881282048,2025,1QB,10,13,16,19,20,False
1180224010881282048,2025,1QB,11,13,16,19,20,False
1180224010881282048,2025,1QB,12,13,18,19,20,False
1180224010881282048,2025,1QB,13,13,17,19,21,False
1180224010881282048,2025,1QB,14,13,19,19,20,False
1180224010881282048,2025,1QB,1,14,19,19,21,False
1180224010881282048,2025,1QB,2,14,18,19,21,False
1180224010881282048,2025,1QB,3,14,14,19,21,False
1180224010881282048,2025,1QB,4,14,19,19,20,False
1180224010881282048,2025,1QB,5,14,17,19,20,False
1180224010881282048,2025,1QB,6,14,21,19,21,False
1180224010881282048,2025,1QB,7,14,17,19,20,False
1180224010881282048,2025,1QB,8,14,15,19,20,False
1180224010881282048,2025,1QB,9,14,16,19,21,False
1180224010881282048,2025,1QB,10,14,18,19,21,False
1180224010881282048,2025,1QB,11,14,17,19,20,False
1180224010881282048,2025,1QB,12,14,17,19,20,False
1180224010881282048,2025,1QB,13,14,17,19,21,False
1180224010881282048,2025,1QB,14,14,17,19,19,True
1180224010881282048,2025,1QB,1,15,19,19,21,False
1180224010881282048,2025,1QB,2,15,16,19,21,False
1180224010881282048,2025,1QB,3,15,14,19,21,False
1180224010881282048,2025,1QB,4,15,18,19,20,False
1180224010881282048,2025,1QB,5,15,15,19,20,False
1180224010881282048,2025,1QB,6,15,16,19,21,False
1180224010881282048,2025,1QB,7,15,17,19,20,False
1180224010881282048,2025,1QB,8,15,15,19,20,False
1180224010881282048,2025,1QB,9,15,17,19,21,False
1180224010881282048,2025,1QB,10,15,18,19,21,False
1180224010881282048,2025,1QB,11,15,17,19,20,False
1180224010881282048,2025,1QB,12,15,16,19,20,False
1180224010881282048,2025,1QB,13,15,19,19,21,False
1180224010881282048,2025,1QB,14,15,17,19,19,True
918960870980501504,2023,SF_1TE,1,4,18,22,31,False
918960870980501504,2023,SF_1TE,2,4,13,22,26,False
918960870980501504,2023,SF_1TE,3,4,17,22,26,False
918960870980501504,2023,SF_1TE,4,4,18,22,30,False
918960870980501504,2023,SF_1TE,5,4,15,22,28,False
918960870980501504,2023,SF_1TE,6,4,21,22,28,False
918960870980501504,2023,SF_1TE,7,4,19,22,29,False
918960870980501504,2023,SF_1TE,8,4,21,22,30,False
918960870980501504,2023,SF_1TE,9,4,21,22,30,False
918960870980501504,2023,SF_1TE,10,4,18,22,29,False
918960870980501504,2023,SF_1TE,1,5,19,22,31,False
918960870980501504,2023,SF_1TE,2,5,14,22,26,False
918960870980501504,2023,SF_1TE,3,5,17,22,26,False
918960870980501504,2023,SF_1TE,4,5,18,22,30,False
918960870980501504,2023,SF_1TE,5,5,14,22,27,False
918960870980501504,2023,SF_1TE,6,5,19,22,27,False
918960870980501504,2023,SF_1TE,7,5,19,22,29,False
918960870980501504,2023,SF_1TE,8,5,20,22,28,False
918960870980501504,2023,SF_1TE,9,5,22,22,30,False
918960870980501504,2023,SF_1TE,10,5,20,22,30,False
918960870980501504,2023,SF_1TE,1,6,18,22,31,False
918960870980501504,2023,SF_1TE,2,6,16,22,27,False
918960870980501504,2023,SF_1TE,3,6,18,22,26,False
918960870980501504,2023,SF_1TE,4,6,20,22,29,False
918960870980501504,2023,SF_1TE,5,6,15,22,27,False
918960870980501504,2023,SF_1TE,6,6,22,22,28,False
918960870980501504,2023,SF_1TE,7,6,21,22,27,False
918960870980501504,2023,SF_1TE,8,6,24,22,28,False
918960870980501504,2023,SF_1TE,9,6,22,22,27,False
918960870980501504,2023,SF_1TE,10,6,22,22,31,False
918960870980501504,2023,SF_1TE,1,7,17,22,29,False
918960870980501504,2023,SF_1TE,2,7,18,22,28,False
918960870980501504,2023,SF_1TE,3,7,19,22,26,False
918960870980501504,2023,SF_1TE,4,7,19,22,29,False
918960870980501504,2023,SF_1TE,5,7,15,22,28,False
918960870980501504,2023,SF_1TE,6,7,27,22,29,False
918960870980501504,2023,SF_1TE,7,7,21,22,27,False
918960870980501504,2023,SF_1TE,8,7,24,22,28,False
918960870980501504,2023,SF_1TE,9,7,21,22,27,False
918960870980501504,2023,SF_1TE,10,7,20,22,31,False
918960870980501504,2023,SF_1TE,1,8,17,22,29,False
918960870980501504,2023,SF_1TE,2,8,17,22,28,False
918960870980501504,2023,SF_1TE,3,8,18,22,26,False
918960870980501504,2023,SF_1TE,4,8,19,22,29,False
918960870980501504,2023,SF_1TE,5,8,20,22,31,False
918960870980501504,2023,SF_1TE,6,8,26,22,29,False
918960870980501504,2023,SF_1TE,7,8,23,22,27,False
918960870980501504,2023,SF_1TE,8,8,24,22,28,False
918960870980501504,2023,SF_1TE,9,8,23,22,29,False
918960870980501504,2023,SF_1TE,10,8,20,22,31,False
918960870980501504,2023,SF_1TE,1,9,16,22,29,False
918960870980501504,2023,SF_1TE,2,9,16,22,28,False
918960870980501504,2023,SF_1TE,3,9,19,22,26,False
918960870980501504,2023,SF_1TE,4,9,18,22,29,False
918960870980501504,2023,SF_1TE,5,9,21,22,30,False
918960870980501504,2023,SF_1TE,6,9,25,22,30,False
918960870980501504,2023,SF_1TE,7,9,23,22,28,False
918960870980501504,2023,SF_1TE,8,9,23,22,29,False
918960870980501504,2023,SF_1TE,9,9,22,22,30,False
918960870980501504,2023,SF_1TE,10,9,20,22,30,False
918960870980501504,2023,SF_1TE,1,10,18,22,30,False
918960870980501504,2023,SF_1TE,2,10,17,22,28,False
918960870980501504,2023,SF_1TE,3,10,19,22,26,False
918960870980501504,2023,SF_1TE,4,10,19,22,29,False
918960870980501504,2023,SF_1TE,5,10,19,22,29,False
918960870980501504,2023,SF_1TE,6,10,24,22,28,False
918960870980501504,2023,SF_1TE,7,10,22,22,27,False
918960870980501504,2023,SF_1TE,8,10,25,22,32,False
918960870980501504,2023,SF_1TE,9,10,22,22,30,False
918960870980501504,2023,SF_1TE,10,10,21,22,29,False
918960870980501504,2023,SF_1TE,1,11,22,22,31,False
918960870980501504,2023,SF_1TE,2,11,17,22,28,False
918960870980501504,2023,SF_1TE,3,11,17,22,26,False
918960870980501504,2023,SF_1TE,4,11,17,22,29,False
918960870980501504,2023,SF_1TE,5,11,20,22,29,False
918960870980501504,2023,SF_1TE,6,11,23,22,28,False
918960870980501504,2023,SF_1TE,7,11,21,22,26,False
918960870980501504,2023,SF_1TE,8,11,22,22,32,False
918960870980501504,2023,SF_1TE,9,11,20,22,30,False
918960870980501504,2023,SF_1TE,10,11,19,22,28,False
918960870980501504,2023,SF_1TE,1,12,22,22,31,False
918960870980501504,2023,SF_1TE,2,12,18,22,28,False
918960870980501504,2023,SF_1TE,3,12,17,22,26,False
918960870980501504,2023,SF_1TE,4,12,18,22,29,False
918960870980501504,2023,SF_1TE,5,12,20,22,29,False
918960870980501504,2023,SF_1TE,6,12,26,22,28,False
918960870980501504,2023,SF_1TE,7,12,21,22,26,False
918960870980501504,2023,SF_1TE,8,12,19,22,28,False
918960870980501504,2023,SF_1TE,9,12,21,22,29,False
918960870980501504,2023,SF_1TE,10,12,20,22,29,False
918960870980501504,2023,SF_1TE,1,13,21,22,31,False
918960870980501504,2023,SF_1TE,2,13,18,22,28,False
918960870980501504,2023,SF_1TE,3,13,16,22,25,False
918960870980501504,2023,SF_1TE,4,13,17,22,29,False
918960870980501504,2023,SF_1TE,5,13,19,22,29,False
918960870980501504,2023,SF_1TE,6,13,27,22,29,False
918960870980501504,2023,SF_1TE,7,13,23,22,26,False
918960870980501504,2023,SF_1TE,8,13,21,22,28,False
918960870980501504,2023,SF_1TE,9,13,22,22,31,False
918960870980501504,2023,SF_1TE,10,13,20,22,29,False
918960870980501504,2023,SF_1TE,1,14,19,22,31,False
918960870980501504,2023,SF_1TE,2,14,19,22,29,False
918960870980501504,2023,SF_1TE,3,14,16,22,24,False
918960870980501504,2023,SF_1TE,4,14,19,22,30,False
918960870980501504,2023,SF_1TE,5,14,20,22,29,False
918960870980501504,2023,SF_1TE,6,14,25,22,28,False
918960870980501504,2023,SF_1TE,7,14,22,22,26,False
918960870980501504,2023,SF_1TE,8,14,22,22,28,False
918960870980501504,2023,SF_1TE,9,14,23,22,30,False
918960870980501504,2023,SF_1TE,10,14,19,22,29,False
918960870980501504,2023,SF_1TE,1,15,18,22,31,False
918960870980501504,2023,SF_1TE,2,15,18,22,29,False
918960870980501504,2023,SF_1TE,3,15,20,22,26,False
918960870980501504,2023,SF_1TE,4,15,18,22,30,False
918960870980501504,2023,SF_1TE,5,15,17,22,29,False
918960870980501504,2023,SF_1TE,6,15,24,22,28,False
918960870980501504,2023,SF_1TE,7,15,23,22,27,False
918960870980501504,2023,SF_1TE,8,15,21,22,28,False
918960870980501504,2023,SF_1TE,9,15,23,22,30,False
918960870980501504,2023,SF_1TE,10,15,18,22,29,False
914741498980225024,2023,SF_1TE,1,4,15,26,31,False
914741498980225024,2023,SF_1TE,2,4,19,26,30,False
914741498980225024,2023,SF_1TE,3,4,18,26,30,False
914741498980225024,2023,SF_1TE,4,4,18,26,30,False
914741498980225024,2023,SF_1TE,5,4,17,26,30,False
914741498980225024,2023,SF_1TE,6,4,20,26,30,False
914741498980225024,2023,SF_1TE,7,4,19,26,31,False
914741498980225024,2023,SF_1TE,8,4,19,26,30,False
914741498980225024,2023,SF_1TE,9,4,19,26,30,False
914741498980225024,2023,SF_1TE,10,4,22,26,29,False
914741498980225024,2023,SF_1TE,11,4,18,26,29,False
914741498980225024,2023,SF_1TE,12,4,19,26,32,False
914741498980225024,2023,SF_1TE,1,5,16,26,31,False
914741498980225024,2023,SF_1TE,2,5,20,26,30,False
914741498980225024,2023,SF_1TE,3,5,18,26,30,False
914741498980225024,2023,SF_1TE,4,5,20,26,30,False
914741498980225024,2023,SF_1TE,5,5,17,26,30,False
914741498980225024,2023,SF_1TE,6,5,16,26,26,True
914741498980225024,2023,SF_1TE,7,5,20,26,31,False
914741498980225024,2023,SF_1TE,8,5,21,26,31,False
914741498980225024,2023,SF_1TE,9,5,21,26,30,False
914741498980225024,2023,SF_1TE,10,5,22,26,29,False
914741498980225024,2023,SF_1TE,11,5,19,26,29,False
914741498980225024,2023,SF_1TE,12,5,22,26,32,False
914741498980225024,2023,SF_1TE,1,6,17,26,31,False
914741498980225024,2023,SF_1TE,2,6,23,26,30,False
914741498980225024,2023,SF_1TE,3,6,18,26,30,False
914741498980225024,2023,SF_1TE,4,6,20,26,30,False
914741498980225024,2023,SF_1TE,5,6,19,26,30,False
914741498980225024,2023,SF_1TE,6,6,17,26,23,True
914741498980225024,2023,SF_1TE,7,6,22,26,31,False
914741498980225024,2023,SF_1TE,8,6,21,26,29,False
914741498980225024,2023,SF_1TE,9,6,22,26,30,False
914741498980225024,2023,SF_1TE,10,6,23,26,29,False
914741498980225024,2023,SF_1TE,11,6,20,26,29,False
914741498980225024,2023,SF_1TE,12,6,23,26,32,False
914741498980225024,2023,SF_1TE,1,7,16,26,31,False
914741498980225024,2023,SF_1TE,2,7,24,26,31,False
914741498980225024,2023,SF_1TE,3,7,20,26,32,False
914741498980225024,2023,SF_1TE,4,7,19,26,30,False
914741498980225024,2023,SF_1TE,5,7,19,26,28,False
914741498980225024,2023,SF_1TE,6,7,15,26,22,True
914741498980225024,2023,SF_1TE,7,7,19,26,29,False
914741498980225024,2023,SF_1TE,8,7,23,26,30,False
914741498980225024,2023,SF_1TE,9,7,23,26,30,False
914741498980225024,2023,SF_1TE,10,7,21,26,29,False
914741498980225024,2023,SF_1TE,11,7,22,26,30,False
914741498980225024,2023,SF_1TE,12,7,23,26,32,False
914741498980225024,2023,SF_1TE,1,8,20,26,30,False
914741498980225024,2023,SF_1TE,2,8,22,26,31,False
914741498980225024,2023,SF_1TE,3,8,21,26,32,False
914741498980225024,2023,SF_1TE,4,8,23,26,30,False
914741498980225024,2023,SF_1TE,5,8,20,26,28,False
914741498980225024,2023,SF_1TE,6,8,20,26,26,True
914741498980225024,2023,SF_1TE,7,8,20,26,29,False
914741498980225024,2023,SF_1TE,8,8,25,26,32,False
914741498980225024,2023,SF_1TE,9,8,20,26,30,False
914741498980225024,2023,SF_1TE,10,8,21,26,29,False
914741498980225024,2023,SF_1TE,11,8,23,26,30,False
914741498980225024,2023,SF_1TE,12,8,23,26,31,False
914741498980225024,2023,SF_1TE,1,9,21,26,33,False
914741498980225024,2023,SF_1TE,2,9,23,26,31,False
914741498980225024,2023,SF_1TE,3,9,22,26,31,False
914741498980225024,2023,SF_1TE,4,9,22,26,30,False
914741498980225024,2023,SF_1TE,5,9,21,26,28,False
914741498980225024,2023,SF_1TE,6,9,20,26,26,True
914741498980225024,2023,SF_1TE,7,9,18,26,29,False
914741498980225024,2023,SF_1TE,8,9,22,26,32,False
914741498980225024,2023,SF_1TE,9,9,19,26,30,False
914741498980225024,2023,SF_1TE,10,9,22,26,29,False
914741498980225024,2023,SF_1TE,11,9,22,26,31,False
914741498980225024,2023,SF_1TE,12,9,23,26,31,False
914741498980225024,2023,SF_1TE,1,10,21,26,33,False
914741498980225024,2023,SF_1TE,2,10,23,26,32,False
914741498980225024,2023,SF_1TE,3,10,22,26,31,False
914741498980225024,2023,SF_1TE,4,10,23,26,30,False
914741498980225024,2023,SF_1TE,5,10,18,26,27,False
914741498980225024,2023,SF_1TE,6,10,17,26,26,True
914741498980225024,2023,SF_1TE,7,10,16,26,29,False
914741498980225024,2023,SF_1TE,8,10,21,26,32,False
914741498980225024,2023,SF_1TE,9,10,19,26,29,False
914741498980225024,2023,SF_1TE,10,10,23,26,29,False
914741498980225024,2023,SF_1TE,11,10,21,26,31,False
914741498980225024,2023,SF_1TE,12,10,24,26,31,False
914741498980225024,2023,SF_1TE,1,11,20,26,33,False
914741498980225024,2023,SF_1TE,2,11,21,26,32,False
914741498980225024,2023,SF_1TE,3,11,21,26,31,False
914741498980225024,2023,SF_1TE,4,11,24,26,29,False
914741498980225024,2023,SF_1TE,5,11,20,26,27,False
914741498980225024,2023,SF_1TE,6,11,15,26,25,True
914741498980225024,2023,SF_1TE,7,11,17,26,28,False
914741498980225024,2023,SF_1TE,8,11,20,26,32,False
914741498980225024,2023,SF_1TE,9,11,19,26,29,False
914741498980225024,2023,SF_1TE,10,11,19,26,29,False
914741498980225024,2023,SF_1TE,11,11,25,26,33,False
914741498980225024,2023,SF_1TE,12,11,25,26,32,False
914741498980225024,2023,SF_1TE,1,12,20,26,32,False
914741498980225024,2023,SF_1TE,2,12,23,26,32,False
914741498980225024,2023,SF_1TE,3,12,20,26,31,False
914741498980225024,2023,SF_1TE,4,12,26,26,30,False
914741498980225024,2023,SF_1TE,5,12,17,26,27,False
914741498980225024,2023,SF_1TE,6,12,16,26,25,True
914741498980225024,2023,SF_1TE,7,12,17,26,28,False
914741498980225024,2023,SF_1TE,8,12,20,26,31,False
914741498980225024,2023,SF_1TE,9,12,20,26,30,False
914741498980225024,2023,SF_1TE,10,12,20,26,29,False
914741498980225024,2023,SF_1TE,11,12,24,26,31,False
914741498980225024,2023,SF_1TE,12,12,26,26,31,False
914741498980225024,2023,SF_1TE,1,13,18,26,32,False
914741498980225024,2023,SF_1TE,2,13,22,26,32,False
914741498980225024,2023,SF_1TE,3,13,20,26,31,False
914741498980225024,2023,SF_1TE,4,13,23,26,30,False
914741498980225024,2023,SF_1TE,5,13,17,26,27,False
914741498980225024,2023,SF_1TE,6,13,15,26,25,True
914741498980225024,2023,SF_1TE,7,13,18,26,28,False
914741498980225024,2023,SF_1TE,8,13,19,26,31,False
914741498980225024,2023,SF_1TE,9,13,19,26,30,False
914741498980225024,2023,SF_1TE,10,13,21,26,29,False
914741498980225024,2023,SF_1TE,11,13,23,26,31,False
914741498980225024,2023,SF_1TE,12,13,27,26,32,False
914741498980225024,2023,SF_1TE,1,14,18,26,31,False
914741498980225024,2023,SF_1TE,2,14,20,26,30,False
914741498980225024,2023,SF_1TE,3,14,20,26,31,False
914741498980225024,2023,SF_1TE,4,14,23,26,30,False
914741498980225024,2023,SF_1TE,5,14,19,26,27,False
914741498980225024,2023,SF_1TE,6,14,17,26,25,True
914741498980225024,2023,SF_1TE,7,14,21,26,27,False
914741498980225024,2023,SF_1TE,8,14,19,26,31,False
914741498980225024,2023,SF_1TE,9,14,20,26,30,False
914741498980225024,2023,SF_1TE,10,14,22,26,29,False
914741498980225024,2023,SF_1TE,11,14,25,26,31,False
914741498980225024,2023,SF_1TE,12,14,23,26,32,False
914741498980225024,2023,SF_1TE,1,15,19,26,31,False
914741498980225024,2023,SF_1TE,2,15,19,26,31,False
914741498980225024,2023,SF_1TE,3,15,19,26,31,False
914741498980225024,2023,SF_1TE,4,15,22,26,30,False
914741498980225024,2023,SF_1TE,5,15,19,26,27,False
914741498980225024,2023,SF_1TE,6,15,17,26,24,True
914741498980225024,2023,SF_1TE,7,15,21,26,27,False
914741498980225024,2023,SF_1TE,8,15,19,26,31,False
914741498980225024,2023,SF_1TE,9,15,21,26,30,False
914741498980225024,2023,SF_1TE,10,15,21,26,29,False
914741498980225024,2023,SF_1TE,11,15,28,26,34,False
914741498980225024,2023,SF_1TE,12,15,18,26,31,False
1055621034914820096,2024,SF_1TE,1,4,18,24,31,False
1055621034914820096,2024,SF_1TE,2,4,17,24,30,False
1055621034914820096,2024,SF_1TE,3,4,20,24,30,False
1055621034914820096,2024,SF_1TE,4,4,19,24,31,False
1055621034914820096,2024,SF_1TE,5,4,21,24,33,False
1055621034914820096,2024,SF_1TE,6,4,17,24,32,False
1055621034914820096,2024,SF_1TE,7,4,22,24,35,False
1055621034914820096,2024,SF_1TE,8,4,16,24,35,False
1055621034914820096,2024,SF_1TE,9,4,25,24,35,False
1055621034914820096,2024,SF_1TE,10,4,17,24,32,False
1055621034914820096,2024,SF_1TE,1,5,20,24,33,False
1055621034914820096,2024,SF_1TE,2,5,19,24,30,False
1055621034914820096,2024,SF_1TE,3,5,22,24,30,False
1055621034914820096,2024,SF_1TE,4,5,20,24,31,False
1055621034914820096,2024,SF_1TE,5,5,21,24,34,False
1055621034914820096,2024,SF_1TE,6,5,22,24,32,False
1055621034914820096,2024,SF_1TE,7,5,23,24,35,False
1055621034914820096,2024,SF_1TE,8,5,17,24,35,False
1055621034914820096,2024,SF_1TE,9,5,27,24,35,False
1055621034914820096,2024,SF_1TE,10,5,17,24,32,False
1055621034914820096,2024,SF_1TE,1,6,21,24,32,False
1055621034914820096,2024,SF_1TE,2,6,21,24,30,False
1055621034914820096,2024,SF_1TE,3,6,22,24,30,False
1055621034914820096,2024,SF_1TE,4,6,21,24,31,False
1055621034914820096,2024,SF_1TE,5,6,22,24,33,False
1055621034914820096,2024,SF_1TE,6,6,23,24,33,False
1055621034914820096,2024,SF_1TE,7,6,24,24,36,False
1055621034914820096,2024,SF_1TE,8,6,19,24,35,False
1055621034914820096,2024,SF_1TE,9,6,25,24,32,False
1055621034914820096,2024,SF_1TE,10,6,17,24,32,False
1055621034914820096,2024,SF_1TE,1,7,18,24,32,False
1055621034914820096,2024,SF_1TE,2,7,20,24,30,False
1055621034914820096,2024,SF_1TE,3,7,22,24,31,False
1055621034914820096,2024,SF_1TE,4,7,20,24,31,False
1055621034914820096,2024,SF_1TE,5,7,22,24,34,False
1055621034914820096,2024,SF_1TE,6,7,23,24,34,False
1055621034914820096,2024,SF_1TE,7,7,24,24,35,False
1055621034914820096,2024,SF_1TE,8,7,20,24,35,False
1055621034914820096,2024,SF_1TE,9,7,26,24,32,False
1055621034914820096,2024,SF_1TE,10,7,20,24,32,False
1055621034914820096,2024,SF_1TE,1,8,18,24,32,False
1055621034914820096,2024,SF_1TE,2,8,20,24,30,False
1055621034914820096,2024,SF_1TE,3,8,22,24,29,False
1055621034914820096,2024,SF_1TE,4,8,19,24,31,False
1055621034914820096,2024,SF_1TE,5,8,20,24,32,False
1055621034914820096,2024,SF_1TE,6,8,22,24,34,False
1055621034914820096,2024,SF_1TE,7,8,25,24,36,False
1055621034914820096,2024,SF_1TE,8,8,20,24,35,False
1055621034914820096,2024,SF_1TE,9,8,22,24,31,False
1055621034914820096,2024,SF_1TE,10,8,21,24,32,False
1055621034914820096,2024,SF_1TE,1,9,19,24,32,False
1055621034914820096,2024,SF_1TE,2,9,20,24,30,False
1055621034914820096,2024,SF_1TE,3,9,19,24,29,False
1055621034914820096,2024,SF_1TE,4,9,20,24,31,False
1055621034914820096,2024,SF_1TE,5,9,21,24,34,False
1055621034914820096,2024,SF_1TE,6,9,21,24,33,False
1055621034914820096,2024,SF_1TE,7,9,25,24,34,False
1055621034914820096,2024,SF_1TE,8,9,19,24,35,False
1055621034914820096,2024,SF_1TE,9,9,23,24,31,False
1055621034914820096,2024,SF_1TE,10,9,23,24,33,False
1055621034914820096,2024,SF_1TE,1,10,19,24,32,False
1055621034914820096,2024,SF_1TE,2,10,19,24,30,False
1055621034914820096,2024,SF_1TE,3,10,17,24,30,False
1055621034914820096,2024,SF_1TE,4,10,22,24,31,False
1055621034914820096,2024,SF_1TE,5,10,21,24,34,False
1055621034914820096,2024,SF_1TE,6,10,23,24,33,False
1055621034914820096,2024,SF_1TE,7,10,25,24,32,False
1055621034914820096,2024,SF_1TE,8,10,20,24,35,False
1055621034914820096,2024,SF_1TE,9,10,23,24,32,False
1055621034914820096,2024,SF_1TE,10,10,22,24,33,False
1055621034914820096,2024,SF_1TE,1,11,22,24,32,False
1055621034914820096,2024,SF_1TE,2,11,21,24,30,False
1055621034914820096,2024,SF_1TE,3,11,18,24,29,False
1055621034914820096,2024,SF_1TE,4,11,22,24,31,False
1055621034914820096,2024,SF_1TE,5,11,17,24,31,False
1055621034914820096,2024,SF_1TE,6,11,23,24,33,False
1055621034914820096,2024,SF_1TE,7,11,21,24,31,False
1055621034914820096,2024,SF_1TE,8,11,21,24,35,False
1055621034914820096,2024,SF_1TE,9,11,22,24,32,False
1055621034914820096,2024,SF_1TE,10,11,22,24,34,False
1055621034914820096,2024,SF_1TE,1,12,21,24,31,False
1055621034914820096,2024,SF_1TE,2,12,21,24,30,False
1055621034914820096,2024,SF_1TE,3,12,20,24,29,False
1055621034914820096,2024,SF_1TE,4,12,24,24,31,False
1055621034914820096,2024,SF_1TE,5,12,19,24,31,False
1055621034914820096,2024,SF_1TE,6,12,22,24,33,False
1055621034914820096,2024,SF_1TE,7,12,22,24,32,False
1055621034914820096,2024,SF_1TE,8,12,22,24,35,False
1055621034914820096,2024,SF_1TE,9,12,21,24,31,False
1055621034914820096,2024,SF_1TE,10,12,20,24,33,False
1055621034914820096,2024,SF_1TE,1,13,19,24,31,False
1055621034914820096,2024,SF_1TE,2,13,22,24,30,False
1055621034914820096,2024,SF_1TE,3,13,21,24,28,False
1055621034914820096,2024,SF_1TE,4,13,22,24,31,False
1055621034914820096,2024,SF_1TE,5,13,20,24,31,False
1055621034914820096,2024,SF_1TE,6,13,21,24,33,False
1055621034914820096,2024,SF_1TE,7,13,23,24,32,False
1055621034914820096,2024,SF_1TE,8,13,22,24,35,False
1055621034914820096,2024,SF_1TE,9,13,21,24,33,False
1055621034914820096,2024,SF_1TE,10,13,18,24,33,False
1055621034914820096,2024,SF_1TE,1,14,18,24,31,False
1055621034914820096,2024,SF_1TE,2,14,22,24,30,False
1055621034914820096,2024,SF_1TE,3,14,22,24,28,False
1055621034914820096,2024,SF_1TE,4,14,23,24,31,False
1055621034914820096,2024,SF_1TE,5,14,20,24,31,False
1055621034914820096,2024,SF_1TE,6,14,22,24,33,False
1055621034914820096,2024,SF_1TE,7,14,20,24,32,False
1055621034914820096,2024,SF_1TE,8,14,21,24,34,False
1055621034914820096,2024,SF_1TE,9,14,23,24,32,False
1055621034914820096,2024,SF_1TE,10,14,17,24,33,False
1055621034914820096,2024,SF_1TE,1,15,19,24,33,False
1055621034914820096,2024,SF_1TE,2,15,20,24,30,False
1055621034914820096,2024,SF_1TE,3,15,21,24,28,False
1055621034914820096,2024,SF_1TE,4,15,22,24,31,False
1055621034914820096,2024,SF_1TE,5,15,20,24,31,False
1055621034914820096,2024,SF_1TE,6,15,23,24,33,False
1055621034914820096,2024,SF_1TE,7,15,21,24,33,False
1055621034914820096,2024,SF_1TE,8,15,20,24,33,False
1055621034914820096,2024,SF_1TE,9,15,22,24,33,False
1055621034914820096,2024,SF_1TE,10,15,19,24,33,False
1045730844721270784,2024,SF_1TE,1,4,15,27,33,False
1045730844721270784,2024,SF_1TE,2,4,19,27,33,False
1045730844721270784,2024,SF_1TE,3,4,19,27,31,False
1045730844721270784,2024,SF_1TE,4,4,18,27,34,False
1045730844721270784,2024,SF_1TE,5,4,19,27,32,False
1045730844721270784,2024,SF_1TE,6,4,18,27,29,False
1045730844721270784,2024,SF_1TE,7,4,20,27,32,False
1045730844721270784,2024,SF_1TE,8,4,19,27,34,False
1045730844721270784,2024,SF_1TE,9,4,19,27,33,False
1045730844721270784,2024,SF_1TE,10,4,18,27,37,False
1045730844721270784,2024,SF_1TE,11,4,14,27,32,False
1045730844721270784,2024,SF_1TE,12,4,19,27,35,False
1045730844721270784,2024,SF_1TE,1,5,15,27,33,False
1045730844721270784,2024,SF_1TE,2,5,19,27,33,False
1045730844721270784,2024,SF_1TE,3,5,20,27,31,False
1045730844721270784,2024,SF_1TE,4,5,18,27,34,False
1045730844721270784,2024,SF_1TE,5,5,19,27,32,False
1045730844721270784,2024,SF_1TE,6,5,19,27,29,False
1045730844721270784,2024,SF_1TE,7,5,21,27,32,False
1045730844721270784,2024,SF_1TE,8,5,20,27,34,False
1045730844721270784,2024,SF_1TE,9,5,19,27,33,False
1045730844721270784,2024,SF_1TE,10,5,19,27,37,False
1045730844721270784,2024,SF_1TE,11,5,15,27,32,False
1045730844721270784,2024,SF_1TE,12,5,20,27,36,False
1045730844721270784,2024,SF_1TE,1,6,20,27,35,False
1045730844721270784,2024,SF_1TE,2,6,22,27,33,False
1045730844721270784,2024,SF_1TE,3,6,21,27,31,False
1045730844721270784,2024,SF_1TE,4,6,19,27,34,False
1045730844721270784,2024,SF_1TE,5,6,21,27,33,False
1045730844721270784,2024,SF_1TE,6,6,20,27,29,False
1045730844721270784,2024,SF_1TE,7,6,21,27,32,False
1045730844721270784,2024,SF_1TE,8,6,24,27,34,False
1045730844721270784,2024,SF_1TE,9,6,20,27,33,False
1045730844721270784,2024,SF_1TE,10,6,20,27,37,False
1045730844721270784,2024,SF_1TE,11,6,15,27,32,False
1045730844721270784,2024,SF_1TE,12,6,21,27,36,False
1045730844721270784,2024,SF_1TE,1,7,24,27,37,False
1045730844721270784,2024,SF_1TE,2,7,24,27,35,False
1045730844721270784,2024,SF_1TE,3,7,22,27,31,False
1045730844721270784,2024,SF_1TE,4,7,20,27,33,False
1045730844721270784,2024,SF_1TE,5,7,22,27,34,False
1045730844721270784,2024,SF_1TE,6,7,21,27,29,False
1045730844721270784,2024,SF_1TE,7,7,21,27,31,False
1045730844721270784,2024,SF_1TE,8,7,27,27,35,False
1045730844721270784,2024,SF_1TE,9,7,20,27,33,False
1045730844721270784,2024,SF_1TE,10,7,21,27,37,False
1045730844721270784,2024,SF_1TE,11,7,18,27,33,False
1045730844721270784,2024,SF_1TE,12,7,20,27,37,False
1045730844721270784,2024,SF_1TE,1,8,24,27,37,False
1045730844721270784,2024,SF_1TE,2,8,24,27,35,False
1045730844721270784,2024,SF_1TE,3,8,21,27,31,False
1045730844721270784,2024,SF_1TE,4,8,21,27,32,False
1045730844721270784,2024,SF_1TE,5,8,20,27,33,False
1045730844721270784,2024,SF_1TE,6,8,21,27,29,False
1045730844721270784,2024,SF_1TE,7,8,22,27,31,False
1045730844721270784,2024,SF_1TE,8,8,27,27,36,False
1045730844721270784,2024,SF_1TE,9,8,20,27,34,False
1045730844721270784,2024,SF_1TE,10,8,20,27,35,False
1045730844721270784,2024,SF_1TE,11,8,19,27,33,False
1045730844721270784,2024,SF_1TE,12,8,22,27,36,False
1045730844721270784,2024,SF_1TE,1,9,21,27,37,False
1045730844721270784,2024,SF_1TE,2,9,24,27,35,False
1045730844721270784,2024,SF_1TE,3,9,21,27,31,False
1045730844721270784,2024,SF_1TE,4,9,20,27,32,False
1045730844721270784,2024,SF_1TE,5,9,22,27,33,False
1045730844721270784,2024,SF_1TE,6,9,19,27,29,False
1045730844721270784,2024,SF_1TE,7,9,23,27,32,False
1045730844721270784,2024,SF_1TE,8,9,25,27,33,False
1045730844721270784,2024,SF_1TE,9,9,22,27,32,False
1045730844721270784,2024,SF_1TE,10,9,20,27,35,False
1045730844721270784,2024,SF_1TE,11,9,19,27,33,False
1045730844721270784,2024,SF_1TE,12,9,20,27,34,False
1045730844721270784,2024,SF_1TE,1,10,22,27,36,False
1045730844721270784,2024,SF_1TE,2,10,24,27,35,False
1045730844721270784,2024,SF_1TE,3,10,22,27,31,False
1045730844721270784,2024,SF_1TE,4,10,19,27,32,False
1045730844721270784,2024,SF_1TE,5,10,22,27,33,False
1045730844721270784,2024,SF_1TE,6,10,19,27,29,False
1045730844721270784,2024,SF_1TE,7,10,24,27,32,False
1045730844721270784,2024,SF_1TE,8,10,24,27,33,False
1045730844721270784,2024,SF_1TE,9,10,23,27,32,False
1045730844721270784,2024,SF_1TE,10,10,22,27,36,False
1045730844721270784,2024,SF_1TE,11,10,18,27,34,False
1045730844721270784,2024,SF_1TE,12,10,22,27,36,False
1045730844721270784,2024,SF_1TE,1,11,24,27,37,False
1045730844721270784,2024,SF_1TE,2,11,23,27,34,False
1045730844721270784,2024,SF_1TE,3,11,21,27,31,False
1045730844721270784,2024,SF_1TE,4,11,21,27,32,False
1045730844721270784,2024,SF_1TE,5,11,22,27,33,False
1045730844721270784,2024,SF_1TE,6,11,19,27,28,False
1045730844721270784,2024,SF_1TE,7,11,24,27,32,False
1045730844721270784,2024,SF_1TE,8,11,23,27,33,False
1045730844721270784,2024,SF_1TE,9,11,24,27,31,False
1045730844721270784,2024,SF_1TE,10,11,23,27,34,False
1045730844721270784,2024,SF_1TE,11,11,18,27,34,False
1045730844721270784,2024,SF_1TE,12,11,20,27,36,False
1045730844721270784,2024,SF_1TE,1,12,24,27,36,False
1045730844721270784,2024,SF_1TE,2,12,23,27,34,False
1045730844721270784,2024,SF_1TE,3,12,21,27,31,False
1045730844721270784,2024,SF_1TE,4,12,23,27,33,False
1045730844721270784,2024,SF_1TE,5,12,21,27,34,False
1045730844721270784,2024,SF_1TE,6,12,20,27,28,False
1045730844721270784,2024,SF_1TE,7,12,24,27,32,False
1045730844721270784,2024,SF_1TE,8,12,24,27,35,False
1045730844721270784,2024,SF_1TE,9,12,22,27,31,False
1045730844721270784,2024,SF_1TE,10,12,20,27,34,False
1045730844721270784,2024,SF_1TE,11,12,15,27,34,False
1045730844721270784,2024,SF_1TE,12,12,22,27,37,False
1045730844721270784,2024,SF_1TE,1,13,23,27,36,False
1045730844721270784,2024,SF_1TE,2,13,21,27,34,False
1045730844721270784,2024,SF_1TE,3,13,21,27,31,False
1045730844721270784,2024,SF_1TE,4,13,21,27,33,False
1045730844721270784,2024,SF_1TE,5,13,21,27,34,False
1045730844721270784,2024,SF_1TE,6,13,19,27,28,False
1045730844721270784,2024,SF_1TE,7,13,22,27,32,False
1045730844721270784,2024,SF_1TE,8,13,24,27,35,False
1045730844721270784,2024,SF_1TE,9,13,21,27,31,False
1045730844721270784,2024,SF_1TE,10,13,19,27,33,False
1045730844721270784,2024,SF_1TE,11,13,15,27,34,False
1045730844721270784,2024,SF_1TE,12,13,22,27,36,False
1045730844721270784,2024,SF_1TE,1,14,22,27,34,False
1045730844721270784,2024,SF_1TE,2,14,21,27,34,False
1045730844721270784,2024,SF_1TE,3,14,22,27,31,False
1045730844721270784,2024,SF_1TE,4,14,20,27,32,False
1045730844721270784,2024,SF_1TE,5,14,19,27,34,False
1045730844721270784,2024,SF_1TE,6,14,19,27,28,False
1045730844721270784,2024,SF_1TE,7,14,22,27,31,False
1045730844721270784,2024,SF_1TE,8,14,24,27,35,False
1045730844721270784,2024,SF_1TE,9,14,22,27,31,False
1045730844721270784,2024,SF_1TE,10,14,19,27,32,False
1045730844721270784,2024,SF_1TE,11,14,15,27,34,False
1045730844721270784,2024,SF_1TE,12,14,21,27,36,False
1045730844721270784,2024,SF_1TE,1,15,22,27,34,False
1045730844721270784,2024,SF_1TE,2,15,21,27,34,False
1045730844721270784,2024,SF_1TE,3,15,22,27,31,False
1045730844721270784,2024,SF_1TE,4,15,21,27,32,False
1045730844721270784,2024,SF_1TE,5,15,19,27,34,False
1045730844721270784,2024,SF_1TE,6,15,18,27,28,False
1045730844721270784,2024,SF_1TE,7,15,23,27,32,False
1045730844721270784,2024,SF_1TE,8,15,22,27,35,False
1045730844721270784,2024,SF_1TE,9,15,21,27,31,False
1045730844721270784,2024,SF_1TE,10,15,19,27,32,False
1045730844721270784,2024,SF_1TE,11,15,16,27,35,False
1045730844721270784,2024,SF_1TE,12,15,21,27,36,False
1201959553390891008,2025,SF_1TE,1,4,16,24,31,False
1201959553390891008,2025,SF_1TE,2,4,14,24,32,False
1201959553390891008,2025,SF_1TE,3,4,18,24,34,False
1201959553390891008,2025,SF_1TE,4,4,18,24,31,False
1201959553390891008,2025,SF_1TE,5,4,16,24,35,False
1201959553390891008,2025,SF_1TE,6,4,25,24,35,False
1201959553390891008,2025,SF_1TE,7,4,21,24,35,False
1201959553390891008,2025,SF_1TE,8,4,18,24,32,False
1201959553390891008,2025,SF_1TE,9,4,17,24,36,False
1201959553390891008,2025,SF_1TE,10,4,21,24,34,False
1201959553390891008,2025,SF_1TE,1,5,18,24,31,False
1201959553390891008,2025,SF_1TE,2,5,16,24,32,False
1201959553390891008,2025,SF_1TE,3,5,18,24,34,False
1201959553390891008,2025,SF_1TE,4,5,20,24,31,False
1201959553390891008,2025,SF_1TE,5,5,16,24,35,False
1201959553390891008,2025,SF_1TE,6,5,25,24,35,False
1201959553390891008,2025,SF_1TE,7,5,20,24,34,False
1201959553390891008,2025,SF_1TE,8,5,20,24,32,False
1201959553390891008,2025,SF_1TE,9,5,18,24,35,False
1201959553390891008,2025,SF_1TE,10,5,24,24,34,False
1201959553390891008,2025,SF_1TE,1,6,18,24,31,False
1201959553390891008,2025,SF_1TE,2,6,17,24,32,False
1201959553390891008,2025,SF_1TE,3,6,18,24,33,False
1201959553390891008,2025,SF_1TE,4,6,20,24,31,False
1201959553390891008,2025,SF_1TE,5,6,19,24,36,False
1201959553390891008,2025,SF_1TE,6,6,23,24,35,False
1201959553390891008,2025,SF_1TE,7,6,20,24,32,False
1201959553390891008,2025,SF_1TE,8,6,21,24,32,False
1201959553390891008,2025,SF_1TE,9,6,20,24,34,False
1201959553390891008,2025,SF_1TE,10,6,25,24,34,False
1201959553390891008,2025,SF_1TE,1,7,19,24,31,False
1201959553390891008,2025,SF_1TE,2,7,18,24,32,False
1201959553390891008,2025,SF_1TE,3,7,18,24,33,False
1201959553390891008,2025,SF_1TE,4,7,22,24,30,False
1201959553390891008,2025,SF_1TE,5,7,18,24,36,False
1201959553390891008,2025,SF_1TE,6,7,25,24,35,False
1201959553390891008,2025,SF_1TE,7,7,20,24,32,False
1201959553390891008,2025,SF_1TE,8,7,20,24,32,False
1201959553390891008,2025,SF_1TE,9,7,22,24,34,False
1201959553390891008,2025,SF_1TE,10,7,25,24,34,False
1201959553390891008,2025,SF_1TE,1,8,22,24,31,False
1201959553390891008,2025,SF_1TE,2,8,20,24,32,False
1201959553390891008,2025,SF_1TE,3,8,21,24,34,False
1201959553390891008,2025,SF_1TE,4,8,22,24,30,False
1201959553390891008,2025,SF_1TE,5,8,19,24,36,False
1201959553390891008,2025,SF_1TE,6,8,24,24,35,False
1201959553390891008,2025,SF_1TE,7,8,22,24,34,False
1201959553390891008,2025,SF_1TE,8,8,23,24,32,False
1201959553390891008,2025,SF_1TE,9,8,23,24,34,False
1201959553390891008,2025,SF_1TE,10,8,26,24,34,False
1201959553390891008,2025,SF_1TE,1,9,21,24,31,False
1201959553390891008,2025,SF_1TE,2,9,21,24,30,False
1201959553390891008,2025,SF_1TE,3,9,21,24,35,False
1201959553390891008,2025,SF_1TE,4,9,22,24,30,False
1201959553390891008,2025,SF_1TE,5,9,20,24,35,False
1201959553390891008,2025,SF_1TE,6,9,23,24,34,False
1201959553390891008,2025,SF_1TE,7,9,23,24,34,False
1201959553390891008,2025,SF_1TE,8,9,26,24,31,False
1201959553390891008,2025,SF_1TE,9,9,25,24,35,False
1201959553390891008,2025,SF_1TE,10,9,25,24,34,False
1201959553390891008,2025,SF_1TE,1,10,20,24,31,False
1201959553390891008,2025,SF_1TE,2,10,21,24,30,False
1201959553390891008,2025,SF_1TE,3,10,19,24,35,False
1201959553390891008,2025,SF_1TE,4,10,21,24,30,False
1201959553390891008,2025,SF_1TE,5,10,19,24,35,False
1201959553390891008,2025,SF_1TE,6,10,22,24,34,False
1201959553390891008,2025,SF_1TE,7,10,22,24,31,False
1201959553390891008,2025,SF_1TE,8,10,26,24,31,False
1201959553390891008,2025,SF_1TE,9,10,26,24,36,False
1201959553390891008,2025,SF_1TE,10,10,22,24,34,False
1201959553390891008,2025,SF_1TE,1,11,19,24,31,False
1201959553390891008,2025,SF_1TE,2,11,21,24,30,False
1201959553390891008,2025,SF_1TE,3,11,20,24,35,False
1201959553390891008,2025,SF_1TE,4,11,21,24,30,False
1201959553390891008,2025,SF_1TE,5,11,17,24,34,False
1201959553390891008,2025,SF_1TE,6,11,20,24,34,False
1201959553390891008,2025,SF_1TE,7,11,22,24,31,False
1201959553390891008,2025,SF_1TE,8,11,23,24,31,False
1201959553390891008,2025,SF_1TE,9,11,24,24,35,False
1201959553390891008,2025,SF_1TE,10,11,22,24,33,False
1201959553390891008,2025,SF_1TE,1,12,23,24,35,False
1201959553390891008,2025,SF_1TE,2,12,21,24,30,False
1201959553390891008,2025,SF_1TE,3,12,18,24,34,False
1201959553390891008,2025,SF_1TE,4,12,22,24,30,False
1201959553390891008,2025,SF_1TE,5,12,19,24,35,False
1201959553390891008,2025,SF_1TE,6,12,20,24,34,False
1201959553390891008,2025,SF_1TE,7,12,25,24,31,False
1201959553390891008,2025,SF_1TE,8,12,23,24,31,False
1201959553390891008,2025,SF_1TE,9,12,25,24,35,False
1201959553390891008,2025,SF_1TE,10,12,23,24,34,False
1201959553390891008,2025,SF_1TE,1,13,23,24,35,False
1201959553390891008,2025,SF_1TE,2,13,20,24,30,False
1201959553390891008,2025,SF_1TE,3,13,18,24,34,False
1201959553390891008,2025,SF_1TE,4,13,21,24,30,False
1201959553390891008,2025,SF_1TE,5,13,21,24,35,False
1201959553390891008,2025,SF_1TE,6,13,21,24,34,False
1201959553390891008,2025,SF_1TE,7,13,25,24,31,False
1201959553390891008,2025,SF_1TE,8,13,22,24,31,False
1201959553390891008,2025,SF_1TE,9,13,25,24,34,False
1201959553390891008,2025,SF_1TE,10,13,21,24,34,False
1201959553390891008,2025,SF_1TE,1,14,17,24,33,False
1201959553390891008,2025,SF_1TE,2,14,19,24,30,False
1201959553390891008,2025,SF_1TE,3,14,18,24,34,False
1201959553390891008,2025,SF_1TE,4,14,23,24,30,False
1201959553390891008,2025,SF_1TE,5,14,21,24,35,False
1201959553390891008,2025,SF_1TE,6,14,22,24,34,False
1201959553390891008,2025,SF_1TE,7,14,27,24,33,False
1201959553390891008,2025,SF_1TE,8,14,25,24,34,False
1201959553390891008,2025,SF_1TE,9,14,23,24,34,False
1201959553390891008,2025,SF_1TE,10,14,20,24,34,False
1201959553390891008,2025,SF_1TE,1,15,19,24,33,False
1201959553390891008,2025,SF_1TE,2,15,19,24,30,False
1201959553390891008,2025,SF_1TE,3,15,19,24,34,False
1201959553390891008,2025,SF_1TE,4,15,22,24,30,False
1201959553390891008,2025,SF_1TE,5,15,21,24,34,False
1201959553390891008,2025,SF_1TE,6,15,24,24,34,False
1201959553390891008,2025,SF_1TE,7,15,26,24,31,False
1201959553390891008,2025,SF_1TE,8,15,24,24,34,False
1201959553390891008,2025,SF_1TE,9,15,21,24,34,False
1201959553390891008,2025,SF_1TE,10,15,22,24,34,False
1180084795436826624,2025,SF_1TE,1,4,15,27,32,False
1180084795436826624,2025,SF_1TE,2,4,14,27,28,False
1180084795436826624,2025,SF_1TE,3,4,14,27,32,False
1180084795436826624,2025,SF_1TE,4,4,18,27,32,False
1180084795436826624,2025,SF_1TE,5,4,17,27,31,False
1180084795436826624,2025,SF_1TE,6,4,20,27,33,False
1180084795436826624,2025,SF_1TE,7,4,17,27,29,False
1180084795436826624,2025,SF_1TE,8,4,17,27,32,False
1180084795436826624,2025,SF_1TE,9,4,17,27,32,False
1180084795436826624,2025,SF_1TE,10,4,19,27,35,False
1180084795436826624,2025,SF_1TE,11,4,18,27,34,False
1180084795436826624,2025,SF_1TE,12,4,16,27,31,False
1180084795436826624,2025,SF_1TE,1,5,17,27,32,False
1180084795436826624,2025,SF_1TE,2,5,14,27,28,False
1180084795436826624,2025,SF_1TE,3,5,17,27,32,False
1180084795436826624,2025,SF_1TE,4,5,18,27,32,False
1180084795436826624,2025,SF_1TE,5,5,20,27,32,False
1180084795436826624,2025,SF_1TE,6,5,20,27,33,False
1180084795436826624,2025,SF_1TE,7,5,18,27,29,False
1180084795436826624,2025,SF_1TE,8,5,16,27,32,False
1180084795436826624,2025,SF_1TE,9,5,20,27,32,False
1180084795436826624,2025,SF_1TE,10,5,17,27,35,False
1180084795436826624,2025,SF_1TE,11,5,22,27,35,False
1180084795436826624,2025,SF_1TE,12,5,17,27,31,False
1180084795436826624,2025,SF_1TE,1,6,19,27,32,False
1180084795436826624,2025,SF_1TE,2,6,16,27,28,False
1180084795436826624,2025,SF_1TE,3,6,20,27,32,False
1180084795436826624,2025,SF_1TE,4,6,17,27,32,False
1180084795436826624,2025,SF_1TE,5,6,22,27,33,False
1180084795436826624,2025,SF_1TE,6,6,21,27,33,False
1180084795436826624,2025,SF_1TE,7,6,18,27,28,False
1180084795436826624,2025,SF_1TE,8,6,18,27,32,False
1180084795436826624,2025,SF_1TE,9,6,20,27,32,False
1180084795436826624,2025,SF_1TE,10,6,18,27,35,False
1180084795436826624,2025,SF_1TE,11,6,22,27,34,False
1180084795436826624,2025,SF_1TE,12,6,18,27,31,False
1180084795436826624,2025,SF_1TE,1,7,20,27,32,False
1180084795436826624,2025,SF_1TE,2,7,16,27,28,False
1180084795436826624,2025,SF_1TE,3,7,20,27,32,False
1180084795436826624,2025,SF_1TE,4,7,17,27,32,False
1180084795436826624,2025,SF_1TE,5,7,21,27,34,False
1180084795436826624,2025,SF_1TE,6,7,24,27,34,False
1180084795436826624,2025,SF_1TE,7,7,17,27,28,False
1180084795436826624,2025,SF_1TE,8,7,18,27,32,False
1180084795436826624,2025,SF_1TE,9,7,22,27,32,False
1180084795436826624,2025,SF_1TE,10,7,20,27,34,False
1180084795436826624,2025,SF_1TE,11,7,22,27,34,False
1180084795436826624,2025,SF_1TE,12,7,19,27,31,False
1180084795436826624,2025,SF_1TE,1,8,19,27,32,False
1180084795436826624,2025,SF_1TE,2,8,15,27,28,False
1180084795436826624,2025,SF_1TE,3,8,20,27,32,False
1180084795436826624,2025,SF_1TE,4,8,20,27,33,False
1180084795436826624,2025,SF_1TE,5,8,25,27,33,False
1180084795436826624,2025,SF_1TE,6,8,22,27,35,False
1180084795436826624,2025,SF_1TE,7,8,17,27,28,False
1180084795436826624,2025,SF_1TE,8,8,18,27,32,False
1180084795436826624,2025,SF_1TE,9,8,22,27,33,False
1180084795436826624,2025,SF_1TE,10,8,19,27,34,False
1180084795436826624,2025,SF_1TE,11,8,23,27,34,False
1180084795436826624,2025,SF_1TE,12,8,18,27,31,False
1180084795436826624,2025,SF_1TE,1,9,22,27,34,False
1180084795436826624,2025,SF_1TE,2,9,15,27,28,False
1180084795436826624,2025,SF_1TE,3,9,21,27,31,False
1180084795436826624,2025,SF_1TE,4,9,23,27,31,False
1180084795436826624,2025,SF_1TE,5,9,25,27,33,False
1180084795436826624,2025,SF_1TE,6,9,22,27,35,False
1180084795436826624,2025,SF_1TE,7,9,17,27,28,False
1180084795436826624,2025,SF_1TE,8,9,22,27,33,False
1180084795436826624,2025,SF_1TE,9,9,25,27,35,False
1180084795436826624,2025,SF_1TE,10,9,20,27,35,False
1180084795436826624,2025,SF_1TE,11,9,23,27,34,False
1180084795436826624,2025,SF_1TE,12,9,17,27,31,False
1180084795436826624,2025,SF_1TE,1,10,20,27,33,False
1180084795436826624,2025,SF_1TE,2,10,15,27,28,False
1180084795436826624,2025,SF_1TE,3,10,22,27,31,False
1180084795436826624,2025,SF_1TE,4,10,23,27,32,False
1180084795436826624,2025,SF_1TE,5,10,22,27,32,False
1180084795436826624,2025,SF_1TE,6,10,20,27,35,False
1180084795436826624,2025,SF_1TE,7,10,18,27,28,False
1180084795436826624,2025,SF_1TE,8,10,23,27,32,False
1180084795436826624,2025,SF_1TE,9,10,22,27,35,False
1180084795436826624,2025,SF_1TE,10,10,18,27,35,False
1180084795436826624,2025,SF_1TE,11,10,23,27,34,False
1180084795436826624,2025,SF_1TE,12,10,17,27,31,False
1180084795436826624,2025,SF_1TE,1,11,19,27,33,False
1180084795436826624,2025,SF_1TE,2,11,16,27,29,False
1180084795436826624,2025,SF_1TE,3,11,21,27,31,False
1180084795436826624,2025,SF_1TE,4,11,24,27,34,False
1180084795436826624,2025,SF_1TE,5,11,23,27,34,False
1180084795436826624,2025,SF_1TE,6,11,20,27,35,False
1180084795436826624,2025,SF_1TE,7,11,18,27,27,True
1180084795436826624,2025,SF_1TE,8,11,24,27,33,False
1180084795436826624,2025,SF_1TE,9,11,21,27,35,False
1180084795436826624,2025,SF_1TE,10,11,21,27,35,False
1180084795436826624,2025,SF_1TE,11,11,23,27,34,False
1180084795436826624,2025,SF_1TE,12,11,19,27,31,False
1180084795436826624,2025,SF_1TE,1,12,19,27,33,False
1180084795436826624,2025,SF_1TE,2,12,16,27,29,False
1180084795436826624,2025,SF_1TE,3,12,22,27,32,False
1180084795436826624,2025,SF_1TE,4,12,25,27,34,False
1180084795436826624,2025,SF_1TE,5,12,24,27,34,False
1180084795436826624,2025,SF_1TE,6,12,22,27,35,False
1180084795436826624,2025,SF_1TE,7,12,17,27,27,True
1180084795436826624,2025,SF_1TE,8,12,25,27,34,False
1180084795436826624,2025,SF_1TE,9,12,20,27,35,False
1180084795436826624,2025,SF_1TE,10,12,22,27,35,False
1180084795436826624,2025,SF_1TE,11,12,23,27,34,False
1180084795436826624,2025,SF_1TE,12,12,20,27,31,False
1180084795436826624,2025,SF_1TE,1,13,19,27,33,False
1180084795436826624,2025,SF_1TE,2,13,20,27,32,False
1180084795436826624,2025,SF_1TE,3,13,22,27,32,False
1180084795436826624,2025,SF_1TE,4,13,20,27,33,False
1180084795436826624,2025,SF_1TE,5,13,25,27,33,False
1180084795436826624,2025,SF_1TE,6,13,20,27,33,False
1180084795436826624,2025,SF_1TE,7,13,17,27,27,True
1180084795436826624,2025,SF_1TE,8,13,24,27,34,False
1180084795436826624,2025,SF_1TE,9,13,17,27,34,False
1180084795436826624,2025,SF_1TE,10,13,21,27,35,False
1180084795436826624,2025,SF_1TE,11,13,21,27,34,False
1180084795436826624,2025,SF_1TE,12,13,20,27,31,False
1180084795436826624,2025,SF_1TE,1,14,20,27,33,False
1180084795436826624,2025,SF_1TE,2,14,19,27,32,False
1180084795436826624,2025,SF_1TE,3,14,20,27,32,False
1180084795436826624,2025,SF_1TE,4,14,21,27,33,False
1180084795436826624,2025,SF_1TE,5,14,27,27,34,False
1180084795436826624,2025,SF_1TE,6,14,22,27,33,False
1180084795436826624,2025,SF_1TE,7,14,17,27,27,True
1180084795436826624,2025,SF_1TE,8,14,21,27,33,False
1180084795436826624,2025,SF_1TE,9,14,16,27,35,False
1180084795436826624,2025,SF_1TE,10,14,21,27,35,False
1180084795436826624,2025,SF_1TE,11,14,21,27,34,False
1180084795436826624,2025,SF_1TE,12,14,19,27,31,False
1180084795436826624,2025,SF_1TE,1,15,22,27,33,False
1180084795436826624,2025,SF_1TE,2,15,19,27,32,False
1180084795436826624,2025,SF_1TE,3,15,21,27,32,False
1180084795436826624,2025,SF_1TE,4,15,21,27,32,False
1180084795436826624,2025,SF_1TE,5,15,27,27,34,False
1180084795436826624,2025,SF_1TE,6,15,23,27,33,False
1180084795436826624,2025,SF_1TE,7,15,17,27,27,True
1180084795436826624,2025,SF_1TE,8,15,18,27,32,False
1180084795436826624,2025,SF_1TE,9,15,16,27,34,False
1180084795436826624,2025,SF_1TE,10,15,21,27,35,False
1180084795436826624,2025,SF_1TE,11,15,24,27,34,False
1180084795436826624,2025,SF_1TE,12,15,17,27,31,False
918260594971672576,2023,SF_2TE,1,4,17,27,29,False
918260594971672576,2023,SF_2TE,2,4,21,27,33,False
918260594971672576,2023,SF_2TE,3,4,17,27,30,False
918260594971672576,2023,SF_2TE,4,4,21,27,34,False
918260594971672576,2023,SF_2TE,5,4,14,27,24,True
918260594971672576,2023,SF_2TE,6,4,22,27,30,False
918260594971672576,2023,SF_2TE,7,4,18,27,30,False
918260594971672576,2023,SF_2TE,8,4,15,27,29,False
918260594971672576,2023,SF_2TE,9,4,19,27,34,False
918260594971672576,2023,SF_2TE,10,4,20,27,34,False
918260594971672576,2023,SF_2TE,11,4,22,27,34,False
918260594971672576,2023,SF_2TE,12,4,18,27,27,True
918260594971672576,2023,SF_2TE,1,5,19,27,29,False
918260594971672576,2023,SF_2TE,2,5,23,27,32,False
918260594971672576,2023,SF_2TE,3,5,19,27,30,False
918260594971672576,2023,SF_2TE,4,5,22,27,33,False
918260594971672576,2023,SF_2TE,5,5,15,27,24,True
918260594971672576,2023,SF_2TE,6,5,23,27,30,False
918260594971672576,2023,SF_2TE,7,5,19,27,30,False
918260594971672576,2023,SF_2TE,8,5,15,27,29,False
918260594971672576,2023,SF_2TE,9,5,20,27,33,False
918260594971672576,2023,SF_2TE,10,5,21,27,33,False
918260594971672576,2023,SF_2TE,11,5,23,27,33,False
918260594971672576,2023,SF_2TE,12,5,21,27,29,False
918260594971672576,2023,SF_2TE,1,6,20,27,29,False
918260594971672576,2023,SF_2TE,2,6,22,27,31,False
918260594971672576,2023,SF_2TE,3,6,21,27,31,False
918260594971672576,2023,SF_2TE,4,6,23,27,32,False
918260594971672576,2023,SF_2TE,5,6,14,27,22,True
918260594971672576,2023,SF_2TE,6,6,23,27,30,False
918260594971672576,2023,SF_2TE,7,6,20,27,30,False
918260594971672576,2023,SF_2TE,8,6,16,27,29,False
918260594971672576,2023,SF_2TE,9,6,22,27,33,False
918260594971672576,2023,SF_2TE,10,6,23,27,33,False
918260594971672576,2023,SF_2TE,11,6,25,27,33,False
918260594971672576,2023,SF_2TE,12,6,22,27,30,False
918260594971672576,2023,SF_2TE,1,7,22,27,31,False
918260594971672576,2023,SF_2TE,2,7,23,27,31,False
918260594971672576,2023,SF_2TE,3,7,22,27,31,False
918260594971672576,2023,SF_2TE,4,7,23,27,32,False
918260594971672576,2023,SF_2TE,5,7,13,27,21,True
918260594971672576,2023,SF_2TE,6,7,22,27,30,False
918260594971672576,2023,SF_2TE,7,7,18,27,29,False
918260594971672576,2023,SF_2TE,8,7,18,27,31,False
918260594971672576,2023,SF_2TE,9,7,23,27,33,False
918260594971672576,2023,SF_2TE,10,7,20,27,32,False
918260594971672576,2023,SF_2TE,11,7,22,27,32,False
918260594971672576,2023,SF_2TE,12,7,22,27,30,False
918260594971672576,2023,SF_2TE,1,8,23,27,31,False
918260594971672576,2023,SF_2TE,2,8,23,27,31,False
918260594971672576,2023,SF_2TE,3,8,23,27,32,False
918260594971672576,2023,SF_2TE,4,8,22,27,34,False
918260594971672576,2023,SF_2TE,5,8,17,27,25,True
918260594971672576,2023,SF_2TE,6,8,22,27,29,False
918260594971672576,2023,SF_2TE,7,8,19,27,30,False
918260594971672576,2023,SF_2TE,8,8,17,27,30,False
918260594971672576,2023,SF_2TE,9,8,26,27,33,False
918260594971672576,2023,SF_2TE,10,8,22,27,33,False
918260594971672576,2023,SF_2TE,11,8,19,27,32,False
918260594971672576,2023,SF_2TE,12,8,20,27,29,False
918260594971672576,2023,SF_2TE,1,9,20,27,31,False
918260594971672576,2023,SF_2TE,2,9,22,27,31,False
918260594971672576,2023,SF_2TE,3,9,23,27,32,False
918260594971672576,2023,SF_2TE,4,9,22,27,34,False
918260594971672576,2023,SF_2TE,5,9,17,27,25,True
918260594971672576,2023,SF_2TE,6,9,21,27,29,False
918260594971672576,2023,SF_2TE,7,9,18,27,30,False
918260594971672576,2023,SF_2TE,8,9,15,27,30,False
918260594971672576,2023,SF_2TE,9,9,24,27,32,False
918260594971672576,2023,SF_2TE,10,9,22,27,33,False
918260594971672576,2023,SF_2TE,11,9,19,27,32,False
918260594971672576,2023,SF_2TE,12,9,19,27,29,False
918260594971672576,2023,SF_2TE,1,10,21,27,31,False
918260594971672576,2023,SF_2TE,2,10,22,27,31,False
918260594971672576,2023,SF_2TE,3,10,22,27,33,False
918260594971672576,2023,SF_2TE,4,10,19,27,33,False
918260594971672576,2023,SF_2TE,5,10,14,27,24,True
918260594971672576,2023,SF_2TE,6,10,21,27,29,False
918260594971672576,2023,SF_2TE,7,10,23,27,30,False
918260594971672576,2023,SF_2TE,8,10,15,27,30,False
918260594971672576,2023,SF_2TE,9,10,21,27,32,False
918260594971672576,2023,SF_2TE,10,10,24,27,33,False
918260594971672576,2023,SF_2TE,11,10,19,27,32,False
918260594971672576,2023,SF_2TE,12,10,19,27,29,False
918260594971672576,2023,SF_2TE,1,11,19,27,31,False
918260594971672576,2023,SF_2TE,2,11,22,27,31,False
918260594971672576,2023,SF_2TE,3,11,21,27,33,False
918260594971672576,2023,SF_2TE,4,11,20,27,32,False
918260594971672576,2023,SF_2TE,5,11,16,27,24,True
918260594971672576,2023,SF_2TE,6,11,22,27,28,False
918260594971672576,2023,SF_2TE,7,11,23,27,30,False
918260594971672576,2023,SF_2TE,8,11,16,27,30,False
918260594971672576,2023,SF_2TE,9,11,21,27,32,False
918260594971672576,2023,SF_2TE,10,11,26,27,34,False
918260594971672576,2023,SF_2TE,11,11,24,27,33,False
918260594971672576,2023,SF_2TE,12,11,18,27,29,False
918260594971672576,2023,SF_2TE,1,12,19,27,31,False
918260594971672576,2023,SF_2TE,2,12,21,27,31,False
918260594971672576,2023,SF_2TE,3,12,19,27,32,False
918260594971672576,2023,SF_2TE,4,12,20,27,32,False
918260594971672576,2023,SF_2TE,5,12,17,27,26,True
918260594971672576,2023,SF_2TE,6,12,23,27,28,False
918260594971672576,2023,SF_2TE,7,12,23,27,29,False
918260594971672576,2023,SF_2TE,8,12,17,27,30,False
918260594971672576,2023,SF_2TE,9,12,22,27,31,False
918260594971672576,2023,SF_2TE,10,12,25,27,34,False
918260594971672576,2023,SF_2TE,11,12,27,27,33,False
918260594971672576,2023,SF_2TE,12,12,19,27,29,False
918260594971672576,2023,SF_2TE,1,13,20,27,31,False
918260594971672576,2023,SF_2TE,2,13,22,27,32,False
918260594971672576,2023,SF_2TE,3,13,19,27,32,False
918260594971672576,2023,SF_2TE,4,13,21,27,31,False
918260594971672576,2023,SF_2TE,5,13,16,27,26,True
918260594971672576,2023,SF_2TE,6,13,21,27,28,False
918260594971672576,2023,SF_2TE,7,13,23,27,29,False
918260594971672576,2023,SF_2TE,8,13,17,27,30,False
918260594971672576,2023,SF_2TE,9,13,23,27,31,False
918260594971672576,2023,SF_2TE,10,13,23,27,34,False
918260594971672576,2023,SF_2TE,11,13,23,27,33,False
918260594971672576,2023,SF_2TE,12,13,19,27,29,False
918260594971672576,2023,SF_2TE,1,14,18,27,31,False
918260594971672576,2023,SF_2TE,2,14,24,27,32,False
918260594971672576,2023,SF_2TE,3,14,22,27,32,False
918260594971672576,2023,SF_2TE,4,14,22,27,31,False
918260594971672576,2023,SF_2TE,5,14,16,27,26,True
918260594971672576,2023,SF_2TE,6,14,21,27,28,False
918260594971672576,2023,SF_2TE,7,14,23,27,29,False
918260594971672576,2023,SF_2TE,8,14,20,27,30,False
918260594971672576,2023,SF_2TE,9,14,24,27,33,False
918260594971672576,2023,SF_2TE,10,14,21,27,33,False
918260594971672576,2023,SF_2TE,11,14,24,27,34,False
918260594971672576,2023,SF_2TE,12,14,20,27,30,False
918260594971672576,2023,SF_2TE,1,15,17,27,31,False
918260594971672576,2023,SF_2TE,2,15,23,27,32,False
918260594971672576,2023,SF_2TE,3,15,22,27,32,False
918260594971672576,2023,SF_2TE,4,15,23,27,32,False
918260594971672576,2023,SF_2TE,5,15,17,27,26,True
918260594971672576,2023,SF_2TE,6,15,19,27,28,False
918260594971672576,2023,SF_2TE,7,15,23,27,29,False
918260594971672576,2023,SF_2TE,8,15,20,27,30,False
918260594971672576,2023,SF_2TE,9,15,24,27,33,False
918260594971672576,2023,SF_2TE,10,15,20,27,34,False
918260594971672576,2023,SF_2TE,11,15,23,27,34,False
918260594971672576,2023,SF_2TE,12,15,18,27,30,False
920016644603248640,2023,SF_2TE,1,4,19,30,36,False
920016644603248640,2023,SF_2TE,2,4,22,30,36,False
920016644603248640,2023,SF_2TE,3,4,26,30,36,False
920016644603248640,2023,SF_2TE,4,4,19,30,30,True
920016644603248640,2023,SF_2TE,5,4,20,30,34,False
920016644603248640,2023,SF_2TE,6,4,19,30,32,False
920016644603248640,2023,SF_2TE,7,4,20,30,34,False
920016644603248640,2023,SF_2TE,8,4,20,30,35,False
920016644603248640,2023,SF_2TE,9,4,21,30,31,False
920016644603248640,2023,SF_2TE,10,4,19,30,34,False
920016644603248640,2023,SF_2TE,11,4,20,30,34,False
920016644603248640,2023,SF_2TE,12,4,20,30,36,False
920016644603248640,2023,SF_2TE,1,5,21,30,36,False
920016644603248640,2023,SF_2TE,2,5,22,30,36,False
920016644603248640,2023,SF_2TE,3,5,28,30,36,False
920016644603248640,2023,SF_2TE,4,5,20,30,30,True
920016644603248640,2023,SF_2TE,5,5,20,30,34,False
920016644603248640,2023,SF_2TE,6,5,19,30,32,False
920016644603248640,2023,SF_2TE,7,5,20,30,34,False
920016644603248640,2023,SF_2TE,8,5,22,30,35,False
920016644603248640,2023,SF_2TE,9,5,21,30,31,False
920016644603248640,2023,SF_2TE,10,5,20,30,34,False
920016644603248640,2023,SF_2TE,11,5,23,30,34,False
920016644603248640,2023,SF_2TE,12,5,20,30,36,False
920016644603248640,2023,SF_2TE,1,6,20,30,36,False
920016644603248640,2023,SF_2TE,2,6,24,30,36,False
920016644603248640,2023,SF_2TE,3,6,27,30,36,False
920016644603248640,2023,SF_2TE,4,6,22,30,30,True
920016644603248640,2023,SF_2TE,5,6,23,30,34,False
920016644603248640,2023,SF_2TE,6,6,19,30,32,False
920016644603248640,2023,SF_2TE,7,6,20,30,34,False
920016644603248640,2023,SF_2TE,8,6,21,30,35,False
920016644603248640,2023,SF_2TE,9,6,23,30,31,False
920016644603248640,2023,SF_2TE,10,6,23,30,34,False
920016644603248640,2023,SF_2TE,11,6,23,30,34,False
920016644603248640,2023,SF_2TE,12,6,21,30,36,False
920016644603248640,2023,SF_2TE,1,7,21,30,36,False
920016644603248640,2023,SF_2TE,2,7,23,30,36,False
920016644603248640,2023,SF_2TE,3,7,26,30,36,False
920016644603248640,2023,SF_2TE,4,7,22,30,30,True
920016644603248640,2023,SF_2TE,5,7,24,30,33,False
920016644603248640,2023,SF_2TE,6,7,19,30,32,False
920016644603248640,2023,SF_2TE,7,7,20,30,34,False
920016644603248640,2023,SF_2TE,8,7,20,30,33,False
920016644603248640,2023,SF_2TE,9,7,21,30,31,False
920016644603248640,2023,SF_2TE,10,7,26,30,35,False
920016644603248640,2023,SF_2TE,11,7,22,30,34,False
920016644603248640,2023,SF_2TE,12,7,23,30,36,False
920016644603248640,2023,SF_2TE,1,8,24,30,36,False
920016644603248640,2023,SF_2TE,2,8,22,30,36,False
920016644603248640,2023,SF_2TE,3,8,27,30,36,False
920016644603248640,2023,SF_2TE,4,8,22,30,30,True
920016644603248640,2023,SF_2TE,5,8,24,30,33,False
920016644603248640,2023,SF_2TE,6,8,18,30,32,False
920016644603248640,2023,SF_2TE,7,8,26,30,35,False
920016644603248640,2023,SF_2TE,8,8,24,30,35,False
920016644603248640,2023,SF_2TE,9,8,21,30,31,False
920016644603248640,2023,SF_2TE,10,8,26,30,35,False
920016644603248640,2023,SF_2TE,11,8,23,30,34,False
920016644603248640,2023,SF_2TE,12,8,24,30,36,False
920016644603248640,2023,SF_2TE,1,9,23,30,36,False
920016644603248640,2023,SF_2TE,2,9,22,30,36,False
920016644603248640,2023,SF_2TE,3,9,25,30,36,False
920016644603248640,2023,SF_2TE,4,9,20,30,30,True
920016644603248640,2023,SF_2TE,5,9,23,30,33,False
920016644603248640,2023,SF_2TE,6,9,19,30,32,False
920016644603248640,2023,SF_2TE,7,9,23,30,35,False
920016644603248640,2023,SF_2TE,8,9,22,30,35,False
920016644603248640,2023,SF_2TE,9,9,21,30,31,False
920016644603248640,2023,SF_2TE,10,9,25,30,35,False
920016644603248640,2023,SF_2TE,11,9,25,30,34,False
920016644603248640,2023,SF_2TE,12,9,24,30,36,False
920016644603248640,2023,SF_2TE,1,10,22,30,36,False
920016644603248640,2023,SF_2TE,2,10,20,30,36,False
920016644603248640,2023,SF_2TE,3,10,24,30,36,False
920016644603248640,2023,SF_2TE,4,10,20,30,30,True
920016644603248640,2023,SF_2TE,5,10,24,30,33,False
920016644603248640,2023,SF_2TE,6,10,20,30,32,False
920016644603248640,2023,SF_2TE,7,10,23,30,35,False
920016644603248640,2023,SF_2TE,8,10,23,30,35,False
920016644603248640,2023,SF_2TE,9,10,22,30,31,False
920016644603248640,2023,SF_2TE,10,10,26,30,36,False
920016644603248640,2023,SF_2TE,11,10,26,30,34,False
920016644603248640,2023,SF_2TE,12,10,23,30,36,False
920016644603248640,2023,SF_2TE,1,11,24,30,36,False
920016644603248640,2023,SF_2TE,2,11,21,30,36,False
920016644603248640,2023,SF_2TE,3,11,25,30,37,False
920016644603248640,2023,SF_2TE,4,11,20,30,30,True
920016644603248640,2023,SF_2TE,5,11,25,30,33,False
920016644603248640,2023,SF_2TE,6,11,20,30,32,False
920016644603248640,2023,SF_2TE,7,11,24,30,36,False
920016644603248640,2023,SF_2TE,8,11,20,30,34,False
920016644603248640,2023,SF_2TE,9,11,21,30,31,False
920016644603248640,2023,SF_2TE,10,11,26,30,37,False
920016644603248640,2023,SF_2TE,11,11,27,30,35,False
920016644603248640,2023,SF_2TE,12,11,19,30,36,False
920016644603248640,2023,SF_2TE,1,12,24,30,36,False
920016644603248640,2023,SF_2TE,2,12,19,30,35,False
920016644603248640,2023,SF_2TE,3,12,24,30,36,False
920016644603248640,2023,SF_2TE,4,12,20,30,30,True
920016644603248640,2023,SF_2TE,5,12,25,30,33,False
920016644603248640,2023,SF_2TE,6,12,20,30,32,False
920016644603248640,2023,SF_2TE,7,12,22,30,33,False
920016644603248640,2023,SF_2TE,8,12,21,30,32,False
920016644603248640,2023,SF_2TE,9,12,22,30,31,False
920016644603248640,2023,SF_2TE,10,12,24,30,35,False
920016644603248640,2023,SF_2TE,11,12,27,30,35,False
920016644603248640,2023,SF_2TE,12,12,23,30,35,False
920016644603248640,2023,SF_2TE,1,13,25,30,34,False
920016644603248640,2023,SF_2TE,2,13,19,30,35,False
920016644603248640,2023,SF_2TE,3,13,23,30,36,False
920016644603248640,2023,SF_2TE,4,13,18,30,30,True
920016644603248640,2023,SF_2TE,5,13,25,30,33,False
920016644603248640,2023,SF_2TE,6,13,21,30,32,False
920016644603248640,2023,SF_2TE,7,13,25,30,35,False
920016644603248640,2023,SF_2TE,8,13,21,30,32,False
920016644603248640,2023,SF_2TE,9,13,20,30,31,False
920016644603248640,2023,SF_2TE,10,13,25,30,35,False
920016644603248640,2023,SF_2TE,11,13,26,30,35,False
920016644603248640,2023,SF_2TE,12,13,25,30,35,False
920016644603248640,2023,SF_2TE,1,14,25,30,34,False
920016644603248640,2023,SF_2TE,2,14,20,30,35,False
920016644603248640,2023,SF_2TE,3,14,22,30,36,False
920016644603248640,2023,SF_2TE,4,14,17,30,30,True
920016644603248640,2023,SF_2TE,5,14,25,30,33,False
920016644603248640,2023,SF_2TE,6,14,21,30,32,False
920016644603248640,2023,SF_2TE,7,14,25,30,36,False
920016644603248640,2023,SF_2TE,8,14,24,30,34,False
920016644603248640,2023,SF_2TE,9,14,21,30,31,False
920016644603248640,2023,SF_2TE,10,14,24,30,35,False
920016644603248640,2023,SF_2TE,11,14,27,30,35,False
920016644603248640,2023,SF_2TE,12,14,29,30,35,False
920016644603248640,2023,SF_2TE,1,15,24,30,35,False
920016644603248640,2023,SF_2TE,2,15,21,30,35,False
920016644603248640,2023,SF_2TE,3,15,23,30,35,False
920016644603248640,2023,SF_2TE,4,15,16,30,29,True
920016644603248640,2023,SF_2TE,5,15,22,30,33,False
920016644603248640,2023,SF_2TE,6,15,21,30,32,False
920016644603248640,2023,SF_2TE,7,15,22,30,36,False
920016644603248640,2023,SF_2TE,8,15,26,30,34,False
920016644603248640,2023,SF_2TE,9,15,21,30,31,False
920016644603248640,2023,SF_2TE,10,15,25,30,35,False
920016644603248640,2023,SF_2TE,11,15,27,30,35,False
920016644603248640,2023,SF_2TE,12,15,27,30,35,False
1048274355802820608,2024,SF_2TE,1,4,21,30,36,False
1048274355802820608,2024,SF_2TE,2,4,19,30,35,False
1048274355802820608,2024,SF_2TE,3,4,21,30,33,False
1048274355802820608,2024,SF_2TE,4,4,20,30,31,False
1048274355802820608,2024,SF_2TE,5,4,22,30,35,False
1048274355802820608,2024,SF_2TE,6,4,18,30,35,False
1048274355802820608,2024,SF_2TE,7,4,17,30,33,False
1048274355802820608,2024,SF_2TE,8,4,17,30,36,False
1048274355802820608,2024,SF_2TE,9,4,18,30,32,False
1048274355802820608,2024,SF_2TE,10,4,18,30,35,False
1048274355802820608,2024,SF_2TE,11,4,20,30,33,False
1048274355802820608,2024,SF_2TE,12,4,20,30,35,False
1048274355802820608,2024,SF_2TE,1,5,21,30,36,False
1048274355802820608,2024,SF_2TE,2,5,19,30,35,False
1048274355802820608,2024,SF_2TE,3,5,22,30,33,False
1048274355802820608,2024,SF_2TE,4,5,19,30,31,False
1048274355802820608,2024,SF_2TE,5,5,25,30,36,False
1048274355802820608,2024,SF_2TE,6,5,19,30,34,False
1048274355802820608,2024,SF_2TE,7,5,16,30,33,False
1048274355802820608,2024,SF_2TE,8,5,19,30,36,False
1048274355802820608,2024,SF_2TE,9,5,20,30,32,False
1048274355802820608,2024,SF_2TE,10,5,17,30,35,False
1048274355802820608,2024,SF_2TE,11,5,21,30,33,False
1048274355802820608,2024,SF_2TE,12,5,21,30,35,False
1048274355802820608,2024,SF_2TE,1,6,22,30,36,False
1048274355802820608,2024,SF_2TE,2,6,20,30,35,False
1048274355802820608,2024,SF_2TE,3,6,25,30,34,False
1048274355802820608,2024,SF_2TE,4,6,20,30,32,False
1048274355802820608,2024,SF_2TE,5,6,26,30,36,False
1048274355802820608,2024,SF_2TE,6,6,20,30,34,False
1048274355802820608,2024,SF_2TE,7,6,18,30,33,False
1048274355802820608,2024,SF_2TE,8,6,18,30,35,False
1048274355802820608,2024,SF_2TE,9,6,20,30,32,False
1048274355802820608,2024,SF_2TE,10,6,22,30,35,False
1048274355802820608,2024,SF_2TE,11,6,22,30,33,False
1048274355802820608,2024,SF_2TE,12,6,21,30,35,False
1048274355802820608,2024,SF_2TE,1,7,23,30,36,False
1048274355802820608,2024,SF_2TE,2,7,22,30,35,False
1048274355802820608,2024,SF_2TE,3,7,24,30,34,False
1048274355802820608,2024,SF_2TE,4,7,22,30,32,False
1048274355802820608,2024,SF_2TE,5,7,25,30,36,False
1048274355802820608,2024,SF_2TE,6,7,20,30,34,False
1048274355802820608,2024,SF_2TE,7,7,22,30,34,False
1048274355802820608,2024,SF_2TE,8,7,22,30,36,False
1048274355802820608,2024,SF_2TE,9,7,20,30,32,False
1048274355802820608,2024,SF_2TE,10,7,23,30,36,False
1048274355802820608,2024,SF_2TE,11,7,22,30,33,False
1048274355802820608,2024,SF_2TE,12,7,22,30,35,False
1048274355802820608,2024,SF_2TE,1,8,23,30,36,False
1048274355802820608,2024,SF_2TE,2,8,23,30,35,False
1048274355802820608,2024,SF_2TE,3,8,24,30,34,False
1048274355802820608,2024,SF_2TE,4,8,24,30,32,False
1048274355802820608,2024,SF_2TE,5,8,26,30,36,False
1048274355802820608,2024,SF_2TE,6,8,22,30,34,False
1048274355802820608,2024,SF_2TE,7,8,24,30,34,False
1048274355802820608,2024,SF_2TE,8,8,22,30,36,False
1048274355802820608,2024,SF_2TE,9,8,20,30,32,False
1048274355802820608,2024,SF_2TE,10,8,24,30,36,False
1048274355802820608,2024,SF_2TE,11,8,24,30,33,False
1048274355802820608,2024,SF_2TE,12,8,22,30,35,False
1048274355802820608,2024,SF_2TE,1,9,25,30,36,False
1048274355802820608,2024,SF_2TE,2,9,22,30,34,False
1048274355802820608,2024,SF_2TE,3,9,24,30,34,False
1048274355802820608,2024,SF_2TE,4,9,23,30,32,False
1048274355802820608,2024,SF_2TE,5,9,26,30,36,False
1048274355802820608,2024,SF_2TE,6,9,22,30,34,False
1048274355802820608,2024,SF_2TE,7,9,27,30,35,False
1048274355802820608,2024,SF_2TE,8,9,21,30,36,False
1048274355802820608,2024,SF_2TE,9,9,20,30,32,False
1048274355802820608,2024,SF_2TE,10,9,23,30,36,False
1048274355802820608,2024,SF_2TE,11,9,24,30,33,False
1048274355802820608,2024,SF_2TE,12,9,22,30,35,False
1048274355802820608,2024,SF_2TE,1,10,25,30,36,False
1048274355802820608,2024,SF_2TE,2,10,22,30,34,False
1048274355802820608,2024,SF_2TE,3,10,25,30,34,False
1048274355802820608,2024,SF_2TE,4,10,23,30,32,False
1048274355802820608,2024,SF_2TE,5,10,24,30,36,False
1048274355802820608,2024,SF_2TE,6,10,25,30,34,False
1048274355802820608,2024,SF_2TE,7,10,30,30,36,False
1048274355802820608,2024,SF_2TE,8,10,21,30,36,False
1048274355802820608,2024,SF_2TE,9,10,20,30,32,False
1048274355802820608,2024,SF_2TE,10,10,22,30,36,False
1048274355802820608,2024,SF_2TE,11,10,27,30,36,False
1048274355802820608,2024,SF_2TE,12,10,21,30,35,False
1048274355802820608,2024,SF_2TE,1,11,24,30,36,False
1048274355802820608,2024,SF_2TE,2,11,20,30,34,False
1048274355802820608,2024,SF_2TE,3,11,27,30,35,False
1048274355802820608,2024,SF_2TE,4,11,25,30,32,False
1048274355802820608,2024,SF_2TE,5,11,26,30,36,False
1048274355802820608,2024,SF_2TE,6,11,24,30,34,False
1048274355802820608,2024,SF_2TE,7,11,25,30,35,False
1048274355802820608,2024,SF_2TE,8,11,21,30,36,False
1048274355802820608,2024,SF_2TE,9,11,21,30,32,False
1048274355802820608,2024,SF_2TE,10,11,25,30,36,False
1048274355802820608,2024,SF_2TE,11,11,26,30,36,False
1048274355802820608,2024,SF_2TE,12,11,22,30,35,False
1048274355802820608,2024,SF_2TE,1,12,22,30,36,False
1048274355802820608,2024,SF_2TE,2,12,19,30,34,False
1048274355802820608,2024,SF_2TE,3,12,26,30,35,False
1048274355802820608,2024,SF_2TE,4,12,25,30,32,False
1048274355802820608,2024,SF_2TE,5,12,28,30,37,False
1048274355802820608,2024,SF_2TE,6,12,24,30,34,False
1048274355802820608,2024,SF_2TE,7,12,23,30,35,False
1048274355802820608,2024,SF_2TE,8,12,22,30,36,False
1048274355802820608,2024,SF_2TE,9,12,20,30,32,False
1048274355802820608,2024,SF_2TE,10,12,24,30,36,False
1048274355802820608,2024,SF_2TE,11,12,25,30,36,False
1048274355802820608,2024,SF_2TE,12,12,25,30,36,False
1048274355802820608,2024,SF_2TE,1,13,22,30,36,False
1048274355802820608,2024,SF_2TE,2,13,19,30,34,False
1048274355802820608,2024,SF_2TE,3,13,24,30,35,False
1048274355802820608,2024,SF_2TE,4,13,23,30,32,False
1048274355802820608,2024,SF_2TE,5,13,27,30,36,False
1048274355802820608,2024,SF_2TE,6,13,22,30,34,False
1048274355802820608,2024,SF_2TE,7,13,24,30,35,False
1048274355802820608,2024,SF_2TE,8,13,23,30,36,False
1048274355802820608,2024,SF_2TE,9,13,18,30,32,False
1048274355802820608,2024,SF_2TE,10,13,23,30,36,False
1048274355802820608,2024,SF_2TE,11,13,25,30,36,False
1048274355802820608,2024,SF_2TE,12,13,22,30,36,False
1048274355802820608,2024,SF_2TE,1,14,22,30,36,False
1048274355802820608,2024,SF_2TE,2,14,19,30,34,False
1048274355802820608,2024,SF_2TE,3,14,24,30,35,False
1048274355802820608,2024,SF_2TE,4,14,23,30,32,False
1048274355802820608,2024,SF_2TE,5,14,26,30,36,False
1048274355802820608,2024,SF_2TE,6,14,22,30,34,False
1048274355802820608,2024,SF_2TE,7,14,25,30,35,False
1048274355802820608,2024,SF_2TE,8,14,23,30,36,False
1048274355802820608,2024,SF_2TE,9,14,19,30,32,False
1048274355802820608,2024,SF_2TE,10,14,23,30,36,False
1048274355802820608,2024,SF_2TE,11,14,23,30,36,False
1048274355802820608,2024,SF_2TE,12,14,22,30,36,False
1048274355802820608,2024,SF_2TE,1,15,21,30,36,False
1048274355802820608,2024,SF_2TE,2,15,21,30,34,False
1048274355802820608,2024,SF_2TE,3,15,22,30,35,False
1048274355802820608,2024,SF_2TE,4,15,24,30,34,False
1048274355802820608,2024,SF_2TE,5,15,27,30,35,False
1048274355802820608,2024,SF_2TE,6,15,21,30,34,False
1048274355802820608,2024,SF_2TE,7,15,24,30,35,False
1048274355802820608,2024,SF_2TE,8,15,22,30,34,False
1048274355802820608,2024,SF_2TE,9,15,19,30,32,False
1048274355802820608,2024,SF_2TE,10,15,23,30,35,False
1048274355802820608,2024,SF_2TE,11,15,23,30,36,False
1048274355802820608,2024,SF_2TE,12,15,23,30,36,False
1048278093472837632,2024,SF_2TE,1,4,21,25,33,False
1048278093472837632,2024,SF_2TE,2,4,22,25,31,False
1048278093472837632,2024,SF_2TE,3,4,19,25,28,False
1048278093472837632,2024,SF_2TE,4,4,16,25,32,False
1048278093472837632,2024,SF_2TE,5,4,21,25,32,False
1048278093472837632,2024,SF_2TE,6,4,18,25,27,False
1048278093472837632,2024,SF_2TE,7,4,19,25,30,False
1048278093472837632,2024,SF_2TE,8,4,25,25,33,False
1048278093472837632,2024,SF_2TE,9,4,20,25,29,False
1048278093472837632,2024,SF_2TE,10,4,19,25,30,False
1048278093472837632,2024,SF_2TE,11,4,17,25,29,False
1048278093472837632,2024,SF_2TE,12,4,16,25,32,False
1048278093472837632,2024,SF_2TE,1,5,19,25,33,False
1048278093472837632,2024,SF_2TE,2,5,24,25,32,False
1048278093472837632,2024,SF_2TE,3,5,20,25,28,False
1048278093472837632,2024,SF_2TE,4,5,16,25,32,False
1048278093472837632,2024,SF_2TE,5,5,22,25,33,False
1048278093472837632,2024,SF_2TE,6,5,18,25,27,False
1048278093472837632,2024,SF_2TE,7,5,16,25,28,False
1048278093472837632,2024,SF_2TE,8,5,22,25,32,False
1048278093472837632,2024,SF_2TE,9,5,20,25,29,False
1048278093472837632,2024,SF_2TE,10,5,18,25,31,False
1048278093472837632,2024,SF_2TE,11,5,20,25,30,False
1048278093472837632,2024,SF_2TE,12,5,17,25,32,False
1048278093472837632,2024,SF_2TE,1,6,21,25,33,False
1048278093472837632,2024,SF_2TE,2,6,25,25,32,False
1048278093472837632,2024,SF_2TE,3,6,21,25,28,False
1048278093472837632,2024,SF_2TE,4,6,16,25,32,False
1048278093472837632,2024,SF_2TE,5,6,20,25,32,False
1048278093472837632,2024,SF_2TE,6,6,19,25,27,False
1048278093472837632,2024,SF_2TE,7,6,22,25,31,False
1048278093472837632,2024,SF_2TE,8,6,24,25,32,False
1048278093472837632,2024,SF_2TE,9,6,19,25,28,False
1048278093472837632,2024,SF_2TE,10,6,19,25,31,False
1048278093472837632,2024,SF_2TE,11,6,20,25,30,False
1048278093472837632,2024,SF_2TE,12,6,17,25,32,False
1048278093472837632,2024,SF_2TE,1,7,20,25,32,False
1048278093472837632,2024,SF_2TE,2,7,25,25,31,False
1048278093472837632,2024,SF_2TE,3,7,22,25,28,False
1048278093472837632,2024,SF_2TE,4,7,17,25,32,False
1048278093472837632,2024,SF_2TE,5,7,22,25,33,False
1048278093472837632,2024,SF_2TE,6,7,19,25,27,False
1048278093472837632,2024,SF_2TE,7,7,22,25,30,False
1048278093472837632,2024,SF_2TE,8,7,25,25,33,False
1048278093472837632,2024,SF_2TE,9,7,19,25,28,False
1048278093472837632,2024,SF_2TE,10,7,21,25,30,False
1048278093472837632,2024,SF_2TE,11,7,19,25,30,False
1048278093472837632,2024,SF_2TE,12,7,19,25,30,False
1048278093472837632,2024,SF_2TE,1,8,21,25,32,False
1048278093472837632,2024,SF_2TE,2,8,24,25,30,False
1048278093472837632,2024,SF_2TE,3,8,24,25,28,False
1048278093472837632,2024,SF_2TE,4,8,18,25,32,False
1048278093472837632,2024,SF_2TE,5,8,20,25,32,False
1048278093472837632,2024,SF_2TE,6,8,20,25,27,False
1048278093472837632,2024,SF_2TE,7,8,22,25,29,False
1048278093472837632,2024,SF_2TE,8,8,26,25,32,False
1048278093472837632,2024,SF_2TE,9,8,22,25,32,False
1048278093472837632,2024,SF_2TE,10,8,19,25,28,False
1048278093472837632,2024,SF_2TE,11,8,19,25,30,False
1048278093472837632,2024,SF_2TE,12,8,20,25,29,False
1048278093472837632,2024,SF_2TE,1,9,21,25,32,False
1048278093472837632,2024,SF_2TE,2,9,26,25,30,False
1048278093472837632,2024,SF_2TE,3,9,24,25,28,False
1048278093472837632,2024,SF_2TE,4,9,19,25,32,False
1048278093472837632,2024,SF_2TE,5,9,22,25,33,False
1048278093472837632,2024,SF_2TE,6,9,20,25,28,False
1048278093472837632,2024,SF_2TE,7,9,24,25,30,False
1048278093472837632,2024,SF_2TE,8,9,24,25,32,False
1048278093472837632,2024,SF_2TE,9,9,21,25,30,False
1048278093472837632,2024,SF_2TE,10,9,18,25,29,False
1048278093472837632,2024,SF_2TE,11,9,19,25,30,False
1048278093472837632,2024,SF_2TE,12,9,20,25,28,False
1048278093472837632,2024,SF_2TE,1,10,20,25,32,False
1048278093472837632,2024,SF_2TE,2,10,26,25,31,False
1048278093472837632,2024,SF_2TE,3,10,23,25,28,False
1048278093472837632,2024,SF_2TE,4,10,19,25,32,False
1048278093472837632,2024,SF_2TE,5,10,22,25,33,False
1048278093472837632,2024,SF_2TE,6,10,20,25,28,False
1048278093472837632,2024,SF_2TE,7,10,24,25,31,False
1048278093472837632,2024,SF_2TE,8,10,24,25,32,False
1048278093472837632,2024,SF_2TE,9,10,22,25,30,False
1048278093472837632,2024,SF_2TE,10,10,23,25,32,False
1048278093472837632,2024,SF_2TE,11,10,19,25,30,False
1048278093472837632,2024,SF_2TE,12,10,21,25,28,False
1048278093472837632,2024,SF_2TE,1,11,21,25,32,False
1048278093472837632,2024,SF_2TE,2,11,24,25,31,False
1048278093472837632,2024,SF_2TE,3,11,22,25,28,False
1048278093472837632,2024,SF_2TE,4,11,20,25,32,False
1048278093472837632,2024,SF_2TE,5,11,20,25,33,False
1048278093472837632,2024,SF_2TE,6,11,20,25,28,False
1048278093472837632,2024,SF_2TE,7,11,23,25,32,False
1048278093472837632,2024,SF_2TE,8,11,24,25,33,False
1048278093472837632,2024,SF_2TE,9,11,23,25,30,False
1048278093472837632,2024,SF_2TE,10,11,24,25,32,False
1048278093472837632,2024,SF_2TE,11,11,18,25,30,False
1048278093472837632,2024,SF_2TE,12,11,23,25,31,False
1048278093472837632,2024,SF_2TE,1,12,20,25,32,False
1048278093472837632,2024,SF_2TE,2,12,22,25,29,False
1048278093472837632,2024,SF_2TE,3,12,22,25,28,False
1048278093472837632,2024,SF_2TE,4,12,20,25,32,False
1048278093472837632,2024,SF_2TE,5,12,20,25,33,False
1048278093472837632,2024,SF_2TE,6,12,20,25,28,False
1048278093472837632,2024,SF_2TE,7,12,23,25,32,False
1048278093472837632,2024,SF_2TE,8,12,25,25,33,False
1048278093472837632,2024,SF_2TE,9,12,21,25,30,False
1048278093472837632,2024,SF_2TE,10,12,20,25,33,False
1048278093472837632,2024,SF_2TE,11,12,18,25,30,False
1048278093472837632,2024,SF_2TE,12,12,23,25,29,False
1048278093472837632,2024,SF_2TE,1,13,20,25,30,False
1048278093472837632,2024,SF_2TE,2,13,22,25,29,False
1048278093472837632,2024,SF_2TE,3,13,19,25,28,False
1048278093472837632,2024,SF_2TE,4,13,20,25,32,False
1048278093472837632,2024,SF_2TE,5,13,22,25,34,False
1048278093472837632,2024,SF_2TE,6,13,19,25,27,False
1048278093472837632,2024,SF_2TE,7,13,23,25,31,False
1048278093472837632,2024,SF_2TE,8,13,24,25,33,False
1048278093472837632,2024,SF_2TE,9,13,22,25,30,False
1048278093472837632,2024,SF_2TE,10,13,20,25,33,False
1048278093472837632,2024,SF_2TE,11,13,17,25,30,False
1048278093472837632,2024,SF_2TE,12,13,21,25,29,False
1048278093472837632,2024,SF_2TE,1,14,21,25,31,False
1048278093472837632,2024,SF_2TE,2,14,21,25,28,False
1048278093472837632,2024,SF_2TE,3,14,21,25,29,False
1048278093472837632,2024,SF_2TE,4,14,20,25,32,False
1048278093472837632,2024,SF_2TE,5,14,19,25,32,False
1048278093472837632,2024,SF_2TE,6,14,20,25,27,False
1048278093472837632,2024,SF_2TE,7,14,20,25,30,False
1048278093472837632,2024,SF_2TE,8,14,23,25,33,False
1048278093472837632,2024,SF_2TE,9,14,21,25,30,False
1048278093472837632,2024,SF_2TE,10,14,19,25,31,False
1048278093472837632,2024,SF_2TE,11,14,17,25,30,False
1048278093472837632,2024,SF_2TE,12,14,18,25,28,False
1048278093472837632,2024,SF_2TE,1,15,22,25,30,False
1048278093472837632,2024,SF_2TE,2,15,23,25,29,False
1048278093472837632,2024,SF_2TE,3,15,20,25,29,False
1048278093472837632,2024,SF_2TE,4,15,20,25,32,False
1048278093472837632,2024,SF_2TE,5,15,20,25,33,False
1048278093472837632,2024,SF_2TE,6,15,21,25,26,False
1048278093472837632,2024,SF_2TE,7,15,18,25,28,False
1048278093472837632,2024,SF_2TE,8,15,22,25,33,False
1048278093472837632,2024,SF_2TE,9,15,20,25,30,False
1048278093472837632,2024,SF_2TE,10,15,20,25,31,False
1048278093472837632,2024,SF_2TE,11,15,17,25,30,False
1048278093472837632,2024,SF_2TE,12,15,18,25,28,False
1180354306008649728,2025,SF_2TE,1,4,16,25,31,False
1180354306008649728,2025,SF_2TE,2,4,21,25,31,False
1180354306008649728,2025,SF_2TE,3,4,19,25,29,False
1180354306008649728,2025,SF_2TE,4,4,20,25,31,False
1180354306008649728,2025,SF_2TE,5,4,17,25,33,False
1180354306008649728,2025,SF_2TE,6,4,17,25,28,False
1180354306008649728,2025,SF_2TE,7,4,16,25,32,False
1180354306008649728,2025,SF_2TE,8,4,17,25,32,False
1180354306008649728,2025,SF_2TE,9,4,17,25,27,False
1180354306008649728,2025,SF_2TE,10,4,17,25,29,False
1180354306008649728,2025,SF_2TE,11,4,15,25,30,False
1180354306008649728,2025,SF_2TE,12,4,17,25,30,False
1180354306008649728,2025,SF_2TE,1,5,18,25,30,False
1180354306008649728,2025,SF_2TE,2,5,22,25,32,False
1180354306008649728,2025,SF_2TE,3,5,20,25,29,False
1180354306008649728,2025,SF_2TE,4,5,21,25,31,False
1180354306008649728,2025,SF_2TE,5,5,18,25,33,False
1180354306008649728,2025,SF_2TE,6,5,19,25,28,False
1180354306008649728,2025,SF_2TE,7,5,20,25,32,False
1180354306008649728,2025,SF_2TE,8,5,20,25,32,False
1180354306008649728,2025,SF_2TE,9,5,19,25,27,False
1180354306008649728,2025,SF_2TE,10,5,20,25,31,False
1180354306008649728,2025,SF_2TE,11,5,15,25,30,False
1180354306008649728,2025,SF_2TE,12,5,17,25,30,False
1180354306008649728,2025,SF_2TE,1,6,19,25,30,False
1180354306008649728,2025,SF_2TE,2,6,22,25,33,False
1180354306008649728,2025,SF_2TE,3,6,21,25,30,False
1180354306008649728,2025,SF_2TE,4,6,22,25,30,False
1180354306008649728,2025,SF_2TE,5,6,19,25,32,False
1180354306008649728,2025,SF_2TE,6,6,21,25,28,False
1180354306008649728,2025,SF_2TE,7,6,21,25,32,False
1180354306008649728,2025,SF_2TE,8,6,20,25,31,False
1180354306008649728,2025,SF_2TE,9,6,19,25,27,False
1180354306008649728,2025,SF_2TE,10,6,22,25,31,False
1180354306008649728,2025,SF_2TE,11,6,17,25,30,False
1180354306008649728,2025,SF_2TE,12,6,17,25,29,False
1180354306008649728,2025,SF_2TE,1,7,18,25,30,False
1180354306008649728,2025,SF_2TE,2,7,20,25,30,False
1180354306008649728,2025,SF_2TE,3,7,19,25,29,False
1180354306008649728,2025,SF_2TE,4,7,22,25,30,False
1180354306008649728,2025,SF_2TE,5,7,20,25,33,False
1180354306008649728,2025,SF_2TE,6,7,22,25,28,False
1180354306008649728,2025,SF_2TE,7,7,19,25,31,False
1180354306008649728,2025,SF_2TE,8,7,23,25,33,False
1180354306008649728,2025,SF_2TE,9,7,22,25,30,False
1180354306008649728,2025,SF_2TE,10,7,21,25,31,False
1180354306008649728,2025,SF_2TE,11,7,17,25,30,False
1180354306008649728,2025,SF_2TE,12,7,19,25,29,False
1180354306008649728,2025,SF_2TE,1,8,20,25,32,False
1180354306008649728,2025,SF_2TE,2,8,23,25,32,False
1180354306008649728,2025,SF_2TE,3,8,22,25,29,False
1180354306008649728,2025,SF_2TE,4,8,22,25,30,False
1180354306008649728,2025,SF_2TE,5,8,19,25,32,False
1180354306008649728,2025,SF_2TE,6,8,21,25,28,False
1180354306008649728,2025,SF_2TE,7,8,23,25,33,False
1180354306008649728,2025,SF_2TE,8,8,22,25,31,False
1180354306008649728,2025,SF_2TE,9,8,17,25,29,False
1180354306008649728,2025,SF_2TE,10,8,21,25,31,False
1180354306008649728,2025,SF_2TE,11,8,18,25,30,False
1180354306008649728,2025,SF_2TE,12,8,20,25,29,False
1180354306008649728,2025,SF_2TE,1,9,24,25,33,False
1180354306008649728,2025,SF_2TE,2,9,24,25,33,False
1180354306008649728,2025,SF_2TE,3,9,21,25,29,False
1180354306008649728,2025,SF_2TE,4,9,23,25,30,False
1180354306008649728,2025,SF_2TE,5,9,22,25,33,False
1180354306008649728,2025,SF_2TE,6,9,22,25,28,False
1180354306008649728,2025,SF_2TE,7,9,23,25,33,False
1180354306008649728,2025,SF_2TE,8,9,22,25,32,False
1180354306008649728,2025,SF_2TE,9,9,20,25,29,False
1180354306008649728,2025,SF_2TE,10,9,22,25,31,False
1180354306008649728,2025,SF_2TE,11,9,17,25,29,False
1180354306008649728,2025,SF_2TE,12,9,20,25,29,False
1180354306008649728,2025,SF_2TE,1,10,21,25,33,False
1180354306008649728,2025,SF_2TE,2,10,24,25,32,False
1180354306008649728,2025,SF_2TE,3,10,20,25,29,False
1180354306008649728,2025,SF_2TE,4,10,21,25,30,False
1180354306008649728,2025,SF_2TE,5,10,23,25,33,False
1180354306008649728,2025,SF_2TE,6,10,21,25,28,False
1180354306008649728,2025,SF_2TE,7,10,23,25,32,False
1180354306008649728,2025,SF_2TE,8,10,22,25,32,False
1180354306008649728,2025,SF_2TE,9,10,21,25,29,False
1180354306008649728,2025,SF_2TE,10,10,21,25,31,False
1180354306008649728,2025,SF_2TE,11,10,17,25,29,False
1180354306008649728,2025,SF_2TE,12,10,20,25,29,False
1180354306008649728,2025,SF_2TE,1,11,21,25,32,False
1180354306008649728,2025,SF_2TE,2,11,25,25,32,False
1180354306008649728,2025,SF_2TE,3,11,20,25,29,False
1180354306008649728,2025,SF_2TE,4,11,21,25,31,False
1180354306008649728,2025,SF_2TE,5,11,21,25,33,False
1180354306008649728,2025,SF_2TE,6,11,22,25,27,False
1180354306008649728,2025,SF_2TE,7,11,22,25,32,False
1180354306008649728,2025,SF_2TE,8,11,22,25,32,False
1180354306008649728,2025,SF_2TE,9,11,19,25,29,False
1180354306008649728,2025,SF_2TE,10,11,21,25,31,False
1180354306008649728,2025,SF_2TE,11,11,17,25,29,False
1180354306008649728,2025,SF_2TE,12,11,19,25,29,False
1180354306008649728,2025,SF_2TE,1,12,23,25,33,False
1180354306008649728,2025,SF_2TE,2,12,26,25,33,False
1180354306008649728,2025,SF_2TE,3,12,19,25,29,False
1180354306008649728,2025,SF_2TE,4,12,21,25,30,False
1180354306008649728,2025,SF_2TE,5,12,23,25,33,False
1180354306008649728,2025,SF_2TE,6,12,21,25,27,False
1180354306008649728,2025,SF_2TE,7,12,24,25,33,False
1180354306008649728,2025,SF_2TE,8,12,24,25,33,False
1180354306008649728,2025,SF_2TE,9,12,18,25,28,False
1180354306008649728,2025,SF_2TE,10,12,23,25,31,False
1180354306008649728,2025,SF_2TE,11,12,17,25,29,False
1180354306008649728,2025,SF_2TE,12,12,20,25,29,False
1180354306008649728,2025,SF_2TE,1,13,24,25,33,False
1180354306008649728,2025,SF_2TE,2,13,27,25,33,False
1180354306008649728,2025,SF_2TE,3,13,20,25,29,False
1180354306008649728,2025,SF_2TE,4,13,21,25,30,False
1180354306008649728,2025,SF_2TE,5,13,24,25,33,False
1180354306008649728,2025,SF_2TE,6,13,21,25,26,False
1180354306008649728,2025,SF_2TE,7,13,21,25,32,False
1180354306008649728,2025,SF_2TE,8,13,24,25,32,False
1180354306008649728,2025,SF_2TE,9,13,18,25,29,False
1180354306008649728,2025,SF_2TE,10,13,25,25,31,False
1180354306008649728,2025,SF_2TE,11,13,17,25,30,False
1180354306008649728,2025,SF_2TE,12,13,21,25,29,False
1180354306008649728,2025,SF_2TE,1,14,24,25,33,False
1180354306008649728,2025,SF_2TE,2,14,28,25,33,False
1180354306008649728,2025,SF_2TE,3,14,20,25,29,False
1180354306008649728,2025,SF_2TE,4,14,21,25,29,False
1180354306008649728,2025,SF_2TE,5,14,21,25,33,False
1180354306008649728,2025,SF_2TE,6,14,20,25,26,False
1180354306008649728,2025,SF_2TE,7,14,23,25,33,False
1180354306008649728,2025,SF_2TE,8,14,25,25,32,False
1180354306008649728,2025,SF_2TE,9,14,18,25,29,False
1180354306008649728,2025,SF_2TE,10,14,23,25,29,False
1180354306008649728,2025,SF_2TE,11,14,17,25,30,False
1180354306008649728,2025,SF_2TE,12,14,20,25,29,False
1180354306008649728,2025,SF_2TE,1,15,25,25,32,False
1180354306008649728,2025,SF_2TE,2,15,25,25,33,False
1180354306008649728,2025,SF_2TE,3,15,20,25,29,False
1180354306008649728,2025,SF_2TE,4,15,21,25,29,False
1180354306008649728,2025,SF_2TE,5,15,19,25,33,False
1180354306008649728,2025,SF_2TE,6,15,20,25,26,False
1180354306008649728,2025,SF_2TE,7,15,24,25,33,False
1180354306008649728,2025,SF_2TE,8,15,25,25,33,False
1180354306008649728,2025,SF_2TE,9,15,18,25,28,False
1180354306008649728,2025,SF_2TE,10,15,21,25,29,False
1180354306008649728,2025,SF_2TE,11,15,18,25,30,False
1180354306008649728,2025,SF_2TE,12,15,21,25,30,False
1180578870847586304,2025,SF_2TE,1,4,18,27,35,False
1180578870847586304,2025,SF_2TE,2,4,19,27,33,False
1180578870847586304,2025,SF_2TE,3,4,20,27,34,False
1180578870847586304,2025,SF_2TE,4,4,19,27,33,False
1180578870847586304,2025,SF_2TE,5,4,17,27,32,False
1180578870847586304,2025,SF_2TE,6,4,17,27,35,False
1180578870847586304,2025,SF_2TE,7,4,20,27,30,False
1180578870847586304,2025,SF_2TE,8,4,17,27,28,False
1180578870847586304,2025,SF_2TE,9,4,17,27,33,False
1180578870847586304,2025,SF_2TE,10,4,24,27,33,False
1180578870847586304,2025,SF_2TE,11,4,16,27,34,False
1180578870847586304,2025,SF_2TE,12,4,17,27,31,False
1180578870847586304,2025,SF_2TE,1,5,21,27,34,False
1180578870847586304,2025,SF_2TE,2,5,21,27,33,False
1180578870847586304,2025,SF_2TE,3,5,21,27,34,False
1180578870847586304,2025,SF_2TE,4,5,21,27,33,False
1180578870847586304,2025,SF_2TE,5,5,20,27,34,False
1180578870847586304,2025,SF_2TE,6,5,19,27,35,False
1180578870847586304,2025,SF_2TE,7,5,20,27,30,False
1180578870847586304,2025,SF_2TE,8,5,19,27,28,False
1180578870847586304,2025,SF_2TE,9,5,18,27,34,False
1180578870847586304,2025,SF_2TE,10,5,24,27,34,False
1180578870847586304,2025,SF_2TE,11,5,17,27,34,False
1180578870847586304,2025,SF_2TE,12,5,17,27,31,False
1180578870847586304,2025,SF_2TE,1,6,23,27,35,False
1180578870847586304,2025,SF_2TE,2,6,24,27,35,False
1180578870847586304,2025,SF_2TE,3,6,22,27,33,False
1180578870847586304,2025,SF_2TE,4,6,21,27,33,False
1180578870847586304,2025,SF_2TE,5,6,21,27,34,False
1180578870847586304,2025,SF_2TE,6,6,22,27,35,False
1180578870847586304,2025,SF_2TE,7,6,20,27,30,False
1180578870847586304,2025,SF_2TE,8,6,18,27,28,False
1180578870847586304,2025,SF_2TE,9,6,19,27,33,False
1180578870847586304,2025,SF_2TE,10,6,26,27,34,False
1180578870847586304,2025,SF_2TE,11,6,17,27,34,False
1180578870847586304,2025,SF_2TE,12,6,19,27,31,False
1180578870847586304,2025,SF_2TE,1,7,25,27,35,False
1180578870847586304,2025,SF_2TE,2,7,22,27,34,False
1180578870847586304,2025,SF_2TE,3,7,20,27,33,False
1180578870847586304,2025,SF_2TE,4,7,19,27,33,False
1180578870847586304,2025,SF_2TE,5,7,17,27,33,False
1180578870847586304,2025,SF_2TE,6,7,22,27,35,False
1180578870847586304,2025,SF_2TE,7,7,20,27,31,False
1180578870847586304,2025,SF_2TE,8,7,20,27,28,False
1180578870847586304,2025,SF_2TE,9,7,19,27,32,False
1180578870847586304,2025,SF_2TE,10,7,26,27,35,False
1180578870847586304,2025,SF_2TE,11,7,24,27,31,False
1180578870847586304,2025,SF_2TE,12,7,19,27,31,False
1180578870847586304,2025,SF_2TE,1,8,25,27,35,False
1180578870847586304,2025,SF_2TE,2,8,21,27,34,False
1180578870847586304,2025,SF_2TE,3,8,21,27,34,False
1180578870847586304,2025,SF_2TE,4,8,20,27,32,False
1180578870847586304,2025,SF_2TE,5,8,17,27,33,False
1180578870847586304,2025,SF_2TE,6,8,22,27,35,False
1180578870847586304,2025,SF_2TE,7,8,21,27,31,False
1180578870847586304,2025,SF_2TE,8,8,20,27,28,False
1180578870847586304,2025,SF_2TE,9,8,19,27,32,False
1180578870847586304,2025,SF_2TE,10,8,26,27,35,False
1180578870847586304,2025,SF_2TE,11,8,25,27,33,False
1180578870847586304,2025,SF_2TE,12,8,19,27,31,False
1180578870847586304,2025,SF_2TE,1,9,23,27,35,False
1180578870847586304,2025,SF_2TE,2,9,23,27,34,False
1180578870847586304,2025,SF_2TE,3,9,24,27,35,False
1180578870847586304,2025,SF_2TE,4,9,22,27,32,False
1180578870847586304,2025,SF_2TE,5,9,20,27,33,False
1180578870847586304,2025,SF_2TE,6,9,24,27,35,False
1180578870847586304,2025,SF_2TE,7,9,21,27,31,False
1180578870847586304,2025,SF_2TE,8,9,21,27,29,False
1180578870847586304,2025,SF_2TE,9,9,19,27,32,False
1180578870847586304,2025,SF_2TE,10,9,24,27,35,False
1180578870847586304,2025,SF_2TE,11,9,25,27,32,False
1180578870847586304,2025,SF_2TE,12,9,19,27,31,False
1180578870847586304,2025,SF_2TE,1,10,24,27,35,False
1180578870847586304,2025,SF_2TE,2,10,23,27,34,False
1180578870847586304,2025,SF_2TE,3,10,24,27,35,False
1180578870847586304,2025,SF_2TE,4,10,24,27,32,False
1180578870847586304,2025,SF_2TE,5,10,19,27,32,False
1180578870847586304,2025,SF_2TE,6,10,23,27,35,False
1180578870847586304,2025,SF_2TE,7,10,22,27,32,False
1180578870847586304,2025,SF_2TE,8,10,20,27,29,False
1180578870847586304,2025,SF_2TE,9,10,20,27,32,False
1180578870847586304,2025,SF_2TE,10,10,22,27,34,False
1180578870847586304,2025,SF_2TE,11,10,26,27,32,False
1180578870847586304,2025,SF_2TE,12,10,19,27,31,False
1180578870847586304,2025,SF_2TE,1,11,23,27,35,False
1180578870847586304,2025,SF_2TE,2,11,23,27,34,False
1180578870847586304,2025,SF_2TE,3,11,19,27,35,False
1180578870847586304,2025,SF_2TE,4,11,22,27,31,False
1180578870847586304,2025,SF_2TE,5,11,23,27,32,False
1180578870847586304,2025,SF_2TE,6,11,22,27,34,False
1180578870847586304,2025,SF_2TE,7,11,22,27,32,False
1180578870847586304,2025,SF_2TE,8,11,22,27,29,False
1180578870847586304,2025,SF_2TE,9,11,19,27,32,False
1180578870847586304,2025,SF_2TE,10,11,24,27,33,False
1180578870847586304,2025,SF_2TE,11,11,21,27,32,False
1180578870847586304,2025,SF_2TE,12,11,18,27,30,False
1180578870847586304,2025,SF_2TE,1,12,21,27,35,False
1180578870847586304,2025,SF_2TE,2,12,24,27,34,False
1180578870847586304,2025,SF_2TE,3,12,18,27,35,False
1180578870847586304,2025,SF_2TE,4,12,23,27,32,False
1180578870847586304,2025,SF_2TE,5,12,24,27,32,False
1180578870847586304,2025,SF_2TE,6,12,24,27,34,False
1180578870847586304,2025,SF_2TE,7,12,22,27,32,False
1180578870847586304,2025,SF_2TE,8,12,21,27,29,False
1180578870847586304,2025,SF_2TE,9,12,19,27,32,False
1180578870847586304,2025,SF_2TE,10,12,25,27,33,False
1180578870847586304,2025,SF_2TE,11,12,19,27,32,False
1180578870847586304,2025,SF_2TE,12,12,19,27,30,False
1180578870847586304,2025,SF_2TE,1,13,20,27,35,False
1180578870847586304,2025,SF_2TE,2,13,22,27,33,False
1180578870847586304,2025,SF_2TE,3,13,21,27,35,False
1180578870847586304,2025,SF_2TE,4,13,23,27,32,False
1180578870847586304,2025,SF_2TE,5,13,24,27,34,False
1180578870847586304,2025,SF_2TE,6,13,24,27,34,False
1180578870847586304,2025,SF_2TE,7,13,19,27,32,False
1180578870847586304,2025,SF_2TE,8,13,22,27,29,False
1180578870847586304,2025,SF_2TE,9,13,20,27,32,False
1180578870847586304,2025,SF_2TE,10,13,26,27,33,False
1180578870847586304,2025,SF_2TE,11,13,20,27,32,False
1180578870847586304,2025,SF_2TE,12,13,19,27,30,False
1180578870847586304,2025,SF_2TE,1,14,20,27,35,False
1180578870847586304,2025,SF_2TE,2,14,21,27,33,False
1180578870847586304,2025,SF_2TE,3,14,18,27,35,False
1180578870847586304,2025,SF_2TE,4,14,21,27,31,False
1180578870847586304,2025,SF_2TE,5,14,22,27,34,False
1180578870847586304,2025,SF_2TE,6,14,25,27,34,False
1180578870847586304,2025,SF_2TE,7,14,19,27,32,False
1180578870847586304,2025,SF_2TE,8,14,22,27,29,False
1180578870847586304,2025,SF_2TE,9,14,20,27,32,False
1180578870847586304,2025,SF_2TE,10,14,24,27,33,False
1180578870847586304,2025,SF_2TE,11,14,18,27,31,False
1180578870847586304,2025,SF_2TE,12,14,18,27,30,False
1180578870847586304,2025,SF_2TE,1,15,18,27,34,False
1180578870847586304,2025,SF_2TE,2,15,22,27,33,False
1180578870847586304,2025,SF_2TE,3,15,19,27,35,False
1180578870847586304,2025,SF_2TE,4,15,21,27,30,False
1180578870847586304,2025,SF_2TE,5,15,21,27,34,False
1180578870847586304,2025,SF_2TE,6,15,23,27,34,False
1180578870847586304,2025,SF_2TE,7,15,20,27,32,False
1180578870847586304,2025,SF_2TE,8,15,22,27,29,False
1180578870847586304,2025,SF_2TE,9,15,19,27,32,False
1180578870847586304,2025,SF_2TE,10,15,27,27,35,False
1180578870847586304,2025,SF_2TE,11,15,19,27,32,False
1180578870847586304,2025,SF_2TE,12,15,19,27,30,False
