league_id,season,stratum,week,roster_id,active_capacity,baseline_size,qb_pool,rb_pool,budget8_feasible,budget9_feasible
920523240571850752,2023,1QB,4,1,24,14,4,0,False,False
920523240571850752,2023,1QB,4,2,24,14,0,3,False,False
920523240571850752,2023,1QB,4,3,24,16,1,9,True,False
920523240571850752,2023,1QB,4,4,24,15,4,2,False,False
920523240571850752,2023,1QB,4,5,24,17,1,3,False,False
920523240571850752,2023,1QB,4,6,24,23,0,8,False,False
920523240571850752,2023,1QB,4,7,24,18,3,5,False,False
920523240571850752,2023,1QB,4,8,24,18,0,2,False,False
920523240571850752,2023,1QB,4,9,24,14,0,5,False,False
920523240571850752,2023,1QB,4,10,24,21,1,1,False,False
920523240571850752,2023,1QB,4,11,24,17,1,6,False,False
920523240571850752,2023,1QB,4,12,24,15,2,5,False,False
920523240571850752,2023,1QB,5,1,24,14,4,0,False,False
920523240571850752,2023,1QB,5,2,24,17,0,2,False,False
920523240571850752,2023,1QB,5,3,24,17,1,8,False,False
920523240571850752,2023,1QB,5,4,24,17,5,1,False,False
920523240571850752,2023,1QB,5,5,24,18,0,3,False,False
920523240571850752,2023,1QB,5,6,24,22,0,7,False,False
920523240571850752,2023,1QB,5,7,24,20,2,5,False,False
920523240571850752,2023,1QB,5,8,24,21,0,1,False,False
920523240571850752,2023,1QB,5,9,24,15,0,5,False,False
920523240571850752,2023,1QB,5,10,24,20,1,1,False,False
920523240571850752,2023,1QB,5,11,24,17,1,6,False,False
920523240571850752,2023,1QB,5,12,24,16,2,5,False,False
920523240571850752,2023,1QB,6,1,24,14,4,1,False,False
920523240571850752,2023,1QB,6,2,24,17,0,2,False,False
920523240571850752,2023,1QB,6,3,24,19,0,7,False,False
920523240571850752,2023,1QB,6,4,24,18,5,1,False,False
920523240571850752,2023,1QB,6,5,24,19,0,3,False,False
920523240571850752,2023,1QB,6,6,24,22,0,6,False,False
920523240571850752,2023,1QB,6,7,24,20,2,5,False,False
920523240571850752,2023,1QB,6,8,24,21,0,1,False,False
920523240571850752,2023,1QB,6,9,24,15,0,5,False,False
920523240571850752,2023,1QB,6,10,24,24,0,0,False,False
920523240571850752,2023,1QB,6,11,24,17,1,6,False,False
920523240571850752,2023,1QB,6,12,24,16,2,5,False,False
920523240571850752,2023,1QB,7,1,24,12,4,1,False,False
920523240571850752,2023,1QB,7,2,24,17,0,2,False,False
920523240571850752,2023,1QB,7,3,24,20,0,6,False,False
920523240571850752,2023,1QB,7,4,24,17,5,1,False,False
920523240571850752,2023,1QB,7,5,24,18,0,2,False,False
920523240571850752,2023,1QB,7,6,24,23,0,5,False,False
920523240571850752,2023,1QB,7,7,24,19,2,4,False,False
920523240571850752,2023,1QB,7,8,24,21,1,1,False,False
920523240571850752,2023,1QB,7,9,24,15,0,5,False,False
920523240571850752,2023,1QB,7,10,24,20,0,2,False,False
920523240571850752,2023,1QB,7,11,24,16,1,7,True,False
920523240571850752,2023,1QB,7,12,24,16,2,5,False,False
920523240571850752,2023,1QB,8,1,24,14,4,1,False,False
920523240571850752,2023,1QB,8,2,24,18,0,2,False,False
920523240571850752,2023,1QB,8,3,24,17,1,7,False,False
920523240571850752,2023,1QB,8,4,24,17,5,1,False,False
920523240571850752,2023,1QB,8,5,24,18,0,2,False,False
920523240571850752,2023,1QB,8,6,24,23,1,5,False,False
920523240571850752,2023,1QB,8,7,24,20,2,4,False,False
920523240571850752,2023,1QB,8,8,24,26,0,1,False,False
920523240571850752,2023,1QB,8,9,24,16,1,4,False,False
920523240571850752,2023,1QB,8,10,24,19,0,2,False,False
920523240571850752,2023,1QB,8,11,24,17,1,8,False,False
920523240571850752,2023,1QB,8,12,24,16,2,5,False,False
920523240571850752,2023,1QB,9,1,24,14,2,1,False,False
920523240571850752,2023,1QB,9,2,24,18,0,2,False,False
920523240571850752,2023,1QB,9,3,24,17,1,7,False,False
920523240571850752,2023,1QB,9,4,24,16,5,1,False,False
920523240571850752,2023,1QB,9,5,24,17,0,3,False,False
920523240571850752,2023,1QB,9,6,24,22,1,7,False,False
920523240571850752,2023,1QB,9,7,24,22,1,3,False,False
920523240571850752,2023,1QB,9,8,24,24,0,1,False,False
920523240571850752,2023,1QB,9,9,24,16,1,4,False,False
920523240571850752,2023,1QB,9,10,24,18,0,3,False,False
920523240571850752,2023,1QB,9,11,24,17,1,8,False,False
920523240571850752,2023,1QB,9,12,24,16,2,5,False,False
920523240571850752,2023,1QB,10,1,24,12,2,1,False,False
920523240571850752,2023,1QB,10,2,24,17,0,2,False,False
920523240571850752,2023,1QB,10,3,24,20,1,7,False,False
920523240571850752,2023,1QB,10,4,24,19,5,1,False,False
920523240571850752,2023,1QB,10,5,24,15,0,3,False,False
920523240571850752,2023,1QB,10,6,24,22,1,6,False,False
920523240571850752,2023,1QB,10,7,24,22,1,3,False,False
920523240571850752,2023,1QB,10,8,24,22,1,1,False,False
920523240571850752,2023,1QB,10,9,24,16,1,4,False,False
920523240571850752,2023,1QB,10,10,24,21,0,1,False,False
920523240571850752,2023,1QB,10,11,24,18,1,8,False,False
920523240571850752,2023,1QB,10,12,24,17,2,4,False,False
920523240571850752,2023,1QB,11,1,24,12,1,1,False,False
920523240571850752,2023,1QB,11,2,24,17,0,2,False,False
920523240571850752,2023,1QB,11,3,24,20,1,8,False,False
920523240571850752,2023,1QB,11,4,24,19,5,1,False,False
920523240571850752,2023,1QB,11,5,24,14,0,3,False,False
920523240571850752,2023,1QB,11,6,24,20,1,8,False,False
920523240571850752,2023,1QB,11,7,24,20,1,4,False,False
920523240571850752,2023,1QB,11,8,24,19,2,2,False,False
920523240571850752,2023,1QB,11,9,24,17,0,4,False,False
920523240571850752,2023,1QB,11,10,24,18,1,1,False,False
920523240571850752,2023,1QB,11,11,24,18,1,8,False,False
920523240571850752,2023,1QB,11,12,24,17,2,4,False,False
920523240571850752,2023,1QB,12,1,24,19,1,1,False,False
920523240571850752,2023,1QB,12,2,24,16,1,2,False,False
920523240571850752,2023,1QB,12,3,24,22,1,6,False,False
920523240571850752,2023,1QB,12,4,24,19,4,1,False,False
920523240571850752,2023,1QB,12,5,24,14,0,3,False,False
920523240571850752,2023,1QB,12,6,24,21,1,7,False,False
920523240571850752,2023,1QB,12,7,24,21,1,3,False,False
920523240571850752,2023,1QB,12,8,24,20,2,1,False,False
920523240571850752,2023,1QB,12,9,24,18,0,3,False,False
920523240571850752,2023,1QB,12,10,24,18,1,1,False,False
920523240571850752,2023,1QB,12,11,24,18,1,8,False,False
920523240571850752,2023,1QB,12,12,24,19,2,3,False,False
920523240571850752,2023,1QB,13,1,24,22,1,1,False,False
920523240571850752,2023,1QB,13,2,24,17,1,2,False,False
920523240571850752,2023,1QB,13,3,24,21,1,6,False,False
920523240571850752,2023,1QB,13,4,24,17,5,2,False,False
920523240571850752,2023,1QB,13,5,24,14,0,3,False,False
920523240571850752,2023,1QB,13,6,24,22,1,6,False,False
920523240571850752,2023,1QB,13,7,24,19,2,3,False,False
920523240571850752,2023,1QB,13,8,24,17,4,2,False,False
920523240571850752,2023,1QB,13,9,24,16,0,4,False,False
920523240571850752,2023,1QB,13,10,24,17,2,2,False,False
920523240571850752,2023,1QB,13,11,24,16,1,8,True,False
920523240571850752,2023,1QB,13,12,24,19,2,2,False,False
920523240571850752,2023,1QB,14,1,24,20,2,2,False,False
920523240571850752,2023,1QB,14,2,24,18,1,2,False,False
920523240571850752,2023,1QB,14,3,24,22,1,4,False,False
920523240571850752,2023,1QB,14,4,24,18,5,2,False,False
920523240571850752,2023,1QB,14,5,24,16,0,3,False,False
920523240571850752,2023,1QB,14,6,24,20,1,6,False,False
920523240571850752,2023,1QB,14,7,24,20,2,3,False,False
920523240571850752,2023,1QB,14,8,24,19,3,2,False,False
920523240571850752,2023,1QB,14,9,24,17,0,4,False,False
920523240571850752,2023,1QB,14,10,24,19,1,2,False,False
920523240571850752,2023,1QB,14,11,24,15,1,8,True,True
920523240571850752,2023,1QB,14,12,24,21,2,2,False,False
920523240571850752,2023,1QB,15,1,24,21,2,2,False,False
920523240571850752,2023,1QB,15,2,24,19,1,2,False,False
920523240571850752,2023,1QB,15,3,24,21,1,4,False,False
920523240571850752,2023,1QB,15,4,24,16,4,3,False,False
920523240571850752,2023,1QB,15,5,24,17,0,2,False,False
920523240571850752,2023,1QB,15,6,24,17,2,8,False,False
920523240571850752,2023,1QB,15,7,24,19,2,3,False,False
920523240571850752,2023,1QB,15,8,24,20,3,2,False,False
920523240571850752,2023,1QB,15,9,24,19,0,3,False,False
920523240571850752,2023,1QB,15,10,24,19,1,2,False,False
920523240571850752,2023,1QB,15,11,24,14,1,8,True,True
920523240571850752,2023,1QB,15,12,24,22,2,2,False,False
969999751733186560,2023,1QB,4,1,24,18,1,5,False,False
969999751733186560,2023,1QB,4,2,24,20,0,2,False,False
969999751733186560,2023,1QB,4,3,24,22,2,2,False,False
969999751733186560,2023,1QB,4,4,24,20,0,6,False,False
969999751733186560,2023,1QB,4,5,24,19,1,4,False,False
969999751733186560,2023,1QB,4,6,24,19,2,4,False,False
969999751733186560,2023,1QB,4,7,24,14,4,3,False,False
969999751733186560,2023,1QB,4,8,24,17,2,4,False,False
969999751733186560,2023,1QB,4,9,24,19,3,5,False,False
969999751733186560,2023,1QB,4,10,24,19,6,5,False,False
969999751733186560,2023,1QB,4,11,24,20,2,3,False,False
969999751733186560,2023,1QB,4,12,24,16,1,7,True,False
969999751733186560,2023,1QB,5,1,24,19,0,5,False,False
969999751733186560,2023,1QB,5,2,24,18,0,2,False,False
969999751733186560,2023,1QB,5,3,24,26,1,1,False,False
969999751733186560,2023,1QB,5,4,24,18,0,7,False,False
969999751733186560,2023,1QB,5,5,24,19,1,3,False,False
969999751733186560,2023,1QB,5,6,24,20,1,2,False,False
969999751733186560,2023,1QB,5,7,24,17,5,3,False,False
969999751733186560,2023,1QB,5,8,24,18,2,4,False,False
969999751733186560,2023,1QB,5,9,24,21,3,5,False,False
969999751733186560,2023,1QB,5,10,24,21,6,3,False,False
969999751733186560,2023,1QB,5,11,24,19,2,3,False,False
969999751733186560,2023,1QB,5,12,24,16,1,7,True,False
969999751733186560,2023,1QB,6,1,24,22,0,4,False,False
969999751733186560,2023,1QB,6,2,24,20,0,2,False,False
969999751733186560,2023,1QB,6,3,24,24,1,1,False,False
969999751733186560,2023,1QB,6,4,24,18,0,6,False,False
969999751733186560,2023,1QB,6,5,24,22,0,3,False,False
969999751733186560,2023,1QB,6,6,24,21,1,2,False,False
969999751733186560,2023,1QB,6,7,24,17,5,3,False,False
969999751733186560,2023,1QB,6,8,24,18,2,4,False,False
969999751733186560,2023,1QB,6,9,24,21,3,3,False,False
969999751733186560,2023,1QB,6,10,24,19,6,4,False,False
969999751733186560,2023,1QB,6,11,24,19,2,4,False,False
969999751733186560,2023,1QB,6,12,24,16,1,7,True,False
969999751733186560,2023,1QB,7,1,24,21,0,5,False,False
969999751733186560,2023,1QB,7,2,24,21,0,2,False,False
969999751733186560,2023,1QB,7,3,24,24,1,2,False,False
969999751733186560,2023,1QB,7,4,24,17,0,6,False,False
969999751733186560,2023,1QB,7,5,24,22,0,3,False,False
969999751733186560,2023,1QB,7,6,24,22,1,1,False,False
969999751733186560,2023,1QB,7,7,24,20,4,3,False,False
969999751733186560,2023,1QB,7,8,24,18,2,3,False,False
969999751733186560,2023,1QB,7,9,24,21,3,3,False,False
969999751733186560,2023,1QB,7,10,24,22,6,2,False,False
969999751733186560,2023,1QB,7,11,24,21,2,2,False,False
969999751733186560,2023,1QB,7,12,24,17,1,7,False,False
969999751733186560,2023,1QB,8,1,24,22,0,4,False,False
969999751733186560,2023,1QB,8,2,24,20,0,2,False,False
969999751733186560,2023,1QB,8,3,24,24,1,2,False,False
969999751733186560,2023,1QB,8,4,24,16,1,7,True,False
969999751733186560,2023,1QB,8,5,24,23,0,4,False,False
969999751733186560,2023,1QB,8,6,24,23,1,1,False,False
969999751733186560,2023,1QB,8,7,24,20,4,4,False,False
969999751733186560,2023,1QB,8,8,24,18,2,3,False,False
969999751733186560,2023,1QB,8,9,24,23,3,3,False,False
969999751733186560,2023,1QB,8,10,24,24,5,3,False,False
969999751733186560,2023,1QB,8,11,24,21,2,3,False,False
969999751733186560,2023,1QB,8,12,24,17,1,6,False,False
969999751733186560,2023,1QB,9,1,24,21,0,4,False,False
969999751733186560,2023,1QB,9,2,24,19,0,2,False,False
969999751733186560,2023,1QB,9,3,24,22,1,3,False,False
969999751733186560,2023,1QB,9,4,24,15,1,8,True,True
969999751733186560,2023,1QB,9,5,24,20,0,5,False,False
969999751733186560,2023,1QB,9,6,24,22,1,2,False,False
969999751733186560,2023,1QB,9,7,24,22,4,3,False,False
969999751733186560,2023,1QB,9,8,24,18,2,3,False,False
969999751733186560,2023,1QB,9,9,24,21,3,2,False,False
969999751733186560,2023,1QB,9,10,24,22,6,3,False,False
969999751733186560,2023,1QB,9,11,24,22,1,3,False,False
969999751733186560,2023,1QB,9,12,24,17,1,6,False,False
969999751733186560,2023,1QB,10,1,24,21,0,4,False,False
969999751733186560,2023,1QB,10,2,24,20,0,2,False,False
969999751733186560,2023,1QB,10,3,24,24,1,3,False,False
969999751733186560,2023,1QB,10,4,24,16,1,7,True,False
969999751733186560,2023,1QB,10,5,24,19,0,6,False,False
969999751733186560,2023,1QB,10,6,24,21,2,2,False,False
969999751733186560,2023,1QB,10,7,24,21,4,3,False,False
969999751733186560,2023,1QB,10,8,24,19,2,3,False,False
969999751733186560,2023,1QB,10,9,24,20,3,2,False,False
969999751733186560,2023,1QB,10,10,24,24,5,3,False,False
969999751733186560,2023,1QB,10,11,24,24,0,3,False,False
969999751733186560,2023,1QB,10,12,24,19,2,3,False,False
969999751733186560,2023,1QB,11,1,24,23,0,4,False,False
969999751733186560,2023,1QB,11,2,24,18,0,2,False,False
969999751733186560,2023,1QB,11,3,24,28,0,3,False,False
969999751733186560,2023,1QB,11,4,24,18,1,6,False,False
969999751733186560,2023,1QB,11,5,24,19,0,5,False,False
969999751733186560,2023,1QB,11,6,24,18,2,2,False,False
969999751733186560,2023,1QB,11,7,24,22,3,3,False,False
969999751733186560,2023,1QB,11,8,24,21,2,2,False,False
969999751733186560,2023,1QB,11,9,24,25,2,2,False,False
969999751733186560,2023,1QB,11,10,24,24,4,3,False,False
969999751733186560,2023,1QB,11,11,24,21,0,5,False,False
969999751733186560,2023,1QB,11,12,24,19,2,3,False,False
969999751733186560,2023,1QB,12,1,24,23,0,4,False,False
969999751733186560,2023,1QB,12,2,24,18,0,2,False,False
969999751733186560,2023,1QB,12,3,24,24,0,3,False,False
969999751733186560,2023,1QB,12,4,24,17,1,7,False,False
969999751733186560,2023,1QB,12,5,24,20,0,4,False,False
969999751733186560,2023,1QB,12,6,24,20,2,2,False,False
969999751733186560,2023,1QB,12,7,24,21,3,3,False,False
969999751733186560,2023,1QB,12,8,24,21,2,2,False,False
969999751733186560,2023,1QB,12,9,24,26,2,2,False,False
969999751733186560,2023,1QB,12,10,24,24,4,3,False,False
969999751733186560,2023,1QB,12,11,24,24,0,4,False,False
969999751733186560,2023,1QB,12,12,24,19,2,2,False,False
969999751733186560,2023,1QB,13,1,24,21,0,5,False,False
969999751733186560,2023,1QB,13,2,24,18,1,2,False,False
969999751733186560,2023,1QB,13,3,24,23,0,5,False,False
969999751733186560,2023,1QB,13,4,24,17,1,7,False,False
969999751733186560,2023,1QB,13,5,24,19,0,4,False,False
969999751733186560,2023,1QB,13,6,24,22,1,2,False,False
969999751733186560,2023,1QB,13,7,24,19,4,3,False,False
969999751733186560,2023,1QB,13,8,24,20,2,2,False,False
969999751733186560,2023,1QB,13,9,24,23,4,2,False,False
969999751733186560,2023,1QB,13,10,24,18,7,4,False,False
969999751733186560,2023,1QB,13,11,24,24,0,5,False,False
969999751733186560,2023,1QB,13,12,24,19,1,3,False,False
969999751733186560,2023,1QB,14,1,24,21,0,6,False,False
969999751733186560,2023,1QB,14,2,24,18,1,2,False,False
969999751733186560,2023,1QB,14,3,24,23,1,4,False,False
969999751733186560,2023,1QB,14,4,24,17,1,7,False,False
969999751733186560,2023,1QB,14,5,24,21,0,4,False,False
969999751733186560,2023,1QB,14,6,24,21,1,3,False,False
969999751733186560,2023,1QB,14,7,24,20,3,3,False,False
969999751733186560,2023,1QB,14,8,24,21,2,2,False,False
969999751733186560,2023,1QB,14,9,24,22,4,3,False,False
969999751733186560,2023,1QB,14,10,24,19,6,4,False,False
969999751733186560,2023,1QB,14,11,24,23,1,6,False,False
969999751733186560,2023,1QB,14,12,24,19,1,3,False,False
969999751733186560,2023,1QB,15,1,24,20,0,6,False,False
969999751733186560,2023,1QB,15,2,24,17,0,3,False,False
969999751733186560,2023,1QB,15,3,24,23,1,4,False,False
969999751733186560,2023,1QB,15,4,24,18,1,5,False,False
969999751733186560,2023,1QB,15,5,24,21,0,4,False,False
969999751733186560,2023,1QB,15,6,24,22,1,2,False,False
969999751733186560,2023,1QB,15,7,24,20,3,2,False,False
969999751733186560,2023,1QB,15,8,24,20,2,2,False,False
969999751733186560,2023,1QB,15,9,24,22,4,3,False,False
969999751733186560,2023,1QB,15,10,24,21,5,4,False,False
969999751733186560,2023,1QB,15,11,24,22,1,6,False,False
969999751733186560,2023,1QB,15,12,24,19,1,4,False,False
1048204852251164672,2024,1QB,4,1,24,17,2,2,False,False
1048204852251164672,2024,1QB,4,2,24,20,1,1,False,False
1048204852251164672,2024,1QB,4,3,24,18,2,4,False,False
1048204852251164672,2024,1QB,4,4,24,21,0,9,False,False
1048204852251164672,2024,1QB,4,5,24,19,0,0,False,False
1048204852251164672,2024,1QB,4,6,24,19,3,4,False,False
1048204852251164672,2024,1QB,4,7,24,20,1,1,False,False
1048204852251164672,2024,1QB,4,8,24,15,1,5,False,False
1048204852251164672,2024,1QB,4,9,24,16,4,2,False,False
1048204852251164672,2024,1QB,4,10,24,20,2,5,False,False
1048204852251164672,2024,1QB,4,11,24,18,3,4,False,False
1048204852251164672,2024,1QB,4,12,24,17,0,3,False,False
1048204852251164672,2024,1QB,5,1,24,18,2,1,False,False
1048204852251164672,2024,1QB,5,2,24,18,1,1,False,False
1048204852251164672,2024,1QB,5,3,24,20,2,2,False,False
1048204852251164672,2024,1QB,5,4,24,19,1,10,False,False
1048204852251164672,2024,1QB,5,5,24,20,0,0,False,False
1048204852251164672,2024,1QB,5,6,24,20,3,4,False,False
1048204852251164672,2024,1QB,5,7,24,21,1,1,False,False
1048204852251164672,2024,1QB,5,8,24,16,1,5,False,False
1048204852251164672,2024,1QB,5,9,24,15,4,2,False,False
1048204852251164672,2024,1QB,5,10,24,21,2,5,False,False
1048204852251164672,2024,1QB,5,11,24,19,3,4,False,False
1048204852251164672,2024,1QB,5,12,24,18,0,3,False,False
1048204852251164672,2024,1QB,6,1,24,19,1,1,False,False
1048204852251164672,2024,1QB,6,2,24,18,1,1,False,False
1048204852251164672,2024,1QB,6,3,24,24,1,2,False,False
1048204852251164672,2024,1QB,6,4,24,20,1,9,False,False
1048204852251164672,2024,1QB,6,5,24,21,0,0,False,False
1048204852251164672,2024,1QB,6,6,24,22,3,3,False,False
1048204852251164672,2024,1QB,6,7,24,21,1,1,False,False
1048204852251164672,2024,1QB,6,8,24,18,1,4,False,False
1048204852251164672,2024,1QB,6,9,24,17,3,2,False,False
1048204852251164672,2024,1QB,6,10,24,22,3,5,False,False
1048204852251164672,2024,1QB,6,11,24,21,2,3,False,False
1048204852251164672,2024,1QB,6,12,24,18,0,3,False,False
1048204852251164672,2024,1QB,7,1,24,20,1,1,False,False
1048204852251164672,2024,1QB,7,2,24,20,0,1,False,False
1048204852251164672,2024,1QB,7,3,24,22,1,3,False,False
1048204852251164672,2024,1QB,7,4,24,21,0,8,False,False
1048204852251164672,2024,1QB,7,5,24,22,0,0,False,False
1048204852251164672,2024,1QB,7,6,24,22,3,3,False,False
1048204852251164672,2024,1QB,7,7,24,21,1,1,False,False
1048204852251164672,2024,1QB,7,8,24,18,2,3,False,False
1048204852251164672,2024,1QB,7,9,24,18,3,2,False,False
1048204852251164672,2024,1QB,7,10,24,23,3,4,False,False
1048204852251164672,2024,1QB,7,11,24,22,2,3,False,False
1048204852251164672,2024,1QB,7,12,24,18,0,3,False,False
1048204852251164672,2024,1QB,8,1,24,22,1,0,False,False
1048204852251164672,2024,1QB,8,2,24,21,0,1,False,False
1048204852251164672,2024,1QB,8,3,24,25,1,2,False,False
1048204852251164672,2024,1QB,8,4,24,20,0,8,False,False
1048204852251164672,2024,1QB,8,5,24,19,1,2,False,False
1048204852251164672,2024,1QB,8,6,24,18,3,3,False,False
1048204852251164672,2024,1QB,8,7,24,21,1,2,False,False
1048204852251164672,2024,1QB,8,8,24,19,2,4,False,False
1048204852251164672,2024,1QB,8,9,24,19,3,2,False,False
1048204852251164672,2024,1QB,8,10,24,24,3,3,False,False
1048204852251164672,2024,1QB,8,11,24,21,2,3,False,False
1048204852251164672,2024,1QB,8,12,24,18,0,3,False,False
1048204852251164672,2024,1QB,9,1,24,20,1,1,False,False
1048204852251164672,2024,1QB,9,2,24,22,0,1,False,False
1048204852251164672,2024,1QB,9,3,24,26,1,2,False,False
1048204852251164672,2024,1QB,9,4,24,21,0,7,False,False
1048204852251164672,2024,1QB,9,5,24,19,0,2,False,False
1048204852251164672,2024,1QB,9,6,24,21,2,2,False,False
1048204852251164672,2024,1QB,9,7,24,20,1,4,False,False
1048204852251164672,2024,1QB,9,8,24,19,2,4,False,False
1048204852251164672,2024,1QB,9,9,24,19,3,2,False,False
1048204852251164672,2024,1QB,9,10,24,22,4,3,False,False
1048204852251164672,2024,1QB,9,11,24,20,1,3,False,False
1048204852251164672,2024,1QB,9,12,24,18,0,3,False,False
1048204852251164672,2024,1QB,10,1,24,20,1,1,False,False
1048204852251164672,2024,1QB,10,2,24,22,0,1,False,False
1048204852251164672,2024,1QB,10,3,24,23,1,2,False,False
1048204852251164672,2024,1QB,10,4,24,21,0,7,False,False
1048204852251164672,2024,1QB,10,5,24,19,0,2,False,False
1048204852251164672,2024,1QB,10,6,24,23,2,2,False,False
1048204852251164672,2024,1QB,10,7,24,23,1,3,False,False
1048204852251164672,2024,1QB,10,8,24,18,2,4,False,False
1048204852251164672,2024,1QB,10,9,24,20,4,2,False,False
1048204852251164672,2024,1QB,10,10,24,23,3,4,False,False
1048204852251164672,2024,1QB,10,11,24,20,1,3,False,False
1048204852251164672,2024,1QB,10,12,24,18,0,3,False,False
1048204852251164672,2024,1QB,11,1,24,20,2,1,False,False
1048204852251164672,2024,1QB,11,2,24,23,0,1,False,False
1048204852251164672,2024,1QB,11,3,24,23,1,2,False,False
1048204852251164672,2024,1QB,11,4,24,19,1,5,False,False
1048204852251164672,2024,1QB,11,5,24,20,0,2,False,False
1048204852251164672,2024,1QB,11,6,24,22,2,3,False,False
1048204852251164672,2024,1QB,11,7,24,22,1,3,False,False
1048204852251164672,2024,1QB,11,8,24,19,2,4,False,False
1048204852251164672,2024,1QB,11,9,24,19,4,2,False,False
1048204852251164672,2024,1QB,11,10,24,26,2,4,False,False
1048204852251164672,2024,1QB,11,11,24,22,1,4,False,False
1048204852251164672,2024,1QB,11,12,24,18,0,3,False,False
1048204852251164672,2024,1QB,12,1,24,20,2,1,False,False
1048204852251164672,2024,1QB,12,2,24,23,0,2,False,False
1048204852251164672,2024,1QB,12,3,24,23,1,2,False,False
1048204852251164672,2024,1QB,12,4,24,18,1,7,False,False
1048204852251164672,2024,1QB,12,5,24,19,1,2,False,False
1048204852251164672,2024,1QB,12,6,24,21,2,4,False,False
1048204852251164672,2024,1QB,12,7,24,23,1,1,False,False
1048204852251164672,2024,1QB,12,8,24,17,2,6,False,False
1048204852251164672,2024,1QB,12,9,24,18,4,2,False,False
1048204852251164672,2024,1QB,12,10,24,25,2,4,False,False
1048204852251164672,2024,1QB,12,11,24,23,1,4,False,False
1048204852251164672,2024,1QB,12,12,24,18,0,3,False,False
1048204852251164672,2024,1QB,13,1,24,18,2,1,False,False
1048204852251164672,2024,1QB,13,2,24,23,0,1,False,False
1048204852251164672,2024,1QB,13,3,24,21,1,2,False,False
1048204852251164672,2024,1QB,13,4,24,18,1,6,False,False
1048204852251164672,2024,1QB,13,5,24,18,1,2,False,False
1048204852251164672,2024,1QB,13,6,24,19,2,4,False,False
1048204852251164672,2024,1QB,13,7,24,21,1,1,False,False
1048204852251164672,2024,1QB,13,8,24,18,1,7,False,False
1048204852251164672,2024,1QB,13,9,24,17,4,1,False,False
1048204852251164672,2024,1QB,13,10,24,21,3,4,False,False
1048204852251164672,2024,1QB,13,11,24,24,1,4,False,False
1048204852251164672,2024,1QB,13,12,24,18,0,2,False,False
1048204852251164672,2024,1QB,14,1,24,17,1,3,False,False
1048204852251164672,2024,1QB,14,2,24,22,0,1,False,False
1048204852251164672,2024,1QB,14,3,24,21,1,2,False,False
1048204852251164672,2024,1QB,14,4,24,17,1,6,False,False
1048204852251164672,2024,1QB,14,5,24,18,1,2,False,False
1048204852251164672,2024,1QB,14,6,24,19,2,5,False,False
1048204852251164672,2024,1QB,14,7,24,21,1,1,False,False
1048204852251164672,2024,1QB,14,8,24,19,1,6,False,False
1048204852251164672,2024,1QB,14,9,24,17,4,1,False,False
1048204852251164672,2024,1QB,14,10,24,22,3,3,False,False
1048204852251164672,2024,1QB,14,11,24,25,1,4,False,False
1048204852251164672,2024,1QB,14,12,24,18,0,2,False,False
1048204852251164672,2024,1QB,15,1,24,19,1,2,False,False
1048204852251164672,2024,1QB,15,2,24,21,1,1,False,False
1048204852251164672,2024,1QB,15,3,24,21,1,3,False,False
1048204852251164672,2024,1QB,15,4,24,19,1,5,False,False
1048204852251164672,2024,1QB,15,5,24,18,1,3,False,False
1048204852251164672,2024,1QB,15,6,24,18,2,5,False,False
1048204852251164672,2024,1QB,15,7,24,25,0,2,False,False
1048204852251164672,2024,1QB,15,8,24,19,1,6,False,False
1048204852251164672,2024,1QB,15,9,24,17,4,1,False,False
1048204852251164672,2024,1QB,15,10,24,21,4,3,False,False
1048204852251164672,2024,1QB,15,11,24,23,1,4,False,False
1048204852251164672,2024,1QB,15,12,24,16,1,2,False,False
1048901308398288896,2024,1QB,4,1,25,16,2,4,False,False
1048901308398288896,2024,1QB,4,2,25,15,1,1,False,False
1048901308398288896,2024,1QB,4,3,25,18,2,6,False,False
1048901308398288896,2024,1QB,4,4,25,18,1,1,False,False
1048901308398288896,2024,1QB,4,5,25,14,2,4,False,False
1048901308398288896,2024,1QB,4,6,25,19,1,5,False,False
1048901308398288896,2024,1QB,4,7,25,20,2,3,False,False
1048901308398288896,2024,1QB,4,8,25,20,0,1,False,False
1048901308398288896,2024,1QB,4,9,25,17,4,3,False,False
1048901308398288896,2024,1QB,4,10,25,17,1,4,False,False
1048901308398288896,2024,1QB,4,11,25,16,1,7,True,False
1048901308398288896,2024,1QB,4,12,25,22,1,4,False,False
1048901308398288896,2024,1QB,5,1,25,16,2,4,False,False
1048901308398288896,2024,1QB,5,2,25,16,1,1,False,False
1048901308398288896,2024,1QB,5,3,25,19,2,6,False,False
1048901308398288896,2024,1QB,5,4,25,20,1,1,False,False
1048901308398288896,2024,1QB,5,5,25,14,2,4,False,False
1048901308398288896,2024,1QB,5,6,25,19,1,5,False,False
1048901308398288896,2024,1QB,5,7,25,22,2,2,False,False
1048901308398288896,2024,1QB,5,8,25,20,0,2,False,False
1048901308398288896,2024,1QB,5,9,25,16,5,3,True,False
1048901308398288896,2024,1QB,5,10,25,18,1,4,False,False
1048901308398288896,2024,1QB,5,11,25,16,1,7,True,False
1048901308398288896,2024,1QB,5,12,25,21,1,6,False,False
1048901308398288896,2024,1QB,6,1,25,18,2,4,False,False
1048901308398288896,2024,1QB,6,2,25,19,1,1,False,False
1048901308398288896,2024,1QB,6,3,25,20,2,7,False,False
1048901308398288896,2024,1QB,6,4,25,22,1,1,False,False
1048901308398288896,2024,1QB,6,5,25,16,2,3,False,False
1048901308398288896,2024,1QB,6,6,25,21,1,4,False,False
1048901308398288896,2024,1QB,6,7,25,22,2,2,False,False
1048901308398288896,2024,1QB,6,8,25,21,0,2,False,False
1048901308398288896,2024,1QB,6,9,25,14,7,3,True,True
1048901308398288896,2024,1QB,6,10,25,20,1,3,False,False
1048901308398288896,2024,1QB,6,11,25,17,1,7,True,False
1048901308398288896,2024,1QB,6,12,25,23,0,6,False,False
1048901308398288896,2024,1QB,7,1,25,18,2,3,False,False
1048901308398288896,2024,1QB,7,2,25,19,1,1,False,False
1048901308398288896,2024,1QB,7,3,25,19,3,6,False,False
1048901308398288896,2024,1QB,7,4,25,22,1,2,False,False
1048901308398288896,2024,1QB,7,5,25,18,1,3,False,False
1048901308398288896,2024,1QB,7,6,25,22,1,3,False,False
1048901308398288896,2024,1QB,7,7,25,20,2,2,False,False
1048901308398288896,2024,1QB,7,8,25,21,0,2,False,False
1048901308398288896,2024,1QB,7,9,25,13,7,4,True,True
1048901308398288896,2024,1QB,7,10,25,18,1,3,False,False
1048901308398288896,2024,1QB,7,11,25,21,0,7,False,False
1048901308398288896,2024,1QB,7,12,25,24,0,6,False,False
1048901308398288896,2024,1QB,8,1,25,18,2,3,False,False
1048901308398288896,2024,1QB,8,2,25,19,1,2,False,False
1048901308398288896,2024,1QB,8,3,25,20,2,4,False,False
1048901308398288896,2024,1QB,8,4,25,21,1,3,False,False
1048901308398288896,2024,1QB,8,5,25,18,1,3,False,False
1048901308398288896,2024,1QB,8,6,25,22,1,3,False,False
1048901308398288896,2024,1QB,8,7,25,22,2,2,False,False
1048901308398288896,2024,1QB,8,8,25,23,0,2,False,False
1048901308398288896,2024,1QB,8,9,25,13,7,4,True,True
1048901308398288896,2024,1QB,8,10,25,20,2,3,False,False
1048901308398288896,2024,1QB,8,11,25,19,1,8,False,False
1048901308398288896,2024,1QB,8,12,25,21,0,8,False,False
1048901308398288896,2024,1QB,9,1,25,18,2,3,False,False
1048901308398288896,2024,1QB,9,2,25,19,1,2,False,False
1048901308398288896,2024,1QB,9,3,25,22,2,4,False,False
1048901308398288896,2024,1QB,9,4,25,22,1,3,False,False
1048901308398288896,2024,1QB,9,5,25,19,1,3,False,False
1048901308398288896,2024,1QB,9,6,25,21,1,4,False,False
1048901308398288896,2024,1QB,9,7,25,21,2,2,False,False
1048901308398288896,2024,1QB,9,8,25,23,0,3,False,False
1048901308398288896,2024,1QB,9,9,25,12,8,4,True,True
1048901308398288896,2024,1QB,9,10,25,21,1,3,False,False
1048901308398288896,2024,1QB,9,11,25,18,1,7,False,False
1048901308398288896,2024,1QB,9,12,25,21,0,8,False,False
1048901308398288896,2024,1QB,10,1,25,18,2,3,False,False
1048901308398288896,2024,1QB,10,2,25,20,1,2,False,False
1048901308398288896,2024,1QB,10,3,25,22,2,4,False,False
1048901308398288896,2024,1QB,10,4,25,21,1,3,False,False
1048901308398288896,2024,1QB,10,5,25,21,1,2,False,False
1048901308398288896,2024,1QB,10,6,25,21,1,4,False,False
1048901308398288896,2024,1QB,10,7,25,21,2,2,False,False
1048901308398288896,2024,1QB,10,8,25,24,0,1,False,False
1048901308398288896,2024,1QB,10,9,25,12,8,4,True,True
1048901308398288896,2024,1QB,10,10,25,20,1,3,False,False
1048901308398288896,2024,1QB,10,11,25,17,1,7,True,False
1048901308398288896,2024,1QB,10,12,25,23,0,7,False,False
1048901308398288896,2024,1QB,11,1,25,16,2,3,False,False
1048901308398288896,2024,1QB,11,2,25,20,1,1,False,False
1048901308398288896,2024,1QB,11,3,25,25,2,3,False,False
1048901308398288896,2024,1QB,11,4,25,23,1,1,False,False
1048901308398288896,2024,1QB,11,5,25,20,1,3,False,False
1048901308398288896,2024,1QB,11,6,25,21,1,5,False,False
1048901308398288896,2024,1QB,11,7,25,22,1,2,False,False
1048901308398288896,2024,1QB,11,8,25,23,0,0,False,False
1048901308398288896,2024,1QB,11,9,25,12,8,4,True,True
1048901308398288896,2024,1QB,11,10,25,19,1,3,False,False
1048901308398288896,2024,1QB,11,11,25,18,1,7,False,False
1048901308398288896,2024,1QB,11,12,25,23,0,4,False,False
1048901308398288896,2024,1QB,12,1,25,18,2,3,False,False
1048901308398288896,2024,1QB,12,2,25,20,1,1,False,False
1048901308398288896,2024,1QB,12,3,25,22,2,4,False,False
1048901308398288896,2024,1QB,12,4,25,25,1,1,False,False
1048901308398288896,2024,1QB,12,5,25,20,1,3,False,False
1048901308398288896,2024,1QB,12,6,25,19,2,5,False,False
1048901308398288896,2024,1QB,12,7,25,21,1,2,False,False
1048901308398288896,2024,1QB,12,8,25,22,0,1,False,False
1048901308398288896,2024,1QB,12,9,25,13,7,4,True,True
1048901308398288896,2024,1QB,12,10,25,20,1,3,False,False
1048901308398288896,2024,1QB,12,11,25,17,1,7,True,False
1048901308398288896,2024,1QB,12,12,25,24,0,4,False,False
1048901308398288896,2024,1QB,13,1,25,21,2,3,False,False
1048901308398288896,2024,1QB,13,2,25,19,1,2,False,False
1048901308398288896,2024,1QB,13,3,25,22,2,4,False,False
1048901308398288896,2024,1QB,13,4,25,23,1,1,False,False
1048901308398288896,2024,1QB,13,5,25,19,1,3,False,False
1048901308398288896,2024,1QB,13,6,25,19,2,5,False,False
1048901308398288896,2024,1QB,13,7,25,19,1,2,False,False
1048901308398288896,2024,1QB,13,8,25,23,1,0,False,False
1048901308398288896,2024,1QB,13,9,25,15,7,3,True,True
1048901308398288896,2024,1QB,13,10,25,20,1,3,False,False
1048901308398288896,2024,1QB,13,11,25,16,1,7,True,False
1048901308398288896,2024,1QB,13,12,25,22,0,4,False,False
1048901308398288896,2024,1QB,14,1,25,19,2,3,False,False
1048901308398288896,2024,1QB,14,2,25,19,1,2,False,False
1048901308398288896,2024,1QB,14,3,25,24,2,4,False,False
1048901308398288896,2024,1QB,14,4,25,23,1,1,False,False
1048901308398288896,2024,1QB,14,5,25,19,1,3,False,False
1048901308398288896,2024,1QB,14,6,25,19,3,5,False,False
1048901308398288896,2024,1QB,14,7,25,19,1,2,False,False
1048901308398288896,2024,1QB,14,8,25,23,1,0,False,False
1048901308398288896,2024,1QB,14,9,25,17,6,2,True,False
1048901308398288896,2024,1QB,14,10,25,19,1,4,False,False
1048901308398288896,2024,1QB,14,11,25,20,1,6,False,False
1048901308398288896,2024,1QB,14,12,25,19,1,5,False,False
1048901308398288896,2024,1QB,15,1,25,18,4,2,False,False
1048901308398288896,2024,1QB,15,2,25,19,1,2,False,False
1048901308398288896,2024,1QB,15,3,25,25,2,4,False,False
1048901308398288896,2024,1QB,15,4,25,22,1,1,False,False
1048901308398288896,2024,1QB,15,5,25,19,1,3,False,False
1048901308398288896,2024,1QB,15,6,25,20,3,4,False,False
1048901308398288896,2024,1QB,15,7,25,20,2,2,False,False
1048901308398288896,2024,1QB,15,8,25,21,2,1,False,False
1048901308398288896,2024,1QB,15,9,25,20,4,2,False,False
1048901308398288896,2024,1QB,15,10,25,19,2,3,False,False
1048901308398288896,2024,1QB,15,11,25,21,1,5,False,False
1048901308398288896,2024,1QB,15,12,25,19,1,5,False,False
1180667636675596288,2025,1QB,4,1,25,17,3,2,False,False
1180667636675596288,2025,1QB,4,2,25,14,2,3,False,False
1180667636675596288,2025,1QB,4,3,25,18,4,5,False,False
1180667636675596288,2025,1QB,4,4,25,19,0,3,False,False
1180667636675596288,2025,1QB,4,5,25,21,0,6,False,False
1180667636675596288,2025,1QB,4,6,25,20,1,5,False,False
1180667636675596288,2025,1QB,4,7,25,17,2,3,False,False
1180667636675596288,2025,1QB,4,8,25,17,4,0,False,False
1180667636675596288,2025,1QB,4,9,25,20,2,3,False,False
1180667636675596288,2025,1QB,4,10,25,18,1,6,False,False
1180667636675596288,2025,1QB,4,11,25,13,1,6,False,False
1180667636675596288,2025,1QB,4,12,25,16,0,10,True,True
1180667636675596288,2025,1QB,5,1,25,19,3,2,False,False
1180667636675596288,2025,1QB,5,2,25,16,2,3,False,False
1180667636675596288,2025,1QB,5,3,25,20,4,2,False,False
1180667636675596288,2025,1QB,5,4,25,19,0,3,False,False
1180667636675596288,2025,1QB,5,5,25,19,0,8,False,False
1180667636675596288,2025,1QB,5,6,25,23,1,2,False,False
1180667636675596288,2025,1QB,5,7,25,17,2,3,False,False
1180667636675596288,2025,1QB,5,8,25,20,4,0,False,False
1180667636675596288,2025,1QB,5,9,25,21,2,3,False,False
1180667636675596288,2025,1QB,5,10,25,19,0,6,False,False
1180667636675596288,2025,1QB,5,11,25,14,1,6,False,False
1180667636675596288,2025,1QB,5,12,25,18,0,9,False,False
1180667636675596288,2025,1QB,6,1,25,21,3,2,False,False
1180667636675596288,2025,1QB,6,2,25,16,2,3,False,False
1180667636675596288,2025,1QB,6,3,25,19,4,2,False,False
1180667636675596288,2025,1QB,6,4,25,23,0,2,False,False
1180667636675596288,2025,1QB,6,5,25,21,0,7,False,False
1180667636675596288,2025,1QB,6,6,25,22,1,3,False,False
1180667636675596288,2025,1QB,6,7,25,19,1,3,False,False
1180667636675596288,2025,1QB,6,8,25,21,4,0,False,False
1180667636675596288,2025,1QB,6,9,25,22,2,3,False,False
1180667636675596288,2025,1QB,6,10,25,19,0,6,False,False
1180667636675596288,2025,1QB,6,11,25,17,1,6,False,False
1180667636675596288,2025,1QB,6,12,25,20,0,7,False,False
1180667636675596288,2025,1QB,7,1,25,21,3,2,False,False
1180667636675596288,2025,1QB,7,2,25,16,1,4,False,False
1180667636675596288,2025,1QB,7,3,25,20,4,1,False,False
1180667636675596288,2025,1QB,7,4,25,20,1,3,False,False
1180667636675596288,2025,1QB,7,5,25,21,0,6,False,False
1180667636675596288,2025,1QB,7,6,25,21,1,3,False,False
1180667636675596288,2025,1QB,7,7,25,19,1,3,False,False
1180667636675596288,2025,1QB,7,8,25,21,4,0,False,False
1180667636675596288,2025,1QB,7,9,25,20,3,2,False,False
1180667636675596288,2025,1QB,7,10,25,20,0,5,False,False
1180667636675596288,2025,1QB,7,11,25,19,1,6,False,False
1180667636675596288,2025,1QB,7,12,25,20,1,7,False,False
1180667636675596288,2025,1QB,8,1,25,22,2,2,False,False
1180667636675596288,2025,1QB,8,2,25,18,1,4,False,False
1180667636675596288,2025,1QB,8,3,25,19,3,3,False,False
1180667636675596288,2025,1QB,8,4,25,19,1,3,False,False
1180667636675596288,2025,1QB,8,5,25,21,1,6,False,False
1180667636675596288,2025,1QB,8,6,25,22,1,2,False,False
1180667636675596288,2025,1QB,8,7,25,19,1,3,False,False
1180667636675596288,2025,1QB,8,8,25,19,5,1,False,False
1180667636675596288,2025,1QB,8,9,25,18,3,3,False,False
1180667636675596288,2025,1QB,8,10,25,22,0,5,False,False
1180667636675596288,2025,1QB,8,11,25,18,2,6,False,False
1180667636675596288,2025,1QB,8,12,25,21,0,8,False,False
1180667636675596288,2025,1QB,9,1,25,23,2,2,False,False
1180667636675596288,2025,1QB,9,2,25,19,1,4,False,False
1180667636675596288,2025,1QB,9,3,25,20,3,3,False,False
1180667636675596288,2025,1QB,9,4,25,20,1,2,False,False
1180667636675596288,2025,1QB,9,5,25,23,1,5,False,False
1180667636675596288,2025,1QB,9,6,25,22,2,2,False,False
1180667636675596288,2025,1QB,9,7,25,17,1,4,False,False
1180667636675596288,2025,1QB,9,8,25,21,4,1,False,False
1180667636675596288,2025,1QB,9,9,25,21,2,2,False,False
1180667636675596288,2025,1QB,9,10,25,22,1,5,False,False
1180667636675596288,2025,1QB,9,11,25,19,2,6,False,False
1180667636675596288,2025,1QB,9,12,25,23,0,6,False,False
1180667636675596288,2025,1QB,10,1,25,21,2,3,False,False
1180667636675596288,2025,1QB,10,2,25,19,1,3,False,False
1180667636675596288,2025,1QB,10,3,25,20,3,2,False,False
1180667636675596288,2025,1QB,10,4,25,21,1,2,False,False
1180667636675596288,2025,1QB,10,5,25,24,0,7,False,False
1180667636675596288,2025,1QB,10,6,25,20,3,1,False,False
1180667636675596288,2025,1QB,10,7,25,17,1,4,False,False
1180667636675596288,2025,1QB,10,8,25,21,4,1,False,False
1180667636675596288,2025,1QB,10,9,25,22,2,2,False,False
1180667636675596288,2025,1QB,10,10,25,22,1,5,False,False
1180667636675596288,2025,1QB,10,11,25,18,2,6,False,False
1180667636675596288,2025,1QB,10,12,25,22,0,6,False,False
1180667636675596288,2025,1QB,11,1,25,21,2,3,False,False
1180667636675596288,2025,1QB,11,2,25,21,1,2,False,False
1180667636675596288,2025,1QB,11,3,25,19,2,3,False,False
1180667636675596288,2025,1QB,11,4,25,20,1,2,False,False
1180667636675596288,2025,1QB,11,5,25,24,0,7,False,False
1180667636675596288,2025,1QB,11,6,25,20,3,1,False,False
1180667636675596288,2025,1QB,11,7,25,16,2,4,False,False
1180667636675596288,2025,1QB,11,8,25,22,3,1,False,False
1180667636675596288,2025,1QB,11,9,25,21,2,2,False,False
1180667636675596288,2025,1QB,11,10,25,20,1,6,False,False
1180667636675596288,2025,1QB,11,11,25,17,2,6,True,False
1180667636675596288,2025,1QB,11,12,25,24,0,6,False,False
1180667636675596288,2025,1QB,12,1,25,21,2,3,False,False
1180667636675596288,2025,1QB,12,2,25,24,1,2,False,False
1180667636675596288,2025,1QB,12,3,25,17,2,2,False,False
1180667636675596288,2025,1QB,12,4,25,20,1,2,False,False
1180667636675596288,2025,1QB,12,5,25,23,0,7,False,False
1180667636675596288,2025,1QB,12,6,25,20,2,2,False,False
1180667636675596288,2025,1QB,12,7,25,16,2,4,False,False
1180667636675596288,2025,1QB,12,8,25,20,3,1,False,False
1180667636675596288,2025,1QB,12,9,25,21,3,1,False,False
1180667636675596288,2025,1QB,12,10,25,20,1,6,False,False
1180667636675596288,2025,1QB,12,11,25,17,2,6,True,False
1180667636675596288,2025,1QB,12,12,25,24,0,6,False,False
1180667636675596288,2025,1QB,13,1,25,20,3,3,False,False
1180667636675596288,2025,1QB,13,2,25,25,1,2,False,False
1180667636675596288,2025,1QB,13,3,25,18,2,2,False,False
1180667636675596288,2025,1QB,13,4,25,19,2,2,False,False
1180667636675596288,2025,1QB,13,5,25,22,0,8,False,False
1180667636675596288,2025,1QB,13,6,25,21,2,2,False,False
1180667636675596288,2025,1QB,13,7,25,16,2,4,False,False
1180667636675596288,2025,1QB,13,8,25,21,3,1,False,False
1180667636675596288,2025,1QB,13,9,25,20,4,1,False,False
1180667636675596288,2025,1QB,13,10,25,19,1,6,False,False
1180667636675596288,2025,1QB,13,11,25,19,1,6,False,False
1180667636675596288,2025,1QB,13,12,25,23,1,5,False,False
1180667636675596288,2025,1QB,14,1,25,19,2,3,False,False
1180667636675596288,2025,1QB,14,2,25,22,1,3,False,False
1180667636675596288,2025,1QB,14,3,25,18,2,2,False,False
1180667636675596288,2025,1QB,14,4,25,20,2,3,False,False
1180667636675596288,2025,1QB,14,5,25,22,0,7,False,False
1180667636675596288,2025,1QB,14,6,25,20,3,2,False,False
1180667636675596288,2025,1QB,14,7,25,16,2,4,False,False
1180667636675596288,2025,1QB,14,8,25,21,3,1,False,False
1180667636675596288,2025,1QB,14,9,25,18,5,2,False,False
1180667636675596288,2025,1QB,14,10,25,22,1,5,False,False
1180667636675596288,2025,1QB,14,11,25,18,0,7,False,False
1180667636675596288,2025,1QB,14,12,25,22,1,6,False,False
1180667636675596288,2025,1QB,15,1,25,19,3,3,False,False
1180667636675596288,2025,1QB,15,2,25,21,2,3,False,False
1180667636675596288,2025,1QB,15,3,25,18,2,2,False,False
1180667636675596288,2025,1QB,15,4,25,19,3,3,False,False
1180667636675596288,2025,1QB,15,5,25,22,0,7,False,False
1180667636675596288,2025,1QB,15,6,25,21,2,2,False,False
1180667636675596288,2025,1QB,15,7,25,15,3,4,False,False
1180667636675596288,2025,1QB,15,8,25,21,3,1,False,False
1180667636675596288,2025,1QB,15,9,25,19,4,2,False,False
1180667636675596288,2025,1QB,15,10,25,20,1,5,False,False
1180667636675596288,2025,1QB,15,11,25,18,0,6,False,False
1180667636675596288,2025,1QB,15,12,25,20,1,6,False,False
1180224010881282048,2025,1QB,4,1,19,19,0,0,False,False
1180224010881282048,2025,1QB,4,2,19,15,1,3,False,False
1180224010881282048,2025,1QB,4,3,19,14,0,1,False,False
1180224010881282048,2025,1QB,4,4,19,11,1,2,False,False
1180224010881282048,2025,1QB,4,5,19,16,0,1,False,False
1180224010881282048,2025,1QB,4,6,19,14,0,4,False,False
1180224010881282048,2025,1QB,4,7,19,14,1,2,False,False
1180224010881282048,2025,1QB,4,8,19,13,0,4,False,False
1180224010881282048,2025,1QB,4,9,19,14,0,4,False,False
1180224010881282048,2025,1QB,4,10,19,14,1,2,False,False
1180224010881282048,2025,1QB,4,11,19,15,1,0,False,False
1180224010881282048,2025,1QB,4,12,19,11,1,3,False,False
1180224010881282048,2025,1QB,4,13,19,17,0,1,False,False
1180224010881282048,2025,1QB,4,14,19,15,2,1,False,False
1180224010881282048,2025,1QB,5,1,19,18,0,1,False,False
1180224010881282048,2025,1QB,5,2,19,15,1,3,False,False
1180224010881282048,2025,1QB,5,3,19,15,0,1,False,False
1180224010881282048,2025,1QB,5,4,19,13,0,2,False,False
1180224010881282048,2025,1QB,5,5,19,16,0,1,False,False
1180224010881282048,2025,1QB,5,6,19,14,0,4,False,False
1180224010881282048,2025,1QB,5,7,19,16,1,1,False,False
1180224010881282048,2025,1QB,5,8,19,14,0,3,False,False
1180224010881282048,2025,1QB,5,9,19,15,0,4,False,False
1180224010881282048,2025,1QB,5,10,19,15,1,2,False,False
1180224010881282048,2025,1QB,5,11,19,15,1,0,False,False
1180224010881282048,2025,1QB,5,12,19,13,1,3,False,False
1180224010881282048,2025,1QB,5,13,19,18,0,0,False,False
1180224010881282048,2025,1QB,5,14,19,16,1,1,False,False
1180224010881282048,2025,1QB,6,1,19,18,0,1,False,False
1180224010881282048,2025,1QB,6,2,19,16,1,2,False,False
1180224010881282048,2025,1QB,6,3,19,15,0,1,False,False
1180224010881282048,2025,1QB,6,4,19,13,0,2,False,False
1180224010881282048,2025,1QB,6,5,19,18,0,1,False,False
1180224010881282048,2025,1QB,6,6,19,15,0,3,False,False
1180224010881282048,2025,1QB,6,7,19,18,0,1,False,False
1180224010881282048,2025,1QB,6,8,19,16,0,2,False,False
1180224010881282048,2025,1QB,6,9,19,17,0,2,False,False
1180224010881282048,2025,1QB,6,10,19,15,1,2,False,False
1180224010881282048,2025,1QB,6,11,19,16,1,0,False,False
1180224010881282048,2025,1QB,6,12,19,15,1,1,False,False
1180224010881282048,2025,1QB,6,13,19,19,0,0,False,False
1180224010881282048,2025,1QB,6,14,19,16,1,1,False,False
1180224010881282048,2025,1QB,7,1,19,17,0,1,False,False
1180224010881282048,2025,1QB,7,2,19,16,1,2,False,False
1180224010881282048,2025,1QB,7,3,19,16,1,1,False,False
1180224010881282048,2025,1QB,7,4,19,13,0,2,False,False
1180224010881282048,2025,1QB,7,5,19,17,1,1,False,False
1180224010881282048,2025,1QB,7,6,19,15,0,3,False,False
1180224010881282048,2025,1QB,7,7,19,20,0,0,False,False
1180224010881282048,2025,1QB,7,8,19,16,1,2,False,False
1180224010881282048,2025,1QB,7,9,19,17,0,2,False,False
1180224010881282048,2025,1QB,7,10,19,14,1,2,False,False
1180224010881282048,2025,1QB,7,11,19,16,1,0,False,False
1180224010881282048,2025,1QB,7,12,19,16,1,2,False,False
1180224010881282048,2025,1QB,7,13,19,18,0,1,False,False
1180224010881282048,2025,1QB,7,14,19,16,1,1,False,False
1180224010881282048,2025,1QB,8,1,19,18,0,2,False,False
1180224010881282048,2025,1QB,8,2,19,17,1,1,False,False
1180224010881282048,2025,1QB,8,3,19,16,0,2,False,False
1180224010881282048,2025,1QB,8,4,19,14,0,2,False,False
1180224010881282048,2025,1QB,8,5,19,14,2,2,False,False
1180224010881282048,2025,1QB,8,6,19,15,0,3,False,False
1180224010881282048,2025,1QB,8,7,19,19,0,0,False,False
1180224010881282048,2025,1QB,8,8,19,16,1,2,False,False
1180224010881282048,2025,1QB,8,9,19,19,0,2,False,False
1180224010881282048,2025,1QB,8,10,19,15,1,1,False,False
1180224010881282048,2025,1QB,8,11,19,16,1,0,False,False
1180224010881282048,2025,1QB,8,12,19,18,1,1,False,False
1180224010881282048,2025,1QB,8,13,19,19,0,0,False,False
1180224010881282048,2025,1QB,8,14,19,14,2,1,False,False
1180224010881282048,2025,1QB,9,1,19,18,0,2,False,False
1180224010881282048,2025,1QB,9,2,19,17,1,1,False,False
1180224010881282048,2025,1QB,9,3,19,15,0,2,False,False
1180224010881282048,2025,1QB,9,4,19,17,0,1,False,False
1180224010881282048,2025,1QB,9,5,19,15,2,1,False,False
1180224010881282048,2025,1QB,9,6,19,17,0,1,False,False
1180224010881282048,2025,1QB,9,7,19,19,0,1,False,False
1180224010881282048,2025,1QB,9,8,19,15,1,3,False,False
1180224010881282048,2025,1QB,9,9,19,19,0,2,False,False
1180224010881282048,2025,1QB,9,10,19,18,1,1,False,False
1180224010881282048,2025,1QB,9,11,19,15,1,1,False,False
1180224010881282048,2025,1QB,9,12,19,17,1,1,False,False
1180224010881282048,2025,1QB,9,13,19,19,0,0,False,False
1180224010881282048,2025,1QB,9,14,19,17,1,1,False,False
1180224010881282048,2025,1QB,10,1,19,18,0,2,False,False
1180224010881282048,2025,1QB,10,2,19,17,1,0,False,False
1180224010881282048,2025,1QB,10,3,19,16,0,2,False,False
1180224010881282048,2025,1QB,10,4,19,17,0,1,False,False
1180224010881282048,2025,1QB,10,5,19,16,1,2,False,False
1180224010881282048,2025,1QB,10,6,19,18,0,0,False,False
1180224010881282048,2025,1QB,10,7,19,18,0,1,False,False
1180224010881282048,2025,1QB,10,8,19,15,1,3,False,False
1180224010881282048,2025,1QB,10,9,19,16,0,3,False,False
1180224010881282048,2025,1QB,10,10,19,16,1,2,False,False
1180224010881282048,2025,1QB,10,11,19,15,1,1,False,False
1180224010881282048,2025,1QB,10,12,19,17,1,1,False,False
1180224010881282048,2025,1QB,10,13,19,17,0,0,False,False
1180224010881282048,2025,1QB,10,14,19,18,1,1,False,False
1180224010881282048,2025,1QB,11,1,19,17,0,1,False,False
1180224010881282048,2025,1QB,11,2,19,16,1,0,False,False
1180224010881282048,2025,1QB,11,3,19,16,0,2,False,False
1180224010881282048,2025,1QB,11,4,19,17,0,1,False,False
1180224010881282048,2025,1QB,11,5,19,17,0,2,False,False
1180224010881282048,2025,1QB,11,6,19,18,0,0,False,False
1180224010881282048,2025,1QB,11,7,19,17,0,2,False,False
1180224010881282048,2025,1QB,11,8,19,14,1,4,False,False
1180224010881282048,2025,1QB,11,9,19,16,0,3,False,False
1180224010881282048,2025,1QB,11,10,19,16,1,2,False,False
1180224010881282048,2025,1QB,11,11,19,16,1,0,False,False
1180224010881282048,2025,1QB,11,12,19,17,1,1,False,False
1180224010881282048,2025,1QB,11,13,19,18,0,0,False,False
1180224010881282048,2025,1QB,11,14,19,18,0,1,False,False
1180224010881282048,2025,1QB,12,1,19,19,0,1,False,False
1180224010881282048,2025,1QB,12,2,19,17,1,0,False,False
1180224010881282048,2025,1QB,12,3,19,16,0,2,False,False
1180224010881282048,2025,1QB,12,4,19,18,0,1,False,False
1180224010881282048,2025,1QB,12,5,19,17,0,2,False,False
1180224010881282048,2025,1QB,12,6,19,17,0,0,False,False
1180224010881282048,2025,1QB,12,7,19,16,0,4,False,False
1180224010881282048,2025,1QB,12,8,19,15,0,4,False,False
1180224010881282048,2025,1QB,12,9,19,17,0,3,False,False
1180224010881282048,2025,1QB,12,10,19,15,1,2,False,False
1180224010881282048,2025,1QB,12,11,19,16,1,0,False,False
1180224010881282048,2025,1QB,12,12,19,16,1,1,False,False
1180224010881282048,2025,1QB,12,13,19,18,0,0,False,False
1180224010881282048,2025,1QB,12,14,19,18,0,1,False,False
1180224010881282048,2025,1QB,13,1,19,18,0,2,False,False
1180224010881282048,2025,1QB,13,2,19,17,1,0,False,False
1180224010881282048,2025,1QB,13,3,19,15,0,2,False,False
1180224010881282048,2025,1QB,13,4,19,19,0,1,False,False
1180224010881282048,2025,1QB,13,5,19,17,0,2,False,False
1180224010881282048,2025,1QB,13,6,19,19,0,0,False,False
1180224010881282048,2025,1QB,13,7,19,17,0,3,False,False
1180224010881282048,2025,1QB,13,8,19,15,0,4,False,False
1180224010881282048,2025,1QB,13,9,19,17,0,3,False,False
1180224010881282048,2025,1QB,13,10,19,16,1,2,False,False
1180224010881282048,2025,1QB,13,11,19,16,1,0,False,False
1180224010881282048,2025,1QB,13,12,19,18,1,0,False,False
1180224010881282048,2025,1QB,13,13,19,17,0,0,False,False
1180224010881282048,2025,1QB,13,14,19,19,0,0,False,False
1180224010881282048,2025,1QB,14,1,19,19,1,1,False,False
1180224010881282048,2025,1QB,14,2,19,18,0,0,False,False
1180224010881282048,2025,1QB,14,3,19,14,0,2,False,False
1180224010881282048,2025,1QB,14,4,19,19,0,1,False,False
1180224010881282048,2025,1QB,14,5,19,17,0,2,False,False
1180224010881282048,2025,1QB,14,6,19,21,0,0,False,False
1180224010881282048,2025,1QB,14,7,19,17,0,3,False,False
1180224010881282048,2025,1QB,14,8,19,15,0,4,False,False
1180224010881282048,2025,1QB,14,9,19,16,1,3,False,False
1180224010881282048,2025,1QB,14,10,19,18,1,1,False,False
1180224010881282048,2025,1QB,14,11,19,17,0,0,False,False
1180224010881282048,2025,1QB,14,12,19,17,1,0,False,False
1180224010881282048,2025,1QB,14,13,19,17,0,1,False,False
1180224010881282048,2025,1QB,14,14,19,17,1,0,False,False
1180224010881282048,2025,1QB,15,1,19,19,1,1,False,False
1180224010881282048,2025,1QB,15,2,19,16,1,0,False,False
1180224010881282048,2025,1QB,15,3,19,14,0,2,False,False
1180224010881282048,2025,1QB,15,4,19,18,0,2,False,False
1180224010881282048,2025,1QB,15,5,19,15,1,2,False,False
1180224010881282048,2025,1QB,15,6,19,16,1,3,False,False
1180224010881282048,2025,1QB,15,7,19,17,0,2,False,False
1180224010881282048,2025,1QB,15,8,19,15,0,4,False,False
1180224010881282048,2025,1QB,15,9,19,17,1,3,False,False
1180224010881282048,2025,1QB,15,10,19,18,0,1,False,False
1180224010881282048,2025,1QB,15,11,19,17,0,0,False,False
1180224010881282048,2025,1QB,15,12,19,16,1,1,False,False
1180224010881282048,2025,1QB,15,13,19,19,1,0,False,False
1180224010881282048,2025,1QB,15,14,19,17,1,0,False,False
918960870980501504,2023,SF_1TE,4,1,22,18,1,8,False,False
918960870980501504,2023,SF_1TE,4,2,22,13,1,6,False,False
918960870980501504,2023,SF_1TE,4,3,22,17,3,2,False,False
918960870980501504,2023,SF_1TE,4,4,22,18,2,3,False,False
918960870980501504,2023,SF_1TE,4,5,22,15,1,6,False,False
918960870980501504,2023,SF_1TE,4,6,22,21,0,2,False,False
918960870980501504,2023,SF_1TE,4,7,22,19,3,1,False,False
918960870980501504,2023,SF_1TE,4,8,22,21,4,1,False,False
918960870980501504,2023,SF_1TE,4,9,22,21,2,3,False,False
918960870980501504,2023,SF_1TE,4,10,22,18,1,4,False,False
918960870980501504,2023,SF_1TE,5,1,22,19,1,7,False,False
918960870980501504,2023,SF_1TE,5,2,22,14,1,6,False,False
918960870980501504,2023,SF_1TE,5,3,22,17,3,2,False,False
918960870980501504,2023,SF_1TE,5,4,22,18,2,3,False,False
918960870980501504,2023,SF_1TE,5,5,22,14,1,6,False,False
918960870980501504,2023,SF_1TE,5,6,22,19,0,2,False,False
918960870980501504,2023,SF_1TE,5,7,22,19,3,2,False,False
918960870980501504,2023,SF_1TE,5,8,22,20,3,0,False,False
918960870980501504,2023,SF_1TE,5,9,22,22,2,3,False,False
918960870980501504,2023,SF_1TE,5,10,22,20,1,3,False,False
918960870980501504,2023,SF_1TE,6,1,22,18,1,7,False,False
918960870980501504,2023,SF_1TE,6,2,22,16,1,6,False,False
918960870980501504,2023,SF_1TE,6,3,22,18,3,1,False,False
918960870980501504,2023,SF_1TE,6,4,22,20,2,2,False,False
918960870980501504,2023,SF_1TE,6,5,22,15,1,5,False,False
918960870980501504,2023,SF_1TE,6,6,22,22,1,1,False,False
918960870980501504,2023,SF_1TE,6,7,22,21,3,1,False,False
918960870980501504,2023,SF_1TE,6,8,22,24,1,0,False,False
918960870980501504,2023,SF_1TE,6,9,22,22,2,2,False,False
918960870980501504,2023,SF_1TE,6,10,22,22,1,2,False,False
918960870980501504,2023,SF_1TE,7,1,22,17,1,7,False,False
918960870980501504,2023,SF_1TE,7,2,22,18,1,5,False,False
918960870980501504,2023,SF_1TE,7,3,22,19,3,1,False,False
918960870980501504,2023,SF_1TE,7,4,22,19,2,3,False,False
918960870980501504,2023,SF_1TE,7,5,22,15,1,5,False,False
918960870980501504,2023,SF_1TE,7,6,22,27,0,0,False,False
918960870980501504,2023,SF_1TE,7,7,22,21,2,1,False,False
918960870980501504,2023,SF_1TE,7,8,22,24,1,0,False,False
918960870980501504,2023,SF_1TE,7,9,22,21,1,3,False,False
918960870980501504,2023,SF_1TE,7,10,22,20,1,2,False,False
918960870980501504,2023,SF_1TE,8,1,22,17,1,7,False,False
918960870980501504,2023,SF_1TE,8,2,22,17,1,5,False,False
918960870980501504,2023,SF_1TE,8,3,22,18,4,1,False,False
918960870980501504,2023,SF_1TE,8,4,22,19,2,3,False,False
918960870980501504,2023,SF_1TE,8,5,22,20,1,5,False,False
918960870980501504,2023,SF_1TE,8,6,22,26,0,1,False,False
918960870980501504,2023,SF_1TE,8,7,22,23,1,0,False,False
918960870980501504,2023,SF_1TE,8,8,22,24,1,0,False,False
918960870980501504,2023,SF_1TE,8,9,22,23,1,3,False,False
918960870980501504,2023,SF_1TE,8,10,22,20,1,2,False,False
918960870980501504,2023,SF_1TE,9,1,22,16,1,7,False,False
918960870980501504,2023,SF_1TE,9,2,22,16,2,5,False,False
918960870980501504,2023,SF_1TE,9,3,22,19,3,1,False,False
918960870980501504,2023,SF_1TE,9,4,22,18,2,3,False,False
918960870980501504,2023,SF_1TE,9,5,22,21,1,4,False,False
918960870980501504,2023,SF_1TE,9,6,22,25,0,2,False,False
918960870980501504,2023,SF_1TE,9,7,22,23,1,0,False,False
918960870980501504,2023,SF_1TE,9,8,22,23,1,1,False,False
918960870980501504,2023,SF_1TE,9,9,22,22,1,5,False,False
918960870980501504,2023,SF_1TE,9,10,22,20,1,2,False,False
918960870980501504,2023,SF_1TE,10,1,22,18,1,7,False,False
918960870980501504,2023,SF_1TE,10,2,22,17,2,5,False,False
918960870980501504,2023,SF_1TE,10,3,22,19,3,1,False,False
918960870980501504,2023,SF_1TE,10,4,22,19,2,2,False,False
918960870980501504,2023,SF_1TE,10,5,22,19,1,5,False,False
918960870980501504,2023,SF_1TE,10,6,22,24,0,2,False,False
918960870980501504,2023,SF_1TE,10,7,22,22,1,0,False,False
918960870980501504,2023,SF_1TE,10,8,22,25,2,2,False,False
918960870980501504,2023,SF_1TE,10,9,22,22,1,6,False,False
918960870980501504,2023,SF_1TE,10,10,22,21,1,3,False,False
918960870980501504,2023,SF_1TE,11,1,22,22,0,6,False,False
918960870980501504,2023,SF_1TE,11,2,22,17,2,5,False,False
918960870980501504,2023,SF_1TE,11,3,22,17,3,1,False,False
918960870980501504,2023,SF_1TE,11,4,22,17,2,2,False,False
918960870980501504,2023,SF_1TE,11,5,22,20,2,4,False,False
918960870980501504,2023,SF_1TE,11,6,22,23,0,4,False,False
918960870980501504,2023,SF_1TE,11,7,22,21,0,1,False,False
918960870980501504,2023,SF_1TE,11,8,22,22,3,2,False,False
918960870980501504,2023,SF_1TE,11,9,22,20,1,7,False,False
918960870980501504,2023,SF_1TE,11,10,22,19,1,4,False,False
918960870980501504,2023,SF_1TE,12,1,22,22,0,6,False,False
918960870980501504,2023,SF_1TE,12,2,22,18,2,5,False,False
918960870980501504,2023,SF_1TE,12,3,22,17,3,2,False,False
918960870980501504,2023,SF_1TE,12,4,22,18,2,2,False,False
918960870980501504,2023,SF_1TE,12,5,22,20,2,5,False,False
918960870980501504,2023,SF_1TE,12,6,22,26,0,2,False,False
918960870980501504,2023,SF_1TE,12,7,22,21,0,0,False,False
918960870980501504,2023,SF_1TE,12,8,22,19,3,2,False,False
918960870980501504,2023,SF_1TE,12,9,22,21,1,6,False,False
918960870980501504,2023,SF_1TE,12,10,22,20,1,4,False,False
918960870980501504,2023,SF_1TE,13,1,22,21,0,7,False,False
918960870980501504,2023,SF_1TE,13,2,22,18,2,5,False,False
918960870980501504,2023,SF_1TE,13,3,22,16,3,1,False,False
918960870980501504,2023,SF_1TE,13,4,22,17,2,2,False,False
918960870980501504,2023,SF_1TE,13,5,22,19,2,6,False,False
918960870980501504,2023,SF_1TE,13,6,22,27,0,2,False,False
918960870980501504,2023,SF_1TE,13,7,22,23,0,0,False,False
918960870980501504,2023,SF_1TE,13,8,22,21,2,2,False,False
918960870980501504,2023,SF_1TE,13,9,22,22,1,6,False,False
918960870980501504,2023,SF_1TE,13,10,22,20,1,4,False,False
918960870980501504,2023,SF_1TE,14,1,22,19,1,7,False,False
918960870980501504,2023,SF_1TE,14,2,22,19,2,5,False,False
918960870980501504,2023,SF_1TE,14,3,22,16,3,1,False,False
918960870980501504,2023,SF_1TE,14,4,22,19,2,2,False,False
918960870980501504,2023,SF_1TE,14,5,22,20,2,6,False,False
918960870980501504,2023,SF_1TE,14,6,22,25,2,1,False,False
918960870980501504,2023,SF_1TE,14,7,22,22,1,0,False,False
918960870980501504,2023,SF_1TE,14,8,22,22,2,2,False,False
918960870980501504,2023,SF_1TE,14,9,22,23,1,4,False,False
918960870980501504,2023,SF_1TE,14,10,22,19,3,3,False,False
918960870980501504,2023,SF_1TE,15,1,22,18,1,7,False,False
918960870980501504,2023,SF_1TE,15,2,22,18,1,5,False,False
918960870980501504,2023,SF_1TE,15,3,22,20,1,1,False,False
918960870980501504,2023,SF_1TE,15,4,22,18,2,2,False,False
918960870980501504,2023,SF_1TE,15,5,22,17,2,8,False,False
918960870980501504,2023,SF_1TE,15,6,22,24,1,2,False,False
918960870980501504,2023,SF_1TE,15,7,22,23,0,2,False,False
918960870980501504,2023,SF_1TE,15,8,22,21,2,1,False,False
918960870980501504,2023,SF_1TE,15,9,22,23,1,4,False,False
918960870980501504,2023,SF_1TE,15,10,22,18,3,4,False,False
914741498980225024,2023,SF_1TE,4,1,26,15,2,9,True,True
914741498980225024,2023,SF_1TE,4,2,26,19,1,6,False,False
914741498980225024,2023,SF_1TE,4,3,26,18,1,9,True,False
914741498980225024,2023,SF_1TE,4,4,26,18,1,2,False,False
914741498980225024,2023,SF_1TE,4,5,26,17,0,5,False,False
914741498980225024,2023,SF_1TE,4,6,26,20,2,4,False,False
914741498980225024,2023,SF_1TE,4,7,26,19,2,4,False,False
914741498980225024,2023,SF_1TE,4,8,26,19,3,5,False,False
914741498980225024,2023,SF_1TE,4,9,26,19,3,4,False,False
914741498980225024,2023,SF_1TE,4,10,26,22,2,2,False,False
914741498980225024,2023,SF_1TE,4,11,26,18,3,3,False,False
914741498980225024,2023,SF_1TE,4,12,26,19,1,4,False,False
914741498980225024,2023,SF_1TE,5,1,26,16,2,9,True,True
914741498980225024,2023,SF_1TE,5,2,26,20,0,6,False,False
914741498980225024,2023,SF_1TE,5,3,26,18,1,9,True,False
914741498980225024,2023,SF_1TE,5,4,26,20,1,2,False,False
914741498980225024,2023,SF_1TE,5,5,26,17,0,5,False,False
914741498980225024,2023,SF_1TE,5,6,26,16,3,4,False,False
914741498980225024,2023,SF_1TE,5,7,26,20,2,3,False,False
914741498980225024,2023,SF_1TE,5,8,26,21,3,5,False,False
914741498980225024,2023,SF_1TE,5,9,26,21,3,2,False,False
914741498980225024,2023,SF_1TE,5,10,26,22,2,2,False,False
914741498980225024,2023,SF_1TE,5,11,26,19,3,3,False,False
914741498980225024,2023,SF_1TE,5,12,26,22,1,3,False,False
914741498980225024,2023,SF_1TE,6,1,26,17,2,9,True,True
914741498980225024,2023,SF_1TE,6,2,26,23,0,5,False,False
914741498980225024,2023,SF_1TE,6,3,26,18,1,9,True,False
914741498980225024,2023,SF_1TE,6,4,26,20,1,2,False,False
914741498980225024,2023,SF_1TE,6,5,26,19,0,4,False,False
914741498980225024,2023,SF_1TE,6,6,26,17,2,3,False,False
914741498980225024,2023,SF_1TE,6,7,26,22,2,3,False,False
914741498980225024,2023,SF_1TE,6,8,26,21,3,3,False,False
914741498980225024,2023,SF_1TE,6,9,26,22,4,1,False,False
914741498980225024,2023,SF_1TE,6,10,26,23,2,1,False,False
914741498980225024,2023,SF_1TE,6,11,26,20,3,3,False,False
914741498980225024,2023,SF_1TE,6,12,26,23,1,3,False,False
914741498980225024,2023,SF_1TE,7,1,26,16,2,8,True,True
914741498980225024,2023,SF_1TE,7,2,26,24,1,5,False,False
914741498980225024,2023,SF_1TE,7,3,26,20,1,9,False,False
914741498980225024,2023,SF_1TE,7,4,26,19,1,2,False,False
914741498980225024,2023,SF_1TE,7,5,26,19,0,3,False,False
914741498980225024,2023,SF_1TE,7,6,26,15,3,3,False,False
914741498980225024,2023,SF_1TE,7,7,26,19,2,4,False,False
914741498980225024,2023,SF_1TE,7,8,26,23,3,3,False,False
914741498980225024,2023,SF_1TE,7,9,26,23,4,1,False,False
914741498980225024,2023,SF_1TE,7,10,26,21,2,3,False,False
914741498980225024,2023,SF_1TE,7,11,26,22,2,2,False,False
914741498980225024,2023,SF_1TE,7,12,26,23,1,3,False,False
914741498980225024,2023,SF_1TE,8,1,26,20,1,7,False,False
914741498980225024,2023,SF_1TE,8,2,26,22,0,6,False,False
914741498980225024,2023,SF_1TE,8,3,26,21,1,8,False,False
914741498980225024,2023,SF_1TE,8,4,26,23,1,2,False,False
914741498980225024,2023,SF_1TE,8,5,26,20,0,2,False,False
914741498980225024,2023,SF_1TE,8,6,26,20,3,2,False,False
914741498980225024,2023,SF_1TE,8,7,26,20,2,3,False,False
914741498980225024,2023,SF_1TE,8,8,26,25,3,3,False,False
914741498980225024,2023,SF_1TE,8,9,26,20,4,3,False,False
914741498980225024,2023,SF_1TE,8,10,26,21,2,2,False,False
914741498980225024,2023,SF_1TE,8,11,26,23,1,3,False,False
914741498980225024,2023,SF_1TE,8,12,26,23,1,4,False,False
914741498980225024,2023,SF_1TE,9,1,26,21,1,8,False,False
914741498980225024,2023,SF_1TE,9,2,26,23,0,5,False,False
914741498980225024,2023,SF_1TE,9,3,26,22,1,7,False,False
914741498980225024,2023,SF_1TE,9,4,26,22,1,3,False,False
914741498980225024,2023,SF_1TE,9,5,26,21,0,2,False,False
914741498980225024,2023,SF_1TE,9,6,26,20,3,2,False,False
914741498980225024,2023,SF_1TE,9,7,26,18,2,4,False,False
914741498980225024,2023,SF_1TE,9,8,26,22,3,5,False,False
914741498980225024,2023,SF_1TE,9,9,26,19,3,4,False,False
914741498980225024,2023,SF_1TE,9,10,26,22,2,2,False,False
914741498980225024,2023,SF_1TE,9,11,26,22,1,3,False,False
914741498980225024,2023,SF_1TE,9,12,26,23,1,4,False,False
914741498980225024,2023,SF_1TE,10,1,26,21,1,7,False,False
914741498980225024,2023,SF_1TE,10,2,26,23,0,5,False,False
914741498980225024,2023,SF_1TE,10,3,26,22,1,7,False,False
914741498980225024,2023,SF_1TE,10,4,26,23,1,2,False,False
914741498980225024,2023,SF_1TE,10,5,26,18,1,2,False,False
914741498980225024,2023,SF_1TE,10,6,26,17,3,3,False,False
914741498980225024,2023,SF_1TE,10,7,26,16,2,4,False,False
914741498980225024,2023,SF_1TE,10,8,26,21,2,6,False,False
914741498980225024,2023,SF_1TE,10,9,26,19,2,4,False,False
914741498980225024,2023,SF_1TE,10,10,26,23,2,2,False,False
914741498980225024,2023,SF_1TE,10,11,26,21,1,3,False,False
914741498980225024,2023,SF_1TE,10,12,26,24,0,3,False,False
914741498980225024,2023,SF_1TE,11,1,26,20,2,7,False,False
914741498980225024,2023,SF_1TE,11,2,26,21,0,5,False,False
914741498980225024,2023,SF_1TE,11,3,26,21,1,7,False,False
914741498980225024,2023,SF_1TE,11,4,26,24,0,1,False,False
914741498980225024,2023,SF_1TE,11,5,26,20,1,2,False,False
914741498980225024,2023,SF_1TE,11,6,26,15,2,4,False,False
914741498980225024,2023,SF_1TE,11,7,26,17,2,3,False,False
914741498980225024,2023,SF_1TE,11,8,26,20,2,7,False,False
914741498980225024,2023,SF_1TE,11,9,26,19,2,3,False,False
914741498980225024,2023,SF_1TE,11,10,26,19,2,4,False,False
914741498980225024,2023,SF_1TE,11,11,26,25,1,3,False,False
914741498980225024,2023,SF_1TE,11,12,26,25,0,3,False,False
914741498980225024,2023,SF_1TE,12,1,26,20,2,7,False,False
914741498980225024,2023,SF_1TE,12,2,26,23,0,5,False,False
914741498980225024,2023,SF_1TE,12,3,26,20,1,8,False,False
914741498980225024,2023,SF_1TE,12,4,26,26,0,1,False,False
914741498980225024,2023,SF_1TE,12,5,26,17,1,3,False,False
914741498980225024,2023,SF_1TE,12,6,26,16,2,4,False,False
914741498980225024,2023,SF_1TE,12,7,26,17,2,3,False,False
914741498980225024,2023,SF_1TE,12,8,26,20,2,5,False,False
914741498980225024,2023,SF_1TE,12,9,26,20,2,3,False,False
914741498980225024,2023,SF_1TE,12,10,26,20,2,3,False,False
914741498980225024,2023,SF_1TE,12,11,26,24,1,2,False,False
914741498980225024,2023,SF_1TE,12,12,26,26,0,2,False,False
914741498980225024,2023,SF_1TE,13,1,26,18,2,8,True,False
914741498980225024,2023,SF_1TE,13,2,26,22,0,6,False,False
914741498980225024,2023,SF_1TE,13,3,26,20,0,8,False,False
914741498980225024,2023,SF_1TE,13,4,26,23,1,1,False,False
914741498980225024,2023,SF_1TE,13,5,26,17,1,3,False,False
914741498980225024,2023,SF_1TE,13,6,26,15,2,4,False,False
914741498980225024,2023,SF_1TE,13,7,26,18,2,3,False,False
914741498980225024,2023,SF_1TE,13,8,26,19,2,6,False,False
914741498980225024,2023,SF_1TE,13,9,26,19,2,3,False,False
914741498980225024,2023,SF_1TE,13,10,26,21,2,2,False,False
914741498980225024,2023,SF_1TE,13,11,26,23,1,2,False,False
914741498980225024,2023,SF_1TE,13,12,26,27,0,2,False,False
914741498980225024,2023,SF_1TE,14,1,26,18,2,7,True,False
914741498980225024,2023,SF_1TE,14,2,26,20,1,6,False,False
914741498980225024,2023,SF_1TE,14,3,26,20,0,9,False,False
914741498980225024,2023,SF_1TE,14,4,26,23,1,1,False,False
914741498980225024,2023,SF_1TE,14,5,26,19,1,3,False,False
914741498980225024,2023,SF_1TE,14,6,26,17,2,3,False,False
914741498980225024,2023,SF_1TE,14,7,26,21,2,2,False,False
914741498980225024,2023,SF_1TE,14,8,26,19,1,6,False,False
914741498980225024,2023,SF_1TE,14,9,26,20,2,3,False,False
914741498980225024,2023,SF_1TE,14,10,26,22,2,2,False,False
914741498980225024,2023,SF_1TE,14,11,26,25,1,2,False,False
914741498980225024,2023,SF_1TE,14,12,26,23,1,2,False,False
914741498980225024,2023,SF_1TE,15,1,26,19,0,7,False,False
914741498980225024,2023,SF_1TE,15,2,26,19,1,6,False,False
914741498980225024,2023,SF_1TE,15,3,26,19,0,10,False,False
914741498980225024,2023,SF_1TE,15,4,26,22,1,1,False,False
914741498980225024,2023,SF_1TE,15,5,26,19,1,2,False,False
914741498980225024,2023,SF_1TE,15,6,26,17,2,2,False,False
914741498980225024,2023,SF_1TE,15,7,26,21,2,2,False,False
914741498980225024,2023,SF_1TE,15,8,26,19,2,6,False,False
914741498980225024,2023,SF_1TE,15,9,26,21,2,2,False,False
914741498980225024,2023,SF_1TE,15,10,26,21,2,3,False,False
914741498980225024,2023,SF_1TE,15,11,26,28,1,1,False,False
914741498980225024,2023,SF_1TE,15,12,26,18,2,3,False,False
1055621034914820096,2024,SF_1TE,4,1,24,18,0,5,False,False
1055621034914820096,2024,SF_1TE,4,2,24,17,2,3,False,False
1055621034914820096,2024,SF_1TE,4,3,24,20,0,2,False,False
1055621034914820096,2024,SF_1TE,4,4,24,19,1,2,False,False
1055621034914820096,2024,SF_1TE,4,5,24,21,3,7,False,False
1055621034914820096,2024,SF_1TE,4,6,24,17,2,6,False,False
1055621034914820096,2024,SF_1TE,4,7,24,22,3,6,False,False
1055621034914820096,2024,SF_1TE,4,8,24,16,6,3,True,False
1055621034914820096,2024,SF_1TE,4,9,24,25,1,4,False,False
1055621034914820096,2024,SF_1TE,4,10,24,17,2,5,False,False
1055621034914820096,2024,SF_1TE,5,1,24,20,0,5,False,False
1055621034914820096,2024,SF_1TE,5,2,24,19,2,3,False,False
1055621034914820096,2024,SF_1TE,5,3,24,22,0,1,False,False
1055621034914820096,2024,SF_1TE,5,4,24,20,1,2,False,False
1055621034914820096,2024,SF_1TE,5,5,24,21,6,6,False,False
1055621034914820096,2024,SF_1TE,5,6,24,22,1,3,False,False
1055621034914820096,2024,SF_1TE,5,7,24,23,4,6,False,False
1055621034914820096,2024,SF_1TE,5,8,24,17,6,3,False,False
1055621034914820096,2024,SF_1TE,5,9,24,27,1,3,False,False
1055621034914820096,2024,SF_1TE,5,10,24,17,2,5,False,False
1055621034914820096,2024,SF_1TE,6,1,24,21,0,4,False,False
1055621034914820096,2024,SF_1TE,6,2,24,21,2,3,False,False
1055621034914820096,2024,SF_1TE,6,3,24,22,0,1,False,False
1055621034914820096,2024,SF_1TE,6,4,24,21,1,2,False,False
1055621034914820096,2024,SF_1TE,6,5,24,22,6,4,False,False
1055621034914820096,2024,SF_1TE,6,6,24,23,1,3,False,False
1055621034914820096,2024,SF_1TE,6,7,24,24,5,5,False,False
1055621034914820096,2024,SF_1TE,6,8,24,19,5,2,False,False
1055621034914820096,2024,SF_1TE,6,9,24,25,1,3,False,False
1055621034914820096,2024,SF_1TE,6,10,24,17,2,5,False,False
1055621034914820096,2024,SF_1TE,7,1,24,18,1,3,False,False
1055621034914820096,2024,SF_1TE,7,2,24,20,2,3,False,False
1055621034914820096,2024,SF_1TE,7,3,24,22,0,2,False,False
1055621034914820096,2024,SF_1TE,7,4,24,20,1,2,False,False
1055621034914820096,2024,SF_1TE,7,5,24,22,6,5,False,False
1055621034914820096,2024,SF_1TE,7,6,24,23,1,5,False,False
1055621034914820096,2024,SF_1TE,7,7,24,24,5,3,False,False
1055621034914820096,2024,SF_1TE,7,8,24,20,5,2,False,False
1055621034914820096,2024,SF_1TE,7,9,24,26,0,4,False,False
1055621034914820096,2024,SF_1TE,7,10,24,20,2,3,False,False
1055621034914820096,2024,SF_1TE,8,1,24,18,1,4,False,False
1055621034914820096,2024,SF_1TE,8,2,24,20,2,3,False,False
1055621034914820096,2024,SF_1TE,8,3,24,22,0,1,False,False
1055621034914820096,2024,SF_1TE,8,4,24,19,0,2,False,False
1055621034914820096,2024,SF_1TE,8,5,24,20,6,5,False,False
1055621034914820096,2024,SF_1TE,8,6,24,22,1,5,False,False
1055621034914820096,2024,SF_1TE,8,7,24,25,4,4,False,False
1055621034914820096,2024,SF_1TE,8,8,24,20,5,3,False,False
1055621034914820096,2024,SF_1TE,8,9,24,22,0,4,False,False
1055621034914820096,2024,SF_1TE,8,10,24,21,2,3,False,False
1055621034914820096,2024,SF_1TE,9,1,24,19,0,4,False,False
1055621034914820096,2024,SF_1TE,9,2,24,20,2,3,False,False
1055621034914820096,2024,SF_1TE,9,3,24,19,0,1,False,False
1055621034914820096,2024,SF_1TE,9,4,24,20,0,3,False,False
1055621034914820096,2024,SF_1TE,9,5,24,21,7,5,False,False
1055621034914820096,2024,SF_1TE,9,6,24,21,0,5,False,False
1055621034914820096,2024,SF_1TE,9,7,24,25,2,5,False,False
1055621034914820096,2024,SF_1TE,9,8,24,19,5,3,False,False
1055621034914820096,2024,SF_1TE,9,9,24,23,0,4,False,False
1055621034914820096,2024,SF_1TE,9,10,24,23,2,3,False,False
1055621034914820096,2024,SF_1TE,10,1,24,19,0,4,False,False
1055621034914820096,2024,SF_1TE,10,2,24,19,2,3,False,False
1055621034914820096,2024,SF_1TE,10,3,24,17,1,1,False,False
1055621034914820096,2024,SF_1TE,10,4,24,22,0,3,False,False
1055621034914820096,2024,SF_1TE,10,5,24,21,7,5,False,False
1055621034914820096,2024,SF_1TE,10,6,24,23,0,4,False,False
1055621034914820096,2024,SF_1TE,10,7,24,25,1,5,False,False
1055621034914820096,2024,SF_1TE,10,8,24,20,4,3,False,False
1055621034914820096,2024,SF_1TE,10,9,24,23,0,5,False,False
1055621034914820096,2024,SF_1TE,10,10,24,22,2,3,False,False
1055621034914820096,2024,SF_1TE,11,1,24,22,0,4,False,False
1055621034914820096,2024,SF_1TE,11,2,24,21,2,3,False,False
1055621034914820096,2024,SF_1TE,11,3,24,18,1,1,False,False
1055621034914820096,2024,SF_1TE,11,4,24,22,0,3,False,False
1055621034914820096,2024,SF_1TE,11,5,24,17,7,4,False,False
1055621034914820096,2024,SF_1TE,11,6,24,23,0,4,False,False
1055621034914820096,2024,SF_1TE,11,7,24,21,2,5,False,False
1055621034914820096,2024,SF_1TE,11,8,24,21,4,3,False,False
1055621034914820096,2024,SF_1TE,11,9,24,22,0,4,False,False
1055621034914820096,2024,SF_1TE,11,10,24,22,2,3,False,False
1055621034914820096,2024,SF_1TE,12,1,24,21,0,4,False,False
1055621034914820096,2024,SF_1TE,12,2,24,21,2,3,False,False
1055621034914820096,2024,SF_1TE,12,3,24,20,0,1,False,False
1055621034914820096,2024,SF_1TE,12,4,24,24,0,3,False,False
1055621034914820096,2024,SF_1TE,12,5,24,19,7,3,False,False
1055621034914820096,2024,SF_1TE,12,6,24,22,0,3,False,False
1055621034914820096,2024,SF_1TE,12,7,24,22,2,4,False,False
1055621034914820096,2024,SF_1TE,12,8,24,22,3,3,False,False
1055621034914820096,2024,SF_1TE,12,9,24,21,0,4,False,False
1055621034914820096,2024,SF_1TE,12,10,24,20,3,5,False,False
1055621034914820096,2024,SF_1TE,13,1,24,19,0,4,False,False
1055621034914820096,2024,SF_1TE,13,2,24,22,2,3,False,False
1055621034914820096,2024,SF_1TE,13,3,24,21,0,1,False,False
1055621034914820096,2024,SF_1TE,13,4,24,22,0,3,False,False
1055621034914820096,2024,SF_1TE,13,5,24,20,7,2,False,False
1055621034914820096,2024,SF_1TE,13,6,24,21,0,4,False,False
1055621034914820096,2024,SF_1TE,13,7,24,23,2,4,False,False
1055621034914820096,2024,SF_1TE,13,8,24,22,2,3,False,False
1055621034914820096,2024,SF_1TE,13,9,24,21,0,4,False,False
1055621034914820096,2024,SF_1TE,13,10,24,18,4,6,False,False
1055621034914820096,2024,SF_1TE,14,1,24,18,0,5,False,False
1055621034914820096,2024,SF_1TE,14,2,24,22,2,3,False,False
1055621034914820096,2024,SF_1TE,14,3,24,22,0,1,False,False
1055621034914820096,2024,SF_1TE,14,4,24,23,0,2,False,False
1055621034914820096,2024,SF_1TE,14,5,24,20,6,2,False,False
1055621034914820096,2024,SF_1TE,14,6,24,22,0,4,False,False
1055621034914820096,2024,SF_1TE,14,7,24,20,3,5,False,False
1055621034914820096,2024,SF_1TE,14,8,24,21,3,3,False,False
1055621034914820096,2024,SF_1TE,14,9,24,23,0,4,False,False
1055621034914820096,2024,SF_1TE,14,10,24,17,4,6,False,False
1055621034914820096,2024,SF_1TE,15,1,24,19,0,5,False,False
1055621034914820096,2024,SF_1TE,15,2,24,20,2,3,False,False
1055621034914820096,2024,SF_1TE,15,3,24,21,0,1,False,False
1055621034914820096,2024,SF_1TE,15,4,24,22,1,2,False,False
1055621034914820096,2024,SF_1TE,15,5,24,20,6,3,False,False
1055621034914820096,2024,SF_1TE,15,6,24,23,0,4,False,False
1055621034914820096,2024,SF_1TE,15,7,24,21,3,5,False,False
1055621034914820096,2024,SF_1TE,15,8,24,20,2,3,False,False
1055621034914820096,2024,SF_1TE,15,9,24,22,1,4,False,False
1055621034914820096,2024,SF_1TE,15,10,24,19,3,5,False,False
1045730844721270784,2024,SF_1TE,4,1,27,15,2,5,False,False
1045730844721270784,2024,SF_1TE,4,2,27,19,4,4,True,False
1045730844721270784,2024,SF_1TE,4,3,27,19,2,3,False,False
1045730844721270784,2024,SF_1TE,4,4,27,18,9,4,True,True
1045730844721270784,2024,SF_1TE,4,5,27,19,2,5,False,False
1045730844721270784,2024,SF_1TE,4,6,27,18,3,3,False,False
1045730844721270784,2024,SF_1TE,4,7,27,20,1,5,False,False
1045730844721270784,2024,SF_1TE,4,8,27,19,0,2,False,False
1045730844721270784,2024,SF_1TE,4,9,27,19,3,3,False,False
1045730844721270784,2024,SF_1TE,4,10,27,18,6,9,True,True
1045730844721270784,2024,SF_1TE,4,11,27,14,4,5,True,True
1045730844721270784,2024,SF_1TE,4,12,27,19,3,4,False,False
1045730844721270784,2024,SF_1TE,5,1,27,15,2,5,False,False
1045730844721270784,2024,SF_1TE,5,2,27,19,4,4,True,False
1045730844721270784,2024,SF_1TE,5,3,27,20,2,2,False,False
1045730844721270784,2024,SF_1TE,5,4,27,18,9,4,True,True
1045730844721270784,2024,SF_1TE,5,5,27,19,2,5,False,False
1045730844721270784,2024,SF_1TE,5,6,27,19,2,3,False,False
1045730844721270784,2024,SF_1TE,5,7,27,21,1,5,False,False
1045730844721270784,2024,SF_1TE,5,8,27,20,0,2,False,False
1045730844721270784,2024,SF_1TE,5,9,27,19,3,3,False,False
1045730844721270784,2024,SF_1TE,5,10,27,19,6,8,True,False
1045730844721270784,2024,SF_1TE,5,11,27,15,4,5,True,True
1045730844721270784,2024,SF_1TE,5,12,27,20,3,4,False,False
1045730844721270784,2024,SF_1TE,6,1,27,20,2,4,False,False
1045730844721270784,2024,SF_1TE,6,2,27,22,3,3,False,False
1045730844721270784,2024,SF_1TE,6,3,27,21,2,1,False,False
1045730844721270784,2024,SF_1TE,6,4,27,19,9,3,True,False
1045730844721270784,2024,SF_1TE,6,5,27,21,2,5,False,False
1045730844721270784,2024,SF_1TE,6,6,27,20,2,3,False,False
1045730844721270784,2024,SF_1TE,6,7,27,21,1,5,False,False
1045730844721270784,2024,SF_1TE,6,8,27,24,0,1,False,False
1045730844721270784,2024,SF_1TE,6,9,27,20,3,3,False,False
1045730844721270784,2024,SF_1TE,6,10,27,20,6,7,False,False
1045730844721270784,2024,SF_1TE,6,11,27,15,4,5,True,True
1045730844721270784,2024,SF_1TE,6,12,27,21,3,4,False,False
1045730844721270784,2024,SF_1TE,7,1,27,24,2,3,False,False
1045730844721270784,2024,SF_1TE,7,2,27,24,3,3,False,False
1045730844721270784,2024,SF_1TE,7,3,27,22,2,0,False,False
1045730844721270784,2024,SF_1TE,7,4,27,20,8,3,False,False
1045730844721270784,2024,SF_1TE,7,5,27,22,2,5,False,False
1045730844721270784,2024,SF_1TE,7,6,27,21,2,2,False,False
1045730844721270784,2024,SF_1TE,7,7,27,21,1,3,False,False
1045730844721270784,2024,SF_1TE,7,8,27,27,0,1,False,False
1045730844721270784,2024,SF_1TE,7,9,27,20,2,3,False,False
1045730844721270784,2024,SF_1TE,7,10,27,21,6,5,False,False
1045730844721270784,2024,SF_1TE,7,11,27,18,4,5,True,True
1045730844721270784,2024,SF_1TE,7,12,27,20,3,5,False,False
1045730844721270784,2024,SF_1TE,8,1,27,24,2,3,False,False
1045730844721270784,2024,SF_1TE,8,2,27,24,3,3,False,False
1045730844721270784,2024,SF_1TE,8,3,27,21,2,0,False,False
1045730844721270784,2024,SF_1TE,8,4,27,21,7,3,False,False
1045730844721270784,2024,SF_1TE,8,5,27,20,2,4,False,False
1045730844721270784,2024,SF_1TE,8,6,27,21,2,2,False,False
1045730844721270784,2024,SF_1TE,8,7,27,22,3,2,False,False
1045730844721270784,2024,SF_1TE,8,8,27,27,0,1,False,False
1045730844721270784,2024,SF_1TE,8,9,27,20,2,3,False,False
1045730844721270784,2024,SF_1TE,8,10,27,20,5,5,False,False
1045730844721270784,2024,SF_1TE,8,11,27,19,3,5,True,False
1045730844721270784,2024,SF_1TE,8,12,27,22,3,5,False,False
1045730844721270784,2024,SF_1TE,9,1,27,21,3,3,False,False
1045730844721270784,2024,SF_1TE,9,2,27,24,3,3,False,False
1045730844721270784,2024,SF_1TE,9,3,27,21,2,0,False,False
1045730844721270784,2024,SF_1TE,9,4,27,20,7,4,False,False
1045730844721270784,2024,SF_1TE,9,5,27,22,2,3,False,False
1045730844721270784,2024,SF_1TE,9,6,27,19,3,3,False,False
1045730844721270784,2024,SF_1TE,9,7,27,23,1,3,False,False
1045730844721270784,2024,SF_1TE,9,8,27,25,0,2,False,False
1045730844721270784,2024,SF_1TE,9,9,27,22,2,2,False,False
1045730844721270784,2024,SF_1TE,9,10,27,20,5,5,False,False
1045730844721270784,2024,SF_1TE,9,11,27,19,3,5,True,False
1045730844721270784,2024,SF_1TE,9,12,27,20,3,5,False,False
1045730844721270784,2024,SF_1TE,10,1,27,22,3,3,False,False
1045730844721270784,2024,SF_1TE,10,2,27,24,3,3,False,False
1045730844721270784,2024,SF_1TE,10,3,27,22,2,0,False,False
1045730844721270784,2024,SF_1TE,10,4,27,19,7,4,True,False
1045730844721270784,2024,SF_1TE,10,5,27,22,2,3,False,False
1045730844721270784,2024,SF_1TE,10,6,27,19,3,3,False,False
1045730844721270784,2024,SF_1TE,10,7,27,24,1,3,False,False
1045730844721270784,2024,SF_1TE,10,8,27,24,0,2,False,False
1045730844721270784,2024,SF_1TE,10,9,27,23,2,1,False,False
1045730844721270784,2024,SF_1TE,10,10,27,22,5,5,False,False
1045730844721270784,2024,SF_1TE,10,11,27,18,3,6,True,True
1045730844721270784,2024,SF_1TE,10,12,27,22,2,5,False,False
1045730844721270784,2024,SF_1TE,11,1,27,24,3,3,False,False
1045730844721270784,2024,SF_1TE,11,2,27,23,3,3,False,False
1045730844721270784,2024,SF_1TE,11,3,27,21,2,2,False,False
1045730844721270784,2024,SF_1TE,11,4,27,21,7,4,False,False
1045730844721270784,2024,SF_1TE,11,5,27,22,2,3,False,False
1045730844721270784,2024,SF_1TE,11,6,27,19,3,3,False,False
1045730844721270784,2024,SF_1TE,11,7,27,24,1,3,False,False
1045730844721270784,2024,SF_1TE,11,8,27,23,1,3,False,False
1045730844721270784,2024,SF_1TE,11,9,27,24,2,0,False,False
1045730844721270784,2024,SF_1TE,11,10,27,23,3,4,False,False
1045730844721270784,2024,SF_1TE,11,11,27,18,3,6,True,True
1045730844721270784,2024,SF_1TE,11,12,27,20,2,5,False,False
1045730844721270784,2024,SF_1TE,12,1,27,24,3,4,False,False
1045730844721270784,2024,SF_1TE,12,2,27,23,3,3,False,False
1045730844721270784,2024,SF_1TE,12,3,27,21,2,3,False,False
1045730844721270784,2024,SF_1TE,12,4,27,23,7,3,False,False
1045730844721270784,2024,SF_1TE,12,5,27,21,2,4,False,False
1045730844721270784,2024,SF_1TE,12,6,27,20,3,2,False,False
1045730844721270784,2024,SF_1TE,12,7,27,24,1,4,False,False
1045730844721270784,2024,SF_1TE,12,8,27,24,1,3,False,False
1045730844721270784,2024,SF_1TE,12,9,27,22,2,2,False,False
1045730844721270784,2024,SF_1TE,12,10,27,20,3,6,False,False
1045730844721270784,2024,SF_1TE,12,11,27,15,3,8,True,True
1045730844721270784,2024,SF_1TE,12,12,27,22,2,4,False,False
1045730844721270784,2024,SF_1TE,13,1,27,23,3,5,False,False
1045730844721270784,2024,SF_1TE,13,2,27,21,3,3,False,False
1045730844721270784,2024,SF_1TE,13,3,27,21,2,3,False,False
1045730844721270784,2024,SF_1TE,13,4,27,21,9,3,False,False
1045730844721270784,2024,SF_1TE,13,5,27,21,2,4,False,False
1045730844721270784,2024,SF_1TE,13,6,27,19,3,2,False,False
1045730844721270784,2024,SF_1TE,13,7,27,22,3,3,False,False
1045730844721270784,2024,SF_1TE,13,8,27,24,1,3,False,False
1045730844721270784,2024,SF_1TE,13,9,27,21,1,3,False,False
1045730844721270784,2024,SF_1TE,13,10,27,19,4,7,True,False
1045730844721270784,2024,SF_1TE,13,11,27,15,3,8,True,True
1045730844721270784,2024,SF_1TE,13,12,27,22,2,4,False,False
1045730844721270784,2024,SF_1TE,14,1,27,22,3,5,False,False
1045730844721270784,2024,SF_1TE,14,2,27,21,3,3,False,False
1045730844721270784,2024,SF_1TE,14,3,27,22,2,2,False,False
1045730844721270784,2024,SF_1TE,14,4,27,20,9,3,False,False
1045730844721270784,2024,SF_1TE,14,5,27,19,2,4,False,False
1045730844721270784,2024,SF_1TE,14,6,27,19,3,2,False,False
1045730844721270784,2024,SF_1TE,14,7,27,22,3,2,False,False
1045730844721270784,2024,SF_1TE,14,8,27,24,1,2,False,False
1045730844721270784,2024,SF_1TE,14,9,27,22,1,2,False,False
1045730844721270784,2024,SF_1TE,14,10,27,19,3,7,True,False
1045730844721270784,2024,SF_1TE,14,11,27,15,3,8,True,True
1045730844721270784,2024,SF_1TE,14,12,27,21,1,5,False,False
1045730844721270784,2024,SF_1TE,15,1,27,22,4,3,False,False
1045730844721270784,2024,SF_1TE,15,2,27,21,3,3,False,False
1045730844721270784,2024,SF_1TE,15,3,27,22,2,2,False,False
1045730844721270784,2024,SF_1TE,15,4,27,21,8,3,False,False
1045730844721270784,2024,SF_1TE,15,5,27,19,2,4,False,False
1045730844721270784,2024,SF_1TE,15,6,27,18,3,3,False,False
1045730844721270784,2024,SF_1TE,15,7,27,23,2,2,False,False
1045730844721270784,2024,SF_1TE,15,8,27,22,3,1,False,False
1045730844721270784,2024,SF_1TE,15,9,27,21,2,3,False,False
1045730844721270784,2024,SF_1TE,15,10,27,19,3,6,True,False
1045730844721270784,2024,SF_1TE,15,11,27,16,3,8,True,True
1045730844721270784,2024,SF_1TE,15,12,27,21,2,5,False,False
1201959553390891008,2025,SF_1TE,4,1,24,16,3,6,True,False
1201959553390891008,2025,SF_1TE,4,2,24,14,1,3,False,False
1201959553390891008,2025,SF_1TE,4,3,24,18,1,3,False,False
1201959553390891008,2025,SF_1TE,4,4,24,18,0,3,False,False
1201959553390891008,2025,SF_1TE,4,5,24,16,8,7,True,False
1201959553390891008,2025,SF_1TE,4,6,24,25,1,3,False,False
1201959553390891008,2025,SF_1TE,4,7,24,21,3,5,False,False
1201959553390891008,2025,SF_1TE,4,8,24,18,1,3,False,False
1201959553390891008,2025,SF_1TE,4,9,24,17,3,10,False,False
1201959553390891008,2025,SF_1TE,4,10,24,21,2,5,False,False
1201959553390891008,2025,SF_1TE,5,1,24,18,3,5,False,False
1201959553390891008,2025,SF_1TE,5,2,24,16,1,3,False,False
1201959553390891008,2025,SF_1TE,5,3,24,18,1,3,False,False
1201959553390891008,2025,SF_1TE,5,4,24,20,0,1,False,False
1201959553390891008,2025,SF_1TE,5,5,24,16,8,7,True,False
1201959553390891008,2025,SF_1TE,5,6,24,25,1,3,False,False
1201959553390891008,2025,SF_1TE,5,7,24,20,3,4,False,False
1201959553390891008,2025,SF_1TE,5,8,24,20,1,2,False,False
1201959553390891008,2025,SF_1TE,5,9,24,18,3,9,False,False
1201959553390891008,2025,SF_1TE,5,10,24,24,2,4,False,False
1201959553390891008,2025,SF_1TE,6,1,24,18,3,5,False,False
1201959553390891008,2025,SF_1TE,6,2,24,17,1,3,False,False
1201959553390891008,2025,SF_1TE,6,3,24,18,1,3,False,False
1201959553390891008,2025,SF_1TE,6,4,24,20,0,1,False,False
1201959553390891008,2025,SF_1TE,6,5,24,19,8,7,False,False
1201959553390891008,2025,SF_1TE,6,6,24,23,1,4,False,False
1201959553390891008,2025,SF_1TE,6,7,24,20,2,3,False,False
1201959553390891008,2025,SF_1TE,6,8,24,21,1,1,False,False
1201959553390891008,2025,SF_1TE,6,9,24,20,2,8,False,False
1201959553390891008,2025,SF_1TE,6,10,24,25,2,3,False,False
1201959553390891008,2025,SF_1TE,7,1,24,19,2,5,False,False
1201959553390891008,2025,SF_1TE,7,2,24,18,1,3,False,False
1201959553390891008,2025,SF_1TE,7,3,24,18,1,3,False,False
1201959553390891008,2025,SF_1TE,7,4,24,22,0,1,False,False
1201959553390891008,2025,SF_1TE,7,5,24,18,8,8,False,False
1201959553390891008,2025,SF_1TE,7,6,24,25,1,3,False,False
1201959553390891008,2025,SF_1TE,7,7,24,20,2,3,False,False
1201959553390891008,2025,SF_1TE,7,8,24,20,1,2,False,False
1201959553390891008,2025,SF_1TE,7,9,24,22,1,7,False,False
1201959553390891008,2025,SF_1TE,7,10,24,25,2,3,False,False
1201959553390891008,2025,SF_1TE,8,1,24,22,2,4,False,False
1201959553390891008,2025,SF_1TE,8,2,24,20,1,3,False,False
1201959553390891008,2025,SF_1TE,8,3,24,21,1,2,False,False
1201959553390891008,2025,SF_1TE,8,4,24,22,1,1,False,False
1201959553390891008,2025,SF_1TE,8,5,24,19,8,7,False,False
1201959553390891008,2025,SF_1TE,8,6,24,24,2,4,False,False
1201959553390891008,2025,SF_1TE,8,7,24,22,2,3,False,False
1201959553390891008,2025,SF_1TE,8,8,24,23,1,1,False,False
1201959553390891008,2025,SF_1TE,8,9,24,23,1,7,False,False
1201959553390891008,2025,SF_1TE,8,10,24,26,2,3,False,False
1201959553390891008,2025,SF_1TE,9,1,24,21,2,4,False,False
1201959553390891008,2025,SF_1TE,9,2,24,21,1,3,False,False
1201959553390891008,2025,SF_1TE,9,3,24,21,1,2,False,False
1201959553390891008,2025,SF_1TE,9,4,24,22,1,1,False,False
1201959553390891008,2025,SF_1TE,9,5,24,20,7,6,False,False
1201959553390891008,2025,SF_1TE,9,6,24,23,2,4,False,False
1201959553390891008,2025,SF_1TE,9,7,24,23,1,3,False,False
1201959553390891008,2025,SF_1TE,9,8,24,26,1,0,False,False
1201959553390891008,2025,SF_1TE,9,9,24,25,1,5,False,False
1201959553390891008,2025,SF_1TE,9,10,24,25,3,3,False,False
1201959553390891008,2025,SF_1TE,10,1,24,20,2,5,False,False
1201959553390891008,2025,SF_1TE,10,2,24,21,1,3,False,False
1201959553390891008,2025,SF_1TE,10,3,24,19,1,3,False,False
1201959553390891008,2025,SF_1TE,10,4,24,21,1,2,False,False
1201959553390891008,2025,SF_1TE,10,5,24,19,7,6,False,False
1201959553390891008,2025,SF_1TE,10,6,24,22,3,3,False,False
1201959553390891008,2025,SF_1TE,10,7,24,22,1,3,False,False
1201959553390891008,2025,SF_1TE,10,8,24,26,0,1,False,False
1201959553390891008,2025,SF_1TE,10,9,24,26,1,6,False,False
1201959553390891008,2025,SF_1TE,10,10,24,22,4,5,False,False
1201959553390891008,2025,SF_1TE,11,1,24,19,2,5,False,False
1201959553390891008,2025,SF_1TE,11,2,24,21,1,3,False,False
1201959553390891008,2025,SF_1TE,11,3,24,20,1,2,False,False
1201959553390891008,2025,SF_1TE,11,4,24,21,1,2,False,False
1201959553390891008,2025,SF_1TE,11,5,24,17,8,6,False,False
1201959553390891008,2025,SF_1TE,11,6,24,20,2,4,False,False
1201959553390891008,2025,SF_1TE,11,7,24,22,1,3,False,False
1201959553390891008,2025,SF_1TE,11,8,24,23,1,1,False,False
1201959553390891008,2025,SF_1TE,11,9,24,24,1,6,False,False
1201959553390891008,2025,SF_1TE,11,10,24,22,4,5,False,False
1201959553390891008,2025,SF_1TE,12,1,24,23,2,5,False,False
1201959553390891008,2025,SF_1TE,12,2,24,21,1,3,False,False
1201959553390891008,2025,SF_1TE,12,3,24,18,1,2,False,False
1201959553390891008,2025,SF_1TE,12,4,24,22,1,2,False,False
1201959553390891008,2025,SF_1TE,12,5,24,19,8,5,False,False
1201959553390891008,2025,SF_1TE,12,6,24,20,2,5,False,False
1201959553390891008,2025,SF_1TE,12,7,24,25,1,1,False,False
1201959553390891008,2025,SF_1TE,12,8,24,23,1,1,False,False
1201959553390891008,2025,SF_1TE,12,9,24,25,1,6,False,False
1201959553390891008,2025,SF_1TE,12,10,24,23,3,5,False,False
1201959553390891008,2025,SF_1TE,13,1,24,23,2,5,False,False
1201959553390891008,2025,SF_1TE,13,2,24,20,1,3,False,False
1201959553390891008,2025,SF_1TE,13,3,24,18,1,1,False,False
1201959553390891008,2025,SF_1TE,13,4,24,21,1,2,False,False
1201959553390891008,2025,SF_1TE,13,5,24,21,7,4,False,False
1201959553390891008,2025,SF_1TE,13,6,24,21,2,5,False,False
1201959553390891008,2025,SF_1TE,13,7,24,25,1,1,False,False
1201959553390891008,2025,SF_1TE,13,8,24,22,1,2,False,False
1201959553390891008,2025,SF_1TE,13,9,24,25,1,6,False,False
1201959553390891008,2025,SF_1TE,13,10,24,21,2,5,False,False
1201959553390891008,2025,SF_1TE,14,1,24,17,2,7,False,False
1201959553390891008,2025,SF_1TE,14,2,24,19,2,3,False,False
1201959553390891008,2025,SF_1TE,14,3,24,18,1,2,False,False
1201959553390891008,2025,SF_1TE,14,4,24,23,1,1,False,False
1201959553390891008,2025,SF_1TE,14,5,24,21,7,4,False,False
1201959553390891008,2025,SF_1TE,14,6,24,22,1,5,False,False
1201959553390891008,2025,SF_1TE,14,7,24,27,1,1,False,False
1201959553390891008,2025,SF_1TE,14,8,24,25,0,3,False,False
1201959553390891008,2025,SF_1TE,14,9,24,23,0,8,False,False
1201959553390891008,2025,SF_1TE,14,10,24,20,2,5,False,False
1201959553390891008,2025,SF_1TE,15,1,24,19,2,6,False,False
1201959553390891008,2025,SF_1TE,15,2,24,19,2,2,False,False
1201959553390891008,2025,SF_1TE,15,3,24,19,1,2,False,False
1201959553390891008,2025,SF_1TE,15,4,24,22,1,1,False,False
1201959553390891008,2025,SF_1TE,15,5,24,21,7,4,False,False
1201959553390891008,2025,SF_1TE,15,6,24,24,1,4,False,False
1201959553390891008,2025,SF_1TE,15,7,24,26,1,1,False,False
1201959553390891008,2025,SF_1TE,15,8,24,24,0,3,False,False
1201959553390891008,2025,SF_1TE,15,9,24,21,1,9,False,False
1201959553390891008,2025,SF_1TE,15,10,24,22,2,5,False,False
1180084795436826624,2025,SF_1TE,4,1,27,15,0,5,False,False
1180084795436826624,2025,SF_1TE,4,2,27,14,2,8,True,True
1180084795436826624,2025,SF_1TE,4,3,27,14,0,5,False,False
1180084795436826624,2025,SF_1TE,4,4,27,18,5,3,True,False
1180084795436826624,2025,SF_1TE,4,5,27,17,3,4,False,False
1180084795436826624,2025,SF_1TE,4,6,27,20,5,3,False,False
1180084795436826624,2025,SF_1TE,4,7,27,17,2,5,False,False
1180084795436826624,2025,SF_1TE,4,8,27,17,3,2,False,False
1180084795436826624,2025,SF_1TE,4,9,27,17,8,5,True,True
1180084795436826624,2025,SF_1TE,4,10,27,19,2,9,True,False
1180084795436826624,2025,SF_1TE,4,11,27,18,3,3,False,False
1180084795436826624,2025,SF_1TE,4,12,27,16,2,4,False,False
1180084795436826624,2025,SF_1TE,5,1,27,17,0,5,False,False
1180084795436826624,2025,SF_1TE,5,2,27,14,2,8,True,True
1180084795436826624,2025,SF_1TE,5,3,27,17,0,5,False,False
1180084795436826624,2025,SF_1TE,5,4,27,18,5,3,True,False
1180084795436826624,2025,SF_1TE,5,5,27,20,3,3,False,False
1180084795436826624,2025,SF_1TE,5,6,27,20,5,3,False,False
1180084795436826624,2025,SF_1TE,5,7,27,18,2,5,False,False
1180084795436826624,2025,SF_1TE,5,8,27,16,3,3,False,False
1180084795436826624,2025,SF_1TE,5,9,27,20,7,4,False,False
1180084795436826624,2025,SF_1TE,5,10,27,17,2,10,True,True
1180084795436826624,2025,SF_1TE,5,11,27,22,2,2,False,False
1180084795436826624,2025,SF_1TE,5,12,27,17,2,4,False,False
1180084795436826624,2025,SF_1TE,6,1,27,19,0,4,False,False
1180084795436826624,2025,SF_1TE,6,2,27,16,2,8,True,True
1180084795436826624,2025,SF_1TE,6,3,27,20,0,5,False,False
1180084795436826624,2025,SF_1TE,6,4,27,17,5,3,True,False
1180084795436826624,2025,SF_1TE,6,5,27,22,3,3,False,False
1180084795436826624,2025,SF_1TE,6,6,27,21,5,3,False,False
1180084795436826624,2025,SF_1TE,6,7,27,18,2,4,False,False
1180084795436826624,2025,SF_1TE,6,8,27,18,3,3,False,False
1180084795436826624,2025,SF_1TE,6,9,27,20,6,5,False,False
1180084795436826624,2025,SF_1TE,6,10,27,18,2,10,True,True
1180084795436826624,2025,SF_1TE,6,11,27,22,1,3,False,False
1180084795436826624,2025,SF_1TE,6,12,27,18,2,4,False,False
1180084795436826624,2025,SF_1TE,7,1,27,20,0,2,False,False
1180084795436826624,2025,SF_1TE,7,2,27,16,2,8,True,True
1180084795436826624,2025,SF_1TE,7,3,27,20,0,5,False,False
1180084795436826624,2025,SF_1TE,7,4,27,17,5,3,True,False
1180084795436826624,2025,SF_1TE,7,5,27,21,3,3,False,False
1180084795436826624,2025,SF_1TE,7,6,27,24,5,2,False,False
1180084795436826624,2025,SF_1TE,7,7,27,17,2,4,False,False
1180084795436826624,2025,SF_1TE,7,8,27,18,3,3,False,False
1180084795436826624,2025,SF_1TE,7,9,27,22,5,5,False,False
1180084795436826624,2025,SF_1TE,7,10,27,20,2,8,False,False
1180084795436826624,2025,SF_1TE,7,11,27,22,1,3,False,False
1180084795436826624,2025,SF_1TE,7,12,27,19,2,3,False,False
1180084795436826624,2025,SF_1TE,8,1,27,19,1,2,False,False
1180084795436826624,2025,SF_1TE,8,2,27,15,2,8,True,True
1180084795436826624,2025,SF_1TE,8,3,27,20,0,5,False,False
1180084795436826624,2025,SF_1TE,8,4,27,20,6,3,False,False
1180084795436826624,2025,SF_1TE,8,5,27,25,3,1,False,False
1180084795436826624,2025,SF_1TE,8,6,27,22,5,4,False,False
1180084795436826624,2025,SF_1TE,8,7,27,17,2,4,False,False
1180084795436826624,2025,SF_1TE,8,8,27,18,3,3,False,False
1180084795436826624,2025,SF_1TE,8,9,27,22,5,6,False,False
1180084795436826624,2025,SF_1TE,8,10,27,19,3,8,True,False
1180084795436826624,2025,SF_1TE,8,11,27,23,1,3,False,False
1180084795436826624,2025,SF_1TE,8,12,27,18,3,3,False,False
1180084795436826624,2025,SF_1TE,9,1,27,22,1,2,False,False
1180084795436826624,2025,SF_1TE,9,2,27,15,2,8,True,True
1180084795436826624,2025,SF_1TE,9,3,27,21,0,4,False,False
1180084795436826624,2025,SF_1TE,9,4,27,23,6,2,False,False
1180084795436826624,2025,SF_1TE,9,5,27,25,3,1,False,False
1180084795436826624,2025,SF_1TE,9,6,27,22,6,3,False,False
1180084795436826624,2025,SF_1TE,9,7,27,17,2,4,False,False
1180084795436826624,2025,SF_1TE,9,8,27,22,2,2,False,False
1180084795436826624,2025,SF_1TE,9,9,27,25,5,5,False,False
1180084795436826624,2025,SF_1TE,9,10,27,20,3,8,False,False
1180084795436826624,2025,SF_1TE,9,11,27,23,1,3,False,False
1180084795436826624,2025,SF_1TE,9,12,27,17,3,3,False,False
1180084795436826624,2025,SF_1TE,10,1,27,20,1,3,False,False
1180084795436826624,2025,SF_1TE,10,2,27,15,2,8,True,True
1180084795436826624,2025,SF_1TE,10,3,27,22,0,4,False,False
1180084795436826624,2025,SF_1TE,10,4,27,23,5,3,False,False
1180084795436826624,2025,SF_1TE,10,5,27,22,3,2,False,False
1180084795436826624,2025,SF_1TE,10,6,27,20,7,3,False,False
1180084795436826624,2025,SF_1TE,10,7,27,18,2,3,False,False
1180084795436826624,2025,SF_1TE,10,8,27,23,2,1,False,False
1180084795436826624,2025,SF_1TE,10,9,27,22,7,5,False,False
1180084795436826624,2025,SF_1TE,10,10,27,18,3,9,True,True
1180084795436826624,2025,SF_1TE,10,11,27,23,1,3,False,False
1180084795436826624,2025,SF_1TE,10,12,27,17,2,3,False,False
1180084795436826624,2025,SF_1TE,11,1,27,19,1,3,False,False
1180084795436826624,2025,SF_1TE,11,2,27,16,2,8,True,True
1180084795436826624,2025,SF_1TE,11,3,27,21,0,4,False,False
1180084795436826624,2025,SF_1TE,11,4,27,24,5,4,False,False
1180084795436826624,2025,SF_1TE,11,5,27,23,3,2,False,False
1180084795436826624,2025,SF_1TE,11,6,27,20,7,3,False,False
1180084795436826624,2025,SF_1TE,11,7,27,18,2,2,False,False
1180084795436826624,2025,SF_1TE,11,8,27,24,2,1,False,False
1180084795436826624,2025,SF_1TE,11,9,27,21,6,6,False,False
1180084795436826624,2025,SF_1TE,11,10,27,21,3,7,False,False
1180084795436826624,2025,SF_1TE,11,11,27,23,2,3,False,False
1180084795436826624,2025,SF_1TE,11,12,27,19,2,3,False,False
1180084795436826624,2025,SF_1TE,12,1,27,19,1,4,False,False
1180084795436826624,2025,SF_1TE,12,2,27,16,2,8,True,True
1180084795436826624,2025,SF_1TE,12,3,27,22,0,4,False,False
1180084795436826624,2025,SF_1TE,12,4,27,25,5,3,False,False
1180084795436826624,2025,SF_1TE,12,5,27,24,3,1,False,False
1180084795436826624,2025,SF_1TE,12,6,27,22,6,3,False,False
1180084795436826624,2025,SF_1TE,12,7,27,17,2,2,False,False
1180084795436826624,2025,SF_1TE,12,8,27,25,2,1,False,False
1180084795436826624,2025,SF_1TE,12,9,27,20,6,6,False,False
1180084795436826624,2025,SF_1TE,12,10,27,22,3,7,False,False
1180084795436826624,2025,SF_1TE,12,11,27,23,1,4,False,False
1180084795436826624,2025,SF_1TE,12,12,27,20,2,3,False,False
1180084795436826624,2025,SF_1TE,13,1,27,19,1,4,False,False
1180084795436826624,2025,SF_1TE,13,2,27,20,1,8,False,False
1180084795436826624,2025,SF_1TE,13,3,27,22,0,4,False,False
1180084795436826624,2025,SF_1TE,13,4,27,20,8,3,False,False
1180084795436826624,2025,SF_1TE,13,5,27,25,2,0,False,False
1180084795436826624,2025,SF_1TE,13,6,27,20,6,3,False,False
1180084795436826624,2025,SF_1TE,13,7,27,17,2,2,False,False
1180084795436826624,2025,SF_1TE,13,8,27,24,3,1,False,False
1180084795436826624,2025,SF_1TE,13,9,27,17,6,7,True,True
1180084795436826624,2025,SF_1TE,13,10,27,21,3,8,False,False
1180084795436826624,2025,SF_1TE,13,11,27,21,1,5,False,False
1180084795436826624,2025,SF_1TE,13,12,27,20,1,3,False,False
1180084795436826624,2025,SF_1TE,14,1,27,20,0,3,False,False
1180084795436826624,2025,SF_1TE,14,2,27,19,2,7,True,False
1180084795436826624,2025,SF_1TE,14,3,27,20,1,5,False,False
1180084795436826624,2025,SF_1TE,14,4,27,21,7,4,False,False
1180084795436826624,2025,SF_1TE,14,5,27,27,2,0,False,False
1180084795436826624,2025,SF_1TE,14,6,27,22,5,2,False,False
1180084795436826624,2025,SF_1TE,14,7,27,17,2,2,False,False
1180084795436826624,2025,SF_1TE,14,8,27,21,4,3,False,False
1180084795436826624,2025,SF_1TE,14,9,27,16,6,9,True,True
1180084795436826624,2025,SF_1TE,14,10,27,21,3,8,False,False
1180084795436826624,2025,SF_1TE,14,11,27,21,1,5,False,False
1180084795436826624,2025,SF_1TE,14,12,27,19,1,4,False,False
1180084795436826624,2025,SF_1TE,15,1,27,22,0,3,False,False
1180084795436826624,2025,SF_1TE,15,2,27,19,2,7,True,False
1180084795436826624,2025,SF_1TE,15,3,27,21,1,4,False,False
1180084795436826624,2025,SF_1TE,15,4,27,21,6,3,False,False
1180084795436826624,2025,SF_1TE,15,5,27,27,2,0,False,False
1180084795436826624,2025,SF_1TE,15,6,27,23,4,2,False,False
1180084795436826624,2025,SF_1TE,15,7,27,17,2,3,False,False
1180084795436826624,2025,SF_1TE,15,8,27,18,4,4,True,False
1180084795436826624,2025,SF_1TE,15,9,27,16,6,8,True,True
1180084795436826624,2025,SF_1TE,15,10,27,21,3,8,False,False
1180084795436826624,2025,SF_1TE,15,11,27,24,1,4,False,False
1180084795436826624,2025,SF_1TE,15,12,27,17,1,4,False,False
918260594971672576,2023,SF_2TE,4,1,27,17,2,5,False,False
918260594971672576,2023,SF_2TE,4,2,27,21,0,5,False,False
918260594971672576,2023,SF_2TE,4,3,27,17,2,4,False,False
918260594971672576,2023,SF_2TE,4,4,27,21,3,3,False,False
918260594971672576,2023,SF_2TE,4,5,27,14,4,0,False,False
918260594971672576,2023,SF_2TE,4,6,27,22,2,1,False,False
918260594971672576,2023,SF_2TE,4,7,27,18,1,2,False,False
918260594971672576,2023,SF_2TE,4,8,27,15,4,5,True,True
918260594971672576,2023,SF_2TE,4,9,27,19,3,7,True,False
918260594971672576,2023,SF_2TE,4,10,27,20,5,6,False,False
918260594971672576,2023,SF_2TE,4,11,27,22,2,3,False,False
918260594971672576,2023,SF_2TE,4,12,27,18,3,4,False,False
918260594971672576,2023,SF_2TE,5,1,27,19,2,4,False,False
918260594971672576,2023,SF_2TE,5,2,27,23,0,2,False,False
918260594971672576,2023,SF_2TE,5,3,27,19,1,3,False,False
918260594971672576,2023,SF_2TE,5,4,27,22,3,3,False,False
918260594971672576,2023,SF_2TE,5,5,27,15,4,0,False,False
918260594971672576,2023,SF_2TE,5,6,27,23,2,1,False,False
918260594971672576,2023,SF_2TE,5,7,27,19,1,2,False,False
918260594971672576,2023,SF_2TE,5,8,27,15,4,5,True,True
918260594971672576,2023,SF_2TE,5,9,27,20,2,6,False,False
918260594971672576,2023,SF_2TE,5,10,27,21,3,6,False,False
918260594971672576,2023,SF_2TE,5,11,27,23,2,1,False,False
918260594971672576,2023,SF_2TE,5,12,27,21,3,3,False,False
918260594971672576,2023,SF_2TE,6,1,27,20,2,3,False,False
918260594971672576,2023,SF_2TE,6,2,27,22,0,2,False,False
918260594971672576,2023,SF_2TE,6,3,27,21,1,3,False,False
918260594971672576,2023,SF_2TE,6,4,27,23,3,2,False,False
918260594971672576,2023,SF_2TE,6,5,27,14,3,0,False,False
918260594971672576,2023,SF_2TE,6,6,27,23,2,1,False,False
918260594971672576,2023,SF_2TE,6,7,27,20,1,2,False,False
918260594971672576,2023,SF_2TE,6,8,27,16,4,5,True,True
918260594971672576,2023,SF_2TE,6,9,27,22,2,5,False,False
918260594971672576,2023,SF_2TE,6,10,27,23,3,5,False,False
918260594971672576,2023,SF_2TE,6,11,27,25,1,1,False,False
918260594971672576,2023,SF_2TE,6,12,27,22,3,3,False,False
918260594971672576,2023,SF_2TE,7,1,27,22,2,3,False,False
918260594971672576,2023,SF_2TE,7,2,27,23,0,0,False,False
918260594971672576,2023,SF_2TE,7,3,27,22,1,3,False,False
918260594971672576,2023,SF_2TE,7,4,27,23,3,2,False,False
918260594971672576,2023,SF_2TE,7,5,27,13,3,0,False,False
918260594971672576,2023,SF_2TE,7,6,27,22,2,2,False,False
918260594971672576,2023,SF_2TE,7,7,27,18,1,3,False,False
918260594971672576,2023,SF_2TE,7,8,27,18,4,5,True,True
918260594971672576,2023,SF_2TE,7,9,27,23,2,5,False,False
918260594971672576,2023,SF_2TE,7,10,27,20,3,6,False,False
918260594971672576,2023,SF_2TE,7,11,27,22,2,1,False,False
918260594971672576,2023,SF_2TE,7,12,27,22,4,3,False,False
918260594971672576,2023,SF_2TE,8,1,27,23,2,3,False,False
918260594971672576,2023,SF_2TE,8,2,27,23,0,0,False,False
918260594971672576,2023,SF_2TE,8,3,27,23,1,4,False,False
918260594971672576,2023,SF_2TE,8,4,27,22,3,3,False,False
918260594971672576,2023,SF_2TE,8,5,27,17,3,0,False,False
918260594971672576,2023,SF_2TE,8,6,27,22,2,2,False,False
918260594971672576,2023,SF_2TE,8,7,27,19,1,2,False,False
918260594971672576,2023,SF_2TE,8,8,27,17,4,5,True,True
918260594971672576,2023,SF_2TE,8,9,27,26,1,4,False,False
918260594971672576,2023,SF_2TE,8,10,27,22,3,4,False,False
918260594971672576,2023,SF_2TE,8,11,27,19,2,1,False,False
918260594971672576,2023,SF_2TE,8,12,27,20,4,5,False,False
918260594971672576,2023,SF_2TE,9,1,27,20,3,4,False,False
918260594971672576,2023,SF_2TE,9,2,27,22,0,0,False,False
918260594971672576,2023,SF_2TE,9,3,27,23,1,4,False,False
918260594971672576,2023,SF_2TE,9,4,27,22,2,4,False,False
918260594971672576,2023,SF_2TE,9,5,27,17,3,0,False,False
918260594971672576,2023,SF_2TE,9,6,27,21,2,3,False,False
918260594971672576,2023,SF_2TE,9,7,27,18,1,2,False,False
918260594971672576,2023,SF_2TE,9,8,27,15,5,5,True,True
918260594971672576,2023,SF_2TE,9,9,27,24,1,4,False,False
918260594971672576,2023,SF_2TE,9,10,27,22,3,4,False,False
918260594971672576,2023,SF_2TE,9,11,27,19,2,2,False,False
918260594971672576,2023,SF_2TE,9,12,27,19,4,5,True,False
918260594971672576,2023,SF_2TE,10,1,27,21,3,3,False,False
918260594971672576,2023,SF_2TE,10,2,27,22,0,0,False,False
918260594971672576,2023,SF_2TE,10,3,27,22,1,5,False,False
918260594971672576,2023,SF_2TE,10,4,27,19,2,4,False,False
918260594971672576,2023,SF_2TE,10,5,27,14,3,1,False,False
918260594971672576,2023,SF_2TE,10,6,27,21,2,3,False,False
918260594971672576,2023,SF_2TE,10,7,27,23,1,1,False,False
918260594971672576,2023,SF_2TE,10,8,27,15,5,5,True,True
918260594971672576,2023,SF_2TE,10,9,27,21,2,6,False,False
918260594971672576,2023,SF_2TE,10,10,27,24,2,4,False,False
918260594971672576,2023,SF_2TE,10,11,27,19,2,2,False,False
918260594971672576,2023,SF_2TE,10,12,27,19,3,5,True,False
918260594971672576,2023,SF_2TE,11,1,27,19,3,4,False,False
918260594971672576,2023,SF_2TE,11,2,27,22,1,0,False,False
918260594971672576,2023,SF_2TE,11,3,27,21,1,5,False,False
918260594971672576,2023,SF_2TE,11,4,27,20,1,4,False,False
918260594971672576,2023,SF_2TE,11,5,27,16,3,1,False,False
918260594971672576,2023,SF_2TE,11,6,27,22,2,2,False,False
918260594971672576,2023,SF_2TE,11,7,27,23,1,2,False,False
918260594971672576,2023,SF_2TE,11,8,27,16,5,4,True,True
918260594971672576,2023,SF_2TE,11,9,27,21,2,6,False,False
918260594971672576,2023,SF_2TE,11,10,27,26,2,4,False,False
918260594971672576,2023,SF_2TE,11,11,27,24,0,2,False,False
918260594971672576,2023,SF_2TE,11,12,27,18,3,5,True,False
918260594971672576,2023,SF_2TE,12,1,27,19,3,4,False,False
918260594971672576,2023,SF_2TE,12,2,27,21,1,0,False,False
918260594971672576,2023,SF_2TE,12,3,27,19,1,6,False,False
918260594971672576,2023,SF_2TE,12,4,27,20,1,5,False,False
918260594971672576,2023,SF_2TE,12,5,27,17,3,1,False,False
918260594971672576,2023,SF_2TE,12,6,27,23,2,1,False,False
918260594971672576,2023,SF_2TE,12,7,27,23,1,1,False,False
918260594971672576,2023,SF_2TE,12,8,27,17,5,4,True,True
918260594971672576,2023,SF_2TE,12,9,27,22,2,4,False,False
918260594971672576,2023,SF_2TE,12,10,27,25,2,4,False,False
918260594971672576,2023,SF_2TE,12,11,27,27,0,2,False,False
918260594971672576,2023,SF_2TE,12,12,27,19,3,5,True,False
918260594971672576,2023,SF_2TE,13,1,27,20,3,4,False,False
918260594971672576,2023,SF_2TE,13,2,27,22,1,0,False,False
918260594971672576,2023,SF_2TE,13,3,27,19,1,7,True,False
918260594971672576,2023,SF_2TE,13,4,27,21,1,3,False,False
918260594971672576,2023,SF_2TE,13,5,27,16,3,1,False,False
918260594971672576,2023,SF_2TE,13,6,27,21,2,2,False,False
918260594971672576,2023,SF_2TE,13,7,27,23,1,1,False,False
918260594971672576,2023,SF_2TE,13,8,27,17,5,4,True,True
918260594971672576,2023,SF_2TE,13,9,27,23,1,3,False,False
918260594971672576,2023,SF_2TE,13,10,27,23,2,5,False,False
918260594971672576,2023,SF_2TE,13,11,27,23,2,3,False,False
918260594971672576,2023,SF_2TE,13,12,27,19,3,5,True,False
918260594971672576,2023,SF_2TE,14,1,27,18,4,4,True,False
918260594971672576,2023,SF_2TE,14,2,27,24,1,0,False,False
918260594971672576,2023,SF_2TE,14,3,27,22,1,6,False,False
918260594971672576,2023,SF_2TE,14,4,27,22,1,3,False,False
918260594971672576,2023,SF_2TE,14,5,27,16,3,1,False,False
918260594971672576,2023,SF_2TE,14,6,27,21,2,2,False,False
918260594971672576,2023,SF_2TE,14,7,27,23,1,1,False,False
918260594971672576,2023,SF_2TE,14,8,27,20,4,2,False,False
918260594971672576,2023,SF_2TE,14,9,27,24,1,3,False,False
918260594971672576,2023,SF_2TE,14,10,27,21,2,5,False,False
918260594971672576,2023,SF_2TE,14,11,27,24,2,3,False,False
918260594971672576,2023,SF_2TE,14,12,27,20,3,5,False,False
918260594971672576,2023,SF_2TE,15,1,27,17,4,4,True,False
918260594971672576,2023,SF_2TE,15,2,27,23,2,0,False,False
918260594971672576,2023,SF_2TE,15,3,27,22,1,6,False,False
918260594971672576,2023,SF_2TE,15,4,27,23,1,2,False,False
918260594971672576,2023,SF_2TE,15,5,27,17,3,1,False,False
918260594971672576,2023,SF_2TE,15,6,27,19,2,2,False,False
918260594971672576,2023,SF_2TE,15,7,27,23,1,2,False,False
918260594971672576,2023,SF_2TE,15,8,27,20,4,2,False,False
918260594971672576,2023,SF_2TE,15,9,27,24,1,3,False,False
918260594971672576,2023,SF_2TE,15,10,27,20,3,5,False,False
918260594971672576,2023,SF_2TE,15,11,27,23,2,3,False,False
918260594971672576,2023,SF_2TE,15,12,27,18,4,6,True,True
920016644603248640,2023,SF_2TE,4,1,30,19,6,5,True,True
920016644603248640,2023,SF_2TE,4,2,30,22,4,6,True,False
920016644603248640,2023,SF_2TE,4,3,30,26,1,6,False,False
920016644603248640,2023,SF_2TE,4,4,30,19,3,7,True,True
920016644603248640,2023,SF_2TE,4,5,30,20,2,5,False,False
920016644603248640,2023,SF_2TE,4,6,30,19,2,4,False,False
920016644603248640,2023,SF_2TE,4,7,30,20,4,1,False,False
920016644603248640,2023,SF_2TE,4,8,30,20,2,10,True,True
920016644603248640,2023,SF_2TE,4,9,30,21,0,3,False,False
920016644603248640,2023,SF_2TE,4,10,30,19,5,4,True,True
920016644603248640,2023,SF_2TE,4,11,30,20,3,3,False,False
920016644603248640,2023,SF_2TE,4,12,30,20,1,4,False,False
920016644603248640,2023,SF_2TE,5,1,30,21,6,4,True,True
920016644603248640,2023,SF_2TE,5,2,30,22,4,6,True,False
920016644603248640,2023,SF_2TE,5,3,30,28,1,5,False,False
920016644603248640,2023,SF_2TE,5,4,30,20,3,6,True,True
920016644603248640,2023,SF_2TE,5,5,30,20,2,5,False,False
920016644603248640,2023,SF_2TE,5,6,30,19,2,4,False,False
920016644603248640,2023,SF_2TE,5,7,30,20,4,1,False,False
920016644603248640,2023,SF_2TE,5,8,30,22,2,8,True,False
920016644603248640,2023,SF_2TE,5,9,30,21,0,3,False,False
920016644603248640,2023,SF_2TE,5,10,30,20,5,3,True,False
920016644603248640,2023,SF_2TE,5,11,30,23,1,3,False,False
920016644603248640,2023,SF_2TE,5,12,30,20,1,4,False,False
920016644603248640,2023,SF_2TE,6,1,30,20,6,4,True,True
920016644603248640,2023,SF_2TE,6,2,30,24,3,5,False,False
920016644603248640,2023,SF_2TE,6,3,30,27,2,4,False,False
920016644603248640,2023,SF_2TE,6,4,30,22,3,5,True,False
920016644603248640,2023,SF_2TE,6,5,30,23,2,4,False,False
920016644603248640,2023,SF_2TE,6,6,30,19,2,4,False,False
920016644603248640,2023,SF_2TE,6,7,30,20,5,1,False,False
920016644603248640,2023,SF_2TE,6,8,30,21,2,9,True,True
920016644603248640,2023,SF_2TE,6,9,30,23,0,2,False,False
920016644603248640,2023,SF_2TE,6,10,30,23,5,3,False,False
920016644603248640,2023,SF_2TE,6,11,30,23,1,3,False,False
920016644603248640,2023,SF_2TE,6,12,30,21,1,5,False,False
920016644603248640,2023,SF_2TE,7,1,30,21,5,4,True,True
920016644603248640,2023,SF_2TE,7,2,30,23,3,6,False,False
920016644603248640,2023,SF_2TE,7,3,30,26,3,3,False,False
920016644603248640,2023,SF_2TE,7,4,30,22,3,5,True,False
920016644603248640,2023,SF_2TE,7,5,30,24,2,4,False,False
920016644603248640,2023,SF_2TE,7,6,30,19,2,4,False,False
920016644603248640,2023,SF_2TE,7,7,30,20,5,2,False,False
920016644603248640,2023,SF_2TE,7,8,30,20,2,8,True,True
920016644603248640,2023,SF_2TE,7,9,30,21,1,1,False,False
920016644603248640,2023,SF_2TE,7,10,30,26,4,2,False,False
920016644603248640,2023,SF_2TE,7,11,30,22,1,2,False,False
920016644603248640,2023,SF_2TE,7,12,30,23,1,5,False,False
920016644603248640,2023,SF_2TE,8,1,30,24,5,2,False,False
920016644603248640,2023,SF_2TE,8,2,30,22,3,6,True,False
920016644603248640,2023,SF_2TE,8,3,30,27,3,3,False,False
920016644603248640,2023,SF_2TE,8,4,30,22,3,4,False,False
920016644603248640,2023,SF_2TE,8,5,30,24,2,4,False,False
920016644603248640,2023,SF_2TE,8,6,30,18,2,4,False,False
920016644603248640,2023,SF_2TE,8,7,30,26,3,1,False,False
920016644603248640,2023,SF_2TE,8,8,30,24,1,8,False,False
920016644603248640,2023,SF_2TE,8,9,30,21,1,3,False,False
920016644603248640,2023,SF_2TE,8,10,30,26,4,1,False,False
920016644603248640,2023,SF_2TE,8,11,30,23,1,1,False,False
920016644603248640,2023,SF_2TE,8,12,30,24,1,4,False,False
920016644603248640,2023,SF_2TE,9,1,30,23,5,3,False,False
920016644603248640,2023,SF_2TE,9,2,30,22,3,6,True,False
920016644603248640,2023,SF_2TE,9,3,30,25,2,3,False,False
920016644603248640,2023,SF_2TE,9,4,30,20,3,6,True,True
920016644603248640,2023,SF_2TE,9,5,30,23,2,5,False,False
920016644603248640,2023,SF_2TE,9,6,30,19,1,5,False,False
920016644603248640,2023,SF_2TE,9,7,30,23,3,2,False,False
920016644603248640,2023,SF_2TE,9,8,30,22,1,8,True,False
920016644603248640,2023,SF_2TE,9,9,30,21,1,3,False,False
920016644603248640,2023,SF_2TE,9,10,30,25,4,1,False,False
920016644603248640,2023,SF_2TE,9,11,30,25,1,1,False,False
920016644603248640,2023,SF_2TE,9,12,30,24,1,4,False,False
920016644603248640,2023,SF_2TE,10,1,30,22,6,2,True,False
920016644603248640,2023,SF_2TE,10,2,30,20,3,6,True,True
920016644603248640,2023,SF_2TE,10,3,30,24,2,3,False,False
920016644603248640,2023,SF_2TE,10,4,30,20,4,6,True,True
920016644603248640,2023,SF_2TE,10,5,30,24,1,5,False,False
920016644603248640,2023,SF_2TE,10,6,30,20,0,5,False,False
920016644603248640,2023,SF_2TE,10,7,30,23,2,3,False,False
920016644603248640,2023,SF_2TE,10,8,30,23,1,8,False,False
920016644603248640,2023,SF_2TE,10,9,30,22,1,3,False,False
920016644603248640,2023,SF_2TE,10,10,30,26,4,1,False,False
920016644603248640,2023,SF_2TE,10,11,30,26,1,1,False,False
920016644603248640,2023,SF_2TE,10,12,30,23,1,4,False,False
920016644603248640,2023,SF_2TE,11,1,30,24,4,2,False,False
920016644603248640,2023,SF_2TE,11,2,30,21,3,5,True,False
920016644603248640,2023,SF_2TE,11,3,30,25,2,3,False,False
920016644603248640,2023,SF_2TE,11,4,30,20,4,6,True,True
920016644603248640,2023,SF_2TE,11,5,30,25,1,5,False,False
920016644603248640,2023,SF_2TE,11,6,30,20,0,4,False,False
920016644603248640,2023,SF_2TE,11,7,30,24,2,3,False,False
920016644603248640,2023,SF_2TE,11,8,30,20,2,9,True,True
920016644603248640,2023,SF_2TE,11,9,30,21,1,3,False,False
920016644603248640,2023,SF_2TE,11,10,30,26,4,2,False,False
920016644603248640,2023,SF_2TE,11,11,30,27,1,1,False,False
920016644603248640,2023,SF_2TE,11,12,30,19,2,4,False,False
920016644603248640,2023,SF_2TE,12,1,30,24,4,2,False,False
920016644603248640,2023,SF_2TE,12,2,30,19,3,5,True,False
920016644603248640,2023,SF_2TE,12,3,30,24,2,3,False,False
920016644603248640,2023,SF_2TE,12,4,30,20,4,6,True,True
920016644603248640,2023,SF_2TE,12,5,30,25,1,4,False,False
920016644603248640,2023,SF_2TE,12,6,30,20,0,5,False,False
920016644603248640,2023,SF_2TE,12,7,30,22,2,3,False,False
920016644603248640,2023,SF_2TE,12,8,30,21,2,7,True,True
920016644603248640,2023,SF_2TE,12,9,30,22,1,4,False,False
920016644603248640,2023,SF_2TE,12,10,30,24,4,1,False,False
920016644603248640,2023,SF_2TE,12,11,30,27,1,1,False,False
920016644603248640,2023,SF_2TE,12,12,30,23,1,3,False,False
920016644603248640,2023,SF_2TE,13,1,30,25,3,2,False,False
920016644603248640,2023,SF_2TE,13,2,30,19,3,5,True,False
920016644603248640,2023,SF_2TE,13,3,30,23,2,4,False,False
920016644603248640,2023,SF_2TE,13,4,30,18,4,7,True,True
920016644603248640,2023,SF_2TE,13,5,30,25,1,4,False,False
920016644603248640,2023,SF_2TE,13,6,30,21,0,4,False,False
920016644603248640,2023,SF_2TE,13,7,30,25,2,3,False,False
920016644603248640,2023,SF_2TE,13,8,30,21,2,7,True,True
920016644603248640,2023,SF_2TE,13,9,30,20,1,4,False,False
920016644603248640,2023,SF_2TE,13,10,30,25,4,1,False,False
920016644603248640,2023,SF_2TE,13,11,30,26,1,2,False,False
920016644603248640,2023,SF_2TE,13,12,30,25,1,2,False,False
920016644603248640,2023,SF_2TE,14,1,30,25,3,2,False,False
920016644603248640,2023,SF_2TE,14,2,30,20,2,5,False,False
920016644603248640,2023,SF_2TE,14,3,30,22,3,4,False,False
920016644603248640,2023,SF_2TE,14,4,30,17,4,7,True,True
920016644603248640,2023,SF_2TE,14,5,30,25,1,4,False,False
920016644603248640,2023,SF_2TE,14,6,30,21,0,4,False,False
920016644603248640,2023,SF_2TE,14,7,30,25,2,3,False,False
920016644603248640,2023,SF_2TE,14,8,30,24,0,9,False,False
920016644603248640,2023,SF_2TE,14,9,30,21,1,4,False,False
920016644603248640,2023,SF_2TE,14,10,30,24,5,1,False,False
920016644603248640,2023,SF_2TE,14,11,30,27,1,2,False,False
920016644603248640,2023,SF_2TE,14,12,30,29,1,2,False,False
920016644603248640,2023,SF_2TE,15,1,30,24,4,1,False,False
920016644603248640,2023,SF_2TE,15,2,30,21,2,4,False,False
920016644603248640,2023,SF_2TE,15,3,30,23,2,3,False,False
920016644603248640,2023,SF_2TE,15,4,30,16,3,8,True,True
920016644603248640,2023,SF_2TE,15,5,30,22,2,4,False,False
920016644603248640,2023,SF_2TE,15,6,30,21,0,4,False,False
920016644603248640,2023,SF_2TE,15,7,30,22,3,4,False,False
920016644603248640,2023,SF_2TE,15,8,30,26,0,8,False,False
920016644603248640,2023,SF_2TE,15,9,30,21,1,3,False,False
920016644603248640,2023,SF_2TE,15,10,30,25,5,1,False,False
920016644603248640,2023,SF_2TE,15,11,30,27,2,3,False,False
920016644603248640,2023,SF_2TE,15,12,30,27,1,2,False,False
1048274355802820608,2024,SF_2TE,4,1,30,21,2,7,True,True
1048274355802820608,2024,SF_2TE,4,2,30,19,3,6,True,True
1048274355802820608,2024,SF_2TE,4,3,30,21,5,2,False,False
1048274355802820608,2024,SF_2TE,4,4,30,20,3,6,True,True
1048274355802820608,2024,SF_2TE,4,5,30,22,2,2,False,False
1048274355802820608,2024,SF_2TE,4,6,30,18,4,5,True,True
1048274355802820608,2024,SF_2TE,4,7,30,17,3,5,True,False
1048274355802820608,2024,SF_2TE,4,8,30,17,9,7,True,True
1048274355802820608,2024,SF_2TE,4,9,30,18,2,4,False,False
1048274355802820608,2024,SF_2TE,4,10,30,18,3,1,False,False
1048274355802820608,2024,SF_2TE,4,11,30,20,2,4,False,False
1048274355802820608,2024,SF_2TE,4,12,30,20,2,3,False,False
1048274355802820608,2024,SF_2TE,5,1,30,21,2,7,True,True
1048274355802820608,2024,SF_2TE,5,2,30,19,3,6,True,True
1048274355802820608,2024,SF_2TE,5,3,30,22,4,2,False,False
1048274355802820608,2024,SF_2TE,5,4,30,19,3,6,True,True
1048274355802820608,2024,SF_2TE,5,5,30,25,1,2,False,False
1048274355802820608,2024,SF_2TE,5,6,30,19,4,3,False,False
1048274355802820608,2024,SF_2TE,5,7,30,16,4,5,True,True
1048274355802820608,2024,SF_2TE,5,8,30,19,9,7,True,True
1048274355802820608,2024,SF_2TE,5,9,30,20,2,3,False,False
1048274355802820608,2024,SF_2TE,5,10,30,17,3,2,False,False
1048274355802820608,2024,SF_2TE,5,11,30,21,2,4,False,False
1048274355802820608,2024,SF_2TE,5,12,30,21,2,3,False,False
1048274355802820608,2024,SF_2TE,6,1,30,22,2,6,True,False
1048274355802820608,2024,SF_2TE,6,2,30,20,3,5,True,False
1048274355802820608,2024,SF_2TE,6,3,30,25,4,2,False,False
1048274355802820608,2024,SF_2TE,6,4,30,20,3,6,True,True
1048274355802820608,2024,SF_2TE,6,5,30,26,1,2,False,False
1048274355802820608,2024,SF_2TE,6,6,30,20,4,3,False,False
1048274355802820608,2024,SF_2TE,6,7,30,18,4,3,False,False
1048274355802820608,2024,SF_2TE,6,8,30,18,9,7,True,True
1048274355802820608,2024,SF_2TE,6,9,30,20,2,3,False,False
1048274355802820608,2024,SF_2TE,6,10,30,22,2,1,False,False
1048274355802820608,2024,SF_2TE,6,11,30,22,2,4,False,False
1048274355802820608,2024,SF_2TE,6,12,30,21,2,3,False,False
1048274355802820608,2024,SF_2TE,7,1,30,23,2,5,False,False
1048274355802820608,2024,SF_2TE,7,2,30,22,3,4,False,False
1048274355802820608,2024,SF_2TE,7,3,30,24,4,3,False,False
1048274355802820608,2024,SF_2TE,7,4,30,22,3,5,True,False
1048274355802820608,2024,SF_2TE,7,5,30,25,1,2,False,False
1048274355802820608,2024,SF_2TE,7,6,30,20,4,3,False,False
1048274355802820608,2024,SF_2TE,7,7,30,22,3,2,False,False
1048274355802820608,2024,SF_2TE,7,8,30,22,8,5,True,False
1048274355802820608,2024,SF_2TE,7,9,30,20,2,4,False,False
1048274355802820608,2024,SF_2TE,7,10,30,23,2,2,False,False
1048274355802820608,2024,SF_2TE,7,11,30,22,2,4,False,False
1048274355802820608,2024,SF_2TE,7,12,30,22,2,2,False,False
1048274355802820608,2024,SF_2TE,8,1,30,23,3,5,False,False
1048274355802820608,2024,SF_2TE,8,2,30,23,3,4,False,False
1048274355802820608,2024,SF_2TE,8,3,30,24,4,2,False,False
1048274355802820608,2024,SF_2TE,8,4,30,24,3,4,False,False
1048274355802820608,2024,SF_2TE,8,5,30,26,1,2,False,False
1048274355802820608,2024,SF_2TE,8,6,30,22,3,3,False,False
1048274355802820608,2024,SF_2TE,8,7,30,24,2,2,False,False
1048274355802820608,2024,SF_2TE,8,8,30,22,8,5,True,False
1048274355802820608,2024,SF_2TE,8,9,30,20,2,3,False,False
1048274355802820608,2024,SF_2TE,8,10,30,24,1,2,False,False
1048274355802820608,2024,SF_2TE,8,11,30,24,2,3,False,False
1048274355802820608,2024,SF_2TE,8,12,30,22,2,2,False,False
1048274355802820608,2024,SF_2TE,9,1,30,25,2,5,False,False
1048274355802820608,2024,SF_2TE,9,2,30,22,4,4,True,False
1048274355802820608,2024,SF_2TE,9,3,30,24,4,1,False,False
1048274355802820608,2024,SF_2TE,9,4,30,23,3,4,False,False
1048274355802820608,2024,SF_2TE,9,5,30,26,0,2,False,False
1048274355802820608,2024,SF_2TE,9,6,30,22,3,3,False,False
1048274355802820608,2024,SF_2TE,9,7,30,27,1,2,False,False
1048274355802820608,2024,SF_2TE,9,8,30,21,8,6,True,True
1048274355802820608,2024,SF_2TE,9,9,30,20,2,3,False,False
1048274355802820608,2024,SF_2TE,9,10,30,23,1,2,False,False
1048274355802820608,2024,SF_2TE,9,11,30,24,2,3,False,False
1048274355802820608,2024,SF_2TE,9,12,30,22,2,2,False,False
1048274355802820608,2024,SF_2TE,10,1,30,25,2,5,False,False
1048274355802820608,2024,SF_2TE,10,2,30,22,4,4,True,False
1048274355802820608,2024,SF_2TE,10,3,30,25,4,1,False,False
1048274355802820608,2024,SF_2TE,10,4,30,23,3,4,False,False
1048274355802820608,2024,SF_2TE,10,5,30,24,0,4,False,False
1048274355802820608,2024,SF_2TE,10,6,30,25,2,3,False,False
1048274355802820608,2024,SF_2TE,10,7,30,30,0,1,False,False
1048274355802820608,2024,SF_2TE,10,8,30,21,7,6,True,True
1048274355802820608,2024,SF_2TE,10,9,30,20,2,3,False,False
1048274355802820608,2024,SF_2TE,10,10,30,22,1,2,False,False
1048274355802820608,2024,SF_2TE,10,11,30,27,2,3,False,False
1048274355802820608,2024,SF_2TE,10,12,30,21,2,2,False,False
1048274355802820608,2024,SF_2TE,11,1,30,24,2,5,False,False
1048274355802820608,2024,SF_2TE,11,2,30,20,4,5,True,True
1048274355802820608,2024,SF_2TE,11,3,30,27,4,1,False,False
1048274355802820608,2024,SF_2TE,11,4,30,25,2,4,False,False
1048274355802820608,2024,SF_2TE,11,5,30,26,0,4,False,False
1048274355802820608,2024,SF_2TE,11,6,30,24,2,3,False,False
1048274355802820608,2024,SF_2TE,11,7,30,25,0,3,False,False
1048274355802820608,2024,SF_2TE,11,8,30,21,8,6,True,True
1048274355802820608,2024,SF_2TE,11,9,30,21,2,3,False,False
1048274355802820608,2024,SF_2TE,11,10,30,25,1,1,False,False
1048274355802820608,2024,SF_2TE,11,11,30,26,2,4,False,False
1048274355802820608,2024,SF_2TE,11,12,30,22,2,2,False,False
1048274355802820608,2024,SF_2TE,12,1,30,22,2,6,True,False
1048274355802820608,2024,SF_2TE,12,2,30,19,4,6,True,True
1048274355802820608,2024,SF_2TE,12,3,30,26,4,2,False,False
1048274355802820608,2024,SF_2TE,12,4,30,25,2,4,False,False
1048274355802820608,2024,SF_2TE,12,5,30,28,0,4,False,False
1048274355802820608,2024,SF_2TE,12,6,30,24,2,3,False,False
1048274355802820608,2024,SF_2TE,12,7,30,23,2,3,False,False
1048274355802820608,2024,SF_2TE,12,8,30,22,8,4,True,False
1048274355802820608,2024,SF_2TE,12,9,30,20,2,4,False,False
1048274355802820608,2024,SF_2TE,12,10,30,24,1,1,False,False
1048274355802820608,2024,SF_2TE,12,11,30,25,2,4,False,False
1048274355802820608,2024,SF_2TE,12,12,30,25,2,2,False,False
1048274355802820608,2024,SF_2TE,13,1,30,22,2,6,True,False
1048274355802820608,2024,SF_2TE,13,2,30,19,4,6,True,True
1048274355802820608,2024,SF_2TE,13,3,30,24,4,2,False,False
1048274355802820608,2024,SF_2TE,13,4,30,23,3,5,False,False
1048274355802820608,2024,SF_2TE,13,5,30,27,1,4,False,False
1048274355802820608,2024,SF_2TE,13,6,30,22,2,3,False,False
1048274355802820608,2024,SF_2TE,13,7,30,24,1,2,False,False
1048274355802820608,2024,SF_2TE,13,8,30,23,7,4,False,False
1048274355802820608,2024,SF_2TE,13,9,30,18,2,4,False,False
1048274355802820608,2024,SF_2TE,13,10,30,23,3,1,False,False
1048274355802820608,2024,SF_2TE,13,11,30,25,1,4,False,False
1048274355802820608,2024,SF_2TE,13,12,30,22,2,3,False,False
1048274355802820608,2024,SF_2TE,14,1,30,22,2,6,True,False
1048274355802820608,2024,SF_2TE,14,2,30,19,4,6,True,True
1048274355802820608,2024,SF_2TE,14,3,30,24,4,2,False,False
1048274355802820608,2024,SF_2TE,14,4,30,23,3,5,False,False
1048274355802820608,2024,SF_2TE,14,5,30,26,1,4,False,False
1048274355802820608,2024,SF_2TE,14,6,30,22,2,3,False,False
1048274355802820608,2024,SF_2TE,14,7,30,25,1,1,False,False
1048274355802820608,2024,SF_2TE,14,8,30,23,7,4,False,False
1048274355802820608,2024,SF_2TE,14,9,30,19,2,4,False,False
1048274355802820608,2024,SF_2TE,14,10,30,23,4,1,False,False
1048274355802820608,2024,SF_2TE,14,11,30,23,1,5,False,False
1048274355802820608,2024,SF_2TE,14,12,30,22,2,3,False,False
1048274355802820608,2024,SF_2TE,15,1,30,21,3,7,True,True
1048274355802820608,2024,SF_2TE,15,2,30,21,4,4,True,False
1048274355802820608,2024,SF_2TE,15,3,30,22,4,3,False,False
1048274355802820608,2024,SF_2TE,15,4,30,24,4,5,False,False
1048274355802820608,2024,SF_2TE,15,5,30,27,1,3,False,False
1048274355802820608,2024,SF_2TE,15,6,30,21,3,3,False,False
1048274355802820608,2024,SF_2TE,15,7,30,24,1,1,False,False
1048274355802820608,2024,SF_2TE,15,8,30,22,4,5,True,False
1048274355802820608,2024,SF_2TE,15,9,30,19,2,4,False,False
1048274355802820608,2024,SF_2TE,15,10,30,23,4,1,False,False
1048274355802820608,2024,SF_2TE,15,11,30,23,1,5,False,False
1048274355802820608,2024,SF_2TE,15,12,30,23,2,3,False,False
1048278093472837632,2024,SF_2TE,4,1,25,21,2,2,False,False
1048278093472837632,2024,SF_2TE,4,2,25,22,2,3,False,False
1048278093472837632,2024,SF_2TE,4,3,25,19,0,0,False,False
1048278093472837632,2024,SF_2TE,4,4,25,16,3,5,True,False
1048278093472837632,2024,SF_2TE,4,5,25,21,4,1,False,False
1048278093472837632,2024,SF_2TE,4,6,25,18,2,3,False,False
1048278093472837632,2024,SF_2TE,4,7,25,19,7,2,False,False
1048278093472837632,2024,SF_2TE,4,8,25,25,0,3,False,False
1048278093472837632,2024,SF_2TE,4,9,25,20,2,2,False,False
1048278093472837632,2024,SF_2TE,4,10,25,19,8,3,False,False
1048278093472837632,2024,SF_2TE,4,11,25,17,0,7,False,False
1048278093472837632,2024,SF_2TE,4,12,25,16,2,8,True,True
1048278093472837632,2024,SF_2TE,5,1,25,19,2,5,False,False
1048278093472837632,2024,SF_2TE,5,2,25,24,2,3,False,False
1048278093472837632,2024,SF_2TE,5,3,25,20,0,0,False,False
1048278093472837632,2024,SF_2TE,5,4,25,16,3,5,True,False
1048278093472837632,2024,SF_2TE,5,5,25,22,4,2,False,False
1048278093472837632,2024,SF_2TE,5,6,25,18,2,3,False,False
1048278093472837632,2024,SF_2TE,5,7,25,16,7,2,True,True
1048278093472837632,2024,SF_2TE,5,8,25,22,0,4,False,False
1048278093472837632,2024,SF_2TE,5,9,25,20,2,2,False,False
1048278093472837632,2024,SF_2TE,5,10,25,18,10,3,False,False
1048278093472837632,2024,SF_2TE,5,11,25,20,0,5,False,False
1048278093472837632,2024,SF_2TE,5,12,25,17,2,8,True,False
1048278093472837632,2024,SF_2TE,6,1,25,21,2,3,False,False
1048278093472837632,2024,SF_2TE,6,2,25,25,2,2,False,False
1048278093472837632,2024,SF_2TE,6,3,25,21,0,0,False,False
1048278093472837632,2024,SF_2TE,6,4,25,16,3,5,True,False
1048278093472837632,2024,SF_2TE,6,5,25,20,4,2,False,False
1048278093472837632,2024,SF_2TE,6,6,25,19,2,3,False,False
1048278093472837632,2024,SF_2TE,6,7,25,22,6,2,False,False
1048278093472837632,2024,SF_2TE,6,8,25,24,0,3,False,False
1048278093472837632,2024,SF_2TE,6,9,25,19,2,2,False,False
1048278093472837632,2024,SF_2TE,6,10,25,19,10,2,False,False
1048278093472837632,2024,SF_2TE,6,11,25,20,0,5,False,False
1048278093472837632,2024,SF_2TE,6,12,25,17,2,8,True,False
1048278093472837632,2024,SF_2TE,7,1,25,20,1,3,False,False
1048278093472837632,2024,SF_2TE,7,2,25,25,1,0,False,False
1048278093472837632,2024,SF_2TE,7,3,25,22,0,0,False,False
1048278093472837632,2024,SF_2TE,7,4,25,17,3,5,True,False
1048278093472837632,2024,SF_2TE,7,5,25,22,4,2,False,False
1048278093472837632,2024,SF_2TE,7,6,25,19,2,4,False,False
1048278093472837632,2024,SF_2TE,7,7,25,22,5,2,False,False
1048278093472837632,2024,SF_2TE,7,8,25,25,0,3,False,False
1048278093472837632,2024,SF_2TE,7,9,25,19,2,3,False,False
1048278093472837632,2024,SF_2TE,7,10,25,21,7,2,False,False
1048278093472837632,2024,SF_2TE,7,11,25,19,0,5,False,False
1048278093472837632,2024,SF_2TE,7,12,25,19,2,6,False,False
1048278093472837632,2024,SF_2TE,8,1,25,21,1,3,False,False
1048278093472837632,2024,SF_2TE,8,2,25,24,1,2,False,False
1048278093472837632,2024,SF_2TE,8,3,25,24,0,0,False,False
1048278093472837632,2024,SF_2TE,8,4,25,18,3,4,False,False
1048278093472837632,2024,SF_2TE,8,5,25,20,4,2,False,False
1048278093472837632,2024,SF_2TE,8,6,25,20,2,3,False,False
1048278093472837632,2024,SF_2TE,8,7,25,22,4,2,False,False
1048278093472837632,2024,SF_2TE,8,8,25,26,0,2,False,False
1048278093472837632,2024,SF_2TE,8,9,25,22,2,3,False,False
1048278093472837632,2024,SF_2TE,8,10,25,19,6,2,False,False
1048278093472837632,2024,SF_2TE,8,11,25,19,1,5,False,False
1048278093472837632,2024,SF_2TE,8,12,25,20,2,4,False,False
1048278093472837632,2024,SF_2TE,9,1,25,21,1,3,False,False
1048278093472837632,2024,SF_2TE,9,2,25,26,1,2,False,False
1048278093472837632,2024,SF_2TE,9,3,25,24,0,0,False,False
1048278093472837632,2024,SF_2TE,9,4,25,19,4,4,False,False
1048278093472837632,2024,SF_2TE,9,5,25,22,4,2,False,False
1048278093472837632,2024,SF_2TE,9,6,25,20,3,3,False,False
1048278093472837632,2024,SF_2TE,9,7,25,24,3,2,False,False
1048278093472837632,2024,SF_2TE,9,8,25,24,0,2,False,False
1048278093472837632,2024,SF_2TE,9,9,25,21,2,3,False,False
1048278093472837632,2024,SF_2TE,9,10,25,18,7,2,False,False
1048278093472837632,2024,SF_2TE,9,11,25,19,0,5,False,False
1048278093472837632,2024,SF_2TE,9,12,25,20,2,4,False,False
1048278093472837632,2024,SF_2TE,10,1,25,20,1,3,False,False
1048278093472837632,2024,SF_2TE,10,2,25,26,1,2,False,False
1048278093472837632,2024,SF_2TE,10,3,25,23,0,0,False,False
1048278093472837632,2024,SF_2TE,10,4,25,19,4,4,False,False
1048278093472837632,2024,SF_2TE,10,5,25,22,4,2,False,False
1048278093472837632,2024,SF_2TE,10,6,25,20,3,3,False,False
1048278093472837632,2024,SF_2TE,10,7,25,24,3,2,False,False
1048278093472837632,2024,SF_2TE,10,8,25,24,0,2,False,False
1048278093472837632,2024,SF_2TE,10,9,25,22,2,3,False,False
1048278093472837632,2024,SF_2TE,10,10,25,23,6,1,False,False
1048278093472837632,2024,SF_2TE,10,11,25,19,0,6,False,False
1048278093472837632,2024,SF_2TE,10,12,25,21,2,4,False,False
1048278093472837632,2024,SF_2TE,11,1,25,21,1,3,False,False
1048278093472837632,2024,SF_2TE,11,2,25,24,1,3,False,False
1048278093472837632,2024,SF_2TE,11,3,25,22,0,0,False,False
1048278093472837632,2024,SF_2TE,11,4,25,20,4,4,False,False
1048278093472837632,2024,SF_2TE,11,5,25,20,3,2,False,False
1048278093472837632,2024,SF_2TE,11,6,25,20,2,3,False,False
1048278093472837632,2024,SF_2TE,11,7,25,23,4,2,False,False
1048278093472837632,2024,SF_2TE,11,8,25,24,0,4,False,False
1048278093472837632,2024,SF_2TE,11,9,25,23,2,2,False,False
1048278093472837632,2024,SF_2TE,11,10,25,24,6,2,False,False
1048278093472837632,2024,SF_2TE,11,11,25,18,1,6,False,False
1048278093472837632,2024,SF_2TE,11,12,25,23,2,4,False,False
1048278093472837632,2024,SF_2TE,12,1,25,20,2,3,False,False
1048278093472837632,2024,SF_2TE,12,2,25,22,1,4,False,False
1048278093472837632,2024,SF_2TE,12,3,25,22,0,0,False,False
1048278093472837632,2024,SF_2TE,12,4,25,20,3,4,False,False
1048278093472837632,2024,SF_2TE,12,5,25,20,3,3,False,False
1048278093472837632,2024,SF_2TE,12,6,25,20,2,3,False,False
1048278093472837632,2024,SF_2TE,12,7,25,23,4,2,False,False
1048278093472837632,2024,SF_2TE,12,8,25,25,0,4,False,False
1048278093472837632,2024,SF_2TE,12,9,25,21,2,3,False,False
1048278093472837632,2024,SF_2TE,12,10,25,20,8,4,False,False
1048278093472837632,2024,SF_2TE,12,11,25,18,1,6,False,False
1048278093472837632,2024,SF_2TE,12,12,25,23,2,3,False,False
1048278093472837632,2024,SF_2TE,13,1,25,20,2,1,False,False
1048278093472837632,2024,SF_2TE,13,2,25,22,1,4,False,False
1048278093472837632,2024,SF_2TE,13,3,25,19,0,1,False,False
1048278093472837632,2024,SF_2TE,13,4,25,20,3,4,False,False
1048278093472837632,2024,SF_2TE,13,5,25,22,3,2,False,False
1048278093472837632,2024,SF_2TE,13,6,25,19,2,3,False,False
1048278093472837632,2024,SF_2TE,13,7,25,23,4,1,False,False
1048278093472837632,2024,SF_2TE,13,8,25,24,0,4,False,False
1048278093472837632,2024,SF_2TE,13,9,25,22,2,2,False,False
1048278093472837632,2024,SF_2TE,13,10,25,20,8,4,False,False
1048278093472837632,2024,SF_2TE,13,11,25,17,2,6,True,False
1048278093472837632,2024,SF_2TE,13,12,25,21,2,4,False,False
1048278093472837632,2024,SF_2TE,14,1,25,21,2,1,False,False
1048278093472837632,2024,SF_2TE,14,2,25,21,1,5,False,False
1048278093472837632,2024,SF_2TE,14,3,25,21,0,1,False,False
1048278093472837632,2024,SF_2TE,14,4,25,20,3,4,False,False
1048278093472837632,2024,SF_2TE,14,5,25,19,3,3,False,False
1048278093472837632,2024,SF_2TE,14,6,25,20,2,3,False,False
1048278093472837632,2024,SF_2TE,14,7,25,20,4,2,False,False
1048278093472837632,2024,SF_2TE,14,8,25,23,0,5,False,False
1048278093472837632,2024,SF_2TE,14,9,25,21,2,3,False,False
1048278093472837632,2024,SF_2TE,14,10,25,19,7,5,False,False
1048278093472837632,2024,SF_2TE,14,11,25,17,2,6,True,False
1048278093472837632,2024,SF_2TE,14,12,25,18,2,5,False,False
1048278093472837632,2024,SF_2TE,15,1,25,22,2,1,False,False
1048278093472837632,2024,SF_2TE,15,2,25,23,1,4,False,False
1048278093472837632,2024,SF_2TE,15,3,25,20,1,0,False,False
1048278093472837632,2024,SF_2TE,15,4,25,20,3,4,False,False
1048278093472837632,2024,SF_2TE,15,5,25,20,4,2,False,False
1048278093472837632,2024,SF_2TE,15,6,25,21,2,2,False,False
1048278093472837632,2024,SF_2TE,15,7,25,18,5,2,False,False
1048278093472837632,2024,SF_2TE,15,8,25,22,0,5,False,False
1048278093472837632,2024,SF_2TE,15,9,25,20,2,4,False,False
1048278093472837632,2024,SF_2TE,15,10,25,20,7,4,False,False
1048278093472837632,2024,SF_2TE,15,11,25,17,2,6,True,False
1048278093472837632,2024,SF_2TE,15,12,25,18,2,5,False,False
1180354306008649728,2025,SF_2TE,4,1,25,16,4,4,True,False
1180354306008649728,2025,SF_2TE,4,2,25,21,1,5,False,False
1180354306008649728,2025,SF_2TE,4,3,25,19,1,1,False,False
1180354306008649728,2025,SF_2TE,4,4,25,20,1,4,False,False
1180354306008649728,2025,SF_2TE,4,5,25,17,3,5,True,False
1180354306008649728,2025,SF_2TE,4,6,25,17,2,3,False,False
1180354306008649728,2025,SF_2TE,4,7,25,16,5,2,False,False
1180354306008649728,2025,SF_2TE,4,8,25,17,0,5,False,False
1180354306008649728,2025,SF_2TE,4,9,25,17,1,1,False,False
1180354306008649728,2025,SF_2TE,4,10,25,17,4,6,True,False
1180354306008649728,2025,SF_2TE,4,11,25,15,2,6,True,False
1180354306008649728,2025,SF_2TE,4,12,25,17,2,6,True,False
1180354306008649728,2025,SF_2TE,5,1,25,18,4,3,False,False
1180354306008649728,2025,SF_2TE,5,2,25,22,1,5,False,False
1180354306008649728,2025,SF_2TE,5,3,25,20,1,1,False,False
1180354306008649728,2025,SF_2TE,5,4,25,21,1,4,False,False
1180354306008649728,2025,SF_2TE,5,5,25,18,3,5,False,False
1180354306008649728,2025,SF_2TE,5,6,25,19,1,3,False,False
1180354306008649728,2025,SF_2TE,5,7,25,20,5,2,False,False
1180354306008649728,2025,SF_2TE,5,8,25,20,0,4,False,False
1180354306008649728,2025,SF_2TE,5,9,25,19,1,1,False,False
1180354306008649728,2025,SF_2TE,5,10,25,20,4,5,False,False
1180354306008649728,2025,SF_2TE,5,11,25,15,2,6,True,False
1180354306008649728,2025,SF_2TE,5,12,25,17,2,6,True,False
1180354306008649728,2025,SF_2TE,6,1,25,19,4,3,False,False
1180354306008649728,2025,SF_2TE,6,2,25,22,1,6,False,False
1180354306008649728,2025,SF_2TE,6,3,25,21,1,1,False,False
1180354306008649728,2025,SF_2TE,6,4,25,22,1,4,False,False
1180354306008649728,2025,SF_2TE,6,5,25,19,3,3,False,False
1180354306008649728,2025,SF_2TE,6,6,25,21,1,3,False,False
1180354306008649728,2025,SF_2TE,6,7,25,21,5,2,False,False
1180354306008649728,2025,SF_2TE,6,8,25,20,0,3,False,False
1180354306008649728,2025,SF_2TE,6,9,25,19,1,1,False,False
1180354306008649728,2025,SF_2TE,6,10,25,22,4,4,False,False
1180354306008649728,2025,SF_2TE,6,11,25,17,2,5,False,False
1180354306008649728,2025,SF_2TE,6,12,25,17,3,5,True,False
1180354306008649728,2025,SF_2TE,7,1,25,18,4,3,False,False
1180354306008649728,2025,SF_2TE,7,2,25,20,1,6,False,False
1180354306008649728,2025,SF_2TE,7,3,25,19,1,1,False,False
1180354306008649728,2025,SF_2TE,7,4,25,22,1,4,False,False
1180354306008649728,2025,SF_2TE,7,5,25,20,3,3,False,False
1180354306008649728,2025,SF_2TE,7,6,25,22,0,3,False,False
1180354306008649728,2025,SF_2TE,7,7,25,19,5,2,False,False
1180354306008649728,2025,SF_2TE,7,8,25,23,0,3,False,False
1180354306008649728,2025,SF_2TE,7,9,25,22,1,1,False,False
1180354306008649728,2025,SF_2TE,7,10,25,21,5,4,False,False
1180354306008649728,2025,SF_2TE,7,11,25,17,2,5,False,False
1180354306008649728,2025,SF_2TE,7,12,25,19,3,3,False,False
1180354306008649728,2025,SF_2TE,8,1,25,20,4,3,False,False
1180354306008649728,2025,SF_2TE,8,2,25,23,2,4,False,False
1180354306008649728,2025,SF_2TE,8,3,25,22,1,1,False,False
1180354306008649728,2025,SF_2TE,8,4,25,22,1,4,False,False
1180354306008649728,2025,SF_2TE,8,5,25,19,3,3,False,False
1180354306008649728,2025,SF_2TE,8,6,25,21,0,4,False,False
1180354306008649728,2025,SF_2TE,8,7,25,23,5,2,False,False
1180354306008649728,2025,SF_2TE,8,8,25,22,0,2,False,False
1180354306008649728,2025,SF_2TE,8,9,25,17,2,2,False,False
1180354306008649728,2025,SF_2TE,8,10,25,21,5,4,False,False
1180354306008649728,2025,SF_2TE,8,11,25,18,2,5,False,False
1180354306008649728,2025,SF_2TE,8,12,25,20,3,3,False,False
1180354306008649728,2025,SF_2TE,9,1,25,24,4,3,False,False
1180354306008649728,2025,SF_2TE,9,2,25,24,2,4,False,False
1180354306008649728,2025,SF_2TE,9,3,25,21,2,1,False,False
1180354306008649728,2025,SF_2TE,9,4,25,23,1,4,False,False
1180354306008649728,2025,SF_2TE,9,5,25,22,4,1,False,False
1180354306008649728,2025,SF_2TE,9,6,25,22,1,2,False,False
1180354306008649728,2025,SF_2TE,9,7,25,23,5,3,False,False
1180354306008649728,2025,SF_2TE,9,8,25,22,0,2,False,False
1180354306008649728,2025,SF_2TE,9,9,25,20,2,2,False,False
1180354306008649728,2025,SF_2TE,9,10,25,22,4,4,False,False
1180354306008649728,2025,SF_2TE,9,11,25,17,2,5,False,False
1180354306008649728,2025,SF_2TE,9,12,25,20,3,3,False,False
1180354306008649728,2025,SF_2TE,10,1,25,21,5,5,False,False
1180354306008649728,2025,SF_2TE,10,2,25,24,1,3,False,False
1180354306008649728,2025,SF_2TE,10,3,25,20,2,1,False,False
1180354306008649728,2025,SF_2TE,10,4,25,21,1,4,False,False
1180354306008649728,2025,SF_2TE,10,5,25,23,4,1,False,False
1180354306008649728,2025,SF_2TE,10,6,25,21,1,3,False,False
1180354306008649728,2025,SF_2TE,10,7,25,23,5,3,False,False
1180354306008649728,2025,SF_2TE,10,8,25,22,0,2,False,False
1180354306008649728,2025,SF_2TE,10,9,25,21,2,1,False,False
1180354306008649728,2025,SF_2TE,10,10,25,21,4,5,False,False
1180354306008649728,2025,SF_2TE,10,11,25,17,2,5,False,False
1180354306008649728,2025,SF_2TE,10,12,25,20,3,3,False,False
1180354306008649728,2025,SF_2TE,11,1,25,21,5,4,False,False
1180354306008649728,2025,SF_2TE,11,2,25,25,1,3,False,False
1180354306008649728,2025,SF_2TE,11,3,25,20,2,1,False,False
1180354306008649728,2025,SF_2TE,11,4,25,21,1,5,False,False
1180354306008649728,2025,SF_2TE,11,5,25,21,4,2,False,False
1180354306008649728,2025,SF_2TE,11,6,25,22,1,2,False,False
1180354306008649728,2025,SF_2TE,11,7,25,22,5,3,False,False
1180354306008649728,2025,SF_2TE,11,8,25,22,0,2,False,False
1180354306008649728,2025,SF_2TE,11,9,25,19,2,1,False,False
1180354306008649728,2025,SF_2TE,11,10,25,21,5,4,False,False
1180354306008649728,2025,SF_2TE,11,11,25,17,2,5,False,False
1180354306008649728,2025,SF_2TE,11,12,25,19,3,3,False,False
1180354306008649728,2025,SF_2TE,12,1,25,23,4,4,False,False
1180354306008649728,2025,SF_2TE,12,2,25,26,1,3,False,False
1180354306008649728,2025,SF_2TE,12,3,25,19,1,1,False,False
1180354306008649728,2025,SF_2TE,12,4,25,21,1,5,False,False
1180354306008649728,2025,SF_2TE,12,5,25,23,3,2,False,False
1180354306008649728,2025,SF_2TE,12,6,25,21,1,2,False,False
1180354306008649728,2025,SF_2TE,12,7,25,24,4,3,False,False
1180354306008649728,2025,SF_2TE,12,8,25,24,0,1,False,False
1180354306008649728,2025,SF_2TE,12,9,25,18,2,1,False,False
1180354306008649728,2025,SF_2TE,12,10,25,23,3,4,False,False
1180354306008649728,2025,SF_2TE,12,11,25,17,2,4,False,False
1180354306008649728,2025,SF_2TE,12,12,25,20,3,3,False,False
1180354306008649728,2025,SF_2TE,13,1,25,24,3,4,False,False
1180354306008649728,2025,SF_2TE,13,2,25,27,1,2,False,False
1180354306008649728,2025,SF_2TE,13,3,25,20,1,1,False,False
1180354306008649728,2025,SF_2TE,13,4,25,21,1,5,False,False
1180354306008649728,2025,SF_2TE,13,5,25,24,3,2,False,False
1180354306008649728,2025,SF_2TE,13,6,25,21,1,1,False,False
1180354306008649728,2025,SF_2TE,13,7,25,21,4,4,False,False
1180354306008649728,2025,SF_2TE,13,8,25,24,0,1,False,False
1180354306008649728,2025,SF_2TE,13,9,25,18,2,1,False,False
1180354306008649728,2025,SF_2TE,13,10,25,25,3,3,False,False
1180354306008649728,2025,SF_2TE,13,11,25,17,2,4,False,False
1180354306008649728,2025,SF_2TE,13,12,25,21,3,3,False,False
1180354306008649728,2025,SF_2TE,14,1,25,24,3,3,False,False
1180354306008649728,2025,SF_2TE,14,2,25,28,0,3,False,False
1180354306008649728,2025,SF_2TE,14,3,25,20,1,1,False,False
1180354306008649728,2025,SF_2TE,14,4,25,21,1,5,False,False
1180354306008649728,2025,SF_2TE,14,5,25,21,3,4,False,False
1180354306008649728,2025,SF_2TE,14,6,25,20,1,2,False,False
1180354306008649728,2025,SF_2TE,14,7,25,23,4,4,False,False
1180354306008649728,2025,SF_2TE,14,8,25,25,0,1,False,False
1180354306008649728,2025,SF_2TE,14,9,25,18,1,1,False,False
1180354306008649728,2025,SF_2TE,14,10,25,23,2,3,False,False
1180354306008649728,2025,SF_2TE,14,11,25,17,2,3,False,False
1180354306008649728,2025,SF_2TE,14,12,25,20,3,4,False,False
1180354306008649728,2025,SF_2TE,15,1,25,25,2,3,False,False
1180354306008649728,2025,SF_2TE,15,2,25,25,1,4,False,False
1180354306008649728,2025,SF_2TE,15,3,25,20,1,1,False,False
1180354306008649728,2025,SF_2TE,15,4,25,21,1,4,False,False
1180354306008649728,2025,SF_2TE,15,5,25,19,4,3,False,False
1180354306008649728,2025,SF_2TE,15,6,25,20,1,1,False,False
1180354306008649728,2025,SF_2TE,15,7,25,24,3,4,False,False
1180354306008649728,2025,SF_2TE,15,8,25,25,1,2,False,False
1180354306008649728,2025,SF_2TE,15,9,25,18,1,1,False,False
1180354306008649728,2025,SF_2TE,15,10,25,21,3,3,False,False
1180354306008649728,2025,SF_2TE,15,11,25,18,2,3,False,False
1180354306008649728,2025,SF_2TE,15,12,25,21,3,4,False,False
1180578870847586304,2025,SF_2TE,4,1,27,18,0,6,False,False
1180578870847586304,2025,SF_2TE,4,2,27,19,2,7,True,False
1180578870847586304,2025,SF_2TE,4,3,27,20,0,4,False,False
1180578870847586304,2025,SF_2TE,4,4,27,19,4,3,False,False
1180578870847586304,2025,SF_2TE,4,5,27,17,3,3,False,False
1180578870847586304,2025,SF_2TE,4,6,27,17,3,6,True,True
1180578870847586304,2025,SF_2TE,4,7,27,20,1,2,False,False
1180578870847586304,2025,SF_2TE,4,8,27,17,2,2,False,False
1180578870847586304,2025,SF_2TE,4,9,27,17,7,6,True,True
1180578870847586304,2025,SF_2TE,4,10,27,24,2,3,False,False
1180578870847586304,2025,SF_2TE,4,11,27,16,0,6,False,False
1180578870847586304,2025,SF_2TE,4,12,27,17,2,5,False,False
1180578870847586304,2025,SF_2TE,5,1,27,21,0,6,False,False
1180578870847586304,2025,SF_2TE,5,2,27,21,2,6,False,False
1180578870847586304,2025,SF_2TE,5,3,27,21,0,3,False,False
1180578870847586304,2025,SF_2TE,5,4,27,21,3,3,False,False
1180578870847586304,2025,SF_2TE,5,5,27,20,3,3,False,False
1180578870847586304,2025,SF_2TE,5,6,27,19,3,5,True,False
1180578870847586304,2025,SF_2TE,5,7,27,20,1,2,False,False
1180578870847586304,2025,SF_2TE,5,8,27,19,2,2,False,False
1180578870847586304,2025,SF_2TE,5,9,27,18,7,5,True,True
1180578870847586304,2025,SF_2TE,5,10,27,24,2,3,False,False
1180578870847586304,2025,SF_2TE,5,11,27,17,0,6,False,False
1180578870847586304,2025,SF_2TE,5,12,27,17,2,5,False,False
1180578870847586304,2025,SF_2TE,6,1,27,23,0,6,False,False
1180578870847586304,2025,SF_2TE,6,2,27,24,2,5,False,False
1180578870847586304,2025,SF_2TE,6,3,27,22,0,4,False,False
1180578870847586304,2025,SF_2TE,6,4,27,21,3,3,False,False
1180578870847586304,2025,SF_2TE,6,5,27,21,3,3,False,False
1180578870847586304,2025,SF_2TE,6,6,27,22,3,3,False,False
1180578870847586304,2025,SF_2TE,6,7,27,20,1,2,False,False
1180578870847586304,2025,SF_2TE,6,8,27,18,2,2,False,False
1180578870847586304,2025,SF_2TE,6,9,27,19,6,5,True,False
1180578870847586304,2025,SF_2TE,6,10,27,26,2,3,False,False
1180578870847586304,2025,SF_2TE,6,11,27,17,0,6,False,False
1180578870847586304,2025,SF_2TE,6,12,27,19,2,5,False,False
1180578870847586304,2025,SF_2TE,7,1,27,25,0,4,False,False
1180578870847586304,2025,SF_2TE,7,2,27,22,2,5,False,False
1180578870847586304,2025,SF_2TE,7,3,27,20,0,5,False,False
1180578870847586304,2025,SF_2TE,7,4,27,19,3,3,False,False
1180578870847586304,2025,SF_2TE,7,5,27,17,3,3,False,False
1180578870847586304,2025,SF_2TE,7,6,27,22,2,3,False,False
1180578870847586304,2025,SF_2TE,7,7,27,20,1,2,False,False
1180578870847586304,2025,SF_2TE,7,8,27,20,2,2,False,False
1180578870847586304,2025,SF_2TE,7,9,27,19,6,5,True,False
1180578870847586304,2025,SF_2TE,7,10,27,26,2,3,False,False
1180578870847586304,2025,SF_2TE,7,11,27,24,0,3,False,False
1180578870847586304,2025,SF_2TE,7,12,27,19,2,5,False,False
1180578870847586304,2025,SF_2TE,8,1,27,25,1,4,False,False
1180578870847586304,2025,SF_2TE,8,2,27,21,1,5,False,False
1180578870847586304,2025,SF_2TE,8,3,27,21,0,5,False,False
1180578870847586304,2025,SF_2TE,8,4,27,20,3,2,False,False
1180578870847586304,2025,SF_2TE,8,5,27,17,3,3,False,False
1180578870847586304,2025,SF_2TE,8,6,27,22,2,3,False,False
1180578870847586304,2025,SF_2TE,8,7,27,21,1,2,False,False
1180578870847586304,2025,SF_2TE,8,8,27,20,2,2,False,False
1180578870847586304,2025,SF_2TE,8,9,27,19,6,5,True,False
1180578870847586304,2025,SF_2TE,8,10,27,26,2,3,False,False
1180578870847586304,2025,SF_2TE,8,11,27,25,1,3,False,False
1180578870847586304,2025,SF_2TE,8,12,27,19,2,5,False,False
1180578870847586304,2025,SF_2TE,9,1,27,23,1,5,False,False
1180578870847586304,2025,SF_2TE,9,2,27,23,1,4,False,False
1180578870847586304,2025,SF_2TE,9,3,27,24,0,5,False,False
1180578870847586304,2025,SF_2TE,9,4,27,22,2,2,False,False
1180578870847586304,2025,SF_2TE,9,5,27,20,3,2,False,False
1180578870847586304,2025,SF_2TE,9,6,27,24,1,4,False,False
1180578870847586304,2025,SF_2TE,9,7,27,21,1,1,False,False
1180578870847586304,2025,SF_2TE,9,8,27,21,2,2,False,False
1180578870847586304,2025,SF_2TE,9,9,27,19,6,5,True,False
1180578870847586304,2025,SF_2TE,9,10,27,24,1,4,False,False
1180578870847586304,2025,SF_2TE,9,11,27,25,1,4,False,False
1180578870847586304,2025,SF_2TE,9,12,27,19,2,4,False,False
1180578870847586304,2025,SF_2TE,10,1,27,24,0,6,False,False
1180578870847586304,2025,SF_2TE,10,2,27,23,1,4,False,False
1180578870847586304,2025,SF_2TE,10,3,27,24,0,5,False,False
1180578870847586304,2025,SF_2TE,10,4,27,24,2,1,False,False
1180578870847586304,2025,SF_2TE,10,5,27,19,3,2,False,False
1180578870847586304,2025,SF_2TE,10,6,27,23,1,3,False,False
1180578870847586304,2025,SF_2TE,10,7,27,22,1,1,False,False
1180578870847586304,2025,SF_2TE,10,8,27,20,3,3,False,False
1180578870847586304,2025,SF_2TE,10,9,27,20,6,4,False,False
1180578870847586304,2025,SF_2TE,10,10,27,22,2,4,False,False
1180578870847586304,2025,SF_2TE,10,11,27,26,1,3,False,False
1180578870847586304,2025,SF_2TE,10,12,27,19,2,4,False,False
1180578870847586304,2025,SF_2TE,11,1,27,23,0,6,False,False
1180578870847586304,2025,SF_2TE,11,2,27,23,1,5,False,False
1180578870847586304,2025,SF_2TE,11,3,27,19,1,7,True,False
1180578870847586304,2025,SF_2TE,11,4,27,22,3,2,False,False
1180578870847586304,2025,SF_2TE,11,5,27,23,2,1,False,False
1180578870847586304,2025,SF_2TE,11,6,27,22,1,2,False,False
1180578870847586304,2025,SF_2TE,11,7,27,22,1,2,False,False
1180578870847586304,2025,SF_2TE,11,8,27,22,2,3,False,False
1180578870847586304,2025,SF_2TE,11,9,27,19,7,4,True,False
1180578870847586304,2025,SF_2TE,11,10,27,24,2,4,False,False
1180578870847586304,2025,SF_2TE,11,11,27,21,4,4,False,False
1180578870847586304,2025,SF_2TE,11,12,27,18,2,3,False,False
1180578870847586304,2025,SF_2TE,12,1,27,21,1,7,False,False
1180578870847586304,2025,SF_2TE,12,2,27,24,1,4,False,False
1180578870847586304,2025,SF_2TE,12,3,27,18,1,7,True,False
1180578870847586304,2025,SF_2TE,12,4,27,23,3,2,False,False
1180578870847586304,2025,SF_2TE,12,5,27,24,2,1,False,False
1180578870847586304,2025,SF_2TE,12,6,27,24,1,1,False,False
1180578870847586304,2025,SF_2TE,12,7,27,22,1,2,False,False
1180578870847586304,2025,SF_2TE,12,8,27,21,2,3,False,False
1180578870847586304,2025,SF_2TE,12,9,27,19,7,4,True,False
1180578870847586304,2025,SF_2TE,12,10,27,25,1,4,False,False
1180578870847586304,2025,SF_2TE,12,11,27,19,5,4,True,False
1180578870847586304,2025,SF_2TE,12,12,27,19,1,3,False,False
1180578870847586304,2025,SF_2TE,13,1,27,20,1,6,False,False
1180578870847586304,2025,SF_2TE,13,2,27,22,1,4,False,False
1180578870847586304,2025,SF_2TE,13,3,27,21,1,6,False,False
1180578870847586304,2025,SF_2TE,13,4,27,23,2,2,False,False
1180578870847586304,2025,SF_2TE,13,5,27,24,1,2,False,False
1180578870847586304,2025,SF_2TE,13,6,27,24,1,1,False,False
1180578870847586304,2025,SF_2TE,13,7,27,19,2,2,False,False
1180578870847586304,2025,SF_2TE,13,8,27,22,2,3,False,False
1180578870847586304,2025,SF_2TE,13,9,27,20,6,4,False,False
1180578870847586304,2025,SF_2TE,13,10,27,26,1,3,False,False
1180578870847586304,2025,SF_2TE,13,11,27,20,5,4,False,False
1180578870847586304,2025,SF_2TE,13,12,27,19,1,3,False,False
1180578870847586304,2025,SF_2TE,14,1,27,20,1,6,False,False
1180578870847586304,2025,SF_2TE,14,2,27,21,1,6,False,False
1180578870847586304,2025,SF_2TE,14,3,27,18,2,7,True,True
1180578870847586304,2025,SF_2TE,14,4,27,21,2,3,False,False
1180578870847586304,2025,SF_2TE,14,5,27,22,1,2,False,False
1180578870847586304,2025,SF_2TE,14,6,27,25,1,1,False,False
1180578870847586304,2025,SF_2TE,14,7,27,19,2,2,False,False
1180578870847586304,2025,SF_2TE,14,8,27,22,3,2,False,False
1180578870847586304,2025,SF_2TE,14,9,27,20,6,4,False,False
1180578870847586304,2025,SF_2TE,14,10,27,24,2,3,False,False
1180578870847586304,2025,SF_2TE,14,11,27,18,4,6,True,True
1180578870847586304,2025,SF_2TE,14,12,27,18,1,4,False,False
1180578870847586304,2025,SF_2TE,15,1,27,18,1,6,False,False
1180578870847586304,2025,SF_2TE,15,2,27,22,0,6,False,False
1180578870847586304,2025,SF_2TE,15,3,27,19,2,7,True,False
1180578870847586304,2025,SF_2TE,15,4,27,21,1,2,False,False
1180578870847586304,2025,SF_2TE,15,5,27,21,1,3,False,False
1180578870847586304,2025,SF_2TE,15,6,27,23,1,1,False,False
1180578870847586304,2025,SF_2TE,15,7,27,20,2,2,False,False
1180578870847586304,2025,SF_2TE,15,8,27,22,3,2,False,False
1180578870847586304,2025,SF_2TE,15,9,27,19,6,4,True,False
1180578870847586304,2025,SF_2TE,15,10,27,27,2,3,False,False
1180578870847586304,2025,SF_2TE,15,11,27,19,4,6,True,False
1180578870847586304,2025,SF_2TE,15,12,27,19,2,3,False,False
