season,week,roster_id,position,slot,eligible_owned,mean_four_week_increment,mean_four_week_cumulative
2023,3,1,QB,1,3,0.0,0.0
2023,3,1,QB,2,3,0.0,0.0
2023,3,1,QB,3,3,0.0,0.0
2023,3,1,RB,1,10,0.05039171459960937,0.05039171459960937
2023,3,1,RB,2,10,0.058292907226562524,0.10868462182617189
2023,3,1,RB,3,10,0.03748649633789061,0.1461711181640625
2023,3,1,RB,4,10,0.06496494140625,0.2111360595703125
2023,3,1,RB,5,10,0.0066720341796874805,0.21780809375
2023,3,1,RB,6,10,0.03581848779296874,0.2536265815429687
2023,3,1,RB,7,10,0.059960915771484394,0.3135874973144531
2023,3,1,RB,8,10,0.08287418530273438,0.3964616826171875
2023,3,1,RB,9,10,0.032482470703125,0.42894415332031255
2023,3,1,RB,10,10,0.09077537792968753,0.51971953125
2023,3,1,WR,1,2,0.19978104125976567,0.19978104125976567
2023,3,1,WR,2,2,0.22641851342773445,0.42619955468750015
2023,3,1,TE,1,1,0.0,0.0
2023,3,2,QB,1,2,0.0,0.0
2023,3,2,QB,2,2,0.0,0.0
2023,3,2,RB,1,1,0.0,0.0
2023,3,2,WR,1,5,0.04488643774414061,0.04488643774414061
2023,3,2,WR,2,5,0.061667685791015614,0.10655412353515623
2023,3,2,WR,3,5,0.05560262548828124,0.16215674902343746
2023,3,2,WR,4,5,0.03619193676757812,0.19834868579101558
2023,3,2,WR,5,5,0.05182797827148436,0.25017666406249994
2023,3,2,TE,1,1,0.0,0.0
2023,3,3,QB,1,5,0.0,0.0
2023,3,3,QB,2,5,0.0,0.0
2023,3,3,QB,3,5,0.0,0.0
2023,3,3,QB,4,5,0.0,0.0
2023,3,3,QB,5,5,0.0,0.0
2023,3,3,RB,1,8,0.0005490849609374945,0.0005490849609374945
2023,3,3,RB,2,8,0.0016472548828124836,0.002196339843749978
2023,3,3,RB,3,8,0.0008236274414062418,0.00301996728515622
2023,3,3,RB,4,8,0.0005490849609374945,0.0035690522460937145
2023,3,3,RB,5,8,0.001098169921874989,0.004667222167968704
2023,3,3,RB,6,8,0.0008236274414062418,0.005490849609374945
2023,3,3,RB,7,8,0.0016472548828124836,0.007138104492187429
2023,3,3,RB,8,8,0.0016472548828124836,0.008785359374999913
2023,3,3,WR,1,3,0.008823082275390609,0.008823082275390609
2023,3,3,WR,2,3,0.01122937744140623,0.02005245971679684
2023,3,3,WR,3,3,0.005614688720703115,0.025667148437499954
2023,3,3,TE,1,2,0.0,0.0
2023,3,3,TE,2,2,0.0,0.0
2023,3,4,QB,1,3,0.03342631835937496,0.03342631835937496
2023,3,4,QB,2,3,0.050139477539062435,0.08356579589843739
2023,3,4,QB,3,3,0.050139477539062435,0.13370527343749983
2023,3,4,RB,1,4,0.03629157714843747,0.03629157714843747
2023,3,4,RB,2,4,0.020161987304687483,0.05645356445312495
2023,3,4,RB,3,4,0.03629157714843747,0.09274514160156241
2023,3,4,RB,4,4,0.03629157714843747,0.1290367187499999
2023,3,4,WR,1,5,0.025657448730468768,0.025657448730468768
2023,3,4,WR,2,5,0.019982821533203132,0.0456402702636719
2023,3,4,WR,3,5,0.029200886474609417,0.07484115673828132
2023,3,4,WR,4,5,0.03630878222656256,0.11114993896484388
2023,3,4,WR,5,5,0.025638045410156296,0.13678798437500017
2023,3,5,QB,1,1,0.0,0.0
2023,3,5,RB,1,5,0.026102312011718767,0.026102312011718767
2023,3,5,RB,2,5,0.02788087060546876,0.05398318261718753
2023,3,5,RB,3,5,0.021685121582031258,0.07566830419921879
2023,3,5,RB,4,5,0.006195749023437502,0.08186405322265629
2023,3,5,RB,5,5,0.01726793115234375,0.09913198437500004
2023,3,5,WR,1,6,0.035182264648437406,0.035182264648437406
2023,3,5,WR,2,6,0.03723917797851554,0.07242144262695294
2023,3,5,WR,3,6,0.017204841064453115,0.08962628369140606
2023,3,5,WR,4,6,0.023852683105468717,0.11347896679687478
2023,3,5,WR,5,6,0.020664978271484342,0.1341439450683591
2023,3,5,WR,6,6,0.03949572680664062,0.17363967187499973
2023,3,5,TE,1,2,0.047688353271484414,0.047688353271484414
2023,3,5,TE,2,2,0.03262887329101565,0.08031722656250007
2023,3,6,QB,1,3,0.0,0.0
2023,3,6,QB,2,3,0.0,0.0
2023,3,6,QB,3,3,0.0,0.0
2023,3,6,RB,1,4,0.043046021728515474,0.043046021728515474
2023,3,6,RB,2,4,0.03612126538085933,0.0791672871093748
2023,3,6,RB,3,4,0.043696404785156254,0.12286369189453106
2023,3,6,RB,4,4,0.038513628417968904,0.16137732031249996
2023,3,6,WR,1,4,0.0,0.0
2023,3,6,WR,2,4,0.0,0.0
2023,3,6,WR,3,4,0.0,0.0
2023,3,6,WR,4,4,0.0,0.0
2023,3,6,TE,1,1,0.0,0.0
2023,3,7,QB,1,2,0.06615968359375013,0.06615968359375013
2023,3,7,QB,2,2,0.06615968359375013,0.13231936718750026
2023,3,7,RB,1,7,0.022229978515624943,0.022229978515624943
2023,3,7,RB,2,7,0.023814601562499926,0.04604458007812487
2023,3,7,RB,3,7,0.027327099609374947,0.07337167968749982
2023,3,7,RB,4,7,0.014819675781249986,0.0881913554687498
2023,3,7,RB,5,7,0.04559505566406247,0.13378641113281226
2023,3,7,RB,6,7,0.017539862304687515,0.15132627343749977
2023,3,7,RB,7,7,0.037135570312500074,0.18846184374999986
2023,3,7,WR,1,1,0.0,0.0
2023,3,7,TE,1,1,0.035066898437499994,0.035066898437499994
2023,3,8,QB,1,4,0.0,0.0
2023,3,8,QB,2,4,0.0,0.0
2023,3,8,QB,3,4,0.0,0.0
2023,3,8,QB,4,4,0.0,0.0
2023,3,8,RB,1,2,0.03589032958984374,0.03589032958984374
2023,3,8,RB,2,2,0.04614470947265624,0.08203503906249998
2023,3,8,WR,1,7,0.05362508203124999,0.05362508203124999
2023,3,8,WR,2,7,0.021024767089843754,0.07464984912109375
2023,3,8,WR,3,7,0.0461078828125,0.12075773193359376
2023,3,8,WR,4,7,0.027024497558593763,0.14778222949218753
2023,3,8,WR,5,7,0.023275259765625007,0.17105748925781253
2023,3,8,WR,6,7,0.0304927099609375,0.20155019921875003
2023,3,8,WR,7,7,0.01951666015625001,0.22106685937500004
2023,3,9,QB,1,3,0.0,0.0
2023,3,9,QB,2,3,0.0,0.0
2023,3,9,QB,3,3,0.0,0.0
2023,3,9,RB,1,8,0.02545840698242184,0.02545840698242184
2023,3,9,RB,2,8,0.046147330566406186,0.07160573754882803
2023,3,9,RB,3,8,0.07351391943359367,0.14511965698242169
2023,3,9,RB,4,8,0.03959143749999995,0.18471109448242168
2023,3,9,RB,5,8,0.04488486083984371,0.22959595532226534
2023,3,9,RB,6,8,0.032121594970703105,0.2617175502929685
2023,3,9,RB,7,8,0.07298997949218744,0.33470752978515594
2023,3,9,RB,8,8,0.029421235839843733,0.36412876562499963
2023,3,9,WR,1,1,0.14069998437499975,0.14069998437499975
2023,3,9,TE,1,3,0.0,0.0
2023,3,9,TE,2,3,0.0,0.0
2023,3,9,TE,3,3,0.0,0.0
2023,3,10,RB,1,3,0.0,0.0
2023,3,10,RB,2,3,0.0,0.0
2023,3,10,RB,3,3,0.0,0.0
2023,3,10,WR,1,6,0.016028642089843677,0.016028642089843677
2023,3,10,WR,2,6,0.015653315917968688,0.031681958007812365
2023,3,10,WR,3,6,0.01549977465820307,0.047181732666015434
2023,3,10,WR,4,6,0.009310097167968712,0.056491829833984146
2023,3,10,WR,5,6,0.015533882568359303,0.07202571240234346
2023,3,10,WR,6,6,0.027281990722656142,0.09930770312499959
2023,3,10,TE,1,1,0.0,0.0
2023,3,11,QB,1,3,0.0,0.0
2023,3,11,QB,2,3,0.0,0.0
2023,3,11,QB,3,3,0.0,0.0
2023,3,11,RB,1,4,0.02967112792968747,0.02967112792968747
2023,3,11,RB,2,4,0.0383781420898437,0.06804927001953118
2023,3,11,RB,3,4,0.028463354492187468,0.09651262451171863
2023,3,11,RB,4,4,0.028569484863281223,0.12508210937499986
2023,3,11,WR,1,3,0.006741772460937476,0.006741772460937476
2023,3,11,WR,2,3,0.006067595214843728,0.012809367675781204
2023,3,11,WR,3,3,0.008764304199218718,0.021573671874999922
2023,3,11,TE,1,2,0.0,0.0
2023,3,11,TE,2,2,0.0,0.0
2023,3,12,QB,1,1,0.0,0.0
2023,3,12,RB,1,2,0.0,0.0
2023,3,12,RB,2,2,0.0,0.0
2023,3,12,WR,1,6,0.029817219482421747,0.029817219482421747
2023,3,12,WR,2,6,0.02122813989257802,0.051045359374999766
2023,3,12,WR,3,6,0.02811586645507802,0.07916122583007779
2023,3,12,WR,4,6,0.012577006103515587,0.09173823193359337
2023,3,12,WR,5,6,0.011749324951171869,0.10348755688476524
2023,3,12,WR,6,6,0.01952678686523429,0.12301434374999953
2023,3,12,TE,1,2,0.29754502050781256,0.29754502050781256
2023,3,12,TE,2,2,0.24314919824218753,0.5406942187500001
2023,4,1,QB,1,3,0.0,0.0
2023,4,1,QB,2,3,0.0,0.0
2023,4,1,QB,3,3,0.0,0.0
2023,4,1,RB,1,9,0.04696906494140626,0.04696906494140626
2023,4,1,RB,2,9,0.09393812988281253,0.1409071948242188
2023,4,1,RB,3,9,0.09393812988281253,0.2348453247070313
2023,4,1,RB,4,9,0.09393812988281253,0.32878345458984387
2023,4,1,RB,5,9,0.1409071948242188,0.46969064941406263
2023,4,1,RB,6,9,0.02348453247070313,0.4931751818847658
2023,4,1,RB,7,9,0.09393812988281253,0.5871133117675782
2023,4,1,RB,8,9,0.02348453247070313,0.6105978442382813
2023,4,1,RB,9,9,0.1409071948242188,0.7515050390625002
2023,4,1,WR,1,2,0.23973724951171882,0.23973724951171882
2023,4,1,WR,2,2,0.18646230517578133,0.42619955468750015
2023,4,1,TE,1,1,0.0,0.0
2023,4,2,QB,1,2,0.0,0.0
2023,4,2,QB,2,2,0.0,0.0
2023,4,2,RB,1,1,0.0,0.0
2023,4,2,WR,1,4,0.01669148193359376,0.01669148193359376
2023,4,2,WR,2,4,0.024505724121093753,0.04119720605468751
2023,4,2,WR,3,4,0.016471417236328133,0.057668623291015644
2023,4,2,WR,4,4,0.042114790771484376,0.09978341406250002
2023,4,2,TE,1,2,0.022555032226562403,0.022555032226562403
2023,4,2,TE,2,2,0.019901499023437415,0.04245653124999982
2023,4,3,QB,1,5,0.014852484130859371,0.014852484130859371
2023,4,3,QB,2,5,0.011881987304687498,0.026734471435546872
2023,4,3,QB,3,5,0.02079347778320312,0.04752794921874999
2023,4,3,QB,4,5,0.029704968261718746,0.07723291748046873
2023,4,3,QB,5,5,0.017822980957031248,0.09505589843749998
2023,4,3,RB,1,6,0.019593723632812497,0.019593723632812497
2023,4,3,RB,2,6,0.01632810302734375,0.035921826660156246
2023,4,3,RB,3,6,0.0065312412109374985,0.04245306787109374
2023,4,3,RB,4,6,0.029390585449218746,0.07184365332031249
2023,4,3,RB,5,6,0.022859344238281246,0.09470299755859374
2023,4,3,RB,6,6,0.009796861816406249,0.10449985937499998
2023,4,3,WR,1,3,0.010427279052734356,0.010427279052734356
2023,4,3,WR,2,3,0.008823082275390609,0.019250361328124965
2023,4,3,WR,3,3,0.006416787109374988,0.025667148437499954
2023,4,3,TE,1,2,0.0,0.0
2023,4,3,TE,2,2,0.0,0.0
2023,4,4,QB,1,3,0.12198631591796866,0.12198631591796866
2023,4,4,QB,2,3,0.15858221069335926,0.2805685266113279
2023,4,4,QB,3,3,0.10978768432617181,0.3903562109374997
2023,4,4,RB,1,4,0.026539084960937515,0.026539084960937515
2023,4,4,RB,2,4,0.07298248364257817,0.09952156860351569
2023,4,4,RB,3,4,0.06634771240234379,0.16586928100585946
2023,4,4,RB,4,4,0.04644339868164065,0.21231267968750012
2023,4,4,WR,1,5,0.0277740856933594,0.0277740856933594
2023,4,4,WR,2,5,0.0178661845703125,0.0456402702636719
2023,4,4,WR,3,5,0.03131914038085942,0.07695941064453132
2023,4,4,WR,4,5,0.02208975683593753,0.09904916748046885
2023,4,4,WR,5,5,0.03773881689453132,0.13678798437500017
2023,4,5,QB,1,1,0.0,0.0
2023,4,5,RB,1,3,0.0,0.0
2023,4,5,RB,2,3,0.0,0.0
2023,4,5,RB,3,3,0.0,0.0
2023,4,5,WR,1,4,0.04295739550781244,0.04295739550781244
2023,4,5,WR,2,4,0.048327434082031176,0.09128482958984362
2023,4,5,WR,3,4,0.05369601611328119,0.1449808457031248
2023,4,5,WR,4,4,0.044030529296874954,0.18901137499999976
2023,4,5,TE,1,2,0.04614919433593753,0.04614919433593753
2023,4,5,TE,2,2,0.02768951660156252,0.07383871093750005
2023,4,6,QB,1,3,0.0,0.0
2023,4,6,QB,2,3,0.0,0.0
2023,4,6,QB,3,3,0.0,0.0
2023,4,6,RB,1,4,0.09445325219726547,0.09445325219726547
2023,4,6,RB,2,4,0.09199332250976558,0.18644657470703102
2023,4,6,RB,3,4,0.06984103930664065,0.2562876140136717
2023,4,6,RB,4,4,0.08375922192382827,0.34004683593749996
2023,4,6,WR,1,4,0.0,0.0
2023,4,6,WR,2,4,0.0,0.0
2023,4,6,WR,3,4,0.0,0.0
2023,4,6,WR,4,4,0.0,0.0
2023,4,6,TE,1,1,0.0,0.0
2023,4,7,QB,1,1,0.13231936718750026,0.13231936718750026
2023,4,7,RB,1,6,0.030823630859374937,0.030823630859374937
2023,4,7,RB,2,6,0.03976363891601557,0.07058726977539051
2023,4,7,RB,3,6,0.041935051513671856,0.11252232128906237
2023,4,7,RB,4,6,0.019907026367187552,0.13242934765624992
2023,4,7,RB,5,6,0.039041276611328196,0.17147062426757811
2023,4,7,RB,6,6,0.03177274291992191,0.20324336718750002
2023,4,7,WR,1,1,0.0,0.0
2023,4,8,QB,1,4,0.0,0.0
2023,4,8,QB,2,4,0.0,0.0
2023,4,8,QB,3,4,0.0,0.0
2023,4,8,QB,4,4,0.0,0.0
2023,4,8,RB,1,1,0.0,0.0
2023,4,8,WR,1,5,0.0,0.0
2023,4,8,WR,2,5,0.0,0.0
2023,4,8,WR,3,5,0.0,0.0
2023,4,8,WR,4,5,0.0,0.0
2023,4,8,WR,5,5,0.0,0.0
2023,4,9,QB,1,3,0.0,0.0
2023,4,9,QB,2,3,0.0,0.0
2023,4,9,QB,3,3,0.0,0.0
2023,4,9,RB,1,7,0.032082424804687454,0.032082424804687454
2023,4,9,RB,2,7,0.03533141674804684,0.06741384155273429
2023,4,9,RB,3,7,0.03269918237304684,0.10011302392578114
2023,4,9,RB,4,7,0.043393323974609335,0.14350634790039046
2023,4,9,RB,5,7,0.033398541992187475,0.17690488989257794
2023,4,9,RB,6,7,0.05540358276367183,0.23230847265624976
2023,4,9,RB,7,7,0.045408800781249974,0.27771727343749975
2023,4,9,WR,1,1,0.14069998437499975,0.14069998437499975
2023,4,9,TE,1,3,0.0,0.0
2023,4,9,TE,2,3,0.0,0.0
2023,4,9,TE,3,3,0.0,0.0
2023,4,10,RB,1,3,0.005028052734374983,0.005028052734374983
2023,4,10,RB,2,3,0.003771039550781237,0.00879909228515622
2023,4,10,RB,3,3,0.004609048339843734,0.013408140624999954
2023,4,10,WR,1,5,0.004754917236328045,0.004754917236328045
2023,4,10,WR,2,5,0.0066261870117186525,0.011381104248046697
2023,4,10,WR,3,5,0.003844863281249916,0.015225967529296613
2023,4,10,WR,4,5,0.009373402832031155,0.02459937036132777
2023,4,10,WR,5,5,0.005613809326171823,0.03021317968749959
2023,4,10,TE,1,1,0.0,0.0
2023,4,11,QB,1,3,0.0,0.0
2023,4,11,QB,2,3,0.0,0.0
2023,4,11,QB,3,3,0.0,0.0
2023,4,11,RB,1,4,0.016630776367187475,0.016630776367187475
2023,4,11,RB,2,4,0.038484272460937455,0.05511504882812493
2023,4,11,RB,3,4,0.032976057128906215,0.08809110595703115
2023,4,11,RB,4,4,0.03699100341796872,0.12508210937499986
2023,4,11,WR,1,3,0.005393417968749981,0.005393417968749981
2023,4,11,WR,2,3,0.006741772460937476,0.012135190429687456
2023,4,11,WR,3,3,0.009438481445312466,0.021573671874999922
2023,4,11,TE,1,2,0.0030437929687499032,0.0030437929687499032
2023,4,11,TE,2,2,0.0030437929687499032,0.0060875859374998065
2023,4,12,QB,1,1,0.0,0.0
2023,4,12,RB,1,2,0.0,0.0
2023,4,12,RB,2,2,0.0,0.0
2023,4,12,WR,1,6,0.05829521752929688,0.05829521752929688
2023,4,12,WR,2,6,0.05576791040039063,0.11406312792968751
2023,4,12,WR,3,6,0.05465152856445312,0.16871465649414064
2023,4,12,WR,4,6,0.04610233862304685,0.2148169951171875
2023,4,12,WR,5,6,0.02586428247070314,0.2406812775878906
2023,4,12,WR,6,6,0.03789848022460938,0.2785797578125
2023,4,12,TE,1,1,0.3216477890624998,0.3216477890624998
2023,5,1,QB,1,3,0.0,0.0
2023,5,1,QB,2,3,0.0,0.0
2023,5,1,QB,3,3,0.0,0.0
2023,5,1,RB,1,7,0.0,0.0
2023,5,1,RB,2,7,0.0,0.0
2023,5,1,RB,3,7,0.0,0.0
2023,5,1,RB,4,7,0.0,0.0
2023,5,1,RB,5,7,0.0,0.0
2023,5,1,RB,6,7,0.0,0.0
2023,5,1,RB,7,7,0.0,0.0
2023,5,1,WR,1,2,0.22273197875976547,0.22273197875976547
2023,5,1,WR,2,2,0.19652821655273423,0.4192601953124997
2023,5,1,TE,1,3,0.01570089111328124,0.01570089111328124
2023,5,1,TE,2,3,0.017270980224609364,0.032971871337890604
2023,5,1,TE,3,3,0.017270980224609364,0.05024285156249997
2023,5,2,QB,1,2,0.0,0.0
2023,5,2,QB,2,2,0.0,0.0
2023,5,2,RB,1,1,0.0,0.0
2023,5,2,WR,1,4,0.02987413574218748,0.02987413574218748
2023,5,2,WR,2,4,0.05055234521484371,0.0804264809570312
2023,5,2,WR,3,4,0.043753160644531205,0.12417964160156239
2023,5,2,WR,4,4,0.045257436523437465,0.16943707812499986
2023,5,2,TE,1,1,0.0,0.0
2023,5,3,QB,1,5,0.06278706542968746,0.06278706542968746
2023,5,3,QB,2,5,0.07475037915039058,0.13753744458007805
2023,5,3,QB,3,5,0.07483170556640621,0.21236915014648425
2023,5,3,QB,4,5,0.07772087597656246,0.2900900261230467
2023,5,3,QB,5,5,0.09273601293945308,0.3828260390624998
2023,5,3,RB,1,6,0.029413231933593735,0.029413231933593735
2023,5,3,RB,2,6,0.02451102661132811,0.053924258544921846
2023,5,3,RB,3,6,0.014706615966796868,0.0686308745117187
2023,5,3,RB,4,6,0.014706615966796868,0.08333749047851557
2023,5,3,RB,5,6,0.03431543725585936,0.11765292773437494
2023,5,3,RB,6,6,0.03921764257812498,0.15687057031249993
2023,5,3,WR,1,3,0.013635672607421791,0.013635672607421791
2023,5,3,WR,2,3,0.00401049194335935,0.017646164550781142
2023,5,3,WR,3,3,0.0080209838867187,0.025667148437499843
2023,5,3,TE,1,2,0.0,0.0
2023,5,3,TE,2,2,0.0,0.0
2023,5,4,QB,1,3,0.09711698242187494,0.09711698242187494
2023,5,4,QB,2,3,0.13353585083007805,0.230652833251953
2023,5,4,QB,3,3,0.15781509643554678,0.38846792968749977
2023,5,4,RB,1,4,0.056821341308593856,0.056821341308593856
2023,5,4,RB,2,4,0.056821341308593856,0.11364268261718771
2023,5,4,RB,3,4,0.04870400683593759,0.1623466894531253
2023,5,4,RB,4,4,0.09740801367187518,0.2597547031250005
2023,5,4,WR,1,4,0.036837185302734415,0.036837185302734415
2023,5,4,WR,2,4,0.03628050512695316,0.07311769042968758
2023,5,4,WR,3,4,0.02606341699218753,0.09918110742187511
2023,5,4,WR,4,4,0.029816244140625035,0.12899735156250014
2023,5,5,QB,1,1,0.0,0.0
2023,5,5,RB,1,3,0.0,0.0
2023,5,5,RB,2,3,0.0,0.0
2023,5,5,RB,3,3,0.0,0.0
2023,5,5,WR,1,3,0.04510657617187491,0.04510657617187491
2023,5,5,WR,2,3,0.04510657617187491,0.09021315234374983
2023,5,5,WR,3,3,0.03007105078124994,0.12028420312499977
2023,5,5,TE,1,2,0.03513878662109378,0.03513878662109378
2023,5,5,TE,2,2,0.04517843994140629,0.08031722656250007
2023,5,6,QB,1,3,0.0,0.0
2023,5,6,QB,2,3,0.0,0.0
2023,5,6,QB,3,3,0.0,0.0
2023,5,6,RB,1,4,0.08668528515624983,0.08668528515624983
2023,5,6,RB,2,4,0.1076615627441405,0.19434684790039033
2023,5,6,RB,3,4,0.11834343457031245,0.3126902824707028
2023,5,6,RB,4,4,0.08160811596679701,0.3942983984374998
2023,5,6,WR,1,4,0.0,0.0
2023,5,6,WR,2,4,0.0,0.0
2023,5,6,WR,3,4,0.0,0.0
2023,5,6,WR,4,4,0.0,0.0
2023,5,6,TE,1,1,0.0,0.0
2023,5,7,RB,1,7,0.011177643554687505,0.011177643554687505
2023,5,7,RB,2,7,0.007591799560546897,0.018769443115234402
2023,5,7,RB,3,7,0.00843144921875004,0.02720089233398444
2023,5,7,RB,4,7,0.0054243356933594,0.03262522802734384
2023,5,7,RB,5,7,0.0072445612792969155,0.03986978930664076
2023,5,7,RB,6,7,0.006263985351562543,0.0461337746582033
2023,5,7,RB,7,7,0.0035427800292969075,0.04967655468750021
2023,5,8,QB,1,3,0.004688100097656245,0.004688100097656245
2023,5,8,QB,2,3,0.0038357182617187457,0.00852381835937499
2023,5,8,QB,3,3,0.005114291015624994,0.013638109374999985
2023,5,8,RB,1,1,0.0,0.0
2023,5,8,WR,1,5,0.0,0.0
2023,5,8,WR,2,5,0.0,0.0
2023,5,8,WR,3,5,0.0,0.0
2023,5,8,WR,4,5,0.0,0.0
2023,5,8,WR,5,5,0.0,0.0
2023,5,9,QB,1,3,0.0,0.0
2023,5,9,QB,2,3,0.0,0.0
2023,5,9,QB,3,3,0.0,0.0
2023,5,9,RB,1,6,0.023321157958984373,0.023321157958984373
2023,5,9,RB,2,6,0.023321157958984373,0.046642315917968746
2023,5,9,RB,3,6,0.009994781982421874,0.05663709790039062
2023,5,9,RB,4,6,0.013326375976562499,0.06996347387695312
2023,5,9,RB,5,6,0.023321157958984373,0.09328463183593749
2023,5,9,RB,6,6,0.013326375976562499,0.10661100781249999
2023,5,9,TE,1,3,0.0,0.0
2023,5,9,TE,2,3,0.0,0.0
2023,5,9,TE,3,3,0.0,0.0
2023,5,10,RB,1,3,0.0041900439453124855,0.0041900439453124855
2023,5,10,RB,2,3,0.004609048339843734,0.00879909228515622
2023,5,10,RB,3,3,0.004609048339843734,0.013408140624999954
2023,5,10,WR,1,5,0.0038789711914061498,0.0038789711914061498
2023,5,10,WR,2,5,0.0075021330566405475,0.011381104248046697
2023,5,10,WR,3,5,0.004789025146484278,0.016170129394530976
2023,5,10,WR,4,5,0.006557971191406185,0.02272810058593716
2023,5,10,WR,5,5,0.007485079101562431,0.03021317968749959
2023,5,10,TE,1,1,0.0,0.0
2023,5,11,QB,1,3,0.0,0.0
2023,5,11,QB,2,3,0.0,0.0
2023,5,11,QB,3,3,0.0,0.0
2023,5,11,RB,1,3,0.012118073730468727,0.012118073730468727
2023,5,11,RB,2,3,0.01101643066406248,0.023134504394531206
2023,5,11,RB,3,3,0.012118073730468727,0.035252578124999934
2023,5,11,WR,1,2,0.0,0.0
2023,5,11,WR,2,2,0.0,0.0
2023,5,11,TE,1,2,0.010528277343749892,0.010528277343749892
2023,5,11,TE,2,2,0.010528277343749892,0.021056554687499784
2023,5,12,QB,1,1,0.0,0.0
2023,5,12,RB,1,2,0.0,0.0
2023,5,12,RB,2,2,0.0,0.0
2023,5,12,WR,1,6,0.04453047485351567,0.04453047485351567
2023,5,12,WR,2,6,0.057752907958984454,0.10228338281250013
2023,5,12,WR,3,6,0.03557126879882816,0.1378546516113283
2023,5,12,WR,4,6,0.03694504931640628,0.17479970092773456
2023,5,12,WR,5,6,0.018483960449218774,0.19328366137695333
2023,5,12,WR,6,6,0.02966870581054689,0.22295236718750022
2023,6,1,QB,1,3,0.0,0.0
2023,6,1,QB,2,3,0.0,0.0
2023,6,1,QB,3,3,0.0,0.0
2023,6,1,RB,1,6,0.0,0.0
2023,6,1,RB,2,6,0.0,0.0
2023,6,1,RB,3,6,0.0,0.0
2023,6,1,RB,4,6,0.0,0.0
2023,6,1,RB,5,6,0.0,0.0
2023,6,1,RB,6,6,0.0,0.0
2023,6,1,WR,1,1,0.0,0.0
2023,6,1,TE,1,3,0.017270980224609364,0.017270980224609364
2023,6,1,TE,2,3,0.020411158447265612,0.037682138671874976
2023,6,1,TE,3,3,0.012560712890624992,0.05024285156249997
2023,6,2,QB,1,2,0.0,0.0
2023,6,2,QB,2,2,0.0,0.0
2023,6,2,RB,1,1,0.0,0.0
2023,6,2,WR,1,3,0.01917393359374997,0.01917393359374997
2023,6,2,WR,2,3,0.03834786718749994,0.05752180078124991
2023,6,2,WR,3,3,0.01917393359374997,0.07669573437499988
2023,6,2,TE,1,1,0.0,0.0
2023,6,3,QB,1,5,0.14348648730468744,0.14348648730468744
2023,6,3,QB,2,5,0.11168252050781247,0.2551690078124999
2023,6,3,QB,3,5,0.11142633984374994,0.36659534765624985
2023,6,3,QB,4,5,0.07955362988281245,0.44614897753906235
2023,6,3,QB,5,5,0.07451248339843745,0.5206614609374998
2023,6,3,RB,1,5,0.01980581396484374,0.01980581396484374
2023,6,3,RB,2,5,0.06601937988281248,0.08582519384765622
2023,6,3,RB,3,5,0.05941744189453123,0.14524263574218743
2023,6,3,RB,4,5,0.03300968994140624,0.17825232568359367
2023,6,3,RB,5,5,0.03300968994140624,0.2112620156249999
2023,6,3,WR,1,3,0.011690002441406238,0.011690002441406238
2023,6,3,WR,2,3,0.01688555908203123,0.02857556152343747
2023,6,3,WR,3,3,0.012988891601562486,0.041564453124999956
2023,6,3,TE,1,2,0.0,0.0
2023,6,3,TE,2,2,0.0,0.0
2023,6,4,QB,1,2,0.0,0.0
2023,6,4,QB,2,2,0.0,0.0
2023,6,4,RB,1,4,0.041934381103515654,0.041934381103515654
2023,6,4,RB,2,4,0.07548188598632818,0.11741626708984383
2023,6,4,RB,3,4,0.06709500976562505,0.1845112768554689
2023,6,4,RB,4,4,0.08386876220703131,0.2683800390625002
2023,6,4,WR,1,3,0.01273450781249999,0.01273450781249999
2023,6,4,WR,2,3,0.008489671874999993,0.021224179687499983
2023,6,4,WR,3,3,0.01273450781249999,0.03395868749999997
2023,6,5,RB,1,4,0.0,0.0
2023,6,5,RB,2,4,0.0,0.0
2023,6,5,RB,3,4,0.0,0.0
2023,6,5,RB,4,4,0.0,0.0
2023,6,5,WR,1,4,0.03007105078124994,0.03007105078124994
2023,6,5,WR,2,4,0.033829932128906184,0.06390098291015613
2023,6,5,WR,3,4,0.018794406738281214,0.08269538964843734
2023,6,5,WR,4,4,0.03758881347656243,0.12028420312499977
2023,6,5,TE,1,2,0.04266852661132816,0.04266852661132816
2023,6,5,TE,2,2,0.037648699951171906,0.08031722656250007
2023,6,6,QB,1,3,0.0,0.0
2023,6,6,QB,2,3,0.0,0.0
2023,6,6,QB,3,3,0.0,0.0
2023,6,6,RB,1,3,0.01643010668945314,0.01643010668945314
2023,6,6,RB,2,3,0.024132843017578197,0.04056294970703134
2023,6,6,RB,3,3,0.03082551123046884,0.07138846093750018
2023,6,6,WR,1,3,0.0018748476562499908,0.0018748476562499908
2023,6,6,WR,2,3,0.0024997968749999877,0.0043746445312499785
2023,6,6,WR,3,3,0.0022914804687499887,0.006666124999999967
2023,6,6,TE,1,1,0.14131312499999993,0.14131312499999993
2023,6,7,QB,1,1,0.0,0.0
2023,6,7,RB,1,6,0.011302229492187475,0.011302229492187475
2023,6,7,RB,2,6,0.011136500732421895,0.02243873022460937
2023,6,7,RB,3,6,0.010585058105468732,0.0330237883300781
2023,6,7,RB,4,6,0.006365689941406252,0.039389478271484354
2023,6,7,RB,5,6,0.009815605224609426,0.04920508349609378
2023,6,7,RB,6,6,0.00555354150390628,0.05475862500000006
2023,6,8,QB,1,3,0.07015584960937499,0.07015584960937499
2023,6,8,QB,2,3,0.09120260449218748,0.16135845410156247
2023,6,8,QB,3,3,0.06314026464843749,0.22449871874999994
2023,6,8,RB,1,1,0.0,0.0
2023,6,8,WR,1,5,0.0,0.0
2023,6,8,WR,2,5,0.0,0.0
2023,6,8,WR,3,5,0.0,0.0
2023,6,8,WR,4,5,0.0,0.0
2023,6,8,WR,5,5,0.0,0.0
2023,6,9,QB,1,3,0.0,0.0
2023,6,9,QB,2,3,0.0,0.0
2023,6,9,QB,3,3,0.0,0.0
2023,6,9,RB,1,5,0.0,0.0
2023,6,9,RB,2,5,0.0,0.0
2023,6,9,RB,3,5,0.0,0.0
2023,6,9,RB,4,5,0.0,0.0
2023,6,9,RB,5,5,0.0,0.0
2023,6,9,TE,1,2,0.0,0.0
2023,6,9,TE,2,2,0.0,0.0
2023,6,10,RB,1,3,0.005028052734374983,0.005028052734374983
2023,6,10,RB,2,3,0.00293303076171874,0.007961083496093722
2023,6,10,RB,3,3,0.005447057128906231,0.013408140624999954
2023,6,10,WR,1,5,0.008506770507812407,0.008506770507812407
2023,6,10,WR,2,5,0.005149156738281188,0.013655927246093595
2023,6,10,WR,3,5,0.006076264648437434,0.01973219189453103
2023,6,10,WR,4,5,0.008794915527343648,0.028527107421874677
2023,6,10,WR,5,5,0.010360986328124898,0.038888093749999575
2023,6,10,TE,1,1,0.05182379687499983,0.05182379687499983
2023,6,11,QB,1,3,0.0,0.0
2023,6,11,QB,2,3,0.0,0.0
2023,6,11,QB,3,3,0.0,0.0
2023,6,11,RB,1,3,0.013219716796874975,0.013219716796874975
2023,6,11,RB,2,3,0.013219716796874975,0.02643943359374995
2023,6,11,RB,3,3,0.008813144531249983,0.035252578124999934
2023,6,11,WR,1,2,0.0,0.0
2023,6,11,WR,2,2,0.0,0.0
2023,6,11,TE,1,2,0.06193825537109363,0.06193825537109363
2023,6,11,TE,2,2,0.055367588378906124,0.11730584374999975
2023,6,12,QB,1,1,0.0,0.0
2023,6,12,RB,1,2,0.0,0.0
2023,6,12,RB,2,2,0.0,0.0
2023,6,12,WR,1,6,0.05294478759765628,0.05294478759765628
2023,6,12,WR,2,6,0.049718731445312546,0.10266351904296883
2023,6,12,WR,3,6,0.0380119643554688,0.1406754833984376
2023,6,12,WR,4,6,0.02206262524414064,0.16273810864257826
2023,6,12,WR,5,6,0.035285058349609426,0.1980231669921877
2023,6,12,WR,6,6,0.02492920019531253,0.22295236718750022
2023,7,1,QB,1,3,0.0,0.0
2023,7,1,QB,2,3,0.0,0.0
2023,7,1,QB,3,3,0.0,0.0
2023,7,1,RB,1,5,0.12517618554687499,0.12517618554687499
2023,7,1,RB,2,5,0.12517618554687496,0.25035237109374997
2023,7,1,RB,3,5,0.10952916235351559,0.35988153344726553
2023,7,1,RB,4,5,0.07823511596679684,0.43811664941406236
2023,7,1,RB,5,5,0.06258809277343748,0.5007047421874998
2023,7,1,WR,1,1,0.0,0.0
2023,7,1,TE,1,1,0.0,0.0
2023,7,2,QB,1,2,0.0,0.0
2023,7,2,QB,2,2,0.0,0.0
2023,7,2,RB,1,1,0.0,0.0
2023,7,2,WR,1,5,0.14492018505859378,0.14492018505859378
2023,7,2,WR,2,5,0.06292658471679691,0.20784676977539068
2023,7,2,WR,3,5,0.08594728149414056,0.29379405126953123
2023,7,2,WR,4,5,0.061201788085937424,0.35499583935546863
2023,7,2,WR,5,5,0.07719676220703106,0.4321926015624997
2023,7,2,TE,1,1,0.06670977343749995,0.06670977343749995
2023,7,3,QB,1,5,0.12806967944335934,0.12806967944335934
2023,7,3,QB,2,5,0.10502153027343747,0.2330912097167968
2023,7,3,QB,3,5,0.09392574975585932,0.32701695947265613
2023,7,3,QB,4,5,0.13004071630859368,0.45705767578124984
2023,7,3,QB,5,5,0.10010448828124993,0.5571621640624997
2023,7,3,RB,1,4,0.04403189453124996,0.04403189453124996
2023,7,3,RB,2,4,0.11448292578124988,0.15851482031249986
2023,7,3,RB,3,4,0.05283827343749995,0.21135309374999978
2023,7,3,RB,4,4,0.07045103124999993,0.28180412499999974
2023,7,3,WR,1,3,0.010342197265624992,0.010342197265624992
2023,7,3,WR,2,3,0.014220521240234364,0.024562718505859355
2023,7,3,WR,3,3,0.01680607055664061,0.04136878906249997
2023,7,3,TE,1,2,0.0,0.0
2023,7,3,TE,2,2,0.0,0.0
2023,7,4,QB,1,2,0.0,0.0
2023,7,4,QB,2,2,0.0,0.0
2023,7,4,RB,1,2,0.0,0.0
2023,7,4,RB,2,2,0.0,0.0
2023,7,4,WR,1,3,0.0,0.0
2023,7,4,WR,2,3,0.0,0.0
2023,7,4,WR,3,3,0.0,0.0
2023,7,5,RB,1,3,0.0,0.0
2023,7,5,RB,2,3,0.0,0.0
2023,7,5,RB,3,3,0.0,0.0
2023,7,5,WR,1,5,0.02255328808593754,0.02255328808593754
2023,7,5,WR,2,5,0.026312169433593796,0.048865457519531336
2023,7,5,WR,3,5,0.015035525390625026,0.06390098291015636
2023,7,5,WR,4,5,0.030071050781250053,0.09397203369140641
2023,7,5,WR,5,5,0.026312169433593796,0.12028420312500021
2023,7,5,TE,1,1,0.0,0.0
2023,7,6,QB,1,4,0.0,0.0
2023,7,6,QB,2,4,0.0,0.0
2023,7,6,QB,3,4,0.0,0.0
2023,7,6,QB,4,4,0.0,0.0
2023,7,6,RB,1,1,0.006511046874999815,0.006511046874999815
2023,7,6,WR,1,3,0.004542841796874919,0.004542841796874919
2023,7,6,WR,2,3,0.008517828369140473,0.013060670166015392
2023,7,6,WR,3,3,0.005110697021484284,0.018171367187499676
2023,7,6,TE,1,1,0.14131312499999993,0.14131312499999993
2023,7,7,QB,1,1,0.0,0.0
2023,7,7,RB,1,7,0.011737680175781251,0.011737680175781251
2023,7,7,RB,2,7,0.007581565917968748,0.01931924609375
2023,7,7,RB,3,7,0.009966678222656247,0.029285924316406246
2023,7,7,RB,4,7,0.011284884033203171,0.04057080834960942
2023,7,7,RB,5,7,0.00430884326171873,0.04487965161132815
2023,7,7,RB,6,7,0.005407880615234367,0.050287532226562515
2023,7,7,RB,7,7,0.010004014648437531,0.060291546875000046
2023,7,7,TE,1,1,0.052822343749999945,0.052822343749999945
2023,7,8,QB,1,3,0.06314026464843749,0.06314026464843749
2023,7,8,QB,2,3,0.07717143457031247,0.14031169921874997
2023,7,8,QB,3,3,0.08418701953124999,0.22449871874999994
2023,7,8,RB,1,1,0.0,0.0
2023,7,8,WR,1,5,0.0,0.0
2023,7,8,WR,2,5,0.0,0.0
2023,7,8,WR,3,5,0.0,0.0
2023,7,8,WR,4,5,0.0,0.0
2023,7,8,WR,5,5,0.0,0.0
2023,7,9,QB,1,3,0.0,0.0
2023,7,9,QB,2,3,0.0,0.0
2023,7,9,QB,3,3,0.0,0.0
2023,7,9,RB,1,5,0.0,0.0
2023,7,9,RB,2,5,0.0,0.0
2023,7,9,RB,3,5,0.0,0.0
2023,7,9,RB,4,5,0.0,0.0
2023,7,9,RB,5,5,0.0,0.0
2023,7,9,TE,1,3,0.0,0.0
2023,7,9,TE,2,3,0.0,0.0
2023,7,9,TE,3,3,0.0,0.0
2023,7,10,RB,1,3,0.0033520351562499884,0.0033520351562499884
2023,7,10,RB,2,3,0.006285065917968728,0.009637101074218717
2023,7,10,RB,3,3,0.003771039550781237,0.013408140624999954
2023,7,10,WR,1,4,0.0037084316406249818,0.0037084316406249818
2023,7,10,WR,2,4,0.009271079101562454,0.012979510742187436
2023,7,10,WR,3,4,0.004635539550781227,0.017615050292968663
2023,7,10,WR,4,4,0.01205240283203119,0.029667453124999854
2023,7,10,TE,1,1,0.06167707031249969,0.06167707031249969
2023,7,11,QB,1,3,0.0,0.0
2023,7,11,QB,2,3,0.0,0.0
2023,7,11,QB,3,3,0.0,0.0
2023,7,11,RB,1,2,0.0,0.0
2023,7,11,RB,2,2,0.0,0.0
2023,7,11,WR,1,2,0.0,0.0
2023,7,11,WR,2,2,0.0,0.0
2023,7,11,TE,1,2,0.06850892236328114,0.06850892236328114
2023,7,11,TE,2,2,0.04879692138671861,0.11730584374999975
2023,7,12,QB,1,1,0.0,0.0
2023,7,12,RB,1,3,0.006523083251953103,0.006523083251953103
2023,7,12,RB,2,3,0.007709098388671849,0.014232181640624952
2023,7,12,RB,3,3,0.004744060546874984,0.018976242187499937
2023,7,12,WR,1,5,0.007120303710937456,0.007120303710937456
2023,7,12,WR,2,5,0.010680455566406184,0.01780075927734364
2023,7,12,WR,3,5,0.008307020996093699,0.02610778027343734
2023,7,12,WR,4,5,0.0059335864257812135,0.03204136669921855
2023,7,12,WR,5,5,0.0059335864257812135,0.037974953124999766
2023,8,1,QB,1,3,0.0,0.0
2023,8,1,QB,2,3,0.0,0.0
2023,8,1,QB,3,3,0.0,0.0
2023,8,1,RB,1,4,0.0,0.0
2023,8,1,RB,2,4,0.0,0.0
2023,8,1,RB,3,4,0.0,0.0
2023,8,1,RB,4,4,0.0,0.0
2023,8,1,WR,1,1,0.0,0.0
2023,8,1,TE,1,1,0.05886254687499998,0.05886254687499998
2023,8,2,QB,1,2,0.0,0.0
2023,8,2,QB,2,2,0.0,0.0
2023,8,2,RB,1,1,0.0,0.0
2023,8,2,WR,1,3,0.01840615478515622,0.01840615478515622
2023,8,2,WR,2,3,0.014598180664062446,0.033004335449218665
2023,8,2,WR,3,3,0.013284555175781192,0.04628889062499986
2023,8,2,TE,1,1,0.06181711718750016,0.06181711718750016
2023,8,3,QB,1,4,0.1488869030761718,0.1488869030761718
2023,8,3,QB,2,4,0.11637155664062494,0.26525845971679674
2023,8,3,QB,3,4,0.14779691528320307,0.4130553749999998
2023,8,3,QB,4,4,0.10486170312499996,0.5179170781249998
2023,8,3,RB,1,4,0.0,0.0
2023,8,3,RB,2,4,0.0,0.0
2023,8,3,RB,3,4,0.0,0.0
2023,8,3,RB,4,4,0.0,0.0
2023,8,3,WR,1,2,0.01680607055664061,0.01680607055664061
2023,8,3,WR,2,2,0.024562718505859355,0.04136878906249997
2023,8,3,TE,1,2,0.0,0.0
2023,8,3,TE,2,2,0.0,0.0
2023,8,4,QB,1,2,0.03942385644531246,0.03942385644531246
2023,8,4,QB,2,2,0.05068781542968745,0.09011167187499991
2023,8,4,RB,1,2,0.0,0.0
2023,8,4,RB,2,2,0.0,0.0
2023,8,4,WR,1,3,0.024437787841796885,0.024437787841796885
2023,8,4,WR,2,3,0.034911125488281264,0.05934891333007815
2023,8,4,WR,3,3,0.052366688232421896,0.11171560156250004
2023,8,5,QB,1,1,0.0,0.0
2023,8,5,RB,1,3,0.0,0.0
2023,8,5,RB,2,3,0.0,0.0
2023,8,5,RB,3,3,0.0,0.0
2023,8,5,WR,1,4,0.0,0.0
2023,8,5,WR,2,4,0.0,0.0
2023,8,5,WR,3,4,0.0,0.0
2023,8,5,WR,4,4,0.0,0.0
2023,8,5,TE,1,1,0.0,0.0
2023,8,6,QB,1,4,0.0,0.0
2023,8,6,QB,2,4,0.0,0.0
2023,8,6,QB,3,4,0.0,0.0
2023,8,6,QB,4,4,0.0,0.0
2023,8,6,RB,1,2,0.0034589936523437698,0.0034589936523437698
2023,8,6,RB,2,2,0.0030520532226562674,0.006511046875000037
2023,8,6,WR,1,4,0.024858777832031304,0.024858777832031304
2023,8,6,WR,2,4,0.026087665283203165,0.05094644311523447
2023,8,6,WR,3,4,0.043369806884765716,0.09431625000000018
2023,8,6,WR,4,4,0.03542540625000004,0.12974165625000023
2023,8,6,TE,1,1,0.14131312499999993,0.14131312499999993
2023,8,7,QB,1,1,0.0,0.0
2023,8,7,RB,1,6,0.007514486328124952,0.007514486328124952
2023,8,7,RB,2,6,0.0065332104492187015,0.014047696777343653
2023,8,7,RB,3,6,0.0030265270996093427,0.017074223876952996
2023,8,7,RB,4,6,0.0028960461425780806,0.019970270019531076
2023,8,7,RB,5,6,0.004514166992187436,0.024484437011718513
2023,8,7,RB,6,6,0.0021089692382812164,0.02659340624999973
2023,8,7,WR,1,1,0.0,0.0
2023,8,7,TE,1,1,0.052822343749999945,0.052822343749999945
2023,8,8,QB,1,3,0.09821818945312497,0.09821818945312497
2023,8,8,QB,2,3,0.04209350976562499,0.14031169921874997
2023,8,8,QB,3,3,0.08418701953124998,0.22449871874999994
2023,8,8,RB,1,1,0.0,0.0
2023,8,8,WR,1,6,0.0,0.0
2023,8,8,WR,2,6,0.0,0.0
2023,8,8,WR,3,6,0.0,0.0
2023,8,8,WR,4,6,0.0,0.0
2023,8,8,WR,5,6,0.0,0.0
2023,8,8,WR,6,6,0.0,0.0
2023,8,9,QB,1,3,0.0,0.0
2023,8,9,QB,2,3,0.0,0.0
2023,8,9,QB,3,3,0.0,0.0
2023,8,9,RB,1,5,0.0,0.0
2023,8,9,RB,2,5,0.0,0.0
2023,8,9,RB,3,5,0.0,0.0
2023,8,9,RB,4,5,0.0,0.0
2023,8,9,RB,5,5,0.0,0.0
2023,8,9,TE,1,3,0.005327263183593726,0.005327263183593726
2023,8,9,TE,2,3,0.002841207031249987,0.008168470214843713
2023,8,9,TE,3,3,0.0031963579101562355,0.011364828124999948
2023,8,10,RB,1,5,0.0,0.0
2023,8,10,RB,2,5,0.0,0.0
2023,8,10,RB,3,5,0.0,0.0
2023,8,10,RB,4,5,0.0,0.0
2023,8,10,RB,5,5,0.0,0.0
2023,8,10,WR,1,3,0.0,0.0
2023,8,10,WR,2,3,0.0,0.0
2023,8,10,WR,3,3,0.0,0.0
2023,8,10,TE,1,1,0.09269217187499945,0.09269217187499945
2023,8,11,QB,1,3,0.0,0.0
2023,8,11,QB,2,3,0.0,0.0
2023,8,11,QB,3,3,0.0,0.0
2023,8,11,RB,1,2,0.0,0.0
2023,8,11,RB,2,2,0.0,0.0
2023,8,11,WR,1,3,0.007356878906249892,0.007356878906249892
2023,8,11,WR,2,3,0.005517659179687419,0.01287453808593731
2023,8,11,WR,3,3,0.006743805664062401,0.01961834374999971
2023,8,11,TE,1,1,0.11121825781249994,0.11121825781249994
2023,8,12,QB,1,1,0.0,0.0
2023,8,12,RB,1,3,0.00474406054687504,0.00474406054687504
2023,8,12,RB,2,3,0.0059300756835937996,0.01067413623046884
2023,8,12,RB,3,3,0.00830210595703132,0.01897624218750016
2023,8,12,WR,1,4,0.0,0.0
2023,8,12,WR,2,4,0.0,0.0
2023,8,12,WR,3,4,0.0,0.0
2023,8,12,WR,4,4,0.0,0.0
2023,9,1,QB,1,6,0.0,0.0
2023,9,1,QB,2,6,0.0,0.0
2023,9,1,QB,3,6,0.0,0.0
2023,9,1,QB,4,6,0.0,0.0
2023,9,1,QB,5,6,0.0,0.0
2023,9,1,QB,6,6,0.0,0.0
2023,9,1,RB,1,5,0.028397207031250093,0.028397207031250093
2023,9,1,RB,2,5,0.024847556152343832,0.053244763183593925
2023,9,1,RB,3,5,0.014198603515625047,0.06744336669921897
2023,9,1,RB,4,5,0.01774825439453131,0.08519162109375028
2023,9,1,RB,5,5,0.028397207031250093,0.11358882812500037
2023,9,1,WR,1,1,0.0,0.0
2023,9,1,TE,1,1,0.05886254687499998,0.05886254687499998
2023,9,2,QB,1,2,0.0,0.0
2023,9,2,QB,2,2,0.0,0.0
2023,9,2,RB,1,2,0.0,0.0
2023,9,2,RB,2,2,0.0,0.0
2023,9,2,WR,1,4,0.005254501953125018,0.005254501953125018
2023,9,2,WR,2,4,0.006568127441406273,0.01182262939453129
2023,9,2,WR,3,4,0.007881752929687527,0.019704382324218818
2023,9,2,WR,4,4,0.022331633300781327,0.042036015625000145
2023,9,2,TE,1,1,0.09463800000000022,0.09463800000000022
2023,9,3,QB,1,3,0.007301442871093765,0.007301442871093765
2023,9,3,QB,2,3,0.009491875732421894,0.01679331860351566
2023,9,3,QB,3,3,0.006571298583984388,0.023364617187500047
2023,9,3,RB,1,4,0.0,0.0
2023,9,3,RB,2,4,0.0,0.0
2023,9,3,RB,3,4,0.0,0.0
2023,9,3,RB,4,4,0.0,0.0
2023,9,3,WR,1,2,0.021977169189453107,0.021977169189453107
2023,9,3,WR,2,2,0.01939161987304686,0.04136878906249997
2023,9,3,TE,1,2,0.0,0.0
2023,9,3,TE,2,2,0.0,0.0
2023,9,4,QB,1,2,0.07224741796874978,0.07224741796874978
2023,9,4,QB,2,2,0.07224741796874978,0.14449483593749957
2023,9,4,RB,1,2,0.0,0.0
2023,9,4,RB,2,2,0.0,0.0
2023,9,4,WR,1,3,0.04538446313476564,0.04538446313476564
2023,9,4,WR,2,3,0.04189335058593752,0.08727781372070316
2023,9,4,WR,3,3,0.024437787841796885,0.11171560156250004
2023,9,5,QB,1,1,0.0,0.0
2023,9,5,RB,1,3,0.0,0.0
2023,9,5,RB,2,3,0.0,0.0
2023,9,5,RB,3,3,0.0,0.0
2023,9,5,WR,1,4,0.0,0.0
2023,9,5,WR,2,4,0.0,0.0
2023,9,5,WR,3,4,0.0,0.0
2023,9,5,WR,4,4,0.0,0.0
2023,9,5,TE,1,1,0.0,0.0
2023,9,6,QB,1,4,0.0,0.0
2023,9,6,QB,2,4,0.0,0.0
2023,9,6,QB,3,4,0.0,0.0
2023,9,6,QB,4,4,0.0,0.0
2023,9,6,RB,1,1,0.0,0.0
2023,9,6,WR,1,5,0.02695669580078129,0.02695669580078129
2023,9,6,WR,2,5,0.029704041748046944,0.056660737548828236
2023,9,6,WR,3,5,0.01925478271484378,0.07591552026367202
2023,9,6,WR,4,5,0.020358393310546882,0.0962739135742189
2023,9,6,WR,5,5,0.02695669580078129,0.12323060937500019
2023,9,6,TE,1,1,0.1736184140624999,0.1736184140624999
2023,9,7,QB,1,1,0.0,0.0
2023,9,7,RB,1,6,0.03432123730468746,0.03432123730468746
2023,9,7,RB,2,6,0.019598039062499982,0.05391927636718744
2023,9,7,RB,3,6,0.038663688232421875,0.09258296459960932
2023,9,7,RB,4,6,0.03160722265624998,0.12419018725585931
2023,9,7,RB,5,6,0.015791115478515597,0.1399813027343749
2023,9,7,RB,6,6,0.010745244140624971,0.15072654687499987
2023,9,7,WR,1,1,0.0,0.0
2023,9,7,TE,1,2,0.02806187011718747,0.02806187011718747
2023,9,7,TE,2,2,0.024760473632812474,0.052822343749999945
2023,9,8,QB,1,2,0.0,0.0
2023,9,8,QB,2,2,0.0,0.0
2023,9,8,RB,1,2,0.01257018749999992,0.01257018749999992
2023,9,8,RB,2,2,0.018371812499999883,0.030941999999999803
2023,9,8,WR,1,6,0.0,0.0
2023,9,8,WR,2,6,0.0,0.0
2023,9,8,WR,3,6,0.0,0.0
2023,9,8,WR,4,6,0.0,0.0
2023,9,8,WR,5,6,0.0,0.0
2023,9,8,WR,6,6,0.0,0.0
2023,9,9,QB,1,3,0.0,0.0
2023,9,9,QB,2,3,0.0,0.0
2023,9,9,QB,3,3,0.0,0.0
2023,9,9,RB,1,5,0.0,0.0
2023,9,9,RB,2,5,0.0,0.0
2023,9,9,RB,3,5,0.0,0.0
2023,9,9,RB,4,5,0.0,0.0
2023,9,9,RB,5,5,0.0,0.0
2023,9,9,WR,1,1,0.0,0.0
2023,9,9,TE,1,3,0.011070457031249956,0.011070457031249956
2023,9,9,TE,2,3,0.015990660156249937,0.027061117187499893
2023,9,9,TE,3,3,0.012300507812499951,0.039361624999999845
2023,9,10,RB,1,4,0.0,0.0
2023,9,10,RB,2,4,0.0,0.0
2023,9,10,RB,3,4,0.0,0.0
2023,9,10,RB,4,4,0.0,0.0
2023,9,10,WR,1,3,0.0,0.0
2023,9,10,WR,2,3,0.0,0.0
2023,9,10,WR,3,3,0.0,0.0
2023,9,10,TE,1,1,0.09269217187499945,0.09269217187499945
2023,9,11,QB,1,3,0.0,0.0
2023,9,11,QB,2,3,0.0,0.0
2023,9,11,QB,3,3,0.0,0.0
2023,9,11,RB,1,2,0.0,0.0
2023,9,11,RB,2,2,0.0,0.0
2023,9,11,WR,1,3,0.00613073242187491,0.00613073242187491
2023,9,11,WR,2,3,0.007969952148437383,0.014100684570312293
2023,9,11,WR,3,3,0.005517659179687419,0.01961834374999971
2023,9,12,QB,1,1,0.0,0.0
2023,9,12,RB,1,3,0.027328235107422022,0.027328235107422022
2023,9,12,RB,2,3,0.0322970051269533,0.05962524023437532
2023,9,12,RB,3,3,0.019875080078125107,0.07950032031250043
2023,9,12,WR,1,4,0.0,0.0
2023,9,12,WR,2,4,0.0,0.0
2023,9,12,WR,3,4,0.0,0.0
2023,9,12,WR,4,4,0.0,0.0
2023,10,1,QB,1,6,0.0,0.0
2023,10,1,QB,2,6,0.0,0.0
2023,10,1,QB,3,6,0.0,0.0
2023,10,1,QB,4,6,0.0,0.0
2023,10,1,QB,5,6,0.0,0.0
2023,10,1,QB,6,6,0.0,0.0
2023,10,1,RB,1,5,0.01774825439453131,0.01774825439453131
2023,10,1,RB,2,5,0.028397207031250093,0.0461454614257814
2023,10,1,RB,3,5,0.024847556152343832,0.07099301757812523
2023,10,1,RB,4,5,0.014198603515625047,0.08519162109375028
2023,10,1,RB,5,5,0.028397207031250093,0.11358882812500037
2023,10,1,WR,1,1,0.0,0.0
2023,10,1,TE,1,1,0.05886254687499998,0.05886254687499998
2023,10,2,QB,1,2,0.0,0.0
2023,10,2,QB,2,2,0.0,0.0
2023,10,2,RB,1,2,0.0,0.0
2023,10,2,RB,2,2,0.0,0.0
2023,10,2,WR,1,4,0.005560071289062489,0.005560071289062489
2023,10,2,WR,2,4,0.005560071289062489,0.011120142578124978
2023,10,2,WR,3,4,0.0047657753906249906,0.01588591796874997
2023,10,2,WR,4,4,0.009531550781249981,0.02541746874999995
2023,10,3,QB,1,3,0.01022202001953127,0.01022202001953127
2023,10,3,QB,2,3,0.006571298583984388,0.01679331860351566
2023,10,3,QB,3,3,0.006571298583984388,0.023364617187500047
2023,10,3,RB,1,4,0.0,0.0
2023,10,3,RB,2,4,0.0,0.0
2023,10,3,RB,3,4,0.0,0.0
2023,10,3,RB,4,4,0.0,0.0
2023,10,3,WR,1,2,0.01292774658203124,0.01292774658203124
2023,10,3,WR,2,2,0.028441042480468727,0.04136878906249997
2023,10,3,TE,1,2,0.0,0.0
2023,10,3,TE,2,2,0.0,0.0
2023,10,4,QB,1,2,0.11285747558593767,0.11285747558593767
2023,10,4,QB,2,2,0.05129885253906258,0.16415632812500025
2023,10,4,RB,1,2,0.0,0.0
2023,10,4,RB,2,2,0.0,0.0
2023,10,4,WR,1,3,0.03840223803710939,0.03840223803710939
2023,10,4,WR,2,3,0.034911125488281264,0.07331336352539065
2023,10,4,WR,3,3,0.03840223803710939,0.11171560156250004
2023,10,4,TE,1,1,0.28365572656249993,0.28365572656249993
2023,10,5,QB,1,1,0.0,0.0
2023,10,5,RB,1,2,0.0,0.0
2023,10,5,RB,2,2,0.0,0.0
2023,10,5,WR,1,3,0.0,0.0
2023,10,5,WR,2,3,0.0,0.0
2023,10,5,WR,3,3,0.0,0.0
2023,10,5,TE,1,1,0.0,0.0
2023,10,6,QB,1,4,0.0,0.0
2023,10,6,QB,2,4,0.0,0.0
2023,10,6,QB,3,4,0.0,0.0
2023,10,6,QB,4,4,0.0,0.0
2023,10,6,RB,1,1,0.0,0.0
2023,10,6,WR,1,4,0.03968926708984366,0.03968926708984366
2023,10,6,WR,2,4,0.033700305175781195,0.07338957226562486
2023,10,6,WR,3,4,0.032742039062500033,0.10613161132812488
2023,10,6,WR,4,4,0.034087583984375044,0.14021919531249993
2023,10,7,QB,1,1,0.0,0.0
2023,10,7,RB,1,5,0.016112399414062506,0.016112399414062506
2023,10,7,RB,2,5,0.02416859912109376,0.040280998535156265
2023,10,7,RB,3,5,0.02416859912109376,0.06444959765625002
2023,10,7,RB,4,5,0.03625289868164064,0.10070249633789066
2023,10,7,RB,5,5,0.028196698974609385,0.12889919531250005
2023,10,7,WR,1,1,0.0,0.0
2023,10,7,TE,1,1,0.0,0.0
2023,10,8,QB,1,2,0.0,0.0
2023,10,8,QB,2,2,0.0,0.0
2023,10,8,RB,1,1,0.0,0.0
2023,10,8,WR,1,6,0.05010245288085938,0.05010245288085938
2023,10,8,WR,2,6,0.05127513964843755,0.10137759252929693
2023,10,8,WR,3,6,0.041472852783203146,0.14285044531250007
2023,10,8,WR,4,6,0.03991397192382813,0.1827644172363282
2023,10,8,WR,5,6,0.038716933593750044,0.22148135083007825
2023,10,8,WR,6,6,0.026708992919921903,0.24819034375000015
2023,10,9,QB,1,3,0.0,0.0
2023,10,9,QB,2,3,0.0,0.0
2023,10,9,QB,3,3,0.0,0.0
2023,10,9,RB,1,5,0.0,0.0
2023,10,9,RB,2,5,0.0,0.0
2023,10,9,RB,3,5,0.0,0.0
2023,10,9,RB,4,5,0.0,0.0
2023,10,9,RB,5,5,0.0,0.0
2023,10,9,WR,1,1,0.0,0.0
2023,10,9,TE,1,3,0.02564122412109369,0.02564122412109369
2023,10,9,TE,2,3,0.031339273925781175,0.05698049804687487
2023,10,9,TE,3,3,0.03418829882812492,0.09116879687499979
2023,10,10,RB,1,4,0.0,0.0
2023,10,10,RB,2,4,0.0,0.0
2023,10,10,RB,3,4,0.0,0.0
2023,10,10,RB,4,4,0.0,0.0
2023,10,10,WR,1,3,0.0,0.0
2023,10,10,WR,2,3,0.0,0.0
2023,10,10,WR,3,3,0.0,0.0
2023,10,11,QB,1,3,0.032851871582031206,0.032851871582031206
2023,10,11,QB,2,3,0.021119060302734347,0.05397093188476555
2023,10,11,QB,3,3,0.021119060302734347,0.0750899921874999
2023,10,11,RB,1,2,0.0,0.0
2023,10,11,RB,2,2,0.0,0.0
2023,10,11,WR,1,3,0.008583025390624874,0.008583025390624874
2023,10,11,WR,2,3,0.004904585937499928,0.013487611328124802
2023,10,11,WR,3,3,0.00613073242187491,0.01961834374999971
2023,10,12,QB,1,1,0.0,0.0
2023,10,12,RB,1,3,0.024843850097656384,0.024843850097656384
2023,10,12,RB,2,3,0.024843850097656384,0.04968770019531277
2023,10,12,RB,3,3,0.02981262011718766,0.07950032031250043
2023,10,12,WR,1,3,0.0,0.0
2023,10,12,WR,2,3,0.0,0.0
2023,10,12,WR,3,3,0.0,0.0
2023,11,1,QB,1,6,0.0,0.0
2023,11,1,QB,2,6,0.0,0.0
2023,11,1,QB,3,6,0.0,0.0
2023,11,1,QB,4,6,0.0,0.0
2023,11,1,QB,5,6,0.0,0.0
2023,11,1,QB,6,6,0.0,0.0
2023,11,1,RB,1,4,0.0,0.0
2023,11,1,RB,2,4,0.0,0.0
2023,11,1,RB,3,4,0.0,0.0
2023,11,1,RB,4,4,0.0,0.0
2023,11,1,TE,1,1,0.05886254687499998,0.05886254687499998
2023,11,2,QB,1,2,0.0,0.0
2023,11,2,QB,2,2,0.0,0.0
2023,11,2,RB,1,3,0.009807093750000051,0.009807093750000051
2023,11,2,RB,2,3,0.015936527343750083,0.025743621093750134
2023,11,2,RB,3,3,0.01348475390625007,0.039228375000000204
2023,11,2,WR,1,3,0.0,0.0
2023,11,2,WR,2,3,0.0,0.0
2023,11,2,WR,3,3,0.0,0.0
2023,11,3,QB,1,3,0.008761731445312518,0.008761731445312518
2023,11,3,QB,2,3,0.008761731445312518,0.017523462890625036
2023,11,3,QB,3,3,0.005841154296875012,0.023364617187500047
2023,11,3,RB,1,4,0.0,0.0
2023,11,3,RB,2,4,0.0,0.0
2023,11,3,RB,3,4,0.0,0.0
2023,11,3,RB,4,4,0.0,0.0
2023,11,3,WR,1,2,0.0,0.0
2023,11,3,WR,2,2,0.0,0.0
2023,11,3,TE,1,2,0.0,0.0
2023,11,3,TE,2,2,0.0,0.0
2023,11,4,QB,1,2,0.19886040039062497,0.19886040039062497
2023,11,4,QB,2,2,0.11931624023437498,0.31817664062499995
2023,11,4,RB,1,2,0.0,0.0
2023,11,4,RB,2,2,0.0,0.0
2023,11,4,WR,1,3,0.032161934326171905,0.032161934326171905
2023,11,4,WR,2,3,0.05342657592773442,0.08558851025390632
2023,11,4,WR,3,3,0.0295187319335938,0.11510724218750013
2023,11,4,TE,1,1,0.2812964531249995,0.2812964531249995
2023,11,5,QB,1,1,0.0,0.0
2023,11,5,RB,1,3,0.0,0.0
2023,11,5,RB,2,3,0.0,0.0
2023,11,5,RB,3,3,0.0,0.0
2023,11,5,WR,1,6,0.028405229003906185,0.028405229003906185
2023,11,5,WR,2,6,0.03248315991210931,0.060888388916015494
2023,11,5,WR,3,6,0.030094773925781207,0.0909831628417967
2023,11,5,WR,4,6,0.03123628271484371,0.12221944555664041
2023,11,5,WR,5,6,0.018088541015624987,0.1403079865722654
2023,11,5,WR,6,6,0.02098877124023435,0.16129675781249975
2023,11,6,QB,1,4,0.047901102539062594,0.047901102539062594
2023,11,6,QB,2,4,0.06158713183593762,0.10948823437500022
2023,11,6,QB,3,4,0.05474411718750011,0.16423235156250032
2023,11,6,QB,4,4,0.05474411718750011,0.21897646875000043
2023,11,6,RB,1,1,0.0,0.0
2023,11,6,WR,1,2,0.0,0.0
2023,11,6,WR,2,2,0.0,0.0
2023,11,7,QB,1,3,0.0,0.0
2023,11,7,QB,2,3,0.0,0.0
2023,11,7,QB,3,3,0.0,0.0
2023,11,7,RB,1,5,0.023710925292968754,0.023710925292968754
2023,11,7,RB,2,5,0.028453110351562505,0.05216403564453126
2023,11,7,RB,3,5,0.028453110351562505,0.08061714599609376
2023,11,7,RB,4,5,0.03793748046875001,0.11855462646484377
2023,11,7,RB,5,5,0.033195295410156256,0.15174992187500003
2023,11,7,WR,1,1,0.0,0.0
2023,11,7,TE,1,2,0.03819795751953119,0.03819795751953119
2023,11,7,TE,2,2,0.04911165966796867,0.08730961718749986
2023,11,8,QB,1,2,0.0,0.0
2023,11,8,QB,2,2,0.0,0.0
2023,11,8,WR,1,8,0.039003994384765546,0.039003994384765546
2023,11,8,WR,2,8,0.034401931884765556,0.0734059262695311
2023,11,8,WR,3,8,0.03978971557617185,0.11319564184570295
2023,11,8,WR,4,8,0.03487576293945309,0.14807140478515604
2023,11,8,WR,5,8,0.040711759277343745,0.1887831640624998
2023,11,8,WR,6,8,0.028180236816406246,0.21696340087890603
2023,11,8,WR,7,8,0.046171001953125027,0.26313440283203104
2023,11,8,WR,8,8,0.05607291748046882,0.3192073203124999
2023,11,9,QB,1,3,0.0,0.0
2023,11,9,QB,2,3,0.0,0.0
2023,11,9,QB,3,3,0.0,0.0
2023,11,9,RB,1,6,0.04522555175781247,0.04522555175781247
2023,11,9,RB,2,6,0.05427066210937496,0.09949621386718743
2023,11,9,RB,3,6,0.05427066210937496,0.15376687597656238
2023,11,9,RB,4,6,0.04522555175781247,0.19899242773437487
2023,11,9,RB,5,6,0.04522555175781247,0.2442179794921873
2023,11,9,RB,6,6,0.04522555175781247,0.2894435312499998
2023,11,9,WR,1,1,0.0,0.0
2023,11,9,TE,1,3,0.08292002929687492,0.08292002929687492
2023,11,9,TE,2,3,0.07601002685546868,0.1589300561523436
2023,11,9,TE,3,3,0.06219002197265619,0.22112007812499979
2023,11,10,RB,1,4,0.0,0.0
2023,11,10,RB,2,4,0.0,0.0
2023,11,10,RB,3,4,0.0,0.0
2023,11,10,RB,4,4,0.0,0.0
2023,11,10,WR,1,3,0.0,0.0
2023,11,10,WR,2,3,0.0,0.0
2023,11,10,WR,3,3,0.0,0.0
2023,11,11,QB,1,4,0.02869740380859373,0.02869740380859373
2023,11,11,QB,2,4,0.02869740380859373,0.05739480761718746
2023,11,11,QB,3,4,0.043046105712890595,0.10044091333007805
2023,11,11,QB,4,4,0.05261190698242184,0.1530528203124999
2023,11,11,RB,1,2,0.0,0.0
2023,11,11,RB,2,2,0.0,0.0
2023,11,11,WR,1,3,0.0,0.0
2023,11,11,WR,2,3,0.0,0.0
2023,11,11,WR,3,3,0.0,0.0
2023,11,12,QB,1,1,0.0,0.0
2023,11,12,RB,1,2,0.0,0.0
2023,11,12,RB,2,2,0.0,0.0
2023,11,12,WR,1,4,0.0,0.0
2023,11,12,WR,2,4,0.0,0.0
2023,11,12,WR,3,4,0.0,0.0
2023,11,12,WR,4,4,0.0,0.0
2023,11,12,TE,1,1,0.0,0.0
2023,12,1,QB,1,6,0.0,0.0
2023,12,1,QB,2,6,0.0,0.0
2023,12,1,QB,3,6,0.0,0.0
2023,12,1,QB,4,6,0.0,0.0
2023,12,1,QB,5,6,0.0,0.0
2023,12,1,QB,6,6,0.0,0.0
2023,12,1,RB,1,4,0.0,0.0
2023,12,1,RB,2,4,0.0,0.0
2023,12,1,RB,3,4,0.0,0.0
2023,12,1,RB,4,4,0.0,0.0
2023,12,1,TE,1,1,0.027584062499999895,0.027584062499999895
2023,12,2,QB,1,1,0.0,0.0
2023,12,2,RB,1,2,0.0,0.0
2023,12,2,RB,2,2,0.0,0.0
2023,12,2,WR,1,4,0.00995425195312491,0.00995425195312491
2023,12,2,WR,2,4,0.00331808398437497,0.01327233593749988
2023,12,2,WR,3,4,0.009124730957031167,0.022397066894531047
2023,12,2,WR,4,4,0.004147604980468712,0.02654467187499976
2023,12,3,QB,1,3,0.0068466640625000075,0.0068466640625000075
2023,12,3,QB,2,3,0.007702497070312508,0.014549161132812516
2023,12,3,QB,3,3,0.012837495117187514,0.02738665625000003
2023,12,3,RB,1,6,0.02958005664062497,0.02958005664062497
2023,12,3,RB,2,6,0.04437008496093746,0.07395014160156244
2023,12,3,RB,3,6,0.04437008496093746,0.11832022656249988
2023,12,3,RB,4,6,0.02958005664062497,0.14790028320312484
2023,12,3,RB,5,6,0.03697507080078121,0.1848753540039061
2023,12,3,RB,6,6,0.0517650991210937,0.23664045312499976
2023,12,3,WR,1,2,0.0,0.0
2023,12,3,WR,2,2,0.0,0.0
2023,12,3,TE,1,2,0.0562502600097657,0.0562502600097657
2023,12,3,TE,2,2,0.06375029467773445,0.12000055468750015
2023,12,4,QB,1,2,0.1690313403320312,0.1690313403320312
2023,12,4,QB,2,2,0.14914530029296874,0.31817664062499995
2023,12,4,RB,1,2,0.04881388598632816,0.04881388598632816
2023,12,4,RB,2,2,0.07134337182617193,0.12015725781250008
2023,12,4,WR,1,2,0.0016958203125000404,0.0016958203125000404
2023,12,4,WR,2,2,0.0016958203125000404,0.003391640625000081
2023,12,5,RB,1,3,0.0,0.0
2023,12,5,RB,2,3,0.0,0.0
2023,12,5,RB,3,3,0.0,0.0
2023,12,5,WR,1,5,0.018508741699218706,0.018508741699218706
2023,12,5,WR,2,5,0.017064852539062467,0.03557359423828117
2023,12,5,WR,3,5,0.02082795117187497,0.05640154541015614
2023,12,5,WR,4,5,0.014177074218749988,0.07057861962890613
2023,12,5,WR,5,5,0.012733185058593749,0.08331180468749988
2023,12,5,TE,1,1,0.0,0.0
2023,12,6,QB,1,5,0.027372058593750054,0.027372058593750054
2023,12,6,QB,2,5,0.04105808789062508,0.06843014648437513
2023,12,6,QB,3,5,0.04105808789062508,0.10948823437500022
2023,12,6,QB,4,5,0.047901102539062594,0.15738933691406282
2023,12,6,QB,5,5,0.06158713183593762,0.21897646875000043
2023,12,6,RB,1,1,0.0,0.0
2023,12,6,WR,1,2,0.0,0.0
2023,12,6,WR,2,2,0.0,0.0
2023,12,7,QB,1,3,0.05178672070312504,0.05178672070312504
2023,12,7,QB,2,3,0.07120674096679692,0.12299346166992198
2023,12,7,QB,3,3,0.08415342114257818,0.20714688281250015
2023,12,7,RB,1,4,0.0,0.0
2023,12,7,RB,2,4,0.0,0.0
2023,12,7,RB,3,4,0.0,0.0
2023,12,7,RB,4,4,0.0,0.0
2023,12,7,WR,1,1,0.0,0.0
2023,12,7,TE,1,1,0.06445889062499988,0.06445889062499988
2023,12,8,QB,1,2,0.00039496337890628647,0.00039496337890628647
2023,12,8,QB,2,2,0.0007540209960938196,0.001148984375000106
2023,12,8,WR,1,8,0.04550039038085928,0.04550039038085928
2023,12,8,WR,2,8,0.052296114990234316,0.0977965053710936
2023,12,8,WR,3,8,0.028852702636718706,0.1266492080078123
2023,12,8,WR,4,8,0.025661132324218752,0.15231034033203106
2023,12,8,WR,5,8,0.05098681201171875,0.20329715234374982
2023,12,8,WR,6,8,0.03481295532226563,0.23811010766601545
2023,12,8,WR,7,8,0.03703223583984376,0.2751423435058592
2023,12,8,WR,8,8,0.04406497680664068,0.3192073203124999
2023,12,9,QB,1,3,0.0,0.0
2023,12,9,QB,2,3,0.0,0.0
2023,12,9,QB,3,3,0.0,0.0
2023,12,9,RB,1,6,0.007128684082031239,0.007128684082031239
2023,12,9,RB,2,6,0.005940570068359366,0.013069254150390605
2023,12,9,RB,3,6,0.005940570068359366,0.01900982421874997
2023,12,9,RB,4,6,0.004752456054687493,0.023762280273437464
2023,12,9,RB,5,6,0.007128684082031239,0.030890964355468703
2023,12,9,RB,6,6,0.007128684082031239,0.03801964843749994
2023,12,9,WR,1,1,0.0,0.0
2023,12,9,TE,1,2,0.0,0.0
2023,12,9,TE,2,2,0.0,0.0
2023,12,10,RB,1,5,0.24925426953124996,0.24925426953124996
2023,12,10,RB,2,5,0.2804110532226562,0.5296653227539061
2023,12,10,RB,3,5,0.18694070214843747,0.7166060249023437
2023,12,10,RB,4,5,0.09347035107421874,0.8100763759765623
2023,12,10,RB,5,5,0.18694070214843744,0.9970170781249998
2023,12,10,WR,1,3,0.0,0.0
2023,12,10,WR,2,3,0.0,0.0
2023,12,10,WR,3,3,0.0,0.0
2023,12,11,QB,1,4,0.02391450317382811,0.02391450317382811
2023,12,11,QB,2,4,0.02869740380859373,0.05261190698242184
2023,12,11,QB,3,4,0.05739480761718746,0.1100067145996093
2023,12,11,QB,4,4,0.043046105712890595,0.1530528203124999
2023,12,11,RB,1,2,0.03053445654296878,0.03053445654296878
2023,12,11,RB,2,2,0.02089199658203127,0.05142645312500005
2023,12,11,WR,1,3,0.0,0.0
2023,12,11,WR,2,3,0.0,0.0
2023,12,11,WR,3,3,0.0,0.0
2023,12,12,QB,1,1,0.0,0.0
2023,12,12,RB,1,2,0.0,0.0
2023,12,12,RB,2,2,0.0,0.0
2023,12,12,WR,1,4,0.0,0.0
2023,12,12,WR,2,4,0.0,0.0
2023,12,12,WR,3,4,0.0,0.0
2023,12,12,WR,4,4,0.0,0.0
2023,12,12,TE,1,1,0.0,0.0
2023,13,1,QB,1,6,0.0,0.0
2023,13,1,QB,2,6,0.0,0.0
2023,13,1,QB,3,6,0.0,0.0
2023,13,1,QB,4,6,0.0,0.0
2023,13,1,QB,5,6,0.0,0.0
2023,13,1,QB,6,6,0.0,0.0
2023,13,1,RB,1,4,0.0,0.0
2023,13,1,RB,2,4,0.0,0.0
2023,13,1,RB,3,4,0.0,0.0
2023,13,1,RB,4,4,0.0,0.0
2023,13,1,TE,1,2,0.07786119287109364,0.07786119287109364
2023,13,1,TE,2,2,0.06055870556640616,0.1384198984374998
2023,13,2,QB,1,1,0.0,0.0
2023,13,2,RB,1,2,0.0,0.0
2023,13,2,RB,2,2,0.0,0.0
2023,13,2,WR,1,4,0.08657851464843741,0.08657851464843741
2023,13,2,WR,2,4,0.014429752441406235,0.10100826708984365
2023,13,2,WR,3,4,0.07936363842773429,0.18037190551757792
2023,13,2,WR,4,4,0.05050413354492182,0.23087603906249976
2023,13,3,QB,1,3,0.0,0.0
2023,13,3,QB,2,3,0.0,0.0
2023,13,3,QB,3,3,0.0,0.0
2023,13,3,RB,1,6,0.02218504248046873,0.02218504248046873
2023,13,3,RB,2,6,0.04437008496093746,0.06655512744140618
2023,13,3,RB,3,6,0.03697507080078122,0.1035301982421874
2023,13,3,RB,4,6,0.04437008496093746,0.14790028320312487
2023,13,3,RB,5,6,0.03697507080078122,0.18487535400390606
2023,13,3,RB,6,6,0.0517650991210937,0.23664045312499976
2023,13,3,WR,1,3,0.0,0.0
2023,13,3,WR,2,3,0.0,0.0
2023,13,3,WR,3,3,0.0,0.0
2023,13,3,TE,1,2,0.06375029467773445,0.06375029467773445
2023,13,3,TE,2,2,0.05625026000976569,0.12000055468750015
2023,13,4,QB,1,2,0.11931624023437498,0.11931624023437498
2023,13,4,QB,2,2,0.19886040039062497,0.31817664062499995
2023,13,4,RB,1,2,0.16556313354492191,0.16556313354492191
2023,13,4,RB,2,2,0.08672354614257816,0.25228667968750007
2023,13,4,WR,1,3,0.0197688666992187,0.0197688666992187
2023,13,4,WR,2,3,0.008512958496093757,0.028281825195312457
2023,13,4,WR,3,3,0.013163706054687488,0.041445531249999945
2023,13,5,RB,1,3,0.0,0.0
2023,13,5,RB,2,3,0.0,0.0
2023,13,5,RB,3,3,0.0,0.0
2023,13,5,WR,1,4,0.0,0.0
2023,13,5,WR,2,4,0.0,0.0
2023,13,5,WR,3,4,0.0,0.0
2023,13,5,WR,4,4,0.0,0.0
2023,13,5,TE,1,1,0.0,0.0
2023,13,6,QB,1,5,0.03703327636718757,0.03703327636718757
2023,13,6,QB,2,5,0.07406655273437514,0.1110998291015627
2023,13,6,QB,3,5,0.05925324218750011,0.17035307128906282
2023,13,6,QB,4,5,0.02221996582031254,0.19257303710937534
2023,13,6,QB,5,5,0.04443993164062508,0.23701296875000044
2023,13,6,RB,1,1,0.0,0.0
2023,13,6,WR,1,2,0.0,0.0
2023,13,6,WR,2,2,0.0,0.0
2023,13,6,TE,1,1,0.015366054687499853,0.015366054687499853
2023,13,7,QB,1,3,0.14132453686523438,0.14132453686523438
2023,13,7,QB,2,3,0.14893405786132818,0.29025859472656257
2023,13,7,QB,3,3,0.05413789746093755,0.3443964921875001
2023,13,7,RB,1,5,0.00015162158203126108,0.00015162158203126108
2023,13,7,RB,2,5,5.0540527343753694e-05,0.00020216210937501478
2023,13,7,RB,3,5,0.00022743237304689162,0.0004295944824219064
2023,13,7,RB,4,5,0.00025270263671876847,0.0006822971191406749
2023,13,7,RB,5,5,0.00012635131835938423,0.0008086484375000591
2023,13,7,WR,1,1,0.0,0.0
2023,13,7,TE,1,1,0.06445889062499988,0.06445889062499988
2023,13,8,QB,1,2,0.0061823232421875235,0.0061823232421875235
2023,13,8,QB,2,2,0.004808473632812518,0.010990796875000042
2023,13,8,WR,1,9,0.03880387158203118,0.03880387158203118
2023,13,8,WR,2,9,0.06115359277343744,0.09995746435546862
2023,13,8,WR,3,9,0.048963804687499946,0.14892126904296854
2023,13,8,WR,4,9,0.041503760253906195,0.19042502929687477
2023,13,8,WR,5,9,0.04038445068359373,0.23080947998046847
2023,13,8,WR,6,9,0.04970319995117187,0.28051267993164036
2023,13,8,WR,7,9,0.06412090991210936,0.34463358984374975
2023,13,8,WR,8,9,0.07479392919921879,0.41942751904296854
2023,13,8,WR,9,9,0.041537230957031296,0.4609647499999998
2023,13,9,QB,1,3,0.0,0.0
2023,13,9,QB,2,3,0.0,0.0
2023,13,9,QB,3,3,0.0,0.0
2023,13,9,RB,1,6,0.030165401855468732,0.030165401855468732
2023,13,9,RB,2,6,0.03254162988281248,0.06270703173828121
2023,13,9,RB,3,6,0.0330585949707031,0.09576562670898431
2023,13,9,RB,4,6,0.00965909594726562,0.10542472265624993
2023,13,9,RB,5,6,0.044059988769531225,0.14948471142578115
2023,13,9,RB,6,6,0.024070647949218732,0.17355535937499988
2023,13,9,WR,1,1,0.0,0.0
2023,13,9,TE,1,2,0.0,0.0
2023,13,9,TE,2,2,0.0,0.0
2023,13,10,RB,1,4,0.0,0.0
2023,13,10,RB,2,4,0.0,0.0
2023,13,10,RB,3,4,0.0,0.0
2023,13,10,RB,4,4,0.0,0.0
2023,13,10,WR,1,4,0.00591387670898438,0.00591387670898438
2023,13,10,WR,2,4,0.021684214599609394,0.027598091308593774
2023,13,10,WR,3,4,0.01182775341796876,0.039425844726562534
2023,13,10,WR,4,4,0.02365550683593752,0.06308135156250005
2023,13,11,QB,1,4,0.043046105712890595,0.043046105712890595
2023,13,11,QB,2,4,0.043046105712890595,0.08609221142578119
2023,13,11,QB,3,4,0.03826320507812497,0.12435541650390616
2023,13,11,QB,4,4,0.02869740380859373,0.1530528203124999
2023,13,11,RB,1,2,0.03214153320312503,0.03214153320312503
2023,13,11,RB,2,2,0.01928491992187502,0.05142645312500005
2023,13,11,WR,1,4,0.0,0.0
2023,13,11,WR,2,4,0.0,0.0
2023,13,11,WR,3,4,0.0,0.0
2023,13,11,WR,4,4,0.0,0.0
2023,13,11,TE,1,2,0.032337527832031206,0.032337527832031206
2023,13,11,TE,2,2,0.02853311279296871,0.06087064062499992
2023,13,12,QB,1,1,0.0,0.0
2023,13,12,RB,1,2,0.0,0.0
2023,13,12,RB,2,2,0.0,0.0
2023,13,12,WR,1,5,0.0,0.0
2023,13,12,WR,2,5,0.0,0.0
2023,13,12,WR,3,5,0.0,0.0
2023,13,12,WR,4,5,0.0,0.0
2023,13,12,WR,5,5,0.0,0.0
2023,13,12,TE,1,1,0.0,0.0
2023,14,1,QB,1,6,0.0,0.0
2023,14,1,QB,2,6,0.0,0.0
2023,14,1,QB,3,6,0.0,0.0
2023,14,1,QB,4,6,0.0,0.0
2023,14,1,QB,5,6,0.0,0.0
2023,14,1,QB,6,6,0.0,0.0
2023,14,1,RB,1,4,0.0,0.0
2023,14,1,RB,2,4,0.0,0.0
2023,14,1,RB,3,4,0.0,0.0
2023,14,1,RB,4,4,0.0,0.0
2023,14,1,TE,1,1,0.0,0.0
2023,14,2,QB,1,1,0.0,0.0
2023,14,2,RB,1,3,0.0038741103515624875,0.0038741103515624875
2023,14,2,RB,2,3,0.0032284252929687396,0.007102535644531227
2023,14,2,RB,3,3,0.0032284252929687396,0.010330960937499967
2023,14,2,WR,1,3,0.021204289550781213,0.021204289550781213
2023,14,2,WR,2,3,0.023324718505859335,0.04452900805664055
2023,14,2,WR,3,3,0.023324718505859335,0.06785372656249988
2023,14,2,TE,1,1,0.16322174218749985,0.16322174218749985
2023,14,3,QB,1,3,0.0,0.0
2023,14,3,QB,2,3,0.0,0.0
2023,14,3,QB,3,3,0.0,0.0
2023,14,3,RB,1,4,0.0,0.0
2023,14,3,RB,2,4,0.0,0.0
2023,14,3,RB,3,4,0.0,0.0
2023,14,3,RB,4,4,0.0,0.0
2023,14,3,WR,1,3,0.0,0.0
2023,14,3,WR,2,3,0.0,0.0
2023,14,3,WR,3,3,0.0,0.0
2023,14,3,TE,1,2,0.052500242675781315,0.052500242675781315
2023,14,3,TE,2,2,0.06750031201171883,0.12000055468750015
2023,14,4,QB,1,2,0.14914530029296874,0.14914530029296874
2023,14,4,QB,2,2,0.1690313403320312,0.31817664062499995
2023,14,4,RB,1,2,0.18141119531250005,0.18141119531250005
2023,14,4,RB,2,2,0.18141119531250005,0.3628223906250001
2023,14,4,WR,1,3,0.01651928076171872,0.01651928076171872
2023,14,4,WR,2,3,0.014246901367187481,0.0307661821289062
2023,14,4,WR,3,3,0.010679349121093744,0.041445531249999945
2023,14,5,RB,1,3,0.03108798779296859,0.03108798779296859
2023,14,5,RB,2,3,0.01776456445312491,0.0488525522460935
2023,14,5,RB,3,3,0.022205705566406136,0.07105825781249964
2023,14,5,WR,1,4,0.0,0.0
2023,14,5,WR,2,4,0.0,0.0
2023,14,5,WR,3,4,0.0,0.0
2023,14,5,WR,4,4,0.0,0.0
2023,14,5,TE,1,1,0.0,0.0
2023,14,6,QB,1,5,0.06836259033203138,0.06836259033203138
2023,14,6,QB,2,5,0.052749025878906355,0.12111161621093774
2023,14,6,QB,3,5,0.09638870361328145,0.2175003198242192
2023,14,6,QB,4,5,0.053549279785156355,0.2710495996093756
2023,14,6,QB,5,5,0.07166579101562515,0.34271539062500067
2023,14,6,RB,1,1,0.0,0.0
2023,14,6,WR,1,2,0.0,0.0
2023,14,6,WR,2,2,0.0,0.0
2023,14,6,TE,1,2,0.08128754541015626,0.08128754541015626
2023,14,6,TE,2,2,0.08629431396484377,0.16758185937500003
2023,14,7,QB,1,3,0.034059614257812565,0.034059614257812565
2023,14,7,QB,2,3,0.017029807128906282,0.05108942138671885
2023,14,7,QB,3,3,0.0267611254882813,0.07785054687500015
2023,14,7,RB,1,5,0.011556235839843741,0.011556235839843741
2023,14,7,RB,2,5,0.030816628906249977,0.04237286474609372
2023,14,7,RB,3,5,0.030816628906249977,0.0731894936523437
2023,14,7,RB,4,5,0.023112471679687482,0.09630196533203117
2023,14,7,RB,5,5,0.02696455029296873,0.1232665156249999
2023,14,7,WR,1,1,0.0,0.0
2023,14,7,TE,1,1,0.06445889062499988,0.06445889062499988
2023,14,8,QB,1,2,0.004808473632812518,0.004808473632812518
2023,14,8,QB,2,2,0.0061823232421875235,0.010990796875000042
2023,14,8,WR,1,7,0.05296204248046878,0.05296204248046878
2023,14,8,WR,2,7,0.021653093749999998,0.07461513623046878
2023,14,8,WR,3,7,0.03561249755859376,0.11022763378906253
2023,14,8,WR,4,7,0.035228426757812514,0.14545606054687504
2023,14,8,WR,5,7,0.048358982666015626,0.19381504321289067
2023,14,8,WR,6,7,0.034479180419921866,0.22829422363281254
2023,14,8,WR,7,7,0.05162275292968749,0.27991697656250003
2023,14,9,QB,1,3,0.0,0.0
2023,14,9,QB,2,3,0.0,0.0
2023,14,9,QB,3,3,0.0,0.0
2023,14,9,RB,1,5,0.04034146289062497,0.04034146289062497
2023,14,9,RB,2,5,0.03372974389648435,0.07407120678710932
2023,14,9,RB,3,5,0.03507204174804686,0.10914324853515618
2023,14,9,RB,4,5,0.03372974389648435,0.14287299243164053
2023,14,9,RB,5,5,0.03068236694335935,0.17355535937499988
2023,14,9,WR,1,1,0.0,0.0
2023,14,9,TE,1,2,0.0,0.0
2023,14,9,TE,2,2,0.0,0.0
2023,14,10,RB,1,4,0.0,0.0
2023,14,10,RB,2,4,0.0,0.0
2023,14,10,RB,3,4,0.0,0.0
2023,14,10,RB,4,4,0.0,0.0
2023,14,10,WR,1,3,0.0,0.0
2023,14,10,WR,2,3,0.0,0.0
2023,14,10,WR,3,3,0.0,0.0
2023,14,11,QB,1,3,0.0,0.0
2023,14,11,QB,2,3,0.0,0.0
2023,14,11,QB,3,3,0.0,0.0
2023,14,11,RB,1,2,0.03053445654296878,0.03053445654296878
2023,14,11,RB,2,2,0.02089199658203127,0.05142645312500005
2023,14,11,WR,1,2,0.0,0.0
2023,14,11,WR,2,2,0.0,0.0
2023,14,11,TE,1,2,0.04027585400390618,0.04027585400390618
2023,14,11,TE,2,2,0.030770567871093692,0.07104642187499988
2023,14,12,QB,1,1,0.0,0.0
2023,14,12,RB,1,2,0.0,0.0
2023,14,12,RB,2,2,0.0,0.0
2023,14,12,WR,1,6,0.008280052734375043,0.008280052734375043
2023,14,12,WR,2,6,0.0041400263671875215,0.012420079101562564
2023,14,12,WR,3,6,0.007245046142578163,0.019665125244140727
2023,14,12,WR,4,6,0.005175032958984402,0.02484015820312513
2023,14,12,WR,5,6,0.0041400263671875215,0.02898018457031265
2023,14,12,WR,6,6,0.0041400263671875215,0.03312021093750017
2023,14,12,TE,1,1,0.0,0.0
2023,15,1,QB,1,6,0.0494830227050781,0.0494830227050781
2023,15,1,QB,2,6,0.022744125976562477,0.07222714868164057
2023,15,1,QB,3,6,0.023060728515624965,0.09528787719726554
2023,15,1,QB,4,6,0.013725626220703106,0.10901350341796866
2023,15,1,QB,5,6,0.013804776855468725,0.12281828027343737
2023,15,1,QB,6,6,0.022744125976562456,0.14556240624999983
2023,15,1,RB,1,5,0.0,0.0
2023,15,1,RB,2,5,0.0,0.0
2023,15,1,RB,3,5,0.0,0.0
2023,15,1,RB,4,5,0.0,0.0
2023,15,1,RB,5,5,0.0,0.0
2023,15,1,WR,1,1,0.04193365625000012,0.04193365625000012
2023,15,1,TE,1,1,0.0,0.0
2023,15,2,QB,1,1,0.07195385937499976,0.07195385937499976
2023,15,2,RB,1,3,0.0035512678222656135,0.0035512678222656135
2023,15,2,RB,2,3,0.004519795410156235,0.008071063232421849
2023,15,2,RB,3,3,0.0022598977050781177,0.010330960937499967
2023,15,2,WR,1,3,0.03180643432617182,0.03180643432617182
2023,15,2,WR,2,3,0.01696343164062497,0.04876986596679679
2023,15,2,WR,3,3,0.019083860595703092,0.06785372656249988
2023,15,2,TE,1,1,0.19874957812499983,0.19874957812499983
2023,15,3,QB,1,3,0.032226398437500026,0.032226398437500026
2023,15,3,QB,2,3,0.014099049316406261,0.04632544775390629
2023,15,3,QB,3,3,0.018127349121093764,0.06445279687500005
2023,15,3,RB,1,4,0.0,0.0
2023,15,3,RB,2,4,0.0,0.0
2023,15,3,RB,3,4,0.0,0.0
2023,15,3,RB,4,4,0.0,0.0
2023,15,3,WR,1,4,0.07686606738281243,0.07686606738281243
2023,15,3,WR,2,4,0.032027528076171846,0.10889359545898428
2023,15,3,WR,3,4,0.05764955053710932,0.1665431459960936
2023,15,3,WR,4,4,0.038433033691406215,0.20497617968749982
2023,15,3,TE,1,2,0.05591354931640628,0.05591354931640628
2023,15,3,TE,2,2,0.07188884912109379,0.12780239843750008
2023,15,4,QB,1,1,0.0,0.0
2023,15,4,RB,1,2,0.21398058691406255,0.21398058691406255
2023,15,4,RB,2,2,0.27511789746093757,0.48909848437500014
2023,15,4,WR,1,3,0.05543658325195308,0.05543658325195308
2023,15,4,WR,2,3,0.03695772216796872,0.0923943054199218
2023,15,4,WR,3,3,0.025870405517578104,0.1182647109374999
2023,15,5,RB,1,3,0.07164231445312477,0.07164231445312477
2023,15,5,RB,2,3,0.04408757812499986,0.11572989257812463
2023,15,5,RB,3,3,0.06062041992187481,0.17635031249999944
2023,15,5,WR,1,5,0.005753755859374959,0.005753755859374959
2023,15,5,WR,2,5,0.0050345363769530894,0.010788292236328049
2023,15,5,WR,3,5,0.0043153168945312195,0.015103609130859268
2023,15,5,WR,4,5,0.0035960974121093496,0.018699706542968618
2023,15,5,WR,5,5,0.0043153168945312195,0.023015023437499837
2023,15,5,TE,1,1,0.0,0.0
2023,15,6,QB,1,4,0.10389888940429687,0.10389888940429687
2023,15,6,QB,2,4,0.13453917382812502,0.2384380632324219
2023,15,6,QB,3,4,0.08179039697265632,0.3202284602050782
2023,15,6,QB,4,4,0.10580152416992196,0.42602998437500017
2023,15,6,RB,1,1,0.0,0.0
2023,15,6,WR,1,3,0.0,0.0
2023,15,6,WR,2,3,0.0,0.0
2023,15,6,WR,3,3,0.0,0.0
2023,15,6,TE,1,2,0.11632076171875003,0.11632076171875003
2023,15,6,TE,2,2,0.10019098828124998,0.21651175
2023,15,7,QB,1,3,0.17303288623046864,0.17303288623046864
2023,15,7,QB,2,3,0.08782544824218749,0.26085833447265616
2023,15,7,QB,3,3,0.08455498583984379,0.34541332031249994
2023,15,7,RB,1,5,0.027519058105468716,0.027519058105468716
2023,15,7,RB,2,5,0.02357456152343747,0.051093619628906184
2023,15,7,RB,3,5,0.04705670507812494,0.09815032470703114
2023,15,7,RB,4,5,0.019814900878906222,0.11796522558593736
2023,15,7,RB,5,5,0.00825866503906248,0.12622389062499983
2023,15,7,WR,1,1,0.0,0.0
2023,15,7,TE,1,1,0.0,0.0
2023,15,8,QB,1,2,0.006525785644531275,0.006525785644531275
2023,15,8,QB,2,2,0.004465011230468767,0.010990796875000042
2023,15,8,WR,1,6,0.06049547045898443,0.06049547045898443
2023,15,8,WR,2,6,0.04292920849609381,0.10342467895507823
2023,15,8,WR,3,6,0.050498062744140655,0.15392274169921888
2023,15,8,WR,4,6,0.07353248779296877,0.22745522949218766
2023,15,8,WR,5,6,0.027228732421875033,0.25468396191406273
2023,15,8,WR,6,6,0.05249683496093752,0.3071807968750002
2023,15,9,QB,1,3,0.0,0.0
2023,15,9,QB,2,3,0.0,0.0
2023,15,9,QB,3,3,0.0,0.0
2023,15,9,RB,1,4,0.029648436767578112,0.029648436767578112
2023,15,9,RB,2,4,0.03811941870117186,0.06776785546874997
2023,15,9,RB,3,4,0.04235490966796873,0.1101227651367187
2023,15,9,RB,4,4,0.02541294580078124,0.13553571093749994
2023,15,9,WR,1,1,0.0,0.0
2023,15,9,TE,1,2,0.0,0.0
2023,15,9,TE,2,2,0.0,0.0
2023,15,10,RB,1,4,0.0,0.0
2023,15,10,RB,2,4,0.0,0.0
2023,15,10,RB,3,4,0.0,0.0
2023,15,10,RB,4,4,0.0,0.0
2023,15,10,WR,1,4,0.028102165527343764,0.028102165527343764
2023,15,10,WR,2,4,0.011240866210937506,0.03934303173828127
2023,15,10,WR,3,4,0.02248173242187501,0.06182476416015628
2023,15,10,WR,4,4,0.028102165527343764,0.08992692968750005
2023,15,11,QB,1,3,0.0,0.0
2023,15,11,QB,2,3,0.0,0.0
2023,15,11,QB,3,3,0.0,0.0
2023,15,11,RB,1,3,0.012856613281250012,0.012856613281250012
2023,15,11,RB,2,3,0.01928491992187502,0.03214153320312503
2023,15,11,RB,3,3,0.01928491992187502,0.05142645312500005
2023,15,11,WR,1,2,0.03224107543945306,0.03224107543945306
2023,15,11,WR,2,2,0.0365398854980468,0.06878096093749986
2023,15,11,TE,1,1,0.08460990624999998,0.08460990624999998
2023,15,12,QB,1,1,0.0,0.0
2023,15,12,RB,1,2,0.0,0.0
2023,15,12,RB,2,2,0.0,0.0
2023,15,12,WR,1,6,0.02138122558593754,0.02138122558593754
2023,15,12,WR,2,6,0.008552490234375015,0.029933715820312554
2023,15,12,WR,3,6,0.008552490234375015,0.03848620605468757
2023,15,12,WR,4,6,0.014966857910156277,0.053453063964843846
2023,15,12,WR,5,6,0.0064143676757812615,0.05986743164062511
2023,15,12,WR,6,6,0.008552490234375015,0.06841992187500012
2023,15,12,TE,1,1,0.0,0.0
2024,3,1,QB,1,2,0.0,0.0
2024,3,1,QB,2,2,0.0,0.0
2024,3,1,RB,1,7,0.02069084960937495,0.02069084960937495
2024,3,1,RB,2,7,0.012931781005859344,0.033622630615234295
2024,3,1,RB,3,7,0.012931781005859344,0.04655441162109364
2024,3,1,RB,4,7,0.010345424804687475,0.056899836425781114
2024,3,1,RB,5,7,0.0077590686035156065,0.06465890502929672
2024,3,1,RB,6,7,0.0077590686035156065,0.07241797363281233
2024,3,1,RB,7,7,0.010345424804687475,0.0827633984374998
2024,3,1,WR,1,4,0.14396741918945294,0.14396741918945294
2024,3,1,WR,2,4,0.11186788745117177,0.2558353066406247
2024,3,1,WR,3,4,0.06431501074218743,0.3201503173828121
2024,3,1,WR,4,4,0.053185206054687434,0.37333552343749954
2024,3,1,TE,1,1,0.0,0.0
2024,3,2,QB,1,1,0.0,0.0
2024,3,2,RB,1,5,0.09225492187499995,0.09225492187499995
2024,3,2,RB,2,5,0.05765932617187497,0.14991424804687492
2024,3,2,RB,3,5,0.06919119140624996,0.21910543945312488
2024,3,2,RB,4,5,0.046127460937499976,0.26523290039062486
2024,3,2,RB,5,5,0.10378678710937495,0.3690196874999998
2024,3,2,WR,1,5,0.0,0.0
2024,3,2,WR,2,5,0.0,0.0
2024,3,2,WR,3,5,0.0,0.0
2024,3,2,WR,4,5,0.0,0.0
2024,3,2,WR,5,5,0.0,0.0
2024,3,2,TE,1,2,0.0,0.0
2024,3,2,TE,2,2,0.0,0.0
2024,3,3,QB,1,10,0.006510863281249987,0.006510863281249987
2024,3,3,QB,2,10,0.0016277158203124968,0.008138579101562484
2024,3,3,QB,3,10,0.0048831474609374904,0.013021726562499975
2024,3,3,QB,4,10,0.0032554316406249936,0.016277158203124968
2024,3,3,QB,5,10,0.013021726562499975,0.029298884765624943
2024,3,3,QB,6,10,0.0048831474609374904,0.03418203222656244
2024,3,3,QB,7,10,0.0016277158203124968,0.03580974804687493
2024,3,3,QB,8,10,0.0032554316406249936,0.039065179687499924
2024,3,3,QB,9,10,0.006510863281249987,0.04557604296874991
2024,3,3,QB,10,10,0.006510863281249987,0.0520869062499999
2024,3,3,RB,1,4,0.04558986035156248,0.04558986035156248
2024,3,3,RB,2,4,0.11397465087890621,0.1595645112304687
2024,3,3,RB,3,4,0.10257718579101559,0.26214169702148427
2024,3,3,RB,4,4,0.10257718579101559,0.36471888281249987
2024,3,3,WR,1,4,0.07217387939453121,0.07217387939453121
2024,3,3,WR,2,4,0.07217387939453121,0.14434775878906242
2024,3,3,WR,3,4,0.05773910351562497,0.20208686230468742
2024,3,3,WR,4,4,0.028869551757812487,0.2309564140624999
2024,3,3,TE,1,2,0.0,0.0
2024,3,3,TE,2,2,0.0,0.0
2024,3,4,QB,1,1,0.0,0.0
2024,3,4,RB,1,1,0.2492425078124998,0.2492425078124998
2024,3,4,WR,1,6,0.09622915258789058,0.09622915258789058
2024,3,4,WR,2,6,0.1173346674804687,0.21356382006835928
2024,3,4,WR,3,6,0.09829572216796871,0.311859542236328
2024,3,4,WR,4,6,0.1045051789550781,0.4163647211914061
2024,3,4,WR,5,6,0.06249570385742187,0.478860425048828
2024,3,4,WR,6,6,0.044282473388671875,0.5231428984374998
2024,3,4,TE,1,2,0.2951835612792967,0.2951835612792967
2024,3,4,TE,2,2,0.27038082934570296,0.5655643906249996
2024,3,5,QB,1,2,0.0,0.0
2024,3,5,QB,2,2,0.0,0.0
2024,3,5,RB,1,3,0.0,0.0
2024,3,5,RB,2,3,0.0,0.0
2024,3,5,RB,3,3,0.0,0.0
2024,3,5,WR,1,8,0.015637420898437518,0.015637420898437518
2024,3,5,WR,2,8,0.010424947265625012,0.02606236816406253
2024,3,5,WR,3,8,0.01071911669921876,0.03678148486328129
2024,3,5,WR,4,8,0.005212473632812506,0.041993958496093796
2024,3,5,WR,5,8,0.00926891357421876,0.051262872070312555
2024,3,5,WR,6,8,0.010992642089843768,0.062255514160156324
2024,3,5,WR,7,8,0.011875150390625012,0.07413066455078134
2024,3,5,WR,8,8,0.00926891357421876,0.0833995781250001
2024,3,5,TE,1,2,0.0006377570800781135,0.0006377570800781135
2024,3,5,TE,2,2,0.00033406323242186897,0.0009718203124999825
2024,3,6,QB,1,4,0.0,0.0
2024,3,6,QB,2,4,0.0,0.0
2024,3,6,QB,3,4,0.0,0.0
2024,3,6,QB,4,4,0.0,0.0
2024,3,6,RB,1,3,0.01719344409179682,0.01719344409179682
2024,3,6,RB,2,3,0.03849698095703116,0.055690425048827985
2024,3,6,RB,3,3,0.02198019213867181,0.07767061718749979
2024,3,6,WR,1,4,0.03083692968749996,0.03083692968749996
2024,3,6,WR,2,4,0.04625539453124994,0.0770923242187499
2024,3,6,WR,3,4,0.03083692968749996,0.10792925390624986
2024,3,6,WR,4,4,0.056534371093749924,0.16446362499999978
2024,3,6,TE,1,1,0.0,0.0
2024,3,7,QB,1,4,0.1049854858398436,0.1049854858398436
2024,3,7,QB,2,4,0.04199419433593744,0.14697968017578106
2024,3,7,QB,3,4,0.09448693725585926,0.24146661743164033
2024,3,7,QB,4,4,0.09448693725585926,0.33595355468749954
2024,3,7,RB,1,9,0.015369510498046829,0.015369510498046829
2024,3,7,RB,2,9,0.011355625244140612,0.02672513574218744
2024,3,7,RB,3,9,0.013941672851562482,0.04066680859374992
2024,3,7,RB,4,9,0.0200700969238281,0.06073690551757802
2024,3,7,RB,5,9,0.01384783129882812,0.07458473681640615
2024,3,7,RB,6,9,0.01660334472656249,0.09118808154296863
2024,3,7,RB,7,9,0.009917945556640613,0.10110602709960925
2024,3,7,RB,8,9,0.008701614501953128,0.10980764160156237
2024,3,7,RB,9,9,0.011457045898437483,0.12126468749999986
2024,3,7,WR,1,1,0.14516528906250004,0.14516528906250004
2024,3,7,TE,1,1,0.0,0.0
2024,3,8,QB,1,4,0.0,0.0
2024,3,8,QB,2,4,0.0,0.0
2024,3,8,QB,3,4,0.0,0.0
2024,3,8,QB,4,4,0.0,0.0
2024,3,8,RB,1,2,0.0,0.0
2024,3,8,RB,2,2,0.0,0.0
2024,3,8,WR,1,10,0.03605496630859369,0.03605496630859369
2024,3,8,WR,2,10,0.034206844970703074,0.07026181127929677
2024,3,8,WR,3,10,0.039400721191406196,0.10966253247070296
2024,3,8,WR,4,10,0.032487653564453066,0.14215018603515603
2024,3,8,WR,5,10,0.023717343749999953,0.16586752978515598
2024,3,8,WR,6,10,0.023461692382812465,0.18932922216796844
2024,3,8,WR,7,10,0.026344661865234317,0.21567388403320276
2024,3,8,WR,8,10,0.03968704516601555,0.2553609291992183
2024,3,8,WR,9,10,0.022334216308593707,0.27769514550781205
2024,3,8,WR,10,10,0.020898237304687452,0.2985933828124995
2024,3,9,QB,1,3,0.06376173925781246,0.06376173925781246
2024,3,9,QB,2,3,0.09918492773437494,0.1629466669921874
2024,3,9,QB,3,3,0.06376173925781246,0.22670840624999988
2024,3,9,RB,1,6,0.09237592041015621,0.09237592041015621
2024,3,9,RB,2,6,0.15361421679687498,0.24599013720703122
2024,3,9,RB,3,6,0.09313923999023432,0.33912937719726555
2024,3,9,RB,4,6,0.14009051977539055,0.4792198969726561
2024,3,9,RB,5,6,0.06532852636718744,0.5445484233398435
2024,3,9,RB,6,6,0.09237592041015619,0.6369243437499997
2024,3,9,WR,1,5,0.09419184936523428,0.09419184936523428
2024,3,9,WR,2,5,0.07116522949218743,0.16535707885742174
2024,3,9,WR,3,5,0.1680724372558592,0.3334295161132809
2024,3,9,WR,4,5,0.16870242578124983,0.5021319418945307
2024,3,9,WR,5,5,0.06718989404296868,0.5693218359374994
2024,3,9,TE,1,3,0.1685964863281249,0.1685964863281249
2024,3,9,TE,2,3,0.2884976874999999,0.45709417382812473
2024,3,9,TE,3,3,0.21729177148437495,0.6743859453124997
2024,3,10,QB,1,3,0.0,0.0
2024,3,10,QB,2,3,0.0,0.0
2024,3,10,QB,3,3,0.0,0.0
2024,3,10,RB,1,4,0.030110345947265624,0.030110345947265624
2024,3,10,RB,2,4,0.029143339355468756,0.05925368530273438
2024,3,10,RB,3,4,0.03226664624023437,0.09152033154296875
2024,3,10,RB,4,4,0.015538676269531246,0.1070590078125
2024,3,10,WR,1,4,0.007267084960937489,0.007267084960937489
2024,3,10,WR,2,4,0.007993793457031238,0.015260878417968728
2024,3,10,WR,3,4,0.0029068339843749957,0.018167712402343723
2024,3,10,WR,4,4,0.0050869594726562425,0.023254671874999966
2024,3,10,TE,1,4,0.00975804418945312,0.00975804418945312
2024,3,10,TE,2,4,0.026021451171874987,0.03577949536132811
2024,3,10,TE,3,4,0.03577949536132811,0.07155899072265622
2024,3,10,TE,4,4,0.032526813964843734,0.10408580468749995
2024,3,11,QB,1,4,0.0,0.0
2024,3,11,QB,2,4,0.0,0.0
2024,3,11,QB,3,4,0.0,0.0
2024,3,11,QB,4,4,0.0,0.0
2024,3,11,RB,1,2,0.0833523786621093,0.0833523786621093
2024,3,11,RB,2,2,0.04366076977539059,0.1270131484374999
2024,3,11,WR,1,3,0.03659834399414065,0.03659834399414065
2024,3,11,WR,2,3,0.048797791992187534,0.08539613598632818
2024,3,11,WR,3,3,0.044731309326171906,0.1301274453125001
2024,3,11,TE,1,1,0.0,0.0
2024,3,12,QB,1,1,0.0,0.0
2024,3,12,RB,1,3,0.03639100561523439,0.03639100561523439
2024,3,12,RB,2,3,0.030289105468749994,0.06668011108398439
2024,3,12,RB,3,3,0.03739769360351556,0.10407780468749994
2024,3,12,WR,1,5,0.01818575610351561,0.01818575610351561
2024,3,12,WR,2,5,0.07274302441406244,0.09092878051757805
2024,3,12,WR,3,5,0.02424767480468748,0.11517645532226553
2024,3,12,WR,4,5,0.04849534960937496,0.1636718049316405
2024,3,12,WR,5,5,0.03030959350585935,0.19398139843749984
2024,3,12,TE,1,2,0.0,0.0
2024,3,12,TE,2,2,0.0,0.0
2024,4,1,QB,1,2,0.0,0.0
2024,4,1,QB,2,2,0.0,0.0
2024,4,1,RB,1,7,0.015518137207031213,0.015518137207031213
2024,4,1,RB,2,7,0.01810449340820308,0.033622630615234295
2024,4,1,RB,3,7,0.002586356201171869,0.03620898681640616
2024,4,1,RB,4,7,0.002586356201171869,0.03879534301757803
2024,4,1,RB,5,7,0.010345424804687475,0.04914076782226551
2024,4,1,RB,6,7,0.01810449340820308,0.06724526123046859
2024,4,1,RB,7,7,0.015518137207031213,0.0827633984374998
2024,4,1,WR,1,2,0.011242898437499954,0.011242898437499954
2024,4,1,WR,2,2,0.008744476562499964,0.01998737499999992
2024,4,1,TE,1,1,0.0,0.0
2024,4,2,QB,1,1,0.2993110859374999,0.2993110859374999
2024,4,2,RB,1,5,0.08072305664062496,0.08072305664062496
2024,4,2,RB,2,5,0.08072305664062496,0.16144611328124991
2024,4,2,RB,3,5,0.08072305664062496,0.24216916992187487
2024,4,2,RB,4,5,0.046127460937499976,0.28829663085937485
2024,4,2,RB,5,5,0.08072305664062496,0.3690196874999998
2024,4,2,WR,1,6,0.009971831787109343,0.009971831787109343
2024,4,2,WR,2,6,0.01151760009765622,0.021489431884765563
2024,4,2,WR,3,6,0.015245703369140572,0.036735135253906134
2024,4,2,WR,4,6,0.015185048095703084,0.05192018334960922
2024,4,2,WR,5,6,0.03158257421874988,0.08350275756835909
2024,4,2,WR,6,6,0.01736738305664056,0.10087014062499966
2024,4,2,TE,1,2,0.0,0.0
2024,4,2,TE,2,2,0.0,0.0
2024,4,3,QB,1,10,0.006510863281250001,0.006510863281250001
2024,4,3,QB,2,10,0.004883147460937501,0.011394010742187502
2024,4,3,QB,3,10,0.0032554316406250006,0.014649442382812503
2024,4,3,QB,4,10,0.0032554316406250006,0.017904874023437503
2024,4,3,QB,5,10,0.004883147460937501,0.022788021484375004
2024,4,3,QB,6,10,0.004883147460937501,0.027671168945312505
2024,4,3,QB,7,10,0.0016277158203125003,0.029298884765625005
2024,4,3,QB,8,10,0.008138579101562501,0.037437463867187507
2024,4,3,QB,9,10,0.008138579101562501,0.04557604296875001
2024,4,3,QB,10,10,0.006510863281250001,0.05208690625000001
2024,4,3,RB,1,3,0.16396047021484367,0.16396047021484367
2024,4,3,RB,2,3,0.09369169726562496,0.2576521674804686
2024,4,3,RB,3,3,0.11711462158203119,0.3747667890624998
2024,4,3,WR,1,2,0.0,0.0
2024,4,3,WR,2,2,0.0,0.0
2024,4,3,TE,1,2,0.0,0.0
2024,4,3,TE,2,2,0.0,0.0
2024,4,4,QB,1,1,0.0,0.0
2024,4,4,RB,1,1,0.47301570312499996,0.47301570312499996
2024,4,4,WR,1,5,0.09494563842773432,0.09494563842773432
2024,4,4,WR,2,5,0.06084686914062494,0.15579250756835927
2024,4,4,WR,3,5,0.05251615112304681,0.20830865869140608
2024,4,4,WR,4,5,0.06007097192382807,0.2683796306152341
2024,4,4,WR,5,5,0.047860767822265594,0.31624039843749974
2024,4,5,QB,1,2,0.0,0.0
2024,4,5,QB,2,2,0.0,0.0
2024,4,5,RB,1,3,0.0,0.0
2024,4,5,RB,2,3,0.0,0.0
2024,4,5,RB,3,3,0.0,0.0
2024,4,5,WR,1,9,0.012015380371093756,0.012015380371093756
2024,4,5,WR,2,9,0.012895577148437507,0.024910957519531263
2024,4,5,WR,3,9,0.021265961425781268,0.046176918945312534
2024,4,5,WR,4,9,0.029240922851562524,0.07541784179687505
2024,4,5,WR,5,9,0.01577765087890626,0.09119549267578131
2024,4,5,WR,6,9,0.024890313476562523,0.11608580615234383
2024,4,5,WR,7,9,0.02518448291015627,0.1412702890625001
2024,4,5,WR,8,9,0.016207427246093767,0.15747771630859386
2024,4,5,WR,9,9,0.023148252441406267,0.18062596875000014
2024,4,5,TE,1,2,0.0022817856445312493,0.0022817856445312493
2024,4,5,TE,2,2,0.0017747221679687494,0.004056507812499999
2024,4,6,QB,1,4,0.0893239047851562,0.0893239047851562
2024,4,6,QB,2,4,0.07132416601562497,0.16064807080078117
2024,4,6,QB,3,4,0.08011160180664062,0.24075967260742182
2024,4,6,QB,4,4,0.04443702270507813,0.2851966953124999
2024,4,6,RB,1,3,0.0685246257324218,0.0685246257324218
2024,4,6,RB,2,3,0.07896410302734364,0.14748872875976543
2024,4,6,RB,3,3,0.0550178024902343,0.20250653124999973
2024,4,6,WR,1,3,0.0,0.0
2024,4,6,WR,2,3,0.0,0.0
2024,4,6,WR,3,3,0.0,0.0
2024,4,6,TE,1,1,0.0,0.0
2024,4,7,QB,1,4,0.07348984008789064,0.07348984008789064
2024,4,7,QB,2,4,0.08398838867187502,0.15747822875976566
2024,4,7,QB,3,4,0.0944869372558594,0.2519651660156251
2024,4,7,QB,4,4,0.08398838867187502,0.3359535546875001
2024,4,7,RB,1,8,0.005680492675781239,0.005680492675781239
2024,4,7,RB,2,8,0.005404246093750002,0.011084738769531241
2024,4,7,RB,3,8,0.009311350585937482,0.020396089355468723
2024,4,7,RB,4,8,0.002503008300781255,0.022899097656249978
2024,4,7,RB,5,8,0.0039720085449218845,0.026871106201171863
2024,4,7,RB,6,8,0.002713554687500022,0.029584660888671885
2024,4,7,RB,7,8,0.0018619516601562705,0.031446612548828155
2024,4,7,RB,8,8,0.0016416452636718662,0.03308825781250002
2024,4,7,TE,1,1,0.0,0.0
2024,4,8,QB,1,4,0.0,0.0
2024,4,8,QB,2,4,0.0,0.0
2024,4,8,QB,3,4,0.0,0.0
2024,4,8,QB,4,4,0.0,0.0
2024,4,8,RB,1,2,0.0,0.0
2024,4,8,RB,2,2,0.0,0.0
2024,4,8,WR,1,9,0.04017605957031241,0.04017605957031241
2024,4,8,WR,2,9,0.0359218601074218,0.07609791967773422
2024,4,8,WR,3,9,0.021005930419921826,0.09710385009765604
2024,4,8,WR,4,9,0.027861810058593693,0.12496566015624974
2024,4,8,WR,5,9,0.027716671874999932,0.15268233203124967
2024,4,8,WR,6,9,0.024357010742187442,0.1770393427734371
2024,4,8,WR,7,9,0.03672890112304677,0.21376824389648386
2024,4,8,WR,8,9,0.02959241528320304,0.2433606591796869
2024,4,8,WR,9,9,0.022837317382812417,0.2661979765624993
2024,4,9,QB,1,3,0.08963255712890619,0.08963255712890619
2024,4,9,QB,2,3,0.17926511425781239,0.2688976713867186
2024,4,9,QB,3,3,0.20914263330078112,0.4780403046874997
2024,4,9,RB,1,5,0.04117368286132808,0.04117368286132808
2024,4,9,RB,2,5,0.057643156005859314,0.0988168388671874
2024,4,9,RB,3,5,0.057643156005859314,0.1564599948730467
2024,4,9,RB,4,5,0.057643156005859314,0.21410315087890602
2024,4,9,RB,5,5,0.0494084194335937,0.2635115703124997
2024,4,9,WR,1,6,0.15564912353515614,0.15564912353515614
2024,4,9,WR,2,6,0.08178944335937494,0.23743856689453108
2024,4,9,WR,3,6,0.09760353686523429,0.3350421037597654
2024,4,9,WR,4,6,0.158277233642578,0.49331933740234335
2024,4,9,WR,5,6,0.15302101342773422,0.6463403508300776
2024,4,9,WR,6,6,0.11346306323242174,0.7598034140624993
2024,4,9,TE,1,2,0.3253222741699217,0.3253222741699217
2024,4,9,TE,2,2,0.17040690551757803,0.49572917968749974
2024,4,10,QB,1,3,0.0,0.0
2024,4,10,QB,2,3,0.0,0.0
2024,4,10,QB,3,3,0.0,0.0
2024,4,10,RB,1,3,0.03065017578125001,0.03065017578125001
2024,4,10,RB,2,3,0.04144037597656251,0.07209055175781252
2024,4,10,RB,3,3,0.05051015136718752,0.12260070312500004
2024,4,10,WR,1,4,0.0050869594726562425,0.0050869594726562425
2024,4,10,WR,2,4,0.0050869594726562425,0.010173918945312485
2024,4,10,WR,3,4,0.0050869594726562425,0.015260878417968728
2024,4,10,WR,4,4,0.007993793457031238,0.023254671874999966
2024,4,10,TE,1,4,0.02927413256835936,0.02927413256835936
2024,4,10,TE,2,4,0.013010725585937494,0.042284858154296855
2024,4,10,TE,3,4,0.02927413256835936,0.07155899072265622
2024,4,10,TE,4,4,0.032526813964843734,0.10408580468749995
2024,4,11,QB,1,4,0.0,0.0
2024,4,11,QB,2,4,0.0,0.0
2024,4,11,QB,3,4,0.0,0.0
2024,4,11,QB,4,4,0.0,0.0
2024,4,11,RB,1,2,0.06350657421874994,0.06350657421874994
2024,4,11,RB,2,2,0.06350657421874994,0.1270131484374999
2024,4,11,WR,1,2,0.0,0.0
2024,4,11,WR,2,2,0.0,0.0
2024,4,11,TE,1,1,0.0,0.0
2024,4,12,QB,1,1,0.0,0.0
2024,4,12,RB,1,1,0.0,0.0
2024,4,12,WR,1,4,0.0,0.0
2024,4,12,WR,2,4,0.0,0.0
2024,4,12,WR,3,4,0.0,0.0
2024,4,12,WR,4,4,0.0,0.0
2024,4,12,TE,1,2,0.006711010742187495,0.006711010742187495
2024,4,12,TE,2,2,0.01476422363281249,0.021475234374999985
2024,5,1,QB,1,2,0.0,0.0
2024,5,1,QB,2,2,0.0,0.0
2024,5,1,RB,1,6,0.01810449340820308,0.01810449340820308
2024,5,1,RB,2,6,0.0077590686035156065,0.025863562011718688
2024,5,1,RB,3,6,0.01810449340820308,0.04396805541992177
2024,5,1,RB,4,6,0.015518137207031213,0.05948619262695298
2024,5,1,RB,5,6,0.01810449340820308,0.07759068603515606
2024,5,1,RB,6,6,0.005172712402343738,0.0827633984374998
2024,5,1,WR,1,2,0.008744476562499964,0.008744476562499964
2024,5,1,WR,2,2,0.011242898437499954,0.01998737499999992
2024,5,1,TE,1,1,0.0,0.0
2024,5,2,QB,1,1,0.2993110859374999,0.2993110859374999
2024,5,2,RB,1,5,0.10378678710937495,0.10378678710937495
2024,5,2,RB,2,5,0.06919119140624996,0.1729779785156249
2024,5,2,RB,3,5,0.05765932617187497,0.23063730468749988
2024,5,2,RB,4,5,0.046127460937499976,0.27676476562499985
2024,5,2,RB,5,5,0.09225492187499995,0.3690196874999998
2024,5,2,WR,1,5,0.006644458740234373,0.006644458740234373
2024,5,2,WR,2,5,0.006022823242187503,0.012667281982421875
2024,5,2,WR,3,5,0.008899340820312497,0.021566622802734373
2024,5,2,WR,4,5,0.010156419921874993,0.031723042724609365
2024,5,2,WR,5,5,0.007456793212890597,0.03917983593749996
2024,5,2,TE,1,2,0.0,0.0
2024,5,2,TE,2,2,0.0,0.0
2024,5,3,QB,1,9,0.007457952148437488,0.007457952148437488
2024,5,3,QB,2,9,0.003728976074218744,0.011186928222656232
2024,5,3,QB,3,9,0.0335607846679687,0.04474771289062493
2024,5,3,QB,4,9,0.014915904296874977,0.05966361718749991
2024,5,3,QB,5,9,0.014915904296874977,0.07457952148437488
2024,5,3,QB,6,9,0.007457952148437488,0.08203747363281237
2024,5,3,QB,7,9,0.01864488037109372,0.1006823540039061
2024,5,3,QB,8,9,0.011186928222656232,0.11186928222656232
2024,5,3,QB,9,9,0.007457952148437488,0.11932723437499981
2024,5,3,RB,1,3,0.2944678710937499,0.2944678710937499
2024,5,3,RB,2,3,0.13741833984374996,0.43188621093749985
2024,5,3,RB,3,3,0.19631191406249993,0.6281981249999998
2024,5,3,WR,1,1,0.0,0.0
2024,5,3,TE,1,2,0.0,0.0
2024,5,3,TE,2,2,0.0,0.0
2024,5,4,QB,1,1,0.0,0.0
2024,5,4,WR,1,5,0.07696033520507811,0.07696033520507811
2024,5,4,WR,2,5,0.09795839697265626,0.17491873217773438
2024,5,4,WR,3,5,0.06219386962890625,0.23711260180664062
2024,5,4,WR,4,5,0.09795839697265626,0.3350709987792969
2024,5,4,WR,5,5,0.06296976684570313,0.398040765625
2024,5,5,QB,1,2,0.0,0.0
2024,5,5,QB,2,2,0.0,0.0
2024,5,5,RB,1,3,0.0,0.0
2024,5,5,RB,2,3,0.0,0.0
2024,5,5,RB,3,3,0.0,0.0
2024,5,5,WR,1,9,0.0764499357910156,0.0764499357910156
2024,5,5,WR,2,9,0.06092955541992187,0.13737949121093745
2024,5,5,WR,3,9,0.06094045751953127,0.1983199487304687
2024,5,5,WR,4,9,0.04609878417968749,0.2444187329101562
2024,5,5,WR,5,9,0.06900917651367187,0.31342790942382803
2024,5,5,WR,6,9,0.06313952807617185,0.3765674375
2024,5,5,WR,7,9,0.06393120874023431,0.44049864624023427
2024,5,5,WR,8,9,0.056341397949218705,0.49684004418945293
2024,5,5,WR,9,9,0.09510116674804668,0.5919412109374996
2024,5,5,TE,1,2,0.0016479562988281245,0.0016479562988281245
2024,5,5,TE,2,2,0.0024085515136718742,0.004056507812499999
2024,5,6,QB,1,4,0.10712370605468743,0.10712370605468743
2024,5,6,QB,2,4,0.053524364746093726,0.16064807080078117
2024,5,6,QB,3,4,0.08011160180664062,0.24075967260742182
2024,5,6,QB,4,4,0.04443702270507813,0.2851966953124999
2024,5,6,RB,1,2,0.1007119414062499,0.1007119414062499
2024,5,6,RB,2,2,0.1007119414062499,0.2014238828124998
2024,5,6,WR,1,3,0.0,0.0
2024,5,6,WR,2,3,0.0,0.0
2024,5,6,WR,3,3,0.0,0.0
2024,5,6,TE,1,1,0.0,0.0
2024,5,7,QB,1,3,0.0,0.0
2024,5,7,QB,2,3,0.0,0.0
2024,5,7,QB,3,3,0.0,0.0
2024,5,7,RB,1,7,0.004828889648437515,0.004828889648437515
2024,5,7,RB,2,7,0.005081476806640638,0.009910366455078153
2024,5,7,RB,3,7,0.009563937744140646,0.0194743041992188
2024,5,7,RB,4,7,0.004847270996093757,0.024321575195312556
2024,5,7,RB,5,7,0.004000149902343743,0.0283217250976563
2024,5,7,RB,6,7,0.002156579589843742,0.03047830468750004
2024,5,7,RB,7,7,0.0026099531249999808,0.03308825781250002
2024,5,7,TE,1,1,0.0,0.0
2024,5,8,QB,1,2,0.0,0.0
2024,5,8,QB,2,2,0.0,0.0
2024,5,8,RB,1,2,0.0,0.0
2024,5,8,RB,2,2,0.0,0.0
2024,5,8,WR,1,7,0.006528972900390631,0.006528972900390631
2024,5,8,WR,2,7,0.011566810791015632,0.018095783691406263
2024,5,8,WR,3,7,0.013057945800781248,0.03115372949218751
2024,5,8,WR,4,7,0.007629210693359326,0.03878294018554684
2024,5,8,WR,5,7,0.007238313476562459,0.046021253662109296
2024,5,8,WR,6,7,0.006847416259765579,0.052868669921874875
2024,5,8,WR,7,7,0.005037837890624966,0.05790650781249984
2024,5,9,QB,1,4,0.2911093708496092,0.2911093708496092
2024,5,9,QB,2,4,0.2614827416992187,0.5525921125488278
2024,5,9,QB,3,4,0.2160388408203125,0.7686309533691404
2024,5,9,QB,4,4,0.20118614038085944,0.9698170937499998
2024,5,9,RB,1,5,0.041173682861328095,0.041173682861328095
2024,5,9,RB,2,5,0.04940841943359372,0.0905821022949218
2024,5,9,RB,3,5,0.10705157543945307,0.19763367773437487
2024,5,9,RB,4,5,0.041173682861328095,0.23880736059570298
2024,5,9,RB,5,5,0.02470420971679686,0.26351157031249983
2024,5,9,WR,1,5,0.05278936645507807,0.05278936645507807
2024,5,9,WR,2,5,0.05278936645507806,0.10557873291015614
2024,5,9,WR,3,5,0.10557873291015614,0.21115746582031228
2024,5,9,WR,4,5,0.05278936645507807,0.26394683227539034
2024,5,9,WR,5,5,0.0739051130371093,0.3378519453124996
2024,5,9,TE,1,1,0.0,0.0
2024,5,10,QB,1,3,0.0,0.0
2024,5,10,QB,2,3,0.0,0.0
2024,5,10,QB,3,3,0.0,0.0
2024,5,10,RB,1,3,0.1112565471191406,0.1112565471191406
2024,5,10,RB,2,3,0.09075462158203122,0.2020111687011718
2024,5,10,RB,3,3,0.0833993703613281,0.2854105390624999
2024,5,10,WR,1,3,0.0,0.0
2024,5,10,WR,2,3,0.0,0.0
2024,5,10,WR,3,3,0.0,0.0
2024,5,10,TE,1,4,0.02073448974609378,0.02073448974609378
2024,5,10,TE,2,4,0.04146897949218756,0.062203469238281336
2024,5,10,TE,3,4,0.02419023803710941,0.08639370727539075
2024,5,10,TE,4,4,0.02419023803710941,0.11058394531250015
2024,5,11,QB,1,4,0.0,0.0
2024,5,11,QB,2,4,0.0,0.0
2024,5,11,QB,3,4,0.0,0.0
2024,5,11,QB,4,4,0.0,0.0
2024,5,11,RB,1,2,0.07541405688476556,0.07541405688476556
2024,5,11,RB,2,2,0.05159909155273433,0.1270131484374999
2024,5,11,WR,1,2,0.0,0.0
2024,5,11,WR,2,2,0.0,0.0
2024,5,11,TE,1,1,0.0,0.0
2024,5,12,QB,1,1,0.0,0.0
2024,5,12,RB,1,1,0.0,0.0
2024,5,12,WR,1,4,0.0,0.0
2024,5,12,WR,2,4,0.0,0.0
2024,5,12,WR,3,4,0.0,0.0
2024,5,12,WR,4,4,0.0,0.0
2024,5,12,TE,1,2,0.009395415039062494,0.009395415039062494
2024,5,12,TE,2,2,0.012079819335937492,0.021475234374999985
2024,6,1,QB,1,2,0.0,0.0
2024,6,1,QB,2,2,0.0,0.0
2024,6,1,RB,1,6,0.0,0.0
2024,6,1,RB,2,6,0.0,0.0
2024,6,1,RB,3,6,0.0,0.0
2024,6,1,RB,4,6,0.0,0.0
2024,6,1,RB,5,6,0.0,0.0
2024,6,1,RB,6,6,0.0,0.0
2024,6,1,WR,1,2,0.010618292968749957,0.010618292968749957
2024,6,1,WR,2,2,0.009369082031249962,0.01998737499999992
2024,6,1,TE,1,1,0.0,0.0
2024,6,2,QB,1,1,0.2993110859374999,0.2993110859374999
2024,6,2,RB,1,5,0.06919119140624996,0.06919119140624996
2024,6,2,RB,2,5,0.05765932617187497,0.12685051757812493
2024,6,2,RB,3,5,0.14991424804687492,0.27676476562499985
2024,6,2,RB,4,5,0.03459559570312498,0.31136036132812484
2024,6,2,RB,5,5,0.05765932617187497,0.3690196874999998
2024,6,2,WR,1,5,0.011249054443359378,0.011249054443359378
2024,6,2,WR,2,5,0.007568591552734379,0.018817645996093757
2024,6,2,WR,3,5,0.007024820800781241,0.025842466796874998
2024,6,2,WR,4,5,0.006648653320312482,0.03249112011718748
2024,6,2,WR,5,5,0.0066887158203124825,0.03917983593749996
2024,6,2,TE,1,2,0.0,0.0
2024,6,2,TE,2,2,0.0,0.0
2024,6,3,QB,1,9,0.01990126196289061,0.01990126196289061
2024,6,3,QB,2,9,0.03865942016601561,0.05856068212890622
2024,6,3,QB,3,9,0.02928034106445311,0.08784102319335933
2024,6,3,QB,4,9,0.015463768066406244,0.10330479125976558
2024,6,3,QB,5,9,0.018254066894531233,0.12155885815429682
2024,6,3,QB,6,9,0.019397170654296844,0.14095602880859365
2024,6,3,QB,7,9,0.021044365722656222,0.16200039453124987
2024,6,3,QB,8,9,0.019397170654296844,0.18139756518554673
2024,6,3,QB,9,9,0.0133124816894531,0.19471004687499982
2024,6,3,RB,1,2,0.0,0.0
2024,6,3,RB,2,2,0.0,0.0
2024,6,3,WR,1,1,0.0,0.0
2024,6,3,TE,1,2,0.0,0.0
2024,6,3,TE,2,2,0.0,0.0
2024,6,4,QB,1,1,0.0,0.0
2024,6,4,WR,1,4,0.006207177734374958,0.006207177734374958
2024,6,4,WR,2,4,0.004655383300781218,0.010862561035156176
2024,6,4,WR,3,4,0.006207177734374958,0.017069738769531134
2024,6,4,WR,4,4,0.007758972167968697,0.02482871093749983
2024,6,5,QB,1,2,0.0,0.0
2024,6,5,QB,2,2,0.0,0.0
2024,6,5,RB,1,3,0.0,0.0
2024,6,5,RB,2,3,0.0,0.0
2024,6,5,RB,3,3,0.0,0.0
2024,6,5,WR,1,8,0.09248300854492186,0.09248300854492186
2024,6,5,WR,2,8,0.0976460783691406,0.19012908691406247
2024,6,5,WR,3,8,0.13191153002929684,0.3220406169433593
2024,6,5,WR,4,8,0.05438154174804681,0.3764221586914061
2024,6,5,WR,5,8,0.07640050561523426,0.4528226643066404
2024,6,5,WR,6,8,0.05382787817382803,0.5066505424804684
2024,6,5,WR,7,8,0.040236861328124936,0.5468874038085934
2024,6,5,WR,8,8,0.07096060400390614,0.6178480078124995
2024,6,5,TE,1,1,0.0,0.0
2024,6,6,QB,1,4,0.07142413476562491,0.07142413476562491
2024,6,6,QB,2,4,0.08023656274414054,0.15166069750976544
2024,6,6,QB,3,4,0.07132416601562491,0.22298486352539035
2024,6,6,QB,4,4,0.06221183178710934,0.2851966953124997
2024,6,6,RB,1,1,0.06021022656249997,0.06021022656249997
2024,6,6,WR,1,3,0.0,0.0
2024,6,6,WR,2,3,0.0,0.0
2024,6,6,WR,3,3,0.0,0.0
2024,6,6,TE,1,1,0.015498085937500017,0.015498085937500017
2024,6,7,QB,1,3,0.0,0.0
2024,6,7,QB,2,3,0.0,0.0
2024,6,7,QB,3,3,0.0,0.0
2024,6,7,RB,1,7,0.02929968408203129,0.02929968408203129
2024,6,7,RB,2,7,0.04307739526367192,0.07237707934570321
2024,6,7,RB,3,7,0.03199837353515629,0.1043754528808595
2024,6,7,RB,4,7,0.017612267578125014,0.12198772045898451
2024,6,7,RB,5,7,0.03375905102539065,0.15574677148437516
2024,6,7,RB,6,7,0.035583831787109395,0.19133060327148457
2024,6,7,RB,7,7,0.04150594360351565,0.23283654687500022
2024,6,7,TE,1,1,0.0,0.0
2024,6,8,QB,1,2,0.0,0.0
2024,6,8,QB,2,2,0.0,0.0
2024,6,8,RB,1,2,0.0,0.0
2024,6,8,RB,2,2,0.0,0.0
2024,6,8,WR,1,7,0.010981387451171873,0.010981387451171873
2024,6,8,WR,2,7,0.00942921630859371,0.020410603759765583
2024,6,8,WR,3,7,0.008071571289062475,0.028482175048828058
2024,6,8,WR,4,7,0.00678159374999996,0.03526376879882802
2024,6,8,WR,5,7,0.012601226074218687,0.047864994873046705
2024,6,8,WR,6,7,0.009054523193359303,0.05691951806640601
2024,6,8,WR,7,7,0.005105505371093708,0.062025023437499716
2024,6,9,QB,1,4,0.3545420485839843,0.3545420485839843
2024,6,9,QB,2,4,0.2762625700683593,0.6308046186523436
2024,6,9,QB,3,4,0.39484304150390626,1.0256476601562499
2024,6,9,QB,4,4,0.34894861328124993,1.3745962734375
2024,6,9,RB,1,5,0.06210836059570315,0.06210836059570315
2024,6,9,RB,2,5,0.09937337695312504,0.1614817375488282
2024,6,9,RB,3,5,0.06210836059570315,0.22359009814453135
2024,6,9,RB,4,5,0.0869517048339844,0.31054180297851575
2024,6,9,RB,5,5,0.0869517048339844,0.39749350781250015
2024,6,9,WR,1,5,0.0,0.0
2024,6,9,WR,2,5,0.0,0.0
2024,6,9,WR,3,5,0.0,0.0
2024,6,9,WR,4,5,0.0,0.0
2024,6,9,WR,5,5,0.0,0.0
2024,6,9,TE,1,1,0.0,0.0
2024,6,10,QB,1,3,0.0,0.0
2024,6,10,QB,2,3,0.0,0.0
2024,6,10,QB,3,3,0.0,0.0
2024,6,10,RB,1,3,0.11079265771484373,0.11079265771484373
2024,6,10,RB,2,3,0.06712503979492185,0.17791769750976555
2024,6,10,RB,3,3,0.10749284155273434,0.2854105390624999
2024,6,10,WR,1,3,0.0,0.0
2024,6,10,WR,2,3,0.0,0.0
2024,6,10,WR,3,3,0.0,0.0
2024,6,10,TE,1,3,0.0,0.0
2024,6,10,TE,2,3,0.0,0.0
2024,6,10,TE,3,3,0.0,0.0
2024,6,11,QB,1,4,0.0,0.0
2024,6,11,QB,2,4,0.0,0.0
2024,6,11,QB,3,4,0.0,0.0
2024,6,11,QB,4,4,0.0,0.0
2024,6,11,RB,1,2,0.06350657421874994,0.06350657421874994
2024,6,11,RB,2,2,0.06350657421874994,0.1270131484374999
2024,6,11,WR,1,2,0.0,0.0
2024,6,11,WR,2,2,0.0,0.0
2024,6,11,TE,1,1,0.0,0.0
2024,6,12,QB,1,1,0.0,0.0
2024,6,12,RB,1,1,0.0,0.0
2024,6,12,WR,1,2,0.0,0.0
2024,6,12,WR,2,2,0.0,0.0
2024,6,12,TE,1,2,0.010737617187499993,0.010737617187499993
2024,6,12,TE,2,2,0.010737617187499993,0.021475234374999985
2024,7,1,QB,1,2,0.0,0.0
2024,7,1,QB,2,2,0.0,0.0
2024,7,1,RB,1,6,0.0,0.0
2024,7,1,RB,2,6,0.0,0.0
2024,7,1,RB,3,6,0.0,0.0
2024,7,1,RB,4,6,0.0,0.0
2024,7,1,RB,5,6,0.0,0.0
2024,7,1,RB,6,6,0.0,0.0
2024,7,1,WR,1,1,0.0,0.0
2024,7,1,TE,1,2,0.01516491552734378,0.01516491552734378
2024,7,1,TE,2,2,0.01949774853515629,0.03466266406250007
2024,7,2,QB,1,1,0.2993110859374999,0.2993110859374999
2024,7,2,RB,1,4,0.005591929687499997,0.005591929687499997
2024,7,2,RB,2,4,0.004193947265624998,0.009785876953124995
2024,7,2,RB,3,4,0.0062909208984374965,0.01607679785156249
2024,7,2,RB,4,4,0.0062909208984374965,0.022367718749999987
2024,7,2,WR,1,5,0.047601103759765694,0.047601103759765694
2024,7,2,WR,2,5,0.043247048828125044,0.09084815258789074
2024,7,2,WR,3,5,0.03979296386718752,0.13064111645507825
2024,7,2,WR,4,5,0.037146907958984364,0.1677880244140626
2024,7,2,WR,5,5,0.03924144433593744,0.20702946875000006
2024,7,2,TE,1,2,0.0,0.0
2024,7,2,TE,2,2,0.0,0.0
2024,7,3,QB,1,9,0.044045061523437484,0.044045061523437484
2024,7,3,QB,2,9,0.03632818627929687,0.08037324780273436
2024,7,3,QB,3,9,0.04569225659179686,0.1260655043945312
2024,7,3,QB,4,9,0.04733945166015624,0.17340495605468748
2024,7,3,QB,5,9,0.06606759228515623,0.23947254833984366
2024,7,3,QB,6,9,0.020375335693359364,0.259847884033203
2024,7,3,QB,7,9,0.012658460449218749,0.2725063444824218
2024,7,3,QB,8,9,0.014305655517578127,0.2868119999999999
2024,7,3,QB,9,9,0.06554849218749995,0.3523604921874999
2024,7,3,RB,1,1,0.0,0.0
2024,7,3,WR,1,1,0.12898253124999992,0.12898253124999992
2024,7,3,TE,1,1,0.0,0.0
2024,7,4,QB,1,1,0.0,0.0
2024,7,4,RB,1,1,0.11027656250000017,0.11027656250000017
2024,7,4,WR,1,4,0.010086663818359307,0.010086663818359307
2024,7,4,WR,2,4,0.004655383300781218,0.014742047119140525
2024,7,4,WR,3,4,0.002327691650390609,0.017069738769531134
2024,7,4,WR,4,4,0.007758972167968697,0.02482871093749983
2024,7,5,QB,1,2,0.0,0.0
2024,7,5,QB,2,2,0.0,0.0
2024,7,5,RB,1,3,0.0,0.0
2024,7,5,RB,2,3,0.0,0.0
2024,7,5,RB,3,3,0.0,0.0
2024,7,5,WR,1,7,0.02754430322265622,0.02754430322265622
2024,7,5,WR,2,7,0.11017721289062488,0.1377215161132811
2024,7,5,WR,3,7,0.09640506127929677,0.23412657739257786
2024,7,5,WR,4,7,0.04131645483398433,0.2754430322265622
2024,7,5,WR,5,7,0.06886075805664055,0.34430379028320274
2024,7,5,WR,6,7,0.05508860644531244,0.3993923967285152
2024,7,5,WR,7,7,0.04131645483398433,0.4407088515624995
2024,7,5,TE,1,1,0.0,0.0
2024,7,6,QB,1,4,0.11101699609374983,0.11101699609374983
2024,7,6,QB,2,4,0.12463482666015611,0.23565182275390595
2024,7,6,QB,3,4,0.09677436083984366,0.33242618359374965
2024,7,6,QB,4,4,0.11054214453124991,0.44296832812499953
2024,7,6,RB,1,1,0.06021022656249997,0.06021022656249997
2024,7,6,WR,1,3,0.0,0.0
2024,7,6,WR,2,3,0.0,0.0
2024,7,6,WR,3,3,0.0,0.0
2024,7,6,TE,1,1,0.24279157031249987,0.24279157031249987
2024,7,7,QB,1,3,0.0323089870605469,0.0323089870605469
2024,7,7,QB,2,3,0.06923354370117192,0.10154253076171882
2024,7,7,QB,3,3,0.04615569580078128,0.1476982265625001
2024,7,7,RB,1,5,0.033269388427734366,0.033269388427734366
2024,7,7,RB,2,5,0.019011079101562495,0.05228046752929686
2024,7,7,RB,3,5,0.028516618652343742,0.08079708618164061
2024,7,7,RB,4,5,0.03802215820312499,0.1188192443847656
2024,7,7,RB,5,5,0.033269388427734366,0.15208863281249996
2024,7,7,WR,1,1,0.08138146093749998,0.08138146093749998
2024,7,7,TE,1,1,0.0,0.0
2024,7,8,QB,1,2,0.0,0.0
2024,7,8,QB,2,2,0.0,0.0
2024,7,8,RB,1,2,0.0,0.0
2024,7,8,RB,2,2,0.0,0.0
2024,7,8,WR,1,8,0.015607628662109366,0.015607628662109366
2024,7,8,WR,2,8,0.02100338183593746,0.036611010498046825
2024,7,8,WR,3,8,0.021425042968749926,0.05803605346679675
2024,7,8,WR,4,8,0.016424541015624947,0.0744605944824217
2024,7,8,WR,5,8,0.013301717285156209,0.0877623117675779
2024,7,8,WR,6,8,0.015183749511718692,0.10294606127929659
2024,7,8,WR,7,8,0.01607097973632804,0.11901704101562463
2024,7,8,WR,8,8,0.013802404296874925,0.13281944531249956
2024,7,8,TE,1,1,0.0,0.0
2024,7,9,QB,1,3,0.2257345,0.2257345
2024,7,9,QB,2,3,0.23307194458007813,0.45880644458007813
2024,7,9,QB,3,3,0.16356921948242187,0.6223756640625
2024,7,9,RB,1,3,0.0,0.0
2024,7,9,RB,2,3,0.0,0.0
2024,7,9,RB,3,3,0.0,0.0
2024,7,9,WR,1,4,0.0,0.0
2024,7,9,WR,2,4,0.0,0.0
2024,7,9,WR,3,4,0.0,0.0
2024,7,9,WR,4,4,0.0,0.0
2024,7,9,TE,1,1,0.0,0.0
2024,7,10,QB,1,3,0.0,0.0
2024,7,10,QB,2,3,0.0,0.0
2024,7,10,QB,3,3,0.0,0.0
2024,7,10,RB,1,1,0.0,0.0
2024,7,10,WR,1,2,0.0,0.0
2024,7,10,WR,2,2,0.0,0.0
2024,7,10,TE,1,3,0.0,0.0
2024,7,10,TE,2,3,0.0,0.0
2024,7,10,TE,3,3,0.0,0.0
2024,7,11,QB,1,4,0.0,0.0
2024,7,11,QB,2,4,0.0,0.0
2024,7,11,QB,3,4,0.0,0.0
2024,7,11,QB,4,4,0.0,0.0
2024,7,11,RB,1,1,0.0,0.0
2024,7,11,WR,1,2,0.0,0.0
2024,7,11,WR,2,2,0.0,0.0
2024,7,11,TE,1,1,0.0,0.0
2024,7,12,QB,1,1,0.0,0.0
2024,7,12,RB,1,1,0.0,0.0
2024,7,12,WR,1,3,0.060665025634765724,0.060665025634765724
2024,7,12,WR,2,3,0.08171465429687516,0.14237967993164088
2024,7,12,WR,3,3,0.10601560913085964,0.24839528906250052
2024,7,12,TE,1,2,0.011408718261718742,0.011408718261718742
2024,7,12,TE,2,2,0.010066516113281243,0.021475234374999985
2024,8,1,QB,1,2,0.0,0.0
2024,8,1,QB,2,2,0.0,0.0
2024,8,1,RB,1,6,0.0,0.0
2024,8,1,RB,2,6,0.0,0.0
2024,8,1,RB,3,6,0.0,0.0
2024,8,1,RB,4,6,0.0,0.0
2024,8,1,RB,5,6,0.0,0.0
2024,8,1,RB,6,6,0.0,0.0
2024,8,1,WR,1,1,0.0,0.0
2024,8,1,TE,1,2,0.05429029687499998,0.05429029687499998
2024,8,1,TE,2,2,0.05429029687499998,0.10858059374999995
2024,8,2,RB,1,5,0.004892938476562497,0.004892938476562497
2024,8,2,RB,2,5,0.004193947265624998,0.009086885742187495
2024,8,2,RB,3,5,0.0013979824218749992,0.010484868164062494
2024,8,2,RB,4,5,0.005591929687499997,0.01607679785156249
2024,8,2,RB,5,5,0.0062909208984374965,0.022367718749999987
2024,8,2,WR,1,4,0.0648510961914063,0.0648510961914063
2024,8,2,WR,2,4,0.05096654565429687,0.11581764184570317
2024,8,2,WR,3,4,0.030587667236328102,0.14640530908203128
2024,8,2,WR,4,4,0.035133214355468706,0.1815385234375
2024,8,2,TE,1,1,0.0,0.0
2024,8,3,QB,1,9,0.05228103686523436,0.05228103686523436
2024,8,3,QB,2,9,0.05999791210937496,0.11227894897460933
2024,8,3,QB,3,9,0.03797538134765624,0.15025433032226557
2024,8,3,QB,4,9,0.0032943901367187625,0.15354872045898432
2024,8,3,QB,5,9,0.03303379614257809,0.1865825166015624
2024,8,3,QB,6,9,0.020375335693359347,0.20695785229492175
2024,8,3,QB,7,9,0.048467546630859296,0.2554253989257811
2024,8,3,QB,8,9,0.012658460449218745,0.2680838593749998
2024,8,3,QB,9,9,0.08427663281249985,0.35236049218749965
2024,8,3,RB,1,2,0.0,0.0
2024,8,3,RB,2,2,0.0,0.0
2024,8,3,WR,1,1,0.12898253124999992,0.12898253124999992
2024,8,3,TE,1,1,0.0,0.0
2024,8,4,QB,1,1,0.0,0.0
2024,8,4,RB,1,1,0.2660021640624999,0.2660021640624999
2024,8,4,WR,1,4,0.12833325976562504,0.12833325976562504
2024,8,4,WR,2,4,0.11229160229492191,0.24062486206054695
2024,8,4,WR,3,4,0.14437491723632817,0.3849997792968751
2024,8,4,WR,4,4,0.12833325976562504,0.5133330390625002
2024,8,5,QB,1,2,0.0,0.0
2024,8,5,QB,2,2,0.0,0.0
2024,8,5,RB,1,3,0.0,0.0
2024,8,5,RB,2,3,0.0,0.0
2024,8,5,RB,3,3,0.0,0.0
2024,8,5,WR,1,5,0.0,0.0
2024,8,5,WR,2,5,0.0,0.0
2024,8,5,WR,3,5,0.0,0.0
2024,8,5,WR,4,5,0.0,0.0
2024,8,5,WR,5,5,0.0,0.0
2024,8,5,TE,1,1,0.0,0.0
2024,8,6,QB,1,4,0.09408228320312498,0.09408228320312498
2024,8,6,QB,2,4,0.16464399560546872,0.2587262788085937
2024,8,6,QB,3,4,0.23520570800781246,0.49393198681640615
2024,8,6,QB,4,4,0.2587262788085937,0.7526582656249998
2024,8,6,WR,1,3,0.0,0.0
2024,8,6,WR,2,3,0.0,0.0
2024,8,6,WR,3,3,0.0,0.0
2024,8,6,TE,1,1,0.24498306250000007,0.24498306250000007
2024,8,7,QB,1,3,0.06169020898437505,0.06169020898437505
2024,8,7,QB,2,3,0.11566914184570322,0.17735935083007826
2024,8,7,QB,3,3,0.06940148510742193,0.2467608359375002
2024,8,7,RB,1,5,0.033269388427734366,0.033269388427734366
2024,8,7,RB,2,5,0.02376384887695312,0.057033237304687484
2024,8,7,RB,3,5,0.019011079101562495,0.07604431640624998
2024,8,7,RB,4,5,0.04752769775390624,0.12357201416015622
2024,8,7,RB,5,5,0.028516618652343742,0.15208863281249996
2024,8,7,WR,1,1,0.11108482812499987,0.11108482812499987
2024,8,7,TE,1,2,0.0,0.0
2024,8,7,TE,2,2,0.0,0.0
2024,8,8,QB,1,2,0.0,0.0
2024,8,8,QB,2,2,0.0,0.0
2024,8,8,RB,1,3,0.0030851669921874575,0.0030851669921874575
2024,8,8,RB,2,3,0.002243757812499969,0.005328924804687427
2024,8,8,RB,3,3,0.0036461064453124498,0.008975031249999876
2024,8,8,WR,1,6,0.004944946777343737,0.004944946777343737
2024,8,8,WR,2,6,0.01483484033203121,0.019779787109374947
2024,8,8,WR,3,6,0.009889893554687473,0.02966968066406242
2024,8,8,WR,4,6,0.012362366943359342,0.04203204760742176
2024,8,8,WR,5,6,0.01730731372070308,0.05933936132812484
2024,8,8,WR,6,6,0.019779787109374947,0.07911914843749979
2024,8,8,TE,1,1,0.0,0.0
2024,8,9,QB,1,2,0.19247108203125007,0.19247108203125007
2024,8,9,QB,2,2,0.19247108203125007,0.38494216406250015
2024,8,9,RB,1,3,0.0,0.0
2024,8,9,RB,2,3,0.0,0.0
2024,8,9,RB,3,3,0.0,0.0
2024,8,9,WR,1,4,0.03827032617187492,0.03827032617187492
2024,8,9,WR,2,4,0.03332544311523431,0.07159576928710923
2024,8,9,WR,3,4,0.045343503173828154,0.11693927246093738
2024,8,9,WR,4,4,0.025676266601562525,0.1426155390624999
2024,8,10,QB,1,3,0.0,0.0
2024,8,10,QB,2,3,0.0,0.0
2024,8,10,QB,3,3,0.0,0.0
2024,8,10,RB,1,1,0.0,0.0
2024,8,10,WR,1,2,0.0,0.0
2024,8,10,WR,2,2,0.0,0.0
2024,8,10,TE,1,2,0.0,0.0
2024,8,10,TE,2,2,0.0,0.0
2024,8,11,QB,1,4,0.0,0.0
2024,8,11,QB,2,4,0.0,0.0
2024,8,11,QB,3,4,0.0,0.0
2024,8,11,QB,4,4,0.0,0.0
2024,8,11,RB,1,1,0.0,0.0
2024,8,11,WR,1,2,0.0,0.0
2024,8,11,WR,2,2,0.0,0.0
2024,8,11,TE,1,1,0.0,0.0
2024,8,12,QB,1,1,0.0,0.0
2024,8,12,RB,1,1,0.0,0.0
2024,8,12,WR,1,4,0.16976071020507816,0.16976071020507816
2024,8,12,WR,2,4,0.16189100830078135,0.3316517185058595
2024,8,12,WR,3,4,0.16821495214843774,0.4998666706542973
2024,8,12,WR,4,4,0.13484370434570345,0.6347103750000007
2024,8,12,TE,1,1,0.0,0.0
2024,9,1,QB,1,2,0.0,0.0
2024,9,1,QB,2,2,0.0,0.0
2024,9,1,RB,1,6,0.0,0.0
2024,9,1,RB,2,6,0.0,0.0
2024,9,1,RB,3,6,0.0,0.0
2024,9,1,RB,4,6,0.0,0.0
2024,9,1,RB,5,6,0.0,0.0
2024,9,1,RB,6,6,0.0,0.0
2024,9,1,WR,1,2,0.0016323339843749354,0.0016323339843749354
2024,9,1,WR,2,2,0.0018499785156249268,0.0034823124999998623
2024,9,1,TE,1,2,0.09586764208984368,0.09586764208984368
2024,9,1,TE,2,2,0.12325839697265616,0.21912603906249983
2024,9,2,RB,1,5,0.004869985107421829,0.004869985107421829
2024,9,2,RB,2,5,0.004869985107421829,0.009739970214843657
2024,9,2,RB,3,5,0.003478560791015592,0.01321853100585925
2024,9,2,RB,4,5,0.006957121582031184,0.020175652587890433
2024,9,2,RB,5,5,0.002087136474609355,0.022262789062499788
2024,9,2,WR,1,3,0.012258570800781202,0.012258570800781202
2024,9,2,WR,2,3,0.012258570800781202,0.024517141601562403
2024,9,2,WR,3,3,0.011144155273437456,0.03566129687499986
2024,9,2,TE,1,1,0.0,0.0
2024,9,3,QB,1,8,0.0,0.0
2024,9,3,QB,2,8,0.0,0.0
2024,9,3,QB,3,8,0.0,0.0
2024,9,3,QB,4,8,0.0,0.0
2024,9,3,QB,5,8,0.0,0.0
2024,9,3,QB,6,8,0.0,0.0
2024,9,3,QB,7,8,0.0,0.0
2024,9,3,QB,8,8,0.0,0.0
2024,9,3,RB,1,2,0.0,0.0
2024,9,3,RB,2,2,0.0,0.0
2024,9,3,WR,1,1,0.12898253125000014,0.12898253125000014
2024,9,3,TE,1,1,0.0,0.0
2024,9,4,QB,1,1,0.0,0.0
2024,9,4,RB,1,1,0.2302598828125002,0.2302598828125002
2024,9,4,WR,1,3,0.0,0.0
2024,9,4,WR,2,3,0.0,0.0
2024,9,4,WR,3,3,0.0,0.0
2024,9,5,QB,1,2,0.0,0.0
2024,9,5,QB,2,2,0.0,0.0
2024,9,5,RB,1,3,0.0,0.0
2024,9,5,RB,2,3,0.0,0.0
2024,9,5,RB,3,3,0.0,0.0
2024,9,5,WR,1,4,0.0,0.0
2024,9,5,WR,2,4,0.0,0.0
2024,9,5,WR,3,4,0.0,0.0
2024,9,5,WR,4,4,0.0,0.0
2024,9,5,TE,1,1,0.03508567187500011,0.03508567187500011
2024,9,6,QB,1,3,0.0,0.0
2024,9,6,QB,2,3,0.0,0.0
2024,9,6,QB,3,3,0.0,0.0
2024,9,6,RB,1,1,0.0,0.0
2024,9,6,WR,1,3,0.0,0.0
2024,9,6,WR,2,3,0.0,0.0
2024,9,6,WR,3,3,0.0,0.0
2024,9,6,TE,1,1,0.4643059531249999,0.4643059531249999
2024,9,7,QB,1,3,0.13728997558593753,0.13728997558593753
2024,9,7,QB,2,3,0.1510189731445313,0.28830894873046886
2024,9,7,QB,3,3,0.1510189731445313,0.43932792187500014
2024,9,7,RB,1,5,0.03489764843750004,0.03489764843750004
2024,9,7,RB,2,5,0.021811030273437525,0.056708678710937564
2024,9,7,RB,3,5,0.013086618164062515,0.06979529687500008
2024,9,7,RB,4,5,0.01744882421875002,0.0872441210937501
2024,9,7,RB,5,5,0.05234647265625006,0.13959059375000016
2024,9,7,WR,1,1,0.1998694140624998,0.1998694140624998
2024,9,7,TE,1,2,0.0,0.0
2024,9,7,TE,2,2,0.0,0.0
2024,9,8,QB,1,2,0.0,0.0
2024,9,8,QB,2,2,0.0,0.0
2024,9,8,RB,1,3,0.015998117187499883,0.015998117187499883
2024,9,8,RB,2,3,0.006999176269531199,0.02299729345703108
2024,9,8,RB,3,3,0.008998940917968684,0.031996234374999766
2024,9,8,WR,1,7,0.0254867451171875,0.0254867451171875
2024,9,8,WR,2,7,0.004210289550781253,0.029697034667968754
2024,9,8,WR,3,7,0.020048288818359364,0.04974532348632812
2024,9,8,WR,4,7,0.012038657226562478,0.061783980712890596
2024,9,8,WR,5,7,0.014722336425781218,0.07650631713867181
2024,9,8,WR,6,7,0.019258673583984323,0.09576499072265614
2024,9,8,WR,7,7,0.009579985839843722,0.10534497656249986
2024,9,8,TE,1,1,0.000695890624999862,0.000695890624999862
2024,9,9,QB,1,1,0.0,0.0
2024,9,9,RB,1,4,0.0,0.0
2024,9,9,RB,2,4,0.0,0.0
2024,9,9,RB,3,4,0.0,0.0
2024,9,9,RB,4,4,0.0,0.0
2024,9,9,WR,1,3,0.01840294189453119,0.01840294189453119
2024,9,9,WR,2,3,0.02024323608398431,0.0386461779785155
2024,9,9,WR,3,3,0.02024323608398431,0.05888941406249981
2024,9,10,QB,1,3,0.0,0.0
2024,9,10,QB,2,3,0.0,0.0
2024,9,10,QB,3,3,0.0,0.0
2024,9,10,RB,1,1,0.0,0.0
2024,9,10,WR,1,2,0.013295727539062527,0.013295727539062527
2024,9,10,WR,2,2,0.015068491210937531,0.02836421875000006
2024,9,10,TE,1,2,0.0,0.0
2024,9,10,TE,2,2,0.0,0.0
2024,9,11,QB,1,4,0.0,0.0
2024,9,11,QB,2,4,0.0,0.0
2024,9,11,QB,3,4,0.0,0.0
2024,9,11,QB,4,4,0.0,0.0
2024,9,11,RB,1,1,0.0,0.0
2024,9,11,WR,1,2,0.0,0.0
2024,9,11,WR,2,2,0.0,0.0
2024,9,11,TE,1,1,0.0,0.0
2024,9,12,QB,1,1,0.0,0.0
2024,9,12,RB,1,2,0.0,0.0
2024,9,12,RB,2,2,0.0,0.0
2024,9,12,WR,1,3,0.09966307128906254,0.09966307128906254
2024,9,12,WR,2,3,0.05446039013671889,0.15412346142578143
2024,9,12,WR,3,3,0.11088624169921907,0.2650097031250005
2024,9,12,TE,1,1,0.0,0.0
2024,10,1,QB,1,2,0.0,0.0
2024,10,1,QB,2,2,0.0,0.0
2024,10,1,RB,1,7,0.0,0.0
2024,10,1,RB,2,7,0.0,0.0
2024,10,1,RB,3,7,0.0,0.0
2024,10,1,RB,4,7,0.0,0.0
2024,10,1,RB,5,7,0.0,0.0
2024,10,1,RB,6,7,0.0,0.0
2024,10,1,RB,7,7,0.0,0.0
2024,10,1,WR,1,2,0.002511957031249956,0.002511957031249956
2024,10,1,WR,2,2,0.002511957031249956,0.005023914062499912
2024,10,1,TE,1,2,0.12133397827148433,0.12133397827148433
2024,10,1,TE,2,2,0.13751184204101558,0.2588458203124999
2024,10,2,RB,1,5,0.006957121582031184,0.006957121582031184
2024,10,2,RB,2,5,0.002087136474609355,0.009044258056640539
2024,10,2,RB,3,5,0.006957121582031184,0.016001379638671723
2024,10,2,RB,4,5,0.002087136474609355,0.018088516113281078
2024,10,2,RB,5,5,0.00417427294921871,0.022262789062499788
2024,10,2,WR,1,3,0.01783064843749993,0.01783064843749993
2024,10,2,WR,2,3,0.011144155273437456,0.028974803710937386
2024,10,2,WR,3,3,0.006686493164062474,0.03566129687499986
2024,10,2,TE,1,1,0.0,0.0
2024,10,3,QB,1,8,0.0035946105957031585,0.0035946105957031585
2024,10,3,QB,2,8,0.002156766357421895,0.005751376953125054
2024,10,3,QB,3,8,0.00431353271484379,0.010064909667968844
2024,10,3,QB,4,8,0.002156766357421895,0.012221676025390739
2024,10,3,QB,5,8,0.0014378442382812634,0.013659520263672002
2024,10,3,QB,6,8,0.005751376953125054,0.019410897216797056
2024,10,3,QB,7,8,0.0014378442382812634,0.02084874145507832
2024,10,3,QB,8,8,0.002156766357421895,0.023005507812500214
2024,10,3,RB,1,2,0.0,0.0
2024,10,3,RB,2,2,0.0,0.0
2024,10,3,WR,1,1,0.0,0.0
2024,10,3,TE,1,2,0.0,0.0
2024,10,3,TE,2,2,0.0,0.0
2024,10,4,QB,1,1,0.0,0.0
2024,10,4,RB,1,2,0.11198610253906252,0.11198610253906252
2024,10,4,RB,2,2,0.14398213183593753,0.25596823437500005
2024,10,4,WR,1,3,0.0,0.0
2024,10,4,WR,2,3,0.0,0.0
2024,10,4,WR,3,3,0.0,0.0
2024,10,5,QB,1,2,0.0,0.0
2024,10,5,QB,2,2,0.0,0.0
2024,10,5,RB,1,3,0.0,0.0
2024,10,5,RB,2,3,0.0,0.0
2024,10,5,RB,3,3,0.0,0.0
2024,10,5,WR,1,6,0.00304650878906243,0.00304650878906243
2024,10,5,WR,2,6,0.001523254394531215,0.004569763183593645
2024,10,5,WR,3,6,0.002437207031249944,0.007006970214843589
2024,10,5,WR,4,6,0.000913952636718729,0.007920922851562318
2024,10,5,WR,5,6,0.001827905273437458,0.009748828124999775
2024,10,5,WR,6,6,0.0,0.009748828124999775
2024,10,5,TE,1,1,0.03508567187500011,0.03508567187500011
2024,10,6,QB,1,3,0.0,0.0
2024,10,6,QB,2,3,0.0,0.0
2024,10,6,QB,3,3,0.0,0.0
2024,10,6,RB,1,1,0.0,0.0
2024,10,6,WR,1,3,0.0,0.0
2024,10,6,WR,2,3,0.0,0.0
2024,10,6,WR,3,3,0.0,0.0
2024,10,7,QB,1,3,0.1443757885742189,0.1443757885742189
2024,10,7,QB,2,3,0.21656368286132835,0.3609394714355473
2024,10,7,QB,3,3,0.10106305200195323,0.4620025234375005
2024,10,7,RB,1,4,0.006631699218750019,0.006631699218750019
2024,10,7,RB,2,4,0.007368554687500022,0.014000253906250041
2024,10,7,RB,3,4,0.005157988281250015,0.019158242187500056
2024,10,7,RB,4,4,0.004421132812500013,0.02357937500000007
2024,10,7,TE,1,2,0.0,0.0
2024,10,7,TE,2,2,0.0,0.0
2024,10,8,QB,1,2,0.0,0.0
2024,10,8,QB,2,2,0.0,0.0
2024,10,8,RB,1,3,0.011715345458984214,0.011715345458984214
2024,10,8,RB,2,3,0.009011804199218626,0.02072714965820284
2024,10,8,RB,3,3,0.008110623779296763,0.028837773437499603
2024,10,8,WR,1,7,0.027999422851562497,0.027999422851562497
2024,10,8,WR,2,7,0.04150592871093749,0.06950535156249998
2024,10,8,WR,3,7,0.004325131347656233,0.07383048291015622
2024,10,8,WR,4,7,0.03403182055664062,0.10786230346679684
2024,10,8,WR,5,7,0.020259758789062485,0.12812206225585931
2024,10,8,WR,6,7,0.04006421826171874,0.16818628051757806
2024,10,8,WR,7,7,0.024850446044921863,0.19303672656249993
2024,10,8,TE,1,2,0.0029886274414062455,0.0029886274414062455
2024,10,8,TE,2,2,0.010673669433593734,0.01366229687499998
2024,10,9,QB,1,2,0.0,0.0
2024,10,9,QB,2,2,0.0,0.0
2024,10,9,RB,1,4,0.0,0.0
2024,10,9,RB,2,4,0.0,0.0
2024,10,9,RB,3,4,0.0,0.0
2024,10,9,RB,4,4,0.0,0.0
2024,10,9,WR,1,4,0.04020967822265623,0.04020967822265623
2024,10,9,WR,2,4,0.04595391796874998,0.0861635961914062
2024,10,9,WR,3,4,0.06318663720703122,0.14935023339843745
2024,10,9,WR,4,4,0.034465438476562485,0.18381567187499992
2024,10,9,TE,1,1,0.008177406249999963,0.008177406249999963
2024,10,10,QB,1,3,0.0,0.0
2024,10,10,QB,2,3,0.0,0.0
2024,10,10,QB,3,3,0.0,0.0
2024,10,10,RB,1,2,0.0010829648437499784,0.0010829648437499784
2024,10,10,RB,2,2,0.0010829648437499784,0.0021659296874999567
2024,10,10,WR,1,3,0.10118142675781243,0.10118142675781243
2024,10,10,WR,2,3,0.05356663769531246,0.1547480644531249
2024,10,10,WR,3,3,0.035711091796874976,0.19045915624999987
2024,10,10,TE,1,2,0.0,0.0
2024,10,10,TE,2,2,0.0,0.0
2024,10,11,QB,1,4,0.0,0.0
2024,10,11,QB,2,4,0.0,0.0
2024,10,11,QB,3,4,0.0,0.0
2024,10,11,QB,4,4,0.0,0.0
2024,10,11,RB,1,1,0.0,0.0
2024,10,11,WR,1,2,0.0,0.0
2024,10,11,WR,2,2,0.0,0.0
2024,10,11,TE,1,1,0.0,0.0
2024,10,12,QB,1,1,0.0,0.0
2024,10,12,RB,1,2,0.0,0.0
2024,10,12,RB,2,2,0.0,0.0
2024,10,12,WR,1,2,0.03098264501953127,0.03098264501953127
2024,10,12,WR,2,2,0.024097612792968764,0.05508025781250003
2024,10,12,TE,1,1,0.0,0.0
2024,11,1,QB,1,3,0.04795918945312491,0.04795918945312491
2024,11,1,QB,2,3,0.03357143261718744,0.08153062207031235
2024,11,1,QB,3,3,0.07193878417968737,0.15346940624999972
2024,11,1,RB,1,8,0.0,0.0
2024,11,1,RB,2,8,0.0,0.0
2024,11,1,RB,3,8,0.0,0.0
2024,11,1,RB,4,8,0.0,0.0
2024,11,1,RB,5,8,0.0,0.0
2024,11,1,RB,6,8,0.0,0.0
2024,11,1,RB,7,8,0.0,0.0
2024,11,1,RB,8,8,0.0,0.0
2024,11,1,WR,1,2,0.006973139648437411,0.006973139648437411
2024,11,1,WR,2,2,0.0079028916015624,0.01487603124999981
2024,11,1,TE,1,2,0.10892449584960925,0.10892449584960925
2024,11,1,TE,2,2,0.15919734008789044,0.2681218359374997
2024,11,2,RB,1,3,0.0,0.0
2024,11,2,RB,2,3,0.0,0.0
2024,11,2,RB,3,3,0.0,0.0
2024,11,2,WR,1,2,0.0,0.0
2024,11,2,WR,2,2,0.0,0.0
2024,11,2,TE,1,1,0.0,0.0
2024,11,3,QB,1,9,0.0014378442382812634,0.0014378442382812634
2024,11,3,QB,2,9,0.0007189221191406317,0.002156766357421895
2024,11,3,QB,3,9,0.0035946105957031585,0.005751376953125054
2024,11,3,QB,4,9,0.00431353271484379,0.010064909667968844
2024,11,3,QB,5,9,0.0014378442382812634,0.011502753906250107
2024,11,3,QB,6,9,0.002875688476562527,0.014378442382812634
2024,11,3,QB,7,9,0.002875688476562527,0.01725413085937516
2024,11,3,QB,8,9,0.0014378442382812634,0.018691975097656424
2024,11,3,QB,9,9,0.00431353271484379,0.023005507812500214
2024,11,3,RB,1,2,0.0,0.0
2024,11,3,RB,2,2,0.0,0.0
2024,11,3,WR,1,1,0.0,0.0
2024,11,3,TE,1,2,0.0,0.0
2024,11,3,TE,2,2,0.0,0.0
2024,11,4,QB,1,1,0.0,0.0
2024,11,4,RB,1,1,0.0,0.0
2024,11,4,WR,1,3,0.0,0.0
2024,11,4,WR,2,3,0.0,0.0
2024,11,4,WR,3,3,0.0,0.0
2024,11,5,QB,1,2,0.0,0.0
2024,11,5,QB,2,2,0.0,0.0
2024,11,5,RB,1,3,0.0,0.0
2024,11,5,RB,2,3,0.0,0.0
2024,11,5,RB,3,3,0.0,0.0
2024,11,5,WR,1,6,0.001827905273437458,0.001827905273437458
2024,11,5,WR,2,6,0.001218603515624972,0.00304650878906243
2024,11,5,WR,3,6,0.000913952636718729,0.003960461425781159
2024,11,5,WR,4,6,0.000913952636718729,0.004874414062499888
2024,11,5,WR,5,6,0.002132556152343701,0.007006970214843589
2024,11,5,WR,6,6,0.002741857910156187,0.009748828124999775
2024,11,5,TE,1,1,0.03508567187500011,0.03508567187500011
2024,11,6,QB,1,3,0.0,0.0
2024,11,6,QB,2,3,0.0,0.0
2024,11,6,QB,3,3,0.0,0.0
2024,11,6,RB,1,1,0.0,0.0
2024,11,6,WR,1,3,0.0,0.0
2024,11,6,WR,2,3,0.0,0.0
2024,11,6,WR,3,3,0.0,0.0
2024,11,7,QB,1,2,0.0,0.0
2024,11,7,QB,2,2,0.0,0.0
2024,11,7,RB,1,4,0.04872109472656235,0.04872109472656235
2024,11,7,RB,2,4,0.03543352343749989,0.08415461816406225
2024,11,7,RB,3,4,0.031004333007812405,0.11515895117187465
2024,11,7,RB,4,4,0.02657514257812492,0.14173409374999957
2024,11,7,WR,1,1,0.0,0.0
2024,11,7,TE,1,2,0.0,0.0
2024,11,7,TE,2,2,0.0,0.0
2024,11,8,QB,1,2,0.0,0.0
2024,11,8,QB,2,2,0.0,0.0
2024,11,8,RB,1,2,0.0,0.0
2024,11,8,RB,2,2,0.0,0.0
2024,11,8,WR,1,6,0.0318692548828125,0.0318692548828125
2024,11,8,WR,2,6,0.01593462744140625,0.047803882324218755
2024,11,8,WR,3,6,0.0318692548828125,0.07967313720703126
2024,11,8,WR,4,6,0.0318692548828125,0.11154239208984376
2024,11,8,WR,5,6,0.037180797363281254,0.14872318945312502
2024,11,8,WR,6,6,0.021246169921875002,0.16996935937500002
2024,11,8,TE,1,2,0.006483203125000059,0.006483203125000059
2024,11,8,TE,2,2,0.006483203125000059,0.012966406250000118
2024,11,9,QB,1,1,0.0,0.0
2024,11,9,RB,1,4,0.035421375244140574,0.035421375244140574
2024,11,9,RB,2,4,0.020556169677734493,0.055977544921875066
2024,11,9,RB,3,4,0.02351384692382838,0.07949139184570345
2024,11,9,RB,4,4,0.011597545654296909,0.09108893750000036
2024,11,9,WR,1,5,0.04595391796874998,0.04595391796874998
2024,11,9,WR,2,5,0.057442397460937475,0.10339631542968744
2024,11,9,WR,3,5,0.028721198730468737,0.1321175141601562
2024,11,9,WR,4,5,0.028721198730468737,0.16083871289062493
2024,11,9,WR,5,5,0.02297695898437499,0.18381567187499992
2024,11,10,QB,1,3,0.0,0.0
2024,11,10,QB,2,3,0.0,0.0
2024,11,10,QB,3,3,0.0,0.0
2024,11,10,RB,1,2,0.0010152795410156047,0.0010152795410156047
2024,11,10,RB,2,2,0.001150650146484352,0.0021659296874999567
2024,11,10,WR,1,4,0.11670293432617183,0.11670293432617183
2024,11,10,WR,2,4,0.06365614599609373,0.18035908032226555
2024,11,10,WR,3,4,0.07426550366210935,0.25462458398437493
2024,11,10,WR,4,4,0.08487486132812497,0.33949944531249987
2024,11,10,TE,1,2,0.044688023925781195,0.044688023925781195
2024,11,10,TE,2,2,0.05745603076171868,0.10214405468749987
2024,11,11,QB,1,4,0.0,0.0
2024,11,11,QB,2,4,0.0,0.0
2024,11,11,QB,3,4,0.0,0.0
2024,11,11,QB,4,4,0.0,0.0
2024,11,11,RB,1,1,0.0,0.0
2024,11,11,WR,1,2,0.0,0.0
2024,11,11,WR,2,2,0.0,0.0
2024,11,11,TE,1,1,0.0,0.0
2024,11,12,QB,1,1,0.0,0.0
2024,11,12,RB,1,3,0.01869147949218747,0.01869147949218747
2024,11,12,RB,2,3,0.022429775390624962,0.04112125488281243
2024,11,12,RB,3,3,0.01869147949218747,0.0598127343749999
2024,11,12,WR,1,2,0.0,0.0
2024,11,12,WR,2,2,0.0,0.0
2024,11,12,TE,1,1,0.0,0.0
2024,12,1,QB,1,2,0.025695321533203086,0.025695321533203086
2024,12,1,QB,2,2,0.02267234252929684,0.04836766406249993
2024,12,1,RB,1,7,0.0,0.0
2024,12,1,RB,2,7,0.0,0.0
2024,12,1,RB,3,7,0.0,0.0
2024,12,1,RB,4,7,0.0,0.0
2024,12,1,RB,5,7,0.0,0.0
2024,12,1,RB,6,7,0.0,0.0
2024,12,1,RB,7,7,0.0,0.0
2024,12,1,WR,1,3,0.0001080190429687683,0.0001080190429687683
2024,12,1,WR,2,3,0.0003240571289063049,0.0004320761718750732
2024,12,1,WR,3,3,0.0001440253906250244,0.0005761015625000976
2024,12,2,RB,1,4,0.011632808349609426,0.011632808349609426
2024,12,2,RB,2,4,0.008440027832031287,0.020072836181640713
2024,12,2,RB,3,4,0.009328670410156302,0.029401506591797015
2024,12,2,RB,4,4,0.007024532470703178,0.03642603906250019
2024,12,2,WR,1,2,0.0,0.0
2024,12,2,WR,2,2,0.0,0.0
2024,12,2,TE,1,1,0.01981764843749989,0.01981764843749989
2024,12,3,QB,1,9,0.004585920654296902,0.004585920654296902
2024,12,3,QB,2,9,0.012418159423828144,0.017004080078125046
2024,12,3,QB,3,9,0.00728746289062502,0.024291542968750066
2024,12,3,QB,4,9,0.005304842773437533,0.0295963857421876
2024,12,3,QB,5,9,0.006568540771484388,0.03616492651367199
2024,12,3,QB,6,9,0.01115446142578129,0.04731938793945328
2024,12,3,QB,7,9,0.008278772949218763,0.05559816088867204
2024,12,3,QB,8,9,0.005577230712890645,0.061175391601562684
2024,12,3,QB,9,9,0.016557545898437526,0.07773293750000021
2024,12,3,RB,1,1,0.0,0.0
2024,12,3,WR,1,1,0.0,0.0
2024,12,3,TE,1,3,0.0702572241210937,0.0702572241210937
2024,12,3,TE,2,3,0.03747051953124997,0.10772774365234367
2024,12,3,TE,3,3,0.042154334472656214,0.14988207812499987
2024,12,4,QB,1,1,0.0,0.0
2024,12,4,RB,1,1,0.0,0.0
2024,12,4,WR,1,3,0.0,0.0
2024,12,4,WR,2,3,0.0,0.0
2024,12,4,WR,3,3,0.0,0.0
2024,12,5,QB,1,2,0.0,0.0
2024,12,5,QB,2,2,0.0,0.0
2024,12,5,RB,1,3,0.0,0.0
2024,12,5,RB,2,3,0.0,0.0
2024,12,5,RB,3,3,0.0,0.0
2024,12,5,WR,1,5,0.001827905273437458,0.001827905273437458
2024,12,5,WR,2,5,0.001827905273437458,0.003655810546874916
2024,12,5,WR,3,5,0.000609301757812486,0.004265112304687402
2024,12,5,WR,4,5,0.002741857910156187,0.007006970214843589
2024,12,5,WR,5,5,0.002741857910156187,0.009748828124999775
2024,12,5,TE,1,1,0.03508567187500011,0.03508567187500011
2024,12,6,QB,1,3,0.0,0.0
2024,12,6,QB,2,3,0.0,0.0
2024,12,6,QB,3,3,0.0,0.0
2024,12,6,RB,1,1,0.0,0.0
2024,12,6,WR,1,3,0.0007577619628906934,0.0007577619628906934
2024,12,6,WR,2,3,0.0006888745117188122,0.0014466364746095056
2024,12,6,WR,3,3,0.0007577619628906934,0.002204398437500199
2024,12,6,TE,1,1,0.0,0.0
2024,12,7,QB,1,2,0.0,0.0
2024,12,7,QB,2,2,0.0,0.0
2024,12,7,RB,1,5,0.04872109472656258,0.04872109472656258
2024,12,7,RB,2,5,0.01771676171875003,0.06643785644531261
2024,12,7,RB,3,5,0.03543352343750006,0.10187137988281267
2024,12,7,RB,4,5,0.01771676171875003,0.1195881416015627
2024,12,7,RB,5,5,0.022145952148437537,0.14173409375000023
2024,12,7,WR,1,1,0.0,0.0
2024,12,7,TE,1,1,0.0,0.0
2024,12,8,QB,1,2,0.0,0.0
2024,12,8,QB,2,2,0.0,0.0
2024,12,8,RB,1,2,0.0,0.0
2024,12,8,RB,2,2,0.0,0.0
2024,12,8,WR,1,5,0.05244753442382818,0.05244753442382818
2024,12,8,WR,2,5,0.04807182812500005,0.10051936254882823
2024,12,8,WR,3,5,0.044805283691406295,0.14532464624023453
2024,12,8,WR,4,5,0.021293479980468773,0.1666181262207033
2024,12,8,WR,5,5,0.0256691862792969,0.1922873125000002
2024,12,8,TE,1,2,0.006483203125000059,0.006483203125000059
2024,12,8,TE,2,2,0.006483203125000059,0.012966406250000118
2024,12,9,QB,1,3,0.0,0.0
2024,12,9,QB,2,3,0.0,0.0
2024,12,9,QB,3,3,0.0,0.0
2024,12,9,RB,1,4,0.05866473632812477,0.05866473632812477
2024,12,9,RB,2,4,0.05078404272460946,0.10944877905273423
2024,12,9,RB,3,4,0.04682343945312517,0.1562722185058594
2024,12,9,RB,4,4,0.049316672119140675,0.20558889062500008
2024,12,9,WR,1,4,0.0,0.0
2024,12,9,WR,2,4,0.0,0.0
2024,12,9,WR,3,4,0.0,0.0
2024,12,9,WR,4,4,0.0,0.0
2024,12,10,QB,1,4,0.002190345458984312,0.002190345458984312
2024,12,10,QB,2,4,0.001991223144531193,0.004181568603515505
2024,12,10,QB,3,4,0.0011947338867187157,0.005376302490234221
2024,12,10,QB,4,4,0.0009956115722655964,0.006371914062499817
2024,12,10,RB,1,3,0.0005414824218749892,0.0005414824218749892
2024,12,10,RB,2,3,0.0008799089355468574,0.0014213913574218466
2024,12,10,RB,3,3,0.0007445383300781101,0.0021659296874999567
2024,12,10,WR,1,5,0.05548133789062496,0.05548133789062496
2024,12,10,WR,2,5,0.05548133789062496,0.11096267578124994
2024,12,10,WR,3,5,0.07767387304687495,0.18863654882812486
2024,12,10,WR,4,5,0.08877014062499994,0.27740668945312486
2024,12,10,WR,5,5,0.07767387304687495,0.35508056249999975
2024,12,10,TE,1,2,0.05857368603515617,0.05857368603515617
2024,12,10,TE,2,2,0.07530902490234365,0.13388271093749982
2024,12,11,QB,1,4,0.0,0.0
2024,12,11,QB,2,4,0.0,0.0
2024,12,11,QB,3,4,0.0,0.0
2024,12,11,QB,4,4,0.0,0.0
2024,12,11,RB,1,1,0.0,0.0
2024,12,11,WR,1,2,0.0,0.0
2024,12,11,WR,2,2,0.0,0.0
2024,12,11,TE,1,1,0.0,0.0
2024,12,12,QB,1,1,0.0,0.0
2024,12,12,RB,1,2,0.0,0.0
2024,12,12,RB,2,2,0.0,0.0
2024,12,12,WR,1,2,0.0,0.0
2024,12,12,WR,2,2,0.0,0.0
2024,12,12,TE,1,1,0.0,0.0
2024,13,1,QB,1,1,0.0,0.0
2024,13,1,RB,1,7,0.0,0.0
2024,13,1,RB,2,7,0.0,0.0
2024,13,1,RB,3,7,0.0,0.0
2024,13,1,RB,4,7,0.0,0.0
2024,13,1,RB,5,7,0.0,0.0
2024,13,1,RB,6,7,0.0,0.0
2024,13,1,RB,7,7,0.0,0.0
2024,13,1,WR,1,3,0.0,0.0
2024,13,1,WR,2,3,0.0,0.0
2024,13,1,WR,3,3,0.0,0.0
2024,13,2,QB,1,1,0.0,0.0
2024,13,2,RB,1,3,0.0024437670898437916,0.0024437670898437916
2024,13,2,RB,2,3,0.003110249023437553,0.0055540161132813445
2024,13,2,RB,3,3,0.0015551245117187765,0.007109140625000121
2024,13,2,WR,1,4,0.0016729042968749858,0.0016729042968749858
2024,13,2,WR,2,4,0.0006970434570312441,0.00236994775390623
2024,13,2,WR,3,4,0.0009758608398437417,0.0033458085937499715
2024,13,2,WR,4,4,0.0011152695312499905,0.004461078124999962
2024,13,2,TE,1,1,0.01981764843749989,0.01981764843749989
2024,13,3,QB,1,9,0.009270083007812506,0.009270083007812506
2024,13,3,QB,2,9,0.004139386474609381,0.013409469482421887
2024,13,3,QB,3,9,0.010435539306640658,0.023845008789062545
2024,13,3,QB,4,9,0.011426849365234401,0.035271858154296946
2024,13,3,QB,5,9,0.00386699853515627,0.039138856689453216
2024,13,3,QB,6,9,0.005577230712890645,0.04471608740234386
2024,13,3,QB,7,9,0.013137081542968776,0.05785316894531264
2024,13,3,QB,8,9,0.012145771484375033,0.06999894042968767
2024,13,3,QB,9,9,0.00773399707031254,0.07773293750000021
2024,13,3,RB,1,1,0.0,0.0
2024,13,3,WR,1,1,0.0,0.0
2024,13,3,TE,1,3,0.051521964355468707,0.051521964355468707
2024,13,3,TE,2,3,0.03747051953124997,0.08899248388671868
2024,13,3,TE,3,3,0.0608895942382812,0.14988207812499987
2024,13,4,QB,1,1,0.0,0.0
2024,13,4,RB,1,1,0.0,0.0
2024,13,4,WR,1,3,0.0021998525390625467,0.0021998525390625467
2024,13,4,WR,2,3,0.0014665683593750312,0.003666420898437578
2024,13,4,WR,3,3,0.0021998525390625467,0.005866273437500125
2024,13,5,QB,1,2,0.0,0.0
2024,13,5,QB,2,2,0.0,0.0
2024,13,5,RB,1,3,0.0,0.0
2024,13,5,RB,2,3,0.0,0.0
2024,13,5,RB,3,3,0.0,0.0
2024,13,5,WR,1,6,0.000609301757812486,0.000609301757812486
2024,13,5,WR,2,6,0.002132556152343701,0.002741857910156187
2024,13,5,WR,3,6,0.001218603515624972,0.003960461425781159
2024,13,5,WR,4,6,0.002437207031249944,0.006397668457031103
2024,13,5,WR,5,6,0.001523254394531215,0.007920922851562318
2024,13,5,WR,6,6,0.001827905273437458,0.009748828124999775
2024,13,6,QB,1,3,0.0,0.0
2024,13,6,QB,2,3,0.0,0.0
2024,13,6,QB,3,3,0.0,0.0
2024,13,6,RB,1,1,0.0,0.0
2024,13,6,WR,1,4,0.01245372167968739,0.01245372167968739
2024,13,6,WR,2,4,0.006092894775390614,0.018546616455078005
2024,13,6,WR,3,4,0.00841983276367185,0.026966449218749855
2024,13,6,WR,4,4,0.010264558593749917,0.03723100781249977
2024,13,6,TE,1,1,0.0,0.0
2024,13,7,QB,1,2,0.0,0.0
2024,13,7,QB,2,2,0.0,0.0
2024,13,7,RB,1,5,0.03417071630859374,0.03417071630859374
2024,13,7,RB,2,5,0.03079490576171875,0.06496562207031248
2024,13,7,RB,3,5,0.0316388583984375,0.09660448046874999
2024,13,7,RB,4,5,0.036068048828125004,0.13267252929687498
2024,13,7,RB,5,5,0.036068048828125004,0.16874057812499998
2024,13,7,WR,1,2,0.0,0.0
2024,13,7,WR,2,2,0.0,0.0
2024,13,7,TE,1,2,0.0,0.0
2024,13,7,TE,2,2,0.0,0.0
2024,13,8,QB,1,2,0.0,0.0
2024,13,8,QB,2,2,0.0,0.0
2024,13,8,RB,1,2,0.0,0.0
2024,13,8,RB,2,2,0.0,0.0
2024,13,8,WR,1,5,0.0920589345703125,0.0920589345703125
2024,13,8,WR,2,5,0.08112189990234372,0.17318083447265623
2024,13,8,WR,3,5,0.08191374658203131,0.2550945810546875
2024,13,8,WR,4,5,0.04845054150390627,0.3035451225585938
2024,13,8,WR,5,5,0.06574812744140633,0.36929325000000013
2024,13,8,TE,1,2,0.02036946289062508,0.02036946289062508
2024,13,8,TE,2,2,0.012221677734375047,0.032591140625000126
2024,13,9,QB,1,3,0.0,0.0
2024,13,9,QB,2,3,0.0,0.0
2024,13,9,QB,3,3,0.0,0.0
2024,13,9,RB,1,4,0.05665022924804669,0.05665022924804669
2024,13,9,RB,2,4,0.06988097241210947,0.12653120166015616
2024,13,9,RB,3,4,0.04644992749023452,0.17298112915039068
2024,13,9,RB,4,4,0.05347033959960942,0.2264514687500001
2024,13,9,WR,1,4,0.0,0.0
2024,13,9,WR,2,4,0.0,0.0
2024,13,9,WR,3,4,0.0,0.0
2024,13,9,WR,4,4,0.0,0.0
2024,13,9,TE,1,1,0.02086257812500003,0.02086257812500003
2024,13,10,QB,1,3,0.0008053906249999923,0.0008053906249999923
2024,13,10,QB,2,3,0.0009664687499999908,0.001771859374999983
2024,13,10,QB,3,3,0.0008053906249999923,0.0025772499999999754
2024,13,10,RB,1,3,0.0005414824218749614,0.0005414824218749614
2024,13,10,RB,2,3,0.0006091677246093316,0.001150650146484293
2024,13,10,RB,3,3,0.0010152795410155527,0.0021659296874998457
2024,13,10,WR,1,3,0.0,0.0
2024,13,10,WR,2,3,0.0,0.0
2024,13,10,WR,3,3,0.0,0.0
2024,13,10,TE,1,2,0.06520538281249999,0.06520538281249999
2024,13,10,TE,2,2,0.06520538281249999,0.13041076562499998
2024,13,11,QB,1,4,0.0,0.0
2024,13,11,QB,2,4,0.0,0.0
2024,13,11,QB,3,4,0.0,0.0
2024,13,11,QB,4,4,0.0,0.0
2024,13,11,RB,1,1,0.0,0.0
2024,13,11,WR,1,2,0.0,0.0
2024,13,11,WR,2,2,0.0,0.0
2024,13,11,TE,1,1,0.0,0.0
2024,13,12,QB,1,2,0.0,0.0
2024,13,12,QB,2,2,0.0,0.0
2024,13,12,RB,1,2,0.0,0.0
2024,13,12,RB,2,2,0.0,0.0
2024,13,12,WR,1,3,0.0,0.0
2024,13,12,WR,2,3,0.0,0.0
2024,13,12,WR,3,3,0.0,0.0
2024,13,12,TE,1,2,0.0,0.0
2024,13,12,TE,2,2,0.0,0.0
2024,14,1,QB,1,1,0.0,0.0
2024,14,1,RB,1,8,0.0,0.0
2024,14,1,RB,2,8,0.0,0.0
2024,14,1,RB,3,8,0.0,0.0
2024,14,1,RB,4,8,0.0,0.0
2024,14,1,RB,5,8,0.0,0.0
2024,14,1,RB,6,8,0.0,0.0
2024,14,1,RB,7,8,0.0,0.0
2024,14,1,RB,8,8,0.0,0.0
2024,14,1,WR,1,3,0.0,0.0
2024,14,1,WR,2,3,0.0,0.0
2024,14,1,WR,3,3,0.0,0.0
2024,14,2,QB,1,1,0.0,0.0
2024,14,2,RB,1,3,0.002665927734374962,0.002665927734374962
2024,14,2,RB,2,3,0.0017772851562499747,0.004443212890624937
2024,14,2,RB,3,3,0.002665927734374962,0.007109140624999899
2024,14,2,WR,1,4,0.0009758608398437417,0.0009758608398437417
2024,14,2,WR,2,4,0.0013940869140624881,0.00236994775390623
2024,14,2,WR,3,4,0.0013940869140624881,0.003764034667968718
2024,14,2,WR,4,4,0.0006970434570312441,0.004461078124999962
2024,14,2,TE,1,2,0.11718393457031252,0.11718393457031252
2024,14,2,TE,2,2,0.11977337792968744,0.23695731249999996
2024,14,3,QB,1,9,0.07694279150390623,0.07694279150390623
2024,14,3,QB,2,9,0.0539937229003906,0.13093651440429685
2024,14,3,QB,3,9,0.07874612841796873,0.20968264282226556
2024,14,3,QB,4,9,0.08008218920898436,0.2897648320312499
2024,14,3,QB,5,9,0.06269163012695311,0.35245646215820303
2024,14,3,QB,6,9,0.04774872094726561,0.40020518310546865
2024,14,3,QB,7,9,0.028453264160156252,0.4286584472656249
2024,14,3,QB,8,9,0.047782547851562496,0.4764409951171874
2024,14,3,QB,9,9,0.03985617675781251,0.5162971718749999
2024,14,3,RB,1,1,0.0,0.0
2024,14,3,WR,1,1,0.0,0.0
2024,14,3,TE,1,3,0.04683814941406246,0.04683814941406246
2024,14,3,TE,2,3,0.042154334472656214,0.08899248388671868
2024,14,3,TE,3,3,0.0608895942382812,0.14988207812499987
2024,14,4,QB,1,1,0.0,0.0
2024,14,4,RB,1,1,0.0,0.0
2024,14,4,WR,1,5,0.0014665683593750312,0.0014665683593750312
2024,14,4,WR,2,5,0.0007332841796875156,0.0021998525390625467
2024,14,4,WR,3,5,0.0010999262695312734,0.00329977880859382
2024,14,4,WR,4,5,0.0014665683593750312,0.004766347167968851
2024,14,4,WR,5,5,0.0010999262695312734,0.005866273437500125
2024,14,5,QB,1,2,0.06538862524414057,0.06538862524414057
2024,14,5,QB,2,2,0.04473958569335934,0.11012821093749992
2024,14,5,RB,1,5,0.0,0.0
2024,14,5,RB,2,5,0.0,0.0
2024,14,5,RB,3,5,0.0,0.0
2024,14,5,RB,4,5,0.0,0.0
2024,14,5,RB,5,5,0.0,0.0
2024,14,5,WR,1,4,0.0,0.0
2024,14,5,WR,2,4,0.0,0.0
2024,14,5,WR,3,4,0.0,0.0
2024,14,5,WR,4,4,0.0,0.0
2024,14,6,QB,1,3,0.0,0.0
2024,14,6,QB,2,3,0.0,0.0
2024,14,6,QB,3,3,0.0,0.0
2024,14,6,RB,1,2,0.0,0.0
2024,14,6,RB,2,2,0.0,0.0
2024,14,6,WR,1,4,0.010466280517578044,0.010466280517578044
2024,14,6,WR,2,4,0.011645401611328023,0.022111682128906067
2024,14,6,WR,3,4,0.00692891723632811,0.029040599365234177
2024,14,6,WR,4,4,0.013100072509765526,0.0421406718749997
2024,14,6,TE,1,1,0.0,0.0
2024,14,7,QB,1,3,0.0,0.0
2024,14,7,QB,2,3,0.0,0.0
2024,14,7,QB,3,3,0.0,0.0
2024,14,7,RB,1,4,0.004219763183593728,0.004219763183593728
2024,14,7,RB,2,4,0.00590766845703122,0.010127431640624948
2024,14,7,RB,3,4,0.00590766845703122,0.016035100097656168
2024,14,7,RB,4,4,0.010971384277343694,0.027006484374999862
2024,14,7,WR,1,2,0.0,0.0
2024,14,7,WR,2,2,0.0,0.0
2024,14,7,TE,1,2,0.0,0.0
2024,14,7,TE,2,2,0.0,0.0
2024,14,8,QB,1,2,0.0,0.0
2024,14,8,QB,2,2,0.0,0.0
2024,14,8,RB,1,2,0.0,0.0
2024,14,8,RB,2,2,0.0,0.0
2024,14,8,WR,1,3,0.09295945312499998,0.09295945312499998
2024,14,8,WR,2,3,0.07436756249999998,0.16732701562499996
2024,14,8,WR,3,3,0.13014323437499997,0.29747024999999994
2024,14,8,TE,1,1,0.0,0.0
2024,14,9,QB,1,3,0.0,0.0
2024,14,9,QB,2,3,0.0,0.0
2024,14,9,QB,3,3,0.0,0.0
2024,14,9,RB,1,2,0.061374749023437536,0.061374749023437536
2024,14,9,RB,2,2,0.07891039160156255,0.14028514062500008
2024,14,9,WR,1,4,0.0,0.0
2024,14,9,WR,2,4,0.0,0.0
2024,14,9,WR,3,4,0.0,0.0
2024,14,9,WR,4,4,0.0,0.0
2024,14,9,TE,1,1,0.026697382812499892,0.026697382812499892
2024,14,10,QB,1,3,0.03013140087890614,0.03013140087890614
2024,14,10,QB,2,3,0.0347078884277343,0.06483928930664044
2024,14,10,QB,3,3,0.03396343725585933,0.09880272656249978
2024,14,10,RB,1,3,0.2408420703124997,0.2408420703124997
2024,14,10,RB,2,3,0.0887312890624999,0.3295733593749996
2024,14,10,RB,3,3,0.07605539062499991,0.40562874999999954
2024,14,10,WR,1,2,0.0,0.0
2024,14,10,WR,2,2,0.0,0.0
2024,14,10,TE,1,2,0.07530902490234372,0.07530902490234372
2024,14,10,TE,2,2,0.05857368603515621,0.13388271093749993
2024,14,11,QB,1,4,0.0,0.0
2024,14,11,QB,2,4,0.0,0.0
2024,14,11,QB,3,4,0.0,0.0
2024,14,11,QB,4,4,0.0,0.0
2024,14,11,RB,1,1,0.0,0.0
2024,14,11,WR,1,3,0.0,0.0
2024,14,11,WR,2,3,0.0,0.0
2024,14,11,WR,3,3,0.0,0.0
2024,14,11,TE,1,1,0.0,0.0
2024,14,12,QB,1,2,0.0,0.0
2024,14,12,QB,2,2,0.0,0.0
2024,14,12,RB,1,2,0.0,0.0
2024,14,12,RB,2,2,0.0,0.0
2024,14,12,WR,1,3,0.0,0.0
2024,14,12,WR,2,3,0.0,0.0
2024,14,12,WR,3,3,0.0,0.0
2024,14,12,TE,1,2,0.0,0.0
2024,14,12,TE,2,2,0.0,0.0
2024,15,1,QB,1,1,0.0,0.0
2024,15,1,RB,1,8,0.0,0.0
2024,15,1,RB,2,8,0.0,0.0
2024,15,1,RB,3,8,0.0,0.0
2024,15,1,RB,4,8,0.0,0.0
2024,15,1,RB,5,8,0.0,0.0
2024,15,1,RB,6,8,0.0,0.0
2024,15,1,RB,7,8,0.0,0.0
2024,15,1,RB,8,8,0.0,0.0
2024,15,1,WR,1,3,0.0,0.0
2024,15,1,WR,2,3,0.0,0.0
2024,15,1,WR,3,3,0.0,0.0
2024,15,2,QB,1,2,0.11703465087890627,0.11703465087890627
2024,15,2,QB,2,2,0.13263927099609377,0.24967392187500004
2024,15,2,RB,1,2,0.05924396874999999,0.05924396874999999
2024,15,2,RB,2,2,0.05924396874999999,0.11848793749999997
2024,15,2,WR,1,3,0.0,0.0
2024,15,2,WR,2,3,0.0,0.0
2024,15,2,WR,3,3,0.0,0.0
2024,15,2,TE,1,2,0.15852446948242205,0.15852446948242205
2024,15,2,TE,2,2,0.13953289770507804,0.2980573671875001
2024,15,3,QB,1,7,0.036540531494140646,0.036540531494140646
2024,15,3,QB,2,7,0.015996333251953126,0.05253686474609377
2024,15,3,QB,3,7,0.02195566528320314,0.07449253002929691
2024,15,3,QB,4,7,0.030581199462890632,0.10507372949218755
2024,15,3,QB,5,7,0.015996333251953126,0.12107006274414067
2024,15,3,QB,6,7,0.023837621337890635,0.1449076840820313
2024,15,3,QB,7,7,0.010664222167968751,0.15557190625000006
2024,15,3,RB,1,1,0.0,0.0
2024,15,3,WR,1,1,0.0,0.0
2024,15,3,TE,1,2,0.0,0.0
2024,15,3,TE,2,2,0.0,0.0
2024,15,4,QB,1,1,0.0,0.0
2024,15,4,RB,1,1,0.0,0.0
2024,15,4,WR,1,7,0.04564808496093756,0.04564808496093756
2024,15,4,WR,2,7,0.04194784204101571,0.08759592700195326
2024,15,4,WR,3,7,0.021368571533203193,0.10896449853515647
2024,15,4,WR,4,7,0.01612889477539066,0.1250933933105471
2024,15,4,WR,5,7,0.010734550292968784,0.1358279436035159
2024,15,4,WR,6,7,0.010487577148437545,0.14631552075195345
2024,15,4,WR,7,7,0.025142268310546972,0.17145778906250042
2024,15,5,QB,1,2,0.0937971845703125,0.0937971845703125
2024,15,5,QB,2,2,0.0827622216796875,0.17655940625
2024,15,5,RB,1,4,0.0,0.0
2024,15,5,RB,2,4,0.0,0.0
2024,15,5,RB,3,4,0.0,0.0
2024,15,5,RB,4,4,0.0,0.0
2024,15,5,WR,1,4,0.019716609374999965,0.019716609374999965
2024,15,5,WR,2,4,0.024098078124999957,0.04381468749999992
2024,15,5,WR,3,4,0.01752587499999997,0.06134056249999989
2024,15,5,WR,4,4,0.008762937499999984,0.07010349999999987
2024,15,6,QB,1,3,0.013605048828125021,0.013605048828125021
2024,15,6,QB,2,3,0.01224454394531252,0.02584959277343754
2024,15,6,QB,3,3,0.017686563476562528,0.04353615625000007
2024,15,6,RB,1,3,0.0,0.0
2024,15,6,RB,2,3,0.0,0.0
2024,15,6,RB,3,3,0.0,0.0
2024,15,6,WR,1,3,0.00048221215820316854,0.00048221215820316854
2024,15,6,WR,2,3,0.0010333117675782183,0.0015155239257813868
2024,15,6,WR,3,3,0.0006888745117188122,0.002204398437500199
2024,15,6,TE,1,1,0.0,0.0
2024,15,7,QB,1,3,0.0,0.0
2024,15,7,QB,2,3,0.0,0.0
2024,15,7,QB,3,3,0.0,0.0
2024,15,7,RB,1,4,0.013632281738281252,0.013632281738281252
2024,15,7,RB,2,4,0.009914386718750001,0.023546668457031253
2024,15,7,RB,3,4,0.009914386718750001,0.033461055175781254
2024,15,7,RB,4,4,0.006196491699218751,0.039657546875000005
2024,15,7,WR,1,2,0.0139349970703125,0.0139349970703125
2024,15,7,WR,2,2,0.0095344716796875,0.02346946875
2024,15,7,TE,1,2,0.0,0.0
2024,15,7,TE,2,2,0.0,0.0
2024,15,8,QB,1,1,0.0,0.0
2024,15,8,RB,1,2,0.0,0.0
2024,15,8,RB,2,2,0.0,0.0
2024,15,8,WR,1,3,0.10225539843749998,0.10225539843749998
2024,15,8,WR,2,3,0.07436756249999998,0.17662296093749996
2024,15,8,WR,3,3,0.12084728906249997,0.29747024999999994
2024,15,8,TE,1,1,0.0,0.0
2024,15,9,QB,1,4,0.029297536621093537,0.029297536621093537
2024,15,9,QB,2,4,0.020508275634765476,0.04980581225585901
2024,15,9,QB,3,4,0.02343802929687483,0.07324384155273383
2024,15,9,QB,4,4,0.020508275634765476,0.09375211718749932
2024,15,9,RB,1,1,0.0,0.0
2024,15,9,WR,1,4,0.0,0.0
2024,15,9,WR,2,4,0.0,0.0
2024,15,9,WR,3,4,0.0,0.0
2024,15,9,WR,4,4,0.0,0.0
2024,15,9,TE,1,1,0.1509621953125,0.1509621953125
2024,15,10,QB,1,2,0.23749777343750006,0.23749777343750006
2024,15,10,QB,2,2,0.23749777343750006,0.4749955468750001
2024,15,10,RB,1,1,0.0,0.0
2024,15,10,WR,1,3,0.006634296874999973,0.006634296874999973
2024,15,10,WR,2,3,0.010780732421874956,0.01741502929687493
2024,15,10,WR,3,3,0.009122158203124963,0.026537187499999892
2024,15,10,TE,1,1,0.0,0.0
2024,15,11,QB,1,4,0.04355939746093743,0.04355939746093743
2024,15,11,QB,2,4,0.032884025390624946,0.07644342285156237
2024,15,11,QB,3,4,0.020965193847656216,0.09740861669921859
2024,15,11,QB,4,4,0.01440575048828123,0.11181436718749982
2024,15,11,RB,1,1,0.0,0.0
2024,15,11,WR,1,4,0.007839203124999972,0.007839203124999972
2024,15,11,WR,2,4,0.008819103515624968,0.01665830664062494
2024,15,11,WR,3,4,0.006859302734374975,0.023517609374999915
2024,15,11,WR,4,4,0.007839203124999972,0.031356812499999887
2024,15,11,TE,1,1,0.0,0.0
2024,15,12,QB,1,2,0.0,0.0
2024,15,12,QB,2,2,0.0,0.0
2024,15,12,RB,1,2,0.11729701562500006,0.11729701562500006
2024,15,12,RB,2,2,0.11729701562500006,0.2345940312500001
2024,15,12,WR,1,4,0.0,0.0
2024,15,12,WR,2,4,0.0,0.0
2024,15,12,WR,3,4,0.0,0.0
2024,15,12,WR,4,4,0.0,0.0
2024,15,12,TE,1,2,0.0,0.0
2024,15,12,TE,2,2,0.0,0.0
2025,3,1,RB,1,5,0.11091386840820315,0.11091386840820315
2025,3,1,RB,2,5,0.19964496313476565,0.3105588315429688
2025,3,1,RB,3,5,0.11091386840820315,0.421472699951172
2025,3,1,RB,4,5,0.17746218945312503,0.598934889404297
2025,3,1,RB,5,5,0.11091386840820314,0.7098487578125001
2025,3,1,WR,1,3,0.03411215112304689,0.03411215112304689
2025,3,1,WR,2,3,0.039792423828125055,0.07390457495117195
2025,3,1,WR,3,3,0.03156137817382823,0.10546595312500018
2025,3,1,TE,1,4,0.11834975781249998,0.11834975781249998
2025,3,1,TE,2,4,0.15219066162109374,0.27054041943359375
2025,3,1,TE,3,4,0.1535445939941405,0.4240850134277342
2025,3,1,TE,4,4,0.09578892407226544,0.5198739374999997
2025,3,2,QB,1,1,0.10956087500000011,0.10956087500000011
2025,3,2,RB,1,5,0.0050580131835937375,0.0050580131835937375
2025,3,2,RB,2,5,0.006698724609374977,0.011756737792968715
2025,3,2,RB,3,5,0.008780656249999949,0.020537394042968664
2025,3,2,RB,4,5,0.005544526367187476,0.02608192041015614
2025,3,2,RB,5,5,0.009403048339843706,0.035484968749999846
2025,3,2,WR,1,6,0.04411363940429683,0.04411363940429683
2025,3,2,WR,2,6,0.04646658789062494,0.09058022729492177
2025,3,2,WR,3,6,0.021482884277343708,0.11206311157226548
2025,3,2,WR,4,6,0.03632768457031242,0.14839079614257789
2025,3,2,WR,5,6,0.0281209682617187,0.1765117644042966
2025,3,2,WR,6,6,0.035906923095703105,0.2124186874999997
2025,3,2,TE,1,2,0.009680419921874989,0.009680419921874989
2025,3,2,TE,2,2,0.01613403320312498,0.02581445312499997
2025,3,3,QB,1,6,0.025760013427734395,0.025760013427734395
2025,3,3,QB,2,6,0.030912016113281274,0.05667202954101567
2025,3,3,QB,3,6,0.025760013427734395,0.08243204296875006
2025,3,3,QB,4,6,0.030912016113281274,0.11334405908203134
2025,3,3,QB,5,6,0.005152002685546879,0.11849606176757821
2025,3,3,QB,6,6,0.04636802416992191,0.16486408593750013
2025,3,3,RB,1,7,0.0,0.0
2025,3,3,RB,2,7,0.0,0.0
2025,3,3,RB,3,7,0.0,0.0
2025,3,3,RB,4,7,0.0,0.0
2025,3,3,RB,5,7,0.0,0.0
2025,3,3,RB,6,7,0.0,0.0
2025,3,3,RB,7,7,0.0,0.0
2025,3,3,WR,1,1,0.0,0.0
2025,3,3,TE,1,2,0.0,0.0
2025,3,3,TE,2,2,0.0,0.0
2025,3,4,QB,1,2,0.0,0.0
2025,3,4,QB,2,2,0.0,0.0
2025,3,4,RB,1,5,0.03556715454101557,0.03556715454101557
2025,3,4,RB,2,5,0.03556715454101557,0.07113430908203114
2025,3,4,RB,3,5,0.04268058544921868,0.11381489453124982
2025,3,4,RB,4,5,0.04268058544921868,0.1564954799804685
2025,3,4,RB,5,5,0.07113430908203114,0.22762978906249964
2025,3,4,WR,1,3,0.0,0.0
2025,3,4,WR,2,3,0.0,0.0
2025,3,4,WR,3,3,0.0,0.0
2025,3,4,TE,1,1,0.0,0.0
2025,3,5,RB,1,3,0.0,0.0
2025,3,5,RB,2,3,0.0,0.0
2025,3,5,RB,3,3,0.0,0.0
2025,3,5,WR,1,5,0.0003039582519530973,0.0003039582519530973
2025,3,5,WR,2,5,0.00017369042968748416,0.00047764868164058144
2025,3,5,WR,3,5,0.00017369042968748416,0.0006513391113280656
2025,3,5,WR,4,5,0.00039080346679683936,0.001042142578124905
2025,3,5,WR,5,5,0.0003473808593749683,0.0013895234374998733
2025,3,5,TE,1,1,0.0,0.0
2025,3,6,QB,1,2,0.0,0.0
2025,3,6,QB,2,2,0.0,0.0
2025,3,6,RB,1,3,0.011337763183593752,0.011337763183593752
2025,3,6,RB,2,3,0.015117017578125003,0.026454780761718755
2025,3,6,RB,3,3,0.013857266113281252,0.04031204687500001
2025,3,6,WR,1,6,0.016681365722656223,0.016681365722656223
2025,3,6,WR,2,6,0.0071491567382812385,0.02383052246093746
2025,3,6,WR,3,6,0.01191526123046873,0.03574578369140619
2025,3,6,WR,4,6,0.01906441796874997,0.05481020166015616
2025,3,6,WR,5,6,0.004766104492187492,0.059576306152343654
2025,3,6,WR,6,6,0.016681365722656223,0.07625767187499988
2025,3,7,QB,1,2,0.0,0.0
2025,3,7,QB,2,2,0.0,0.0
2025,3,7,RB,1,2,0.18805016894531223,0.18805016894531223
2025,3,7,RB,2,2,0.19852008105468721,0.38657024999999945
2025,3,7,WR,1,11,0.01125437353515623,0.01125437353515623
2025,3,7,WR,2,11,0.005627186767578115,0.016881560302734345
2025,3,7,WR,3,11,0.021646474121093717,0.03852803442382806
2025,3,7,WR,4,11,0.012116646484374972,0.05064468090820304
2025,3,7,WR,5,11,0.016019287353515602,0.06666396826171864
2025,3,7,WR,6,11,0.017743833251953087,0.08440780151367172
2025,3,7,WR,7,11,0.006058323242187486,0.09046612475585922
2025,3,7,WR,8,11,0.028135933837890575,0.1186020585937498
2025,3,7,WR,9,11,0.016019287353515602,0.13462134594726538
2025,3,7,WR,10,11,0.023371020019531202,0.15799236596679658
2025,3,7,WR,11,11,0.02207761059570309,0.18006997656249968
2025,3,8,QB,1,1,0.0,0.0
2025,3,8,RB,1,2,0.0,0.0
2025,3,8,RB,2,2,0.0,0.0
2025,3,8,WR,1,9,0.011266681152343742,0.011266681152343742
2025,3,8,WR,2,9,0.013879088623046872,0.025145769775390615
2025,3,8,WR,3,9,0.008216682373046867,0.033362452148437485
2025,3,8,WR,4,9,0.005344079345703117,0.0387065314941406
2025,3,8,WR,5,9,0.0071845407714844,0.045891072265625
2025,3,8,WR,6,9,0.004571650878906267,0.05046272314453126
2025,3,8,WR,7,9,0.008043181640625046,0.05850590478515631
2025,3,8,WR,8,9,0.0050245852050781505,0.06353048999023446
2025,3,8,WR,9,9,0.004446135009765661,0.06797662500000012
2025,3,8,TE,1,1,0.0,0.0
2025,3,9,QB,1,4,0.0,0.0
2025,3,9,QB,2,4,0.0,0.0
2025,3,9,QB,3,4,0.0,0.0
2025,3,9,QB,4,4,0.0,0.0
2025,3,9,RB,1,4,0.005070093994140636,0.005070093994140636
2025,3,9,RB,2,4,0.010140187988281271,0.015210281982421907
2025,3,9,RB,3,4,0.00709813159179689,0.022308413574218797
2025,3,9,RB,4,4,0.010140187988281271,0.03244860156250007
2025,3,9,WR,1,7,0.05395764111328128,0.05395764111328128
2025,3,9,WR,2,7,0.03325587475585943,0.08721351586914071
2025,3,9,WR,3,7,0.05379373217773441,0.14100724804687512
2025,3,9,WR,4,7,0.05077234179687502,0.19177958984375015
2025,3,9,WR,5,7,0.04565649365234378,0.23743608349609394
2025,3,9,WR,6,7,0.06419223852539069,0.3016283220214846
2025,3,9,WR,7,7,0.06071415454101569,0.3623424765625003
2025,3,10,QB,1,5,0.010034467773437503,0.010034467773437503
2025,3,10,QB,2,5,0.03512063720703126,0.04515510498046876
2025,3,10,QB,3,5,0.03512063720703126,0.08027574218750003
2025,3,10,QB,4,5,0.025086169433593757,0.10536191162109379
2025,3,10,QB,5,5,0.05518957275390627,0.16055148437500005
2025,3,10,RB,1,3,0.08210384252929678,0.08210384252929678
2025,3,10,RB,2,3,0.17593680541992165,0.25804064794921844
2025,3,10,RB,3,3,0.1172912036132811,0.37533185156249954
2025,3,10,WR,1,6,0.00031980175781251563,0.00031980175781251563
2025,3,10,WR,2,6,0.00039975219726564454,0.0007195539550781602
2025,3,10,WR,3,6,0.0006396035156250313,0.0013591574707031914
2025,3,10,WR,4,6,0.0005596530761719024,0.0019188105468750938
2025,3,10,WR,5,6,0.00023985131835938672,0.0021586618652344805
2025,3,10,WR,6,6,0.00039975219726564454,0.002558414062500125
2025,3,10,TE,1,3,0.022715951660156296,0.022715951660156296
2025,3,10,TE,2,3,0.03028793554687506,0.05300388720703136
2025,3,10,TE,3,3,0.027763940917968806,0.08076782812500016
2025,3,11,QB,1,4,0.012346745605468761,0.012346745605468761
2025,3,11,QB,2,4,0.017285443847656266,0.029632189453125027
2025,3,11,QB,3,4,0.027162840332031275,0.0567950297851563
2025,3,11,QB,4,4,0.02222414208984377,0.07901917187500007
2025,3,11,RB,1,2,0.0,0.0
2025,3,11,RB,2,2,0.0,0.0
2025,3,11,WR,1,8,0.010130375488281197,0.010130375488281197
2025,3,11,WR,2,8,0.00943696826171872,0.019567343749999917
2025,3,11,WR,3,8,0.009155182617187469,0.028722526367187386
2025,3,11,WR,4,8,0.008643772949218732,0.037366299316406115
2025,3,11,WR,5,8,0.009862192382812482,0.0472284916992186
2025,3,11,WR,6,8,0.008468016601562482,0.055696508300781086
2025,3,11,WR,7,8,0.008623929199218734,0.06432043749999981
2025,3,11,WR,8,8,0.01100067187499999,0.0753211093749998
2025,3,11,TE,1,1,0.0,0.0
2025,3,12,QB,1,2,0.043391917968750054,0.043391917968750054
2025,3,12,QB,2,2,0.03374926953125004,0.0771411875000001
2025,3,12,RB,1,4,0.0,0.0
2025,3,12,RB,2,4,0.0,0.0
2025,3,12,RB,3,4,0.0,0.0
2025,3,12,RB,4,4,0.0,0.0
2025,3,12,WR,1,4,0.026597367187500012,0.026597367187500012
2025,3,12,WR,2,4,0.014791929443359372,0.041389296630859385
2025,3,12,WR,3,4,0.023579251464843763,0.06496854809570315
2025,3,12,WR,4,4,0.02205438159179688,0.08702292968750003
2025,3,12,TE,1,5,0.025099208251953088,0.025099208251953088
2025,3,12,TE,2,5,0.03378871728515621,0.058887925537109295
2025,3,12,TE,3,5,0.034366635986328053,0.09325456152343735
2025,3,12,TE,4,5,0.03948773608398429,0.13274229760742162
2025,3,12,TE,5,5,0.017531905517578092,0.15027420312499973
2025,4,1,RB,1,4,0.015072156494140634,0.015072156494140634
2025,4,1,RB,2,4,0.012331764404296883,0.027403920898437517
2025,4,1,RB,3,4,0.006850980224609379,0.034254901123046896
2025,4,1,RB,4,4,0.009591372314453131,0.04384627343750003
2025,4,1,WR,1,3,0.02407306030273454,0.02407306030273454
2025,4,1,WR,2,3,0.022541309814453264,0.0466143701171878
2025,4,1,WR,3,3,0.022400395507812615,0.06901476562500042
2025,4,1,TE,1,3,0.08414693505859383,0.08414693505859383
2025,4,1,TE,2,3,0.11960162426757816,0.20374855932617197
2025,4,1,TE,3,3,0.05599312817382805,0.25974168750000004
2025,4,2,RB,1,4,0.004616792968750005,0.004616792968750005
2025,4,2,RB,2,4,0.003462594726562504,0.00807938769531251
2025,4,2,RB,3,4,0.006925189453125008,0.015004577148437517
2025,4,2,RB,4,4,0.003462594726562504,0.01846717187500002
2025,4,2,WR,1,4,0.0,0.0
2025,4,2,WR,2,4,0.0,0.0
2025,4,2,WR,3,4,0.0,0.0
2025,4,2,WR,4,4,0.0,0.0
2025,4,2,TE,1,2,0.026221520507812415,0.026221520507812415
2025,4,2,TE,2,2,0.023136635742187425,0.04935815624999984
2025,4,3,QB,1,5,0.025760013427734395,0.025760013427734395
2025,4,3,QB,2,5,0.04121602148437503,0.06697603491210943
2025,4,3,QB,3,5,0.020608010742187516,0.08758404565429695
2025,4,3,QB,4,5,0.05152002685546879,0.13910407250976575
2025,4,3,QB,5,5,0.025760013427734395,0.16486408593750013
2025,4,3,RB,1,7,0.0,0.0
2025,4,3,RB,2,7,0.0,0.0
2025,4,3,RB,3,7,0.0,0.0
2025,4,3,RB,4,7,0.0,0.0
2025,4,3,RB,5,7,0.0,0.0
2025,4,3,RB,6,7,0.0,0.0
2025,4,3,RB,7,7,0.0,0.0
2025,4,3,WR,1,1,0.011643179687500282,0.011643179687500282
2025,4,3,TE,1,2,0.024274166503906347,0.024274166503906347
2025,4,3,TE,2,2,0.03183021630859373,0.056104382812500075
2025,4,4,QB,1,2,0.0,0.0
2025,4,4,QB,2,2,0.0,0.0
2025,4,4,RB,1,4,0.0,0.0
2025,4,4,RB,2,4,0.0,0.0
2025,4,4,RB,3,4,0.0,0.0
2025,4,4,RB,4,4,0.0,0.0
2025,4,4,WR,1,3,0.0,0.0
2025,4,4,WR,2,3,0.0,0.0
2025,4,4,WR,3,3,0.0,0.0
2025,4,4,TE,1,1,0.0,0.0
2025,4,5,RB,1,3,0.0,0.0
2025,4,5,RB,2,3,0.0,0.0
2025,4,5,RB,3,3,0.0,0.0
2025,4,5,WR,1,5,0.0003473808593749683,0.0003473808593749683
2025,4,5,WR,2,5,0.00017369042968748416,0.0005210712890624525
2025,4,5,WR,3,5,0.0003039582519530973,0.0008250295410155498
2025,4,5,WR,4,5,0.0002171130371093552,0.001042142578124905
2025,4,5,WR,5,5,0.0003473808593749683,0.0013895234374998733
2025,4,5,TE,1,1,0.0,0.0
2025,4,6,QB,1,2,0.0,0.0
2025,4,6,QB,2,2,0.0,0.0
2025,4,6,RB,1,1,0.0,0.0
2025,4,6,WR,1,6,0.048070640869140625,0.048070640869140625
2025,4,6,WR,2,6,0.024631775878906248,0.07270241674804687
2025,4,6,WR,3,6,0.014620010742187481,0.08732242749023436
2025,4,6,WR,4,6,0.020421167236328107,0.10774359472656246
2025,4,6,WR,5,6,0.02161407812499995,0.1293576728515624
2025,4,6,WR,6,6,0.03083056933593742,0.16018824218749983
2025,4,7,QB,1,2,0.0,0.0
2025,4,7,QB,2,2,0.0,0.0
2025,4,7,RB,1,1,0.3335901093749999,0.3335901093749999
2025,4,7,WR,1,13,0.07029270605468747,0.07029270605468747
2025,4,7,WR,2,13,0.06433658349609372,0.13462928955078118
2025,4,7,WR,3,13,0.04836272143554686,0.18299201098632806
2025,4,7,WR,4,13,0.09528213598632806,0.2782741469726561
2025,4,7,WR,5,13,0.05184942553710934,0.3301235725097655
2025,4,7,WR,6,13,0.05302521435546874,0.38314878686523424
2025,4,7,WR,7,13,0.0656370158691406,0.4487858027343748
2025,4,7,WR,8,13,0.05353276855468747,0.5023185712890623
2025,4,7,WR,9,13,0.042958501220703105,0.5452770725097653
2025,4,7,WR,10,13,0.1086973041992187,0.6539743767089841
2025,4,7,WR,11,13,0.051119126464843734,0.7050935031738278
2025,4,7,WR,12,13,0.07058431811523434,0.775677821289062
2025,4,7,WR,13,13,0.04222820214843749,0.8179060234374996
2025,4,8,QB,1,1,0.0,0.0
2025,4,8,RB,1,2,0.0,0.0
2025,4,8,RB,2,2,0.0,0.0
2025,4,8,WR,1,7,0.012464050048828147,0.012464050048828147
2025,4,8,WR,2,7,0.024666234375000033,0.03713028442382818
2025,4,8,WR,3,7,0.016298675292968766,0.053428959716796946
2025,4,8,WR,4,7,0.02457894580078128,0.07800790551757822
2025,4,8,WR,5,7,0.028500859619140652,0.10650876513671886
2025,4,8,WR,6,7,0.012376761474609393,0.11888552661132828
2025,4,8,WR,7,7,0.012202184326171886,0.13108771093750016
2025,4,8,TE,1,1,0.0,0.0
2025,4,9,QB,1,4,0.0,0.0
2025,4,9,QB,2,4,0.0,0.0
2025,4,9,QB,3,4,0.0,0.0
2025,4,9,QB,4,4,0.0,0.0
2025,4,9,RB,1,4,0.006084112792968763,0.006084112792968763
2025,4,9,RB,2,4,0.00709813159179689,0.013182244384765653
2025,4,9,RB,3,4,0.012168225585937525,0.025350469970703178
2025,4,9,RB,4,4,0.00709813159179689,0.03244860156250007
2025,4,9,WR,1,5,0.06948483959960945,0.06948483959960945
2025,4,9,WR,2,5,0.0912198925781251,0.16070473217773454
2025,4,9,WR,3,5,0.08103179418945326,0.2417365263671878
2025,4,9,WR,4,5,0.06972243383789073,0.31145896020507857
2025,4,9,WR,5,5,0.07696379760742203,0.3884227578125006
2025,4,10,QB,1,4,0.0,0.0
2025,4,10,QB,2,4,0.0,0.0
2025,4,10,QB,3,4,0.0,0.0
2025,4,10,QB,4,4,0.0,0.0
2025,4,10,RB,1,2,0.0,0.0
2025,4,10,RB,2,2,0.0,0.0
2025,4,10,WR,1,5,0.00047970263671877345,0.00047970263671877345
2025,4,10,WR,2,5,0.0007195539550781602,0.0011992565917969336
2025,4,10,WR,3,5,0.00031980175781251563,0.0015190583496094492
2025,4,10,WR,4,5,0.00039975219726564454,0.0019188105468750938
2025,4,10,WR,5,5,0.0006396035156250313,0.002558414062500125
2025,4,10,TE,1,3,0.11554447851562508,0.11554447851562508
2025,4,10,TE,2,3,0.07536989794921878,0.19091437646484383
2025,4,10,TE,3,3,0.07013620166015626,0.2610505781250001
2025,4,11,QB,1,4,0.09992144042968751,0.09992144042968751
2025,4,11,QB,2,4,0.038431323242187496,0.138352763671875
2025,4,11,QB,3,4,0.0691763818359375,0.2075291455078125
2025,4,11,QB,4,4,0.038431323242187496,0.24596046875
2025,4,11,RB,1,2,0.0,0.0
2025,4,11,RB,2,2,0.0,0.0
2025,4,11,WR,1,8,0.01693195068359371,0.01693195068359371
2025,4,11,WR,2,8,0.015770135742187455,0.032702086425781166
2025,4,11,WR,3,8,0.01927127978515622,0.051973366210937386
2025,4,11,WR,4,8,0.020126034667968713,0.0720994008789061
2025,4,11,WR,5,8,0.021711249999999956,0.09381065087890605
2025,4,11,WR,6,8,0.019370792480468715,0.11318144335937477
2025,4,11,WR,7,8,0.01938977880859373,0.13257122216796852
2025,4,11,WR,8,8,0.02516641845703123,0.15773764062499973
2025,4,11,TE,1,1,0.0,0.0
2025,4,12,QB,1,2,0.0556976604003907,0.0556976604003907
2025,4,12,QB,2,2,0.03810892553710943,0.09380658593750013
2025,4,12,RB,1,4,0.0,0.0
2025,4,12,RB,2,4,0.0,0.0
2025,4,12,RB,3,4,0.0,0.0
2025,4,12,RB,4,4,0.0,0.0
2025,4,12,WR,1,4,0.014524904296875016,0.014524904296875016
2025,4,12,WR,2,4,0.01936653906250002,0.03389144335937504
2025,4,12,WR,3,4,0.02904980859375003,0.06294125195312507
2025,4,12,WR,4,4,0.014524904296875016,0.07746615625000008
2025,4,12,TE,1,4,0.018417106933593705,0.018417106933593705
2025,4,12,TE,2,4,0.014324416503906215,0.03274152343749992
2025,4,12,TE,3,4,0.02046345214843745,0.05320497558593737
2025,4,12,TE,4,4,0.01227807128906247,0.06548304687499984
2025,5,1,RB,1,4,0.010961568359375007,0.010961568359375007
2025,5,1,RB,2,4,0.015072156494140634,0.02603372485351564
2025,5,1,RB,3,4,0.005480784179687503,0.031514509033203145
2025,5,1,RB,4,4,0.012331764404296883,0.04384627343750003
2025,5,1,WR,1,2,0.06825525390624992,0.06825525390624992
2025,5,1,WR,2,2,0.06825525390624992,0.13651050781249985
2025,5,1,TE,1,2,0.0,0.0
2025,5,1,TE,2,2,0.0,0.0
2025,5,2,RB,1,4,0.02185701757812497,0.02185701757812497
2025,5,2,RB,2,4,0.02185701757812497,0.04371403515624994
2025,5,2,RB,3,4,0.032785526367187456,0.0764995615234374
2025,5,2,RB,4,4,0.010928508789062485,0.08742807031249988
2025,5,2,WR,1,4,0.0,0.0
2025,5,2,WR,2,4,0.0,0.0
2025,5,2,WR,3,4,0.0,0.0
2025,5,2,WR,4,4,0.0,0.0
2025,5,2,TE,1,1,0.0,0.0
2025,5,3,QB,1,5,0.025760013427734395,0.025760013427734395
2025,5,3,QB,2,5,0.04121602148437503,0.06697603491210943
2025,5,3,QB,3,5,0.020608010742187516,0.08758404565429695
2025,5,3,QB,4,5,0.04636802416992191,0.13395206982421887
2025,5,3,QB,5,5,0.030912016113281274,0.16486408593750013
2025,5,3,RB,1,7,0.0,0.0
2025,5,3,RB,2,7,0.0,0.0
2025,5,3,RB,3,7,0.0,0.0
2025,5,3,RB,4,7,0.0,0.0
2025,5,3,RB,5,7,0.0,0.0
2025,5,3,RB,6,7,0.0,0.0
2025,5,3,RB,7,7,0.0,0.0
2025,5,3,WR,1,1,0.011643179687500282,0.011643179687500282
2025,5,3,TE,1,2,0.07719816625976554,0.07719816625976554
2025,5,3,TE,2,2,0.024531122802734354,0.1017292890624999
2025,5,4,QB,1,2,0.0,0.0
2025,5,4,QB,2,2,0.0,0.0
2025,5,4,RB,1,4,0.0,0.0
2025,5,4,RB,2,4,0.0,0.0
2025,5,4,RB,3,4,0.0,0.0
2025,5,4,RB,4,4,0.0,0.0
2025,5,4,WR,1,3,0.009319454101562489,0.009319454101562489
2025,5,4,WR,2,3,0.014644856445312483,0.02396431054687497
2025,5,4,WR,3,3,0.018638908203124978,0.04260321874999995
2025,5,4,TE,1,1,0.0,0.0
2025,5,5,RB,1,3,0.0,0.0
2025,5,5,RB,2,3,0.0,0.0
2025,5,5,RB,3,3,0.0,0.0
2025,5,5,WR,1,5,8.684521484374208e-05,8.684521484374208e-05
2025,5,5,WR,2,5,0.0005644938964843235,0.0006513391113280656
2025,5,5,WR,3,5,0.0003473808593749683,0.000998719970703034
2025,5,5,WR,4,5,0.00017369042968748416,0.001172410400390518
2025,5,5,WR,5,5,0.0002171130371093552,0.0013895234374998733
2025,5,5,TE,1,1,0.0,0.0
2025,5,6,QB,1,2,0.0,0.0
2025,5,6,QB,2,2,0.0,0.0
2025,5,6,RB,1,1,0.0,0.0
2025,5,6,WR,1,5,0.036123251220703124,0.036123251220703124
2025,5,6,WR,2,5,0.018658081054687484,0.05478133227539061
2025,5,6,WR,3,5,0.056626686035156165,0.11140801831054678
2025,5,6,WR,4,5,0.03955915283203117,0.15096717114257796
2025,5,6,WR,5,5,0.03532797729492178,0.18629514843749972
2025,5,7,QB,1,2,0.046058605957031325,0.046058605957031325
2025,5,7,QB,2,2,0.052199753417968835,0.09825835937500016
2025,5,7,RB,1,1,0.0,0.0
2025,5,7,WR,1,12,0.06670369238281249,0.06670369238281249
2025,5,7,WR,2,12,0.07563161596679685,0.14233530834960934
2025,5,7,WR,3,12,0.05905379760742185,0.2013891059570312
2025,5,7,WR,4,12,0.0319598215332031,0.23334892749023428
2025,5,7,WR,5,12,0.06055572607421872,0.293904653564453
2025,5,7,WR,6,12,0.03967609497070309,0.3335807485351561
2025,5,7,WR,7,12,0.036033199951171845,0.3696139484863279
2025,5,7,WR,8,12,0.09196174926757808,0.461575697753906
2025,5,7,WR,9,12,0.07205447802734373,0.5336301757812497
2025,5,7,WR,10,12,0.07835898339843748,0.6119891591796872
2025,5,7,WR,11,12,0.04862096166992187,0.6606101208496091
2025,5,7,WR,12,12,0.026067152587890628,0.6866772734374997
2025,5,8,QB,1,1,0.0,0.0
2025,5,8,RB,1,2,0.0,0.0
2025,5,8,RB,2,2,0.0,0.0
2025,5,8,WR,1,7,0.011690293457031257,0.011690293457031257
2025,5,8,WR,2,7,0.032400852294921886,0.044091145751953144
2025,5,8,WR,3,7,0.017715057617187516,0.06180620336914066
2025,5,8,WR,4,7,0.011864870605468765,0.07367107397460942
2025,5,8,WR,5,7,0.01855418164062502,0.09222525561523445
2025,5,8,WR,6,7,0.035255538085937524,0.127480793701172
2025,5,8,WR,7,7,0.024872417236328125,0.1523532109375001
2025,5,9,QB,1,4,0.0,0.0
2025,5,9,QB,2,4,0.0,0.0
2025,5,9,QB,3,4,0.0,0.0
2025,5,9,QB,4,4,0.0,0.0
2025,5,9,RB,1,3,0.05270240625000011,0.05270240625000011
2025,5,9,RB,2,3,0.04391867187500009,0.0966210781250002
2025,5,9,RB,3,3,0.04391867187500009,0.1405397500000003
2025,5,9,WR,1,4,0.114731916748047,0.114731916748047
2025,5,9,WR,2,4,0.1135444472656251,0.2282763640136721
2025,5,9,WR,3,4,0.1199370466308595,0.3482134106445316
2025,5,9,WR,4,4,0.06626958935546878,0.4144830000000004
2025,5,10,QB,1,4,0.016078056640624963,0.016078056640624963
2025,5,10,QB,2,4,0.011254639648437474,0.027332696289062437
2025,5,10,QB,3,4,0.014470250976562467,0.041802947265624904
2025,5,10,QB,4,4,0.009646833984374978,0.05144978124999988
2025,5,10,RB,1,2,0.0,0.0
2025,5,10,RB,2,2,0.0,0.0
2025,5,10,WR,1,4,0.0,0.0
2025,5,10,WR,2,4,0.0,0.0
2025,5,10,WR,3,4,0.0,0.0
2025,5,10,WR,4,4,0.0,0.0
2025,5,10,TE,1,3,0.0988686782226562,0.0988686782226562
2025,5,10,TE,2,3,0.08778671337890621,0.18665539160156241
2025,5,10,TE,3,3,0.07439518652343746,0.2610505781249999
2025,5,11,QB,1,3,0.0,0.0
2025,5,11,QB,2,3,0.0,0.0
2025,5,11,QB,3,3,0.0,0.0
2025,5,11,RB,1,2,0.0,0.0
2025,5,11,RB,2,2,0.0,0.0
2025,5,11,WR,1,7,0.052199126953124925,0.052199126953124925
2025,5,11,WR,2,7,0.0495388881835937,0.10173801513671862
2025,5,11,WR,3,7,0.013942574707031221,0.11568058984374983
2025,5,11,WR,4,7,0.03293520214843747,0.14861579199218733
2025,5,11,WR,5,7,0.014299200195312469,0.16291499218749977
2025,5,11,WR,6,7,0.04451025537109372,0.20742524755859348
2025,5,11,WR,7,7,0.0440796430664062,0.2515048906249997
2025,5,11,TE,1,1,0.0,0.0
2025,5,12,QB,1,1,0.24645922656249997,0.24645922656249997
2025,5,12,RB,1,4,0.016828674316406257,0.016828674316406257
2025,5,12,RB,2,4,0.028047790527343762,0.04487646484375002
2025,5,12,RB,3,4,0.025243011474609386,0.07011947631835941
2025,5,12,RB,4,4,0.019633453369140633,0.08975292968750004
2025,5,12,WR,1,4,0.04573736572265619,0.04573736572265619
2025,5,12,WR,2,4,0.02711869995117184,0.07285606567382803
2025,5,12,WR,3,4,0.034649050292968754,0.10750511596679678
2025,5,12,WR,4,4,0.03885445434570313,0.1463595703124999
2025,5,12,TE,1,3,0.014324416503906215,0.014324416503906215
2025,5,12,TE,2,3,0.026602487792968685,0.0409269042968749
2025,5,12,TE,3,3,0.02455614257812494,0.06548304687499984
2025,6,1,RB,1,4,0.012331764404296883,0.012331764404296883
2025,6,1,RB,2,4,0.010961568359375007,0.02329333276367189
2025,6,1,RB,3,4,0.009591372314453131,0.03288470507812502
2025,6,1,RB,4,4,0.010961568359375007,0.04384627343750003
2025,6,1,WR,1,1,0.10994037499999976,0.10994037499999976
2025,6,1,TE,1,2,0.0,0.0
2025,6,1,TE,2,2,0.0,0.0
2025,6,2,RB,1,5,0.024589144775390592,0.024589144775390592
2025,6,2,RB,2,5,0.010928508789062485,0.03551765356445308
2025,6,2,RB,3,5,0.024589144775390592,0.06010679833984367
2025,6,2,RB,4,5,0.013660635986328107,0.07376743432617178
2025,6,2,RB,5,5,0.013660635986328107,0.08742807031249988
2025,6,2,WR,1,4,0.0,0.0
2025,6,2,WR,2,4,0.0,0.0
2025,6,2,WR,3,4,0.0,0.0
2025,6,2,WR,4,4,0.0,0.0
2025,6,2,TE,1,1,0.03722184374999982,0.03722184374999982
2025,6,3,QB,1,4,0.0,0.0
2025,6,3,QB,2,4,0.0,0.0
2025,6,3,QB,3,4,0.0,0.0
2025,6,3,QB,4,4,0.0,0.0
2025,6,3,RB,1,7,0.0,0.0
2025,6,3,RB,2,7,0.0,0.0
2025,6,3,RB,3,7,0.0,0.0
2025,6,3,RB,4,7,0.0,0.0
2025,6,3,RB,5,7,0.0,0.0
2025,6,3,RB,6,7,0.0,0.0
2025,6,3,RB,7,7,0.0,0.0
2025,6,3,WR,1,1,0.018408414062500045,0.018408414062500045
2025,6,3,TE,1,3,0.45672664868164076,0.45672664868164076
2025,6,3,TE,2,3,0.3563796215820313,0.813106270263672
2025,6,3,TE,3,3,0.25522308911132807,1.068329359375
2025,6,4,QB,1,2,0.0,0.0
2025,6,4,QB,2,2,0.0,0.0
2025,6,4,RB,1,4,0.0,0.0
2025,6,4,RB,2,4,0.0,0.0
2025,6,4,RB,3,4,0.0,0.0
2025,6,4,RB,4,4,0.0,0.0
2025,6,4,WR,1,3,0.023532430175781258,0.023532430175781258
2025,6,4,WR,2,3,0.021049623046875018,0.04458205322265628
2025,6,4,WR,3,3,0.02220107958984376,0.06678313281250003
2025,6,4,TE,1,1,0.0,0.0
2025,6,5,RB,1,3,0.0,0.0
2025,6,5,RB,2,3,0.0,0.0
2025,6,5,RB,3,3,0.0,0.0
2025,6,5,WR,1,5,0.00017369042968748416,0.00017369042968748416
2025,6,5,WR,2,5,0.00017369042968748416,0.0003473808593749683
2025,6,5,WR,3,5,0.00039080346679683936,0.0007381843261718077
2025,6,5,WR,4,5,0.0002171130371093552,0.0009552973632811629
2025,6,5,WR,5,5,0.0004342260742187104,0.0013895234374998733
2025,6,5,TE,1,1,0.0,0.0
2025,6,6,QB,1,2,0.0,0.0
2025,6,6,QB,2,2,0.0,0.0
2025,6,6,RB,1,1,0.0,0.0
2025,6,6,WR,1,4,0.0027834587402343486,0.0027834587402343486
2025,6,6,WR,2,4,0.00318109570312497,0.005964554443359318
2025,6,6,WR,3,4,0.00318109570312497,0.009145650146484288
2025,6,6,WR,4,4,0.003578732666015591,0.01272438281249988
2025,6,7,QB,1,2,0.058340900878906345,0.058340900878906345
2025,6,7,QB,2,2,0.039917458496093815,0.09825835937500016
2025,6,7,RB,1,1,0.0,0.0
2025,6,7,WR,1,7,0.0023161347656250053,0.0023161347656250053
2025,6,7,WR,2,7,0.001737101074218754,0.004053235839843759
2025,6,7,WR,3,7,0.0023161347656250053,0.006369370605468765
2025,6,7,WR,4,7,0.006369370605468765,0.01273874121093753
2025,6,7,WR,5,7,0.0028951684570312566,0.015633909667968786
2025,6,7,WR,6,7,0.0023161347656250053,0.01795004443359379
2025,6,7,WR,7,7,0.0005790336914062513,0.018529078125000042
2025,6,8,QB,1,1,0.0,0.0
2025,6,8,RB,1,2,0.0,0.0
2025,6,8,RB,2,2,0.0,0.0
2025,6,8,WR,1,6,0.04531721093750006,0.04531721093750006
2025,6,8,WR,2,6,0.0529864614257813,0.09830367236328136
2025,6,8,WR,3,6,0.031440783203125044,0.1297444555664064
2025,6,8,WR,4,6,0.030436968750000043,0.16018142431640645
2025,6,8,WR,5,6,0.061855927734375066,0.2220373520507815
2025,6,8,WR,6,6,0.02407703857421878,0.2461143906250003
2025,6,9,QB,1,4,0.0,0.0
2025,6,9,QB,2,4,0.0,0.0
2025,6,9,QB,3,4,0.0,0.0
2025,6,9,QB,4,4,0.0,0.0
2025,6,9,RB,1,3,0.04891372021484383,0.04891372021484383
2025,6,9,RB,2,3,0.027950697265625046,0.07686441748046888
2025,6,9,RB,3,3,0.03493837158203131,0.11180278906250019
2025,6,9,WR,1,3,0.12420434619140622,0.12420434619140622
2025,6,9,WR,2,3,0.09033043359374998,0.2145347797851562
2025,6,9,WR,3,3,0.14678695458984373,0.3613217343749999
2025,6,10,QB,1,4,0.014470250976562467,0.014470250976562467
2025,6,10,QB,2,4,0.016078056640624963,0.03054830761718743
2025,6,10,QB,3,4,0.011254639648437474,0.041802947265624904
2025,6,10,QB,4,4,0.009646833984374978,0.05144978124999988
2025,6,10,RB,1,2,0.03219387451171876,0.03219387451171876
2025,6,10,RB,2,2,0.02503968017578126,0.05723355468750002
2025,6,10,WR,1,4,0.0,0.0
2025,6,10,WR,2,4,0.0,0.0
2025,6,10,WR,3,4,0.0,0.0
2025,6,10,WR,4,4,0.0,0.0
2025,6,10,TE,1,1,0.06665216406249996,0.06665216406249996
2025,6,11,QB,1,3,0.0,0.0
2025,6,11,QB,2,3,0.0,0.0
2025,6,11,QB,3,3,0.0,0.0
2025,6,11,RB,1,2,0.0,0.0
2025,6,11,RB,2,2,0.0,0.0
2025,6,11,WR,1,7,0.0382351323242187,0.0382351323242187
2025,6,11,WR,2,7,0.041671267578124935,0.07990639990234363
2025,6,11,WR,3,7,0.012893395019531222,0.09279979492187485
2025,6,11,WR,4,7,0.0324133041992187,0.12521309912109355
2025,6,11,WR,5,7,0.03100352734374997,0.15621662646484352
2025,6,11,WR,6,7,0.051392604492187466,0.207609230957031
2025,6,11,WR,7,7,0.04389565966796871,0.2515048906249997
2025,6,11,TE,1,1,0.0,0.0
2025,6,12,RB,1,4,0.022438232421875037,0.022438232421875037
2025,6,12,RB,2,4,0.022438232421875037,0.044876464843750075
2025,6,12,RB,3,4,0.016828674316406278,0.06170513916015635
2025,6,12,RB,4,4,0.028047790527343797,0.08975292968750015
2025,6,12,WR,1,4,0.07971203588867186,0.07971203588867186
2025,6,12,WR,2,4,0.12809043676757803,0.20780247265624988
2025,6,12,WR,3,4,0.11240808300781252,0.3202105556640624
2025,6,12,WR,4,4,0.07741457714843761,0.3976251328125
2025,6,12,TE,1,3,0.05149368847656233,0.05149368847656233
2025,6,12,TE,2,3,0.03310308544921864,0.08459677392578097
2025,6,12,TE,3,3,0.03310308544921864,0.1176998593749996
2025,7,1,RB,1,4,0.0148861018066406,0.0148861018066406
2025,7,1,RB,2,4,0.011015181884765558,0.02590128369140616
2025,7,1,RB,3,4,0.013422878417968707,0.039324162109374866
2025,7,1,RB,4,4,0.01814524414062499,0.057469406249999855
2025,7,1,WR,1,1,0.12133185937499957,0.12133185937499957
2025,7,1,TE,1,2,0.0,0.0
2025,7,1,TE,2,2,0.0,0.0
2025,7,2,RB,1,3,0.0,0.0
2025,7,2,RB,2,3,0.0,0.0
2025,7,2,RB,3,3,0.0,0.0
2025,7,2,WR,1,4,0.0,0.0
2025,7,2,WR,2,4,0.0,0.0
2025,7,2,WR,3,4,0.0,0.0
2025,7,2,WR,4,4,0.0,0.0
2025,7,2,TE,1,1,0.03722184374999982,0.03722184374999982
2025,7,3,QB,1,4,0.0,0.0
2025,7,3,QB,2,4,0.0,0.0
2025,7,3,QB,3,4,0.0,0.0
2025,7,3,QB,4,4,0.0,0.0
2025,7,3,RB,1,7,0.0,0.0
2025,7,3,RB,2,7,0.0,0.0
2025,7,3,RB,3,7,0.0,0.0
2025,7,3,RB,4,7,0.0,0.0
2025,7,3,RB,5,7,0.0,0.0
2025,7,3,RB,6,7,0.0,0.0
2025,7,3,RB,7,7,0.0,0.0
2025,7,3,WR,1,1,0.011643179687500282,0.011643179687500282
2025,7,3,TE,1,2,0.23655755908203113,0.23655755908203113
2025,7,3,TE,2,2,0.1829616596679687,0.41951921874999987
2025,7,4,QB,1,2,0.0,0.0
2025,7,4,QB,2,2,0.0,0.0
2025,7,4,RB,1,4,0.0,0.0
2025,7,4,RB,2,4,0.0,0.0
2025,7,4,RB,3,4,0.0,0.0
2025,7,4,RB,4,4,0.0,0.0
2025,7,4,WR,1,3,0.032664629394531144,0.032664629394531144
2025,7,4,WR,2,3,0.03346960205078116,0.0661342314453123
2025,7,4,WR,3,3,0.033934034179687406,0.10006826562499971
2025,7,4,TE,1,2,0.0,0.0
2025,7,4,TE,2,2,0.0,0.0
2025,7,5,RB,1,3,0.0,0.0
2025,7,5,RB,2,3,0.0,0.0
2025,7,5,RB,3,3,0.0,0.0
2025,7,5,WR,1,4,0.0,0.0
2025,7,5,WR,2,4,0.0,0.0
2025,7,5,WR,3,4,0.0,0.0
2025,7,5,WR,4,4,0.0,0.0
2025,7,5,TE,1,2,0.0,0.0
2025,7,5,TE,2,2,0.0,0.0
2025,7,6,QB,1,2,0.0,0.0
2025,7,6,QB,2,2,0.0,0.0
2025,7,6,RB,1,1,0.0,0.0
2025,7,6,WR,1,4,0.02207735229492184,0.02207735229492184
2025,7,6,WR,2,4,0.03509061914062494,0.05716797143554678
2025,7,6,WR,3,4,0.021282078369140596,0.07845004980468737
2025,7,6,WR,4,4,0.02247498925781246,0.10092503906249983
2025,7,7,QB,1,2,0.04298803222656257,0.04298803222656257
2025,7,7,QB,2,2,0.05527032714843759,0.09825835937500016
2025,7,7,WR,1,7,0.003393557128906252,0.003393557128906252
2025,7,7,WR,2,7,0.005090335693359378,0.00848389282226563
2025,7,7,WR,3,7,0.00848389282226563,0.01696778564453126
2025,7,7,WR,4,7,0.011877449951171883,0.028845235595703143
2025,7,7,WR,5,7,0.010180671386718756,0.0390259069824219
2025,7,7,WR,6,7,0.010180671386718756,0.049206578369140656
2025,7,7,WR,7,7,0.005090335693359378,0.054296914062500035
2025,7,7,TE,1,1,0.4158255156249999,0.4158255156249999
2025,7,8,QB,1,1,0.0,0.0
2025,7,8,RB,1,2,0.0,0.0
2025,7,8,RB,2,2,0.0,0.0
2025,7,8,WR,1,6,0.018734864501953132,0.018734864501953132
2025,7,8,WR,2,6,0.050802257812500015,0.06953712231445315
2025,7,8,WR,3,6,0.05264779614257814,0.12218491845703129
2025,7,8,WR,4,6,0.03507615087890626,0.15726106933593753
2025,7,8,WR,5,6,0.03870008789062501,0.19596115722656257
2025,7,8,WR,6,6,0.055656553710937515,0.25161771093750007
2025,7,9,QB,1,4,0.013991398437499789,0.013991398437499789
2025,7,9,QB,2,4,0.005087781249999923,0.01907917968749971
2025,7,9,QB,3,4,0.011447507812499827,0.03052668749999954
2025,7,9,QB,4,4,0.010175562499999846,0.040702249999999385
2025,7,9,RB,1,3,0.020963022949218785,0.020963022949218785
2025,7,9,RB,2,3,0.03493837158203131,0.05590139453125009
2025,7,9,RB,3,3,0.05590139453125009,0.11180278906250019
2025,7,9,WR,1,3,0.18066086718749996,0.18066086718749996
2025,7,9,WR,2,3,0.03387391259765624,0.21453477978515623
2025,7,9,WR,3,3,0.1467869545898437,0.3613217343749999
2025,7,10,QB,1,4,0.009646833984374978,0.009646833984374978
2025,7,10,QB,2,4,0.008039028320312482,0.01768586230468746
2025,7,10,QB,3,4,0.019293667968749956,0.036979530273437415
2025,7,10,QB,4,4,0.014470250976562467,0.05144978124999988
2025,7,10,RB,1,3,0.04262801513671876,0.04262801513671876
2025,7,10,RB,2,3,0.03410241210937501,0.07673042724609377
2025,7,10,RB,3,3,0.05967922119140626,0.13640964843750003
2025,7,10,WR,1,4,0.0,0.0
2025,7,10,WR,2,4,0.0,0.0
2025,7,10,WR,3,4,0.0,0.0
2025,7,10,WR,4,4,0.0,0.0
2025,7,10,TE,1,1,0.06665216406249996,0.06665216406249996
2025,7,11,QB,1,3,0.0,0.0
2025,7,11,QB,2,3,0.0,0.0
2025,7,11,QB,3,3,0.0,0.0
2025,7,11,RB,1,2,0.0,0.0
2025,7,11,RB,2,2,0.0,0.0
2025,7,11,WR,1,4,0.04597068164062493,0.04597068164062493
2025,7,11,WR,2,4,0.053186664550781165,0.09915734619140609
2025,7,11,WR,3,4,0.04791690966796867,0.14707425585937478
2025,7,11,WR,4,4,0.06307743164062493,0.21015168749999968
2025,7,11,TE,1,1,0.0,0.0
2025,7,12,RB,1,5,0.022438232421875037,0.022438232421875037
2025,7,12,RB,2,5,0.014023895263671898,0.036462127685546936
2025,7,12,RB,3,5,0.019633453369140658,0.05609558105468759
2025,7,12,RB,4,5,0.019633453369140658,0.07572903442382825
2025,7,12,RB,5,5,0.014023895263671898,0.08975292968750015
2025,7,12,WR,1,3,0.06737941162109376,0.06737941162109376
2025,7,12,WR,2,3,0.056715048095703144,0.1240944597167969
2025,7,12,WR,3,3,0.056715048095703144,0.18080950781250005
2025,7,12,TE,1,2,0.0,0.0
2025,7,12,TE,2,2,0.0,0.0
2025,8,1,QB,1,1,0.0,0.0
2025,8,1,RB,1,4,0.04331793701171854,0.04331793701171854
2025,8,1,RB,2,4,0.032927533691406025,0.07624547070312457
2025,8,1,RB,3,4,0.025414793212890516,0.10166026391601507
2025,8,1,RB,4,4,0.036556478271484276,0.13821674218749935
2025,8,1,WR,1,1,0.12133185937499957,0.12133185937499957
2025,8,1,TE,1,2,0.0,0.0
2025,8,1,TE,2,2,0.0,0.0
2025,8,2,RB,1,4,0.056811444580078106,0.056811444580078106
2025,8,2,RB,2,4,0.06492736523437498,0.12173880981445309
2025,8,2,RB,3,4,0.08115920654296872,0.20289801635742183
2025,8,2,RB,4,4,0.056811444580078106,0.2597094609374999
2025,8,2,WR,1,4,0.0,0.0
2025,8,2,WR,2,4,0.0,0.0
2025,8,2,WR,3,4,0.0,0.0
2025,8,2,WR,4,4,0.0,0.0
2025,8,2,TE,1,1,0.03722184374999982,0.03722184374999982
2025,8,3,QB,1,4,0.0,0.0
2025,8,3,QB,2,4,0.0,0.0
2025,8,3,QB,3,4,0.0,0.0
2025,8,3,QB,4,4,0.0,0.0
2025,8,3,RB,1,6,0.0,0.0
2025,8,3,RB,2,6,0.0,0.0
2025,8,3,RB,3,6,0.0,0.0
2025,8,3,RB,4,6,0.0,0.0
2025,8,3,RB,5,6,0.0,0.0
2025,8,3,RB,6,6,0.0,0.0
2025,8,3,WR,1,1,0.0,0.0
2025,8,3,TE,1,1,0.00954630468749973,0.00954630468749973
2025,8,4,QB,1,2,0.0,0.0
2025,8,4,QB,2,2,0.0,0.0
2025,8,4,RB,1,5,0.0,0.0
2025,8,4,RB,2,5,0.0,0.0
2025,8,4,RB,3,5,0.0,0.0
2025,8,4,RB,4,5,0.0,0.0
2025,8,4,RB,5,5,0.0,0.0
2025,8,4,WR,1,4,0.0521366782226561,0.0521366782226561
2025,8,4,WR,2,4,0.037740926757812376,0.08987760498046848
2025,8,4,WR,3,4,0.04135018603515613,0.13122779101562462
2025,8,4,WR,4,4,0.04135608398437489,0.1725838749999995
2025,8,4,TE,1,2,0.0,0.0
2025,8,4,TE,2,2,0.0,0.0
2025,8,5,RB,1,3,0.0,0.0
2025,8,5,RB,2,3,0.0,0.0
2025,8,5,RB,3,3,0.0,0.0
2025,8,5,WR,1,3,0.0,0.0
2025,8,5,WR,2,3,0.0,0.0
2025,8,5,WR,3,3,0.0,0.0
2025,8,5,TE,1,2,0.0,0.0
2025,8,5,TE,2,2,0.0,0.0
2025,8,6,QB,1,3,0.0,0.0
2025,8,6,QB,2,3,0.0,0.0
2025,8,6,QB,3,3,0.0,0.0
2025,8,6,RB,1,1,0.0,0.0
2025,8,6,WR,1,4,0.03583151660156248,0.03583151660156248
2025,8,6,WR,2,4,0.013781352539062493,0.049612869140624974
2025,8,6,WR,3,4,0.011025082031249994,0.06063795117187497
2025,8,6,WR,4,4,0.027562705078124985,0.08820065624999995
2025,8,7,QB,1,3,0.0805034089355468,0.0805034089355468
2025,8,7,QB,2,3,0.08174976416015615,0.16225317309570297
2025,8,7,QB,3,3,0.0803107878417968,0.24256396093749977
2025,8,7,WR,1,6,0.03973668212890626,0.03973668212890626
2025,8,7,WR,2,6,0.023513600830078144,0.06325028295898441
2025,8,7,WR,3,6,0.022404882568359392,0.0856551655273438
2025,8,7,WR,4,6,0.03576499536132813,0.12142016088867194
2025,8,7,WR,5,6,0.030324469970703132,0.15174463085937506
2025,8,7,WR,6,6,0.04884426757812499,0.20058889843750005
2025,8,8,QB,1,1,0.0,0.0
2025,8,8,RB,1,3,0.01079846191406253,0.01079846191406253
2025,8,8,RB,2,3,0.012598205566406284,0.023396667480468814
2025,8,8,RB,3,3,0.005399230957031265,0.028795898437500078
2025,8,8,WR,1,6,0.014583807861328124,0.014583807861328124
2025,8,8,WR,2,6,0.01826645141601562,0.032850259277343745
2025,8,8,WR,3,6,0.007365287109374993,0.04021554638671874
2025,8,8,WR,4,6,0.018295804687499993,0.05851135107421873
2025,8,8,WR,5,6,0.02197844824218749,0.08048979931640622
2025,8,8,WR,6,6,0.03641548974609375,0.11690528906249997
2025,8,9,QB,1,3,0.030386431396484115,0.030386431396484115
2025,8,9,QB,2,3,0.0462163083496091,0.07660273974609322
2025,8,9,QB,3,3,0.02741901806640612,0.10402175781249934
2025,8,9,RB,1,3,0.03463861596679701,0.03463861596679701
2025,8,9,RB,2,3,0.05388229150390646,0.08852090747070346
2025,8,9,RB,3,3,0.03463861596679701,0.12315952343750047
2025,8,9,WR,1,2,0.0,0.0
2025,8,9,WR,2,2,0.0,0.0
2025,8,10,QB,1,4,0.011254639648437474,0.011254639648437474
2025,8,10,QB,2,4,0.01286244531249997,0.024117084960937445
2025,8,10,QB,3,4,0.019293667968749956,0.0434107529296874
2025,8,10,QB,4,4,0.008039028320312482,0.05144978124999988
2025,8,10,RB,1,3,0.04262801513671876,0.04262801513671876
2025,8,10,RB,2,3,0.05541641967773439,0.09804443481445314
2025,8,10,RB,3,3,0.03836521362304689,0.13640964843750003
2025,8,10,WR,1,4,0.0,0.0
2025,8,10,WR,2,4,0.0,0.0
2025,8,10,WR,3,4,0.0,0.0
2025,8,10,WR,4,4,0.0,0.0
2025,8,11,QB,1,3,0.0,0.0
2025,8,11,QB,2,3,0.0,0.0
2025,8,11,QB,3,3,0.0,0.0
2025,8,11,RB,1,2,0.0,0.0
2025,8,11,RB,2,2,0.0,0.0
2025,8,11,WR,1,3,0.00454119873046871,0.00454119873046871
2025,8,11,WR,2,3,0.00908239746093742,0.013623596191406129
2025,8,11,WR,3,3,0.0071361694335936865,0.020759765624999815
2025,8,11,TE,1,1,0.0,0.0
2025,8,12,RB,1,5,0.019633453369140658,0.019633453369140658
2025,8,12,RB,2,5,0.016828674316406278,0.036462127685546936
2025,8,12,RB,3,5,0.014023895263671898,0.050486022949218834
2025,8,12,RB,4,5,0.019633453369140658,0.07011947631835949
2025,8,12,RB,5,5,0.019633453369140658,0.08975292968750015
2025,8,12,WR,1,2,0.0036053073730469426,0.0036053073730469426
2025,8,12,WR,2,2,0.0031811535644531846,0.006786460937500127
2025,8,12,TE,1,2,0.04303299609375004,0.04303299609375004
2025,8,12,TE,2,2,0.02944362890625003,0.07247662500000007
2025,9,1,QB,1,1,0.0,0.0
2025,9,1,RB,1,4,0.021820236328124853,0.021820236328124853
2025,9,1,RB,2,4,0.024160760742187405,0.04598099707031226
2025,9,1,RB,3,4,0.03911239013671861,0.08509338720703087
2025,9,1,RB,4,4,0.041731870605468666,0.12682525781249954
2025,9,1,WR,1,1,0.0,0.0
2025,9,1,TE,1,2,0.0,0.0
2025,9,1,TE,2,2,0.0,0.0
2025,9,2,RB,1,3,0.0,0.0
2025,9,2,RB,2,3,0.0,0.0
2025,9,2,RB,3,3,0.0,0.0
2025,9,2,WR,1,4,0.0,0.0
2025,9,2,WR,2,4,0.0,0.0
2025,9,2,WR,3,4,0.0,0.0
2025,9,2,WR,4,4,0.0,0.0
2025,9,2,TE,1,1,0.03722184374999982,0.03722184374999982
2025,9,3,QB,1,4,0.0,0.0
2025,9,3,QB,2,4,0.0,0.0
2025,9,3,QB,3,4,0.0,0.0
2025,9,3,QB,4,4,0.0,0.0
2025,9,3,RB,1,6,0.002875445312500058,0.002875445312500058
2025,9,3,RB,2,6,0.0017971533203125362,0.004672598632812594
2025,9,3,RB,3,6,0.001437722656250029,0.006110321289062623
2025,9,3,RB,4,6,0.0017971533203125362,0.007907474609375159
2025,9,3,RB,5,6,0.001437722656250029,0.009345197265625188
2025,9,3,RB,6,6,0.0021565839843750434,0.011501781250000231
2025,9,3,WR,1,1,0.061864257812500156,0.061864257812500156
2025,9,3,TE,1,1,0.00954630468749973,0.00954630468749973
2025,9,4,QB,1,2,0.0,0.0
2025,9,4,QB,2,2,0.0,0.0
2025,9,4,RB,1,5,0.0,0.0
2025,9,4,RB,2,5,0.0,0.0
2025,9,4,RB,3,5,0.0,0.0
2025,9,4,RB,4,5,0.0,0.0
2025,9,4,RB,5,5,0.0,0.0
2025,9,4,WR,1,2,0.015012870361328132,0.015012870361328132
2025,9,4,WR,2,2,0.021941887451171885,0.036954757812500016
2025,9,4,TE,1,2,0.0,0.0
2025,9,4,TE,2,2,0.0,0.0
2025,9,5,RB,1,3,0.0,0.0
2025,9,5,RB,2,3,0.0,0.0
2025,9,5,RB,3,3,0.0,0.0
2025,9,5,WR,1,4,0.0,0.0
2025,9,5,WR,2,4,0.0,0.0
2025,9,5,WR,3,4,0.0,0.0
2025,9,5,WR,4,4,0.0,0.0
2025,9,5,TE,1,2,0.0,0.0
2025,9,5,TE,2,2,0.0,0.0
2025,9,6,QB,1,3,0.0,0.0
2025,9,6,QB,2,3,0.0,0.0
2025,9,6,QB,3,3,0.0,0.0
2025,9,6,RB,1,1,0.0,0.0
2025,9,6,WR,1,5,0.013781352539062493,0.013781352539062493
2025,9,6,WR,2,5,0.024806434570312487,0.03858778710937498
2025,9,6,WR,3,5,0.027562705078124985,0.06615049218749997
2025,9,6,WR,4,5,0.013781352539062493,0.07993184472656245
2025,9,6,WR,5,5,0.008268811523437496,0.08820065624999995
2025,9,7,QB,1,2,0.062239587402343796,0.062239587402343796
2025,9,7,QB,2,2,0.08002232666015631,0.1422619140625001
2025,9,7,WR,1,4,0.0,0.0
2025,9,7,WR,2,4,0.0,0.0
2025,9,7,WR,3,4,0.0,0.0
2025,9,7,WR,4,4,0.0,0.0
2025,9,8,QB,1,1,0.0,0.0
2025,9,8,RB,1,2,0.0,0.0
2025,9,8,RB,2,2,0.0,0.0
2025,9,8,WR,1,6,0.0024344057617187304,0.0024344057617187304
2025,9,8,WR,2,6,0.0028273564453124844,0.005261762207031215
2025,9,8,WR,3,6,0.0015604445800781047,0.0068222067871093195
2025,9,8,WR,4,6,0.0015604445800781047,0.008382651367187424
2025,9,8,WR,5,6,0.00370131762695311,0.012083968994140534
2025,9,8,WR,6,6,0.003308366943359356,0.01539233593749989
2025,9,9,QB,1,3,0.1755048889160155,0.1755048889160155
2025,9,9,QB,2,3,0.1838735886230468,0.3593784775390623
2025,9,9,QB,3,3,0.1254997724609374,0.48487824999999973
2025,9,9,RB,1,2,0.0,0.0
2025,9,9,RB,2,2,0.0,0.0
2025,9,9,WR,1,4,0.0,0.0
2025,9,9,WR,2,4,0.0,0.0
2025,9,9,WR,3,4,0.0,0.0
2025,9,9,WR,4,4,0.0,0.0
2025,9,10,QB,1,4,0.03823548852539062,0.03823548852539062
2025,9,10,QB,2,4,0.03823548852539062,0.07647097705078124
2025,9,10,QB,3,4,0.049159913818359366,0.1256308908691406
2025,9,10,QB,4,4,0.049159913818359366,0.17479080468749997
2025,9,10,RB,1,3,0.04294348632812497,0.04294348632812497
2025,9,10,RB,2,3,0.02576609179687498,0.06870957812499995
2025,9,10,RB,3,3,0.06870957812499995,0.1374191562499999
2025,9,10,WR,1,3,0.0,0.0
2025,9,10,WR,2,3,0.0,0.0
2025,9,10,WR,3,3,0.0,0.0
2025,9,11,QB,1,2,0.0,0.0
2025,9,11,QB,2,2,0.0,0.0
2025,9,11,RB,1,1,0.0,0.0
2025,9,11,WR,1,3,0.007784912109374931,0.007784912109374931
2025,9,11,WR,2,3,0.005838684082031198,0.013623596191406129
2025,9,11,WR,3,3,0.0071361694335936865,0.020759765624999815
2025,9,12,RB,1,5,0.0,0.0
2025,9,12,RB,2,5,0.0,0.0
2025,9,12,RB,3,5,0.0,0.0
2025,9,12,RB,4,5,0.0,0.0
2025,9,12,RB,5,5,0.0,0.0
2025,9,12,WR,1,2,0.0,0.0
2025,9,12,WR,2,2,0.0,0.0
2025,9,12,TE,1,2,0.03170852343750003,0.03170852343750003
2025,9,12,TE,2,2,0.04076810156250004,0.07247662500000007
2025,10,1,QB,1,1,0.12533311718750006,0.12533311718750006
2025,10,1,RB,1,4,0.04257057397460926,0.04257057397460926
2025,10,1,RB,2,4,0.03644425903320303,0.07901483300781229
2025,10,1,RB,3,4,0.018480230957031198,0.09749506396484349
2025,10,1,RB,4,4,0.03245306103515615,0.12994812499999964
2025,10,1,WR,1,2,0.0,0.0
2025,10,1,WR,2,2,0.0,0.0
2025,10,1,TE,1,2,0.0,0.0
2025,10,1,TE,2,2,0.0,0.0
2025,10,2,RB,1,3,0.0,0.0
2025,10,2,RB,2,3,0.0,0.0
2025,10,2,RB,3,3,0.0,0.0
2025,10,2,WR,1,5,0.0,0.0
2025,10,2,WR,2,5,0.0,0.0
2025,10,2,WR,3,5,0.0,0.0
2025,10,2,WR,4,5,0.0,0.0
2025,10,2,WR,5,5,0.0,0.0
2025,10,3,QB,1,4,0.0,0.0
2025,10,3,QB,2,4,0.0,0.0
2025,10,3,QB,3,4,0.0,0.0
2025,10,3,QB,4,4,0.0,0.0
2025,10,3,RB,1,6,0.0029778930664062578,0.0029778930664062578
2025,10,3,RB,2,6,0.0029778930664062578,0.0059557861328125156
2025,10,3,RB,3,6,0.0023823144531250062,0.008338100585937522
2025,10,3,RB,4,6,0.0029778930664062578,0.01131599365234378
2025,10,3,RB,5,6,0.0023823144531250062,0.013698308105468786
2025,10,3,RB,6,6,0.005360207519531264,0.01905851562500005
2025,10,3,WR,1,1,0.061864257812500156,0.061864257812500156
2025,10,3,TE,1,1,0.00954630468749973,0.00954630468749973
2025,10,4,QB,1,1,0.0,0.0
2025,10,4,RB,1,5,0.0,0.0
2025,10,4,RB,2,5,0.0,0.0
2025,10,4,RB,3,5,0.0,0.0
2025,10,4,RB,4,5,0.0,0.0
2025,10,4,RB,5,5,0.0,0.0
2025,10,4,WR,1,2,0.019632215087890634,0.019632215087890634
2025,10,4,WR,2,2,0.017322542724609383,0.036954757812500016
2025,10,4,TE,1,2,0.0,0.0
2025,10,4,TE,2,2,0.0,0.0
2025,10,5,RB,1,3,0.0,0.0
2025,10,5,RB,2,3,0.0,0.0
2025,10,5,RB,3,3,0.0,0.0
2025,10,5,WR,1,5,0.0008095449218750023,0.0008095449218750023
2025,10,5,WR,2,5,0.0008095449218750023,0.0016190898437500045
2025,10,5,WR,3,5,0.0010119311523437528,0.0026310209960937574
2025,10,5,WR,4,5,0.0010119311523437528,0.00364295214843751
2025,10,5,WR,5,5,0.002833407226562508,0.006476359375000018
2025,10,5,TE,1,2,0.0012626079101561716,0.0012626079101561716
2025,10,5,TE,2,2,0.0016233530273436492,0.0028859609374998207
2025,10,6,QB,1,3,0.0,0.0
2025,10,6,QB,2,3,0.0,0.0
2025,10,6,QB,3,3,0.0,0.0
2025,10,6,RB,1,1,0.0,0.0
2025,10,6,WR,1,5,0.009926815429687496,0.009926815429687496
2025,10,6,WR,2,5,0.02647150781249999,0.03639832324218749
2025,10,6,WR,3,5,0.019853630859374992,0.056251954101562474
2025,10,6,WR,4,5,0.029780446289062488,0.08603240039062496
2025,10,6,WR,5,5,0.019853630859374992,0.10588603124999996
2025,10,7,QB,1,1,0.0,0.0
2025,10,7,RB,1,2,0.05917347949218751,0.05917347949218751
2025,10,7,RB,2,2,0.046023817382812506,0.10519729687500001
2025,10,7,WR,1,4,0.0,0.0
2025,10,7,WR,2,4,0.0,0.0
2025,10,7,WR,3,4,0.0,0.0
2025,10,7,WR,4,4,0.0,0.0
2025,10,8,QB,1,1,0.0,0.0
2025,10,8,RB,1,2,0.0,0.0
2025,10,8,RB,2,2,0.0,0.0
2025,10,8,WR,1,6,0.0022582861328124954,0.0022582861328124954
2025,10,8,WR,2,6,0.0013549716796874972,0.0036132578124999926
2025,10,8,WR,3,6,0.0013549716796874972,0.00496822949218749
2025,10,8,WR,4,6,0.0036132578124999926,0.008581487304687482
2025,10,8,WR,5,6,0.0027099433593749944,0.011291430664062477
2025,10,8,WR,6,6,0.0031616005859374935,0.01445303124999997
2025,10,9,QB,1,3,0.054901605468749975,0.054901605468749975
2025,10,9,QB,2,3,0.027450802734374988,0.08235240820312496
2025,10,9,QB,3,3,0.06405187304687497,0.14640428124999993
2025,10,9,RB,1,2,0.0,0.0
2025,10,9,RB,2,2,0.0,0.0
2025,10,9,WR,1,5,0.0,0.0
2025,10,9,WR,2,5,0.0,0.0
2025,10,9,WR,3,5,0.0,0.0
2025,10,9,WR,4,5,0.0,0.0
2025,10,9,WR,5,5,0.0,0.0
2025,10,10,QB,1,4,0.09262670703125006,0.09262670703125006
2025,10,10,QB,2,4,0.10585909375000006,0.1984858007812501
2025,10,10,QB,3,4,0.11909148046875007,0.3175772812500002
2025,10,10,QB,4,4,0.10585909375000006,0.42343637500000025
2025,10,10,RB,1,2,0.0,0.0
2025,10,10,RB,2,2,0.0,0.0
2025,10,10,WR,1,3,0.01066917260742185,0.01066917260742185
2025,10,10,WR,2,3,0.011854636230468722,0.022523808837890572
2025,10,10,WR,3,3,0.015411027099609339,0.03793483593749991
2025,10,11,QB,1,2,0.0,0.0
2025,10,11,QB,2,2,0.0,0.0
2025,10,11,RB,1,1,0.0,0.0
2025,10,11,WR,1,3,0.0071361694335936865,0.0071361694335936865
2025,10,11,WR,2,3,0.007784912109374931,0.014921081542968617
2025,10,11,WR,3,3,0.005838684082031198,0.020759765624999815
2025,10,12,RB,1,4,0.0,0.0
2025,10,12,RB,2,4,0.0,0.0
2025,10,12,RB,3,4,0.0,0.0
2025,10,12,RB,4,4,0.0,0.0
2025,10,12,WR,1,2,0.10789688281249998,0.10789688281249998
2025,10,12,WR,2,2,0.10789688281249998,0.21579376562499997
2025,10,12,TE,1,2,0.04844686669921872,0.04844686669921872
2025,10,12,TE,2,2,0.062288828613281215,0.11073569531249994
2025,11,1,QB,1,1,0.1608460546874999,0.1608460546874999
2025,11,1,RB,1,3,0.09620401977539048,0.09620401977539048
2025,11,1,RB,2,3,0.06413601318359365,0.16034003295898414
2025,11,1,RB,3,3,0.04489520922851555,0.20523524218749967
2025,11,1,WR,1,2,0.0,0.0
2025,11,1,WR,2,2,0.0,0.0
2025,11,1,TE,1,2,0.0,0.0
2025,11,1,TE,2,2,0.0,0.0
2025,11,2,RB,1,3,0.0,0.0
2025,11,2,RB,2,3,0.0,0.0
2025,11,2,RB,3,3,0.0,0.0
2025,11,2,WR,1,5,0.0,0.0
2025,11,2,WR,2,5,0.0,0.0
2025,11,2,WR,3,5,0.0,0.0
2025,11,2,WR,4,5,0.0,0.0
2025,11,2,WR,5,5,0.0,0.0
2025,11,3,QB,1,3,0.0,0.0
2025,11,3,QB,2,3,0.0,0.0
2025,11,3,QB,3,3,0.0,0.0
2025,11,3,RB,1,6,0.01500320800781249,0.01500320800781249
2025,11,3,RB,2,6,0.025005346679687485,0.040008554687499975
2025,11,3,RB,3,6,0.03000641601562498,0.07001497070312496
2025,11,3,RB,4,6,0.03500748535156248,0.10502245605468744
2025,11,3,RB,5,6,0.025005346679687485,0.13002780273437492
2025,11,3,RB,6,6,0.03000641601562498,0.1600342187499999
2025,11,3,WR,1,1,0.061864257812500156,0.061864257812500156
2025,11,4,QB,1,2,0.0,0.0
2025,11,4,QB,2,2,0.0,0.0
2025,11,4,RB,1,5,0.0,0.0
2025,11,4,RB,2,5,0.0,0.0
2025,11,4,RB,3,5,0.0,0.0
2025,11,4,RB,4,5,0.0,0.0
2025,11,4,RB,5,5,0.0,0.0
2025,11,4,WR,1,2,0.02078705126953126,0.02078705126953126
2025,11,4,WR,2,2,0.016167706542968757,0.036954757812500016
2025,11,4,TE,1,2,0.0,0.0
2025,11,4,TE,2,2,0.0,0.0
2025,11,5,QB,1,1,0.0,0.0
2025,11,5,RB,1,3,0.0,0.0
2025,11,5,RB,2,3,0.0,0.0
2025,11,5,RB,3,3,0.0,0.0
2025,11,5,WR,1,5,0.0010119311523437528,0.0010119311523437528
2025,11,5,WR,2,5,0.0010119311523437528,0.0020238623046875057
2025,11,5,WR,3,5,0.0012143173828125034,0.003238179687500009
2025,11,5,WR,4,5,0.0020238623046875057,0.005262041992187515
2025,11,5,WR,5,5,0.0012143173828125034,0.006476359375000018
2025,11,5,TE,1,2,0.000901862792968694,0.000901862792968694
2025,11,5,TE,2,2,0.0019840981445311268,0.0028859609374998207
2025,11,6,QB,1,3,0.0,0.0
2025,11,6,QB,2,3,0.0,0.0
2025,11,6,QB,3,3,0.0,0.0
2025,11,6,RB,1,1,0.0,0.0
2025,11,6,WR,1,4,0.0,0.0
2025,11,6,WR,2,4,0.0,0.0
2025,11,6,WR,3,4,0.0,0.0
2025,11,6,WR,4,4,0.0,0.0
2025,11,7,QB,1,1,0.0,0.0
2025,11,7,RB,1,1,0.0,0.0
2025,11,7,WR,1,5,0.018794283203124984,0.018794283203124984
2025,11,7,WR,2,5,0.009397141601562492,0.028191424804687476
2025,11,7,WR,3,5,0.009397141601562492,0.03758856640624997
2025,11,7,WR,4,5,0.021143568603515607,0.058732135009765575
2025,11,7,WR,5,5,0.01644499780273436,0.07517713281249994
2025,11,8,QB,1,1,0.0,0.0
2025,11,8,RB,1,2,0.0757642368164063,0.0757642368164063
2025,11,8,RB,2,2,0.05892773974609379,0.1346919765625001
2025,11,8,WR,1,7,0.0013549716796874972,0.0013549716796874972
2025,11,8,WR,2,7,0.0027099433593749944,0.004064915039062492
2025,11,8,WR,3,7,0.0013549716796874972,0.005419886718749989
2025,11,8,WR,4,7,0.0027099433593749944,0.008129830078124983
2025,11,8,WR,5,7,0.0009033144531249981,0.009033144531249981
2025,11,8,WR,6,7,0.0022582861328124954,0.011291430664062477
2025,11,8,WR,7,7,0.0031616005859374935,0.01445303124999997
2025,11,9,QB,1,2,0.0,0.0
2025,11,9,QB,2,2,0.0,0.0
2025,11,9,RB,1,2,0.0,0.0
2025,11,9,RB,2,2,0.0,0.0
2025,11,9,WR,1,5,0.0,0.0
2025,11,9,WR,2,5,0.0,0.0
2025,11,9,WR,3,5,0.0,0.0
2025,11,9,WR,4,5,0.0,0.0
2025,11,9,WR,5,5,0.0,0.0
2025,11,10,QB,1,4,0.128272259765625,0.128272259765625
2025,11,10,QB,2,4,0.10663493579101563,0.23490719555664066
2025,11,10,QB,3,4,0.16034032470703125,0.3952475202636719
2025,11,10,QB,4,4,0.11784151879882812,0.5130890390625
2025,11,10,RB,1,3,0.06729580737304683,0.06729580737304683
2025,11,10,RB,2,3,0.027710038330078103,0.09500584570312492
2025,11,10,RB,3,3,0.031668615234374975,0.1266744609374999
2025,11,10,WR,1,4,0.00753738964843749,0.00753738964843749
2025,11,10,WR,2,4,0.02449651635742184,0.03203390600585933
2025,11,10,WR,3,4,0.013190431884765607,0.04522433789062494
2025,11,10,WR,4,4,0.01507477929687498,0.06029911718749992
2025,11,10,TE,1,1,0.022293468749999823,0.022293468749999823
2025,11,11,QB,1,3,0.07606735107421873,0.07606735107421873
2025,11,11,QB,2,3,0.06846061596679687,0.14452796704101561
2025,11,11,QB,3,3,0.09888755639648436,0.24341552343749995
2025,11,11,RB,1,1,0.0,0.0
2025,11,11,WR,1,2,0.0,0.0
2025,11,11,WR,2,2,0.0,0.0
2025,11,12,RB,1,3,0.0,0.0
2025,11,12,RB,2,3,0.0,0.0
2025,11,12,RB,3,3,0.0,0.0
2025,11,12,WR,1,3,0.07828217138671878,0.07828217138671878
2025,11,12,WR,2,3,0.09963185449218756,0.17791402587890634
2025,11,12,WR,3,3,0.04981592724609377,0.2277299531250001
2025,11,12,TE,1,2,0.07878566625976577,0.07878566625976577
2025,11,12,TE,2,2,0.05390598217773448,0.13269164843750025
2025,12,1,QB,1,1,0.1608460546874999,0.1608460546874999
2025,12,1,RB,1,3,0.07197425146484365,0.07197425146484365
2025,12,1,RB,2,3,0.09160359277343737,0.163577844238281
2025,12,1,RB,3,3,0.045801796386718684,0.2093796406249997
2025,12,1,WR,1,3,0.032133432128906195,0.032133432128906195
2025,12,1,WR,2,3,0.06426686425781239,0.09640029638671858
2025,12,1,WR,3,3,0.07497800830078112,0.1713783046874997
2025,12,1,TE,1,2,0.0,0.0
2025,12,1,TE,2,2,0.0,0.0
2025,12,2,RB,1,3,0.0,0.0
2025,12,2,RB,2,3,0.0,0.0
2025,12,2,RB,3,3,0.0,0.0
2025,12,2,WR,1,4,0.0,0.0
2025,12,2,WR,2,4,0.0,0.0
2025,12,2,WR,3,4,0.0,0.0
2025,12,2,WR,4,4,0.0,0.0
2025,12,3,QB,1,3,0.0,0.0
2025,12,3,QB,2,3,0.0,0.0
2025,12,3,QB,3,3,0.0,0.0
2025,12,3,RB,1,6,0.020004277343749988,0.020004277343749988
2025,12,3,RB,2,6,0.055011762695312466,0.07501604003906245
2025,12,3,RB,3,6,0.01500320800781249,0.09001924804687494
2025,12,3,RB,4,6,0.010002138671874994,0.10002138671874994
2025,12,3,RB,5,6,0.03000641601562498,0.13002780273437492
2025,12,3,RB,6,6,0.03000641601562498,0.1600342187499999
2025,12,3,WR,1,1,0.061864257812500156,0.061864257812500156
2025,12,4,QB,1,2,0.0,0.0
2025,12,4,QB,2,2,0.0,0.0
2025,12,4,RB,1,5,0.0,0.0
2025,12,4,RB,2,5,0.0,0.0
2025,12,4,RB,3,5,0.0,0.0
2025,12,4,RB,4,5,0.0,0.0
2025,12,4,RB,5,5,0.0,0.0
2025,12,4,WR,1,2,0.019632215087890634,0.019632215087890634
2025,12,4,WR,2,2,0.017322542724609383,0.036954757812500016
2025,12,4,TE,1,2,0.0,0.0
2025,12,4,TE,2,2,0.0,0.0
2025,12,5,QB,1,1,0.0,0.0
2025,12,5,RB,1,3,0.0,0.0
2025,12,5,RB,2,3,0.0,0.0
2025,12,5,RB,3,3,0.0,0.0
2025,12,5,WR,1,4,0.0,0.0
2025,12,5,WR,2,4,0.0,0.0
2025,12,5,WR,3,4,0.0,0.0
2025,12,5,WR,4,4,0.0,0.0
2025,12,5,TE,1,2,0.0035142207031248797,0.0035142207031248797
2025,12,5,TE,2,2,0.0024044667968749177,0.005918687499999797
2025,12,6,QB,1,3,0.0,0.0
2025,12,6,QB,2,3,0.0,0.0
2025,12,6,QB,3,3,0.0,0.0
2025,12,6,RB,1,1,0.0,0.0
2025,12,6,WR,1,4,0.0,0.0
2025,12,6,WR,2,4,0.0,0.0
2025,12,6,WR,3,4,0.0,0.0
2025,12,6,WR,4,4,0.0,0.0
2025,12,6,TE,1,1,0.2790915624999999,0.2790915624999999
2025,12,7,QB,1,1,0.0,0.0
2025,12,7,RB,1,1,0.0,0.0
2025,12,7,WR,1,6,0.029959548828125016,0.029959548828125016
2025,12,7,WR,2,6,0.014979774414062508,0.04493932324218752
2025,12,7,WR,3,6,0.018724718017578135,0.06366404125976566
2025,12,7,WR,4,6,0.014979774414062508,0.07864381567382817
2025,12,7,WR,5,6,0.018724718017578135,0.0973685336914063
2025,12,7,WR,6,6,0.02246966162109376,0.11983819531250006
2025,12,8,QB,1,1,0.0,0.0
2025,12,8,RB,1,2,0.0757642368164063,0.0757642368164063
2025,12,8,RB,2,2,0.05892773974609379,0.1346919765625001
2025,12,8,WR,1,8,0.004214248291015604,0.004214248291015604
2025,12,8,WR,2,8,0.008925291259765614,0.013139539550781218
2025,12,8,WR,3,8,0.003966624267578114,0.017106163818359332
2025,12,8,WR,4,8,0.006198333740234374,0.023304497558593706
2025,12,8,WR,5,8,0.005950709716796884,0.02925520727539059
2025,12,8,WR,6,8,0.0024793334960937496,0.03173454077148434
2025,12,8,WR,7,8,0.0034713762207031346,0.035205916992187475
2025,12,8,WR,8,8,0.0044634189453125195,0.039669335937499994
2025,12,9,QB,1,1,0.0,0.0
2025,12,9,RB,1,2,0.0,0.0
2025,12,9,RB,2,2,0.0,0.0
2025,12,9,WR,1,5,0.0,0.0
2025,12,9,WR,2,5,0.0,0.0
2025,12,9,WR,3,5,0.0,0.0
2025,12,9,WR,4,5,0.0,0.0
2025,12,9,WR,5,5,0.0,0.0
2025,12,10,QB,1,4,0.11986732250976566,0.11986732250976566
2025,12,10,QB,2,4,0.1651677741699219,0.28503509667968757
2025,12,10,QB,3,4,0.08654929589843746,0.37158439257812503
2025,12,10,QB,4,4,0.141504646484375,0.5130890390625
2025,12,10,RB,1,3,0.043544345947265625,0.043544345947265625
2025,12,10,RB,2,3,0.031668615234375,0.07521296118164063
2025,12,10,RB,3,3,0.05146149975585938,0.1266744609375
2025,12,10,WR,1,4,0.016959126708984352,0.016959126708984352
2025,12,10,WR,2,4,0.01507477929687498,0.03203390600585933
2025,12,10,WR,3,4,0.009421737060546862,0.04145564306640619
2025,12,10,WR,4,4,0.018843474121093724,0.06029911718749992
2025,12,10,TE,1,2,0.16078326171875001,0.16078326171875001
2025,12,10,TE,2,2,0.1607832617187499,0.3215665234374999
2025,12,11,QB,1,3,0.12170776171874997,0.12170776171874997
2025,12,11,QB,2,3,0.030426940429687493,0.15213470214843747
2025,12,11,QB,3,3,0.09128082128906248,0.24341552343749995
2025,12,11,RB,1,1,0.0,0.0
2025,12,11,WR,1,2,0.0,0.0
2025,12,11,WR,2,2,0.0,0.0
2025,12,12,RB,1,3,0.0,0.0
2025,12,12,RB,2,3,0.0,0.0
2025,12,12,RB,3,3,0.0,0.0
2025,12,12,WR,1,3,0.10435999707031243,0.10435999707031243
2025,12,12,WR,2,3,0.11384726953124993,0.21820726660156237
2025,12,12,WR,3,3,0.08538545214843746,0.3035927187499998
2025,12,12,TE,1,2,0.026552047119140568,0.026552047119140568
2025,12,12,TE,2,2,0.03009232006835931,0.05664436718749988
2025,13,1,QB,1,1,0.1608460546874999,0.1608460546874999
2025,13,1,RB,1,4,0.10908543749999983,0.10908543749999983
2025,13,1,RB,2,4,0.05873831249999991,0.16782374999999974
2025,13,1,RB,3,4,0.041955937499999936,0.20977968749999967
2025,13,1,RB,4,4,0.05873831249999991,0.2685179999999996
2025,13,1,WR,1,3,0.06250239501953116,0.06250239501953116
2025,13,1,WR,2,3,0.06250239501953116,0.1250047900390623
2025,13,1,WR,3,3,0.07500287402343739,0.2000076640624997
2025,13,1,TE,1,3,0.07495280200195306,0.07495280200195306
2025,13,1,TE,2,3,0.141577514892578,0.21653031689453106
2025,13,1,TE,3,3,0.0499685346679687,0.26649885156249975
2025,13,2,RB,1,3,0.0,0.0
2025,13,2,RB,2,3,0.0,0.0
2025,13,2,RB,3,3,0.0,0.0
2025,13,2,WR,1,5,0.03342697998046877,0.03342697998046877
2025,13,2,WR,2,5,0.05014046997070316,0.08356744995117193
2025,13,2,WR,3,5,0.022284653320312514,0.10585210327148445
2025,13,2,WR,4,5,0.0389981433105469,0.14485024658203133
2025,13,2,WR,5,5,0.03342697998046877,0.1782772265625001
2025,13,3,QB,1,3,0.0,0.0
2025,13,3,QB,2,3,0.0,0.0
2025,13,3,QB,3,3,0.0,0.0
2025,13,3,RB,1,7,0.03713310937499992,0.03713310937499992
2025,13,3,RB,2,7,0.02320819335937495,0.060341302734374866
2025,13,3,RB,3,7,0.00928327734374998,0.06962458007812485
2025,13,3,RB,4,7,0.01856655468749996,0.0881911347656248
2025,13,3,RB,5,7,0.00928327734374998,0.09747441210937478
2025,13,3,RB,6,7,0.02320819335937495,0.12068260546874973
2025,13,3,RB,7,7,0.027849832031249938,0.14853243749999967
2025,13,4,QB,1,2,0.0,0.0
2025,13,4,QB,2,2,0.0,0.0
2025,13,4,RB,1,5,0.0,0.0
2025,13,4,RB,2,5,0.0,0.0
2025,13,4,RB,3,5,0.0,0.0
2025,13,4,RB,4,5,0.0,0.0
2025,13,4,RB,5,5,0.0,0.0
2025,13,4,WR,1,1,0.0,0.0
2025,13,4,TE,1,2,0.0979444423828125,0.0979444423828125
2025,13,4,TE,2,2,0.0761790107421875,0.174123453125
2025,13,5,QB,1,1,0.0,0.0
2025,13,5,RB,1,3,0.0009537451171875155,0.0009537451171875155
2025,13,5,RB,2,3,0.0009537451171875155,0.001907490234375031
2025,13,5,RB,3,3,0.0008670410156250141,0.002774531250000045
2025,13,5,WR,1,4,0.0,0.0
2025,13,5,WR,2,4,0.0,0.0
2025,13,5,WR,3,4,0.0,0.0
2025,13,5,WR,4,4,0.0,0.0
2025,13,5,TE,1,1,0.0,0.0
2025,13,6,QB,1,2,0.0,0.0
2025,13,6,QB,2,2,0.0,0.0
2025,13,6,RB,1,1,0.0,0.0
2025,13,6,WR,1,4,0.0,0.0
2025,13,6,WR,2,4,0.0,0.0
2025,13,6,WR,3,4,0.0,0.0
2025,13,6,WR,4,4,0.0,0.0
2025,13,7,QB,1,1,0.0,0.0
2025,13,7,RB,1,1,0.0,0.0
2025,13,7,WR,1,7,0.01123483081054688,0.01123483081054688
2025,13,7,WR,2,7,0.029959548828125016,0.041194379638671896
2025,13,7,WR,3,7,0.014979774414062508,0.056174154052734404
2025,13,7,WR,4,7,0.018724718017578135,0.07489887207031254
2025,13,7,WR,5,7,0.014979774414062508,0.08987864648437505
2025,13,7,WR,6,7,0.007489887207031254,0.0973685336914063
2025,13,7,WR,7,7,0.02246966162109376,0.11983819531250006
2025,13,8,QB,1,1,0.0,0.0
2025,13,8,RB,1,2,0.0878849194335937,0.0878849194335937
2025,13,8,RB,2,2,0.09960290869140619,0.18748782812499987
2025,13,8,WR,1,6,0.0,0.0
2025,13,8,WR,2,6,0.0,0.0
2025,13,8,WR,3,6,0.0,0.0
2025,13,8,WR,4,6,0.0,0.0
2025,13,8,WR,5,6,0.0,0.0
2025,13,8,WR,6,6,0.0,0.0
2025,13,9,QB,1,1,0.0,0.0
2025,13,9,RB,1,1,0.0,0.0
2025,13,9,WR,1,6,0.0001560827636718637,0.0001560827636718637
2025,13,9,WR,2,6,0.0002497324218749819,0.0004058151855468456
2025,13,9,WR,3,6,0.0001560827636718637,0.0005618979492187093
2025,13,9,WR,4,6,9.364965820311821e-05,0.0006555476074218275
2025,13,9,WR,5,6,0.00018729931640623643,0.0008428469238280639
2025,13,9,WR,6,6,0.0001560827636718637,0.0009989296874999276
2025,13,10,QB,1,3,0.039223040527343725,0.039223040527343725
2025,13,10,QB,2,3,0.01680987451171874,0.056032915039062464
2025,13,10,QB,3,3,0.03361974902343748,0.08965266406249994
2025,13,10,RB,1,3,0.0658598515624999,0.0658598515624999
2025,13,10,RB,2,3,0.09878977734374986,0.16464962890624976
2025,13,10,RB,3,3,0.09878977734374986,0.2634394062499996
2025,13,10,WR,1,4,0.04010737402343739,0.04010737402343739
2025,13,10,WR,2,4,0.01460538671874996,0.05471276074218735
2025,13,10,WR,3,4,0.02886613671874995,0.0835788974609373
2025,13,10,WR,4,4,0.03234516503906246,0.11592406249999976
2025,13,10,TE,1,1,0.032326695312499876,0.032326695312499876
2025,13,11,QB,1,4,0.06559474780273442,0.06559474780273442
2025,13,11,QB,2,4,0.14179002783203132,0.2073847756347657
2025,13,11,QB,3,4,0.08423040234375004,0.29161517797851577
2025,13,11,QB,4,4,0.08588306420898442,0.37749824218750017
2025,13,11,RB,1,1,0.0,0.0
2025,13,11,WR,1,3,0.01930484130859369,0.01930484130859369
2025,13,11,WR,2,3,0.015168089599609327,0.03447293090820301
2025,13,11,WR,3,3,0.009652420654296844,0.04412535156249986
2025,13,12,RB,1,3,0.0,0.0
2025,13,12,RB,2,3,0.0,0.0
2025,13,12,RB,3,3,0.0,0.0
2025,13,12,WR,1,3,0.05692363476562497,0.05692363476562497
2025,13,12,WR,2,3,0.10435999707031243,0.1612836318359374
2025,13,12,WR,3,3,0.1423090869140624,0.3035927187499998
2025,13,12,TE,1,3,0.017701364746093712,0.017701364746093712
2025,13,12,TE,2,3,0.021241637695312454,0.038943002441406166
2025,13,12,TE,3,3,0.017701364746093712,0.05664436718749988
2025,14,1,RB,1,3,0.0,0.0
2025,14,1,RB,2,3,0.0,0.0
2025,14,1,RB,3,3,0.0,0.0
2025,14,1,WR,1,3,0.0,0.0
2025,14,1,WR,2,3,0.0,0.0
2025,14,1,WR,3,3,0.0,0.0
2025,14,1,TE,1,3,0.07000938964843752,0.07000938964843752
2025,14,1,TE,2,3,0.07701032861328128,0.14701971826171878
2025,14,1,TE,3,3,0.07701032861328128,0.22403004687500006
2025,14,2,RB,1,4,0.0,0.0
2025,14,2,RB,2,4,0.0,0.0
2025,14,2,RB,3,4,0.0,0.0
2025,14,2,RB,4,4,0.0,0.0
2025,14,2,WR,1,3,0.03665288232421876,0.03665288232421876
2025,14,2,WR,2,3,0.06108813720703127,0.09774101953125003
2025,14,2,WR,3,3,0.09774101953125003,0.19548203906250006
2025,14,3,QB,1,2,0.0,0.0
2025,14,3,QB,2,2,0.0,0.0
2025,14,3,RB,1,6,0.0,0.0
2025,14,3,RB,2,6,0.0,0.0
2025,14,3,RB,3,6,0.0,0.0
2025,14,3,RB,4,6,0.0,0.0
2025,14,3,RB,5,6,0.0,0.0
2025,14,3,RB,6,6,0.0,0.0
2025,14,4,QB,1,3,0.046780556152343736,0.046780556152343736
2025,14,4,QB,2,3,0.03827500048828124,0.08505555664062497
2025,14,4,QB,3,3,0.051033333984374984,0.13608889062499996
2025,14,4,RB,1,4,0.0,0.0
2025,14,4,RB,2,4,0.0,0.0
2025,14,4,RB,3,4,0.0,0.0
2025,14,4,RB,4,4,0.0,0.0
2025,14,4,WR,1,2,0.0,0.0
2025,14,4,WR,2,2,0.0,0.0
2025,14,4,TE,1,2,0.0979444423828125,0.0979444423828125
2025,14,4,TE,2,2,0.0761790107421875,0.174123453125
2025,14,5,QB,1,1,0.0,0.0
2025,14,5,RB,1,3,0.0006069287109375099,0.0006069287109375099
2025,14,5,RB,2,3,0.0011271533203125184,0.0017340820312500282
2025,14,5,RB,3,3,0.001040449218750017,0.002774531250000045
2025,14,5,WR,1,3,0.0,0.0
2025,14,5,WR,2,3,0.0,0.0
2025,14,5,WR,3,3,0.0,0.0
2025,14,5,TE,1,1,0.0,0.0
2025,14,6,QB,1,2,0.05921346142578118,0.05921346142578118
2025,14,6,QB,2,2,0.07613159326171867,0.13534505468749986
2025,14,6,RB,1,1,0.0,0.0
2025,14,6,WR,1,4,0.0,0.0
2025,14,6,WR,2,4,0.0,0.0
2025,14,6,WR,3,4,0.0,0.0
2025,14,6,WR,4,4,0.0,0.0
2025,14,7,QB,1,1,0.0,0.0
2025,14,7,RB,1,2,0.03479905078125012,0.03479905078125012
2025,14,7,RB,2,2,0.03479905078125012,0.06959810156250024
2025,14,7,WR,1,6,0.04236750683593743,0.04236750683593743
2025,14,7,WR,2,6,0.03512681713867182,0.07749432397460926
2025,14,7,WR,3,6,0.01911246459960935,0.0966067885742186
2025,14,7,WR,4,6,0.027959567138671856,0.12456635571289046
2025,14,7,WR,5,6,0.030855129150390584,0.15542148486328106
2025,14,7,WR,6,6,0.020784999511718708,0.17620648437499975
2025,14,8,QB,1,2,0.0,0.0
2025,14,8,QB,2,2,0.0,0.0
2025,14,8,RB,1,2,0.10546190332031244,0.10546190332031244
2025,14,8,RB,2,2,0.08202592480468744,0.18748782812499987
2025,14,8,WR,1,5,0.01149668066406248,0.01149668066406248
2025,14,8,WR,2,5,0.01724502099609372,0.028741701660156202
2025,14,8,WR,3,5,0.01724502099609372,0.04598672265624992
2025,14,8,WR,4,5,0.02011919116210934,0.06610591381835926
2025,14,8,WR,5,5,0.025867531494140582,0.09197344531249985
2025,14,9,QB,1,1,0.0,0.0
2025,14,9,RB,1,2,0.03886099121093747,0.03886099121093747
2025,14,9,RB,2,2,0.017664086914062488,0.05652507812499996
2025,14,9,WR,1,6,0.00021851586914060916,0.00021851586914060916
2025,14,9,WR,2,6,0.0002497324218749819,0.00046824829101559107
2025,14,9,WR,3,6,0.00018729931640623643,0.0006555476074218275
2025,14,9,WR,4,6,6.243310546874548e-05,0.000717980712890573
2025,14,9,WR,5,6,0.00012486621093749095,0.0008428469238280639
2025,14,9,WR,6,6,0.0001560827636718637,0.0009989296874999276
2025,14,10,QB,1,4,0.019611520263671814,0.019611520263671814
2025,14,10,QB,2,4,0.014008228759765581,0.033619749023437395
2025,14,10,QB,3,4,0.03081810327148428,0.06443785229492167
2025,14,10,QB,4,4,0.025214811767578046,0.08965266406249972
2025,14,10,RB,1,3,0.10772083300781252,0.10772083300781252
2025,14,10,RB,2,3,0.14362777734375004,0.25134861035156253
2025,14,10,RB,3,3,0.13165879589843754,0.38300740625000007
2025,14,10,WR,1,4,0.0,0.0
2025,14,10,WR,2,4,0.0,0.0
2025,14,10,WR,3,4,0.0,0.0
2025,14,10,WR,4,4,0.0,0.0
2025,14,10,TE,1,1,0.032326695312499876,0.032326695312499876
2025,14,11,QB,1,4,0.14427621484375006,0.14427621484375006
2025,14,11,QB,2,4,0.09900102929687504,0.2432772441406251
2025,14,11,QB,3,4,0.09900102929687504,0.34227827343750017
2025,14,11,QB,4,4,0.09656047656250005,0.43883875000000017
2025,14,11,RB,1,1,0.0,0.0
2025,14,11,WR,1,3,0.016547006835937447,0.016547006835937447
2025,14,11,WR,2,3,0.005515668945312482,0.02206267578124993
2025,14,11,WR,3,3,0.02206267578124993,0.04412535156249986
2025,14,11,TE,1,1,0.21542989062499984,0.21542989062499984
2025,14,12,RB,1,5,0.004092884765625027,0.004092884765625027
2025,14,12,RB,2,5,0.004775032226562531,0.008867916992187558
2025,14,12,RB,3,5,0.004775032226562531,0.013642949218750089
2025,14,12,RB,4,5,0.004092884765625027,0.017735833984375116
2025,14,12,RB,5,5,0.004092884765625027,0.021828718750000142
2025,14,12,WR,1,2,0.0037472460937499896,0.0037472460937499896
2025,14,12,WR,2,2,0.0037472460937499896,0.007494492187499979
2025,14,12,TE,1,3,0.020452121093749945,0.020452121093749945
2025,14,12,TE,2,3,0.03973983544921865,0.06019195654296859
2025,14,12,TE,3,3,0.039829949707031145,0.10002190624999974
2025,15,1,RB,1,3,0.005736436523437555,0.005736436523437555
2025,15,1,RB,2,3,0.006373818359375061,0.012110254882812616
2025,15,1,RB,3,3,0.008285963867187579,0.020396218750000195
2025,15,1,WR,1,3,0.0,0.0
2025,15,1,WR,2,3,0.0,0.0
2025,15,1,WR,3,3,0.0,0.0
2025,15,1,TE,1,3,0.07000938964843752,0.07000938964843752
2025,15,1,TE,2,3,0.09801314550781252,0.16802253515625004
2025,15,1,TE,3,3,0.056007511718750014,0.22403004687500006
2025,15,2,RB,1,4,0.0,0.0
2025,15,2,RB,2,4,0.0,0.0
2025,15,2,RB,3,4,0.0,0.0
2025,15,2,RB,4,4,0.0,0.0
2025,15,2,WR,1,3,0.05497932348632814,0.05497932348632814
2025,15,2,WR,2,3,0.048870509765625014,0.10384983325195316
2025,15,2,WR,3,3,0.0916322058105469,0.19548203906250006
2025,15,2,TE,1,1,0.0,0.0
2025,15,3,QB,1,2,0.0,0.0
2025,15,3,QB,2,2,0.0,0.0
2025,15,3,RB,1,7,0.04997509326171883,0.04997509326171883
2025,15,3,RB,2,7,0.058132451416015724,0.10810754467773456
2025,15,3,RB,3,7,0.041274556884765695,0.14938210156250026
2025,15,3,RB,4,7,0.032653103027343804,0.18203520458984404
2025,15,3,RB,5,7,0.040620554443359436,0.2226557590332035
2025,15,3,RB,6,7,0.02468565161132817,0.2473414106445317
2025,15,3,RB,7,7,0.016815753417968787,0.26415716406250045
2025,15,3,TE,1,1,0.2470290156249999,0.2470290156249999
2025,15,4,QB,1,3,0.03827500048828124,0.03827500048828124
2025,15,4,QB,2,3,0.06804444531249998,0.10631944580078122
2025,15,4,QB,3,3,0.02976944482421874,0.13608889062499996
2025,15,4,RB,1,4,0.0,0.0
2025,15,4,RB,2,4,0.0,0.0
2025,15,4,RB,3,4,0.0,0.0
2025,15,4,RB,4,4,0.0,0.0
2025,15,4,WR,1,2,0.026868061035156265,0.026868061035156265
2025,15,4,WR,2,2,0.03926870458984377,0.06613676562500004
2025,15,4,TE,1,2,0.11329141967773435,0.11329141967773435
2025,15,4,TE,2,2,0.07751518188476561,0.19080660156249996
2025,15,5,QB,1,1,0.0,0.0
2025,15,5,RB,1,3,0.009601797363281248,0.009601797363281248
2025,15,5,RB,2,3,0.014760236816406223,0.02436203417968747
2025,15,5,RB,3,3,0.02314817675781245,0.04751021093749992
2025,15,5,WR,1,3,0.0,0.0
2025,15,5,WR,2,3,0.0,0.0
2025,15,5,WR,3,3,0.0,0.0
2025,15,5,TE,1,1,0.0,0.0
2025,15,6,QB,1,2,0.0777544179687499,0.0777544179687499
2025,15,6,QB,2,2,0.0777544179687499,0.1555088359374998
2025,15,6,RB,1,1,0.09068290624999986,0.09068290624999986
2025,15,6,WR,1,5,0.013907858886718734,0.013907858886718734
2025,15,6,WR,2,5,0.010942034179687482,0.024849893066406215
2025,15,6,WR,3,5,0.005378890624999988,0.030228783691406205
2025,15,6,WR,4,5,0.008783454589843738,0.039012238281249945
2025,15,6,WR,5,5,0.009002824218749986,0.04801506249999993
2025,15,7,QB,1,2,0.12448187329101566,0.12448187329101566
2025,15,7,QB,2,2,0.10983694702148442,0.23431882031250006
2025,15,7,RB,1,2,0.0,0.0
2025,15,7,RB,2,2,0.0,0.0
2025,15,7,WR,1,6,0.014866895996093726,0.014866895996093726
2025,15,7,WR,2,6,0.00637152685546874,0.021238422851562466
2025,15,7,WR,3,6,0.016990738281249973,0.03822916113281244
2025,15,7,WR,4,6,0.004247684570312493,0.04247684570312493
2025,15,7,WR,5,6,0.01911458056640622,0.06159142626953115
2025,15,7,WR,6,6,0.00637152685546874,0.06796295312499989
2025,15,8,QB,1,2,0.0,0.0
2025,15,8,QB,2,2,0.0,0.0
2025,15,8,RB,1,1,0.0,0.0
2025,15,8,WR,1,6,0.00574834033203124,0.00574834033203124
2025,15,8,WR,2,6,0.01149668066406248,0.01724502099609372
2025,15,8,WR,3,6,0.01724502099609372,0.03449004199218744
2025,15,8,WR,4,6,0.028741701660156202,0.06323174365234364
2025,15,8,WR,5,6,0.025867531494140582,0.08909927514648422
2025,15,8,WR,6,6,0.00287417016601562,0.09197344531249985
2025,15,9,QB,1,2,0.0,0.0
2025,15,9,QB,2,2,0.0,0.0
2025,15,9,RB,1,3,0.13668067871093742,0.13668067871093742
2025,15,9,RB,2,3,0.11609783325195307,0.2527785119628905
2025,15,9,RB,3,3,0.07982199584960933,0.33260050781249983
2025,15,9,WR,1,5,0.0,0.0
2025,15,9,WR,2,5,0.0,0.0
2025,15,9,WR,3,5,0.0,0.0
2025,15,9,WR,4,5,0.0,0.0
2025,15,9,WR,5,5,0.0,0.0
2025,15,9,TE,1,1,0.0,0.0
2025,15,10,QB,1,3,0.003771986572265594,0.003771986572265594
2025,15,10,QB,2,3,0.004191096191406216,0.00796308276367181
2025,15,10,QB,3,3,0.00544842504882808,0.01341150781249989
2025,15,10,RB,1,2,0.0,0.0
2025,15,10,RB,2,2,0.0,0.0
2025,15,10,WR,1,5,0.0,0.0
2025,15,10,WR,2,5,0.0,0.0
2025,15,10,WR,3,5,0.0,0.0
2025,15,10,WR,4,5,0.0,0.0
2025,15,10,WR,5,5,0.0,0.0
2025,15,10,TE,1,2,0.09106984960937498,0.09106984960937498
2025,15,10,TE,2,2,0.08573300976562498,0.17680285937499995
2025,15,11,QB,1,3,0.22637340795898436,0.22637340795898436
2025,15,11,QB,2,3,0.2663965246582031,0.4927699326171875
2025,15,11,QB,3,3,0.16019835644531255,0.6529682890625
2025,15,11,RB,1,1,0.0,0.0
2025,15,11,WR,1,3,0.008273503417968724,0.008273503417968724
2025,15,11,WR,2,3,0.02206267578124993,0.030336179199218653
2025,15,11,WR,3,3,0.013789172363281206,0.04412535156249986
2025,15,11,TE,1,2,0.11444712939453117,0.11444712939453117
2025,15,11,TE,2,2,0.10098276123046868,0.21542989062499984
2025,15,12,RB,1,4,0.05580401367187505,0.05580401367187505
2025,15,12,RB,2,4,0.02232160546875002,0.07812561914062507
2025,15,12,RB,3,4,0.05022361230468754,0.12834923144531263
2025,15,12,RB,4,4,0.05022361230468754,0.17857284375000015
2025,15,12,WR,1,3,0.0,0.0
2025,15,12,WR,2,3,0.0,0.0
2025,15,12,WR,3,3,0.0,0.0
2025,15,12,TE,1,2,0.04408393920898425,0.04408393920898425
2025,15,12,TE,2,2,0.0382868186035155,0.08237075781249975
